"feature"	"metadata"	"value"	"name"	"coef"	"null_hypothesis"	"stderr"	"pval_individual"	"qval_individual"	"pval_joint"	"qval_joint"	"error"	"model"	"N"	"N_not_zero"
"Hydrogenoanaerobacterium"	"TimeNW"	"TimeNW"	"TimeNW"	-4.18284278525247	-0.0653625359736858	0.824150425169438	0.000194077152517286	0.147595674489396	0.000388116639093444	0.172129729437942	NA	"abundance"	205	23
"Erysipelatoclostridium"	"Location"	"Center"	"LocationCenter"	-4.28956361884184	0	1.1121851143502	0.000114843887766298	0.147595674489396	0.000229674586414038	0.172129729437942	NA	"prevalence"	205	97
"Hydrogenoanaerobacterium"	"Location"	"Center"	"LocationCenter"	-12.0000981239744	-0.366942410777038	2.68820564269336	0.00064036598012829	0.324665551925043	0.00128032189166807	0.283911379477395	NA	"abundance"	205	23
"Enterorhabdus"	"FIScore"	"FIScore"	"FIScore"	-4.79534290010622	0	1.45807390168986	0.00100608272419566	0.382562955875399	0.00100608272419566	0.283911379477395	NA	"prevalence"	205	9
"[Eubacterium]_brachy_group"	"Location"	"Center"	"LocationCenter"	-1.60818010547506	0	0.54801657836236	0.00334035550581648	0.597687372906557	0.00666955303672772	0.695872760983349	NA	"prevalence"	205	24
"Desulfovibrio"	"Location"	"Center"	"LocationCenter"	6.30507587697424	0	2.16165371531578	0.00353661167400329	0.597687372906557	0.00706071572587389	0.695872760983349	NA	"prevalence"	205	76
"Paraprevotella"	"Location"	"Center"	"LocationCenter"	7.9526949351346	0	2.65295961913704	0.00272052930666412	0.597687372906557	0.00543365733361981	0.695872760983349	NA	"prevalence"	205	66
"Phascolarctobacterium"	"Age"	"Age"	"Age"	3.60047887053212	0	1.20608673815887	0.00283340165473817	0.597687372906557	0.00565877514453926	0.695872760983349	NA	"prevalence"	205	118
"Sutterella"	"Location"	"Center"	"LocationCenter"	6.39593789802268	0	2.17221293998419	0.0032354581912395	0.597687372906557	0.00646044819277175	0.695872760983349	NA	"prevalence"	205	71
"Peptococcus"	"Age"	"Age"	"Age"	2.33383370133253	0	0.827496101998778	0.00479703791811175	0.729629467344797	0.00957106426343569	0.82405790284544	NA	"prevalence"	205	53
"Prevotella_9"	"TimeNW"	"TimeNW"	"TimeNW"	-4.33188550199207	-0.0653625359736858	1.15507544432698	0.00770845219011716	0.736094033516172	0.015357484145067	0.82405790284544	NA	"abundance"	205	28
"Barnesiella"	"Location"	"Center"	"LocationCenter"	7.63257718971231	0	2.82583581411012	0.00691317316092312	0.736094033516172	0.0137785543586933	0.82405790284544	NA	"prevalence"	205	96
"Clostridium_sensu_stricto_1"	"Age"	"Age"	"Age"	1.57428205576891	0	0.579830771187903	0.00662614443257438	0.736094033516172	0.0132083830751074	0.82405790284544	NA	"prevalence"	205	86
"Erysipelatoclostridium"	"TimeNW"	"TimeNW"	"TimeNW"	-1.36674705434509	0	0.499916756788244	0.00625796844201682	0.736094033516172	0.0124767747150124	0.82405790284544	NA	"prevalence"	205	97
"Gastranaerophilales"	"Age"	"Age"	"Age"	1.34503334275	0	0.50546638317533	0.00779147722883536	0.736094033516172	0.0155222473402633	0.82405790284544	NA	"prevalence"	205	38
"Lachnospiraceae_FCS020_group"	"Location"	"Center"	"LocationCenter"	-2.87052123783406	0	1.05601790075509	0.00656281213164221	0.736094033516172	0.0130825537602092	0.82405790284544	NA	"prevalence"	205	34
"RF39"	"Sex"	"Female"	"SexFemale"	-6.60551821073336	0	2.49962852850765	0.00822721799459232	0.736094033516172	0.0163867488732541	0.82405790284544	NA	"prevalence"	205	28
"Erysipelatoclostridium"	"Age"	"Age"	"Age"	1.24442508071456	0	0.475477672634244	0.00886516943306347	0.749106817093863	0.01765174763705	0.82405790284544	NA	"prevalence"	205	97
"[Clostridium]_innocuum_group"	"Age"	"Age"	"Age"	-0.644487395407746	0.0217147887600172	0.270656918180204	0.0243961321827249	0.790988339986153	0.0481970930999728	0.830253550381854	NA	"abundance"	205	108
"[Eubacterium]_hallii_group"	"Location"	"Center"	"LocationCenter"	-1.46612525035988	-0.366942410777038	0.326618333936376	0.0253860119010418	0.790988339986153	0.0501275742018438	0.830253550381854	NA	"abundance"	205	178
"Akkermansia"	"Location"	"Center"	"LocationCenter"	2.24779635065515	-0.366942410777038	1.04494921362216	0.0238001208101059	0.790988339986153	0.0405231385871363	0.830253550381854	NA	"abundance"	205	141
"Alloprevotella"	"TimeNW"	"TimeNW"	"TimeNW"	-4.23876881055496	-0.0653625359736858	1.00060375703661	0.023790439139686	0.790988339986153	0.047014893284913	0.830253550381854	NA	"abundance"	205	37
"Butyricimonas"	"Location"	"Center"	"LocationCenter"	1.19284881274899	-0.366942410777038	0.523825868453496	0.0232281452827306	0.790988339986153	0.0459167438321855	0.830253550381854	NA	"abundance"	205	95
"Clostridia_vadinBB60_group"	"Location"	"Center"	"LocationCenter"	1.76975164494524	-0.366942410777038	0.755258906535674	0.0199373798294033	0.790988339986153	0.0394772605443448	0.830253550381854	NA	"abundance"	205	70
"Fusobacterium"	"Location"	"Center"	"LocationCenter"	2.91188452525105	-0.366942410777038	1.17566996627261	0.0214955050899621	0.790988339986153	0.0425289534408515	0.830253550381854	NA	"abundance"	205	17
"Hydrogenoanaerobacterium"	"Age"	"Age"	"Age"	-0.459637656939157	0.0217147887600172	0.179569592083703	0.0266881768112773	0.790988339986153	0.0526640948410447	0.830253550381854	NA	"abundance"	205	23
"Intestinibacter"	"Age"	"Age"	"Age"	-0.813938126975608	0.0217147887600172	0.328079708904219	0.0200437069094588	0.790988339986153	0.0396856636322454	0.830253550381854	NA	"abundance"	205	110
"Odoribacter"	"Location"	"Center"	"LocationCenter"	2.43091462323513	-0.366942410777038	1.01198870504849	0.0151927808477013	0.790988339986153	0.0301547411055163	0.830253550381854	NA	"abundance"	205	119
"Prevotella_9"	"Location"	"Center"	"LocationCenter"	-9.16966003611956	-0.366942410777038	3.03189708083865	0.027042336409783	0.790988339986153	0.0533533848610661	0.830253550381854	NA	"abundance"	205	28
"Veillonella"	"Sex"	"Female"	"SexFemale"	-4.7429910297213	0.120634302437176	1.5603094052927	0.0100991426855925	0.790988339986153	0.0200962926882011	0.830253550381854	NA	"abundance"	205	43
"[Eubacterium]_ventriosum_group"	"TimeNW"	"TimeNW"	"TimeNW"	-1.47753189551211	0	0.650187854304741	0.0230581841605807	0.790988339986153	0.0455846884643781	0.830253550381854	NA	"prevalence"	205	83
"[Eubacterium]_xylanophilum_group"	"Age"	"Age"	"Age"	1.1085304582781	0	0.471984181141734	0.0188410926052772	0.790988339986153	0.0373271984399937	0.830253550381854	NA	"prevalence"	205	112
"[Ruminococcus]_gnavus_group"	"Location"	"Center"	"LocationCenter"	-2.48037168994788	0	1.10377936281313	0.0246296381551645	0.790988339986153	0.0486526572346747	0.830253550381854	NA	"prevalence"	205	79
"Akkermansia"	"Location"	"Center"	"LocationCenter"	3.20974543282193	0	1.3849440153616	0.0204711023084293	0.790988339986153	0.0405231385871363	0.830253550381854	NA	"prevalence"	205	141
"Barnesiella"	"TimeNW"	"TimeNW"	"TimeNW"	-4.67851535536219	0	1.88280471778498	0.0129600608877733	0.790988339986153	0.0257521585973319	0.830253550381854	NA	"prevalence"	205	96
"Bilophila"	"TimeNW"	"TimeNW"	"TimeNW"	2.08991293901434	0	0.823265578525433	0.0111308218538673	0.790988339986153	0.0221377485125921	0.830253550381854	NA	"prevalence"	205	142
"Butyricimonas"	"Age"	"Age"	"Age"	2.55385130588809	0	1.14954425239591	0.0263089497982419	0.790988339986153	0.0519257387569975	0.830253550381854	NA	"prevalence"	205	95
"CAG-56"	"Sex"	"Female"	"SexFemale"	-5.03585869741623	0	2.1716291564103	0.0203987647944084	0.790988339986153	0.0403814199836793	0.830253550381854	NA	"prevalence"	205	32
"Desulfovibrio"	"Sex"	"Female"	"SexFemale"	-4.46064043777654	0	1.9083474057173	0.0194165111727989	0.790988339986153	0.0384560214394744	0.830253550381854	NA	"prevalence"	205	76
"Desulfovibrio"	"TimeNW"	"TimeNW"	"TimeNW"	2.20477405000363	0	0.952781986233699	0.0206656189085904	0.790988339986153	0.0409041700123057	0.830253550381854	NA	"prevalence"	205	76
"Dialister"	"Age"	"Age"	"Age"	-2.32836356151472	0	1.0413200941442	0.0253535431840882	0.790988339986153	0.0500642842161889	0.830253550381854	NA	"prevalence"	205	78
"Eisenbergiella"	"TimeNW"	"TimeNW"	"TimeNW"	-1.33929495801976	0	0.547436504639702	0.0144256974664052	0.790988339986153	0.0286432941854181	0.830253550381854	NA	"prevalence"	205	99
"Enterorhabdus"	"TimeNW"	"TimeNW"	"TimeNW"	1.92705627648086	0	0.8516770025061	0.0236565991624963	0.790988339986153	0.0236565991624963	0.830253550381854	NA	"prevalence"	205	9
"Eubacterium"	"Location"	"Center"	"LocationCenter"	4.37756704648755	0	1.77872356613215	0.0138522502754766	0.790988339986153	0.0275126157132588	0.830253550381854	NA	"prevalence"	205	30
"Family_XIII_UCG-001"	"FIScore"	"FIScore"	"FIScore"	1.11091938458375	0	0.474110449109997	0.0191208844565072	0.790988339986153	0.0378761606906152	0.830253550381854	NA	"prevalence"	205	35
"Gastranaerophilales"	"Sex"	"Female"	"SexFemale"	-2.14479306921883	0	0.940663675120936	0.0226026518762562	0.790988339986153	0.0446944238806732	0.830253550381854	NA	"prevalence"	205	38
"Holdemania"	"TimeNW"	"TimeNW"	"TimeNW"	-0.82127030704274	0	0.367172827989759	0.0253033103119424	0.790988339986153	0.0499663631111423	0.830253550381854	NA	"prevalence"	205	65
"Lachnospiraceae_UCG-001"	"Location"	"Center"	"LocationCenter"	-3.39327767827812	0	1.36317298598006	0.0128013092987774	0.790988339986153	0.0254387450777919	0.830253550381854	NA	"prevalence"	205	59
"Phascolarctobacterium"	"TimeNW"	"TimeNW"	"TimeNW"	2.00935467085709	0	0.900763477745107	0.0256994196068402	0.790988339986153	0.0507383790455519	0.830253550381854	NA	"prevalence"	205	118
"UCG-008"	"Sex"	"Female"	"SexFemale"	-2.67333598392812	0	1.17759017767735	0.0231969567967153	0.790988339986153	0.0231969567967153	0.830253550381854	NA	"prevalence"	205	6
"Veillonella"	"Location"	"Center"	"LocationCenter"	-3.4059232657405	0	1.35303294443519	0.0118274603395506	0.790988339986153	0.0235150318610175	0.830253550381854	NA	"prevalence"	205	43
"Victivallaceae"	"Sex"	"Female"	"SexFemale"	-5.87102078698876	0	2.46874303160451	0.0174001372433255	0.790988339986153	0.0174001372433255	0.82405790284544	NA	"prevalence"	205	21
"Alistipes"	"Sex"	"Female"	"SexFemale"	-0.780581766616811	0.120634302437176	0.3644572774314	0.0311206096207143	0.794208704278951	0.0612727268982638	0.862681091408888	NA	"abundance"	205	184
"Bilophila"	"FIScore"	"FIScore"	"FIScore"	0.324522986486409	-0.109824456238188	0.178191989103177	0.0309204068318765	0.794208704278951	0.0593634307330378	0.849280049358137	NA	"abundance"	205	142
"Parasutterella"	"Location"	"Center"	"LocationCenter"	-2.19827284282833	-0.366942410777038	0.654073295230857	0.0317092495387769	0.794208704278951	0.0624130225712415	0.8650054846983	NA	"abundance"	205	62
"Bilophila"	"FIScore"	"FIScore"	"FIScore"	1.56832727606542	0	0.723297796038375	0.0301357985434444	0.794208704278951	0.0593634307330378	0.849280049358137	NA	"prevalence"	205	142
"Butyricimonas"	"Location"	"Center"	"LocationCenter"	5.79070733644341	0	2.66324243122765	0.0296820680332415	0.794208704278951	0.0459167438321855	0.830253550381854	NA	"prevalence"	205	95
"Enterorhabdus"	"Location"	"Center"	"LocationCenter"	3.73373319244458	0	1.73964273885956	0.0318518941229559	0.794208704278951	0.0318518941229559	0.830253550381854	NA	"prevalence"	205	9
"Porphyromonas"	"Location"	"Center"	"LocationCenter"	2.37766128721926	0	1.09136275370665	0.0293601432041797	0.794208704278951	0.0578582683993894	0.849280049358137	NA	"prevalence"	205	26
"Subdoligranulum"	"FIScore"	"FIScore"	"FIScore"	-1.58403869119287	0	0.724540999495422	0.028796216860396	0.794208704278951	0.056763211615321	0.849280049358137	NA	"prevalence"	205	137
"UCG-008"	"FIScore"	"FIScore"	"FIScore"	-1.06066901099393	0	0.48880502339884	0.0300127186551648	0.794208704278951	0.0300127186551648	0.830253550381854	NA	"prevalence"	205	6
"Fournierella"	"Location"	"Center"	"LocationCenter"	-4.3657933368351	-0.366942410777038	1.24057968044913	0.0340631442308029	0.815460436314924	0.0669659906667173	0.883092238873622	NA	"abundance"	205	21
"Fournierella"	"TimeNW"	"TimeNW"	"TimeNW"	-4.79496153212243	-0.0653625359736858	1.57870982112786	0.0332701135572987	0.815460436314924	0.0654333266584818	0.883092238873622	NA	"abundance"	205	21
"Tannerellaceae"	"Age"	"Age"	"Age"	2.57141228977681	0	1.21500568274591	0.0343126021855063	0.815460436314924	0.0674478497022719	0.883092238873622	NA	"prevalence"	205	86
"Monoglobus"	"Sex"	"Female"	"SexFemale"	1.12839495202124	0.120634302437176	0.425431482422421	0.0353917590124817	0.823013191333484	0.0695309414189658	0.893825290414821	NA	"abundance"	205	168
"Veillonella"	"Sex"	"Female"	"SexFemale"	2.96313391364511	0	1.41089211325411	0.0357126039631887	0.823013191333484	0.0200962926882011	0.830253550381854	NA	"prevalence"	205	43
"UC5-1-2E3"	"TimeNW"	"TimeNW"	"TimeNW"	-1.47252051422783	-0.0653625359736858	0.33268488432682	0.0370489672730215	0.838612699909649	0.0727253085700455	0.919216459769492	NA	"abundance"	205	37
"Incertae_Sedis"	"Age"	"Age"	"Age"	1.03868175068862	0	0.499279007949512	0.0374922180104248	0.838612699909649	0.0735787696095084	0.919216459769492	NA	"prevalence"	205	180
"[Eubacterium]_fissicatena_group"	"TimeNW"	"TimeNW"	"TimeNW"	1.47051146724667	-0.0653625359736858	0.638176324715832	0.0500863393082432	0.850581548632962	0.097664037231186	0.93843919025082	NA	"abundance"	205	35
"Actinomyces"	"Age"	"Age"	"Age"	-0.708610424269474	0.0217147887600172	0.330884765588084	0.0455616073451321	0.850581548632962	0.0890473546263921	0.93843919025082	NA	"abundance"	205	41
"Christensenellaceae_R-7_group"	"Location"	"Center"	"LocationCenter"	1.30419478930106	-0.366942410777038	0.704772380187021	0.0416854258912213	0.850581548632962	0.0816331770507102	0.93843919025082	NA	"abundance"	205	143
"Clostridia_vadinBB60_group"	"Sex"	"Female"	"SexFemale"	-1.43431977696016	0.120634302437176	0.712138416769148	0.0494374773332044	0.850581548632962	0.0964308905013376	0.93843919025082	NA	"abundance"	205	70
"Fusobacterium"	"FIScore"	"FIScore"	"FIScore"	-1.89211244695033	-0.109824456238188	0.78598030302368	0.0452295699588279	0.850581548632962	0.0884134259189953	0.93843919025082	NA	"abundance"	205	17
"Prevotella_9"	"FIScore"	"FIScore"	"FIScore"	-2.47968348521351	-0.109824456238188	0.892294169452585	0.0424837215543385	0.850581548632962	0.0831625765115704	0.93843919025082	NA	"abundance"	205	28
"Unknown"	"Age"	"Age"	"Age"	0.263750783051076	0.0217147887600172	0.0897778603912588	0.0483814787898098	0.850581548632962	0.0483814787898098	0.830253550381854	NA	"abundance"	205	205
"[Eubacterium]_fissicatena_group"	"Sex"	"Female"	"SexFemale"	2.46504640846203	0	1.20236942839989	0.0403490875740614	0.850581548632962	0.0790701262800635	0.93843919025082	NA	"prevalence"	205	35
"[Eubacterium]_hallii_group"	"Sex"	"Female"	"SexFemale"	-3.21515375518397	0	1.66643143841966	0.053685620426538	0.850581548632962	0.104489095012494	0.951333957524848	NA	"prevalence"	205	178
"[Ruminococcus]_gauvreauii_group"	"Age"	"Age"	"Age"	1.60978061718923	0	0.827634372424903	0.0517703594902213	0.850581548632962	0.100860548858696	0.951333957524848	NA	"prevalence"	205	123
"CAG-352"	"Sex"	"Female"	"SexFemale"	-3.19198296841641	0	1.63192934295401	0.050470266928291	0.850581548632962	0.0983932860127691	0.93843919025082	NA	"prevalence"	205	26
"CAG-56"	"Age"	"Age"	"Age"	1.9739326628464	0	1.00867020316361	0.0503515393238734	0.850581548632962	0.0981678011354632	0.93843919025082	NA	"prevalence"	205	32
"Collinsella"	"Location"	"Center"	"LocationCenter"	4.09102197773876	0	2.11652849815995	0.0532494467866787	0.850581548632962	0.10366338999027	0.951333957524848	NA	"prevalence"	205	124
"Defluviitaleaceae_UCG-011"	"FIScore"	"FIScore"	"FIScore"	0.90592408069333	0	0.441316954788164	0.0400944770535332	0.850581548632962	0.0785813870168701	0.93843919025082	NA	"prevalence"	205	18
"DTU089"	"Age"	"Age"	"Age"	-1.24734511730167	0	0.624236775092798	0.0456958160282309	0.850581548632962	0.0893035244539759	0.93843919025082	NA	"prevalence"	205	38
"Enterococcus"	"Age"	"Age"	"Age"	2.25448164830238	0	1.12450141077551	0.0449767084481282	0.850581548632962	0.0449767084481282	0.830253550381854	NA	"prevalence"	205	12
"Erysipelotrichaceae_UCG-003"	"FIScore"	"FIScore"	"FIScore"	-2.46767616141898	0	1.25264397854678	0.0488413419771274	0.850581548632962	0.0952972072681282	0.93843919025082	NA	"prevalence"	205	49
"Family_XIII_AD3011_group"	"FIScore"	"FIScore"	"FIScore"	0.668157587624156	0	0.331738174725445	0.0439978553297642	0.850581548632962	0.0860598993859095	0.93843919025082	NA	"prevalence"	205	75
"Holdemanella"	"FIScore"	"FIScore"	"FIScore"	-8.02454933962068	0	4.01003819020182	0.0453799507462808	0.850581548632962	0.0887005615628268	0.93843919025082	NA	"prevalence"	205	29
"Holdemanella"	"Location"	"Center"	"LocationCenter"	11.6840731994125	0	5.96756733932488	0.0502383435542667	0.850581548632962	0.0979527959454569	0.93843919025082	NA	"prevalence"	205	29
"Hydrogenoanaerobacterium"	"Location"	"Center"	"LocationCenter"	3.89548201541706	0	1.92569729190991	0.0430840495618858	0.850581548632962	0.00128032189166807	0.283911379477395	NA	"prevalence"	205	23
"Intestinibacter"	"Location"	"Center"	"LocationCenter"	-2.04892611533985	0	1.04395177652888	0.0496852793940396	0.850581548632962	0.0969019317996154	0.93843919025082	NA	"prevalence"	205	110
"Ligilactobacillus"	"TimeNW"	"TimeNW"	"TimeNW"	1.68963855147067	0	0.874271311345839	0.0532824162753894	0.850581548632962	0.103725816666635	0.951333957524848	NA	"prevalence"	205	23
"Merdibacter"	"Location"	"Center"	"LocationCenter"	-3.83639593659005	0	1.94502370733807	0.048562133537264	0.850581548632962	0.094765986260837	0.93843919025082	NA	"prevalence"	205	25
"Parabacteroides"	"Location"	"Center"	"LocationCenter"	6.07239627947566	0	3.09138409706792	0.0494956679578	0.850581548632962	0.0965415147690111	0.93843919025082	NA	"prevalence"	205	178
"Porphyromonas"	"TimeNW"	"TimeNW"	"TimeNW"	0.890232690279059	0	0.449132227992135	0.0474661308711138	0.850581548632962	0.0926792281623538	0.93843919025082	NA	"prevalence"	205	26
"Terrisporobacter"	"Location"	"Center"	"LocationCenter"	-4.0835443574623	0	2.09892279096956	0.051709670330021	0.850581548632962	0.051709670330021	0.830253550381854	NA	"prevalence"	205	12
"UCG-008"	"Location"	"Center"	"LocationCenter"	2.97312692179981	0	1.53718498678455	0.053096240771842	0.850581548632962	0.053096240771842	0.830253550381854	NA	"prevalence"	205	6
"UCG-008"	"TimeNW"	"TimeNW"	"TimeNW"	1.09252224287857	0	0.568377427467984	0.0545834401706094	0.855890850510277	0.0545834401706094	0.834750197091906	NA	"prevalence"	205	6
"Gordonibacter"	"Age"	"Age"	"Age"	-0.60902112518161	0.0217147887600172	0.298804616329885	0.0567760750515426	0.865625741717019	0.110328627404827	0.951333957524848	NA	"abundance"	205	24
"Izemoplasmatales"	"Sex"	"Female"	"SexFemale"	-3.12564655772023	0	1.64163059726283	0.0569116200997382	0.865625741717019	0.1105843076971	0.951333957524848	NA	"prevalence"	205	26
"UCG-003"	"Age"	"Age"	"Age"	0.831575437427169	0	0.435515681289821	0.0562099793477481	0.865625741717019	0.109260396917222	0.951333957524848	NA	"prevalence"	205	66
"[Eubacterium]_coprostanoligenes_group"	"Sex"	"Female"	"SexFemale"	0.929547921041831	0.120634302437176	0.445422501478791	0.0993897151455533	0.869012506296827	0.188901114814392	0.951333957524848	NA	"abundance"	205	186
"Agathobacter"	"Location"	"Center"	"LocationCenter"	-1.8220421573699	-0.366942410777038	0.676776679637151	0.0640020277817359	0.869012506296827	0.123907796003298	0.951333957524848	NA	"abundance"	205	142
"Akkermansia"	"Age"	"Age"	"Age"	-0.884371293355076	0.0217147887600172	0.489321601263329	0.0769455643988602	0.869012506296827	0.147970508917061	0.951333957524848	NA	"abundance"	205	141
"Alloprevotella"	"Location"	"Center"	"LocationCenter"	-8.37260579056157	-0.366942410777038	3.16499363117201	0.0797442811754313	0.869012506296827	0.118151446579623	0.951333957524848	NA	"abundance"	205	37
"Anaerofustis"	"Age"	"Age"	"Age"	1.0336651381364	0.0217147887600172	0.446670712384336	0.0753507715588789	0.869012506296827	0.145023804343239	0.951333957524848	NA	"abundance"	205	18
"Bacteroides"	"Location"	"Center"	"LocationCenter"	0.865050695010908	-0.366942410777038	0.533112352493866	0.0588725587545812	0.869012506296827	0.0588725587545812	0.849280049358137	NA	"abundance"	205	200
"Bifidobacterium"	"Age"	"Age"	"Age"	-0.893302162903691	0.0217147887600172	0.477624240326223	0.0688552142019842	0.869012506296827	0.132969387881167	0.951333957524848	NA	"abundance"	205	125
"Butyricicoccus"	"Sex"	"Female"	"SexFemale"	0.807576310265568	0.120634302437176	0.350594898717042	0.0874454127980468	0.869012506296827	0.167244125376673	0.951333957524848	NA	"abundance"	205	151
"Clostridia_UCG-014"	"Sex"	"Female"	"SexFemale"	-1.87097812648345	0.120634302437176	1.09474543243609	0.0899060184603683	0.869012506296827	0.171728944765341	0.951333957524848	NA	"abundance"	205	90
"Collinsella"	"TimeNW"	"TimeNW"	"TimeNW"	0.659281001121406	-0.0653625359736858	0.391134899676462	0.100045331786374	0.869012506296827	0.190081595160502	0.951333957524848	NA	"abundance"	205	124
"Coprobacillus"	"TimeNW"	"TimeNW"	"TimeNW"	-0.862967440691238	-0.0653625359736858	0.414876217602175	0.0870174023139665	0.869012506296827	0.166462776322462	0.951333957524848	NA	"abundance"	205	32
"Coprococcus"	"Location"	"Center"	"LocationCenter"	-1.37270708531655	-0.366942410777038	0.428346593892674	0.0789227131442355	0.869012506296827	0.151616631638424	0.951333957524848	NA	"abundance"	205	115
"Dialister"	"TimeNW"	"TimeNW"	"TimeNW"	-0.892529595029528	-0.0653625359736858	0.39913213137537	0.0762518787787755	0.869012506296827	0.146689408540258	0.951333957524848	NA	"abundance"	205	78
"Dorea"	"FIScore"	"FIScore"	"FIScore"	-0.448068112829034	-0.109824456238188	0.180141381751363	0.092895947496603	0.869012506296827	0.177162237931914	0.951333957524848	NA	"abundance"	205	138
"Faecalibacterium"	"TimeNW"	"TimeNW"	"TimeNW"	-0.605399045409957	-0.0653625359736858	0.234952510499147	0.0705959852201547	0.869012506296827	0.136208177311105	0.951333957524848	NA	"abundance"	205	177
"Family_XIII_AD3011_group"	"FIScore"	"FIScore"	"FIScore"	0.208210740173413	-0.109824456238188	0.164535178780416	0.0898508278702717	0.869012506296827	0.0860598993859095	0.93843919025082	NA	"abundance"	205	75
"Fournierella"	"FIScore"	"FIScore"	"FIScore"	-5.17640405637879	-0.109824456238188	2.26662079841208	0.0800560317228192	0.869012506296827	0.153703095230433	0.951333957524848	NA	"abundance"	205	21
"Fournierella"	"Sex"	"Female"	"SexFemale"	6.34244512586091	0.120634302437176	2.75245411390465	0.0779512056133529	0.869012506296827	0.149826020770131	0.951333957524848	NA	"abundance"	205	21
"Frisingicoccus"	"Age"	"Age"	"Age"	-0.519452071273575	0.0217147887600172	0.280071331590936	0.0762526999045454	0.869012506296827	0.146690925566358	0.951333957524848	NA	"abundance"	205	95
"Gordonibacter"	"FIScore"	"FIScore"	"FIScore"	0.407386305015785	-0.109824456238188	0.267357666999975	0.0791507419747025	0.869012506296827	0.152036643994259	0.951333957524848	NA	"abundance"	205	24
"Intestinibacter"	"TimeNW"	"TimeNW"	"TimeNW"	-0.65870777569549	-0.0653625359736858	0.301022256248512	0.0967131541592262	0.869012506296827	0.184072874131026	0.951333957524848	NA	"abundance"	205	110
"Izemoplasmatales"	"Location"	"Center"	"LocationCenter"	2.01517899663975	-0.366942410777038	0.800356879140542	0.0673413130843497	0.869012506296827	0.130147773720775	0.951333957524848	NA	"abundance"	205	26
"Lachnoclostridium"	"Location"	"Center"	"LocationCenter"	0.845250513715878	-0.366942410777038	0.564505743232449	0.0746134077648792	0.869012506296827	0.14365965491147	0.951333957524848	NA	"abundance"	205	129
"Lachnospira"	"Sex"	"Female"	"SexFemale"	1.0568380005969	0.120634302437176	0.498921631980695	0.0889418459171129	0.869012506296827	0.169973039879082	0.951333957524848	NA	"abundance"	205	119
"Lachnospiraceae_NC2004_group"	"TimeNW"	"TimeNW"	"TimeNW"	0.317929787944565	-0.0653625359736858	0.133581168935116	0.0879096615664228	0.869012506296827	0.168091214536123	0.951333957524848	NA	"abundance"	205	76
"Lachnospiraceae_UCG-004"	"FIScore"	"FIScore"	"FIScore"	0.384406536385327	-0.109824456238188	0.24547383589832	0.0631114012852557	0.869012506296827	0.122239753598323	0.951333957524848	NA	"abundance"	205	37
"Lacticaseibacillus"	"Location"	"Center"	"LocationCenter"	1.00545036335235	-0.366942410777038	0.692907253555145	0.0861166421533671	0.869012506296827	0.164817208250963	0.951333957524848	NA	"abundance"	205	34
"Lacticaseibacillus"	"Sex"	"Female"	"SexFemale"	-1.20436508650831	0.120634302437176	0.750739715820315	0.0960411318980554	0.869012506296827	0.182858364779851	0.951333957524848	NA	"abundance"	205	34
"Oscillibacter"	"Location"	"Center"	"LocationCenter"	0.910220542904546	-0.366942410777038	0.589065439181444	0.09384195104403	0.869012506296827	0.17887759031231	0.951333957524848	NA	"abundance"	205	22
"Porphyromonas"	"FIScore"	"FIScore"	"FIScore"	1.28562057769467	-0.109824456238188	0.775745062623326	0.100239222209232	0.869012506296827	0.190430542749353	0.951333957524848	NA	"abundance"	205	26
"Prevotella_9"	"Age"	"Age"	"Age"	1.5643640951307	0.0217147887600172	0.66952118006417	0.0981778534770286	0.869012506296827	0.1867168160407	0.951333957524848	NA	"abundance"	205	28
"UC5-1-2E3"	"Age"	"Age"	"Age"	-0.803006975951393	0.0217147887600172	0.287088265449694	0.0638695422740659	0.869012506296827	0.123659766117833	0.951333957524848	NA	"abundance"	205	37
"UCG-003"	"TimeNW"	"TimeNW"	"TimeNW"	0.403093591518523	-0.0653625359736858	0.21695908657625	0.100923535416121	0.869012506296827	0.191661510831352	0.951333957524848	NA	"abundance"	205	66
"UCG-010"	"Age"	"Age"	"Age"	0.778404535296052	0.0217147887600172	0.39833443157355	0.0886685224764697	0.869012506296827	0.169474938074779	0.951333957524848	NA	"abundance"	205	46
"UCG-010"	"Sex"	"Female"	"SexFemale"	-1.4830900748738	0.120634302437176	0.815867181759112	0.0824346698668195	0.869012506296827	0.158073864937588	0.951333957524848	NA	"abundance"	205	46
"[Clostridium]_innocuum_group"	"Age"	"Age"	"Age"	-0.485995096490812	0	0.282396944156539	0.0852572783799868	0.869012506296827	0.0481970930999728	0.830253550381854	NA	"prevalence"	205	108
"[Clostridium]_innocuum_group"	"Sex"	"Female"	"SexFemale"	1.01861674001597	0	0.57676572055221	0.0773817488540976	0.869012506296827	0.148775562652477	0.951333957524848	NA	"prevalence"	205	108
"[Clostridium]_innocuum_group"	"TimeNW"	"TimeNW"	"TimeNW"	-0.513762588076484	0	0.28683805271716	0.0732733607136535	0.869012506296827	0.141177736037034	0.951333957524848	NA	"prevalence"	205	108
"[Eubacterium]_brachy_group"	"Age"	"Age"	"Age"	0.50036707463913	0	0.268349499136703	0.0622361345472967	0.869012506296827	0.120598932651204	0.951333957524848	NA	"prevalence"	205	24
"[Eubacterium]_coprostanoligenes_group"	"Location"	"Center"	"LocationCenter"	2.69747199392025	0	1.59827365212772	0.0914609550503504	0.869012506296827	0.174556803801979	0.951333957524848	NA	"prevalence"	205	186
"[Eubacterium]_coprostanoligenes_group"	"TimeNW"	"TimeNW"	"TimeNW"	-1.09043604040314	0	0.602327224745047	0.0702381961247131	0.869012506296827	0.135542988054573	0.951333957524848	NA	"prevalence"	205	186
"[Eubacterium]_nodatum_group"	"Sex"	"Female"	"SexFemale"	1.7660527697406	0	0.950281128600049	0.0631047184969691	0.869012506296827	0.122227231497357	0.951333957524848	NA	"prevalence"	205	44
"[Eubacterium]_ruminantium_group"	"TimeNW"	"TimeNW"	"TimeNW"	1.11500856204929	0	0.667023805104752	0.0945998022979483	0.869012506296827	0.180250482001086	0.951333957524848	NA	"prevalence"	205	14
"[Eubacterium]_siraeum_group"	"Location"	"Center"	"LocationCenter"	2.66299701232233	0	1.42146804386557	0.06101134712367	0.869012506296827	0.118300309769495	0.951333957524848	NA	"prevalence"	205	83
"[Eubacterium]_ventriosum_group"	"Age"	"Age"	"Age"	0.872437861313978	0	0.527804191379925	0.0983395270654134	0.869012506296827	0.187008391547378	0.951333957524848	NA	"prevalence"	205	83
"Acidaminococcus"	"TimeNW"	"TimeNW"	"TimeNW"	2.48890361435526	0	1.38144274689291	0.071597379435727	0.869012506296827	0.13806857412939	0.951333957524848	NA	"prevalence"	205	27
"Alloprevotella"	"FIScore"	"FIScore"	"FIScore"	-2.34274707740631	0	1.41536182351133	0.0978781777455103	0.869012506296827	0.186176217812239	0.951333957524848	NA	"prevalence"	205	37
"Alloprevotella"	"Location"	"Center"	"LocationCenter"	7.40917192077438	0	3.9536923513971	0.0609320826370558	0.869012506296827	0.118151446579623	0.951333957524848	NA	"prevalence"	205	37
"Barnesiella"	"Sex"	"Female"	"SexFemale"	-4.24521728300246	0	2.50013721337986	0.0895089474540766	0.869012506296827	0.171006043233817	0.951333957524848	NA	"prevalence"	205	96
"Bifidobacterium"	"Sex"	"Female"	"SexFemale"	2.6907406277852	0	1.55318506949682	0.0832020457097436	0.869012506296827	0.159481511009201	0.951333957524848	NA	"prevalence"	205	125
"Bilophila"	"Location"	"Center"	"LocationCenter"	2.38867013421785	0	1.45746752230298	0.101230284486914	0.869012506296827	0.192212998476527	0.951333957524848	NA	"prevalence"	205	142
"Bilophila"	"Sex"	"Female"	"SexFemale"	-2.97909180314747	0	1.59973564784998	0.0625692605959973	0.869012506296827	0.121223608820465	0.951333957524848	NA	"prevalence"	205	142
"Clostridium_sensu_stricto_1"	"Sex"	"Female"	"SexFemale"	1.74295466477803	0	1.03134469896389	0.0910312707623062	0.869012506296827	0.173775849268012	0.951333957524848	NA	"prevalence"	205	86
"Defluviitaleaceae_UCG-011"	"Location"	"Center"	"LocationCenter"	-1.74783866717331	0	1.04457116641794	0.094276214170639	0.869012506296827	0.17966442378293	0.951333957524848	NA	"prevalence"	205	18
"DTU014"	"Sex"	"Female"	"SexFemale"	-2.99316724242556	0	1.70796895519351	0.0796927335612309	0.869012506296827	0.15303453534	0.951333957524848	NA	"prevalence"	205	18
"DTU089"	"FIScore"	"FIScore"	"FIScore"	0.892243264582146	0	0.533759631212464	0.0945992821457153	0.869012506296827	0.180249540108946	0.951333957524848	NA	"prevalence"	205	38
"DTU089"	"Sex"	"Female"	"SexFemale"	2.52576998269748	0	1.35487368534122	0.0622921253515128	0.869012506296827	0.120703941822217	0.951333957524848	NA	"prevalence"	205	38
"Enterococcus"	"Location"	"Center"	"LocationCenter"	-3.89368330347133	0	2.25651821761067	0.0844325268918746	0.869012506296827	0.0844325268918746	0.93843919025082	NA	"prevalence"	205	12
"Enterorhabdus"	"Age"	"Age"	"Age"	1.86430948877938	0	1.09485101052233	0.0886059836722211	0.869012506296827	0.0886059836722211	0.93843919025082	NA	"prevalence"	205	9
"Eubacterium"	"Age"	"Age"	"Age"	-1.26288218106052	0	0.705501454892968	0.0734460328446973	0.869012506296827	0.14149774594877	0.951333957524848	NA	"prevalence"	205	30
"Family_XIII_UCG-001"	"Location"	"Center"	"LocationCenter"	-1.64270410429139	0	0.96583898057166	0.088979544550381	0.869012506296827	0.170041729752369	0.951333957524848	NA	"prevalence"	205	35
"Frisingicoccus"	"Age"	"Age"	"Age"	1.07667809994991	0	0.652849038608369	0.0991068356493832	0.869012506296827	0.146690925566358	0.951333957524848	NA	"prevalence"	205	95
"Fusobacterium"	"Age"	"Age"	"Age"	1.59447747883605	0	0.84447746201263	0.0590094144073873	0.869012506296827	0.114536717826072	0.951333957524848	NA	"prevalence"	205	17
"Haemophilus"	"Sex"	"Female"	"SexFemale"	1.93734027406554	0	1.10935381409561	0.0807469840764549	0.869012506296827	0.154973892715467	0.951333957524848	NA	"prevalence"	205	35
"Holdemanella"	"Age"	"Age"	"Age"	4.41643138325488	0	2.51635777638476	0.0792441175181871	0.869012506296827	0.152208604875138	0.951333957524848	NA	"prevalence"	205	29
"Holdemania"	"Location"	"Center"	"LocationCenter"	-1.25144919560732	0	0.683071871457785	0.0669380019406109	0.869012506296827	0.129395307777421	0.951333957524848	NA	"prevalence"	205	65
"Intestinibacter"	"FIScore"	"FIScore"	"FIScore"	0.825939228056309	0	0.466622407959242	0.0767208698021477	0.869012506296827	0.147555647741097	0.951333957524848	NA	"prevalence"	205	110
"Limosilactobacillus"	"Age"	"Age"	"Age"	-1.50295660593315	0	0.869616376127304	0.0839347368019616	0.869012506296827	0.160824433561909	0.951333957524848	NA	"prevalence"	205	25
"Odoribacter"	"Location"	"Center"	"LocationCenter"	4.63149298612548	0	2.51166471516244	0.0651841120018214	0.869012506296827	0.0301547411055163	0.830253550381854	NA	"prevalence"	205	119
"Oxalobacter"	"Sex"	"Female"	"SexFemale"	-2.45992171270729	0	1.47592000542402	0.0955732857787659	0.869012506296827	0.182012318602982	0.951333957524848	NA	"prevalence"	205	17
"Phascolarctobacterium"	"Location"	"Center"	"LocationCenter"	3.92452015679216	0	2.11655579598276	0.0637103899453429	0.869012506296827	0.123361766103698	0.951333957524848	NA	"prevalence"	205	118
"Ruminiclostridium"	"Location"	"Center"	"LocationCenter"	2.17179929481381	0	1.26734711729633	0.0865915882941133	0.869012506296827	0.165685073424929	0.951333957524848	NA	"prevalence"	205	43
"Succiniclasticum"	"FIScore"	"FIScore"	"FIScore"	2.47936168340235	0	1.48941944095019	0.0959826559024065	0.869012506296827	0.0959826559024065	0.93843919025082	NA	"prevalence"	205	15
"Sutterella"	"TimeNW"	"TimeNW"	"TimeNW"	1.52430992189389	0	0.867636430506375	0.0789428182077796	0.869012506296827	0.151653667868973	0.951333957524848	NA	"prevalence"	205	71
"UC5-1-2E3"	"Location"	"Center"	"LocationCenter"	-3.49223214623249	0	1.99319337575745	0.0797602342181838	0.869012506296827	0.153158773473828	0.951333957524848	NA	"prevalence"	205	37
"UCG-003"	"Sex"	"Female"	"SexFemale"	-1.56670569366079	0	0.875996606798674	0.0736979955554267	0.869012506296827	0.141964596561966	0.951333957524848	NA	"prevalence"	205	66
"UCG-010"	"Location"	"Center"	"LocationCenter"	2.00417148953855	0	1.22454073828035	0.101699030980168	0.869012506296827	0.19305536905803	0.951333957524848	NA	"prevalence"	205	46
"Victivallis"	"Sex"	"Female"	"SexFemale"	-4.39735543631706	0	2.40687785757294	0.0677004196656215	0.869012506296827	0.0677004196656215	0.883092238873622	NA	"prevalence"	205	16
"Lachnospira"	"FIScore"	"FIScore"	"FIScore"	-0.768321302194687	0	0.470380274232443	0.10238393088328	0.869977423874124	0.194285392463447	0.952105763066725	NA	"prevalence"	205	119
"[Clostridium]_innocuum_group"	"Sex"	"Female"	"SexFemale"	1.13469447870692	0.120634302437176	0.597397665644976	0.112218203574161	0.893774445384318	0.148775562652477	0.951333957524848	NA	"abundance"	205	108
"Anaerofustis"	"Location"	"Center"	"LocationCenter"	-2.1030116910642	-0.366942410777038	0.880202813349828	0.116078259153737	0.893774445384318	0.218682356059311	0.975979911177211	NA	"abundance"	205	18
"Bacteroides"	"Age"	"Age"	"Age"	-0.399114701152356	0.0217147887600172	0.254419474286195	0.121355285806112	0.893774445384318	0.227983466219141	0.975979911177211	NA	"abundance"	205	200
"Collinsella"	"Age"	"Age"	"Age"	-0.611397878673873	0.0217147887600172	0.380057706144095	0.114108331626694	0.893774445384318	0.21519595190676	0.975979911177211	NA	"abundance"	205	124
"Dialister"	"Age"	"Age"	"Age"	-0.693248049142356	0.0217147887600172	0.415259170750651	0.111971770349253	0.893774445384318	0.0500642842161889	0.830253550381854	NA	"abundance"	205	78
"Eubacterium"	"FIScore"	"FIScore"	"FIScore"	0.53942771034443	-0.109824456238188	0.312151959256198	0.120488120714984	0.893774445384318	0.226458854196538	0.975979911177211	NA	"abundance"	205	30
"Fournierella"	"Age"	"Age"	"Age"	2.20754182574575	0.0217147887600172	1.15657361367457	0.126081114251266	0.893774445384318	0.236265781131691	0.975979911177211	NA	"abundance"	205	21
"HT002"	"Location"	"Center"	"LocationCenter"	1.47946403607696	-0.366942410777038	0.996323735266695	0.125239280557361	0.893774445384318	0.234793683720196	0.975979911177211	NA	"abundance"	205	40
"Izemoplasmatales"	"TimeNW"	"TimeNW"	"TimeNW"	0.699872990976414	-0.0653625359736858	0.387016156776713	0.108529448716568	0.893774445384318	0.205280256194414	0.975979911177211	NA	"abundance"	205	26
"Lachnospiraceae_UCG-001"	"Age"	"Age"	"Age"	0.589705333092517	0.0217147887600172	0.330619317829757	0.113182455475639	0.893774445384318	0.213554642723783	0.975979911177211	NA	"abundance"	205	59
"Lacticaseibacillus"	"Age"	"Age"	"Age"	-0.83798550975844	0.0217147887600172	0.530928113121623	0.11991176640569	0.893774445384318	0.225444701088847	0.975979911177211	NA	"abundance"	205	34
"Ligilactobacillus"	"TimeNW"	"TimeNW"	"TimeNW"	2.79914978632112	-0.0653625359736858	1.39747145584839	0.12284810939766	0.893774445384318	0.103725816666635	0.951333957524848	NA	"abundance"	205	23
"Muribaculaceae"	"Location"	"Center"	"LocationCenter"	-4.50570408763963	-0.366942410777038	1.78430979189966	0.115324598413272	0.893774445384318	0.217349433827361	0.975979911177211	NA	"abundance"	205	25
"Peptococcus"	"Age"	"Age"	"Age"	0.569791951170078	0.0217147887600172	0.324079875195304	0.1239032319379	0.893774445384318	0.00957106426343569	0.82405790284544	NA	"abundance"	205	53
"Ruminiclostridium"	"TimeNW"	"TimeNW"	"TimeNW"	0.378722761491108	-0.0653625359736858	0.198693076638784	0.121265191085862	0.893774445384318	0.227825135602633	0.975979911177211	NA	"abundance"	205	43
"UCG-005"	"TimeNW"	"TimeNW"	"TimeNW"	0.668846065537539	-0.0653625359736858	0.420897171462294	0.127514171366467	0.893774445384318	0.238768478833658	0.975979911177211	NA	"abundance"	205	54
"[Eubacterium]_xylanophilum_group"	"TimeNW"	"TimeNW"	"TimeNW"	-0.728669653511712	0	0.476280807067339	0.126037508749761	0.893774445384318	0.236189563887676	0.975979911177211	NA	"prevalence"	205	112
"Acidaminococcus"	"Location"	"Center"	"LocationCenter"	5.95694631720045	0	3.81034658944063	0.117967765726984	0.893774445384318	0.222019137703352	0.975979911177211	NA	"prevalence"	205	27
"Anaerotruncus"	"FIScore"	"FIScore"	"FIScore"	0.785339625044475	0	0.505724052451346	0.12044667529295	0.893774445384318	0.226385948996775	0.975979911177211	NA	"prevalence"	205	79
"Catenibacterium"	"Age"	"Age"	"Age"	-4.40935037167538	0	2.78446759909571	0.113295611474318	0.893774445384318	0.113295611474318	0.951333957524848	NA	"prevalence"	205	12
"Clostridium_sensu_stricto_1"	"TimeNW"	"TimeNW"	"TimeNW"	0.752982461634764	0	0.478201555181269	0.11534576348632	0.893774445384318	0.217386881818398	0.975979911177211	NA	"prevalence"	205	86
"Colidextribacter"	"Location"	"Center"	"LocationCenter"	-1.44141080685247	0	0.914806217558885	0.115107396252505	0.893774445384318	0.216965079832978	0.975979911177211	NA	"prevalence"	205	130
"Coprobacter"	"Location"	"Center"	"LocationCenter"	2.91404001799387	0	1.90476097249948	0.126048475162141	0.893774445384318	0.236208732233581	0.975979911177211	NA	"prevalence"	205	45
"Erysipelotrichaceae"	"FIScore"	"FIScore"	"FIScore"	1.6656373503638	0	1.09233780940903	0.127299703418582	0.893774445384318	0.238394192346704	0.975979911177211	NA	"prevalence"	205	29
"Gastranaerophilales"	"Location"	"Center"	"LocationCenter"	1.6066623270822	0	1.01479389878958	0.113366764822012	0.893774445384318	0.213881506277815	0.975979911177211	NA	"prevalence"	205	38
"Granulicatella"	"Location"	"Center"	"LocationCenter"	-1.30932114456477	0	0.837378225877955	0.11791250288388	0.893774445384318	0.221921647431418	0.975979911177211	NA	"prevalence"	205	14
"Hungatella"	"Sex"	"Female"	"SexFemale"	1.10550420725465	0	0.71361772918871	0.121344553653625	0.893774445384318	0.227964606605853	0.975979911177211	NA	"prevalence"	205	75
"Lachnospiraceae_FCS020_group"	"TimeNW"	"TimeNW"	"TimeNW"	-0.71970885277144	0	0.469318012711975	0.12514762850238	0.893774445384318	0.23463332808499	0.975979911177211	NA	"prevalence"	205	34
"Lachnospiraceae_UCG-010"	"FIScore"	"FIScore"	"FIScore"	2.15602774647678	0	1.34304081603444	0.108420539842572	0.893774445384318	0.108420539842572	0.951333957524848	NA	"prevalence"	205	10
"Lachnospiraceae_UCG-010"	"Sex"	"Female"	"SexFemale"	-4.70100755792848	0	2.93924683842799	0.109733553039979	0.893774445384318	0.109733553039979	0.951333957524848	NA	"prevalence"	205	10
"Monoglobus"	"FIScore"	"FIScore"	"FIScore"	-0.9445543696602	0	0.602685821069535	0.117058199467352	0.893774445384318	0.220413776872165	0.975979911177211	NA	"prevalence"	205	168
"Odoribacter"	"Sex"	"Female"	"SexFemale"	-3.56071310672185	0	2.21620608296376	0.108126651223647	0.893774445384318	0.204561929742453	0.975979911177211	NA	"prevalence"	205	119
"Paraprevotella"	"TimeNW"	"TimeNW"	"TimeNW"	1.86411673416527	0	1.18191208299868	0.114748540517052	0.893774445384318	0.21632985348331	0.975979911177211	NA	"prevalence"	205	66
"Rikenella"	"Age"	"Age"	"Age"	6.34168998995462	0	4.1279728030976	0.12447162699327	0.893774445384318	0.12447162699327	0.951333957524848	NA	"prevalence"	205	7
"Rikenella"	"FIScore"	"FIScore"	"FIScore"	-4.56880512599854	0	2.91365957532823	0.116866161965571	0.893774445384318	0.116866161965571	0.951333957524848	NA	"prevalence"	205	7
"Ruminococcus"	"TimeNW"	"TimeNW"	"TimeNW"	-0.781880757133921	0	0.512685167210947	0.127241644225009	0.893774445384318	0.238292852424934	0.975979911177211	NA	"prevalence"	205	156
"UBA1819"	"TimeNW"	"TimeNW"	"TimeNW"	-0.340421352086208	0	0.212525493560678	0.109201907576309	0.893774445384318	0.206478758534313	0.975979911177211	NA	"prevalence"	205	153
"UC5-1-2E3"	"TimeNW"	"TimeNW"	"TimeNW"	-1.57591188260369	0	0.985622853380388	0.109842936265741	0.893774445384318	0.0727253085700455	0.919216459769492	NA	"prevalence"	205	37
"Catenibacterium"	"TimeNW"	"TimeNW"	"TimeNW"	-9.80081279865356	0	6.47164901104792	0.129918640855014	0.906450700644386	0.129918640855014	0.951333957524848	NA	"prevalence"	205	12
"Barnesiella"	"FIScore"	"FIScore"	"FIScore"	1.44694518714495	0	0.961267186985416	0.132260415206261	0.914400416039649	0.247028012981989	0.988434927183272	NA	"prevalence"	205	96
"Family_XIII_UCG-001"	"Sex"	"Female"	"SexFemale"	1.6908796717329	0	1.12269378924263	0.1320436637931	0.914400416039649	0.246651798438295	0.988434927183272	NA	"prevalence"	205	35
"Limosilactobacillus"	"FIScore"	"FIScore"	"FIScore"	-1.19761989975335	-0.109824456238188	0.560935346791393	0.133121150962322	0.916186744858337	0.248521061091111	0.988434927183272	NA	"abundance"	205	25
"[Ruminococcus]_gnavus_group"	"Age"	"Age"	"Age"	0.795289007148067	0.0217147887600172	0.49641292169905	0.134976358133733	0.924770453700032	0.251734099012419	0.988434927183272	NA	"abundance"	205	79
"Eubacterium"	"TimeNW"	"TimeNW"	"TimeNW"	-2.87048856361933	-0.0653625359736858	1.38397608454226	0.13653581176538	0.924981080704783	0.254429595636328	0.988434927183272	NA	"abundance"	205	30
"Subdoligranulum"	"FIScore"	"FIScore"	"FIScore"	-0.429045524402215	-0.109824456238188	0.197886892865267	0.138177111954095	0.924981080704783	0.056763211615321	0.849280049358137	NA	"abundance"	205	137
"[Eubacterium]_ventriosum_group"	"Sex"	"Female"	"SexFemale"	-1.59208661933106	0	1.07514231875087	0.138655941091841	0.924981080704783	0.258086412183618	0.988434927183272	NA	"prevalence"	205	83
"Agathobacter"	"TimeNW"	"TimeNW"	"TimeNW"	1.20003476780903	0	0.809503573151892	0.138225132730149	0.924981080704783	0.25734407814203	0.988434927183272	NA	"prevalence"	205	142
"CAG-56"	"FIScore"	"FIScore"	"FIScore"	-1.24408329092424	0	0.839537406402162	0.138375524609212	0.924981080704783	0.257603263407549	0.988434927183272	NA	"prevalence"	205	32
"Harryflintia"	"FIScore"	"FIScore"	"FIScore"	0.87813675760555	0	0.592773574735224	0.138499123384528	0.924981080704783	0.138499123384528	0.951333957524848	NA	"prevalence"	205	10
"Limosilactobacillus"	"TimeNW"	"TimeNW"	"TimeNW"	0.848611166179048	-0.0653625359736858	0.462247103306752	0.139280875108069	0.925092624626084	0.259162588045269	0.988434927183272	NA	"abundance"	205	25
"Eisenbergiella"	"FIScore"	"FIScore"	"FIScore"	0.624300729971616	0	0.423519503432902	0.140460624617754	0.928872217580884	0.261192062167497	0.988434927183272	NA	"prevalence"	205	99
"Muribaculaceae"	"Age"	"Age"	"Age"	1.50386840319015	0	1.02190399073209	0.141119806260428	0.92919145161087	0.262324812801875	0.988434927183272	NA	"prevalence"	205	25
"Anaerofustis"	"FIScore"	"FIScore"	"FIScore"	0.83885489810241	0	0.571632043409824	0.142247282192102	0.93257808713012	0.264260275093165	0.988434927183272	NA	"prevalence"	205	18
"Anaerofustis"	"Sex"	"Female"	"SexFemale"	-1.09272745902576	0.120634302437176	0.632257568534727	0.143174230491406	0.934626629087677	0.265849600706006	0.988434927183272	NA	"abundance"	205	18
"[Eubacterium]_eligens_group"	"Location"	"Center"	"LocationCenter"	1.96676597889545	0	1.3481932539403	0.144615739469435	0.936002296736215	0.268317766836578	0.988434927183272	NA	"prevalence"	205	108
"Intestinibacter"	"Sex"	"Female"	"SexFemale"	1.41493962574397	0	0.969352666508174	0.144379480475848	0.936002296736215	0.267913526569221	0.988434927183272	NA	"prevalence"	205	110
"Erysipelatoclostridium"	"Sex"	"Female"	"SexFemale"	-0.681668599546599	0.120634302437176	0.504694061292945	0.145620519337952	0.936975488253216	0.270035703023649	0.989758961082549	NA	"abundance"	205	97
"Parabacteroides"	"Location"	"Center"	"LocationCenter"	0.432927224269812	-0.366942410777038	0.417601358965878	0.14599815300198	0.936975488253216	0.0965415147690111	0.93843919025082	NA	"abundance"	205	178
"Bacteroides"	"FIScore"	"FIScore"	"FIScore"	0.220535365777902	-0.109824456238188	0.218836943068167	0.15858576076487	0.941509616674418	0.292022078012368	0.997062063331157	NA	"abundance"	205	200
"CAG-352"	"Sex"	"Female"	"SexFemale"	-1.99104458282335	0.120634302437176	0.92866244473738	0.160599486560163	0.941509616674418	0.0983932860127691	0.93843919025082	NA	"abundance"	205	26
"Coprobacillus"	"Sex"	"Female"	"SexFemale"	-0.785943801902473	0.120634302437176	0.609101236598961	0.163417842736388	0.941509616674418	0.300130294148161	0.997062063331157	NA	"abundance"	205	32
"Fusicatenibacter"	"FIScore"	"FIScore"	"FIScore"	-0.428248295841202	-0.109824456238188	0.207180808737471	0.158797708469565	0.941509616674418	0.292378704723945	0.997062063331157	NA	"abundance"	205	111
"Granulicatella"	"Age"	"Age"	"Age"	0.882600318136887	0.0217147887600172	0.539149529285418	0.157369082917935	0.941509616674418	0.289973137577439	0.997062063331157	NA	"abundance"	205	14
"Lachnospiraceae_NC2004_group"	"Sex"	"Female"	"SexFemale"	0.632014128396445	0.120634302437176	0.30043787699526	0.151989166349049	0.941509616674418	0.28087762601062	0.997062063331157	NA	"abundance"	205	76
"Odoribacter"	"Age"	"Age"	"Age"	-0.647196926566343	0.0217147887600172	0.455737814488518	0.160370305103938	0.941509616674418	0.295021975448745	0.997062063331157	NA	"abundance"	205	119
"Paraprevotella"	"Age"	"Age"	"Age"	0.465881939647277	0.0217147887600172	0.275980395012201	0.147843481561224	0.941509616674418	0.273829268082303	0.995436724545094	NA	"abundance"	205	66
"Peptococcus"	"Location"	"Center"	"LocationCenter"	0.555958068144378	-0.366942410777038	0.505056678411162	0.155149430589063	0.941509616674418	0.286227515366016	0.997062063331157	NA	"abundance"	205	53
"Phascolarctobacterium"	"Location"	"Center"	"LocationCenter"	0.64548590772465	-0.366942410777038	0.611839109735738	0.16066532059937	0.941509616674418	0.123361766103698	0.951333957524848	NA	"abundance"	205	118
"[Eubacterium]_brachy_group"	"Sex"	"Female"	"SexFemale"	0.813373428692512	0	0.570664606046811	0.154067884652238	0.941509616674418	0.28439885622326	0.997062063331157	NA	"prevalence"	205	24
"[Eubacterium]_ruminantium_group"	"FIScore"	"FIScore"	"FIScore"	1.00562881520373	0	0.699140134975553	0.150326415113404	0.941509616674418	0.278054799145961	0.997062063331157	NA	"prevalence"	205	14
"Clostridia_vadinBB60_group"	"Location"	"Center"	"LocationCenter"	1.80393208112189	0	1.26238844889039	0.153009017567615	0.941509616674418	0.0394772605443448	0.830253550381854	NA	"prevalence"	205	70
"Clostridium_sensu_stricto_1"	"Location"	"Center"	"LocationCenter"	-1.56320352446594	0	1.08392908839977	0.149256109937819	0.941509616674418	0.276234833521867	0.997062063331157	NA	"prevalence"	205	86
"Dialister"	"Sex"	"Female"	"SexFemale"	2.92534547574859	0	2.09744410173686	0.163100544771334	0.941509616674418	0.299599301837962	0.997062063331157	NA	"prevalence"	205	78
"Dielma"	"Age"	"Age"	"Age"	0.685350443442049	0	0.490908688663966	0.162688785672278	0.941509616674418	0.298909930361035	0.997062063331157	NA	"prevalence"	205	6
"DTU014"	"FIScore"	"FIScore"	"FIScore"	1.02518405173583	0	0.725997063933856	0.157919059828421	0.941509616674418	0.290899690199749	0.997062063331157	NA	"prevalence"	205	18
"Family_XIII_AD3011_group"	"Location"	"Center"	"LocationCenter"	-1.05269944062414	0	0.732849303579242	0.150875087607143	0.941509616674418	0.278986883153823	0.997062063331157	NA	"prevalence"	205	75
"Family_XIII_UCG-001"	"Age"	"Age"	"Age"	0.68714502228743	0	0.484406009676829	0.156035745908929	0.941509616674418	0.287724337816502	0.997062063331157	NA	"prevalence"	205	35
"Ligilactobacillus"	"FIScore"	"FIScore"	"FIScore"	1.0432507321556	0	0.745445766654416	0.161663346887554	0.941509616674418	0.297191656048223	0.997062063331157	NA	"prevalence"	205	23
"Megasphaera"	"FIScore"	"FIScore"	"FIScore"	-2.37636194963739	0	1.70413747665597	0.163176898039347	0.941509616674418	0.163176898039347	0.951333957524848	NA	"prevalence"	205	21
"Prevotella_9"	"Location"	"Center"	"LocationCenter"	3.30568372813118	0	2.33756938897856	0.157316612185128	0.941509616674418	0.0533533848610661	0.830253550381854	NA	"prevalence"	205	28
"Romboutsia"	"FIScore"	"FIScore"	"FIScore"	-2.01975566818076	0	1.4414962583958	0.161168561710059	0.941509616674418	0.161168561710059	0.951333957524848	NA	"prevalence"	205	21
"Sellimonas"	"TimeNW"	"TimeNW"	"TimeNW"	-0.999296622413407	0	0.711571909281909	0.160214396247856	0.941509616674418	0.294760139730647	0.997062063331157	NA	"prevalence"	205	42
"Tannerellaceae"	"FIScore"	"FIScore"	"FIScore"	1.20866785008123	0	0.861836639644878	0.160786086557374	0.941509616674418	0.295720007484313	0.997062063331157	NA	"prevalence"	205	86
"UCG-002"	"FIScore"	"FIScore"	"FIScore"	0.878002814829628	0	0.621635143510048	0.157829689446664	0.941509616674418	0.290749168022497	0.997062063331157	NA	"prevalence"	205	133
"UCG-005"	"Location"	"Center"	"LocationCenter"	1.64405347064976	0	1.15100065303803	0.153185722300905	0.941509616674418	0.282905579084959	0.997062063331157	NA	"prevalence"	205	54
"[Eubacterium]_siraeum_group"	"FIScore"	"FIScore"	"FIScore"	0.340376674795807	-0.109824456238188	0.319975446714861	0.182113252632079	0.942977656394476	0.331061268479923	0.99999953838267	NA	"abundance"	205	83
"[Ruminococcus]_gauvreauii_group"	"Age"	"Age"	"Age"	0.473610445029519	0.0217147887600172	0.314987447274041	0.172933880027421	0.942977656394476	0.100860548858696	0.951333957524848	NA	"abundance"	205	123
"[Ruminococcus]_torques_group"	"FIScore"	"FIScore"	"FIScore"	0.189930240383098	-0.109824456238188	0.206285664381538	0.177015324876522	0.942977656394476	0.177015324876522	0.951333957524848	NA	"abundance"	205	198
"Acidaminococcus"	"Location"	"Center"	"LocationCenter"	-6.66576103331502	-0.366942410777038	2.96428623334283	0.164403076001275	0.942977656394476	0.222019137703352	0.975979911177211	NA	"abundance"	205	27
"Clostridium_sensu_stricto_1"	"Age"	"Age"	"Age"	0.811378992455104	0.0217147887600172	0.551297772115819	0.16859092196175	0.942977656394476	0.0132083830751074	0.82405790284544	NA	"abundance"	205	86
"Coprobacter"	"FIScore"	"FIScore"	"FIScore"	0.631501808218504	-0.109824456238188	0.481402057475545	0.173080371686814	0.942977656394476	0.316203928310383	0.99999953838267	NA	"abundance"	205	45
"Desulfovibrio"	"Location"	"Center"	"LocationCenter"	0.842706132349566	-0.366942410777038	0.778165075072454	0.171350253141258	0.942977656394476	0.00706071572587389	0.695872760983349	NA	"abundance"	205	76
"Desulfovibrio"	"TimeNW"	"TimeNW"	"TimeNW"	0.448139617419141	-0.0653625359736858	0.31210268586343	0.165112056782556	0.942977656394476	0.0409041700123057	0.830253550381854	NA	"abundance"	205	76
"Haemophilus"	"TimeNW"	"TimeNW"	"TimeNW"	-0.754183029269098	-0.0653625359736858	0.421987726954812	0.178144087352139	0.942977656394476	0.324552858845752	0.99999953838267	NA	"abundance"	205	35
"Intestinibacter"	"FIScore"	"FIScore"	"FIScore"	0.271409618607348	-0.109824456238188	0.264920215458952	0.175115652486547	0.942977656394476	0.147555647741097	0.951333957524848	NA	"abundance"	205	110
"Ligilactobacillus"	"Age"	"Age"	"Age"	-3.49218094890407	0.0217147887600172	2.03799489730315	0.182164484875618	0.942977656394476	0.331145070201236	0.99999953838267	NA	"abundance"	205	23
"Odoribacter"	"Sex"	"Female"	"SexFemale"	-1.19292197875167	0.120634302437176	0.941975659149608	0.181146327472964	0.942977656394476	0.204561929742453	0.975979911177211	NA	"abundance"	205	119
"Ruminococcus"	"Location"	"Center"	"LocationCenter"	-1.13646617799463	-0.366942410777038	0.447337353149183	0.180064993124027	0.942977656394476	0.327706584499298	0.99999953838267	NA	"abundance"	205	156
"Subdoligranulum"	"Location"	"Center"	"LocationCenter"	-1.14817849251588	-0.366942410777038	0.446044514100183	0.174572933623557	0.942977656394476	0.318670158093178	0.99999953838267	NA	"abundance"	205	137
"UCG-010"	"FIScore"	"FIScore"	"FIScore"	-0.563187806352778	-0.109824456238188	0.311258871454994	0.182271815239958	0.942977656394476	0.331320615849046	0.99999953838267	NA	"abundance"	205	46
"[Eubacterium]_brachy_group"	"FIScore"	"FIScore"	"FIScore"	0.326578036192419	0	0.242143463174023	0.177434476946307	0.942977656394476	0.323385960283404	0.99999953838267	NA	"prevalence"	205	24
"Adlercreutzia"	"Age"	"Age"	"Age"	-0.907954992301737	0	0.660527503797178	0.169258360074651	0.942977656394476	0.309868327694142	0.99999953838267	NA	"prevalence"	205	79
"Anaerostipes"	"TimeNW"	"TimeNW"	"TimeNW"	-1.03775980085046	0	0.760411392382725	0.172336454412485	0.942977656394476	0.314973055305503	0.99999953838267	NA	"prevalence"	205	158
"Butyricicoccus"	"TimeNW"	"TimeNW"	"TimeNW"	-0.658417031075076	0	0.490874918989562	0.179818770871702	0.942977656394476	0.327302751385595	0.99999953838267	NA	"prevalence"	205	151
"Clostridia_UCG-014"	"TimeNW"	"TimeNW"	"TimeNW"	-0.951214582916789	0	0.696640846536772	0.172117817639407	0.942977656394476	0.314611092129861	0.99999953838267	NA	"prevalence"	205	90
"Intestinibacter"	"TimeNW"	"TimeNW"	"TimeNW"	-0.619698263136348	0	0.462414737541085	0.180201396583046	0.942977656394476	0.184072874131026	0.951333957524848	NA	"prevalence"	205	110
"Klebsiella"	"Age"	"Age"	"Age"	0.993852965897938	0	0.733574870514051	0.175478796741754	0.942977656394476	0.320164785377574	0.99999953838267	NA	"prevalence"	205	46
"Lacticaseibacillus"	"Location"	"Center"	"LocationCenter"	-2.07171357466646	0	1.54483486545146	0.179901534009989	0.942977656394476	0.164817208250963	0.951333957524848	NA	"prevalence"	205	34
"Merdibacter"	"TimeNW"	"TimeNW"	"TimeNW"	-2.3131037441407	0	1.68809624185018	0.170610747977243	0.942977656394476	0.312113468629131	0.99999953838267	NA	"prevalence"	205	25
"Muribaculaceae"	"FIScore"	"FIScore"	"FIScore"	-1.53621863334599	0	1.13938898960944	0.177567426215018	0.942977656394476	0.32360466157741	0.99999953838267	NA	"prevalence"	205	25
"Prevotella_9"	"FIScore"	"FIScore"	"FIScore"	-1.38302442287741	0	1.01540688716796	0.173185378032035	0.942977656394476	0.0831625765115704	0.93843919025082	NA	"prevalence"	205	28
"Senegalimassilia"	"TimeNW"	"TimeNW"	"TimeNW"	2.12588059839831	0	1.59187070313493	0.18172564351633	0.942977656394476	0.330427077521236	0.99999953838267	NA	"prevalence"	205	16
"UBA1819"	"FIScore"	"FIScore"	"FIScore"	0.298403979676543	0	0.22078241355901	0.17651132816574	0.942977656394476	0.321866407360647	0.99999953838267	NA	"prevalence"	205	153
"UBA1819"	"Sex"	"Female"	"SexFemale"	-0.649278808535274	0	0.468226099709387	0.16553998690202	0.942977656394476	0.303676486540519	0.99999953838267	NA	"prevalence"	205	153
"Victivallaceae"	"Age"	"Age"	"Age"	1.45689762618724	0	1.08396999145106	0.178935870427135	0.942977656394476	0.178935870427135	0.951333957524848	NA	"prevalence"	205	21
"Coprococcus"	"Location"	"Center"	"LocationCenter"	1.97973579322856	0	1.48880360726412	0.183600832737364	0.946633446079766	0.151616631638424	0.951333957524848	NA	"prevalence"	205	115
"Ligilactobacillus"	"Sex"	"Female"	"SexFemale"	8.41605697795264	0.120634302437176	4.93639422743325	0.187297448824819	0.95228548746736	0.339514563313352	0.99999953838267	NA	"abundance"	205	23
"Tannerellaceae"	"Age"	"Age"	"Age"	-0.470417917782645	0.0217147887600172	0.349066399861477	0.186111311219502	0.95228548746736	0.0674478497022719	0.883092238873622	NA	"abundance"	205	86
"Dialister"	"TimeNW"	"TimeNW"	"TimeNW"	-1.17726630718262	0	0.892861067465733	0.18732546347219	0.95228548746736	0.146689408540258	0.951333957524848	NA	"prevalence"	205	78
"Faecalitalea"	"Age"	"Age"	"Age"	0.807579468742576	0	0.61347770750288	0.188041236198084	0.95228548746736	0.340722965885265	0.99999953838267	NA	"prevalence"	205	71
"Hungatella"	"Location"	"Center"	"LocationCenter"	0.970254772934275	0	0.738787775278126	0.189079695736452	0.95228548746736	0.342408260133114	0.99999953838267	NA	"prevalence"	205	75
"Odoribacter"	"Age"	"Age"	"Age"	1.55568187660248	0	1.1760972957384	0.185918762163519	0.95228548746736	0.295021975448745	0.997062063331157	NA	"prevalence"	205	119
"Tyzzerella"	"Age"	"Age"	"Age"	0.452088415750574	0	0.344066861247037	0.188861306064751	0.95228548746736	0.342054019201019	0.99999953838267	NA	"prevalence"	205	108
"[Eubacterium]_xylanophilum_group"	"Location"	"Center"	"LocationCenter"	-1.26640471255416	0	0.968870589922584	0.191180866697957	0.955276751124622	0.345811609604532	0.99999953838267	NA	"prevalence"	205	112
"Dorea"	"Sex"	"Female"	"SexFemale"	-2.21450394884071	0	1.69805692733767	0.192185855255841	0.955276751124622	0.347436307551263	0.99999953838267	NA	"prevalence"	205	138
"Escherichia-Shigella"	"TimeNW"	"TimeNW"	"TimeNW"	-0.582846260772789	0	0.445495103275038	0.190767756832354	0.955276751124622	0.345143176617859	0.99999953838267	NA	"prevalence"	205	159
"Victivallis"	"FIScore"	"FIScore"	"FIScore"	1.15904649338214	0	0.887682534845865	0.191654825014587	0.955276751124622	0.191654825014587	0.951333957524848	NA	"prevalence"	205	16
"UCG-002"	"Age"	"Age"	"Age"	0.928275370969336	0	0.713503500735574	0.193254944772011	0.957461794782504	0.349162415865189	0.99999953838267	NA	"prevalence"	205	133
"[Eubacterium]_eligens_group"	"Sex"	"Female"	"SexFemale"	-0.605400528014263	0.120634302437176	0.541118535210572	0.211309142804528	0.958016576733572	0.377966731776272	0.99999953838267	NA	"abundance"	205	108
"[Eubacterium]_siraeum_group"	"Location"	"Center"	"LocationCenter"	-1.51218444848009	-0.366942410777038	0.799551262123545	0.20172166641247	0.958016576733572	0.118300309769495	0.951333957524848	NA	"abundance"	205	83
"Akkermansia"	"TimeNW"	"TimeNW"	"TimeNW"	0.616613953431516	-0.0653625359736858	0.509596536110907	0.212677409491234	0.958016576733572	0.380123138474566	0.99999953838267	NA	"abundance"	205	141
"Alistipes"	"Location"	"Center"	"LocationCenter"	0.282410214575198	-0.366942410777038	0.380193769042799	0.211280792062665	0.958016576733572	0.377922011030703	0.99999953838267	NA	"abundance"	205	184
"Escherichia-Shigella"	"FIScore"	"FIScore"	"FIScore"	0.451953979917819	-0.109824456238188	0.434738130102799	0.208694037829993	0.958016576733572	0.3738348742342	0.99999953838267	NA	"abundance"	205	159
"Frisingicoccus"	"Location"	"Center"	"LocationCenter"	0.542240198982251	-0.366942410777038	0.606933957565067	0.205587314082713	0.958016576733572	0.368908484453682	0.99999953838267	NA	"abundance"	205	95
"Fusobacterium"	"TimeNW"	"TimeNW"	"TimeNW"	2.66987881918883	-0.0653625359736858	2.01518911702191	0.203043689458318	0.958016576733572	0.36486063908779	0.99999953838267	NA	"abundance"	205	17
"Holdemania"	"FIScore"	"FIScore"	"FIScore"	-0.374942257870395	-0.109824456238188	0.187294019309808	0.199089327731605	0.958016576733572	0.358542095046587	0.99999953838267	NA	"abundance"	205	65
"Lactobacillus"	"Age"	"Age"	"Age"	-2.03939476229925	0.0217147887600172	0.848109586463104	0.206011089481651	0.958016576733572	0.369581609973885	0.99999953838267	NA	"abundance"	205	25
"Odoribacter"	"FIScore"	"FIScore"	"FIScore"	0.397034635209323	-0.109824456238188	0.377626260222363	0.197993116647168	0.958016576733572	0.356784959054676	0.99999953838267	NA	"abundance"	205	119
"Porphyromonas"	"Location"	"Center"	"LocationCenter"	2.05154754035107	-0.366942410777038	1.77384948476965	0.204210763293485	0.958016576733572	0.0578582683993894	0.849280049358137	NA	"abundance"	205	26
"Porphyromonas"	"Sex"	"Female"	"SexFemale"	3.30557942356109	0.120634302437176	2.34853274343566	0.20038082469344	0.958016576733572	0.360609174482057	0.99999953838267	NA	"abundance"	205	26
"Ruminococcus"	"Age"	"Age"	"Age"	0.314123050235488	0.0217147887600172	0.213084933679652	0.204082138303716	0.958016576733572	0.366514757432814	0.99999953838267	NA	"abundance"	205	156
"UCG-010"	"TimeNW"	"TimeNW"	"TimeNW"	0.556612441863076	-0.0653625359736858	0.440731166688112	0.21289257260746	0.958016576733572	0.380461897743498	0.99999953838267	NA	"abundance"	205	46
"[Clostridium]_methylpentosum_group"	"Location"	"Center"	"LocationCenter"	-2.34002402194398	0	1.87706129001443	0.212528680769922	0.958016576733572	0.212528680769922	0.975979911177211	NA	"prevalence"	205	12
"[Eubacterium]_ventriosum_group"	"Location"	"Center"	"LocationCenter"	-1.35261047905146	0	1.05671330213063	0.200539327495332	0.958016576733572	0.360862633118384	0.99999953838267	NA	"prevalence"	205	83
"Bifidobacterium"	"Age"	"Age"	"Age"	-0.986338480602636	0	0.765549349525368	0.197604623339711	0.958016576733572	0.132969387881167	0.951333957524848	NA	"prevalence"	205	125
"CAG-352"	"Age"	"Age"	"Age"	-1.1430428010988	0	0.88888096858868	0.198465883839435	0.958016576733572	0.357543060630701	0.99999953838267	NA	"prevalence"	205	26
"Colidextribacter"	"Age"	"Age"	"Age"	0.590211437467815	0	0.461612825218582	0.201043079714156	0.958016576733572	0.361667839527359	0.99999953838267	NA	"prevalence"	205	130
"Coprobacillus"	"FIScore"	"FIScore"	"FIScore"	0.598857323004423	0	0.464929550637798	0.197724953659868	0.958016576733572	0.35635475001994	0.99999953838267	NA	"prevalence"	205	32
"Defluviitaleaceae_UCG-011"	"TimeNW"	"TimeNW"	"TimeNW"	-0.824189789023751	0	0.658060453076579	0.210404843997499	0.958016576733572	0.376539489617386	0.99999953838267	NA	"prevalence"	205	18
"Enterococcus"	"TimeNW"	"TimeNW"	"TimeNW"	0.882948340694304	0	0.702506813784045	0.208806589617339	0.958016576733572	0.208806589617339	0.975979911177211	NA	"prevalence"	205	12
"Haemophilus"	"FIScore"	"FIScore"	"FIScore"	-0.655357739768677	0	0.511124486185918	0.199776665557068	0.958016576733572	0.359642615013035	0.99999953838267	NA	"prevalence"	205	35
"Holdemanella"	"Sex"	"Female"	"SexFemale"	5.69156227052208	0	4.47585600052773	0.203510211218795	0.958016576733572	0.365604016367272	0.99999953838267	NA	"prevalence"	205	29
"Merdibacter"	"FIScore"	"FIScore"	"FIScore"	1.06630216484207	0	0.825179096275928	0.196285484801899	0.958016576733572	0.354042978059881	0.99999953838267	NA	"prevalence"	205	25
"Prevotella"	"Age"	"Age"	"Age"	0.980364432188374	0	0.758247962061606	0.196033950086622	0.958016576733572	0.353638590586679	0.99999953838267	NA	"prevalence"	205	17
"Rikenella"	"Location"	"Center"	"LocationCenter"	3.10204895676135	0	2.42107018563042	0.200098214073635	0.958016576733572	0.200098214073635	0.975203933424805	NA	"prevalence"	205	7
"Romboutsia"	"Age"	"Age"	"Age"	1.36735588898246	0	1.08507060958326	0.207613873134039	0.958016576733572	0.207613873134039	0.975979911177211	NA	"prevalence"	205	21
"Sutterella"	"FIScore"	"FIScore"	"FIScore"	-1.03562244209366	0	0.823913419244947	0.208769776930101	0.958016576733572	0.373954734100758	0.99999953838267	NA	"prevalence"	205	71
"Tyzzerella"	"Sex"	"Female"	"SexFemale"	-0.890382049004913	0	0.712760743619163	0.211591250672819	0.958016576733572	0.37841164398435	0.99999953838267	NA	"prevalence"	205	108
"UCG-003"	"TimeNW"	"TimeNW"	"TimeNW"	0.504691602307278	0	0.403069321241003	0.210525739865492	0.958016576733572	0.191661510831352	0.951333957524848	NA	"prevalence"	205	66
"Alloprevotella"	"TimeNW"	"TimeNW"	"TimeNW"	1.73442477436368	0	1.39456953812606	0.213610355113713	0.95841106232436	0.047014893284913	0.830253550381854	NA	"prevalence"	205	37
"Bilophila"	"TimeNW"	"TimeNW"	"TimeNW"	0.257684008765598	-0.0653625359736858	0.194856614404088	0.218787642617337	0.962170942729821	0.0221377485125921	0.830253550381854	NA	"abundance"	205	142
"Colidextribacter"	"TimeNW"	"TimeNW"	"TimeNW"	0.258474284193692	-0.0653625359736858	0.19694176345617	0.219695575969985	0.962170942729821	0.391125005839186	0.99999953838267	NA	"abundance"	205	130
"Erysipelatoclostridium"	"Age"	"Age"	"Age"	0.376776727637857	0.0217147887600172	0.272365266232446	0.218307996413141	0.962170942729821	0.01765174763705	0.82405790284544	NA	"abundance"	205	97
"Family_XIII_AD3011_group"	"TimeNW"	"TimeNW"	"TimeNW"	0.271946780429682	-0.0653625359736858	0.208150331958088	0.219027079512793	0.962170942729821	0.390081297465682	0.99999953838267	NA	"abundance"	205	75
"Veillonella"	"FIScore"	"FIScore"	"FIScore"	-0.898920601307695	-0.109824456238188	0.598573785944823	0.218313481424254	0.962170942729821	0.38896618667693	0.99999953838267	NA	"abundance"	205	43
"[Eubacterium]_hallii_group"	"Location"	"Center"	"LocationCenter"	-1.6984123774622	0	1.37337969984535	0.216210998691214	0.962170942729821	0.0501275742018438	0.830253550381854	NA	"prevalence"	205	178
"Fusicatenibacter"	"Location"	"Center"	"LocationCenter"	-1.72591764818408	0	1.40758925218631	0.220141675259683	0.962170942729821	0.391820993333227	0.99999953838267	NA	"prevalence"	205	111
"Veillonella"	"Age"	"Age"	"Age"	0.746763592146816	0	0.608116567896024	0.219449161406435	0.962170942729821	0.390740388370882	0.99999953838267	NA	"prevalence"	205	43
"Victivallis"	"TimeNW"	"TimeNW"	"TimeNW"	-2.30378078969941	0	1.8670165003379	0.217226370800219	0.962170942729821	0.217226370800219	0.975979911177211	NA	"prevalence"	205	16
"Limosilactobacillus"	"Location"	"Center"	"LocationCenter"	2.14320276164152	0	1.75101233879019	0.22096005693878	0.9629806492948	0.393096767115172	0.99999953838267	NA	"prevalence"	205	25
"Anaerotruncus"	"Age"	"Age"	"Age"	-0.66914506677125	0	0.5483102916157	0.222322131798093	0.964850610646507	0.395217133308937	0.99999953838267	NA	"prevalence"	205	79
"Streptococcus"	"TimeNW"	"TimeNW"	"TimeNW"	-0.757507495363308	0	0.621166866183611	0.222657833226117	0.964850610646507	0.395739155755284	0.99999953838267	NA	"prevalence"	205	149
"[Eubacterium]_fissicatena_group"	"Location"	"Center"	"LocationCenter"	1.08080100221652	-0.366942410777038	1.05427884538596	0.229866393918623	0.965819848481285	0.406894228784094	0.99999953838267	NA	"abundance"	205	35
"DTU014"	"TimeNW"	"TimeNW"	"TimeNW"	0.616912321795675	-0.0653625359736858	0.354651022177239	0.226202732752434	0.965819848481285	0.401237789200199	0.99999953838267	NA	"abundance"	205	18
"UCG-003"	"Location"	"Center"	"LocationCenter"	0.390616179409276	-0.366942410777038	0.511494873846874	0.229194190996177	0.965819848481285	0.405858404805961	0.99999953838267	NA	"abundance"	205	66
"Catenibacterium"	"FIScore"	"FIScore"	"FIScore"	-5.39410072733162	0	4.43632277574553	0.22402509084009	0.965819848481285	0.22402509084009	0.975979911177211	NA	"prevalence"	205	12
"Christensenellaceae_R-7_group"	"FIScore"	"FIScore"	"FIScore"	0.659505509340631	0	0.548588122221115	0.229291084564218	0.965819848481285	0.4060077676678	0.99999953838267	NA	"prevalence"	205	143
"Desulfovibrio"	"Age"	"Age"	"Age"	1.0516541019837	0	0.868866220282441	0.226134963932634	0.965819848481285	0.401132905952454	0.99999953838267	NA	"prevalence"	205	76
"Erysipelotrichaceae_UCG-003"	"TimeNW"	"TimeNW"	"TimeNW"	1.30431375424756	0	1.07480588913754	0.224925629383677	0.965819848481285	0.399259720013711	0.99999953838267	NA	"prevalence"	205	49
"Izemoplasmatales"	"FIScore"	"FIScore"	"FIScore"	0.874320279616127	0	0.724920167957011	0.227782091250386	0.965819848481285	0.403679501406372	0.99999953838267	NA	"prevalence"	205	26
"Lachnoclostridium"	"Age"	"Age"	"Age"	-0.479768774869311	0	0.398509332898725	0.228624944480895	0.965819848481285	0.404980523722898	0.99999953838267	NA	"prevalence"	205	129
"Lachnospiraceae_ND3007_group"	"Location"	"Center"	"LocationCenter"	-1.51946466709833	0	1.2599474921177	0.227827286038489	0.965819848481285	0.403749299813314	0.99999953838267	NA	"prevalence"	205	92
"Prevotella_9"	"Sex"	"Female"	"SexFemale"	3.08466595863896	0	2.54341305609516	0.225204099587492	0.965819848481285	0.399691312703971	0.99999953838267	NA	"prevalence"	205	28
"Cloacibacillus"	"Age"	"Age"	"Age"	-1.48198098218956	0	1.2359981927546	0.230521921466683	0.965905902343872	0.230521921466683	0.975979911177211	NA	"prevalence"	205	16
"Cloacibacillus"	"FIScore"	"FIScore"	"FIScore"	1.2764672184946	0	1.06642298280117	0.231321573938034	0.966593719669642	0.231321573938034	0.975979911177211	NA	"prevalence"	205	16
"UBA1819"	"Age"	"Age"	"Age"	-0.27689619114949	0.0217147887600172	0.235424654079022	0.233179222373143	0.971686567752193	0.411985894999742	0.99999953838267	NA	"abundance"	205	153
"Family_XIII_AD3011_group"	"Location"	"Center"	"LocationCenter"	0.336150020700504	-0.366942410777038	0.46661149380055	0.234802152945857	0.97457740711914	0.278986883153823	0.997062063331157	NA	"abundance"	205	75
"Limosilactobacillus"	"Sex"	"Female"	"SexFemale"	-2.1675348232488	0.120634302437176	1.54682640021011	0.235154443400871	0.97457740711914	0.415011274550568	0.99999953838267	NA	"abundance"	205	25
"Parasutterella"	"Sex"	"Female"	"SexFemale"	1.97063942669485	0	1.6672089386775	0.2372060670908	0.980408771861703	0.418145415916915	0.99999953838267	NA	"prevalence"	205	62
"Lachnospira"	"TimeNW"	"TimeNW"	"TimeNW"	-0.550695620629751	0	0.468416081197438	0.239732842178235	0.988167081173698	0.421993848737615	0.99999953838267	NA	"prevalence"	205	119
"CAG-56"	"TimeNW"	"TimeNW"	"TimeNW"	1.0103687172685	-0.0653625359736858	0.73959565985834	0.242619845910159	0.988852802514174	0.426375302190848	0.99999953838267	NA	"abundance"	205	32
"Dialister"	"Sex"	"Female"	"SexFemale"	1.41523984006151	0.120634302437176	1.05067985619011	0.242471569871492	0.988852802514174	0.299599301837962	0.997062063331157	NA	"abundance"	205	78
"[Eubacterium]_ruminantium_group"	"Location"	"Center"	"LocationCenter"	-1.91711309073406	0	1.65163969505522	0.245750400624824	0.988852802514174	0.431107541842387	0.99999953838267	NA	"prevalence"	205	14
"Actinomyces"	"TimeNW"	"TimeNW"	"TimeNW"	0.481825700557126	0	0.413506467932718	0.243930251438156	0.988852802514174	0.42835853530963	0.99999953838267	NA	"prevalence"	205	41
"Anaerostipes"	"Age"	"Age"	"Age"	0.910112213208974	0	0.779897340861469	0.24322486007994	0.988852802514174	0.427291387598974	0.99999953838267	NA	"prevalence"	205	158
"Erysipelotrichaceae_UCG-003"	"Sex"	"Female"	"SexFemale"	2.56398541297798	0	2.20704215641875	0.24534546344105	0.988852802514174	0.430496530450997	0.99999953838267	NA	"prevalence"	205	49
"Lachnoclostridium"	"Location"	"Center"	"LocationCenter"	0.977806668622988	0	0.840518826245492	0.244692790268379	0.988852802514174	0.14365965491147	0.951333957524848	NA	"prevalence"	205	129
"Lachnospiraceae_UCG-004"	"Age"	"Age"	"Age"	-0.62081195384464	0	0.533571962697059	0.244625956981035	0.988852802514174	0.429410055133183	0.99999953838267	NA	"prevalence"	205	37
"Slackia"	"FIScore"	"FIScore"	"FIScore"	0.610191859688033	0	0.520550111646053	0.241114440646962	0.988852802514174	0.424092707805426	0.99999953838267	NA	"prevalence"	205	21
"[Eubacterium]_nodatum_group"	"FIScore"	"FIScore"	"FIScore"	0.211264526496723	-0.109824456238188	0.300119873479512	0.313467274823148	0.991013613336498	0.528672817261245	0.99999953838267	NA	"abundance"	205	44
"[Eubacterium]_siraeum_group"	"Age"	"Age"	"Age"	0.441219731395156	0.0217147887600172	0.347566262565576	0.250599207059065	0.991013613336498	0.438398451539498	0.99999953838267	NA	"abundance"	205	83
"[Eubacterium]_ventriosum_group"	"TimeNW"	"TimeNW"	"TimeNW"	0.516655073918774	-0.0653625359736858	0.514496523483565	0.293967896348038	0.991013613336498	0.0455846884643781	0.830253550381854	NA	"abundance"	205	83
"[Eubacterium]_xylanophilum_group"	"FIScore"	"FIScore"	"FIScore"	-0.390593670600488	-0.109824456238188	0.240312075582411	0.27131957890332	0.991013613336498	0.469024843910365	0.99999953838267	NA	"abundance"	205	112
"Actinomyces"	"Sex"	"Female"	"SexFemale"	0.836649604779741	0.120634302437176	0.661434051797283	0.306973446118588	0.991013613336498	0.519714195615255	0.99999953838267	NA	"abundance"	205	41
"Alloprevotella"	"FIScore"	"FIScore"	"FIScore"	-0.770429838753142	-0.109824456238188	0.42660885948	0.260618332612539	0.991013613336498	0.186176217812239	0.951333957524848	NA	"abundance"	205	37
"Bilophila"	"Location"	"Center"	"LocationCenter"	0.265138408568316	-0.366942410777038	0.471009606421066	0.283946589281741	0.991013613336498	0.192212998476527	0.951333957524848	NA	"abundance"	205	142
"Blautia"	"Location"	"Center"	"LocationCenter"	-0.976866371363671	-0.366942410777038	0.419464262857551	0.265664202501464	0.991013613336498	0.265664202501464	0.988434927183272	NA	"abundance"	205	198
"CAG-352"	"TimeNW"	"TimeNW"	"TimeNW"	-1.60755426682886	-0.0653625359736858	1.17582531195938	0.31791235645915	0.991013613336498	0.456311811562091	0.99999953838267	NA	"abundance"	205	26
"Clostridia_vadinBB60_group"	"TimeNW"	"TimeNW"	"TimeNW"	0.40602852786821	-0.0653625359736858	0.419947515872865	0.308865108533941	0.991013613336498	0.522332561798199	0.99999953838267	NA	"abundance"	205	70
"Clostridium_sensu_stricto_1"	"Sex"	"Female"	"SexFemale"	1.23011344069519	0.120634302437176	0.984708792730568	0.276766673481699	0.991013613336498	0.173775849268012	0.951333957524848	NA	"abundance"	205	86
"Colidextribacter"	"FIScore"	"FIScore"	"FIScore"	0.114444917703397	-0.109824456238188	0.19744015968822	0.290376729045739	0.991013613336498	0.496434813320175	0.99999953838267	NA	"abundance"	205	130
"Coprobacillus"	"FIScore"	"FIScore"	"FIScore"	0.174239510066803	-0.109824456238188	0.239640496559981	0.266847897566512	0.991013613336498	0.35635475001994	0.99999953838267	NA	"abundance"	205	32
"Coprococcus"	"TimeNW"	"TimeNW"	"TimeNW"	0.268245151615767	-0.0653625359736858	0.234488184564096	0.257834131488169	0.991013613336498	0.44918982361608	0.99999953838267	NA	"abundance"	205	115
"Dielma"	"TimeNW"	"TimeNW"	"TimeNW"	-2.3790057960591	-0.0653625359736858	1.20377313379172	0.307897029803443	0.991013613336498	0.520993478645103	0.99999953838267	NA	"abundance"	205	6
"Eisenbergiella"	"TimeNW"	"TimeNW"	"TimeNW"	-0.57477364674061	-0.0653625359736858	0.447748106263465	0.295036208520977	0.991013613336498	0.0286432941854181	0.830253550381854	NA	"abundance"	205	99
"Eubacterium"	"Location"	"Center"	"LocationCenter"	-3.44989445434794	-0.366942410777038	2.25046401083062	0.258956059072605	0.991013613336498	0.0275126157132588	0.830253550381854	NA	"abundance"	205	30
"Faecalibacterium"	"Location"	"Center"	"LocationCenter"	-1.04198205024348	-0.366942410777038	0.516000496674506	0.28121397398844	0.991013613336498	0.483346648810509	0.99999953838267	NA	"abundance"	205	177
"Flavonifractor"	"Sex"	"Female"	"SexFemale"	-0.445224519464554	0.120634302437176	0.507863046776873	0.297795839110524	0.991013613336498	0.506909316429506	0.99999953838267	NA	"abundance"	205	117
"Fusobacterium"	"Age"	"Age"	"Age"	1.09987109394292	0.0217147887600172	0.908652674085987	0.260740042446411	0.991013613336498	0.114536717826072	0.951333957524848	NA	"abundance"	205	17
"Gastranaerophilales"	"FIScore"	"FIScore"	"FIScore"	-0.441989189760253	-0.109824456238188	0.286729297547743	0.304884953776915	0.991013613336498	0.516815072514278	0.99999953838267	NA	"abundance"	205	38
"Holdemanella"	"Location"	"Center"	"LocationCenter"	24.5964347964954	-0.366942410777038	8.37578941985262	0.304322947306686	0.991013613336498	0.0979527959454569	0.93843919025082	NA	"abundance"	205	29
"Holdemanella"	"TimeNW"	"TimeNW"	"TimeNW"	10.8404934696524	-0.0653625359736858	2.97481721784725	0.262357337514748	0.991013613336498	0.455883302481669	0.99999953838267	NA	"abundance"	205	29
"HT002"	"Age"	"Age"	"Age"	-0.738663903286168	0.0217147887600172	0.665847753556918	0.299186591916738	0.991013613336498	0.508860567050723	0.99999953838267	NA	"abundance"	205	40
"Incertae_Sedis"	"FIScore"	"FIScore"	"FIScore"	0.102297323167901	-0.109824456238188	0.18777327886342	0.295718474903684	0.991013613336498	0.500677734435415	0.99999953838267	NA	"abundance"	205	180
"Lactobacillus"	"TimeNW"	"TimeNW"	"TimeNW"	0.796597572526399	-0.0653625359736858	0.467886983705037	0.264896641517102	0.991013613336498	0.459623052347164	0.99999953838267	NA	"abundance"	205	25
"Muribaculaceae"	"Sex"	"Female"	"SexFemale"	-2.06578940079732	0.120634302437176	1.77818008475782	0.312818995227435	0.991013613336498	0.527782266679768	0.99999953838267	NA	"abundance"	205	25
"Oscillibacter"	"Sex"	"Female"	"SexFemale"	0.659931778362564	0.120634302437176	0.452259599950579	0.317497294379334	0.991013613336498	0.53419005682047	0.99999953838267	NA	"abundance"	205	22
"Oxalobacter"	"FIScore"	"FIScore"	"FIScore"	0.490475272516325	-0.109824456238188	0.427572721144921	0.31064491355271	0.991013613336498	0.512540252141948	0.99999953838267	NA	"abundance"	205	17
"Parasutterella"	"Age"	"Age"	"Age"	-0.451554809916937	0.0217147887600172	0.406595035278104	0.272567732828926	0.991013613336498	0.470842296678351	0.99999953838267	NA	"abundance"	205	62
"Parasutterella"	"FIScore"	"FIScore"	"FIScore"	0.292592750568904	-0.109824456238188	0.364224609095	0.295189870945819	0.991013613336498	0.503242681982629	0.99999953838267	NA	"abundance"	205	62
"Peptococcus"	"FIScore"	"FIScore"	"FIScore"	-0.328077880372413	-0.109824456238188	0.19652250691879	0.314939001370305	0.991013613336498	0.530691428156484	0.99999953838267	NA	"abundance"	205	53
"Prevotella"	"Age"	"Age"	"Age"	1.0706225126467	0.0217147887600172	0.786200819234775	0.316147491175424	0.991013613336498	0.353638590586679	0.99999953838267	NA	"abundance"	205	17
"Prevotella"	"FIScore"	"FIScore"	"FIScore"	-2.30277390891966	-0.109824456238188	1.32776636906956	0.30930956669362	0.991013613336498	0.522946725339045	0.99999953838267	NA	"abundance"	205	17
"Prevotella"	"Sex"	"Female"	"SexFemale"	-6.51737347414914	0.120634302437176	3.88156817254483	0.263671638667603	0.991013613336498	0.457820544297547	0.99999953838267	NA	"abundance"	205	17
"Slackia"	"FIScore"	"FIScore"	"FIScore"	0.265308024585227	-0.109824456238188	0.329299941303995	0.310609858213763	0.991013613336498	0.424092707805426	0.99999953838267	NA	"abundance"	205	21
"Sutterella"	"Sex"	"Female"	"SexFemale"	-0.827443247170809	0.120634302437176	0.775910980616436	0.251518244080961	0.991013613336498	0.439775061056353	0.99999953838267	NA	"abundance"	205	71
"Tannerellaceae"	"TimeNW"	"TimeNW"	"TimeNW"	-0.408394963305669	-0.0653625359736858	0.278605258338269	0.305246863653803	0.991013613336498	0.466289751459927	0.99999953838267	NA	"abundance"	205	86
"UBA1819"	"Sex"	"Female"	"SexFemale"	0.661254615657561	0.120634302437176	0.468395098362572	0.282587881884397	0.991013613336498	0.303676486540519	0.99999953838267	NA	"abundance"	205	153
"[Clostridium]_methylpentosum_group"	"FIScore"	"FIScore"	"FIScore"	0.764813922834128	0	0.744971286540721	0.30459216065036	0.991013613336498	0.30459216065036	0.99999953838267	NA	"prevalence"	205	12
"[Eubacterium]_coprostanoligenes_group"	"Age"	"Age"	"Age"	-0.726840613517572	0	0.710246037044306	0.306135515779653	0.991013613336498	0.518552077537633	0.99999953838267	NA	"prevalence"	205	186
"[Eubacterium]_coprostanoligenes_group"	"Sex"	"Female"	"SexFemale"	-1.72694143861634	0	1.54769986261523	0.264502793296959	0.991013613336498	0.188901114814392	0.951333957524848	NA	"prevalence"	205	186
"[Eubacterium]_fissicatena_group"	"Age"	"Age"	"Age"	-0.6408505883143	0	0.56214193917348	0.254279795871913	0.991013613336498	0.443901377155165	0.99999953838267	NA	"prevalence"	205	35
"[Eubacterium]_ruminantium_group"	"Sex"	"Female"	"SexFemale"	1.75125403451804	0	1.75359995559332	0.31795834537029	0.991013613336498	0.534819181349967	0.99999953838267	NA	"prevalence"	205	14
"[Ruminococcus]_gnavus_group"	"Age"	"Age"	"Age"	0.51599130899066	0	0.498133607684115	0.30027249093949	0.991013613336498	0.251734099012419	0.988434927183272	NA	"prevalence"	205	79
"[Ruminococcus]_gnavus_group"	"Sex"	"Female"	"SexFemale"	1.04519208259667	0	1.0422599974699	0.315950999078309	0.991013613336498	0.532076964338037	0.99999953838267	NA	"prevalence"	205	79
"Adlercreutzia"	"FIScore"	"FIScore"	"FIScore"	0.628838456725483	0	0.605063700843975	0.298668498696695	0.991013613336498	0.508134125279653	0.99999953838267	NA	"prevalence"	205	79
"Anaerostipes"	"Sex"	"Female"	"SexFemale"	-1.60142152083438	0	1.57588740004723	0.309532722902487	0.991013613336498	0.523254939257547	0.99999953838267	NA	"prevalence"	205	158
"Bifidobacterium"	"TimeNW"	"TimeNW"	"TimeNW"	0.737106888606146	0	0.694332928124706	0.288415317326919	0.991013613336498	0.49364723938505	0.99999953838267	NA	"prevalence"	205	125
"Butyricicoccus"	"Location"	"Center"	"LocationCenter"	-1.14284635815216	0	1.1020670672578	0.299734669113842	0.991013613336498	0.509628466358899	0.99999953838267	NA	"prevalence"	205	151
"CAG-352"	"TimeNW"	"TimeNW"	"TimeNW"	-1.28917463138222	0	1.15088983298442	0.262647853167899	0.991013613336498	0.456311811562091	0.99999953838267	NA	"prevalence"	205	26
"Christensenella"	"Age"	"Age"	"Age"	-0.674843225382082	0	0.675269036573575	0.317615767907349	0.991013613336498	0.534351759791323	0.99999953838267	NA	"prevalence"	205	7
"Christensenella"	"FIScore"	"FIScore"	"FIScore"	0.573852404147473	0	0.554130578917706	0.300393191437724	0.991013613336498	0.510550313413307	0.99999953838267	NA	"prevalence"	205	7
"Clostridia_vadinBB60_group"	"Sex"	"Female"	"SexFemale"	-1.19439724181036	0	1.1695260290016	0.307128401030947	0.991013613336498	0.0964308905013376	0.93843919025082	NA	"prevalence"	205	70
"Clostridia_vadinBB60_group"	"TimeNW"	"TimeNW"	"TimeNW"	-0.592598306187592	0	0.593354660200375	0.317927785138749	0.991013613336498	0.522332561798199	0.99999953838267	NA	"prevalence"	205	70
"Coprobacillus"	"Age"	"Age"	"Age"	0.572472052411444	0	0.500371933119845	0.252585048564163	0.991013613336498	0.441370890370166	0.99999953838267	NA	"prevalence"	205	32
"Coprobacter"	"FIScore"	"FIScore"	"FIScore"	-0.921153081246722	0	0.824495019398366	0.263894694895026	0.991013613336498	0.316203928310383	0.99999953838267	NA	"prevalence"	205	45
"Coprococcus"	"FIScore"	"FIScore"	"FIScore"	-0.642690044720344	0	0.621264775111967	0.300908768237904	0.991013613336498	0.511271449673356	0.99999953838267	NA	"prevalence"	205	115
"Eggerthella"	"Location"	"Center"	"LocationCenter"	-0.746462392580702	0	0.703950588623645	0.288967062458367	0.991013613336498	0.494432161730917	0.99999953838267	NA	"prevalence"	205	82
"Escherichia-Shigella"	"Sex"	"Female"	"SexFemale"	0.964410591644034	0	0.949998115289808	0.310024294241868	0.991013613336498	0.523933525463567	0.99999953838267	NA	"prevalence"	205	159
"Faecalitalea"	"FIScore"	"FIScore"	"FIScore"	0.589630385653714	0	0.55289403495914	0.286223095453043	0.991013613336498	0.490522530535364	0.99999953838267	NA	"prevalence"	205	71
"Faecalitalea"	"Sex"	"Female"	"SexFemale"	-1.20422634243537	0	1.19769681763328	0.314679379348649	0.991013613336498	0.530335646910047	0.99999953838267	NA	"prevalence"	205	71
"Family_XIII_AD3011_group"	"Age"	"Age"	"Age"	0.406942084517302	0	0.357226543985587	0.254631879301798	0.991013613336498	0.44442636464683	0.99999953838267	NA	"prevalence"	205	75
"Fenollaria"	"FIScore"	"FIScore"	"FIScore"	0.677816813859829	0	0.616171934165101	0.271312544996795	0.991013613336498	0.271312544996795	0.990346614864846	NA	"prevalence"	205	3
"Frisingicoccus"	"Sex"	"Female"	"SexFemale"	-1.39251698949424	0	1.25951651102756	0.268901224929511	0.991013613336498	0.465494581090431	0.99999953838267	NA	"prevalence"	205	95
"Frisingicoccus"	"TimeNW"	"TimeNW"	"TimeNW"	0.669437852330432	0	0.654099096369503	0.306095033571283	0.991013613336498	0.518495897565561	0.99999953838267	NA	"prevalence"	205	95
"Haemophilus"	"Age"	"Age"	"Age"	0.595309863544755	0	0.552208794904974	0.28101049602249	0.991013613336498	0.483054093170175	0.99999953838267	NA	"prevalence"	205	35
"Haemophilus"	"Location"	"Center"	"LocationCenter"	-1.20504194005421	0	1.08736044334754	0.267763897053649	0.991013613336498	0.46383028954194	0.99999953838267	NA	"prevalence"	205	35
"Harryflintia"	"TimeNW"	"TimeNW"	"TimeNW"	-1.2034687533405	0	1.18200764632577	0.308603594236841	0.991013613336498	0.308603594236841	0.99999953838267	NA	"prevalence"	205	10
"Holdemanella"	"TimeNW"	"TimeNW"	"TimeNW"	2.37612596574078	0	2.12478517751383	0.263443166588868	0.991013613336498	0.455883302481669	0.99999953838267	NA	"prevalence"	205	29
"Hydrogenoanaerobacterium"	"Sex"	"Female"	"SexFemale"	-1.44799802735587	0	1.3953266009249	0.299387178766337	0.991013613336498	0.509141674723007	0.99999953838267	NA	"prevalence"	205	23
"Incertae_Sedis"	"FIScore"	"FIScore"	"FIScore"	0.44743978327626	0	0.42582824586382	0.293372611934278	0.991013613336498	0.500677734435415	0.99999953838267	NA	"prevalence"	205	180
"Incertae_Sedis"	"Sex"	"Female"	"SexFemale"	-1.02578214193291	0	0.958101787633395	0.284331309962211	0.991013613336498	0.487818326099594	0.99999953838267	NA	"prevalence"	205	180
"Izemoplasmatales"	"Age"	"Age"	"Age"	-0.856695221354946	0	0.797756244017715	0.282876049096425	0.991013613336498	0.485733239040448	0.99999953838267	NA	"prevalence"	205	26
"Lachnospira"	"Location"	"Center"	"LocationCenter"	-1.16014415123721	0	1.07290082214826	0.279556852006931	0.991013613336498	0.480961670509837	0.99999953838267	NA	"prevalence"	205	119
"Lachnospiraceae_NC2004_group"	"TimeNW"	"TimeNW"	"TimeNW"	0.291392537710367	0	0.282128836754968	0.301681120468732	0.991013613336498	0.168091214536123	0.951333957524848	NA	"prevalence"	205	76
"Lachnospiraceae_ND3007_group"	"FIScore"	"FIScore"	"FIScore"	-0.579421288398542	0	0.518531852163197	0.263811963857857	0.991013613336498	0.458027175441174	0.99999953838267	NA	"prevalence"	205	92
"Lachnospiraceae_UCG-001"	"Sex"	"Female"	"SexFemale"	1.41560873416914	0	1.26307977449939	0.262390221526968	0.991013613336498	0.455931814700965	0.99999953838267	NA	"prevalence"	205	59
"Lachnospiraceae_UCG-004"	"FIScore"	"FIScore"	"FIScore"	-0.51150537873807	0	0.482408014024495	0.289000445018703	0.991013613336498	0.122239753598323	0.951333957524848	NA	"prevalence"	205	37
"Lachnospiraceae_UCG-004"	"Sex"	"Female"	"SexFemale"	1.22150354501545	0	1.11065499272047	0.271417238241512	0.991013613336498	0.469167159268375	0.99999953838267	NA	"prevalence"	205	37
"Lachnospiraceae_UCG-010"	"TimeNW"	"TimeNW"	"TimeNW"	-5.57233394243819	0	4.92740906737285	0.258103417262896	0.991013613336498	0.258103417262896	0.988434927183272	NA	"prevalence"	205	10
"Ligilactobacillus"	"Location"	"Center"	"LocationCenter"	2.14923038337913	0	1.95856285208165	0.272488100813452	0.991013613336498	0.470726436541982	0.99999953838267	NA	"prevalence"	205	23
"Merdibacter"	"Sex"	"Female"	"SexFemale"	-1.88263965237629	0	1.87158932162897	0.314461631783388	0.991013613336498	0.530037145702905	0.99999953838267	NA	"prevalence"	205	25
"NK4A214_group"	"TimeNW"	"TimeNW"	"TimeNW"	-2.28277425175341	0	2.27442898219786	0.315538101385592	0.991013613336498	0.315538101385592	0.99999953838267	NA	"prevalence"	205	5
"Oscillibacter"	"Location"	"Center"	"LocationCenter"	1.35705151575412	0	1.20654556605999	0.260698714805005	0.991013613336498	0.17887759031231	0.951333957524848	NA	"prevalence"	205	22
"Oxalobacter"	"Age"	"Age"	"Age"	0.805901253124808	0	0.730945289275045	0.27022410528571	0.991013613336498	0.467427143493958	0.99999953838267	NA	"prevalence"	205	17
"Oxalobacter"	"FIScore"	"FIScore"	"FIScore"	-0.677349310094597	0	0.655999722446519	0.301816823564151	0.991013613336498	0.512540252141948	0.99999953838267	NA	"prevalence"	205	17
"Peptoniphilus"	"TimeNW"	"TimeNW"	"TimeNW"	0.578891876501624	0	0.532999589335787	0.277433903705007	0.991013613336498	0.277433903705007	0.997062063331157	NA	"prevalence"	205	3
"Prevotella"	"TimeNW"	"TimeNW"	"TimeNW"	0.709106469697743	0	0.684039370349087	0.299901008280535	0.991013613336498	0.509861401793389	0.99999953838267	NA	"prevalence"	205	17
"Prevotellaceae_UCG-001"	"Age"	"Age"	"Age"	-1.08422900475565	0	1.03832820437471	0.296389884981207	0.991013613336498	0.296389884981207	0.997062063331157	NA	"prevalence"	205	2
"Prevotellaceae_UCG-001"	"TimeNW"	"TimeNW"	"TimeNW"	0.833415348253049	0	0.73387630197722	0.256109506162027	0.991013613336498	0.256109506162027	0.988434927183272	NA	"prevalence"	205	2
"RF39"	"Age"	"Age"	"Age"	-1.26666509275691	0	1.25974303202494	0.314658642688175	0.991013613336498	0.530307223957985	0.99999953838267	NA	"prevalence"	205	28
"Rikenellaceae_RC9_gut_group"	"Age"	"Age"	"Age"	2.03938279905138	0	1.81692049398737	0.261675742002062	0.991013613336498	0.261675742002062	0.988434927183272	NA	"prevalence"	205	12
"Rothia"	"Location"	"Center"	"LocationCenter"	-1.46329982659599	0	1.41886582718081	0.302392394240136	0.991013613336498	0.51334362838599	0.99999953838267	NA	"prevalence"	205	17
"Ruminococcus"	"Sex"	"Female"	"SexFemale"	1.13885643618056	0	1.05970971338748	0.282514808416277	0.991013613336498	0.485214999858068	0.99999953838267	NA	"prevalence"	205	156
"Sarcina"	"Age"	"Age"	"Age"	-1.87453510547726	0	1.66617218339451	0.26056578967769	0.991013613336498	0.26056578967769	0.988434927183272	NA	"prevalence"	205	7
"Sellimonas"	"Location"	"Center"	"LocationCenter"	-1.70349047062443	0	1.54620442239985	0.270581693938828	0.991013613336498	0.46794893478285	0.99999953838267	NA	"prevalence"	205	42
"Senegalimassilia"	"Location"	"Center"	"LocationCenter"	5.65589762736306	0	5.11205405716221	0.26856010986603	0.991013613336498	0.26856010986603	0.988434927183272	NA	"prevalence"	205	16
"Staphylococcus"	"Age"	"Age"	"Age"	-7.95942085935215	0	7.12939707811999	0.264241233842827	0.991013613336498	0.264241233842827	0.988434927183272	NA	"prevalence"	205	4
"Staphylococcus"	"Sex"	"Female"	"SexFemale"	2.56011194332062	0	2.24799721436637	0.254769375964738	0.991013613336498	0.254769375964738	0.988434927183272	NA	"prevalence"	205	4
"Succiniclasticum"	"Age"	"Age"	"Age"	-1.54872312008959	0	1.48033050033148	0.295468281757586	0.991013613336498	0.295468281757586	0.997062063331157	NA	"prevalence"	205	15
"Succiniclasticum"	"TimeNW"	"TimeNW"	"TimeNW"	-3.34865340910095	0	3.27235365293355	0.306158236041492	0.991013613336498	0.306158236041492	0.99999953838267	NA	"prevalence"	205	15
"Sutterella"	"Sex"	"Female"	"SexFemale"	-1.93487432499506	0	1.78763235131438	0.279089470746131	0.991013613336498	0.439775061056353	0.99999953838267	NA	"prevalence"	205	71
"Tannerellaceae"	"TimeNW"	"TimeNW"	"TimeNW"	0.985952491997915	0	0.892797149202209	0.26944524603554	0.991013613336498	0.466289751459927	0.99999953838267	NA	"prevalence"	205	86
"Turicibacter"	"TimeNW"	"TimeNW"	"TimeNW"	0.927397766678567	0	0.860642135028438	0.28122796786425	0.991013613336498	0.483366765819445	0.99999953838267	NA	"prevalence"	205	48
"Tyzzerella"	"TimeNW"	"TimeNW"	"TimeNW"	-0.349745711360719	0	0.348384341063748	0.315423120261855	0.991013613336498	0.531354495727985	0.99999953838267	NA	"prevalence"	205	108
"UCG-003"	"FIScore"	"FIScore"	"FIScore"	-0.392048595550284	0	0.39038051997164	0.315247069227614	0.991013613336498	0.531113423798627	0.99999953838267	NA	"prevalence"	205	66
"UCG-005"	"FIScore"	"FIScore"	"FIScore"	-0.507973623671704	0	0.477411734792839	0.287321547018204	0.991013613336498	0.492089422655474	0.99999953838267	NA	"prevalence"	205	54
"uncultured"	"Location"	"Center"	"LocationCenter"	1.18380012981206	0	1.09109486719468	0.277936999986169	0.991013613336498	0.478625024011026	0.99999953838267	NA	"prevalence"	205	154
"Victivallis"	"Location"	"Center"	"LocationCenter"	2.98165052449453	0	2.62750110726735	0.256465144570795	0.991013613336498	0.256465144570795	0.988434927183272	NA	"prevalence"	205	16
"Adlercreutzia"	"Sex"	"Female"	"SexFemale"	0.808919474059345	0.120634302437176	0.655780107285823	0.321845164398525	0.993037637835345	0.540106018950336	0.99999953838267	NA	"abundance"	205	79
"Anaerotruncus"	"Location"	"Center"	"LocationCenter"	0.184113091822488	-0.366942410777038	0.426701379431496	0.323607702231342	0.993037637835345	0.542493459519235	0.99999953838267	NA	"abundance"	205	79
"CAG-352"	"FIScore"	"FIScore"	"FIScore"	-0.521786266591106	-0.109824456238188	0.306415114321462	0.32389410314199	0.993037637835345	0.542880816233825	0.99999953838267	NA	"abundance"	205	26
"Erysipelatoclostridium"	"Location"	"Center"	"LocationCenter"	-1.0004138528159	-0.366942410777038	0.529451764805938	0.322652604250276	0.993037637835345	0.000229674586414038	0.172129729437942	NA	"abundance"	205	97
"Muribaculaceae"	"FIScore"	"FIScore"	"FIScore"	0.981708646852638	-0.109824456238188	0.917544104248146	0.320984626631627	0.993037637835345	0.32360466157741	0.99999953838267	NA	"abundance"	205	25
"Parasutterella"	"Sex"	"Female"	"SexFemale"	0.896630050440777	0.120634302437176	0.736905604017752	0.321012722556798	0.993037637835345	0.418145415916915	0.99999953838267	NA	"abundance"	205	62
"Fournierella"	"TimeNW"	"TimeNW"	"TimeNW"	-0.675412070370814	0	0.68549862464059	0.324483698885054	0.993037637835345	0.0654333266584818	0.883092238873622	NA	"prevalence"	205	21
"Hungatella"	"TimeNW"	"TimeNW"	"TimeNW"	-0.327071997512171	0	0.331913285980758	0.324420757509768	0.993037637835345	0.543592687116324	0.99999953838267	NA	"prevalence"	205	75
"Terrisporobacter"	"Sex"	"Female"	"SexFemale"	1.93522176964847	0	1.95478065514856	0.322176889251383	0.993037637835345	0.322176889251383	0.99999953838267	NA	"prevalence"	205	12
"Collinsella"	"Sex"	"Female"	"SexFemale"	0.906111198846663	0.120634302437176	0.771480322851776	0.32792384521593	0.999461052206765	0.548313642170659	0.99999953838267	NA	"abundance"	205	124
"Eubacterium"	"Sex"	"Female"	"SexFemale"	0.847148462680604	0.120634302437176	0.659624004151833	0.329211036920177	0.999461052206765	0.550042167010296	0.99999953838267	NA	"abundance"	205	30
"Rikenella"	"Sex"	"Female"	"SexFemale"	-2.73669962902047	0	2.7960833721151	0.327697682349674	0.999461052206765	0.327697682349674	0.99999953838267	NA	"prevalence"	205	7
"UCG-010"	"Sex"	"Female"	"SexFemale"	-1.07391408677893	0	1.09965132502226	0.328769649939782	0.999461052206765	0.158073864937588	0.951333957524848	NA	"prevalence"	205	46
"[Clostridium]_innocuum_group"	"FIScore"	"FIScore"	"FIScore"	0.13839458918611	-0.109824456238188	0.253046313472997	0.349909470273722	0.99999953838267	0.577382303160207	0.99999953838267	NA	"abundance"	205	108
"[Clostridium]_innocuum_group"	"Location"	"Center"	"LocationCenter"	0.0633799328131095	-0.366942410777038	0.572048701490852	0.520002142256511	0.99999953838267	0.769602056561662	0.99999953838267	NA	"abundance"	205	108
"[Clostridium]_innocuum_group"	"TimeNW"	"TimeNW"	"TimeNW"	0.102210043246247	-0.0653625359736858	0.332003707607719	0.652957045935059	0.99999953838267	0.141177736037034	0.951333957524848	NA	"abundance"	205	108
"[Eubacterium]_brachy_group"	"Age"	"Age"	"Age"	-0.154293395918056	0.0217147887600172	0.295168656388349	0.571172243005863	0.99999953838267	0.120598932651204	0.951333957524848	NA	"abundance"	205	24
"[Eubacterium]_brachy_group"	"FIScore"	"FIScore"	"FIScore"	0.0358438994714561	-0.109824456238188	0.397011238815409	0.722246962124886	0.99999953838267	0.323385960283404	0.99999953838267	NA	"abundance"	205	24
"[Eubacterium]_brachy_group"	"Location"	"Center"	"LocationCenter"	-0.0566923631951461	-0.366942410777038	0.67218642899497	0.685577484549194	0.99999953838267	0.00666955303672772	0.695872760983349	NA	"abundance"	205	24
"[Eubacterium]_brachy_group"	"Sex"	"Female"	"SexFemale"	0.0566328855013253	0.120634302437176	0.576038341906203	0.915772299318742	0.99999953838267	0.28439885622326	0.997062063331157	NA	"abundance"	205	24
"[Eubacterium]_brachy_group"	"TimeNW"	"TimeNW"	"TimeNW"	-0.0401305183300995	-0.0653625359736858	0.359523103364982	0.949831275993017	0.99999953838267	0.993986540979953	0.99999953838267	NA	"abundance"	205	24
"[Eubacterium]_coprostanoligenes_group"	"Age"	"Age"	"Age"	0.0351997250845168	0.0217147887600172	0.22001933434064	0.953531025492277	0.99999953838267	0.518552077537633	0.99999953838267	NA	"abundance"	205	186
"[Eubacterium]_coprostanoligenes_group"	"FIScore"	"FIScore"	"FIScore"	-0.140935493119273	-0.109824456238188	0.187893219977885	0.876983639212292	0.99999953838267	0.563875611092376	0.99999953838267	NA	"abundance"	205	186
"[Eubacterium]_coprostanoligenes_group"	"Location"	"Center"	"LocationCenter"	-0.664915851624447	-0.366942410777038	0.457918131767763	0.601944357739478	0.99999953838267	0.174556803801979	0.951333957524848	NA	"abundance"	205	186
"[Eubacterium]_coprostanoligenes_group"	"TimeNW"	"TimeNW"	"TimeNW"	0.0229641222246185	-0.0653625359736858	0.235723554296012	0.760221163287616	0.99999953838267	0.135542988054573	0.951333957524848	NA	"abundance"	205	186
"[Eubacterium]_eligens_group"	"Age"	"Age"	"Age"	0.228832268897003	0.0217147887600172	0.25331001652846	0.439422874543527	0.99999953838267	0.685753286414958	0.99999953838267	NA	"abundance"	205	108
"[Eubacterium]_eligens_group"	"FIScore"	"FIScore"	"FIScore"	-0.204304372407391	-0.109824456238188	0.241052307457519	0.708732292057705	0.99999953838267	0.915163122310042	0.99999953838267	NA	"abundance"	205	108
"[Eubacterium]_eligens_group"	"Location"	"Center"	"LocationCenter"	-0.963944273413592	-0.366942410777038	0.620974235835219	0.406336856680227	0.99999953838267	0.268317766836578	0.988434927183272	NA	"abundance"	205	108
"[Eubacterium]_eligens_group"	"TimeNW"	"TimeNW"	"TimeNW"	0.00554934292638504	-0.0653625359736858	0.25423238976321	0.81835558727657	0.99999953838267	0.673168896212639	0.99999953838267	NA	"abundance"	205	108
"[Eubacterium]_fissicatena_group"	"Age"	"Age"	"Age"	-0.139674775159591	0.0217147887600172	0.663177564652499	0.812271013388708	0.99999953838267	0.443901377155165	0.99999953838267	NA	"abundance"	205	35
"[Eubacterium]_fissicatena_group"	"FIScore"	"FIScore"	"FIScore"	-0.162278617566905	-0.109824456238188	0.586900983995127	0.931313266346396	0.99999953838267	0.843994108923163	0.99999953838267	NA	"abundance"	205	35
"[Eubacterium]_fissicatena_group"	"Sex"	"Female"	"SexFemale"	-0.293611270285544	0.120634302437176	1.27745002603862	0.753272257737757	0.99999953838267	0.0790701262800635	0.93843919025082	NA	"abundance"	205	35
"[Eubacterium]_hallii_group"	"Age"	"Age"	"Age"	0.0726189557409218	0.0217147887600172	0.157262418398222	0.769807412794326	0.99999953838267	0.618628000264544	0.99999953838267	NA	"abundance"	205	178
"[Eubacterium]_hallii_group"	"FIScore"	"FIScore"	"FIScore"	-0.0914812622664666	-0.109824456238188	0.138358249831094	0.906029794656955	0.99999953838267	0.931239644754817	0.99999953838267	NA	"abundance"	205	178
"[Eubacterium]_hallii_group"	"Sex"	"Female"	"SexFemale"	0.226516686201425	0.120634302437176	0.310671073721845	0.76520228544445	0.99999953838267	0.104489095012494	0.951333957524848	NA	"abundance"	205	178
"[Eubacterium]_hallii_group"	"TimeNW"	"TimeNW"	"TimeNW"	0.0628357540378478	-0.0653625359736858	0.148540786383739	0.569746473780592	0.99999953838267	0.572144328003495	0.99999953838267	NA	"abundance"	205	178
"[Eubacterium]_nodatum_group"	"Age"	"Age"	"Age"	-0.0532615369451158	0.0217147887600172	0.337167727475124	0.830839971742931	0.99999953838267	0.728699888714543	0.99999953838267	NA	"abundance"	205	44
"[Eubacterium]_nodatum_group"	"Location"	"Center"	"LocationCenter"	-0.472470582496473	-0.366942410777038	0.676129048367999	0.890915228020203	0.99999953838267	0.579859040886787	0.99999953838267	NA	"abundance"	205	44
"[Eubacterium]_nodatum_group"	"Sex"	"Female"	"SexFemale"	0.137679778308873	0.120634302437176	0.732873520208332	0.982172286146581	0.99999953838267	0.122227231497357	0.951333957524848	NA	"abundance"	205	44
"[Eubacterium]_nodatum_group"	"TimeNW"	"TimeNW"	"TimeNW"	0.0137641152449537	-0.0653625359736858	0.347874553300177	0.841701551406216	0.99999953838267	0.594604650573777	0.99999953838267	NA	"abundance"	205	44
"[Eubacterium]_ruminantium_group"	"Age"	"Age"	"Age"	-2.54476676771588	0.0217147887600172	2.43349637453565	0.428264140909532	0.99999953838267	0.673118107430084	0.99999953838267	NA	"abundance"	205	14
"[Eubacterium]_ruminantium_group"	"FIScore"	"FIScore"	"FIScore"	0.299862968159372	-0.109824456238188	1.00750464672767	0.726366652852444	0.99999953838267	0.278054799145961	0.997062063331157	NA	"abundance"	205	14
"[Eubacterium]_ruminantium_group"	"Location"	"Center"	"LocationCenter"	3.51197218334258	-0.366942410777038	3.58749616550667	0.415149173392296	0.99999953838267	0.431107541842387	0.99999953838267	NA	"abundance"	205	14
"[Eubacterium]_ruminantium_group"	"Sex"	"Female"	"SexFemale"	0.409894962597544	0.120634302437176	2.93184518685682	0.931564455683328	0.99999953838267	0.534819181349967	0.99999953838267	NA	"abundance"	205	14
"[Eubacterium]_ruminantium_group"	"TimeNW"	"TimeNW"	"TimeNW"	-0.596479675237976	-0.0653625359736858	0.795678106888044	0.590887288628131	0.99999953838267	0.180250482001086	0.951333957524848	NA	"abundance"	205	14
"[Eubacterium]_siraeum_group"	"Sex"	"Female"	"SexFemale"	0.0402421590929182	0.120634302437176	0.737049189718349	0.916636543578459	0.99999953838267	0.899048710858936	0.99999953838267	NA	"abundance"	205	83
"[Eubacterium]_siraeum_group"	"TimeNW"	"TimeNW"	"TimeNW"	-0.107926510405784	-0.0653625359736858	0.429335532737241	0.926871382092058	0.99999953838267	0.994652205242874	0.99999953838267	NA	"abundance"	205	83
"[Eubacterium]_ventriosum_group"	"Age"	"Age"	"Age"	-0.00573129953881172	0.0217147887600172	0.311633751687453	0.93259084703419	0.99999953838267	0.187008391547378	0.951333957524848	NA	"abundance"	205	83
"[Eubacterium]_ventriosum_group"	"FIScore"	"FIScore"	"FIScore"	0.0315875757195444	-0.109824456238188	0.215819223045536	0.538325940998825	0.99999953838267	0.633889368173865	0.99999953838267	NA	"abundance"	205	83
"[Eubacterium]_ventriosum_group"	"Location"	"Center"	"LocationCenter"	-0.327464978694796	-0.366942410777038	0.564526290723056	0.952313391786079	0.99999953838267	0.360862633118384	0.99999953838267	NA	"abundance"	205	83
"[Eubacterium]_ventriosum_group"	"Sex"	"Female"	"SexFemale"	0.504190634417271	0.120634302437176	0.601208775835237	0.543124620775718	0.99999953838267	0.258086412183618	0.988434927183272	NA	"abundance"	205	83
"[Eubacterium]_xylanophilum_group"	"Age"	"Age"	"Age"	0.0851656602534298	0.0217147887600172	0.29932974850701	0.836906917916557	0.99999953838267	0.0373271984399937	0.830253550381854	NA	"abundance"	205	112
"[Eubacterium]_xylanophilum_group"	"Location"	"Center"	"LocationCenter"	-0.496097996099229	-0.366942410777038	0.581582828189278	0.848151326452318	0.99999953838267	0.345811609604532	0.99999953838267	NA	"abundance"	205	112
"[Eubacterium]_xylanophilum_group"	"Sex"	"Female"	"SexFemale"	0.0932851091991577	0.120634302437176	0.626252202377893	0.966394983937374	0.99999953838267	0.902799583218026	0.99999953838267	NA	"abundance"	205	112
"[Eubacterium]_xylanophilum_group"	"TimeNW"	"TimeNW"	"TimeNW"	-0.23590205444675	-0.0653625359736858	0.354181371718998	0.665006978575897	0.99999953838267	0.236189563887676	0.975979911177211	NA	"abundance"	205	112
"[Ruminococcus]_gauvreauii_group"	"FIScore"	"FIScore"	"FIScore"	-0.288131157462952	-0.109824456238188	0.246010938765424	0.488861361211285	0.99999953838267	0.738737291937219	0.99999953838267	NA	"abundance"	205	123
"[Ruminococcus]_gauvreauii_group"	"Location"	"Center"	"LocationCenter"	-0.784671666209975	-0.366942410777038	0.644379963377853	0.56826637523503	0.99999953838267	0.8136060772473	0.99999953838267	NA	"abundance"	205	123
"[Ruminococcus]_gauvreauii_group"	"Sex"	"Female"	"SexFemale"	0.0152403961072321	0.120634302437176	0.630160566685905	0.87335631341107	0.99999953838267	0.776812807883945	0.99999953838267	NA	"abundance"	205	123
"[Ruminococcus]_gauvreauii_group"	"TimeNW"	"TimeNW"	"TimeNW"	-0.0723621505829245	-0.0653625359736858	0.311968363445633	0.984287024756709	0.99999953838267	0.583202461561741	0.99999953838267	NA	"abundance"	205	123
"[Ruminococcus]_gnavus_group"	"FIScore"	"FIScore"	"FIScore"	-0.112225834171268	-0.109824456238188	0.419722153539527	0.9955093188984	0.99999953838267	0.607679197656912	0.99999953838267	NA	"abundance"	205	79
"[Ruminococcus]_gnavus_group"	"Location"	"Center"	"LocationCenter"	-1.3780586063342	-0.366942410777038	1.01720428408379	0.353208447256356	0.99999953838267	0.0486526572346747	0.830253550381854	NA	"abundance"	205	79
"[Ruminococcus]_gnavus_group"	"Sex"	"Female"	"SexFemale"	0.108502632846725	0.120634302437176	1.07977208130724	0.991198565831005	0.99999953838267	0.532076964338037	0.99999953838267	NA	"abundance"	205	79
"[Ruminococcus]_gnavus_group"	"TimeNW"	"TimeNW"	"TimeNW"	0.224449855983718	-0.0653625359736858	0.492104223229534	0.579717769598038	0.99999953838267	0.753592093748584	0.99999953838267	NA	"abundance"	205	79
"[Ruminococcus]_torques_group"	"Age"	"Age"	"Age"	-0.0239643026192235	0.0217147887600172	0.241359272604333	0.856218145919555	0.99999953838267	0.856218145919555	0.99999953838267	NA	"abundance"	205	198
"[Ruminococcus]_torques_group"	"Location"	"Center"	"LocationCenter"	-0.515422831938204	-0.366942410777038	0.505883503760609	0.807255725673513	0.99999953838267	0.807255725673513	0.99999953838267	NA	"abundance"	205	198
"[Ruminococcus]_torques_group"	"Sex"	"Female"	"SexFemale"	0.263788468131815	0.120634302437176	0.478897681883939	0.777514979627598	0.99999953838267	0.777514979627598	0.99999953838267	NA	"abundance"	205	198
"[Ruminococcus]_torques_group"	"TimeNW"	"TimeNW"	"TimeNW"	-0.0717195792457532	-0.0653625359736858	0.231109246916624	0.982184214791406	0.99999953838267	0.982184214791406	0.99999953838267	NA	"abundance"	205	198
"Acidaminococcus"	"Age"	"Age"	"Age"	-0.627256164161181	0.0217147887600172	1.06422607231695	0.605439106484443	0.99999953838267	0.844321701308205	0.99999953838267	NA	"abundance"	205	27
"Acidaminococcus"	"FIScore"	"FIScore"	"FIScore"	-0.82055918652924	-0.109824456238188	0.974653393095934	0.539232931520269	0.99999953838267	0.787693708604595	0.99999953838267	NA	"abundance"	205	27
"Acidaminococcus"	"Sex"	"Female"	"SexFemale"	0.841607508366015	0.120634302437176	3.5641049881056	0.85925122864236	0.99999953838267	0.79821088387876	0.99999953838267	NA	"abundance"	205	27
"Acidaminococcus"	"TimeNW"	"TimeNW"	"TimeNW"	-0.495439662151732	-0.0653625359736858	1.00307017630863	0.714325550139768	0.99999953838267	0.13806857412939	0.951333957524848	NA	"abundance"	205	27
"Actinomyces"	"FIScore"	"FIScore"	"FIScore"	-0.148035821044946	-0.109824456238188	0.303856854458226	0.903029762536846	0.99999953838267	0.772499899504923	0.99999953838267	NA	"abundance"	205	41
"Actinomyces"	"Location"	"Center"	"LocationCenter"	-0.709314401710163	-0.366942410777038	0.67858463716808	0.654626122705723	0.99999953838267	0.880716884882718	0.99999953838267	NA	"abundance"	205	41
"Actinomyces"	"TimeNW"	"TimeNW"	"TimeNW"	0.055138090875392	-0.0653625359736858	0.247661907346186	0.690517222571798	0.99999953838267	0.42835853530963	0.99999953838267	NA	"abundance"	205	41
"Adlercreutzia"	"Age"	"Age"	"Age"	0.102610359909772	0.0217147887600172	0.326492569460808	0.809466984404061	0.99999953838267	0.309868327694142	0.99999953838267	NA	"abundance"	205	79
"Adlercreutzia"	"FIScore"	"FIScore"	"FIScore"	-0.0878879847857567	-0.109824456238188	0.317096791823723	0.946376285884128	0.99999953838267	0.508134125279653	0.99999953838267	NA	"abundance"	205	79
"Adlercreutzia"	"Location"	"Center"	"LocationCenter"	-0.591738264766842	-0.366942410777038	0.622786998589335	0.752794976298844	0.99999953838267	0.938889676256911	0.99999953838267	NA	"abundance"	205	79
"Adlercreutzia"	"TimeNW"	"TimeNW"	"TimeNW"	0.0180043783790159	-0.0653625359736858	0.315229425701039	0.817701778664051	0.99999953838267	0.827981918323845	0.99999953838267	NA	"abundance"	205	79
"Agathobacter"	"Age"	"Age"	"Age"	0.305317861227951	0.0217147887600172	0.314063061954506	0.383615495247503	0.99999953838267	0.620070142301019	0.99999953838267	NA	"abundance"	205	142
"Agathobacter"	"FIScore"	"FIScore"	"FIScore"	-0.168433499891054	-0.109824456238188	0.262199537480994	0.829320776405416	0.99999953838267	0.745797647560689	0.99999953838267	NA	"abundance"	205	142
"Agathobacter"	"Sex"	"Female"	"SexFemale"	-0.318953086744272	0.120634302437176	0.643516045699244	0.511420449748808	0.99999953838267	0.761290023076343	0.99999953838267	NA	"abundance"	205	142
"Agathobacter"	"TimeNW"	"TimeNW"	"TimeNW"	-0.238184340986091	-0.0653625359736858	0.297448440604644	0.614072667880393	0.99999953838267	0.25734407814203	0.988434927183272	NA	"abundance"	205	142
"Akkermansia"	"FIScore"	"FIScore"	"FIScore"	0.17922242638895	-0.109824456238188	0.439842091189464	0.520183366039973	0.99999953838267	0.769775997775269	0.99999953838267	NA	"abundance"	205	141
"Akkermansia"	"Sex"	"Female"	"SexFemale"	0.133756125673789	0.120634302437176	1.03071194073576	0.989989904432695	0.99999953838267	0.774854150500295	0.99999953838267	NA	"abundance"	205	141
"Alistipes"	"Age"	"Age"	"Age"	-0.121543237891655	0.0217147887600172	0.18317180215595	0.470076090653641	0.99999953838267	0.719180650303072	0.99999953838267	NA	"abundance"	205	184
"Alistipes"	"FIScore"	"FIScore"	"FIScore"	-0.0251094273461745	-0.109824456238188	0.165262822475637	0.638895367592776	0.99999953838267	0.869603444454044	0.99999953838267	NA	"abundance"	205	184
"Alistipes"	"TimeNW"	"TimeNW"	"TimeNW"	-0.210025366926755	-0.0653625359736858	0.174613448392974	0.551271397240396	0.99999953838267	0.798642641065413	0.99999953838267	NA	"abundance"	205	184
"Alloprevotella"	"Age"	"Age"	"Age"	-0.826605991630669	0.0217147887600172	0.794015423403448	0.398739300306975	0.99999953838267	0.579421045751329	0.99999953838267	NA	"abundance"	205	37
"Alloprevotella"	"Sex"	"Female"	"SexFemale"	-1.16807839733436	0.120634302437176	1.57011530889211	0.502810032475638	0.99999953838267	0.752802136193123	0.99999953838267	NA	"abundance"	205	37
"Anaerofustis"	"FIScore"	"FIScore"	"FIScore"	-0.0256525326399872	-0.109824456238188	0.223186355036478	0.73331270405665	0.99999953838267	0.264260275093165	0.988434927183272	NA	"abundance"	205	18
"Anaerofustis"	"TimeNW"	"TimeNW"	"TimeNW"	-0.370210849375991	-0.0653625359736858	0.343348003697532	0.475681241193591	0.99999953838267	0.725089839163706	0.99999953838267	NA	"abundance"	205	18
"Anaerostignum"	"Age"	"Age"	"Age"	-0.0499737169182169	0.0217147887600172	0.336520059864691	0.836856691850233	0.99999953838267	0.941518081152565	0.99999953838267	NA	"abundance"	205	19
"Anaerostignum"	"FIScore"	"FIScore"	"FIScore"	-0.252039761216277	-0.109824456238188	0.414172865351292	0.738951869743855	0.99999953838267	0.879645739354553	0.99999953838267	NA	"abundance"	205	19
"Anaerostignum"	"Location"	"Center"	"LocationCenter"	-0.642483158152234	-0.366942410777038	0.49963298573332	0.653530589445349	0.99999953838267	0.604427508249087	0.99999953838267	NA	"abundance"	205	19
"Anaerostignum"	"Sex"	"Female"	"SexFemale"	-0.311785203837886	0.120634302437176	0.826792112547383	0.614197354972919	0.99999953838267	0.851156319090108	0.99999953838267	NA	"abundance"	205	19
"Anaerostignum"	"TimeNW"	"TimeNW"	"TimeNW"	0.233194041698378	-0.0653625359736858	0.55552434911952	0.613727239355942	0.99999953838267	0.850793354384418	0.99999953838267	NA	"abundance"	205	19
"Anaerostipes"	"Age"	"Age"	"Age"	0.104301699217286	0.0217147887600172	0.258525722225418	0.759380291758358	0.99999953838267	0.427291387598974	0.99999953838267	NA	"abundance"	205	158
"Anaerostipes"	"FIScore"	"FIScore"	"FIScore"	-0.0374961021822494	-0.109824456238188	0.2465890397731	0.777822202909309	0.99999953838267	0.758885156175403	0.99999953838267	NA	"abundance"	205	158
"Anaerostipes"	"Location"	"Center"	"LocationCenter"	-0.296359382436855	-0.366942410777038	0.526684039009764	0.91025367573801	0.99999953838267	0.613275551095966	0.99999953838267	NA	"abundance"	205	158
"Anaerostipes"	"Sex"	"Female"	"SexFemale"	-0.0817589712293673	0.120634302437176	0.525139239580379	0.713743197511762	0.99999953838267	0.523254939257547	0.99999953838267	NA	"abundance"	205	158
"Anaerostipes"	"TimeNW"	"TimeNW"	"TimeNW"	-0.0266980307745556	-0.0653625359736858	0.241760902892428	0.895520640929884	0.99999953838267	0.314973055305503	0.99999953838267	NA	"abundance"	205	158
"Anaerotruncus"	"Age"	"Age"	"Age"	-0.0838835805945512	0.0217147887600172	0.200795236214608	0.624208808107662	0.99999953838267	0.395217133308937	0.99999953838267	NA	"abundance"	205	79
"Anaerotruncus"	"FIScore"	"FIScore"	"FIScore"	0.0641394034047413	-0.109824456238188	0.188468242551203	0.39402321860168	0.99999953838267	0.226385948996775	0.975979911177211	NA	"abundance"	205	79
"Anaerotruncus"	"Sex"	"Female"	"SexFemale"	-0.131401923846595	0.120634302437176	0.471359472686596	0.61823972307727	0.99999953838267	0.641976098626214	0.99999953838267	NA	"abundance"	205	79
"Anaerotruncus"	"TimeNW"	"TimeNW"	"TimeNW"	0.181946450484425	-0.0653625359736858	0.226445586971352	0.390373897239507	0.99999953838267	0.628356014833053	0.99999953838267	NA	"abundance"	205	79
"Bacteroides"	"Sex"	"Female"	"SexFemale"	-0.134384896755221	0.120634302437176	0.510309443508105	0.635484800249492	0.99999953838267	0.635484800249492	0.99999953838267	NA	"abundance"	205	200
"Bacteroides"	"TimeNW"	"TimeNW"	"TimeNW"	-0.223446130429486	-0.0653625359736858	0.247180099604076	0.597931470682726	0.99999953838267	0.597931470682726	0.99999953838267	NA	"abundance"	205	200
"Barnesiella"	"Age"	"Age"	"Age"	-0.221009820836594	0.0217147887600172	0.438184669247367	0.589989310208013	0.99999953838267	0.831891234256299	0.99999953838267	NA	"abundance"	205	96
"Barnesiella"	"FIScore"	"FIScore"	"FIScore"	-0.1338874185981	-0.109824456238188	0.387517034043942	0.951702974271365	0.99999953838267	0.247028012981989	0.988434927183272	NA	"abundance"	205	96
"Barnesiella"	"Location"	"Center"	"LocationCenter"	-1.20595650652701	-0.366942410777038	1.07171261986066	0.463330889173539	0.99999953838267	0.0137785543586933	0.82405790284544	NA	"abundance"	205	96
"Barnesiella"	"Sex"	"Female"	"SexFemale"	0.605862298614803	0.120634302437176	0.943333240221434	0.617232014763872	0.99999953838267	0.171006043233817	0.951333957524848	NA	"abundance"	205	96
"Barnesiella"	"TimeNW"	"TimeNW"	"TimeNW"	-0.0706714948679271	-0.0653625359736858	0.820259001929461	0.994989423727105	0.99999953838267	0.0257521585973319	0.830253550381854	NA	"abundance"	205	96
"Bifidobacterium"	"FIScore"	"FIScore"	"FIScore"	-0.292274574091158	-0.109824456238188	0.416233739948654	0.667389817559128	0.99999953838267	0.88937046653665	0.99999953838267	NA	"abundance"	205	125
"Bifidobacterium"	"Location"	"Center"	"LocationCenter"	0.44296387129824	-0.366942410777038	0.970298087264673	0.435342078720243	0.99999953838267	0.681161431936024	0.99999953838267	NA	"abundance"	205	125
"Bifidobacterium"	"Sex"	"Female"	"SexFemale"	0.698651837946697	0.120634302437176	1.01185654192994	0.575609400452739	0.99999953838267	0.159481511009201	0.951333957524848	NA	"abundance"	205	125
"Bifidobacterium"	"TimeNW"	"TimeNW"	"TimeNW"	-0.0532333675380957	-0.0653625359736858	0.430786073811329	0.979093545114216	0.99999953838267	0.49364723938505	0.99999953838267	NA	"abundance"	205	125
"Bilophila"	"Age"	"Age"	"Age"	-0.052716968539029	0.0217147887600172	0.207597626191184	0.736038845863724	0.99999953838267	0.628835032720874	0.99999953838267	NA	"abundance"	205	142
"Bilophila"	"Sex"	"Female"	"SexFemale"	-0.310726169205912	0.120634302437176	0.41638075464832	0.343340181022919	0.99999953838267	0.121223608820465	0.951333957524848	NA	"abundance"	205	142
"Blautia"	"Age"	"Age"	"Age"	0.227164463900654	0.0217147887600172	0.199735653547821	0.340688308612762	0.99999953838267	0.340688308612762	0.99999953838267	NA	"abundance"	205	198
"Blautia"	"FIScore"	"FIScore"	"FIScore"	-0.0397860132518692	-0.109824456238188	0.174144986301493	0.710429247284428	0.99999953838267	0.710429247284428	0.99999953838267	NA	"abundance"	205	198
"Blautia"	"Sex"	"Female"	"SexFemale"	-0.0210772020626732	0.120634302437176	0.398079320486905	0.745842626103604	0.99999953838267	0.745842626103604	0.99999953838267	NA	"abundance"	205	198
"Blautia"	"TimeNW"	"TimeNW"	"TimeNW"	-0.146795695671699	-0.0653625359736858	0.192371195139425	0.749637097395787	0.99999953838267	0.749637097395787	0.99999953838267	NA	"abundance"	205	198
"Butyricicoccus"	"Age"	"Age"	"Age"	-0.108699089823567	0.0217147887600172	0.173792183634977	0.491844735393515	0.99999953838267	0.629778656470466	0.99999953838267	NA	"abundance"	205	151
"Butyricicoccus"	"FIScore"	"FIScore"	"FIScore"	-0.220139514884991	-0.109824456238188	0.159294607408188	0.529813030090368	0.99999953838267	0.778924213327199	0.99999953838267	NA	"abundance"	205	151
"Butyricicoccus"	"Location"	"Center"	"LocationCenter"	-0.500274683239017	-0.366942410777038	0.353277970500243	0.78559843429308	0.99999953838267	0.509628466358899	0.99999953838267	NA	"abundance"	205	151
"Butyricicoccus"	"TimeNW"	"TimeNW"	"TimeNW"	0.166565956745971	-0.0653625359736858	0.166665113211952	0.333505741526935	0.99999953838267	0.327302751385595	0.99999953838267	NA	"abundance"	205	151
"Butyricimonas"	"Age"	"Age"	"Age"	-0.127737858473915	0.0217147887600172	0.250510248342119	0.57056020570464	0.99999953838267	0.0519257387569975	0.830253550381854	NA	"abundance"	205	95
"Butyricimonas"	"FIScore"	"FIScore"	"FIScore"	0.0961594137675236	-0.109824456238188	0.202924595376564	0.348088710162905	0.99999953838267	0.575011670182935	0.99999953838267	NA	"abundance"	205	95
"Butyricimonas"	"Sex"	"Female"	"SexFemale"	-0.190900221875069	0.120634302437176	0.542901670747884	0.588293391558851	0.99999953838267	0.830497668565886	0.99999953838267	NA	"abundance"	205	95
"Butyricimonas"	"TimeNW"	"TimeNW"	"TimeNW"	-0.220196868277369	-0.0653625359736858	0.267561235080847	0.627833825059211	0.99999953838267	0.861492338229942	0.99999953838267	NA	"abundance"	205	95
"CAG-352"	"Age"	"Age"	"Age"	0.268420747126821	0.0217147887600172	0.506159768847061	0.677159748582824	0.99999953838267	0.357543060630701	0.99999953838267	NA	"abundance"	205	26
"CAG-352"	"Location"	"Center"	"LocationCenter"	-0.754402031616011	-0.366942410777038	1.14873566259419	0.772755167833372	0.99999953838267	0.863876021149309	0.99999953838267	NA	"abundance"	205	26
"CAG-56"	"Age"	"Age"	"Age"	0.0398493266433138	0.0217147887600172	0.606793999980642	0.978048018464915	0.99999953838267	0.0981678011354632	0.93843919025082	NA	"abundance"	205	32
"CAG-56"	"FIScore"	"FIScore"	"FIScore"	-0.37168187278009	-0.109824456238188	0.500590809511509	0.630284325057802	0.99999953838267	0.257603263407549	0.988434927183272	NA	"abundance"	205	32
"CAG-56"	"Location"	"Center"	"LocationCenter"	-0.189818683985309	-0.366942410777038	0.983348788984548	0.874183425104936	0.99999953838267	0.950869518714157	0.99999953838267	NA	"abundance"	205	32
"CAG-56"	"Sex"	"Female"	"SexFemale"	0.512138750603815	0.120634302437176	1.34869037358491	0.791462814487072	0.99999953838267	0.0403814199836793	0.830253550381854	NA	"abundance"	205	32
"Candidatus_Stoquefichus"	"Age"	"Age"	"Age"	-0.149179811341413	0.0217147887600172	0.402427106677049	0.680099868304636	0.99999953838267	0.844909375251827	0.99999953838267	NA	"abundance"	205	76
"Candidatus_Stoquefichus"	"FIScore"	"FIScore"	"FIScore"	-0.198749197839441	-0.109824456238188	0.432910574620878	0.841281065513519	0.99999953838267	0.974808299835476	0.99999953838267	NA	"abundance"	205	76
"Candidatus_Stoquefichus"	"Location"	"Center"	"LocationCenter"	-0.996615503078964	-0.366942410777038	0.822605900290187	0.48881036089457	0.99999953838267	0.73868515287126	0.99999953838267	NA	"abundance"	205	76
"Candidatus_Stoquefichus"	"Sex"	"Female"	"SexFemale"	0.25748918309715	0.120634302437176	0.777326737685201	0.86488525921028	0.99999953838267	0.981744006821327	0.99999953838267	NA	"abundance"	205	76
"Candidatus_Stoquefichus"	"TimeNW"	"TimeNW"	"TimeNW"	-0.296248643021747	-0.0653625359736858	0.420164085131281	0.615310973677657	0.99999953838267	0.852014353027168	0.99999953838267	NA	"abundance"	205	76
"Christensenella"	"Age"	"Age"	"Age"	-0.604250097911644	0.0217147887600172	8.7796754950632	0.999960662876757	0.99999953838267	0.534351759791323	0.99999953838267	NA	"abundance"	205	7
"Christensenella"	"FIScore"	"FIScore"	"FIScore"	2.15344589886136	-0.109824456238188	14.5132488091257	0.999952951286308	0.99999953838267	0.510550313413307	0.99999953838267	NA	"abundance"	205	7
"Christensenella"	"Sex"	"Female"	"SexFemale"	3.38484566853739	0.120634302437176	24.5687169250603	0.999954596471643	0.99999953838267	0.992090873119885	0.99999953838267	NA	"abundance"	205	7
"Christensenella"	"TimeNW"	"TimeNW"	"TimeNW"	-3.03808670052351	-0.0653625359736858	2.78787384245118	0.999961276994162	0.99999953838267	0.759756226540147	0.99999953838267	NA	"abundance"	205	7
"Christensenellaceae_R-7_group"	"Age"	"Age"	"Age"	-0.159691316407769	0.0217147887600172	0.324418028107304	0.587882300085799	0.99999953838267	0.614028266391138	0.99999953838267	NA	"abundance"	205	143
"Christensenellaceae_R-7_group"	"FIScore"	"FIScore"	"FIScore"	-0.209613080692826	-0.109824456238188	0.287178576152357	0.736717798489254	0.99999953838267	0.4060077676678	0.99999953838267	NA	"abundance"	205	143
"Christensenellaceae_R-7_group"	"Sex"	"Female"	"SexFemale"	0.0558996836512711	0.120634302437176	0.696730068915431	0.928006123823164	0.99999953838267	0.692697638233778	0.99999953838267	NA	"abundance"	205	143
"Christensenellaceae_R-7_group"	"TimeNW"	"TimeNW"	"TimeNW"	-0.00343792230212313	-0.0653625359736858	0.346328808042836	0.873693494659683	0.99999953838267	0.947232994422315	0.99999953838267	NA	"abundance"	205	143
"Clostridia_UCG-014"	"Age"	"Age"	"Age"	0.379154605192646	0.0217147887600172	0.522739458414115	0.505750344171362	0.99999953838267	0.755717277713272	0.99999953838267	NA	"abundance"	205	90
"Clostridia_UCG-014"	"FIScore"	"FIScore"	"FIScore"	-0.240316051685721	-0.109824456238188	0.423919329857639	0.763705233132481	0.99999953838267	0.681934448183018	0.99999953838267	NA	"abundance"	205	90
"Clostridia_UCG-014"	"Location"	"Center"	"LocationCenter"	-0.0354509646678466	-0.366942410777038	1.00900054934945	0.759289823956987	0.99999953838267	0.942058611149342	0.99999953838267	NA	"abundance"	205	90
"Clostridia_UCG-014"	"TimeNW"	"TimeNW"	"TimeNW"	-0.163251439312504	-0.0653625359736858	0.565462963444949	0.869106525262399	0.99999953838267	0.314611092129861	0.99999953838267	NA	"abundance"	205	90
"Clostridia_vadinBB60_group"	"Age"	"Age"	"Age"	0.194664184196765	0.0217147887600172	0.352301704832323	0.635871730661581	0.99999953838267	0.797072200312752	0.99999953838267	NA	"abundance"	205	70
"Clostridia_vadinBB60_group"	"FIScore"	"FIScore"	"FIScore"	-0.393943223454901	-0.109824456238188	0.288983647853814	0.351056210830277	0.99999953838267	0.578871958498042	0.99999953838267	NA	"abundance"	205	70
"Clostridium_sensu_stricto_1"	"FIScore"	"FIScore"	"FIScore"	-0.455490356940823	-0.109824456238188	0.385445944291182	0.384380046208641	0.99999953838267	0.621012072493925	0.99999953838267	NA	"abundance"	205	86
"Clostridium_sensu_stricto_1"	"Location"	"Center"	"LocationCenter"	-1.43081649636773	-0.366942410777038	1.05464894176383	0.346171126725582	0.99999953838267	0.276234833521867	0.997062063331157	NA	"abundance"	205	86
"Clostridium_sensu_stricto_1"	"TimeNW"	"TimeNW"	"TimeNW"	-0.406502050735227	-0.0653625359736858	0.419384744380855	0.455400578214818	0.99999953838267	0.217386881818398	0.975979911177211	NA	"abundance"	205	86
"Colidextribacter"	"Age"	"Age"	"Age"	-0.19203984311868	0.0217147887600172	0.205654476328238	0.333291260598799	0.99999953838267	0.361667839527359	0.99999953838267	NA	"abundance"	205	130
"Colidextribacter"	"Location"	"Center"	"LocationCenter"	-0.209972255317605	-0.366942410777038	0.406546770132437	0.766581777749193	0.99999953838267	0.216965079832978	0.975979911177211	NA	"abundance"	205	130
"Colidextribacter"	"Sex"	"Female"	"SexFemale"	0.401420875057845	0.120634302437176	0.394525712259885	0.515395162549063	0.99999953838267	0.765158151519151	0.99999953838267	NA	"abundance"	205	130
"Collinsella"	"FIScore"	"FIScore"	"FIScore"	0.105257957421629	-0.109824456238188	0.305065828448083	0.495223206618083	0.99999953838267	0.612808258205219	0.99999953838267	NA	"abundance"	205	124
"Collinsella"	"Location"	"Center"	"LocationCenter"	0.137185449417298	-0.366942410777038	0.798965036950921	0.564275576349421	0.99999953838267	0.10366338999027	0.951333957524848	NA	"abundance"	205	124
"Coprobacillus"	"Age"	"Age"	"Age"	0.292000081275681	0.0217147887600172	0.315573564913823	0.410197290533885	0.99999953838267	0.441370890370166	0.99999953838267	NA	"abundance"	205	32
"Coprobacillus"	"Location"	"Center"	"LocationCenter"	-0.500142282931233	-0.366942410777038	0.643138110040557	0.854997525676637	0.99999953838267	0.848033726382679	0.99999953838267	NA	"abundance"	205	32
"Coprobacter"	"Age"	"Age"	"Age"	-0.408611159292932	0.0217147887600172	0.490539461759265	0.413261546183033	0.99999953838267	0.655737986812475	0.99999953838267	NA	"abundance"	205	45
"Coprobacter"	"Location"	"Center"	"LocationCenter"	-1.34763924317451	-0.366942410777038	1.1974318638654	0.455946902945297	0.99999953838267	0.236208732233581	0.975979911177211	NA	"abundance"	205	45
"Coprobacter"	"Sex"	"Female"	"SexFemale"	-0.23260466916893	0.120634302437176	1.12825528816082	0.76538382887232	0.99999953838267	0.731261422789998	0.99999953838267	NA	"abundance"	205	45
"Coprobacter"	"TimeNW"	"TimeNW"	"TimeNW"	0.122614112765837	-0.0653625359736858	0.627631014511729	0.779638298470284	0.99999953838267	0.821493633923137	0.99999953838267	NA	"abundance"	205	45
"Coprococcus"	"Age"	"Age"	"Age"	-0.020990619868601	0.0217147887600172	0.204394016280169	0.844765906070474	0.99999953838267	0.975902376081879	0.99999953838267	NA	"abundance"	205	115
"Coprococcus"	"FIScore"	"FIScore"	"FIScore"	-0.0984730780386695	-0.109824456238188	0.164552828942464	0.949510451235586	0.99999953838267	0.511271449673356	0.99999953838267	NA	"abundance"	205	115
"Coprococcus"	"Sex"	"Female"	"SexFemale"	-0.025731772777656	0.120634302437176	0.403623001186224	0.738003739511414	0.99999953838267	0.931357959489997	0.99999953838267	NA	"abundance"	205	115
"Defluviitaleaceae_UCG-011"	"Age"	"Age"	"Age"	-0.145224227663269	0.0217147887600172	0.374905982216119	0.702197122007467	0.99999953838267	0.733237467325729	0.99999953838267	NA	"abundance"	205	18
"Defluviitaleaceae_UCG-011"	"FIScore"	"FIScore"	"FIScore"	0.0234207910620478	-0.109824456238188	0.273499072197892	0.713414371476816	0.99999953838267	0.0785813870168701	0.93843919025082	NA	"abundance"	205	18
"Defluviitaleaceae_UCG-011"	"Location"	"Center"	"LocationCenter"	0.422071807744553	-0.366942410777038	0.627490312443816	0.467102286907938	0.99999953838267	0.17966442378293	0.951333957524848	NA	"abundance"	205	18
"Defluviitaleaceae_UCG-011"	"Sex"	"Female"	"SexFemale"	-0.0585286989031212	0.120634302437176	0.550945420137435	0.813588188397851	0.99999953838267	0.720687718349349	0.99999953838267	NA	"abundance"	205	18
"Defluviitaleaceae_UCG-011"	"TimeNW"	"TimeNW"	"TimeNW"	-0.10298034542815	-0.0653625359736858	0.372572385267033	0.933581171129208	0.99999953838267	0.376539489617386	0.99999953838267	NA	"abundance"	205	18
"Desulfovibrio"	"Age"	"Age"	"Age"	0.0680265743761209	0.0217147887600172	0.292107874314168	0.878325569928865	0.99999953838267	0.401132905952454	0.99999953838267	NA	"abundance"	205	76
"Desulfovibrio"	"FIScore"	"FIScore"	"FIScore"	-0.259070561283407	-0.109824456238188	0.251963775834089	0.573324887859335	0.99999953838267	0.573226042401446	0.99999953838267	NA	"abundance"	205	76
"Desulfovibrio"	"Sex"	"Female"	"SexFemale"	0.204203543989412	0.120634302437176	0.640975803789367	0.900501978141644	0.99999953838267	0.0384560214394744	0.830253550381854	NA	"abundance"	205	76
"Dialister"	"FIScore"	"FIScore"	"FIScore"	0.25767532254281	-0.109824456238188	0.443336801846234	0.423775476469795	0.99999953838267	0.667965298482388	0.99999953838267	NA	"abundance"	205	78
"Dialister"	"Location"	"Center"	"LocationCenter"	-1.04219173695169	-0.366942410777038	0.883544626820382	0.484836486418682	0.99999953838267	0.734606554274551	0.99999953838267	NA	"abundance"	205	78
"Dielma"	"Age"	"Age"	"Age"	0.671796599863238	0.0217147887600172	0.478622506914315	0.407024603784203	0.99999953838267	0.298909930361035	0.997062063331157	NA	"abundance"	205	6
"Dielma"	"FIScore"	"FIScore"	"FIScore"	-0.0935019139884125	-0.109824456238188	0.938666734894307	0.988932327670012	0.99999953838267	0.863450885705101	0.99999953838267	NA	"abundance"	205	6
"Dielma"	"Sex"	"Female"	"SexFemale"	-3.5290196527538	0.120634302437176	2.6067713105842	0.39509445284622	0.99999953838267	0.634089279022586	0.99999953838267	NA	"abundance"	205	6
"Dorea"	"Age"	"Age"	"Age"	0.0919885497759	0.0217147887600172	0.225419152036971	0.766748572652425	0.99999953838267	0.609798370769348	0.99999953838267	NA	"abundance"	205	138
"Dorea"	"Location"	"Center"	"LocationCenter"	-0.197154014435507	-0.366942410777038	0.466003323698598	0.7687659037607	0.99999953838267	0.666590129392152	0.99999953838267	NA	"abundance"	205	138
"Dorea"	"Sex"	"Female"	"SexFemale"	-0.127980775406008	0.120634302437176	0.451739035008863	0.607997770113982	0.99999953838267	0.347436307551263	0.99999953838267	NA	"abundance"	205	138
"Dorea"	"TimeNW"	"TimeNW"	"TimeNW"	-0.226006057048921	-0.0653625359736858	0.210342579160705	0.55352916266982	0.99999953838267	0.800663791413688	0.99999953838267	NA	"abundance"	205	138
"DTU014"	"Age"	"Age"	"Age"	0.111110652232575	0.0217147887600172	0.253231090318821	0.765444294452019	0.99999953838267	0.782075732063226	0.99999953838267	NA	"abundance"	205	18
"DTU014"	"FIScore"	"FIScore"	"FIScore"	-0.12106143550966	-0.109824456238188	0.310410274625592	0.974213870237177	0.99999953838267	0.290899690199749	0.997062063331157	NA	"abundance"	205	18
"DTU014"	"Location"	"Center"	"LocationCenter"	-0.650149950290082	-0.366942410777038	0.692153017245086	0.74407051998991	0.99999953838267	0.783634602485142	0.99999953838267	NA	"abundance"	205	18
"DTU014"	"Sex"	"Female"	"SexFemale"	-0.346276878260493	0.120634302437176	0.721053016839373	0.58278052189024	0.99999953838267	0.15303453534	0.951333957524848	NA	"abundance"	205	18
"DTU089"	"Age"	"Age"	"Age"	0.0150505163608121	0.0217147887600172	0.350994699882189	0.985557056981526	0.99999953838267	0.0893035244539759	0.93843919025082	NA	"abundance"	205	38
"DTU089"	"FIScore"	"FIScore"	"FIScore"	-0.0574329572694646	-0.109824456238188	0.274381822471675	0.855819979967465	0.99999953838267	0.180249540108946	0.951333957524848	NA	"abundance"	205	38
"DTU089"	"Location"	"Center"	"LocationCenter"	-0.0360287764077455	-0.366942410777038	0.59781807490338	0.641453655934157	0.99999953838267	0.842922271746898	0.99999953838267	NA	"abundance"	205	38
"DTU089"	"Sex"	"Female"	"SexFemale"	0.473980540824047	0.120634302437176	0.818373177646821	0.678790830286075	0.99999953838267	0.120703941822217	0.951333957524848	NA	"abundance"	205	38
"DTU089"	"TimeNW"	"TimeNW"	"TimeNW"	-0.067212564155811	-0.0653625359736858	0.331844644342325	0.996112649245027	0.99999953838267	0.846695753000685	0.99999953838267	NA	"abundance"	205	38
"Eggerthella"	"Age"	"Age"	"Age"	-0.108539136455626	0.0217147887600172	0.203526667616407	0.549129902867142	0.99999953838267	0.796716155511408	0.99999953838267	NA	"abundance"	205	82
"Eggerthella"	"FIScore"	"FIScore"	"FIScore"	-0.0471115393715725	-0.109824456238188	0.176217892374004	0.742055126435407	0.99999953838267	0.923802342552059	0.99999953838267	NA	"abundance"	205	82
"Eggerthella"	"Location"	"Center"	"LocationCenter"	-0.0901904409879048	-0.366942410777038	0.380715882413019	0.590692583715022	0.99999953838267	0.494432161730917	0.99999953838267	NA	"abundance"	205	82
"Eggerthella"	"Sex"	"Female"	"SexFemale"	0.388327932969558	0.120634302437176	0.35925138506527	0.506783954926591	0.99999953838267	0.756737932882145	0.99999953838267	NA	"abundance"	205	82
"Eggerthella"	"TimeNW"	"TimeNW"	"TimeNW"	0.0440759127848855	-0.0653625359736858	0.155753866014765	0.636167137840643	0.99999953838267	0.750869822151549	0.99999953838267	NA	"abundance"	205	82
"Eisenbergiella"	"Age"	"Age"	"Age"	-0.0786687192753858	0.0217147887600172	0.307208672605808	0.751812528872862	0.99999953838267	0.938402979175516	0.99999953838267	NA	"abundance"	205	99
"Eisenbergiella"	"FIScore"	"FIScore"	"FIScore"	0.158806727661981	-0.109824456238188	0.32947190555764	0.430177576505081	0.99999953838267	0.261192062167497	0.988434927183272	NA	"abundance"	205	99
"Eisenbergiella"	"Location"	"Center"	"LocationCenter"	0.127010799154273	-0.366942410777038	0.669622918187627	0.513961506726982	0.99999953838267	0.667897032081139	0.99999953838267	NA	"abundance"	205	99
"Eisenbergiella"	"Sex"	"Female"	"SexFemale"	0.140692785104133	0.120634302437176	0.666238619144339	0.976825876418178	0.99999953838267	0.989418463726971	0.99999953838267	NA	"abundance"	205	99
"Erysipelatoclostridium"	"FIScore"	"FIScore"	"FIScore"	-0.320190197639158	-0.109824456238188	0.243670812923494	0.413563597032478	0.99999953838267	0.656092345274515	0.99999953838267	NA	"abundance"	205	97
"Erysipelatoclostridium"	"TimeNW"	"TimeNW"	"TimeNW"	0.202770567463801	-0.0653625359736858	0.33602792226832	0.480571770816972	0.99999953838267	0.0124767747150124	0.82405790284544	NA	"abundance"	205	97
"Erysipelotrichaceae"	"Age"	"Age"	"Age"	14.2561762115462	0.0217147887600172	4.97924106220839	0.999999380169994	0.99999953838267	0.651921084056179	0.99999953838267	NA	"abundance"	205	29
"Erysipelotrichaceae"	"FIScore"	"FIScore"	"FIScore"	-4.04527181904145	-0.109824456238188	1.65349366246385	0.999999416499004	0.99999953838267	0.238394192346704	0.975979911177211	NA	"abundance"	205	29
"Erysipelotrichaceae"	"Location"	"Center"	"LocationCenter"	-15.760783663395	-0.366942410777038	5.95007804847575	0.999999394705409	0.99999953838267	0.867079958656027	0.99999953838267	NA	"abundance"	205	29
"Erysipelotrichaceae"	"Sex"	"Female"	"SexFemale"	-25.5447465854851	0.120634302437176	9.26712503178155	0.999999383548146	0.99999953838267	0.878253307982449	0.99999953838267	NA	"abundance"	205	29
"Erysipelotrichaceae"	"TimeNW"	"TimeNW"	"TimeNW"	-12.2490043204171	-0.0653625359736858	4.61462883953816	0.999999384625429	0.99999953838267	0.998653829516861	0.99999953838267	NA	"abundance"	205	29
"Erysipelotrichaceae_UCG-003"	"Age"	"Age"	"Age"	0.806570764135334	0.0217147887600172	0.805219438296686	0.360456258025237	0.99999953838267	0.590983802100918	0.99999953838267	NA	"abundance"	205	49
"Erysipelotrichaceae_UCG-003"	"FIScore"	"FIScore"	"FIScore"	-0.244565565061305	-0.109824456238188	0.596277236060464	0.827575929891538	0.99999953838267	0.0952972072681282	0.93843919025082	NA	"abundance"	205	49
"Erysipelotrichaceae_UCG-003"	"Location"	"Center"	"LocationCenter"	-0.498871297907876	-0.366942410777038	1.30412222939462	0.923951341038117	0.99999953838267	0.561832508874868	0.99999953838267	NA	"abundance"	205	49
"Erysipelotrichaceae_UCG-003"	"Sex"	"Female"	"SexFemale"	-0.369321615367066	0.120634302437176	1.33219293801514	0.722681838549789	0.99999953838267	0.430496530450997	0.99999953838267	NA	"abundance"	205	49
"Erysipelotrichaceae_UCG-003"	"TimeNW"	"TimeNW"	"TimeNW"	-0.0635125077915606	-0.0653625359736858	0.521500968168684	0.99736980094258	0.99999953838267	0.399259720013711	0.99999953838267	NA	"abundance"	205	49
"Escherichia-Shigella"	"Age"	"Age"	"Age"	0.415571929061843	0.0217147887600172	0.473159052891212	0.414976328230985	0.99999953838267	0.6577473034699	0.99999953838267	NA	"abundance"	205	159
"Escherichia-Shigella"	"Location"	"Center"	"LocationCenter"	-0.519600850977967	-0.366942410777038	0.990165592312537	0.884002479605823	0.99999953838267	0.906893781800809	0.99999953838267	NA	"abundance"	205	159
"Escherichia-Shigella"	"Sex"	"Female"	"SexFemale"	-0.328416451913371	0.120634302437176	0.987242819777699	0.655018811697456	0.99999953838267	0.523933525463567	0.99999953838267	NA	"abundance"	205	159
"Escherichia-Shigella"	"TimeNW"	"TimeNW"	"TimeNW"	0.179151529813737	-0.0653625359736858	0.468600602667527	0.624053640796697	0.99999953838267	0.345143176617859	0.99999953838267	NA	"abundance"	205	159
"Eubacterium"	"Age"	"Age"	"Age"	0.0413810853224226	0.0217147887600172	0.267955445331499	0.94577067357293	0.99999953838267	0.14149774594877	0.951333957524848	NA	"abundance"	205	30
"Faecalibacterium"	"Age"	"Age"	"Age"	0.0927815917033328	0.0217147887600172	0.244022667949561	0.780789356638179	0.99999953838267	0.951946693836897	0.99999953838267	NA	"abundance"	205	177
"Faecalibacterium"	"FIScore"	"FIScore"	"FIScore"	-0.214975180626211	-0.109824456238188	0.213933204679342	0.641441068353149	0.99999953838267	0.846052171084063	0.99999953838267	NA	"abundance"	205	177
"Faecalibacterium"	"Sex"	"Female"	"SexFemale"	0.379005099389988	0.120634302437176	0.490803261765813	0.619531907173702	0.99999953838267	0.679788821289691	0.99999953838267	NA	"abundance"	205	177
"Faecalitalea"	"Age"	"Age"	"Age"	-0.0829495282826958	0.0217147887600172	0.400909763529781	0.799354334083159	0.99999953838267	0.340722965885265	0.99999953838267	NA	"abundance"	205	71
"Faecalitalea"	"FIScore"	"FIScore"	"FIScore"	0.00164191649228732	-0.109824456238188	0.316239114729335	0.735842941639048	0.99999953838267	0.490522530535364	0.99999953838267	NA	"abundance"	205	71
"Faecalitalea"	"Location"	"Center"	"LocationCenter"	-0.108247728862863	-0.366942410777038	0.820861839782511	0.772672479471021	0.99999953838267	0.76519616930019	0.99999953838267	NA	"abundance"	205	71
"Faecalitalea"	"Sex"	"Female"	"SexFemale"	0.0730923859940544	0.120634302437176	0.762046774428596	0.951814292204903	0.99999953838267	0.530335646910047	0.99999953838267	NA	"abundance"	205	71
"Faecalitalea"	"TimeNW"	"TimeNW"	"TimeNW"	0.204261066464808	-0.0653625359736858	0.372920186471553	0.516360503836282	0.99999953838267	0.766092837750505	0.99999953838267	NA	"abundance"	205	71
"Family_XIII_AD3011_group"	"Age"	"Age"	"Age"	0.0790372667522572	0.0217147887600172	0.228461955276753	0.811675908611308	0.99999953838267	0.44442636464683	0.99999953838267	NA	"abundance"	205	75
"Family_XIII_AD3011_group"	"Sex"	"Female"	"SexFemale"	0.261664418944624	0.120634302437176	0.457400871458991	0.773034654005772	0.99999953838267	0.871368270555616	0.99999953838267	NA	"abundance"	205	75
"Family_XIII_UCG-001"	"Age"	"Age"	"Age"	-0.0330290114753215	0.0217147887600172	0.391012100563907	0.892310325461374	0.99999953838267	0.287724337816502	0.997062063331157	NA	"abundance"	205	35
"Family_XIII_UCG-001"	"FIScore"	"FIScore"	"FIScore"	0.0227507584742657	-0.109824456238188	0.354526751808363	0.721912596023798	0.99999953838267	0.0378761606906152	0.830253550381854	NA	"abundance"	205	35
"Family_XIII_UCG-001"	"Location"	"Center"	"LocationCenter"	-0.235385452016237	-0.366942410777038	0.860269910458038	0.888259626481512	0.99999953838267	0.170041729752369	0.951333957524848	NA	"abundance"	205	35
"Family_XIII_UCG-001"	"Sex"	"Female"	"SexFemale"	-0.193338853370674	0.120634302437176	0.986898354455098	0.760207854800797	0.99999953838267	0.246651798438295	0.988434927183272	NA	"abundance"	205	35
"Family_XIII_UCG-001"	"TimeNW"	"TimeNW"	"TimeNW"	-0.206951741743428	-0.0653625359736858	0.478244790812768	0.784407219002067	0.99999953838267	0.884493753368007	0.99999953838267	NA	"abundance"	205	35
"Flavonifractor"	"Age"	"Age"	"Age"	-0.220038981141045	0.0217147887600172	0.260420235625853	0.377138944880985	0.99999953838267	0.612044106016027	0.99999953838267	NA	"abundance"	205	117
"Flavonifractor"	"FIScore"	"FIScore"	"FIScore"	0.0795977036912557	-0.109824456238188	0.230572356763319	0.435921240526791	0.99999953838267	0.681815153111165	0.99999953838267	NA	"abundance"	205	117
"Flavonifractor"	"Location"	"Center"	"LocationCenter"	-0.0967461361076763	-0.366942410777038	0.541189417249451	0.673823226651168	0.99999953838267	0.804735706118329	0.99999953838267	NA	"abundance"	205	117
"Flavonifractor"	"TimeNW"	"TimeNW"	"TimeNW"	-0.199206235485353	-0.0653625359736858	0.242720050396136	0.652312779254385	0.99999953838267	0.729739473527862	0.99999953838267	NA	"abundance"	205	117
"Frisingicoccus"	"FIScore"	"FIScore"	"FIScore"	0.121798808466692	-0.109824456238188	0.241338283121056	0.366050388142922	0.99999953838267	0.59810788962626	0.99999953838267	NA	"abundance"	205	95
"Frisingicoccus"	"Sex"	"Female"	"SexFemale"	-0.00887852319971163	0.120634302437176	0.540814056844309	0.822422067426355	0.99999953838267	0.465494581090431	0.99999953838267	NA	"abundance"	205	95
"Frisingicoccus"	"TimeNW"	"TimeNW"	"TimeNW"	-0.0497966671941794	-0.0653625359736858	0.280113182017971	0.962211022663014	0.99999953838267	0.518495897565561	0.99999953838267	NA	"abundance"	205	95
"Fusicatenibacter"	"Age"	"Age"	"Age"	0.134413293839903	0.0217147887600172	0.242972218800201	0.659612687085426	0.99999953838267	0.884136477206796	0.99999953838267	NA	"abundance"	205	111
"Fusicatenibacter"	"Location"	"Center"	"LocationCenter"	-0.324502428811599	-0.366942410777038	0.482470263136193	0.94274986892279	0.99999953838267	0.391820993333227	0.99999953838267	NA	"abundance"	205	111
"Fusicatenibacter"	"Sex"	"Female"	"SexFemale"	0.340775485916187	0.120634302437176	0.467105779797467	0.658809395655368	0.99999953838267	0.883588971506945	0.99999953838267	NA	"abundance"	205	111
"Fusicatenibacter"	"TimeNW"	"TimeNW"	"TimeNW"	-0.289418624973345	-0.0653625359736858	0.208147691903785	0.408940895567983	0.99999953838267	0.650649135068022	0.99999953838267	NA	"abundance"	205	111
"Fusobacterium"	"Sex"	"Female"	"SexFemale"	-0.189613289974251	0.120634302437176	5.08051184986744	0.952424635309571	0.99999953838267	0.595341616803058	0.99999953838267	NA	"abundance"	205	17
"Gastranaerophilales"	"Age"	"Age"	"Age"	0.128276377292992	0.0217147887600172	0.458272189896428	0.824858314974446	0.99999953838267	0.0155222473402633	0.82405790284544	NA	"abundance"	205	38
"Gastranaerophilales"	"Location"	"Center"	"LocationCenter"	-0.364201199678827	-0.366942410777038	0.730352861932545	0.997422600149613	0.99999953838267	0.213881506277815	0.975979911177211	NA	"abundance"	205	38
"Gastranaerophilales"	"Sex"	"Female"	"SexFemale"	0.868318969928818	0.120634302437176	0.773596079790748	0.380486000531969	0.99999953838267	0.0446944238806732	0.830253550381854	NA	"abundance"	205	38
"Gastranaerophilales"	"TimeNW"	"TimeNW"	"TimeNW"	-0.0232845659327532	-0.0653625359736858	0.35709406203641	0.916047780576444	0.99999953838267	0.923911876556217	0.99999953838267	NA	"abundance"	205	38
"Gordonibacter"	"Location"	"Center"	"LocationCenter"	-0.355742618633293	-0.366942410777038	0.537688296694318	0.986016129940275	0.99999953838267	0.953592880989063	0.99999953838267	NA	"abundance"	205	24
"Gordonibacter"	"Sex"	"Female"	"SexFemale"	0.527797597711242	0.120634302437176	0.664226697641868	0.557523890621285	0.99999953838267	0.804214892629076	0.99999953838267	NA	"abundance"	205	24
"Gordonibacter"	"TimeNW"	"TimeNW"	"TimeNW"	0.0678727186907115	-0.0653625359736858	0.347294136165745	0.732328839133618	0.99999953838267	0.874415972199332	0.99999953838267	NA	"abundance"	205	24
"Granulicatella"	"FIScore"	"FIScore"	"FIScore"	-0.32226193859678	-0.109824456238188	0.53806507153076	0.706102924296632	0.99999953838267	0.913624508893009	0.99999953838267	NA	"abundance"	205	14
"Granulicatella"	"Location"	"Center"	"LocationCenter"	-0.397688423821199	-0.366942410777038	1.00732483896728	0.977595795438414	0.99999953838267	0.221921647431418	0.975979911177211	NA	"abundance"	205	14
"Granulicatella"	"Sex"	"Female"	"SexFemale"	-0.0712069406524404	0.120634302437176	1.0505879459625	0.861473419755117	0.99999953838267	0.805499297411617	0.99999953838267	NA	"abundance"	205	14
"Granulicatella"	"TimeNW"	"TimeNW"	"TimeNW"	0.0448269786252518	-0.0653625359736858	0.46817326051065	0.829784506546983	0.99999953838267	0.971026685788546	0.99999953838267	NA	"abundance"	205	14
"Haemophilus"	"Age"	"Age"	"Age"	-0.273389788314874	0.0217147887600172	0.548612360367057	0.611800101488083	0.99999953838267	0.483054093170175	0.99999953838267	NA	"abundance"	205	35
"Haemophilus"	"FIScore"	"FIScore"	"FIScore"	0.00962892309859703	-0.109824456238188	0.479052765653328	0.812567593077164	0.99999953838267	0.359642615013035	0.99999953838267	NA	"abundance"	205	35
"Haemophilus"	"Location"	"Center"	"LocationCenter"	-0.457816858891868	-0.366942410777038	1.0255088512732	0.935217444429436	0.99999953838267	0.46383028954194	0.99999953838267	NA	"abundance"	205	35
"Haemophilus"	"Sex"	"Female"	"SexFemale"	0.292988120548347	0.120634302437176	1.16089047067893	0.886032588346029	0.99999953838267	0.154973892715467	0.951333957524848	NA	"abundance"	205	35
"Holdemanella"	"Age"	"Age"	"Age"	2.15239146373816	0.0217147887600172	0.759916308567949	0.335977428870438	0.99999953838267	0.152208604875138	0.951333957524848	NA	"abundance"	205	29
"Holdemanella"	"FIScore"	"FIScore"	"FIScore"	0.297681612737418	-0.109824456238188	0.819875777890061	0.73498814509006	0.99999953838267	0.0887005615628268	0.93843919025082	NA	"abundance"	205	29
"Holdemanella"	"Sex"	"Female"	"SexFemale"	-3.63131615065561	0.120634302437176	1.71603230301613	0.362895906235895	0.99999953838267	0.365604016367272	0.99999953838267	NA	"abundance"	205	29
"Holdemania"	"Age"	"Age"	"Age"	0.121820903316304	0.0217147887600172	0.175604919307712	0.60254437887036	0.99999953838267	0.842029029232452	0.99999953838267	NA	"abundance"	205	65
"Holdemania"	"Location"	"Center"	"LocationCenter"	-0.575102199457547	-0.366942410777038	0.296864866727471	0.647885967336532	0.99999953838267	0.129395307777421	0.951333957524848	NA	"abundance"	205	65
"Holdemania"	"Sex"	"Female"	"SexFemale"	0.132765972027626	0.120634302437176	0.301666194878359	0.972035019021453	0.99999953838267	0.618320901630184	0.99999953838267	NA	"abundance"	205	65
"Holdemania"	"TimeNW"	"TimeNW"	"TimeNW"	-0.0706779822610648	-0.0653625359736858	0.187421860564028	0.983142380042363	0.99999953838267	0.0499663631111423	0.830253550381854	NA	"abundance"	205	65
"HT002"	"FIScore"	"FIScore"	"FIScore"	-0.143776535858243	-0.109824456238188	0.544544153702743	0.952493292299507	0.99999953838267	0.930594647454364	0.99999953838267	NA	"abundance"	205	40
"HT002"	"Sex"	"Female"	"SexFemale"	0.80578119674281	0.120634302437176	1.62045019830102	0.687607853291332	0.99999953838267	0.90241114667475	0.99999953838267	NA	"abundance"	205	40
"HT002"	"TimeNW"	"TimeNW"	"TimeNW"	-0.655325237499756	-0.0653625359736858	0.652464599272237	0.405722762960472	0.99999953838267	0.646834565536665	0.99999953838267	NA	"abundance"	205	40
"Hungatella"	"Age"	"Age"	"Age"	0.0233611096611083	0.0217147887600172	0.322571566690809	0.996045146276345	0.99999953838267	0.865036059197953	0.99999953838267	NA	"abundance"	205	75
"Hungatella"	"FIScore"	"FIScore"	"FIScore"	-0.0092444652983038	-0.109824456238188	0.293757000114282	0.74336726281804	0.99999953838267	0.661690773115963	0.99999953838267	NA	"abundance"	205	75
"Hungatella"	"Location"	"Center"	"LocationCenter"	0.227189817286245	-0.366942410777038	0.68519631261489	0.445049078156617	0.99999953838267	0.342408260133114	0.99999953838267	NA	"abundance"	205	75
"Hungatella"	"Sex"	"Female"	"SexFemale"	0.319060191707296	0.120634302437176	0.658354309108692	0.771923809831516	0.99999953838267	0.227964606605853	0.975979911177211	NA	"abundance"	205	75
"Hungatella"	"TimeNW"	"TimeNW"	"TimeNW"	0.127829809719317	-0.0653625359736858	0.273872537902962	0.551860950310313	0.99999953838267	0.543592687116324	0.99999953838267	NA	"abundance"	205	75
"Hydrogenoanaerobacterium"	"FIScore"	"FIScore"	"FIScore"	-0.0419333667402863	-0.109824456238188	0.174891877476434	0.721600466768432	0.99999953838267	0.743378150265562	0.99999953838267	NA	"abundance"	205	23
"Hydrogenoanaerobacterium"	"Sex"	"Female"	"SexFemale"	-0.102412927239831	0.120634302437176	0.44550396767127	0.643312413631717	0.99999953838267	0.509141674723007	0.99999953838267	NA	"abundance"	205	23
"Incertae_Sedis"	"Age"	"Age"	"Age"	0.112864500002072	0.0217147887600172	0.217307996222034	0.690686110969406	0.99999953838267	0.0735787696095084	0.919216459769492	NA	"abundance"	205	180
"Incertae_Sedis"	"Location"	"Center"	"LocationCenter"	-0.0778921263204609	-0.366942410777038	0.452727941033079	0.609167528075043	0.99999953838267	0.847249978889028	0.99999953838267	NA	"abundance"	205	180
"Incertae_Sedis"	"Sex"	"Female"	"SexFemale"	-0.25685850209694	0.120634302437176	0.436990901914335	0.423004026747067	0.99999953838267	0.487818326099594	0.99999953838267	NA	"abundance"	205	180
"Incertae_Sedis"	"TimeNW"	"TimeNW"	"TimeNW"	-0.222609722919967	-0.0653625359736858	0.215399282924696	0.56568070580086	0.99999953838267	0.810579067140029	0.99999953838267	NA	"abundance"	205	180
"Intestinibacter"	"Location"	"Center"	"LocationCenter"	-0.0439573045867281	-0.366942410777038	0.624102437600652	0.6511763119931	0.99999953838267	0.0969019317996154	0.93843919025082	NA	"abundance"	205	110
"Intestinibacter"	"Sex"	"Female"	"SexFemale"	-0.00442040027151834	0.120634302437176	0.642803661053294	0.85265767996298	0.99999953838267	0.267913526569221	0.988434927183272	NA	"abundance"	205	110
"Izemoplasmatales"	"Age"	"Age"	"Age"	0.13994500704217	0.0217147887600172	0.318455174548811	0.735391314497267	0.99999953838267	0.485733239040448	0.99999953838267	NA	"abundance"	205	26
"Izemoplasmatales"	"FIScore"	"FIScore"	"FIScore"	-0.0169274289487327	-0.109824456238188	0.276494868983436	0.767665173638948	0.99999953838267	0.403679501406372	0.99999953838267	NA	"abundance"	205	26
"Izemoplasmatales"	"Sex"	"Female"	"SexFemale"	-0.201366208029564	0.120634302437176	0.863577751850939	0.723587892523094	0.99999953838267	0.1105843076971	0.951333957524848	NA	"abundance"	205	26
"Klebsiella"	"Age"	"Age"	"Age"	0.56633268840311	0.0217147887600172	0.688734944362006	0.450891050731477	0.99999953838267	0.320164785377574	0.99999953838267	NA	"abundance"	205	46
"Klebsiella"	"FIScore"	"FIScore"	"FIScore"	-0.0978527013684412	-0.109824456238188	0.813238929403898	0.988470850284161	0.99999953838267	0.975300406422322	0.99999953838267	NA	"abundance"	205	46
"Klebsiella"	"Location"	"Center"	"LocationCenter"	-0.257980141143702	-0.366942410777038	1.50825380868065	0.944630738302529	0.99999953838267	0.989261760264106	0.99999953838267	NA	"abundance"	205	46
"Klebsiella"	"Sex"	"Female"	"SexFemale"	-0.00268828144273624	0.120634302437176	2.11583323321836	0.954230838791661	0.99999953838267	0.712001275793998	0.99999953838267	NA	"abundance"	205	46
"Klebsiella"	"TimeNW"	"TimeNW"	"TimeNW"	0.195275337105254	-0.0653625359736858	0.811375741986205	0.756120205307294	0.99999953838267	0.786502659285602	0.99999953838267	NA	"abundance"	205	46
"Lachnoclostridium"	"Age"	"Age"	"Age"	-0.254139635891601	0.0217147887600172	0.270312344248761	0.330725551453234	0.99999953838267	0.404980523722898	0.99999953838267	NA	"abundance"	205	129
"Lachnoclostridium"	"FIScore"	"FIScore"	"FIScore"	-0.0220100980794042	-0.109824456238188	0.238785045298755	0.724504715674937	0.99999953838267	0.562695057361349	0.99999953838267	NA	"abundance"	205	129
"Lachnoclostridium"	"Sex"	"Female"	"SexFemale"	0.0486366665537251	0.120634302437176	0.544869009703536	0.89935354186241	0.99999953838267	0.985801407830986	0.99999953838267	NA	"abundance"	205	129
"Lachnoclostridium"	"TimeNW"	"TimeNW"	"TimeNW"	0.0730749167496538	-0.0653625359736858	0.255645921687162	0.650533252051461	0.99999953838267	0.877872992078272	0.99999953838267	NA	"abundance"	205	129
"Lachnospira"	"Age"	"Age"	"Age"	-0.173905754561878	0.0217147887600172	0.253397015569292	0.462230830997374	0.99999953838267	0.710804320870225	0.99999953838267	NA	"abundance"	205	119
"Lachnospira"	"FIScore"	"FIScore"	"FIScore"	-0.219567648789878	-0.109824456238188	0.243147176865755	0.66640716983088	0.99999953838267	0.194285392463447	0.952105763066725	NA	"abundance"	205	119
"Lachnospira"	"Location"	"Center"	"LocationCenter"	-0.134241345955956	-0.366942410777038	0.491902112533292	0.69855607655269	0.99999953838267	0.480961670509837	0.99999953838267	NA	"abundance"	205	119
"Lachnospira"	"TimeNW"	"TimeNW"	"TimeNW"	-0.152728870301836	-0.0653625359736858	0.24024450038722	0.765689136351542	0.99999953838267	0.421993848737615	0.99999953838267	NA	"abundance"	205	119
"Lachnospiraceae_FCS020_group"	"Age"	"Age"	"Age"	0.1199410869718	0.0217147887600172	0.219709429274516	0.679972312855507	0.99999953838267	0.897582279460946	0.99999953838267	NA	"abundance"	205	34
"Lachnospiraceae_FCS020_group"	"FIScore"	"FIScore"	"FIScore"	-0.255390929059601	-0.109824456238188	0.187581131722569	0.492318902450624	0.99999953838267	0.742259903191061	0.99999953838267	NA	"abundance"	205	34
"Lachnospiraceae_FCS020_group"	"Location"	"Center"	"LocationCenter"	-0.0708912118555968	-0.366942410777038	0.445803515871578	0.614104704914566	0.99999953838267	0.0130825537602092	0.82405790284544	NA	"abundance"	205	34
"Lachnospiraceae_FCS020_group"	"Sex"	"Female"	"SexFemale"	0.0287039759917505	0.120634302437176	0.41502716928996	0.840768184674986	0.99999953838267	0.795588156290148	0.99999953838267	NA	"abundance"	205	34
"Lachnospiraceae_FCS020_group"	"TimeNW"	"TimeNW"	"TimeNW"	-0.269313329311118	-0.0653625359736858	0.178276906944561	0.437475305934054	0.99999953838267	0.23463332808499	0.975979911177211	NA	"abundance"	205	34
"Lachnospiraceae_NC2004_group"	"Age"	"Age"	"Age"	-0.122580336348061	0.0217147887600172	0.16367757897483	0.427454691110548	0.99999953838267	0.672191869268682	0.99999953838267	NA	"abundance"	205	76
"Lachnospiraceae_NC2004_group"	"FIScore"	"FIScore"	"FIScore"	-0.183883081364017	-0.109824456238188	0.126145082792194	0.612963439649203	0.99999953838267	0.778009957265472	0.99999953838267	NA	"abundance"	205	76
"Lachnospiraceae_NC2004_group"	"Location"	"Center"	"LocationCenter"	-0.36968362187525	-0.366942410777038	0.309569124473696	0.995260830192723	0.99999953838267	0.760402213938405	0.99999953838267	NA	"abundance"	205	76
"Lachnospiraceae_ND3007_group"	"Age"	"Age"	"Age"	0.0493202599061683	0.0217147887600172	0.209736830422242	0.901830978272421	0.99999953838267	0.572752404305034	0.99999953838267	NA	"abundance"	205	92
"Lachnospiraceae_ND3007_group"	"FIScore"	"FIScore"	"FIScore"	-0.219599792566681	-0.109824456238188	0.18113512937827	0.576122025362021	0.99999953838267	0.458027175441174	0.99999953838267	NA	"abundance"	205	92
"Lachnospiraceae_ND3007_group"	"Location"	"Center"	"LocationCenter"	-0.172351386832295	-0.366942410777038	0.432565354946134	0.725247389120545	0.99999953838267	0.403749299813314	0.99999953838267	NA	"abundance"	205	92
"Lachnospiraceae_ND3007_group"	"Sex"	"Female"	"SexFemale"	0.412265122950989	0.120634302437176	0.452796593644489	0.54930016209572	0.99999953838267	0.741220150867454	0.99999953838267	NA	"abundance"	205	92
"Lachnospiraceae_ND3007_group"	"TimeNW"	"TimeNW"	"TimeNW"	-0.125632131780105	-0.0653625359736858	0.211719029151338	0.824197615743893	0.99999953838267	0.969093521689868	0.99999953838267	NA	"abundance"	205	92
"Lachnospiraceae_UCG-001"	"FIScore"	"FIScore"	"FIScore"	-0.13582662897718	-0.109824456238188	0.223755062033564	0.91285346019659	0.99999953838267	0.992405480600293	0.99999953838267	NA	"abundance"	205	59
"Lachnospiraceae_UCG-001"	"Location"	"Center"	"LocationCenter"	-0.83228169472534	-0.366942410777038	0.582001319883156	0.500593507245837	0.99999953838267	0.0254387450777919	0.830253550381854	NA	"abundance"	205	59
"Lachnospiraceae_UCG-001"	"Sex"	"Female"	"SexFemale"	0.240359178004484	0.120634302437176	0.607019557204107	0.850747556226342	0.99999953838267	0.455931814700965	0.99999953838267	NA	"abundance"	205	59
"Lachnospiraceae_UCG-001"	"TimeNW"	"TimeNW"	"TimeNW"	0.071903558975278	-0.0653625359736858	0.233325277596278	0.636536611437437	0.99999953838267	0.674652560539646	0.99999953838267	NA	"abundance"	205	59
"Lachnospiraceae_UCG-004"	"Age"	"Age"	"Age"	0.00128802595035809	0.0217147887600172	0.23174090176107	0.933926627275295	0.99999953838267	0.429410055133183	0.99999953838267	NA	"abundance"	205	37
"Lachnospiraceae_UCG-004"	"Location"	"Center"	"LocationCenter"	-0.636443691520276	-0.366942410777038	0.445426939985819	0.630649863363512	0.99999953838267	0.779563651671639	0.99999953838267	NA	"abundance"	205	37
"Lachnospiraceae_UCG-004"	"Sex"	"Female"	"SexFemale"	-0.394267232246401	0.120634302437176	0.619627800930891	0.42541936913088	0.99999953838267	0.469167159268375	0.99999953838267	NA	"abundance"	205	37
"Lachnospiraceae_UCG-004"	"TimeNW"	"TimeNW"	"TimeNW"	-0.136397041469157	-0.0653625359736858	0.187380043207854	0.778510505575387	0.99999953838267	0.950942403859529	0.99999953838267	NA	"abundance"	205	37
"Lacticaseibacillus"	"FIScore"	"FIScore"	"FIScore"	-0.259097785808918	-0.109824456238188	0.270298252133805	0.595522336967781	0.99999953838267	0.797590112392739	0.99999953838267	NA	"abundance"	205	34
"Lacticaseibacillus"	"TimeNW"	"TimeNW"	"TimeNW"	-0.101308011973694	-0.0653625359736858	0.254851425928532	0.906359103644446	0.99999953838267	0.991231382529729	0.99999953838267	NA	"abundance"	205	34
"Lactobacillus"	"FIScore"	"FIScore"	"FIScore"	-0.59016705928126	-0.109824456238188	0.549148663354271	0.48504767687746	0.99999953838267	0.734824104910699	0.99999953838267	NA	"abundance"	205	25
"Lactobacillus"	"Location"	"Center"	"LocationCenter"	-1.61745305593301	-0.366942410777038	1.1824972754774	0.468262739208127	0.99999953838267	0.717255485485556	0.99999953838267	NA	"abundance"	205	25
"Lactobacillus"	"Sex"	"Female"	"SexFemale"	0.205651880959394	0.120634302437176	1.20442624092737	0.952230829852385	0.99999953838267	0.585880418911186	0.99999953838267	NA	"abundance"	205	25
"Ligilactobacillus"	"FIScore"	"FIScore"	"FIScore"	-0.0344801123062681	-0.109824456238188	1.07407184836624	0.948711230964817	0.99999953838267	0.297191656048223	0.997062063331157	NA	"abundance"	205	23
"Ligilactobacillus"	"Location"	"Center"	"LocationCenter"	1.80036847277017	-0.366942410777038	1.96001054894411	0.358213836173453	0.99999953838267	0.470726436541982	0.99999953838267	NA	"abundance"	205	23
"Limosilactobacillus"	"Age"	"Age"	"Age"	0.249871383929189	0.0217147887600172	0.743722905264952	0.774359762036614	0.99999953838267	0.160824433561909	0.951333957524848	NA	"abundance"	205	25
"Limosilactobacillus"	"Location"	"Center"	"LocationCenter"	-0.768282119082692	-0.366942410777038	1.20549191106324	0.765999444361855	0.99999953838267	0.393096767115172	0.99999953838267	NA	"abundance"	205	25
"Merdibacter"	"Age"	"Age"	"Age"	-0.917410602260249	0.0217147887600172	1.51449343085687	0.652070961150349	0.99999953838267	0.878945383925158	0.99999953838267	NA	"abundance"	205	25
"Merdibacter"	"FIScore"	"FIScore"	"FIScore"	-0.954217788311544	-0.109824456238188	1.60258483986152	0.696595332615912	0.99999953838267	0.354042978059881	0.99999953838267	NA	"abundance"	205	25
"Merdibacter"	"Location"	"Center"	"LocationCenter"	0.985336157423953	-0.366942410777038	2.30256082958556	0.669942710614253	0.99999953838267	0.094765986260837	0.93843919025082	NA	"abundance"	205	25
"Merdibacter"	"Sex"	"Female"	"SexFemale"	0.0497725198644553	0.120634302437176	1.43721776048277	0.969401900447117	0.99999953838267	0.530037145702905	0.99999953838267	NA	"abundance"	205	25
"Merdibacter"	"TimeNW"	"TimeNW"	"TimeNW"	0.00978221481582775	-0.0653625359736858	1.27522381489203	0.963351551814594	0.99999953838267	0.312113468629131	0.99999953838267	NA	"abundance"	205	25
"Mogibacterium"	"Age"	"Age"	"Age"	-0.221374439040572	0.0217147887600172	0.715160766503245	0.768946060289438	0.99999953838267	0.946614076944228	0.99999953838267	NA	"abundance"	205	36
"Mogibacterium"	"FIScore"	"FIScore"	"FIScore"	0.504468637363768	-0.109824456238188	1.17661800324028	0.656758066063068	0.99999953838267	0.882184974787235	0.99999953838267	NA	"abundance"	205	36
"Mogibacterium"	"Location"	"Center"	"LocationCenter"	-0.0911422113053584	-0.366942410777038	2.25312877506019	0.916093173728263	0.99999953838267	0.800891619162868	0.99999953838267	NA	"abundance"	205	36
"Mogibacterium"	"Sex"	"Female"	"SexFemale"	-1.54857605552707	0.120634302437176	4.11248854318553	0.727183648890372	0.99999953838267	0.925571238567228	0.99999953838267	NA	"abundance"	205	36
"Mogibacterium"	"TimeNW"	"TimeNW"	"TimeNW"	-4.13104479882042	-0.0653625359736858	5.66919214185528	0.555238750004725	0.99999953838267	0.64391703672865	0.99999953838267	NA	"abundance"	205	36
"Monoglobus"	"Age"	"Age"	"Age"	0.0882410494459919	0.0217147887600172	0.2091614851052	0.763758579040505	0.99999953838267	0.944189991023039	0.99999953838267	NA	"abundance"	205	168
"Monoglobus"	"FIScore"	"FIScore"	"FIScore"	-0.185569762178482	-0.109824456238188	0.205172842580002	0.727982288245782	0.99999953838267	0.220413776872165	0.975979911177211	NA	"abundance"	205	168
"Monoglobus"	"Location"	"Center"	"LocationCenter"	-0.748947164841954	-0.366942410777038	0.432632217824334	0.489202444258033	0.99999953838267	0.739085857048032	0.99999953838267	NA	"abundance"	205	168
"Monoglobus"	"TimeNW"	"TimeNW"	"TimeNW"	-0.194326898319516	-0.0653625359736858	0.198700991726291	0.621234847335074	0.99999953838267	0.713114652087948	0.99999953838267	NA	"abundance"	205	168
"Muribaculaceae"	"Age"	"Age"	"Age"	-0.0236537171295467	0.0217147887600172	0.820184947843404	0.959821803790312	0.99999953838267	0.262324812801875	0.988434927183272	NA	"abundance"	205	25
"Muribaculaceae"	"TimeNW"	"TimeNW"	"TimeNW"	-0.192722078460451	-0.0653625359736858	0.673014734028968	0.863483397673446	0.99999953838267	0.628614789240735	0.99999953838267	NA	"abundance"	205	25
"Negativibacillus"	"Age"	"Age"	"Age"	0.228169145920181	0.0217147887600172	0.22677810899283	0.392884978654385	0.99999953838267	0.631411350856514	0.99999953838267	NA	"abundance"	205	128
"Negativibacillus"	"FIScore"	"FIScore"	"FIScore"	-0.184518237321953	-0.109824456238188	0.192970624745302	0.717654243713528	0.99999953838267	0.914334730579296	0.99999953838267	NA	"abundance"	205	128
"Negativibacillus"	"Location"	"Center"	"LocationCenter"	-0.876234740139848	-0.366942410777038	0.479975039602076	0.393717609461648	0.99999953838267	0.632421662923101	0.99999953838267	NA	"abundance"	205	128
"Negativibacillus"	"Sex"	"Female"	"SexFemale"	0.0389762025696811	0.120634302437176	0.464617249179423	0.868621272701251	0.99999953838267	0.765788982681261	0.99999953838267	NA	"abundance"	205	128
"Negativibacillus"	"TimeNW"	"TimeNW"	"TimeNW"	-0.303410090095001	-0.0653625359736858	0.227706693323088	0.40548278337874	0.99999953838267	0.64654927914091	0.99999953838267	NA	"abundance"	205	128
"Odoribacter"	"TimeNW"	"TimeNW"	"TimeNW"	0.0554886604702299	-0.0653625359736858	0.549479583117069	0.833962478198414	0.99999953838267	0.646320737861727	0.99999953838267	NA	"abundance"	205	119
"Oscillibacter"	"Age"	"Age"	"Age"	0.0263481370105054	0.0217147887600172	0.281705927545002	0.987519430325029	0.99999953838267	0.612093647782375	0.99999953838267	NA	"abundance"	205	22
"Oscillibacter"	"FIScore"	"FIScore"	"FIScore"	-0.276958142296783	-0.109824456238188	0.271559969627892	0.563923756207636	0.99999953838267	0.809837509599943	0.99999953838267	NA	"abundance"	205	22
"Oscillibacter"	"TimeNW"	"TimeNW"	"TimeNW"	0.015855213658317	-0.0653625359736858	0.384453628871461	0.855026756344132	0.99999953838267	0.629533963752768	0.99999953838267	NA	"abundance"	205	22
"Oxalobacter"	"Age"	"Age"	"Age"	-0.149547100768866	0.0217147887600172	0.931751562789288	0.873929665378657	0.99999953838267	0.467427143493958	0.99999953838267	NA	"abundance"	205	17
"Oxalobacter"	"Location"	"Center"	"LocationCenter"	-0.248856761912568	-0.366942410777038	0.940915774366681	0.919126847430489	0.99999953838267	0.859146394057536	0.99999953838267	NA	"abundance"	205	17
"Oxalobacter"	"Sex"	"Female"	"SexFemale"	0.889497738181405	0.120634302437176	1.41660282740422	0.651860808831559	0.99999953838267	0.182012318602982	0.951333957524848	NA	"abundance"	205	17
"Oxalobacter"	"TimeNW"	"TimeNW"	"TimeNW"	-0.393303217679024	-0.0653625359736858	0.666167776270832	0.676560014241488	0.99999953838267	0.694261745341019	0.99999953838267	NA	"abundance"	205	17
"Parabacteroides"	"Age"	"Age"	"Age"	0.211201054439744	0.0217147887600172	0.193312352201656	0.364075812417137	0.99999953838267	0.595600427647076	0.99999953838267	NA	"abundance"	205	178
"Parabacteroides"	"FIScore"	"FIScore"	"FIScore"	-0.0226282800916595	-0.109824456238188	0.171200256014815	0.638549631495147	0.99999953838267	0.620499941977771	0.99999953838267	NA	"abundance"	205	178
"Parabacteroides"	"Sex"	"Female"	"SexFemale"	-0.0413530082046338	0.120634302437176	0.391659301373742	0.703051975786671	0.99999953838267	0.650287958370558	0.99999953838267	NA	"abundance"	205	178
"Parabacteroides"	"TimeNW"	"TimeNW"	"TimeNW"	-0.187584868396395	-0.0653625359736858	0.186736984899133	0.627208475544942	0.99999953838267	0.779139306992673	0.99999953838267	NA	"abundance"	205	178
"Paraprevotella"	"FIScore"	"FIScore"	"FIScore"	-0.0426859126082334	-0.109824456238188	0.200922269642398	0.757372575371504	0.99999953838267	0.637744392570336	0.99999953838267	NA	"abundance"	205	66
"Paraprevotella"	"Location"	"Center"	"LocationCenter"	-1.0621660214586	-0.366942410777038	0.709952506334392	0.395294443167574	0.99999953838267	0.00543365733361981	0.695872760983349	NA	"abundance"	205	66
"Paraprevotella"	"Sex"	"Female"	"SexFemale"	0.243854796170969	0.120634302437176	0.658230539831155	0.858638736863217	0.99999953838267	0.980016993284373	0.99999953838267	NA	"abundance"	205	66
"Paraprevotella"	"TimeNW"	"TimeNW"	"TimeNW"	-0.151171019075084	-0.0653625359736858	0.267916336400308	0.789565630210864	0.99999953838267	0.21632985348331	0.975979911177211	NA	"abundance"	205	66
"Parasutterella"	"TimeNW"	"TimeNW"	"TimeNW"	0.189180289240828	-0.0653625359736858	0.306179206827147	0.484804911315785	0.99999953838267	0.604523496277349	0.99999953838267	NA	"abundance"	205	62
"Peptococcus"	"Sex"	"Female"	"SexFemale"	0.345523966450993	0.120634302437176	0.501951513265579	0.676262511213648	0.99999953838267	0.735877061944671	0.99999953838267	NA	"abundance"	205	53
"Peptococcus"	"TimeNW"	"TimeNW"	"TimeNW"	0.0777597195068209	-0.0653625359736858	0.234517703815655	0.624332650563796	0.99999953838267	0.733287259882203	0.99999953838267	NA	"abundance"	205	53
"Phascolarctobacterium"	"Age"	"Age"	"Age"	0.0698438237663502	0.0217147887600172	0.26483902925485	0.861211918964846	0.99999953838267	0.00565877514453926	0.695872760983349	NA	"abundance"	205	118
"Phascolarctobacterium"	"FIScore"	"FIScore"	"FIScore"	-0.0327638783905317	-0.109824456238188	0.219846484374432	0.739948792284713	0.99999953838267	0.932373369365821	0.99999953838267	NA	"abundance"	205	118
"Phascolarctobacterium"	"Sex"	"Female"	"SexFemale"	-0.383105102523304	0.120634302437176	0.501122471206033	0.348519095061228	0.99999953838267	0.575572630500158	0.99999953838267	NA	"abundance"	205	118
"Phascolarctobacterium"	"TimeNW"	"TimeNW"	"TimeNW"	0.206500542849042	-0.0653625359736858	0.244302726285932	0.367130245812299	0.99999953838267	0.0507383790455519	0.830253550381854	NA	"abundance"	205	118
"Porphyromonas"	"Age"	"Age"	"Age"	-0.780202709019983	0.0217147887600172	0.864968625478329	0.374397734523357	0.99999953838267	0.574063915407945	0.99999953838267	NA	"abundance"	205	26
"Porphyromonas"	"TimeNW"	"TimeNW"	"TimeNW"	0.20811897759785	-0.0653625359736858	0.667593716451953	0.698411544127328	0.99999953838267	0.0926792281623538	0.93843919025082	NA	"abundance"	205	26
"Prevotella"	"Location"	"Center"	"LocationCenter"	1.28839016086065	-0.366942410777038	2.52210397374145	0.565855335973904	0.99999953838267	0.74619482891457	0.99999953838267	NA	"abundance"	205	17
"Prevotella"	"TimeNW"	"TimeNW"	"TimeNW"	-1.48619133132971	-0.0653625359736858	1.32088561711525	0.407720685955429	0.99999953838267	0.509861401793389	0.99999953838267	NA	"abundance"	205	17
"Prevotella_9"	"Sex"	"Female"	"SexFemale"	1.88794095191161	0.120634302437176	1.95112804486527	0.436313928743991	0.99999953838267	0.399691312703971	0.99999953838267	NA	"abundance"	205	28
"RF39"	"Age"	"Age"	"Age"	-0.0015233468204335	0.0217147887600172	0.514234446472387	0.96795100452182	0.99999953838267	0.530307223957985	0.99999953838267	NA	"abundance"	205	28
"RF39"	"FIScore"	"FIScore"	"FIScore"	-0.424867737304658	-0.109824456238188	0.351977443766537	0.473034555613326	0.99999953838267	0.722307420422355	0.99999953838267	NA	"abundance"	205	28
"RF39"	"Location"	"Center"	"LocationCenter"	0.0381503204781188	-0.366942410777038	1.04306323646318	0.752977744589598	0.99999953838267	0.711034943763867	0.99999953838267	NA	"abundance"	205	28
"RF39"	"Sex"	"Female"	"SexFemale"	-0.921677219642663	0.120634302437176	2.692817740651	0.736584892514696	0.99999953838267	0.0163867488732541	0.82405790284544	NA	"abundance"	205	28
"RF39"	"TimeNW"	"TimeNW"	"TimeNW"	0.846416911404394	-0.0653625359736858	0.818051563544333	0.378689635497422	0.99999953838267	0.613973430961673	0.99999953838267	NA	"abundance"	205	28
"Roseburia"	"Age"	"Age"	"Age"	0.277089953133927	0.0217147887600172	0.3219581806973	0.442682230646136	0.99999953838267	0.689396903962433	0.99999953838267	NA	"abundance"	205	134
"Roseburia"	"FIScore"	"FIScore"	"FIScore"	-0.297075602007071	-0.109824456238188	0.299253929323567	0.54423002825449	0.99999953838267	0.699636795223758	0.99999953838267	NA	"abundance"	205	134
"Roseburia"	"Location"	"Center"	"LocationCenter"	-0.601296529424616	-0.366942410777038	0.665466275326546	0.754288857297624	0.99999953838267	0.939626034351893	0.99999953838267	NA	"abundance"	205	134
"Roseburia"	"Sex"	"Female"	"SexFemale"	-0.03369370513498	0.120634302437176	0.649751844650646	0.820194964862633	0.99999953838267	0.867745716761607	0.99999953838267	NA	"abundance"	205	134
"Roseburia"	"TimeNW"	"TimeNW"	"TimeNW"	-0.224115295324077	-0.0653625359736858	0.301713105342798	0.646442587312812	0.99999953838267	0.874997155933942	0.99999953838267	NA	"abundance"	205	134
"Rothia"	"Age"	"Age"	"Age"	-0.193805065821287	0.0217147887600172	0.421835002310764	0.68588982759688	0.99999953838267	0.874401299145554	0.99999953838267	NA	"abundance"	205	17
"Rothia"	"FIScore"	"FIScore"	"FIScore"	-0.30808334193944	-0.109824456238188	0.660075190207618	0.799593532762058	0.99999953838267	0.907508909839112	0.99999953838267	NA	"abundance"	205	17
"Rothia"	"Location"	"Center"	"LocationCenter"	0.308934175471507	-0.366942410777038	1.42440213310878	0.714651001045514	0.99999953838267	0.51334362838599	0.99999953838267	NA	"abundance"	205	17
"Rothia"	"Sex"	"Female"	"SexFemale"	-0.0428878998110443	0.120634302437176	1.15912067407341	0.906702003356404	0.99999953838267	0.991295483822292	0.99999953838267	NA	"abundance"	205	17
"Rothia"	"TimeNW"	"TimeNW"	"TimeNW"	0.089734605156537	-0.0653625359736858	0.574376184616422	0.821792883287476	0.99999953838267	0.709480144854958	0.99999953838267	NA	"abundance"	205	17
"Ruminiclostridium"	"Age"	"Age"	"Age"	-0.0931861696970534	0.0217147887600172	0.165543744680921	0.542324466341835	0.99999953838267	0.683214091999004	0.99999953838267	NA	"abundance"	205	43
"Ruminiclostridium"	"FIScore"	"FIScore"	"FIScore"	0.0474407953908193	-0.109824456238188	0.152644340038093	0.372721707467494	0.99999953838267	0.606521943717503	0.99999953838267	NA	"abundance"	205	43
"Ruminiclostridium"	"Location"	"Center"	"LocationCenter"	-0.1646830063755	-0.366942410777038	0.434599114661337	0.722281999857258	0.99999953838267	0.165685073424929	0.951333957524848	NA	"abundance"	205	43
"Ruminiclostridium"	"Sex"	"Female"	"SexFemale"	0.157022229039511	0.120634302437176	0.387218223756642	0.932954463332439	0.99999953838267	0.825137911592647	0.99999953838267	NA	"abundance"	205	43
"Ruminococcus"	"FIScore"	"FIScore"	"FIScore"	0.042067980839282	-0.109824456238188	0.191357840341464	0.459966992849221	0.99999953838267	0.708364351187686	0.99999953838267	NA	"abundance"	205	156
"Ruminococcus"	"Sex"	"Female"	"SexFemale"	0.241015047005087	0.120634302437176	0.43960733810644	0.798017572830239	0.99999953838267	0.485214999858068	0.99999953838267	NA	"abundance"	205	156
"Ruminococcus"	"TimeNW"	"TimeNW"	"TimeNW"	0.207636895796403	-0.0653625359736858	0.23817229372783	0.35459841733381	0.99999953838267	0.238292852424934	0.975979911177211	NA	"abundance"	205	156
"Sellimonas"	"Age"	"Age"	"Age"	-0.240385777567194	0.0217147887600172	0.342884006507826	0.476489406641493	0.99999953838267	0.725936658641424	0.99999953838267	NA	"abundance"	205	42
"Sellimonas"	"FIScore"	"FIScore"	"FIScore"	-0.466467917211191	-0.109824456238188	0.453189031668296	0.460137373356117	0.99999953838267	0.708548344353167	0.99999953838267	NA	"abundance"	205	42
"Sellimonas"	"Location"	"Center"	"LocationCenter"	-1.11820179275183	-0.366942410777038	0.810435845124054	0.418518508466014	0.99999953838267	0.46794893478285	0.99999953838267	NA	"abundance"	205	42
"Sellimonas"	"Sex"	"Female"	"SexFemale"	0.605692575564955	0.120634302437176	0.805215758939949	0.56982306585371	0.99999953838267	0.814947805328498	0.99999953838267	NA	"abundance"	205	42
"Sellimonas"	"TimeNW"	"TimeNW"	"TimeNW"	-0.360737564695673	-0.0653625359736858	0.493332371342633	0.583497549177137	0.99999953838267	0.294760139730647	0.997062063331157	NA	"abundance"	205	42
"Senegalimassilia"	"Age"	"Age"	"Age"	4.0507406573902	0.0217147887600172	2.44807165923917	0.999999431649396	0.99999953838267	0.775935889373314	0.99999953838267	NA	"abundance"	205	16
"Senegalimassilia"	"FIScore"	"FIScore"	"FIScore"	-8.48490294820272	-0.109824456238188	4.67334200074024	0.999999444808766	0.99999953838267	0.863331228950552	0.99999953838267	NA	"abundance"	205	16
"Senegalimassilia"	"Sex"	"Female"	"SexFemale"	-20.7930034187925	0.120634302437176	11.650064395122	0.999999443111731	0.99999953838267	0.677356575114714	0.99999953838267	NA	"abundance"	205	16
"Senegalimassilia"	"TimeNW"	"TimeNW"	"TimeNW"	-2.35141407761359	-0.0653625359736858	1.72718091159936	0.999999497443452	0.99999953838267	0.330427077521236	0.99999953838267	NA	"abundance"	205	16
"Slackia"	"Age"	"Age"	"Age"	-0.0985258669790151	0.0217147887600172	0.715707902942511	0.873414472185266	0.99999953838267	0.95308263967744	0.99999953838267	NA	"abundance"	205	21
"Slackia"	"Location"	"Center"	"LocationCenter"	-1.59074378329333	-0.366942410777038	1.62781700191964	0.493973549871439	0.99999953838267	0.743937231770287	0.99999953838267	NA	"abundance"	205	21
"Slackia"	"Sex"	"Female"	"SexFemale"	0.420817396795373	0.120634302437176	2.01389829851482	0.887274813507819	0.99999953838267	0.829123934458828	0.99999953838267	NA	"abundance"	205	21
"Slackia"	"TimeNW"	"TimeNW"	"TimeNW"	-0.346243254432328	-0.0653625359736858	0.95145164506449	0.781747916403086	0.99999953838267	0.924495025937147	0.99999953838267	NA	"abundance"	205	21
"Streptococcus"	"Age"	"Age"	"Age"	-0.173966836020663	0.0217147887600172	0.462027059644775	0.676662338779379	0.99999953838267	0.615684395122545	0.99999953838267	NA	"abundance"	205	149
"Streptococcus"	"FIScore"	"FIScore"	"FIScore"	-0.107423078305108	-0.109824456238188	0.454640234070277	0.995842864424666	0.99999953838267	0.823675936609004	0.99999953838267	NA	"abundance"	205	149
"Streptococcus"	"Location"	"Center"	"LocationCenter"	-0.876108349891256	-0.366942410777038	0.922853458279116	0.605770526128017	0.99999953838267	0.798278338785267	0.99999953838267	NA	"abundance"	205	149
"Streptococcus"	"Sex"	"Female"	"SexFemale"	-0.68471320249457	0.120634302437176	0.952657634104307	0.409382759159773	0.99999953838267	0.587201886346834	0.99999953838267	NA	"abundance"	205	149
"Streptococcus"	"TimeNW"	"TimeNW"	"TimeNW"	-0.012117169770409	-0.0653625359736858	0.44937047784386	0.912523233804547	0.99999953838267	0.395739155755284	0.99999953838267	NA	"abundance"	205	149
"Subdoligranulum"	"Age"	"Age"	"Age"	0.132291955948389	0.0217147887600172	0.221805222424831	0.637604993487721	0.99999953838267	0.868669859254965	0.99999953838267	NA	"abundance"	205	137
"Subdoligranulum"	"Sex"	"Female"	"SexFemale"	0.200058830687359	0.120634302437176	0.448188658077541	0.86861899374315	0.99999953838267	0.825590426459486	0.99999953838267	NA	"abundance"	205	137
"Subdoligranulum"	"TimeNW"	"TimeNW"	"TimeNW"	-0.10620247408091	-0.0653625359736858	0.226739673144185	0.885056451429543	0.99999953838267	0.912607345006872	0.99999953838267	NA	"abundance"	205	137
"Sutterella"	"Age"	"Age"	"Age"	0.332389034922441	0.0217147887600172	0.347834809179803	0.394808484464374	0.99999953838267	0.633743229523692	0.99999953838267	NA	"abundance"	205	71
"Sutterella"	"FIScore"	"FIScore"	"FIScore"	0.108041847819971	-0.109824456238188	0.341128995358013	0.538579537863427	0.99999953838267	0.373954734100758	0.99999953838267	NA	"abundance"	205	71
"Sutterella"	"Location"	"Center"	"LocationCenter"	0.0540334827830573	-0.366942410777038	0.980556359955355	0.691173312091786	0.99999953838267	0.00646044819277175	0.695872760983349	NA	"abundance"	205	71
"Sutterella"	"TimeNW"	"TimeNW"	"TimeNW"	-0.0614227775560438	-0.0653625359736858	0.379822883088212	0.992489331331944	0.99999953838267	0.151653667868973	0.951333957524848	NA	"abundance"	205	71
"Tannerellaceae"	"FIScore"	"FIScore"	"FIScore"	-0.191285990750758	-0.109824456238188	0.334463287728518	0.813123625078917	0.99999953838267	0.295720007484313	0.997062063331157	NA	"abundance"	205	86
"Tannerellaceae"	"Location"	"Center"	"LocationCenter"	-0.14327618318486	-0.366942410777038	0.730667304133285	0.783535149302715	0.99999953838267	0.620197734249169	0.99999953838267	NA	"abundance"	205	86
"Tannerellaceae"	"Sex"	"Female"	"SexFemale"	0.378151009842564	0.120634302437176	0.742931898205198	0.738013791507763	0.99999953838267	0.931363226559862	0.99999953838267	NA	"abundance"	205	86
"Turicibacter"	"Age"	"Age"	"Age"	0.722529656876622	0.0217147887600172	0.848079871088572	0.43173388966032	0.99999953838267	0.659714659496845	0.99999953838267	NA	"abundance"	205	48
"Turicibacter"	"FIScore"	"FIScore"	"FIScore"	-0.125571289517416	-0.109824456238188	0.6348406771699	0.980729992795012	0.99999953838267	0.651498000236127	0.99999953838267	NA	"abundance"	205	48
"Turicibacter"	"Location"	"Center"	"LocationCenter"	-0.903333949077574	-0.366942410777038	1.41692433563058	0.720912398545277	0.99999953838267	0.774832821608856	0.99999953838267	NA	"abundance"	205	48
"Turicibacter"	"Sex"	"Female"	"SexFemale"	0.640638452425943	0.120634302437176	1.89037932701143	0.789468730679408	0.99999953838267	0.591092782664914	0.99999953838267	NA	"abundance"	205	48
"Turicibacter"	"TimeNW"	"TimeNW"	"TimeNW"	0.213924706087459	-0.0653625359736858	0.631314019132412	0.676738370901864	0.99999953838267	0.483366765819445	0.99999953838267	NA	"abundance"	205	48
"Tyzzerella"	"Age"	"Age"	"Age"	0.0200684678589261	0.0217147887600172	0.299712823413413	0.995740929538105	0.99999953838267	0.342054019201019	0.99999953838267	NA	"abundance"	205	108
"Tyzzerella"	"FIScore"	"FIScore"	"FIScore"	-0.257720656652343	-0.109824456238188	0.274539447347256	0.602333106296582	0.99999953838267	0.639860301983627	0.99999953838267	NA	"abundance"	205	108
"Tyzzerella"	"Location"	"Center"	"LocationCenter"	-0.787271828855483	-0.366942410777038	0.612735123615395	0.551062840849341	0.99999953838267	0.710293327791029	0.99999953838267	NA	"abundance"	205	108
"Tyzzerella"	"Sex"	"Female"	"SexFemale"	0.230167171725416	0.120634302437176	0.604872789697134	0.861823562123093	0.99999953838267	0.37841164398435	0.99999953838267	NA	"abundance"	205	108
"Tyzzerella"	"TimeNW"	"TimeNW"	"TimeNW"	-0.0200022088782913	-0.0653625359736858	0.336705257443851	0.904989769355606	0.99999953838267	0.531354495727985	0.99999953838267	NA	"abundance"	205	108
"UBA1819"	"FIScore"	"FIScore"	"FIScore"	0.0446321695983652	-0.109824456238188	0.202042164200763	0.472740572595364	0.99999953838267	0.321866407360647	0.99999953838267	NA	"abundance"	205	153
"UBA1819"	"Location"	"Center"	"LocationCenter"	-0.08142209853709	-0.366942410777038	0.494769371125306	0.634031422541463	0.99999953838267	0.866067000312975	0.99999953838267	NA	"abundance"	205	153
"UBA1819"	"TimeNW"	"TimeNW"	"TimeNW"	-0.301577726450046	-0.0653625359736858	0.232263416011757	0.413058760073088	0.99999953838267	0.206478758534313	0.975979911177211	NA	"abundance"	205	153
"UC5-1-2E3"	"FIScore"	"FIScore"	"FIScore"	0.1841087700384	-0.109824456238188	0.278213693020519	0.393339076019782	0.99999953838267	0.631962523315469	0.99999953838267	NA	"abundance"	205	37
"UC5-1-2E3"	"Location"	"Center"	"LocationCenter"	-0.7442909742587	-0.366942410777038	0.560323229491011	0.626625944943395	0.99999953838267	0.153158773473828	0.951333957524848	NA	"abundance"	205	37
"UC5-1-2E3"	"Sex"	"Female"	"SexFemale"	0.0527859408016913	0.120634302437176	0.411714680647781	0.894600813599748	0.99999953838267	0.988891011506165	0.99999953838267	NA	"abundance"	205	37
"UCG-002"	"Age"	"Age"	"Age"	0.121949607266932	0.0217147887600172	0.345345199358856	0.77690553998376	0.99999953838267	0.349162415865189	0.99999953838267	NA	"abundance"	205	133
"UCG-002"	"FIScore"	"FIScore"	"FIScore"	-0.327844998356648	-0.109824456238188	0.285202223959228	0.461642549352738	0.99999953838267	0.290749168022497	0.997062063331157	NA	"abundance"	205	133
"UCG-002"	"Location"	"Center"	"LocationCenter"	-0.52440611101804	-0.366942410777038	0.70383661261956	0.840511753920375	0.99999953838267	0.948490296532629	0.99999953838267	NA	"abundance"	205	133
"UCG-002"	"Sex"	"Female"	"SexFemale"	-0.551753265350629	0.120634302437176	0.721100259263099	0.36960592043307	0.99999953838267	0.602603304446963	0.99999953838267	NA	"abundance"	205	133
"UCG-002"	"TimeNW"	"TimeNW"	"TimeNW"	0.0581753789533752	-0.0653625359736858	0.348844964411386	0.750243651983415	0.99999953838267	0.572737521916139	0.99999953838267	NA	"abundance"	205	133
"UCG-003"	"Age"	"Age"	"Age"	0.0160944828550305	0.0217147887600172	0.236131427139231	0.981899974248327	0.99999953838267	0.109260396917222	0.951333957524848	NA	"abundance"	205	66
"UCG-003"	"FIScore"	"FIScore"	"FIScore"	-0.0263601924281062	-0.109824456238188	0.209616265294153	0.70717417744155	0.99999953838267	0.531113423798627	0.99999953838267	NA	"abundance"	205	66
"UCG-003"	"Sex"	"Female"	"SexFemale"	-0.11360010854379	0.120634302437176	0.495268494087495	0.656844130764665	0.99999953838267	0.141964596561966	0.951333957524848	NA	"abundance"	205	66
"UCG-005"	"Age"	"Age"	"Age"	0.37195171088429	0.0217147887600172	0.428872868861006	0.432483354278263	0.99999953838267	0.677924856828749	0.99999953838267	NA	"abundance"	205	54
"UCG-005"	"FIScore"	"FIScore"	"FIScore"	0.117810523817661	-0.109824456238188	0.331518282463774	0.511235569259724	0.99999953838267	0.492089422655474	0.99999953838267	NA	"abundance"	205	54
"UCG-005"	"Location"	"Center"	"LocationCenter"	-1.22802402968476	-0.366942410777038	0.880811759583944	0.374598864984088	0.99999953838267	0.282905579084959	0.997062063331157	NA	"abundance"	205	54
"UCG-005"	"Sex"	"Female"	"SexFemale"	-0.295692021273911	0.120634302437176	0.797226806813769	0.615113004623185	0.99999953838267	0.851862000789808	0.99999953838267	NA	"abundance"	205	54
"UCG-010"	"Location"	"Center"	"LocationCenter"	-0.318363630528553	-0.366942410777038	0.92743837966576	0.961403485471349	0.99999953838267	0.19305536905803	0.951333957524848	NA	"abundance"	205	46
"uncultured"	"Age"	"Age"	"Age"	0.0831622896487382	0.0217147887600172	0.271840731982109	0.827056682409971	0.99999953838267	0.828492332895414	0.99999953838267	NA	"abundance"	205	154
"uncultured"	"FIScore"	"FIScore"	"FIScore"	-0.253049268617751	-0.109824456238188	0.219523098230045	0.53678712957578	0.99999953838267	0.785433836673354	0.99999953838267	NA	"abundance"	205	154
"uncultured"	"Location"	"Center"	"LocationCenter"	0.139225019937214	-0.366942410777038	0.54696039623101	0.435172464448584	0.99999953838267	0.478625024011026	0.99999953838267	NA	"abundance"	205	154
"uncultured"	"Sex"	"Female"	"SexFemale"	0.153471640150622	0.120634302437176	0.535002002232456	0.953317572828232	0.99999953838267	0.68309205794465	0.99999953838267	NA	"abundance"	205	154
"uncultured"	"TimeNW"	"TimeNW"	"TimeNW"	0.146252604845879	-0.0653625359736858	0.255414297268626	0.489092828021226	0.99999953838267	0.664490959809141	0.99999953838267	NA	"abundance"	205	154
"Unknown"	"FIScore"	"FIScore"	"FIScore"	-0.0108762148799408	-0.109824456238188	0.0795453748531843	0.366853965668942	0.99999953838267	0.366853965668942	0.99999953838267	NA	"abundance"	205	205
"Unknown"	"Location"	"Center"	"LocationCenter"	-0.509998156376541	-0.366942410777038	0.186775764455479	0.714243950769178	0.99999953838267	0.714243950769178	0.99999953838267	NA	"abundance"	205	205
"Unknown"	"Sex"	"Female"	"SexFemale"	0.0839308600253434	0.120634302437176	0.181015747869213	0.882606184884487	0.99999953838267	0.882606184884487	0.99999953838267	NA	"abundance"	205	205
"Unknown"	"TimeNW"	"TimeNW"	"TimeNW"	-0.173730250795886	-0.0653625359736858	0.0876820542987465	0.572695031868818	0.99999953838267	0.572695031868818	0.99999953838267	NA	"abundance"	205	205
"Veillonella"	"Age"	"Age"	"Age"	-0.571253610709261	0.0217147887600172	0.708656610729837	0.422780997444678	0.99999953838267	0.390740388370882	0.99999953838267	NA	"abundance"	205	43
"Veillonella"	"Location"	"Center"	"LocationCenter"	-0.403350781916727	-0.366942410777038	1.30142260339477	0.978757760863999	0.99999953838267	0.0235150318610175	0.830253550381854	NA	"abundance"	205	43
"Veillonella"	"TimeNW"	"TimeNW"	"TimeNW"	-0.55018525891256	-0.0653625359736858	0.527230166523923	0.394974587553501	0.99999953838267	0.633944250293944	0.99999953838267	NA	"abundance"	205	43
"[Bacteroides]_pectinophilus_group"	"Age"	"Age"	"Age"	0.190344367346427	0	1.45982527206554	0.896259097180491	0.99999953838267	0.896259097180491	0.99999953838267	NA	"prevalence"	205	5
"[Bacteroides]_pectinophilus_group"	"FIScore"	"FIScore"	"FIScore"	0.647038298581263	0	1.09259594884517	0.553714844687123	0.99999953838267	0.553714844687123	0.99999953838267	NA	"prevalence"	205	5
"[Bacteroides]_pectinophilus_group"	"Location"	"Center"	"LocationCenter"	-12.1554260990335	0	246.559116622527	0.960680020258983	0.99999953838267	0.960680020258983	0.99999953838267	NA	"prevalence"	205	5
"[Bacteroides]_pectinophilus_group"	"Sex"	"Female"	"SexFemale"	-0.977067197614991	0	2.43486285899305	0.688212345200051	0.99999953838267	0.688212345200051	0.99999953838267	NA	"prevalence"	205	5
"[Bacteroides]_pectinophilus_group"	"TimeNW"	"TimeNW"	"TimeNW"	0.589280841386486	0	0.96407443628573	0.541040717654989	0.99999953838267	0.541040717654989	0.99999953838267	NA	"prevalence"	205	5
"[Clostridium]_innocuum_group"	"FIScore"	"FIScore"	"FIScore"	0.200359926475482	0	0.255479061448165	0.432892346661291	0.99999953838267	0.577382303160207	0.99999953838267	NA	"prevalence"	205	108
"[Clostridium]_innocuum_group"	"Location"	"Center"	"LocationCenter"	-0.342261562835738	0	0.571446923075023	0.549213896647147	0.99999953838267	0.769602056561662	0.99999953838267	NA	"prevalence"	205	108
"[Clostridium]_methylpentosum_group"	"Age"	"Age"	"Age"	-0.120238903923828	0	0.898729603442031	0.893570508847098	0.99999953838267	0.893570508847098	0.99999953838267	NA	"prevalence"	205	12
"[Clostridium]_methylpentosum_group"	"Sex"	"Female"	"SexFemale"	-0.284720715967236	0	1.82805673755708	0.876229704676138	0.99999953838267	0.876229704676138	0.99999953838267	NA	"prevalence"	205	12
"[Clostridium]_methylpentosum_group"	"TimeNW"	"TimeNW"	"TimeNW"	-0.985363524470954	0	1.17941806941956	0.403455464823413	0.99999953838267	0.403455464823413	0.99999953838267	NA	"prevalence"	205	12
"[Eubacterium]_brachy_group"	"TimeNW"	"TimeNW"	"TimeNW"	-0.0227718348878007	0	0.233932446575537	0.92245350414076	0.99999953838267	0.993986540979953	0.99999953838267	NA	"prevalence"	205	24
"[Eubacterium]_coprostanoligenes_group"	"FIScore"	"FIScore"	"FIScore"	-0.594114069419885	0	0.622141381695454	0.339602855163937	0.99999953838267	0.563875611092376	0.99999953838267	NA	"prevalence"	205	186
"[Eubacterium]_eligens_group"	"Age"	"Age"	"Age"	0.222010904480497	0	0.616613020171053	0.718810486790171	0.99999953838267	0.685753286414958	0.99999953838267	NA	"prevalence"	205	108
"[Eubacterium]_eligens_group"	"FIScore"	"FIScore"	"FIScore"	-0.0017354233767936	0	0.549527532210462	0.997480262341629	0.99999953838267	0.915163122310042	0.99999953838267	NA	"prevalence"	205	108
"[Eubacterium]_eligens_group"	"Sex"	"Female"	"SexFemale"	-0.07593289880961	0	1.21018875781809	0.94996982292929	0.99999953838267	0.377966731776272	0.99999953838267	NA	"prevalence"	205	108
"[Eubacterium]_eligens_group"	"TimeNW"	"TimeNW"	"TimeNW"	0.455844615302795	0	0.575496432337072	0.428308558934664	0.99999953838267	0.673168896212639	0.99999953838267	NA	"prevalence"	205	108
"[Eubacterium]_fissicatena_group"	"FIScore"	"FIScore"	"FIScore"	0.251693531380378	0	0.48665672113175	0.605024189250991	0.99999953838267	0.843994108923163	0.99999953838267	NA	"prevalence"	205	35
"[Eubacterium]_fissicatena_group"	"Location"	"Center"	"LocationCenter"	0.651750856193283	0	1.10574520796819	0.555578037508771	0.99999953838267	0.406894228784094	0.99999953838267	NA	"prevalence"	205	35
"[Eubacterium]_fissicatena_group"	"TimeNW"	"TimeNW"	"TimeNW"	-0.390801479563434	0	0.556904307256743	0.482841937709409	0.99999953838267	0.097664037231186	0.93843919025082	NA	"prevalence"	205	35
"[Eubacterium]_hallii_group"	"Age"	"Age"	"Age"	0.511520634134187	0	0.585668000909179	0.382446763642635	0.99999953838267	0.618628000264544	0.99999953838267	NA	"prevalence"	205	178
"[Eubacterium]_hallii_group"	"FIScore"	"FIScore"	"FIScore"	-0.187959217866713	0	0.561412087510855	0.737778042023207	0.99999953838267	0.931239644754817	0.99999953838267	NA	"prevalence"	205	178
"[Eubacterium]_hallii_group"	"TimeNW"	"TimeNW"	"TimeNW"	0.726495900258442	0	0.770748437809008	0.345893225844201	0.99999953838267	0.572144328003495	0.99999953838267	NA	"prevalence"	205	178
"[Eubacterium]_nodatum_group"	"Age"	"Age"	"Age"	-0.317942375417873	0	0.449265247249182	0.479135227448182	0.99999953838267	0.728699888714543	0.99999953838267	NA	"prevalence"	205	44
"[Eubacterium]_nodatum_group"	"FIScore"	"FIScore"	"FIScore"	-0.230010750124541	0	0.409707973496801	0.574523729882132	0.99999953838267	0.528672817261245	0.99999953838267	NA	"prevalence"	205	44
"[Eubacterium]_nodatum_group"	"Location"	"Center"	"LocationCenter"	0.847520960511438	0	0.910265246895752	0.35181718696558	0.99999953838267	0.579859040886787	0.99999953838267	NA	"prevalence"	205	44
"[Eubacterium]_nodatum_group"	"TimeNW"	"TimeNW"	"TimeNW"	-0.424650616161337	0	0.467107126581003	0.36329335685402	0.99999953838267	0.594604650573777	0.99999953838267	NA	"prevalence"	205	44
"[Eubacterium]_ruminantium_group"	"Age"	"Age"	"Age"	0.448030369337305	0	0.783855113506017	0.567611334343374	0.99999953838267	0.673118107430084	0.99999953838267	NA	"prevalence"	205	14
"[Eubacterium]_siraeum_group"	"Age"	"Age"	"Age"	0.386171374386817	0	0.649092769505806	0.551883452551112	0.99999953838267	0.438398451539498	0.99999953838267	NA	"prevalence"	205	83
"[Eubacterium]_siraeum_group"	"FIScore"	"FIScore"	"FIScore"	0.406730451591296	0	0.554213866163078	0.463017500814956	0.99999953838267	0.331061268479923	0.99999953838267	NA	"prevalence"	205	83
"[Eubacterium]_siraeum_group"	"Sex"	"Female"	"SexFemale"	-0.520497532861731	0	1.27147479234911	0.682271674002673	0.99999953838267	0.899048710858936	0.99999953838267	NA	"prevalence"	205	83
"[Eubacterium]_siraeum_group"	"TimeNW"	"TimeNW"	"TimeNW"	-0.0472420173864605	0	0.641971923472549	0.941337491675493	0.99999953838267	0.994652205242874	0.99999953838267	NA	"prevalence"	205	83
"[Eubacterium]_ventriosum_group"	"FIScore"	"FIScore"	"FIScore"	0.392000262434301	0	0.460790680807742	0.394929234034452	0.99999953838267	0.633889368173865	0.99999953838267	NA	"prevalence"	205	83
"[Eubacterium]_xylanophilum_group"	"FIScore"	"FIScore"	"FIScore"	-0.169839580207097	0	0.391678750566374	0.664564704864398	0.99999953838267	0.469024843910365	0.99999953838267	NA	"prevalence"	205	112
"[Eubacterium]_xylanophilum_group"	"Sex"	"Female"	"SexFemale"	0.368288553327599	0	0.917834804665062	0.688230186223916	0.99999953838267	0.902799583218026	0.99999953838267	NA	"prevalence"	205	112
"[Ruminococcus]_gauvreauii_group"	"FIScore"	"FIScore"	"FIScore"	0.20420425879583	0	0.668024602235649	0.759845454710318	0.99999953838267	0.738737291937219	0.99999953838267	NA	"prevalence"	205	123
"[Ruminococcus]_gauvreauii_group"	"Location"	"Center"	"LocationCenter"	0.469793062077221	0	1.59040184293001	0.76769392475621	0.99999953838267	0.8136060772473	0.99999953838267	NA	"prevalence"	205	123
"[Ruminococcus]_gauvreauii_group"	"Sex"	"Female"	"SexFemale"	-0.982069756277498	0	1.5546087345542	0.527573082777817	0.99999953838267	0.776812807883945	0.99999953838267	NA	"prevalence"	205	123
"[Ruminococcus]_gauvreauii_group"	"TimeNW"	"TimeNW"	"TimeNW"	0.70034444608128	0	0.756241454134898	0.35440141075258	0.99999953838267	0.583202461561741	0.99999953838267	NA	"prevalence"	205	123
"[Ruminococcus]_gnavus_group"	"FIScore"	"FIScore"	"FIScore"	0.401288359895693	0	0.451054665693374	0.373644827319924	0.99999953838267	0.607679197656912	0.99999953838267	NA	"prevalence"	205	79
"[Ruminococcus]_gnavus_group"	"TimeNW"	"TimeNW"	"TimeNW"	-0.319613254854035	0	0.477870499319551	0.503605090425561	0.99999953838267	0.753592093748584	0.99999953838267	NA	"prevalence"	205	79
"Acidaminococcus"	"Age"	"Age"	"Age"	0.142186985369823	0	1.08257161954814	0.895504867934162	0.99999953838267	0.844321701308205	0.99999953838267	NA	"prevalence"	205	27
"Acidaminococcus"	"FIScore"	"FIScore"	"FIScore"	0.276602451270672	0	1.02281782193635	0.786828088372336	0.99999953838267	0.787693708604595	0.99999953838267	NA	"prevalence"	205	27
"Acidaminococcus"	"Sex"	"Female"	"SexFemale"	-1.39531136292915	0	2.33886645882228	0.550790565413815	0.99999953838267	0.79821088387876	0.99999953838267	NA	"prevalence"	205	27
"Actinomyces"	"Age"	"Age"	"Age"	-0.177391165498577	0	0.451752106669253	0.694560507236436	0.99999953838267	0.0890473546263921	0.93843919025082	NA	"prevalence"	205	41
"Actinomyces"	"FIScore"	"FIScore"	"FIScore"	-0.25965456212404	0	0.406547946046437	0.523030293944073	0.99999953838267	0.772499899504923	0.99999953838267	NA	"prevalence"	205	41
"Actinomyces"	"Location"	"Center"	"LocationCenter"	-0.0986206392865458	0	0.931454945730776	0.915679104639333	0.99999953838267	0.880716884882718	0.99999953838267	NA	"prevalence"	205	41
"Actinomyces"	"Sex"	"Female"	"SexFemale"	0.273697097003866	0	0.901288748375457	0.761376997139187	0.99999953838267	0.519714195615255	0.99999953838267	NA	"prevalence"	205	41
"Adlercreutzia"	"Location"	"Center"	"LocationCenter"	-0.36672854686534	0	1.37342390895203	0.789455503058932	0.99999953838267	0.938889676256911	0.99999953838267	NA	"prevalence"	205	79
"Adlercreutzia"	"Sex"	"Female"	"SexFemale"	1.19732226315508	0	1.33714360124752	0.370555763790255	0.99999953838267	0.540106018950336	0.99999953838267	NA	"prevalence"	205	79
"Adlercreutzia"	"TimeNW"	"TimeNW"	"TimeNW"	-0.344478204229363	0	0.631220950359971	0.58524937410999	0.99999953838267	0.827981918323845	0.99999953838267	NA	"prevalence"	205	79
"Agathobacter"	"Age"	"Age"	"Age"	-0.233047628599053	0	0.890813077065632	0.793620385593762	0.99999953838267	0.620070142301019	0.99999953838267	NA	"prevalence"	205	142
"Agathobacter"	"FIScore"	"FIScore"	"FIScore"	-0.506546810940427	0	0.743730689459349	0.495815160442809	0.99999953838267	0.745797647560689	0.99999953838267	NA	"prevalence"	205	142
"Agathobacter"	"Location"	"Center"	"LocationCenter"	1.05925969835857	0	1.83196726293665	0.563123119328435	0.99999953838267	0.123907796003298	0.951333957524848	NA	"prevalence"	205	142
"Agathobacter"	"Sex"	"Female"	"SexFemale"	-1.03889038414026	0	1.73438328590512	0.549174885489763	0.99999953838267	0.761290023076343	0.99999953838267	NA	"prevalence"	205	142
"Akkermansia"	"Age"	"Age"	"Age"	-0.58082619157185	0	0.628504915784329	0.355413712361101	0.99999953838267	0.147970508917061	0.951333957524848	NA	"prevalence"	205	141
"Akkermansia"	"FIScore"	"FIScore"	"FIScore"	0.0936624758744503	0	0.518590300708684	0.856673885231448	0.99999953838267	0.769775997775269	0.99999953838267	NA	"prevalence"	205	141
"Akkermansia"	"Sex"	"Female"	"SexFemale"	0.779332942482897	0	1.22752188422792	0.52550463700927	0.99999953838267	0.774854150500295	0.99999953838267	NA	"prevalence"	205	141
"Akkermansia"	"TimeNW"	"TimeNW"	"TimeNW"	0.123932162176754	0	0.593636320714099	0.834629491557531	0.99999953838267	0.380123138474566	0.99999953838267	NA	"prevalence"	205	141
"Alistipes"	"Age"	"Age"	"Age"	0.677028026889686	0	1.01175183144943	0.50339078951104	0.99999953838267	0.719180650303072	0.99999953838267	NA	"prevalence"	205	184
"Alistipes"	"FIScore"	"FIScore"	"FIScore"	-0.134961380276637	0	0.871197034487789	0.876888426140601	0.99999953838267	0.869603444454044	0.99999953838267	NA	"prevalence"	205	184
"Alistipes"	"Location"	"Center"	"LocationCenter"	0.000825274660148317	0	1.95183637843407	0.999662638786012	0.99999953838267	0.377922011030703	0.99999953838267	NA	"prevalence"	205	184
"Alistipes"	"Sex"	"Female"	"SexFemale"	-0.309153861463163	0	1.97243272981635	0.875451856878621	0.99999953838267	0.0612727268982638	0.862681091408888	NA	"prevalence"	205	184
"Alistipes"	"TimeNW"	"TimeNW"	"TimeNW"	-0.145668411840682	0	0.904221227301706	0.872016058164141	0.99999953838267	0.798642641065413	0.99999953838267	NA	"prevalence"	205	184
"Alloprevotella"	"Age"	"Age"	"Age"	1.26818387266435	0	1.36111603985375	0.351479411083448	0.99999953838267	0.579421045751329	0.99999953838267	NA	"prevalence"	205	37
"Alloprevotella"	"Sex"	"Female"	"SexFemale"	0.481215999808226	0	2.58654293806845	0.852408678407965	0.99999953838267	0.752802136193123	0.99999953838267	NA	"prevalence"	205	37
"Alloscardovia"	"Age"	"Age"	"Age"	-0.552344525843051	0	0.957809623906626	0.56415926291663	0.99999953838267	0.56415926291663	0.99999953838267	NA	"prevalence"	205	3
"Alloscardovia"	"FIScore"	"FIScore"	"FIScore"	0.342198775640877	0	0.81117474899346	0.673130271077824	0.99999953838267	0.673130271077824	0.99999953838267	NA	"prevalence"	205	3
"Alloscardovia"	"Location"	"Center"	"LocationCenter"	12.915471352688	0	204.819556808148	0.949720475374092	0.99999953838267	0.949720475374092	0.99999953838267	NA	"prevalence"	205	3
"Alloscardovia"	"Sex"	"Female"	"SexFemale"	-0.725958726929675	0	2.16589942358519	0.737491899716396	0.99999953838267	0.737491899716396	0.99999953838267	NA	"prevalence"	205	3
"Alloscardovia"	"TimeNW"	"TimeNW"	"TimeNW"	1.02770750948609	0	1.08211254905015	0.342252863417757	0.99999953838267	0.342252863417757	0.99999953838267	NA	"prevalence"	205	3
"Anaerobiospirillum"	"TimeNW"	"TimeNW"	"TimeNW"	-1.26984667232898	0	2194872.21904951	0.99999953838267	0.99999953838267	0.99999953838267	0.99999953838267	NA	"prevalence"	205	5
"Anaerofustis"	"Age"	"Age"	"Age"	0.347833118875757	0	0.614330933180009	0.571258997768498	0.99999953838267	0.145023804343239	0.951333957524848	NA	"prevalence"	205	18
"Anaerofustis"	"Location"	"Center"	"LocationCenter"	0.25868422419688	0	1.24973436317587	0.836016600651783	0.99999953838267	0.218682356059311	0.975979911177211	NA	"prevalence"	205	18
"Anaerofustis"	"Sex"	"Female"	"SexFemale"	-0.841994671176478	0	1.2447315498039	0.498757013492838	0.99999953838267	0.265849600706006	0.988434927183272	NA	"prevalence"	205	18
"Anaerofustis"	"TimeNW"	"TimeNW"	"TimeNW"	-0.353498040549506	0	0.664497642499354	0.594741322745738	0.99999953838267	0.725089839163706	0.99999953838267	NA	"prevalence"	205	18
"Anaerostignum"	"Age"	"Age"	"Age"	0.154076135198372	0	0.500433633766732	0.758169648622355	0.99999953838267	0.941518081152565	0.99999953838267	NA	"prevalence"	205	19
"Anaerostignum"	"FIScore"	"FIScore"	"FIScore"	0.204675602523769	0	0.455351668907429	0.653078884117085	0.99999953838267	0.879645739354553	0.99999953838267	NA	"prevalence"	205	19
"Anaerostignum"	"Location"	"Center"	"LocationCenter"	-0.921190943345851	0	1.02983901886843	0.371054460425298	0.99999953838267	0.604427508249087	0.99999953838267	NA	"prevalence"	205	19
"Anaerostignum"	"Sex"	"Female"	"SexFemale"	0.0340830782617653	0	1.0413736546535	0.973890728312116	0.99999953838267	0.851156319090108	0.99999953838267	NA	"prevalence"	205	19
"Anaerostignum"	"TimeNW"	"TimeNW"	"TimeNW"	0.197173171768615	0	0.49248950797336	0.688891273177598	0.99999953838267	0.850793354384418	0.99999953838267	NA	"prevalence"	205	19
"Anaerostipes"	"FIScore"	"FIScore"	"FIScore"	-0.45374125980175	0	0.687019052728521	0.508965537029633	0.99999953838267	0.758885156175403	0.99999953838267	NA	"prevalence"	205	158
"Anaerostipes"	"Location"	"Center"	"LocationCenter"	-1.48427110979833	0	1.68408767142595	0.378128269733996	0.99999953838267	0.613275551095966	0.99999953838267	NA	"prevalence"	205	158
"Anaerotruncus"	"Location"	"Center"	"LocationCenter"	0.326115015499092	0	1.11798680350066	0.770517195936659	0.99999953838267	0.542493459519235	0.99999953838267	NA	"prevalence"	205	79
"Anaerotruncus"	"Sex"	"Female"	"SexFemale"	0.943171001758179	0	1.12459009762069	0.401649014896953	0.99999953838267	0.641976098626214	0.99999953838267	NA	"prevalence"	205	79
"Anaerotruncus"	"TimeNW"	"TimeNW"	"TimeNW"	-0.433722759477766	0	0.534155701408039	0.416804167944359	0.99999953838267	0.628356014833053	0.99999953838267	NA	"prevalence"	205	79
"Bacteroides"	"Age"	"Age"	"Age"	-0.133703221530156	0	0.274858115580546	0.626652038667934	0.99999953838267	0.227983466219141	0.975979911177211	NA	"prevalence"	205	200
"Bacteroides"	"FIScore"	"FIScore"	"FIScore"	0.480389327678338	0	0.560174725445098	0.391129662118656	0.99999953838267	0.292022078012368	0.997062063331157	NA	"prevalence"	205	200
"Barnesiella"	"Age"	"Age"	"Age"	0.4754501110311	0	1.14167655297644	0.677081445680521	0.99999953838267	0.831891234256299	0.99999953838267	NA	"prevalence"	205	96
"Bifidobacterium"	"FIScore"	"FIScore"	"FIScore"	0.147285272972367	0	0.623313605514124	0.813204532642585	0.99999953838267	0.88937046653665	0.99999953838267	NA	"prevalence"	205	125
"Bifidobacterium"	"Location"	"Center"	"LocationCenter"	-0.393788659458457	0	1.53660912715809	0.797741436685132	0.99999953838267	0.681161431936024	0.99999953838267	NA	"prevalence"	205	125
"Bilophila"	"Age"	"Age"	"Age"	0.611680642138852	0	0.712725594170776	0.390766902344328	0.99999953838267	0.628835032720874	0.99999953838267	NA	"prevalence"	205	142
"Butyricicoccus"	"Age"	"Age"	"Age"	0.414717503783774	0	0.484016806033519	0.391541830912319	0.99999953838267	0.629778656470466	0.99999953838267	NA	"prevalence"	205	151
"Butyricicoccus"	"FIScore"	"FIScore"	"FIScore"	-0.171687495367016	0	0.437916462030631	0.695017311353589	0.99999953838267	0.778924213327199	0.99999953838267	NA	"prevalence"	205	151
"Butyricicoccus"	"Sex"	"Female"	"SexFemale"	0.886741634407907	0	0.993529153916342	0.372115898641555	0.99999953838267	0.167244125376673	0.951333957524848	NA	"prevalence"	205	151
"Butyricimonas"	"FIScore"	"FIScore"	"FIScore"	0.47217309538664	0	0.861942223227211	0.583828325974144	0.99999953838267	0.575011670182935	0.99999953838267	NA	"prevalence"	205	95
"Butyricimonas"	"Sex"	"Female"	"SexFemale"	-0.991313343427869	0	2.17921269761928	0.649184653640938	0.99999953838267	0.830497668565886	0.99999953838267	NA	"prevalence"	205	95
"Butyricimonas"	"TimeNW"	"TimeNW"	"TimeNW"	0.105477525437941	0	1.06482677709253	0.921093774157193	0.99999953838267	0.861492338229942	0.99999953838267	NA	"prevalence"	205	95
"CAG-352"	"FIScore"	"FIScore"	"FIScore"	-0.174685411559717	0	0.690072179822924	0.80015942506455	0.99999953838267	0.542880816233825	0.99999953838267	NA	"prevalence"	205	26
"CAG-352"	"Location"	"Center"	"LocationCenter"	0.767883581741488	0	1.59892717118682	0.631050167569233	0.99999953838267	0.863876021149309	0.99999953838267	NA	"prevalence"	205	26
"CAG-56"	"Location"	"Center"	"LocationCenter"	-0.530938255611955	0	1.88627085445944	0.778346032551088	0.99999953838267	0.950869518714157	0.99999953838267	NA	"prevalence"	205	32
"CAG-56"	"TimeNW"	"TimeNW"	"TimeNW"	-0.524153481838982	0	1.06574345727291	0.62284690529235	0.99999953838267	0.426375302190848	0.99999953838267	NA	"prevalence"	205	32
"CAG-873"	"TimeNW"	"TimeNW"	"TimeNW"	-1.26984667232898	0	2194872.21904951	0.99999953838267	0.99999953838267	0.99999953838267	0.99999953838267	NA	"prevalence"	205	5
"Candidatus_Stoquefichus"	"Age"	"Age"	"Age"	-0.386882872954245	0	0.750460353542046	0.606184529572322	0.99999953838267	0.844909375251827	0.99999953838267	NA	"prevalence"	205	76
"Candidatus_Stoquefichus"	"FIScore"	"FIScore"	"FIScore"	-0.0136949425069895	0	0.655887747750011	0.983341373130914	0.99999953838267	0.974808299835476	0.99999953838267	NA	"prevalence"	205	76
"Candidatus_Stoquefichus"	"Location"	"Center"	"LocationCenter"	-0.0912786038716578	0	1.53224052721424	0.952496534491506	0.99999953838267	0.73868515287126	0.99999953838267	NA	"prevalence"	205	76
"Candidatus_Stoquefichus"	"Sex"	"Female"	"SexFemale"	-0.101121539284191	0	1.49346562478241	0.946017031445992	0.99999953838267	0.981744006821327	0.99999953838267	NA	"prevalence"	205	76
"Candidatus_Stoquefichus"	"TimeNW"	"TimeNW"	"TimeNW"	0.144516006441878	0	0.723160970179717	0.841606237902101	0.99999953838267	0.852014353027168	0.99999953838267	NA	"prevalence"	205	76
"Catenibacillus"	"Age"	"Age"	"Age"	-0.745513965864153	0	1.27172178092795	0.557724923428319	0.99999953838267	0.557724923428319	0.99999953838267	NA	"prevalence"	205	11
"Catenibacillus"	"FIScore"	"FIScore"	"FIScore"	-0.42485508789576	0	0.942429741527806	0.652127765965561	0.99999953838267	0.652127765965561	0.99999953838267	NA	"prevalence"	205	11
"Catenibacillus"	"Location"	"Center"	"LocationCenter"	-12.935218782676	0	155.263804675762	0.93360406985731	0.99999953838267	0.93360406985731	0.99999953838267	NA	"prevalence"	205	11
"Catenibacillus"	"Sex"	"Female"	"SexFemale"	0.895558791452087	0	2.12491236607402	0.67342154154567	0.99999953838267	0.67342154154567	0.99999953838267	NA	"prevalence"	205	11
"Catenibacillus"	"TimeNW"	"TimeNW"	"TimeNW"	-0.593202284028257	0	0.931648350231075	0.524305043476857	0.99999953838267	0.524305043476857	0.99999953838267	NA	"prevalence"	205	11
"Catenibacterium"	"Location"	"Center"	"LocationCenter"	27.5386337944696	0	549.978900696497	0.960064881694637	0.99999953838267	0.960064881694637	0.99999953838267	NA	"prevalence"	205	12
"Catenibacterium"	"Sex"	"Female"	"SexFemale"	35.5043561433402	0	561.977185968677	0.949625101191761	0.99999953838267	0.949625101191761	0.99999953838267	NA	"prevalence"	205	12
"Christensenella"	"Location"	"Center"	"LocationCenter"	0.763937696060211	0	1.30150765166533	0.557228112641169	0.99999953838267	0.557228112641169	0.99999953838267	NA	"prevalence"	205	7
"Christensenella"	"Sex"	"Female"	"SexFemale"	-0.140652757836187	0	1.25927852305007	0.911066727935406	0.99999953838267	0.992090873119885	0.99999953838267	NA	"prevalence"	205	7
"Christensenella"	"TimeNW"	"TimeNW"	"TimeNW"	-0.562542817765511	0	0.853545351096102	0.509853314343703	0.99999953838267	0.759756226540147	0.99999953838267	NA	"prevalence"	205	7
"Christensenellaceae_R-7_group"	"Age"	"Age"	"Age"	0.515687128667596	0	0.585853801325635	0.378733765919262	0.99999953838267	0.614028266391138	0.99999953838267	NA	"prevalence"	205	143
"Christensenellaceae_R-7_group"	"Location"	"Center"	"LocationCenter"	0.511087416865342	0	1.21699200329216	0.674515002011426	0.99999953838267	0.0816331770507102	0.93843919025082	NA	"prevalence"	205	143
"Christensenellaceae_R-7_group"	"Sex"	"Female"	"SexFemale"	-0.902372444757174	0	1.18315254824542	0.44565140771693	0.99999953838267	0.692697638233778	0.99999953838267	NA	"prevalence"	205	143
"Christensenellaceae_R-7_group"	"TimeNW"	"TimeNW"	"TimeNW"	-0.163252845212305	0	0.559091788383374	0.770289300254243	0.99999953838267	0.947232994422315	0.99999953838267	NA	"prevalence"	205	143
"Cloacibacillus"	"Location"	"Center"	"LocationCenter"	13.3579717951361	0	181.740832054997	0.941408153710391	0.99999953838267	0.941408153710391	0.99999953838267	NA	"prevalence"	205	16
"Cloacibacillus"	"Sex"	"Female"	"SexFemale"	0.238787745999955	0	2.64564485367629	0.928083056207211	0.99999953838267	0.928083056207211	0.99999953838267	NA	"prevalence"	205	16
"Cloacibacillus"	"TimeNW"	"TimeNW"	"TimeNW"	-0.83922746447219	0	1.64353374090075	0.609614498549624	0.99999953838267	0.609614498549624	0.99999953838267	NA	"prevalence"	205	16
"Clostridia_UCG-014"	"Age"	"Age"	"Age"	0.178322893338276	0	0.693219017281542	0.796994360852156	0.99999953838267	0.755717277713272	0.99999953838267	NA	"prevalence"	205	90
"Clostridia_UCG-014"	"FIScore"	"FIScore"	"FIScore"	0.468158330458772	0	0.601035389396302	0.436026993716027	0.99999953838267	0.681934448183018	0.99999953838267	NA	"prevalence"	205	90
"Clostridia_UCG-014"	"Location"	"Center"	"LocationCenter"	-0.224795041258208	0	1.41471267428272	0.873749221553322	0.99999953838267	0.942058611149342	0.99999953838267	NA	"prevalence"	205	90
"Clostridia_UCG-014"	"Sex"	"Female"	"SexFemale"	-1.11525077296301	0	1.41886446675106	0.431857865729571	0.99999953838267	0.171728944765341	0.951333957524848	NA	"prevalence"	205	90
"Clostridia_vadinBB60_group"	"Age"	"Age"	"Age"	-0.363375431375254	0	0.607171803166996	0.549524917795393	0.99999953838267	0.797072200312752	0.99999953838267	NA	"prevalence"	205	70
"Clostridia_vadinBB60_group"	"FIScore"	"FIScore"	"FIScore"	0.311140364898298	0	0.513301189584945	0.544411466283318	0.99999953838267	0.578871958498042	0.99999953838267	NA	"prevalence"	205	70
"Clostridium_sensu_stricto_1"	"FIScore"	"FIScore"	"FIScore"	0.100526801980426	0	0.447712765329033	0.822341702933809	0.99999953838267	0.621012072493925	0.99999953838267	NA	"prevalence"	205	86
"Colidextribacter"	"FIScore"	"FIScore"	"FIScore"	-0.0744432464758419	0	0.383454260600241	0.84606741293459	0.99999953838267	0.496434813320175	0.99999953838267	NA	"prevalence"	205	130
"Colidextribacter"	"Sex"	"Female"	"SexFemale"	-0.188464668249239	0	0.881316008675101	0.830668244535181	0.99999953838267	0.765158151519151	0.99999953838267	NA	"prevalence"	205	130
"Colidextribacter"	"TimeNW"	"TimeNW"	"TimeNW"	0.211612211548493	0	0.431633224881239	0.623950408871902	0.99999953838267	0.391125005839186	0.99999953838267	NA	"prevalence"	205	130
"Collinsella"	"Age"	"Age"	"Age"	0.436037823022465	0	0.937613408312571	0.641895110533193	0.99999953838267	0.21519595190676	0.975979911177211	NA	"prevalence"	205	124
"Collinsella"	"FIScore"	"FIScore"	"FIScore"	0.729599323674486	0	0.827168253965954	0.377752668310437	0.99999953838267	0.612808258205219	0.99999953838267	NA	"prevalence"	205	124
"Collinsella"	"Sex"	"Female"	"SexFemale"	-0.345507397840318	0	1.84692013916154	0.851604031256532	0.99999953838267	0.548313642170659	0.99999953838267	NA	"prevalence"	205	124
"Collinsella"	"TimeNW"	"TimeNW"	"TimeNW"	0.365474577838861	0	0.89586446203614	0.683304916817729	0.99999953838267	0.190081595160502	0.951333957524848	NA	"prevalence"	205	124
"Coprobacillus"	"Location"	"Center"	"LocationCenter"	0.533966613623495	0	1.04734515871283	0.610171481780359	0.99999953838267	0.848033726382679	0.99999953838267	NA	"prevalence"	205	32
"Coprobacillus"	"Sex"	"Female"	"SexFemale"	-0.24056859355222	0	1.04678165960744	0.818233697353924	0.99999953838267	0.300130294148161	0.997062063331157	NA	"prevalence"	205	32
"Coprobacillus"	"TimeNW"	"TimeNW"	"TimeNW"	-0.424511596718006	0	0.572096934966218	0.458070739396779	0.99999953838267	0.166462776322462	0.951333957524848	NA	"prevalence"	205	32
"Coprobacter"	"Age"	"Age"	"Age"	-0.706243829781515	0	0.868356379079714	0.416039748935003	0.99999953838267	0.655737986812475	0.99999953838267	NA	"prevalence"	205	45
"Coprobacter"	"Sex"	"Female"	"SexFemale"	-1.29235954946335	0	1.83643833157948	0.481599983400847	0.99999953838267	0.731261422789998	0.99999953838267	NA	"prevalence"	205	45
"Coprobacter"	"TimeNW"	"TimeNW"	"TimeNW"	-0.485147128236932	0	0.870937141944015	0.577499862630954	0.99999953838267	0.821493633923137	0.99999953838267	NA	"prevalence"	205	45
"Coprococcus"	"Age"	"Age"	"Age"	0.0106097166755921	0	0.708055708423934	0.988044708552743	0.99999953838267	0.975902376081879	0.99999953838267	NA	"prevalence"	205	115
"Coprococcus"	"Sex"	"Female"	"SexFemale"	-0.311668710506476	0	1.41807335213813	0.826039997971173	0.99999953838267	0.931357959489997	0.99999953838267	NA	"prevalence"	205	115
"Coprococcus"	"TimeNW"	"TimeNW"	"TimeNW"	-0.00452688280774257	0	0.717919934408555	0.994968929273542	0.99999953838267	0.44918982361608	0.99999953838267	NA	"prevalence"	205	115
"Coriobacteriaceae_UCG-003"	"Age"	"Age"	"Age"	0.345543314949973	0	10622.9852391246	0.999974046497304	0.99999953838267	0.999974046497304	0.99999953838267	NA	"prevalence"	205	3
"Coriobacteriaceae_UCG-003"	"Location"	"Center"	"LocationCenter"	0.48230810400497	0	10981.089436939	0.999964955554563	0.99999953838267	0.999964955554563	0.99999953838267	NA	"prevalence"	205	3
"Coriobacteriaceae_UCG-003"	"Sex"	"Female"	"SexFemale"	1.57398135012121	0	19518.8970681537	0.999935659509218	0.99999953838267	0.999935659509218	0.99999953838267	NA	"prevalence"	205	3
"Coriobacteriaceae_UCG-003"	"TimeNW"	"TimeNW"	"TimeNW"	10.0662843292967	0	5033.71096601359	0.998404412261262	0.99999953838267	0.998404412261262	0.99999953838267	NA	"prevalence"	205	3
"Defluviitaleaceae_UCG-011"	"Age"	"Age"	"Age"	0.383908964184326	0	0.547917474630763	0.483509406983756	0.99999953838267	0.733237467325729	0.99999953838267	NA	"prevalence"	205	18
"Defluviitaleaceae_UCG-011"	"Sex"	"Female"	"SexFemale"	-0.765875066986477	0	1.06365532445958	0.47149997005615	0.99999953838267	0.720687718349349	0.99999953838267	NA	"prevalence"	205	18
"Desulfovibrio"	"FIScore"	"FIScore"	"FIScore"	-0.737094170229022	0	0.783335016643084	0.34672061290857	0.99999953838267	0.573226042401446	0.99999953838267	NA	"prevalence"	205	76
"Dialister"	"FIScore"	"FIScore"	"FIScore"	-0.311187318402023	0	0.937986023111089	0.740069624768402	0.99999953838267	0.667965298482388	0.99999953838267	NA	"prevalence"	205	78
"Dialister"	"Location"	"Center"	"LocationCenter"	-0.397370106811846	0	2.0438378310965	0.845844289782792	0.99999953838267	0.734606554274551	0.99999953838267	NA	"prevalence"	205	78
"Dielma"	"FIScore"	"FIScore"	"FIScore"	-0.225279554815058	0	0.46829909395818	0.630474474095633	0.99999953838267	0.863450885705101	0.99999953838267	NA	"prevalence"	205	6
"Dielma"	"Location"	"Center"	"LocationCenter"	-0.603178143910268	0	0.94001252055345	0.521087257858937	0.99999953838267	0.521087257858937	0.99999953838267	NA	"prevalence"	205	6
"Dielma"	"Sex"	"Female"	"SexFemale"	-0.242965714032176	0	0.929971981991803	0.793890987725571	0.99999953838267	0.634089279022586	0.99999953838267	NA	"prevalence"	205	6
"Dielma"	"TimeNW"	"TimeNW"	"TimeNW"	-0.0178460656100581	0	0.488347690948976	0.970848778730676	0.99999953838267	0.520993478645103	0.99999953838267	NA	"prevalence"	205	6
"Dorea"	"Age"	"Age"	"Age"	0.782111405797121	0	0.882229064130288	0.375338788437563	0.99999953838267	0.609798370769348	0.99999953838267	NA	"prevalence"	205	138
"Dorea"	"FIScore"	"FIScore"	"FIScore"	0.313369232107048	0	0.729095417765184	0.667337120195904	0.99999953838267	0.177162237931914	0.951333957524848	NA	"prevalence"	205	138
"Dorea"	"Location"	"Center"	"LocationCenter"	-1.4796872835443	0	1.84511788829295	0.422583451390724	0.99999953838267	0.666590129392152	0.99999953838267	NA	"prevalence"	205	138
"Dorea"	"TimeNW"	"TimeNW"	"TimeNW"	0.233762450467343	0	0.785354957586445	0.765968804806574	0.99999953838267	0.800663791413688	0.99999953838267	NA	"prevalence"	205	138
"DTU014"	"Age"	"Age"	"Age"	0.467441269240049	0	0.75010891114488	0.533176405976761	0.99999953838267	0.782075732063226	0.99999953838267	NA	"prevalence"	205	18
"DTU014"	"Location"	"Center"	"LocationCenter"	1.02265791013721	0	1.6477979490003	0.53484905942817	0.99999953838267	0.783634602485142	0.99999953838267	NA	"prevalence"	205	18
"DTU014"	"TimeNW"	"TimeNW"	"TimeNW"	-0.0988852862042946	0	0.815039879478145	0.903433062487006	0.99999953838267	0.401237789200199	0.99999953838267	NA	"prevalence"	205	18
"DTU089"	"Location"	"Center"	"LocationCenter"	-0.614248110980734	0	1.18322463441424	0.603669672806758	0.99999953838267	0.842922271746898	0.99999953838267	NA	"prevalence"	205	38
"DTU089"	"TimeNW"	"TimeNW"	"TimeNW"	-0.276952480894657	0	0.54063330740002	0.608459137510125	0.99999953838267	0.846695753000685	0.99999953838267	NA	"prevalence"	205	38
"Eggerthella"	"Age"	"Age"	"Age"	0.0377028426190366	0	0.345128439375639	0.913009809274817	0.99999953838267	0.796716155511408	0.99999953838267	NA	"prevalence"	205	82
"Eggerthella"	"FIScore"	"FIScore"	"FIScore"	0.108558413403219	0	0.307382619068501	0.723960768281134	0.99999953838267	0.923802342552059	0.99999953838267	NA	"prevalence"	205	82
"Eggerthella"	"Sex"	"Female"	"SexFemale"	0.122946812846945	0	0.681657226634862	0.856866366870027	0.99999953838267	0.756737932882145	0.99999953838267	NA	"prevalence"	205	82
"Eggerthella"	"TimeNW"	"TimeNW"	"TimeNW"	0.219876344897545	0	0.326652237941923	0.500870580061192	0.99999953838267	0.750869822151549	0.99999953838267	NA	"prevalence"	205	82
"Eisenbergiella"	"Age"	"Age"	"Age"	0.139512264728201	0	0.463715245252213	0.763523068732886	0.99999953838267	0.938402979175516	0.99999953838267	NA	"prevalence"	205	99
"Eisenbergiella"	"Location"	"Center"	"LocationCenter"	0.773556701487601	0	0.966957238997016	0.423716243575388	0.99999953838267	0.667897032081139	0.99999953838267	NA	"prevalence"	205	99
"Eisenbergiella"	"Sex"	"Female"	"SexFemale"	-0.12647947696573	0	0.978311803363245	0.897133405456245	0.99999953838267	0.989418463726971	0.99999953838267	NA	"prevalence"	205	99
"Enterobacter"	"Age"	"Age"	"Age"	-0.0284567495380534	0	0.561005496064015	0.959545016309275	0.99999953838267	0.959545016309275	0.99999953838267	NA	"prevalence"	205	4
"Enterobacter"	"FIScore"	"FIScore"	"FIScore"	0.122954827392289	0	0.513052249478236	0.810598795229626	0.99999953838267	0.810598795229626	0.99999953838267	NA	"prevalence"	205	4
"Enterobacter"	"Location"	"Center"	"LocationCenter"	-0.558367731705418	0	1.07955361751265	0.605001939354538	0.99999953838267	0.605001939354538	0.99999953838267	NA	"prevalence"	205	4
"Enterobacter"	"Sex"	"Female"	"SexFemale"	0.368275183957421	0	1.1881033231059	0.75658454010569	0.99999953838267	0.75658454010569	0.99999953838267	NA	"prevalence"	205	4
"Enterobacter"	"TimeNW"	"TimeNW"	"TimeNW"	-0.219277155992226	0	0.602860845391842	0.716061397061768	0.99999953838267	0.716061397061768	0.99999953838267	NA	"prevalence"	205	4
"Enterococcus"	"FIScore"	"FIScore"	"FIScore"	0.537110240238161	0	0.745293725897567	0.471113060903534	0.99999953838267	0.471113060903534	0.99999953838267	NA	"prevalence"	205	12
"Enterococcus"	"Sex"	"Female"	"SexFemale"	1.36393669734149	0	1.85400914185412	0.461932276036241	0.99999953838267	0.461932276036241	0.99999953838267	NA	"prevalence"	205	12
"Enterorhabdus"	"Sex"	"Female"	"SexFemale"	-0.176973771862752	0	1.51581570989151	0.907056970877064	0.99999953838267	0.907056970877064	0.99999953838267	NA	"prevalence"	205	9
"Erysipelatoclostridium"	"FIScore"	"FIScore"	"FIScore"	-0.0725913099268827	0	0.390895061754413	0.852675821234791	0.99999953838267	0.656092345274515	0.99999953838267	NA	"prevalence"	205	97
"Erysipelatoclostridium"	"Sex"	"Female"	"SexFemale"	-0.327083673631	0	0.903155500767274	0.717235052334998	0.99999953838267	0.270035703023649	0.989758961082549	NA	"prevalence"	205	97
"Erysipelotrichaceae"	"Age"	"Age"	"Age"	-1.00991976255372	0	1.22583579978936	0.410017868114787	0.99999953838267	0.651921084056179	0.99999953838267	NA	"prevalence"	205	29
"Erysipelotrichaceae"	"Location"	"Center"	"LocationCenter"	1.19178282438335	0	2.51370054880335	0.635417990921147	0.99999953838267	0.867079958656027	0.99999953838267	NA	"prevalence"	205	29
"Erysipelotrichaceae"	"Sex"	"Female"	"SexFemale"	1.21191036259474	0	2.67964433862581	0.651077813807218	0.99999953838267	0.878253307982449	0.99999953838267	NA	"prevalence"	205	29
"Erysipelotrichaceae"	"TimeNW"	"TimeNW"	"TimeNW"	0.0505338367403103	0	1.09854830732263	0.96330980399155	0.99999953838267	0.998653829516861	0.99999953838267	NA	"prevalence"	205	29
"Erysipelotrichaceae_UCG-003"	"Age"	"Age"	"Age"	-0.340506588315576	0	1.11888572327595	0.760879149587335	0.99999953838267	0.590983802100918	0.99999953838267	NA	"prevalence"	205	49
"Erysipelotrichaceae_UCG-003"	"Location"	"Center"	"LocationCenter"	2.26473437546459	0	2.36399903554963	0.338057788681571	0.99999953838267	0.561832508874868	0.99999953838267	NA	"prevalence"	205	49
"Escherichia-Shigella"	"Age"	"Age"	"Age"	-0.351320669682312	0	0.48624510482964	0.469976278843996	0.99999953838267	0.6577473034699	0.99999953838267	NA	"prevalence"	205	159
"Escherichia-Shigella"	"FIScore"	"FIScore"	"FIScore"	-0.149367240137567	0	0.432750053411868	0.729975422962076	0.99999953838267	0.3738348742342	0.99999953838267	NA	"prevalence"	205	159
"Escherichia-Shigella"	"Location"	"Center"	"LocationCenter"	-0.385042210469766	0	0.981602080660842	0.694866884459928	0.99999953838267	0.906893781800809	0.99999953838267	NA	"prevalence"	205	159
"Eubacterium"	"FIScore"	"FIScore"	"FIScore"	0.442977761053626	0	0.580592301641417	0.445477946297579	0.99999953838267	0.226458854196538	0.975979911177211	NA	"prevalence"	205	30
"Eubacterium"	"Sex"	"Female"	"SexFemale"	-0.22788757626476	0	1.42620306311438	0.873049490578472	0.99999953838267	0.550042167010296	0.99999953838267	NA	"prevalence"	205	30
"Eubacterium"	"TimeNW"	"TimeNW"	"TimeNW"	-0.787664665484623	0	0.927998859123552	0.396005044107501	0.99999953838267	0.254429595636328	0.988434927183272	NA	"prevalence"	205	30
"Faecalibacterium"	"Age"	"Age"	"Age"	-0.042213798039528	0	0.883900541122065	0.961908680295396	0.99999953838267	0.951946693836897	0.99999953838267	NA	"prevalence"	205	177
"Faecalibacterium"	"FIScore"	"FIScore"	"FIScore"	0.446477206266245	0	0.869566947498815	0.607638140339894	0.99999953838267	0.846052171084063	0.99999953838267	NA	"prevalence"	205	177
"Faecalibacterium"	"Location"	"Center"	"LocationCenter"	-0.996107459921154	0	1.8915503811141	0.598465138828103	0.99999953838267	0.483346648810509	0.99999953838267	NA	"prevalence"	205	177
"Faecalibacterium"	"Sex"	"Female"	"SexFemale"	-1.40669177298696	0	1.7984995660444	0.43412794846334	0.99999953838267	0.679788821289691	0.99999953838267	NA	"prevalence"	205	177
"Faecalibacterium"	"TimeNW"	"TimeNW"	"TimeNW"	-0.179624871293958	0	0.864175546913856	0.835340683910473	0.99999953838267	0.136208177311105	0.951333957524848	NA	"prevalence"	205	177
"Faecalicoccus"	"Age"	"Age"	"Age"	0.627369070915164	0	65.4621556105825	0.99235343797617	0.99999953838267	0.99235343797617	0.99999953838267	NA	"prevalence"	205	3
"Faecalicoccus"	"FIScore"	"FIScore"	"FIScore"	-9.22263650062209	0	94.8383436599171	0.922531147824819	0.99999953838267	0.922531147824819	0.99999953838267	NA	"prevalence"	205	3
"Faecalicoccus"	"Sex"	"Female"	"SexFemale"	5.76807756750711	0	211.973743939536	0.978291216384041	0.99999953838267	0.978291216384041	0.99999953838267	NA	"prevalence"	205	3
"Faecalicoccus"	"TimeNW"	"TimeNW"	"TimeNW"	14.9990463518519	0	142.107765172064	0.915941788449056	0.99999953838267	0.915941788449056	0.99999953838267	NA	"prevalence"	205	3
"Faecalitalea"	"Location"	"Center"	"LocationCenter"	-0.80332913008811	0	1.23513239553918	0.515434389685143	0.99999953838267	0.76519616930019	0.99999953838267	NA	"prevalence"	205	71
"Faecalitalea"	"TimeNW"	"TimeNW"	"TimeNW"	0.351684685633317	0	0.566266821316793	0.53456129243817	0.99999953838267	0.766092837750505	0.99999953838267	NA	"prevalence"	205	71
"Family_XIII_AD3011_group"	"Sex"	"Female"	"SexFemale"	0.328707032572444	0	0.705658802587357	0.641347341506599	0.99999953838267	0.871368270555616	0.99999953838267	NA	"prevalence"	205	75
"Family_XIII_AD3011_group"	"TimeNW"	"TimeNW"	"TimeNW"	0.0204625110603216	0	0.338010912041024	0.951727136472896	0.99999953838267	0.390081297465682	0.99999953838267	NA	"prevalence"	205	75
"Family_XIII_UCG-001"	"TimeNW"	"TimeNW"	"TimeNW"	0.191838424831077	0	0.436271289358167	0.660137900565549	0.99999953838267	0.884493753368007	0.99999953838267	NA	"prevalence"	205	35
"Fenollaria"	"Age"	"Age"	"Age"	-0.0701271938201577	0	0.704734734531556	0.920734429544098	0.99999953838267	0.920734429544098	0.99999953838267	NA	"prevalence"	205	3
"Fenollaria"	"Sex"	"Female"	"SexFemale"	0.345122435638044	0	1.80087266460291	0.848022816531211	0.99999953838267	0.848022816531211	0.99999953838267	NA	"prevalence"	205	3
"Fenollaria"	"TimeNW"	"TimeNW"	"TimeNW"	0.417002608587865	0	0.738335103737	0.572218152512104	0.99999953838267	0.572218152512104	0.99999953838267	NA	"prevalence"	205	3
"Flavonifractor"	"Age"	"Age"	"Age"	-0.428519113296171	0	0.490892767298089	0.382696691704095	0.99999953838267	0.612044106016027	0.99999953838267	NA	"prevalence"	205	117
"Flavonifractor"	"FIScore"	"FIScore"	"FIScore"	0.279418600260663	0	0.423573819908936	0.509466140037047	0.99999953838267	0.681815153111165	0.99999953838267	NA	"prevalence"	205	117
"Flavonifractor"	"Location"	"Center"	"LocationCenter"	0.618571742813758	0	1.05621955988447	0.558112804121153	0.99999953838267	0.804735706118329	0.99999953838267	NA	"prevalence"	205	117
"Flavonifractor"	"Sex"	"Female"	"SexFemale"	0.889145063459436	0	0.997535428559433	0.372745809396789	0.99999953838267	0.506909316429506	0.99999953838267	NA	"prevalence"	205	117
"Flavonifractor"	"TimeNW"	"TimeNW"	"TimeNW"	0.35730119142824	0	0.506030086023956	0.480134126459394	0.99999953838267	0.729739473527862	0.99999953838267	NA	"prevalence"	205	117
"Fournierella"	"Age"	"Age"	"Age"	-0.0446798377920073	0	0.627566698006706	0.943242273212428	0.99999953838267	0.236265781131691	0.975979911177211	NA	"prevalence"	205	21
"Fournierella"	"FIScore"	"FIScore"	"FIScore"	-0.464108931056338	0	0.600158392294276	0.439338500567096	0.99999953838267	0.153703095230433	0.951333957524848	NA	"prevalence"	205	21
"Fournierella"	"Location"	"Center"	"LocationCenter"	-0.538408539364468	0	1.28358482361218	0.674882231097921	0.99999953838267	0.0669659906667173	0.883092238873622	NA	"prevalence"	205	21
"Fournierella"	"Sex"	"Female"	"SexFemale"	-0.152181033961002	0	1.23655846560788	0.902053086519405	0.99999953838267	0.149826020770131	0.951333957524848	NA	"prevalence"	205	21
"Frisingicoccus"	"FIScore"	"FIScore"	"FIScore"	-0.031180927678594	0	0.551044609554857	0.954875684715735	0.99999953838267	0.59810788962626	0.99999953838267	NA	"prevalence"	205	95
"Frisingicoccus"	"Location"	"Center"	"LocationCenter"	-1.11974975259491	0	1.27122510061683	0.378402793232762	0.99999953838267	0.368908484453682	0.99999953838267	NA	"prevalence"	205	95
"Fusicatenibacter"	"Age"	"Age"	"Age"	-0.217779695140096	0	0.652728157882235	0.738647215505453	0.99999953838267	0.884136477206796	0.99999953838267	NA	"prevalence"	205	111
"Fusicatenibacter"	"FIScore"	"FIScore"	"FIScore"	-0.557379659398205	0	0.582596458409339	0.338710354809957	0.99999953838267	0.292378704723945	0.997062063331157	NA	"prevalence"	205	111
"Fusicatenibacter"	"Sex"	"Female"	"SexFemale"	-0.497170306400257	0	1.32187902896947	0.70683602865331	0.99999953838267	0.883588971506945	0.99999953838267	NA	"prevalence"	205	111
"Fusicatenibacter"	"TimeNW"	"TimeNW"	"TimeNW"	0.182475630179759	0	0.603377816373769	0.762329243633278	0.99999953838267	0.650649135068022	0.99999953838267	NA	"prevalence"	205	111
"Fusobacterium"	"FIScore"	"FIScore"	"FIScore"	-0.286633248035397	0	0.774398763602433	0.711280787207755	0.99999953838267	0.0884134259189953	0.93843919025082	NA	"prevalence"	205	17
"Fusobacterium"	"Location"	"Center"	"LocationCenter"	-1.58747545258269	0	1.69561605749695	0.349158170889355	0.99999953838267	0.0425289534408515	0.830253550381854	NA	"prevalence"	205	17
"Fusobacterium"	"Sex"	"Female"	"SexFemale"	1.62497886852422	0	1.78960241196969	0.363872353063521	0.99999953838267	0.595341616803058	0.99999953838267	NA	"prevalence"	205	17
"Fusobacterium"	"TimeNW"	"TimeNW"	"TimeNW"	-0.296866950703779	0	0.834876002955084	0.722153561244921	0.99999953838267	0.36486063908779	0.99999953838267	NA	"prevalence"	205	17
"Gastranaerophilales"	"FIScore"	"FIScore"	"FIScore"	-0.0787805058244394	0	0.400702772120312	0.844135998745255	0.99999953838267	0.516815072514278	0.99999953838267	NA	"prevalence"	205	38
"Gastranaerophilales"	"TimeNW"	"TimeNW"	"TimeNW"	-0.170278625890065	0	0.482504798193872	0.724159242598591	0.99999953838267	0.923911876556217	0.99999953838267	NA	"prevalence"	205	38
"Gordonibacter"	"Age"	"Age"	"Age"	-0.022698219464439	0	0.49633649395064	0.963524245309258	0.99999953838267	0.110328627404827	0.951333957524848	NA	"prevalence"	205	24
"Gordonibacter"	"FIScore"	"FIScore"	"FIScore"	-0.455812650442561	0	0.4854444298911	0.347751547664929	0.99999953838267	0.152036643994259	0.951333957524848	NA	"prevalence"	205	24
"Gordonibacter"	"Location"	"Center"	"LocationCenter"	-0.268185002630904	0	0.981070733048033	0.784576883759107	0.99999953838267	0.953592880989063	0.99999953838267	NA	"prevalence"	205	24
"Gordonibacter"	"Sex"	"Female"	"SexFemale"	0.258166181849157	0	0.997561017857615	0.795791576362974	0.99999953838267	0.804214892629076	0.99999953838267	NA	"prevalence"	205	24
"Gordonibacter"	"TimeNW"	"TimeNW"	"TimeNW"	-0.226008286926884	0	0.491479264869518	0.645621631866915	0.99999953838267	0.874415972199332	0.99999953838267	NA	"prevalence"	205	24
"Granulicatella"	"Age"	"Age"	"Age"	0.00314304361736022	0	0.434722241649912	0.994231341560435	0.99999953838267	0.289973137577439	0.997062063331157	NA	"prevalence"	205	14
"Granulicatella"	"FIScore"	"FIScore"	"FIScore"	0.13072180010107	0	0.393894398825121	0.739987297837775	0.99999953838267	0.913624508893009	0.99999953838267	NA	"prevalence"	205	14
"Granulicatella"	"Sex"	"Female"	"SexFemale"	0.506444748898509	0	0.866664629320561	0.558977662030161	0.99999953838267	0.805499297411617	0.99999953838267	NA	"prevalence"	205	14
"Granulicatella"	"TimeNW"	"TimeNW"	"TimeNW"	0.0385909283565961	0	0.375368035591344	0.918115162672584	0.99999953838267	0.971026685788546	0.99999953838267	NA	"prevalence"	205	14
"Haemophilus"	"TimeNW"	"TimeNW"	"TimeNW"	0.421906689592073	0	0.480449103495461	0.379861972525551	0.99999953838267	0.324552858845752	0.99999953838267	NA	"prevalence"	205	35
"Harryflintia"	"Age"	"Age"	"Age"	-0.648843782261084	0	0.699929262073204	0.353919593837633	0.99999953838267	0.353919593837633	0.99999953838267	NA	"prevalence"	205	10
"Harryflintia"	"Location"	"Center"	"LocationCenter"	1.32324520444435	0	1.59279544893574	0.406104094987407	0.99999953838267	0.406104094987407	0.99999953838267	NA	"prevalence"	205	10
"Harryflintia"	"Sex"	"Female"	"SexFemale"	0.0288288123987957	0	1.4760330004945	0.984417284736154	0.99999953838267	0.984417284736154	0.99999953838267	NA	"prevalence"	205	10
"Holdemania"	"Age"	"Age"	"Age"	0.0346066526624282	0	0.336891567947295	0.918182488716927	0.99999953838267	0.842029029232452	0.99999953838267	NA	"prevalence"	205	65
"Holdemania"	"FIScore"	"FIScore"	"FIScore"	-0.0647854369837847	0	0.311961376971557	0.835485597657666	0.99999953838267	0.358542095046587	0.99999953838267	NA	"prevalence"	205	65
"Holdemania"	"Sex"	"Female"	"SexFemale"	-0.593406996854943	0	0.679069387356399	0.382198172251153	0.99999953838267	0.618320901630184	0.99999953838267	NA	"prevalence"	205	65
"Howardella"	"Age"	"Age"	"Age"	-0.09811848406856	0	0.983240467075361	0.920510306135973	0.99999953838267	0.920510306135973	0.99999953838267	NA	"prevalence"	205	17
"Howardella"	"FIScore"	"FIScore"	"FIScore"	0.436800189970491	0	0.891797597298373	0.624277234625694	0.99999953838267	0.624277234625694	0.99999953838267	NA	"prevalence"	205	17
"Howardella"	"Location"	"Center"	"LocationCenter"	1.16315865604116	0	2.15819603315019	0.589921705852936	0.99999953838267	0.589921705852936	0.99999953838267	NA	"prevalence"	205	17
"Howardella"	"Sex"	"Female"	"SexFemale"	-0.4477888160282	0	2.04361220456613	0.826559426610667	0.99999953838267	0.826559426610667	0.99999953838267	NA	"prevalence"	205	17
"Howardella"	"TimeNW"	"TimeNW"	"TimeNW"	0.125138802566018	0	1.00611077181664	0.901015395838137	0.99999953838267	0.901015395838137	0.99999953838267	NA	"prevalence"	205	17
"HT002"	"Age"	"Age"	"Age"	0.437570666808541	0	0.781643042219063	0.575609848968136	0.99999953838267	0.508860567050723	0.99999953838267	NA	"prevalence"	205	40
"HT002"	"FIScore"	"FIScore"	"FIScore"	0.223798288328188	0	0.665226592872871	0.736551043756791	0.99999953838267	0.930594647454364	0.99999953838267	NA	"prevalence"	205	40
"HT002"	"Location"	"Center"	"LocationCenter"	0.601895934284732	0	1.59641667240528	0.706151796360731	0.99999953838267	0.234793683720196	0.975979911177211	NA	"prevalence"	205	40
"HT002"	"Sex"	"Female"	"SexFemale"	0.218274260812982	0	1.59311480855549	0.891022096508756	0.99999953838267	0.90241114667475	0.99999953838267	NA	"prevalence"	205	40
"HT002"	"TimeNW"	"TimeNW"	"TimeNW"	-0.132905147761271	0	0.723579933709298	0.854266683807039	0.99999953838267	0.646834565536665	0.99999953838267	NA	"prevalence"	205	40
"Hungatella"	"Age"	"Age"	"Age"	-0.164805259319907	0	0.344755955948733	0.632625612212764	0.99999953838267	0.865036059197953	0.99999953838267	NA	"prevalence"	205	75
"Hungatella"	"FIScore"	"FIScore"	"FIScore"	0.25245769684275	0	0.311955026617133	0.418356443443205	0.99999953838267	0.661690773115963	0.99999953838267	NA	"prevalence"	205	75
"Hydrogenoanaerobacterium"	"Age"	"Age"	"Age"	-0.467201039804554	0	0.660433299422246	0.479308037332028	0.99999953838267	0.0526640948410447	0.830253550381854	NA	"prevalence"	205	23
"Hydrogenoanaerobacterium"	"FIScore"	"FIScore"	"FIScore"	-0.414922922509411	0	0.605835521011793	0.493421427876743	0.99999953838267	0.743378150265562	0.99999953838267	NA	"prevalence"	205	23
"Hydrogenoanaerobacterium"	"TimeNW"	"TimeNW"	"TimeNW"	0.0550418890494301	0	0.779729985347972	0.943723304479329	0.99999953838267	0.000388116639093444	0.172129729437942	NA	"prevalence"	205	23
"Incertae_Sedis"	"Location"	"Center"	"LocationCenter"	-0.336698225213688	0	0.941204686932418	0.720544527183255	0.99999953838267	0.847249978889028	0.99999953838267	NA	"prevalence"	205	180
"Incertae_Sedis"	"TimeNW"	"TimeNW"	"TimeNW"	-0.24131452499031	0	0.41912070007649	0.564774848084384	0.99999953838267	0.810579067140029	0.99999953838267	NA	"prevalence"	205	180
"Intestinibacter"	"Age"	"Age"	"Age"	-0.140619996342342	0	0.462586617258503	0.7611383250767	0.99999953838267	0.0396856636322454	0.830253550381854	NA	"prevalence"	205	110
"Izemoplasmatales"	"Location"	"Center"	"LocationCenter"	0.844700086798684	0	1.69623109976825	0.618493599759268	0.99999953838267	0.130147773720775	0.951333957524848	NA	"prevalence"	205	26
"Izemoplasmatales"	"TimeNW"	"TimeNW"	"TimeNW"	0.215390917401475	0	0.778926983894287	0.782146701233989	0.99999953838267	0.205280256194414	0.975979911177211	NA	"prevalence"	205	26
"Klebsiella"	"FIScore"	"FIScore"	"FIScore"	-0.120429567452298	0	0.607421968632538	0.842838956551957	0.99999953838267	0.975300406422322	0.99999953838267	NA	"prevalence"	205	46
"Klebsiella"	"Location"	"Center"	"LocationCenter"	0.190922838392206	0	1.46590204879556	0.896374521782074	0.99999953838267	0.989261760264106	0.99999953838267	NA	"prevalence"	205	46
"Klebsiella"	"Sex"	"Female"	"SexFemale"	1.07039246077903	0	1.45959254305415	0.463344874052244	0.99999953838267	0.712001275793998	0.99999953838267	NA	"prevalence"	205	46
"Klebsiella"	"TimeNW"	"TimeNW"	"TimeNW"	0.432844676420199	0	0.702752475165334	0.537942275560295	0.99999953838267	0.786502659285602	0.99999953838267	NA	"prevalence"	205	46
"Lachnoclostridium"	"FIScore"	"FIScore"	"FIScore"	0.343818867197597	0	0.359373281391894	0.338709638178016	0.99999953838267	0.562695057361349	0.99999953838267	NA	"prevalence"	205	129
"Lachnoclostridium"	"Sex"	"Female"	"SexFemale"	-0.119600971717616	0	0.797862569035165	0.880842154395884	0.99999953838267	0.985801407830986	0.99999953838267	NA	"prevalence"	205	129
"Lachnoclostridium"	"TimeNW"	"TimeNW"	"TimeNW"	-0.0736127210223367	0	0.385318253733469	0.848491160478799	0.99999953838267	0.877872992078272	0.99999953838267	NA	"prevalence"	205	129
"Lachnospira"	"Age"	"Age"	"Age"	-0.0109985551000469	0	0.480977084539844	0.98175627727568	0.99999953838267	0.710804320870225	0.99999953838267	NA	"prevalence"	205	119
"Lachnospira"	"Sex"	"Female"	"SexFemale"	0.082590632929563	0	0.989390585075204	0.933472847480467	0.99999953838267	0.169973039879082	0.951333957524848	NA	"prevalence"	205	119
"Lachnospiraceae_FCS020_group"	"Age"	"Age"	"Age"	-0.180302418685637	0	0.472618464715459	0.702834665995771	0.99999953838267	0.897582279460946	0.99999953838267	NA	"prevalence"	205	34
"Lachnospiraceae_FCS020_group"	"FIScore"	"FIScore"	"FIScore"	-0.248423548566425	0	0.429495421023502	0.562988755248573	0.99999953838267	0.742259903191061	0.99999953838267	NA	"prevalence"	205	34
"Lachnospiraceae_FCS020_group"	"Sex"	"Female"	"SexFemale"	0.568370347835703	0	0.945803974920944	0.547880719599516	0.99999953838267	0.795588156290148	0.99999953838267	NA	"prevalence"	205	34
"Lachnospiraceae_NC2004_group"	"Age"	"Age"	"Age"	-0.156815827950101	0	0.288626843729975	0.586911663789924	0.99999953838267	0.672191869268682	0.99999953838267	NA	"prevalence"	205	76
"Lachnospiraceae_NC2004_group"	"FIScore"	"FIScore"	"FIScore"	-0.162793509650182	0	0.258494717441527	0.528841807102405	0.99999953838267	0.778009957265472	0.99999953838267	NA	"prevalence"	205	76
"Lachnospiraceae_NC2004_group"	"Location"	"Center"	"LocationCenter"	0.391631764728598	0	0.595149299898974	0.51051273146118	0.99999953838267	0.760402213938405	0.99999953838267	NA	"prevalence"	205	76
"Lachnospiraceae_NC2004_group"	"Sex"	"Female"	"SexFemale"	-0.181730878788336	0	0.575520734541919	0.752178809761452	0.99999953838267	0.28087762601062	0.997062063331157	NA	"prevalence"	205	76
"Lachnospiraceae_ND3007_group"	"Age"	"Age"	"Age"	0.562713029720169	0	0.597565013971636	0.346358205364003	0.99999953838267	0.572752404305034	0.99999953838267	NA	"prevalence"	205	92
"Lachnospiraceae_ND3007_group"	"Sex"	"Female"	"SexFemale"	0.828015808702995	0	1.20307571248503	0.491295912015103	0.99999953838267	0.741220150867454	0.99999953838267	NA	"prevalence"	205	92
"Lachnospiraceae_ND3007_group"	"TimeNW"	"TimeNW"	"TimeNW"	0.091936741636835	0	0.558915763925597	0.869344449932785	0.99999953838267	0.969093521689868	0.99999953838267	NA	"prevalence"	205	92
"Lachnospiraceae_NK4B4_group"	"Age"	"Age"	"Age"	14.342228825689	0	216.707794707728	0.947232657040616	0.99999953838267	0.947232657040616	0.99999953838267	NA	"prevalence"	205	5
"Lachnospiraceae_NK4B4_group"	"Location"	"Center"	"LocationCenter"	12.7122721536822	0	223.35869994696	0.954613576804058	0.99999953838267	0.954613576804058	0.99999953838267	NA	"prevalence"	205	5
"Lachnospiraceae_NK4B4_group"	"Sex"	"Female"	"SexFemale"	4.1175188639583	0	920.154138532196	0.996429626701996	0.99999953838267	0.996429626701996	0.99999953838267	NA	"prevalence"	205	5
"Lachnospiraceae_NK4B4_group"	"TimeNW"	"TimeNW"	"TimeNW"	1.29368408006643	0	273.776475975081	0.996229746514739	0.99999953838267	0.996229746514739	0.99999953838267	NA	"prevalence"	205	5
"Lachnospiraceae_UCG-001"	"Age"	"Age"	"Age"	0.153789218872004	0	0.620829607136961	0.804354410784045	0.99999953838267	0.213554642723783	0.975979911177211	NA	"prevalence"	205	59
"Lachnospiraceae_UCG-001"	"FIScore"	"FIScore"	"FIScore"	-0.0218669366241167	0	0.524274231151521	0.966730705523487	0.99999953838267	0.992405480600293	0.99999953838267	NA	"prevalence"	205	59
"Lachnospiraceae_UCG-001"	"TimeNW"	"TimeNW"	"TimeNW"	0.440629880684123	0	0.557855918611238	0.42960764428303	0.99999953838267	0.674652560539646	0.99999953838267	NA	"prevalence"	205	59
"Lachnospiraceae_UCG-002"	"Location"	"Center"	"LocationCenter"	8.22775709748517	0	337.961576383718	0.980577224183039	0.99999953838267	0.980577224183039	0.99999953838267	NA	"prevalence"	205	2
"Lachnospiraceae_UCG-002"	"Sex"	"Female"	"SexFemale"	5.64699654941238	0	239.425408079922	0.981183143018831	0.99999953838267	0.981183143018831	0.99999953838267	NA	"prevalence"	205	2
"Lachnospiraceae_UCG-002"	"TimeNW"	"TimeNW"	"TimeNW"	0.013300266229901	0	423.880702720444	0.999974964472292	0.99999953838267	0.999974964472292	0.99999953838267	NA	"prevalence"	205	2
"Lachnospiraceae_UCG-003"	"Age"	"Age"	"Age"	5.32520649238877	0	844836.272338473	0.999994970741453	0.99999953838267	0.999994970741453	0.99999953838267	NA	"prevalence"	205	2
"Lachnospiraceae_UCG-004"	"Location"	"Center"	"LocationCenter"	0.68062396116753	0	1.08508707802242	0.53049350555252	0.99999953838267	0.779563651671639	0.99999953838267	NA	"prevalence"	205	37
"Lachnospiraceae_UCG-004"	"TimeNW"	"TimeNW"	"TimeNW"	-0.0932923548210499	0	0.50501422068371	0.853439140441661	0.99999953838267	0.950942403859529	0.99999953838267	NA	"prevalence"	205	37
"Lachnospiraceae_UCG-010"	"Age"	"Age"	"Age"	-0.426728731550504	0	1.33227889375858	0.748741035875637	0.99999953838267	0.748741035875637	0.99999953838267	NA	"prevalence"	205	10
"Lachnospiraceae_UCG-010"	"Location"	"Center"	"LocationCenter"	0.0523439877120778	0	2.56221145199532	0.983700972568963	0.99999953838267	0.983700972568963	0.99999953838267	NA	"prevalence"	205	10
"Lacticaseibacillus"	"Age"	"Age"	"Age"	-0.260355138276361	0	0.742745463540205	0.725940403008671	0.99999953838267	0.225444701088847	0.975979911177211	NA	"prevalence"	205	34
"Lacticaseibacillus"	"FIScore"	"FIScore"	"FIScore"	0.373368765888984	0	0.624769858592064	0.55010013602218	0.99999953838267	0.797590112392739	0.99999953838267	NA	"prevalence"	205	34
"Lacticaseibacillus"	"Sex"	"Female"	"SexFemale"	1.30984237909623	0	1.47463900245521	0.374408372814609	0.99999953838267	0.182858364779851	0.951333957524848	NA	"prevalence"	205	34
"Lacticaseibacillus"	"TimeNW"	"TimeNW"	"TimeNW"	0.054196949525775	0	0.658885501591989	0.934443548574861	0.99999953838267	0.991231382529729	0.99999953838267	NA	"prevalence"	205	34
"Lactobacillus"	"Age"	"Age"	"Age"	-0.464274885566789	0	0.983079406445813	0.636737003378257	0.99999953838267	0.369581609973885	0.99999953838267	NA	"prevalence"	205	25
"Lactobacillus"	"FIScore"	"FIScore"	"FIScore"	-0.0691677405232693	0	0.785860904537717	0.929864558928721	0.99999953838267	0.734824104910699	0.99999953838267	NA	"prevalence"	205	25
"Lactobacillus"	"Location"	"Center"	"LocationCenter"	0.0563574070930665	0	1.82817222256893	0.975407358577042	0.99999953838267	0.717255485485556	0.99999953838267	NA	"prevalence"	205	25
"Lactobacillus"	"Sex"	"Female"	"SexFemale"	-1.64747861133786	0	1.78666809624112	0.356478764073155	0.99999953838267	0.585880418911186	0.99999953838267	NA	"prevalence"	205	25
"Lactobacillus"	"TimeNW"	"TimeNW"	"TimeNW"	0.818123612218822	0	0.851064264842489	0.336403985419123	0.99999953838267	0.459623052347164	0.99999953838267	NA	"prevalence"	205	25
"Lawsonella"	"FIScore"	"FIScore"	"FIScore"	8.12358724412645	0	1841.80009989089	0.996480799504247	0.99999953838267	0.996480799504247	0.99999953838267	NA	"prevalence"	205	5
"Lawsonella"	"Location"	"Center"	"LocationCenter"	14.2048285677482	0	11336.805009184	0.999000264146004	0.99999953838267	0.999000264146004	0.99999953838267	NA	"prevalence"	205	5
"Lawsonella"	"Sex"	"Female"	"SexFemale"	-6.80516538092181	0	14409.7348608463	0.99962318972266	0.99999953838267	0.99962318972266	0.99999953838267	NA	"prevalence"	205	5
"Lawsonella"	"TimeNW"	"TimeNW"	"TimeNW"	-2.66583386411805	0	8265.92610974298	0.999742675216699	0.99999953838267	0.999742675216699	0.99999953838267	NA	"prevalence"	205	5
"Libanicoccus"	"Age"	"Age"	"Age"	-1.28775469733702	0	1.36555674672325	0.345667911071338	0.99999953838267	0.345667911071338	0.99999953838267	NA	"prevalence"	205	4
"Libanicoccus"	"FIScore"	"FIScore"	"FIScore"	1.07571510876288	0	1.19314010322243	0.367278302443565	0.99999953838267	0.367278302443565	0.99999953838267	NA	"prevalence"	205	4
"Libanicoccus"	"Location"	"Center"	"LocationCenter"	11.5638628397357	0	224.137522411923	0.95885322588686	0.99999953838267	0.95885322588686	0.99999953838267	NA	"prevalence"	205	4
"Libanicoccus"	"Sex"	"Female"	"SexFemale"	1.22923152537332	0	2.97089650207099	0.679051510781047	0.99999953838267	0.679051510781047	0.99999953838267	NA	"prevalence"	205	4
"Libanicoccus"	"TimeNW"	"TimeNW"	"TimeNW"	-0.719853066406337	0	2.08343507942643	0.729709041165183	0.99999953838267	0.729709041165183	0.99999953838267	NA	"prevalence"	205	4
"Ligilactobacillus"	"Age"	"Age"	"Age"	-0.0500460030776276	0	0.831092115995242	0.951982682497306	0.99999953838267	0.331145070201236	0.99999953838267	NA	"prevalence"	205	23
"Ligilactobacillus"	"Sex"	"Female"	"SexFemale"	-1.27533842033583	0	1.75916022497081	0.468470423921483	0.99999953838267	0.339514563313352	0.99999953838267	NA	"prevalence"	205	23
"Limosilactobacillus"	"FIScore"	"FIScore"	"FIScore"	-0.154902217061226	0	0.688875359326943	0.822086263691912	0.99999953838267	0.248521061091111	0.988434927183272	NA	"prevalence"	205	25
"Limosilactobacillus"	"Sex"	"Female"	"SexFemale"	1.12395206819176	0	1.72567017396557	0.514844215089303	0.99999953838267	0.415011274550568	0.99999953838267	NA	"prevalence"	205	25
"Limosilactobacillus"	"TimeNW"	"TimeNW"	"TimeNW"	0.192975131039656	0	0.731859587165119	0.792028197880109	0.99999953838267	0.259162588045269	0.988434927183272	NA	"prevalence"	205	25
"Mailhella"	"Age"	"Age"	"Age"	0.345543314949973	0	10622.9852391246	0.999974046497304	0.99999953838267	0.999974046497304	0.99999953838267	NA	"prevalence"	205	3
"Mailhella"	"Location"	"Center"	"LocationCenter"	0.48230810400497	0	10981.089436939	0.999964955554563	0.99999953838267	0.999964955554563	0.99999953838267	NA	"prevalence"	205	3
"Mailhella"	"Sex"	"Female"	"SexFemale"	1.57398135012121	0	19518.8970681537	0.999935659509218	0.99999953838267	0.999935659509218	0.99999953838267	NA	"prevalence"	205	3
"Mailhella"	"TimeNW"	"TimeNW"	"TimeNW"	10.0662843292967	0	5033.71096601359	0.998404412261262	0.99999953838267	0.998404412261262	0.99999953838267	NA	"prevalence"	205	3
"Marvinbryantia"	"Age"	"Age"	"Age"	0.579203298813129	0	0.799498074169311	0.468784201687337	0.99999953838267	0.468784201687337	0.99999953838267	NA	"prevalence"	205	4
"Marvinbryantia"	"FIScore"	"FIScore"	"FIScore"	-0.764988527853401	0	0.905344883816957	0.398128044702045	0.99999953838267	0.398128044702045	0.99999953838267	NA	"prevalence"	205	4
"Marvinbryantia"	"Location"	"Center"	"LocationCenter"	-1.20621834617841	0	1.51044797898741	0.424532145432631	0.99999953838267	0.424532145432631	0.99999953838267	NA	"prevalence"	205	4
"Marvinbryantia"	"Sex"	"Female"	"SexFemale"	0.266818618598064	0	1.56625671102233	0.864731483456941	0.99999953838267	0.864731483456941	0.99999953838267	NA	"prevalence"	205	4
"Marvinbryantia"	"TimeNW"	"TimeNW"	"TimeNW"	-0.737724145325676	0	1.1580198012098	0.524087983392336	0.99999953838267	0.524087983392336	0.99999953838267	NA	"prevalence"	205	4
"Megamonas"	"Age"	"Age"	"Age"	11.2097088243438	0	532.628307155427	0.983208940919789	0.99999953838267	0.983208940919789	0.99999953838267	NA	"prevalence"	205	5
"Megamonas"	"Sex"	"Female"	"SexFemale"	-12.7245185736779	0	2259.53574509509	0.99550675696415	0.99999953838267	0.99550675696415	0.99999953838267	NA	"prevalence"	205	5
"Megamonas"	"TimeNW"	"TimeNW"	"TimeNW"	5.35695059713085	0	841.139432589236	0.994918560330027	0.99999953838267	0.994918560330027	0.99999953838267	NA	"prevalence"	205	5
"Megasphaera"	"Age"	"Age"	"Age"	1.08795996725078	0	1.3292869204602	0.413098096857548	0.99999953838267	0.413098096857548	0.99999953838267	NA	"prevalence"	205	21
"Megasphaera"	"Location"	"Center"	"LocationCenter"	-1.70763896365407	0	2.45185549753921	0.486135773031397	0.99999953838267	0.486135773031397	0.99999953838267	NA	"prevalence"	205	21
"Megasphaera"	"Sex"	"Female"	"SexFemale"	12.8860237769034	0	87.049487650611	0.882318293585249	0.99999953838267	0.882318293585249	0.99999953838267	NA	"prevalence"	205	21
"Megasphaera"	"TimeNW"	"TimeNW"	"TimeNW"	0.761357431301595	0	1.02210624564454	0.456337800959601	0.99999953838267	0.456337800959601	0.99999953838267	NA	"prevalence"	205	21
"Merdibacter"	"Age"	"Age"	"Age"	0.0281959035945764	0	0.888940148360377	0.974696491653635	0.99999953838267	0.878945383925158	0.99999953838267	NA	"prevalence"	205	25
"Mogibacterium"	"Age"	"Age"	"Age"	0.222677508981515	0	1.11409726839218	0.841580226180274	0.99999953838267	0.946614076944228	0.99999953838267	NA	"prevalence"	205	36
"Mogibacterium"	"FIScore"	"FIScore"	"FIScore"	0.158028724683986	0	1.0493132115499	0.880289641216417	0.99999953838267	0.882184974787235	0.99999953838267	NA	"prevalence"	205	36
"Mogibacterium"	"Location"	"Center"	"LocationCenter"	1.27266272497991	0	2.14940911609086	0.553784378537537	0.99999953838267	0.800891619162868	0.99999953838267	NA	"prevalence"	205	36
"Mogibacterium"	"Sex"	"Female"	"SexFemale"	0.253740735428262	0	2.29405891748901	0.911927387693475	0.99999953838267	0.925571238567228	0.99999953838267	NA	"prevalence"	205	36
"Mogibacterium"	"TimeNW"	"TimeNW"	"TimeNW"	-1.45559537108351	0	1.74158053292693	0.40327312506361	0.99999953838267	0.64391703672865	0.99999953838267	NA	"prevalence"	205	36
"Monoglobus"	"Age"	"Age"	"Age"	0.0998893190017121	0	0.64425359459603	0.876784592686978	0.99999953838267	0.944189991023039	0.99999953838267	NA	"prevalence"	205	168
"Monoglobus"	"Location"	"Center"	"LocationCenter"	-0.460331738149468	0	1.40054040325397	0.742396429486313	0.99999953838267	0.739085857048032	0.99999953838267	NA	"prevalence"	205	168
"Monoglobus"	"Sex"	"Female"	"SexFemale"	1.09406058449073	0	1.36441338500328	0.422637309990369	0.99999953838267	0.0695309414189658	0.893825290414821	NA	"prevalence"	205	168
"Monoglobus"	"TimeNW"	"TimeNW"	"TimeNW"	-0.477227204365568	0	0.652263046519562	0.464383207962958	0.99999953838267	0.713114652087948	0.99999953838267	NA	"prevalence"	205	168
"Muribaculaceae"	"Location"	"Center"	"LocationCenter"	1.4916577637195	0	2.11433206296034	0.480500163720689	0.99999953838267	0.217349433827361	0.975979911177211	NA	"prevalence"	205	25
"Muribaculaceae"	"Sex"	"Female"	"SexFemale"	0.629582221740496	0	1.91768513750891	0.742682403411944	0.99999953838267	0.527782266679768	0.99999953838267	NA	"prevalence"	205	25
"Muribaculaceae"	"TimeNW"	"TimeNW"	"TimeNW"	0.745368373561149	0	0.868166316003537	0.390586174460027	0.99999953838267	0.628614789240735	0.99999953838267	NA	"prevalence"	205	25
"Muribaculum"	"FIScore"	"FIScore"	"FIScore"	10.9944888465723	0	4069035.53019648	0.999997844124771	0.99999953838267	0.999997844124771	0.99999953838267	NA	"prevalence"	205	2
"Murimonas"	"FIScore"	"FIScore"	"FIScore"	-6.35381342860284	0	10.5096581481923	0.545465415220283	0.99999953838267	0.545465415220283	0.99999953838267	NA	"prevalence"	205	3
"Murimonas"	"Sex"	"Female"	"SexFemale"	10.4998241885544	0	180.958199117309	0.953729926835261	0.99999953838267	0.953729926835261	0.99999953838267	NA	"prevalence"	205	3
"Negativibacillus"	"Age"	"Age"	"Age"	0.30307951945204	0	0.580531364654346	0.60161978249848	0.99999953838267	0.631411350856514	0.99999953838267	NA	"prevalence"	205	128
"Negativibacillus"	"FIScore"	"FIScore"	"FIScore"	0.188363568786448	0	0.501679022512849	0.707313701344419	0.99999953838267	0.914334730579296	0.99999953838267	NA	"prevalence"	205	128
"Negativibacillus"	"Location"	"Center"	"LocationCenter"	0.682291269523819	0	1.21510751795211	0.574452020022111	0.99999953838267	0.632421662923101	0.99999953838267	NA	"prevalence"	205	128
"Negativibacillus"	"Sex"	"Female"	"SexFemale"	-0.753163292478487	0	1.15969104511733	0.516046471943081	0.99999953838267	0.765788982681261	0.99999953838267	NA	"prevalence"	205	128
"Negativibacillus"	"TimeNW"	"TimeNW"	"TimeNW"	0.166789835706635	0	0.547539805057079	0.760658005952677	0.99999953838267	0.64654927914091	0.99999953838267	NA	"prevalence"	205	128
"NK4A214_group"	"Age"	"Age"	"Age"	-0.460801513548727	0	1.72931142495082	0.789880868656362	0.99999953838267	0.789880868656362	0.99999953838267	NA	"prevalence"	205	5
"NK4A214_group"	"FIScore"	"FIScore"	"FIScore"	-6.38604419395878	0	6.61963588536608	0.334688930222464	0.99999953838267	0.334688930222464	0.99999953838267	NA	"prevalence"	205	5
"NK4A214_group"	"Location"	"Center"	"LocationCenter"	-0.654452718095361	0	3.42650301542486	0.848527732810427	0.99999953838267	0.848527732810427	0.99999953838267	NA	"prevalence"	205	5
"NK4A214_group"	"Sex"	"Female"	"SexFemale"	3.53071455621737	0	7.4187522957541	0.634133105169234	0.99999953838267	0.634133105169234	0.99999953838267	NA	"prevalence"	205	5
"Odoribacter"	"FIScore"	"FIScore"	"FIScore"	-0.238778492827699	0	0.833741435820909	0.774576417355881	0.99999953838267	0.356784959054676	0.99999953838267	NA	"prevalence"	205	119
"Odoribacter"	"TimeNW"	"TimeNW"	"TimeNW"	-0.896571392049526	0	1.07733835010255	0.405290606986679	0.99999953838267	0.646320737861727	0.99999953838267	NA	"prevalence"	205	119
"Olsenella"	"Age"	"Age"	"Age"	2.74097799073845	0	820.072590098845	0.997333187360745	0.99999953838267	0.997333187360745	0.99999953838267	NA	"prevalence"	205	2
"Olsenella"	"TimeNW"	"TimeNW"	"TimeNW"	-2.69515923749061	0	5316.71115121524	0.999595534571799	0.99999953838267	0.999595534571799	0.99999953838267	NA	"prevalence"	205	2
"Oscillibacter"	"Age"	"Age"	"Age"	-0.520962058303044	0	0.589919833967452	0.377178715667468	0.99999953838267	0.612093647782375	0.99999953838267	NA	"prevalence"	205	22
"Oscillibacter"	"FIScore"	"FIScore"	"FIScore"	0.261197017753483	0	0.515209001931734	0.612173811799767	0.99999953838267	0.809837509599943	0.99999953838267	NA	"prevalence"	205	22
"Oscillibacter"	"Sex"	"Female"	"SexFemale"	-0.18582479327689	0	1.19968427639741	0.876904294425539	0.99999953838267	0.53419005682047	0.99999953838267	NA	"prevalence"	205	22
"Oscillibacter"	"TimeNW"	"TimeNW"	"TimeNW"	-0.606487047041678	0	0.707530651737234	0.391340788086443	0.99999953838267	0.629533963752768	0.99999953838267	NA	"prevalence"	205	22
"Oscillospira"	"Age"	"Age"	"Age"	4.41062051656987	0	126.428068702478	0.972170323092535	0.99999953838267	0.972170323092535	0.99999953838267	NA	"prevalence"	205	2
"Oscillospira"	"FIScore"	"FIScore"	"FIScore"	-11.9607310659515	0	542.893657151241	0.982422873140971	0.99999953838267	0.982422873140971	0.99999953838267	NA	"prevalence"	205	2
"Oscillospira"	"Location"	"Center"	"LocationCenter"	10.904948272405	0	389.734407986536	0.977677735175875	0.99999953838267	0.977677735175875	0.99999953838267	NA	"prevalence"	205	2
"Oscillospira"	"Sex"	"Female"	"SexFemale"	-3.67383535743405	0	719.110644603758	0.995923737492531	0.99999953838267	0.995923737492531	0.99999953838267	NA	"prevalence"	205	2
"Oscillospira"	"TimeNW"	"TimeNW"	"TimeNW"	1.40427151549352	0	385.915981575902	0.99709666315398	0.99999953838267	0.99709666315398	0.99999953838267	NA	"prevalence"	205	2
"Oxalobacter"	"Location"	"Center"	"LocationCenter"	0.759343959467027	0	1.55219429372451	0.624695315853287	0.99999953838267	0.859146394057536	0.99999953838267	NA	"prevalence"	205	17
"Oxalobacter"	"TimeNW"	"TimeNW"	"TimeNW"	0.535477302399174	0	0.704279849813947	0.447063968745949	0.99999953838267	0.694261745341019	0.99999953838267	NA	"prevalence"	205	17
"Paeniclostridium"	"Age"	"Age"	"Age"	1.00220057200751	0	42.7533299025225	0.981298131933248	0.99999953838267	0.981298131933248	0.99999953838267	NA	"prevalence"	205	2
"Paeniclostridium"	"FIScore"	"FIScore"	"FIScore"	-7.78135698282976	0	56.7628261264866	0.890963261182766	0.99999953838267	0.890963261182766	0.99999953838267	NA	"prevalence"	205	2
"Paeniclostridium"	"Sex"	"Female"	"SexFemale"	5.36033754148016	0	141.121442936149	0.969700548279424	0.99999953838267	0.969700548279424	0.99999953838267	NA	"prevalence"	205	2
"Paeniclostridium"	"TimeNW"	"TimeNW"	"TimeNW"	12.2462736191001	0	86.7550629582117	0.887744192104463	0.99999953838267	0.887744192104463	0.99999953838267	NA	"prevalence"	205	2
"Parabacteroides"	"Age"	"Age"	"Age"	-0.138730746486512	0	1.22383473892669	0.909747197285705	0.99999953838267	0.595600427647076	0.99999953838267	NA	"prevalence"	205	178
"Parabacteroides"	"FIScore"	"FIScore"	"FIScore"	-1.03671458666043	0	1.19078379020865	0.38396423965631	0.99999953838267	0.620499941977771	0.99999953838267	NA	"prevalence"	205	178
"Parabacteroides"	"Sex"	"Female"	"SexFemale"	-2.28330340942492	0	2.7632951164251	0.408635441009996	0.99999953838267	0.650287958370558	0.99999953838267	NA	"prevalence"	205	178
"Parabacteroides"	"TimeNW"	"TimeNW"	"TimeNW"	0.660782633100683	0	1.05229852989304	0.530041817810002	0.99999953838267	0.779139306992673	0.99999953838267	NA	"prevalence"	205	178
"Paraprevotella"	"Age"	"Age"	"Age"	-0.551801534618833	0	1.0672294955507	0.605127453872963	0.99999953838267	0.273829268082303	0.995436724545094	NA	"prevalence"	205	66
"Paraprevotella"	"FIScore"	"FIScore"	"FIScore"	0.760907920050465	0	0.900506457648922	0.398123262262393	0.99999953838267	0.637744392570336	0.99999953838267	NA	"prevalence"	205	66
"Paraprevotella"	"Sex"	"Female"	"SexFemale"	0.201321459979857	0	2.30249011797049	0.930324632644949	0.99999953838267	0.980016993284373	0.99999953838267	NA	"prevalence"	205	66
"Parasutterella"	"Age"	"Age"	"Age"	0.166409717283728	0	0.824195928134754	0.839990577288704	0.99999953838267	0.470842296678351	0.99999953838267	NA	"prevalence"	205	62
"Parasutterella"	"FIScore"	"FIScore"	"FIScore"	-0.358495255311491	0	0.707845353508259	0.612533864770593	0.99999953838267	0.503242681982629	0.99999953838267	NA	"prevalence"	205	62
"Parasutterella"	"Location"	"Center"	"LocationCenter"	-0.770107151430018	0	1.64253957034165	0.639175781079282	0.99999953838267	0.0624130225712415	0.8650054846983	NA	"prevalence"	205	62
"Parasutterella"	"TimeNW"	"TimeNW"	"TimeNW"	0.710709314013341	0	0.794659301974291	0.37113077375129	0.99999953838267	0.604523496277349	0.99999953838267	NA	"prevalence"	205	62
"Pediococcus"	"Age"	"Age"	"Age"	-7.16944030430041	0	140.973869010224	0.95943985313696	0.99999953838267	0.95943985313696	0.99999953838267	NA	"prevalence"	205	2
"Pediococcus"	"FIScore"	"FIScore"	"FIScore"	-4.40792098949603	0	97.8561423717496	0.964071513371377	0.99999953838267	0.964071513371377	0.99999953838267	NA	"prevalence"	205	2
"Pediococcus"	"Location"	"Center"	"LocationCenter"	1.53102573648472	0	420.766988713818	0.997096780083704	0.99999953838267	0.997096780083704	0.99999953838267	NA	"prevalence"	205	2
"Pediococcus"	"Sex"	"Female"	"SexFemale"	-5.70475377219282	0	207.911775284033	0.978110119650976	0.99999953838267	0.978110119650976	0.99999953838267	NA	"prevalence"	205	2
"Pediococcus"	"TimeNW"	"TimeNW"	"TimeNW"	-3.17596199166249	0	314.790657804255	0.9919501802664	0.99999953838267	0.9919501802664	0.99999953838267	NA	"prevalence"	205	2
"Peptoclostridium"	"TimeNW"	"TimeNW"	"TimeNW"	-1.26984667232898	0	2194872.21904951	0.99999953838267	0.99999953838267	0.99999953838267	0.99999953838267	NA	"prevalence"	205	5
"Peptococcus"	"FIScore"	"FIScore"	"FIScore"	-0.459812063837169	0	0.617972364718728	0.456836705666856	0.99999953838267	0.530691428156484	0.99999953838267	NA	"prevalence"	205	53
"Peptococcus"	"Location"	"Center"	"LocationCenter"	0.693468413205597	0	1.42747255044353	0.627107857546989	0.99999953838267	0.286227515366016	0.997062063331157	NA	"prevalence"	205	53
"Peptococcus"	"Sex"	"Female"	"SexFemale"	-0.953900648123653	0	1.36942269844015	0.486071076844931	0.99999953838267	0.735877061944671	0.99999953838267	NA	"prevalence"	205	53
"Peptococcus"	"TimeNW"	"TimeNW"	"TimeNW"	0.460591791378317	0	0.657432182738611	0.483557612005175	0.99999953838267	0.733287259882203	0.99999953838267	NA	"prevalence"	205	53
"Peptoniphilus"	"Age"	"Age"	"Age"	-0.0205968956344704	0	0.651908514838645	0.974795219080328	0.99999953838267	0.974795219080328	0.99999953838267	NA	"prevalence"	205	3
"Peptoniphilus"	"FIScore"	"FIScore"	"FIScore"	0.394609849335585	0	0.538636638725638	0.463797166734553	0.99999953838267	0.463797166734553	0.99999953838267	NA	"prevalence"	205	3
"Peptoniphilus"	"Location"	"Center"	"LocationCenter"	0.940326207430574	0	1.46648928510071	0.521386867850581	0.99999953838267	0.521386867850581	0.99999953838267	NA	"prevalence"	205	3
"Peptoniphilus"	"Sex"	"Female"	"SexFemale"	-1.22578139305914	0	1.36540339979489	0.369322560196645	0.99999953838267	0.369322560196645	0.99999953838267	NA	"prevalence"	205	3
"Phascolarctobacterium"	"FIScore"	"FIScore"	"FIScore"	-0.124603870535848	0	0.911400373923555	0.891254538824225	0.99999953838267	0.932373369365821	0.99999953838267	NA	"prevalence"	205	118
"Phascolarctobacterium"	"Sex"	"Female"	"SexFemale"	-0.966631872561043	0	1.84856998873004	0.601038338572711	0.99999953838267	0.575572630500158	0.99999953838267	NA	"prevalence"	205	118
"Porphyromonas"	"Age"	"Age"	"Age"	-0.433505564290129	0	0.461314508024231	0.347362210263568	0.99999953838267	0.574063915407945	0.99999953838267	NA	"prevalence"	205	26
"Porphyromonas"	"FIScore"	"FIScore"	"FIScore"	0.285814963452287	0	0.411919659088714	0.487769418709987	0.99999953838267	0.190430542749353	0.951333957524848	NA	"prevalence"	205	26
"Porphyromonas"	"Sex"	"Female"	"SexFemale"	-0.227502847944214	0	0.974306810639319	0.815371410265392	0.99999953838267	0.360609174482057	0.99999953838267	NA	"prevalence"	205	26
"Prevotella"	"FIScore"	"FIScore"	"FIScore"	0.0237811782628181	0	0.664042117153355	0.97143166183835	0.99999953838267	0.522946725339045	0.99999953838267	NA	"prevalence"	205	17
"Prevotella"	"Location"	"Center"	"LocationCenter"	1.10595365280072	0	1.62528770919728	0.496209199086139	0.99999953838267	0.74619482891457	0.99999953838267	NA	"prevalence"	205	17
"Prevotella"	"Sex"	"Female"	"SexFemale"	1.07874912801893	0	1.57086173421766	0.492256399447188	0.99999953838267	0.457820544297547	0.99999953838267	NA	"prevalence"	205	17
"Prevotella_7"	"Age"	"Age"	"Age"	-3.81952632022141	0	77.9340959629116	0.960911569252671	0.99999953838267	0.960911569252671	0.99999953838267	NA	"prevalence"	205	4
"Prevotella_7"	"FIScore"	"FIScore"	"FIScore"	7.8053221253228	0	64.2552127422942	0.903315799309459	0.99999953838267	0.903315799309459	0.99999953838267	NA	"prevalence"	205	4
"Prevotella_7"	"Sex"	"Female"	"SexFemale"	-10.1307087603032	0	114.504013202103	0.929499388171898	0.99999953838267	0.929499388171898	0.99999953838267	NA	"prevalence"	205	4
"Prevotella_7"	"TimeNW"	"TimeNW"	"TimeNW"	8.18005121187052	0	77.8674512969974	0.916335365017291	0.99999953838267	0.916335365017291	0.99999953838267	NA	"prevalence"	205	4
"Prevotella_9"	"Age"	"Age"	"Age"	0.00085530713055405	0	1.05058765949346	0.999350424238605	0.99999953838267	0.1867168160407	0.951333957524848	NA	"prevalence"	205	28
"Prevotella_9"	"TimeNW"	"TimeNW"	"TimeNW"	0.426120200524909	0	1.0210242844536	0.676425490275136	0.99999953838267	0.015357484145067	0.82405790284544	NA	"prevalence"	205	28
"Prevotellaceae_NK3B31_group"	"Age"	"Age"	"Age"	11.2097088243438	0	532.628307155427	0.983208940919789	0.99999953838267	0.983208940919789	0.99999953838267	NA	"prevalence"	205	5
"Prevotellaceae_NK3B31_group"	"Sex"	"Female"	"SexFemale"	-12.7245185736779	0	2259.53574509509	0.99550675696415	0.99999953838267	0.99550675696415	0.99999953838267	NA	"prevalence"	205	5
"Prevotellaceae_NK3B31_group"	"TimeNW"	"TimeNW"	"TimeNW"	5.35695059713085	0	841.139432589236	0.994918560330027	0.99999953838267	0.994918560330027	0.99999953838267	NA	"prevalence"	205	5
"Prevotellaceae_UCG-001"	"FIScore"	"FIScore"	"FIScore"	0.115382257139685	0	0.802721236808685	0.885706662662548	0.99999953838267	0.885706662662548	0.99999953838267	NA	"prevalence"	205	2
"Prevotellaceae_UCG-001"	"Location"	"Center"	"LocationCenter"	1.17948167034683	0	2.00396386687481	0.556146864763717	0.99999953838267	0.556146864763717	0.99999953838267	NA	"prevalence"	205	2
"Prevotellaceae_UCG-001"	"Sex"	"Female"	"SexFemale"	-0.416703412156575	0	1.66255236073802	0.802091853839469	0.99999953838267	0.802091853839469	0.99999953838267	NA	"prevalence"	205	2
"Proteus"	"Age"	"Age"	"Age"	0.771096259206012	0	0.931484368419327	0.407775566207394	0.99999953838267	0.407775566207394	0.99999953838267	NA	"prevalence"	205	12
"Proteus"	"FIScore"	"FIScore"	"FIScore"	0.361330336728588	0	0.772999328596494	0.640185544390581	0.99999953838267	0.640185544390581	0.99999953838267	NA	"prevalence"	205	12
"Proteus"	"Location"	"Center"	"LocationCenter"	-1.05199378462198	0	1.92447060124231	0.584625663084068	0.99999953838267	0.584625663084068	0.99999953838267	NA	"prevalence"	205	12
"Proteus"	"Sex"	"Female"	"SexFemale"	-1.71588711431682	0	1.81603905847859	0.344734727297182	0.99999953838267	0.344734727297182	0.99999953838267	NA	"prevalence"	205	12
"Proteus"	"TimeNW"	"TimeNW"	"TimeNW"	0.14254811694634	0	0.868244357314035	0.869589664228177	0.99999953838267	0.869589664228177	0.99999953838267	NA	"prevalence"	205	12
"RF39"	"FIScore"	"FIScore"	"FIScore"	-0.468604857473122	0	0.91701762092958	0.60934429658457	0.99999953838267	0.722307420422355	0.99999953838267	NA	"prevalence"	205	28
"RF39"	"Location"	"Center"	"LocationCenter"	1.93268341493106	0	2.63012288092316	0.462445299307937	0.99999953838267	0.711034943763867	0.99999953838267	NA	"prevalence"	205	28
"RF39"	"TimeNW"	"TimeNW"	"TimeNW"	0.658856155619971	0	1.09151101811309	0.546097363796436	0.99999953838267	0.613973430961673	0.99999953838267	NA	"prevalence"	205	28
"Rikenella"	"TimeNW"	"TimeNW"	"TimeNW"	-0.476861074758005	0	1.85980290666692	0.797638828832641	0.99999953838267	0.797638828832641	0.99999953838267	NA	"prevalence"	205	7
"Rikenellaceae_RC9_gut_group"	"FIScore"	"FIScore"	"FIScore"	0.494590587830721	0	1.62680483115252	0.761108259922685	0.99999953838267	0.761108259922685	0.99999953838267	NA	"prevalence"	205	12
"Rikenellaceae_RC9_gut_group"	"Location"	"Center"	"LocationCenter"	-0.937093492859871	0	3.13692166623917	0.76514585006337	0.99999953838267	0.76514585006337	0.99999953838267	NA	"prevalence"	205	12
"Rikenellaceae_RC9_gut_group"	"Sex"	"Female"	"SexFemale"	11.1446959855588	0	346.190365704731	0.974318623280425	0.99999953838267	0.974318623280425	0.99999953838267	NA	"prevalence"	205	12
"Rikenellaceae_RC9_gut_group"	"TimeNW"	"TimeNW"	"TimeNW"	0.400267816248288	0	1.51027799639853	0.790986943519617	0.99999953838267	0.790986943519617	0.99999953838267	NA	"prevalence"	205	12
"Romboutsia"	"Location"	"Center"	"LocationCenter"	0.90428555126445	0	2.11274809775414	0.668641001112426	0.99999953838267	0.668641001112426	0.99999953838267	NA	"prevalence"	205	21
"Romboutsia"	"Sex"	"Female"	"SexFemale"	14.4600213806447	0	189.341041307503	0.93912454289989	0.99999953838267	0.93912454289989	0.99999953838267	NA	"prevalence"	205	21
"Romboutsia"	"TimeNW"	"TimeNW"	"TimeNW"	-0.375986958395992	0	1.07220029048999	0.725836996468636	0.99999953838267	0.725836996468636	0.99999953838267	NA	"prevalence"	205	21
"Roseburia"	"Age"	"Age"	"Age"	0.160917851077582	0	0.393902380786401	0.682890365525851	0.99999953838267	0.689396903962433	0.99999953838267	NA	"prevalence"	205	134
"Roseburia"	"FIScore"	"FIScore"	"FIScore"	-0.271680829645972	0	0.361193770730007	0.451945983705765	0.99999953838267	0.699636795223758	0.99999953838267	NA	"prevalence"	205	134
"Roseburia"	"Location"	"Center"	"LocationCenter"	0.21115082562298	0	0.836061609923254	0.800612767875618	0.99999953838267	0.939626034351893	0.99999953838267	NA	"prevalence"	205	134
"Roseburia"	"Sex"	"Female"	"SexFemale"	0.375493027983656	0	0.794134213999498	0.636332180089587	0.99999953838267	0.867745716761607	0.99999953838267	NA	"prevalence"	205	134
"Roseburia"	"TimeNW"	"TimeNW"	"TimeNW"	-0.0360655446346603	0	0.379172069582592	0.924222241113992	0.99999953838267	0.874997155933942	0.99999953838267	NA	"prevalence"	205	134
"Rothia"	"Age"	"Age"	"Age"	0.301684117964316	0	0.656003336127425	0.64560092994698	0.99999953838267	0.874401299145554	0.99999953838267	NA	"prevalence"	205	17
"Rothia"	"FIScore"	"FIScore"	"FIScore"	0.230820342005644	0	0.590495343539064	0.695876521523103	0.99999953838267	0.907508909839112	0.99999953838267	NA	"prevalence"	205	17
"Rothia"	"Sex"	"Female"	"SexFemale"	-0.0668114417491951	0	1.34224317590851	0.960300924596254	0.99999953838267	0.991295483822292	0.99999953838267	NA	"prevalence"	205	17
"Rothia"	"TimeNW"	"TimeNW"	"TimeNW"	0.45497572427166	0	0.617167739786619	0.461001062018633	0.99999953838267	0.709480144854958	0.99999953838267	NA	"prevalence"	205	17
"Ruminiclostridium"	"Age"	"Age"	"Age"	-0.419182654989129	0	0.539493155653462	0.437162627394914	0.99999953838267	0.683214091999004	0.99999953838267	NA	"prevalence"	205	43
"Ruminiclostridium"	"FIScore"	"FIScore"	"FIScore"	0.176879494841811	0	0.475286005022195	0.709778338650799	0.99999953838267	0.606521943717503	0.99999953838267	NA	"prevalence"	205	43
"Ruminiclostridium"	"Sex"	"Female"	"SexFemale"	-0.613561947194332	0	1.11413592103342	0.581834855102254	0.99999953838267	0.825137911592647	0.99999953838267	NA	"prevalence"	205	43
"Ruminiclostridium"	"TimeNW"	"TimeNW"	"TimeNW"	0.14579125555946	0	0.546140797305352	0.789509111113078	0.99999953838267	0.227825135602633	0.975979911177211	NA	"prevalence"	205	43
"Ruminococcus"	"Age"	"Age"	"Age"	0.244493933947333	0	0.526816891826014	0.642578529941885	0.99999953838267	0.366514757432814	0.99999953838267	NA	"prevalence"	205	156
"Ruminococcus"	"FIScore"	"FIScore"	"FIScore"	-0.0715990243358081	0	0.458155387927723	0.875814900352843	0.99999953838267	0.708364351187686	0.99999953838267	NA	"prevalence"	205	156
"Ruminococcus"	"Location"	"Center"	"LocationCenter"	-0.34113354244674	0	1.11228940684551	0.759075575057272	0.99999953838267	0.327706584499298	0.99999953838267	NA	"prevalence"	205	156
"Sanguibacteroides"	"Age"	"Age"	"Age"	0.855247677385951	0	1.05054893914695	0.415589963624597	0.99999953838267	0.415589963624597	0.99999953838267	NA	"prevalence"	205	16
"Sanguibacteroides"	"FIScore"	"FIScore"	"FIScore"	-0.477602879858163	0	0.942893648654	0.612485409005297	0.99999953838267	0.612485409005297	0.99999953838267	NA	"prevalence"	205	16
"Sanguibacteroides"	"Location"	"Center"	"LocationCenter"	2.77685256075673	0	2.86108646929534	0.331768046389848	0.99999953838267	0.331768046389848	0.99999953838267	NA	"prevalence"	205	16
"Sanguibacteroides"	"Sex"	"Female"	"SexFemale"	-1.5660988607504	0	2.11920044336724	0.459904208478936	0.99999953838267	0.459904208478936	0.99999953838267	NA	"prevalence"	205	16
"Sanguibacteroides"	"TimeNW"	"TimeNW"	"TimeNW"	0.642028931124089	0	1.08390944400446	0.553631576202858	0.99999953838267	0.553631576202858	0.99999953838267	NA	"prevalence"	205	16
"Sarcina"	"FIScore"	"FIScore"	"FIScore"	-0.76204837755754	0	1.32413015099909	0.564947331073327	0.99999953838267	0.564947331073327	0.99999953838267	NA	"prevalence"	205	7
"Sarcina"	"Location"	"Center"	"LocationCenter"	-1.74686702026525	0	3.19934503234368	0.585060644800448	0.99999953838267	0.585060644800448	0.99999953838267	NA	"prevalence"	205	7
"Sarcina"	"Sex"	"Female"	"SexFemale"	-13.1512971879157	0	160.437505313041	0.934669405513984	0.99999953838267	0.934669405513984	0.99999953838267	NA	"prevalence"	205	7
"Sarcina"	"TimeNW"	"TimeNW"	"TimeNW"	-0.149766875795242	0	1.63176423369377	0.926871103966094	0.99999953838267	0.926871103966094	0.99999953838267	NA	"prevalence"	205	7
"Scardovia"	"FIScore"	"FIScore"	"FIScore"	-14.1218377372393	0	1076.54885781472	0.989533895202161	0.99999953838267	0.989533895202161	0.99999953838267	NA	"prevalence"	205	2
"Sellimonas"	"Age"	"Age"	"Age"	-0.220404956289825	0	0.69746108324931	0.751994613854817	0.99999953838267	0.725936658641424	0.99999953838267	NA	"prevalence"	205	42
"Sellimonas"	"FIScore"	"FIScore"	"FIScore"	-0.244558849129026	0	0.650665781488254	0.707021426435768	0.99999953838267	0.708548344353167	0.99999953838267	NA	"prevalence"	205	42
"Sellimonas"	"Sex"	"Female"	"SexFemale"	-0.770311549320613	0	1.4550951112909	0.596535530345385	0.99999953838267	0.814947805328498	0.99999953838267	NA	"prevalence"	205	42
"Senegalimassilia"	"Age"	"Age"	"Age"	-0.766687850392821	0	1.21094016504984	0.526645892986354	0.99999953838267	0.775935889373314	0.99999953838267	NA	"prevalence"	205	16
"Senegalimassilia"	"FIScore"	"FIScore"	"FIScore"	-0.55570448627165	0	1.15462208095777	0.630312603610228	0.99999953838267	0.863331228950552	0.99999953838267	NA	"prevalence"	205	16
"Senegalimassilia"	"Sex"	"Female"	"SexFemale"	2.18187889434817	0	2.77662322107348	0.431982900886526	0.99999953838267	0.677356575114714	0.99999953838267	NA	"prevalence"	205	16
"Slackia"	"Age"	"Age"	"Age"	0.15966573876841	0	0.580821528382894	0.783395844170615	0.99999953838267	0.95308263967744	0.99999953838267	NA	"prevalence"	205	21
"Slackia"	"Location"	"Center"	"LocationCenter"	0.822613547549303	0	1.25643179574778	0.512646753280442	0.99999953838267	0.743937231770287	0.99999953838267	NA	"prevalence"	205	21
"Slackia"	"Sex"	"Female"	"SexFemale"	-0.670738973403879	0	1.23359204501394	0.586628417109773	0.99999953838267	0.829123934458828	0.99999953838267	NA	"prevalence"	205	21
"Slackia"	"TimeNW"	"TimeNW"	"TimeNW"	0.210679195789718	0	0.599383287907867	0.725218315634297	0.99999953838267	0.924495025937147	0.99999953838267	NA	"prevalence"	205	21
"Staphylococcus"	"FIScore"	"FIScore"	"FIScore"	0.984257259265163	0	1.916716657691	0.607593125839963	0.99999953838267	0.607593125839963	0.99999953838267	NA	"prevalence"	205	4
"Staphylococcus"	"Location"	"Center"	"LocationCenter"	-12.144835143803	0	361.475243398091	0.973197739383786	0.99999953838267	0.973197739383786	0.99999953838267	NA	"prevalence"	205	4
"Staphylococcus"	"TimeNW"	"TimeNW"	"TimeNW"	0.535390224807796	0	1.31463848647476	0.683822314251702	0.99999953838267	0.683822314251702	0.99999953838267	NA	"prevalence"	205	4
"Stomatobaculum"	"TimeNW"	"TimeNW"	"TimeNW"	-14.6168078593543	0	131681.935569892	0.999911434129178	0.99999953838267	0.999911434129178	0.99999953838267	NA	"prevalence"	205	3
"Streptococcus"	"Age"	"Age"	"Age"	-0.572326015843475	0	0.65202209559088	0.380068064318788	0.99999953838267	0.615684395122545	0.99999953838267	NA	"prevalence"	205	149
"Streptococcus"	"FIScore"	"FIScore"	"FIScore"	0.306624528062525	0	0.554221513422589	0.580090410456018	0.99999953838267	0.823675936609004	0.99999953838267	NA	"prevalence"	205	149
"Streptococcus"	"Location"	"Center"	"LocationCenter"	-0.823582664845092	0	1.38077638001974	0.550865653490258	0.99999953838267	0.798278338785267	0.99999953838267	NA	"prevalence"	205	149
"Streptococcus"	"Sex"	"Female"	"SexFemale"	1.18805975300945	0	1.29119088284217	0.357506331818619	0.99999953838267	0.587201886346834	0.99999953838267	NA	"prevalence"	205	149
"Subdoligranulum"	"Age"	"Age"	"Age"	0.272093576576826	0	0.792740879920865	0.73142437032363	0.99999953838267	0.868669859254965	0.99999953838267	NA	"prevalence"	205	137
"Subdoligranulum"	"Location"	"Center"	"LocationCenter"	-0.59342061652129	0	1.67708409607496	0.723458267281288	0.99999953838267	0.318670158093178	0.99999953838267	NA	"prevalence"	205	137
"Subdoligranulum"	"Sex"	"Female"	"SexFemale"	-0.876580045216115	0	1.59402234303536	0.582376277564943	0.99999953838267	0.825590426459486	0.99999953838267	NA	"prevalence"	205	137
"Subdoligranulum"	"TimeNW"	"TimeNW"	"TimeNW"	-0.29932419465912	0	0.788903591858809	0.704377512707292	0.99999953838267	0.912607345006872	0.99999953838267	NA	"prevalence"	205	137
"Succinatimonas"	"Age"	"Age"	"Age"	4.7228340851628	0	58.0644809722227	0.935173355355984	0.99999953838267	0.935173355355984	0.99999953838267	NA	"prevalence"	205	4
"Succinatimonas"	"FIScore"	"FIScore"	"FIScore"	-11.2131215338551	0	172.494422993492	0.948169458122598	0.99999953838267	0.948169458122598	0.99999953838267	NA	"prevalence"	205	4
"Succinatimonas"	"Location"	"Center"	"LocationCenter"	11.5631394359577	0	245.935664386102	0.9624997358202	0.99999953838267	0.9624997358202	0.99999953838267	NA	"prevalence"	205	4
"Succinatimonas"	"Sex"	"Female"	"SexFemale"	-5.7849647271064	0	256.446336289586	0.982002696284614	0.99999953838267	0.982002696284614	0.99999953838267	NA	"prevalence"	205	4
"Succinatimonas"	"TimeNW"	"TimeNW"	"TimeNW"	2.8313451850224	0	146.747273984724	0.984606552510852	0.99999953838267	0.984606552510852	0.99999953838267	NA	"prevalence"	205	4
"Succiniclasticum"	"Location"	"Center"	"LocationCenter"	2.36618847163988	0	3.04623592153385	0.437301492711897	0.99999953838267	0.437301492711897	0.99999953838267	NA	"prevalence"	205	15
"Succiniclasticum"	"Sex"	"Female"	"SexFemale"	-1.4017454562893	0	2.70525869735092	0.604349577958898	0.99999953838267	0.604349577958898	0.99999953838267	NA	"prevalence"	205	15
"Succinivibrio"	"Sex"	"Female"	"SexFemale"	-6.11920859988621	0	72832.8799986944	0.999932964039586	0.99999953838267	0.999932964039586	0.99999953838267	NA	"prevalence"	205	8
"Succinivibrio"	"TimeNW"	"TimeNW"	"TimeNW"	-4.60829559456454	0	143704.377483485	0.999974413528869	0.99999953838267	0.999974413528869	0.99999953838267	NA	"prevalence"	205	8
"Sutterella"	"Age"	"Age"	"Age"	0.494750827936979	0	0.846639590626279	0.558971365957114	0.99999953838267	0.633743229523692	0.99999953838267	NA	"prevalence"	205	71
"Syntrophomonas"	"FIScore"	"FIScore"	"FIScore"	12.4083014005214	0	866879.516123473	0.999988579275518	0.99999953838267	0.999988579275518	0.99999953838267	NA	"prevalence"	205	3
"Syntrophomonas"	"Location"	"Center"	"LocationCenter"	3.43742379048077	0	5305421.53566195	0.9999994830444	0.99999953838267	0.9999994830444	0.99999953838267	NA	"prevalence"	205	3
"Syntrophomonas"	"TimeNW"	"TimeNW"	"TimeNW"	-11.4176256554535	0	3870530.78474201	0.999997646331282	0.99999953838267	0.999997646331282	0.99999953838267	NA	"prevalence"	205	3
"Tannerellaceae"	"Location"	"Center"	"LocationCenter"	-1.86837726105566	0	2.14493591259027	0.383719004227105	0.99999953838267	0.620197734249169	0.99999953838267	NA	"prevalence"	205	86
"Tannerellaceae"	"Sex"	"Female"	"SexFemale"	-0.136340597474264	0	1.95531043773415	0.944409865701285	0.99999953838267	0.931363226559862	0.99999953838267	NA	"prevalence"	205	86
"Terrisporobacter"	"Age"	"Age"	"Age"	0.259774737203026	0	0.916750864578759	0.776897365893212	0.99999953838267	0.776897365893212	0.99999953838267	NA	"prevalence"	205	12
"Terrisporobacter"	"FIScore"	"FIScore"	"FIScore"	-0.052492090530288	0	0.770114189709774	0.945657123633025	0.99999953838267	0.945657123633025	0.99999953838267	NA	"prevalence"	205	12
"Terrisporobacter"	"TimeNW"	"TimeNW"	"TimeNW"	-0.824080251826331	0	0.911115884715527	0.365744334144302	0.99999953838267	0.365744334144302	0.99999953838267	NA	"prevalence"	205	12
"Turicibacter"	"Age"	"Age"	"Age"	-0.712037445604102	0	0.876646065877963	0.416660184366647	0.99999953838267	0.659714659496845	0.99999953838267	NA	"prevalence"	205	48
"Turicibacter"	"FIScore"	"FIScore"	"FIScore"	0.5980013572102	0	0.725295747195797	0.409659420534322	0.99999953838267	0.651498000236127	0.99999953838267	NA	"prevalence"	205	48
"Turicibacter"	"Location"	"Center"	"LocationCenter"	1.14385948193024	0	1.80158731523183	0.525482162199202	0.99999953838267	0.774832821608856	0.99999953838267	NA	"prevalence"	205	48
"Turicibacter"	"Sex"	"Female"	"SexFemale"	1.57404842056283	0	1.72152488330623	0.360541465507664	0.99999953838267	0.591092782664914	0.99999953838267	NA	"prevalence"	205	48
"Tuzzerella"	"Age"	"Age"	"Age"	-0.460365969583482	0	0.907222039546326	0.611842090942573	0.99999953838267	0.611842090942573	0.99999953838267	NA	"prevalence"	205	6
"Tuzzerella"	"FIScore"	"FIScore"	"FIScore"	-0.429932896192953	0	0.92902395916093	0.643522694658907	0.99999953838267	0.643522694658907	0.99999953838267	NA	"prevalence"	205	6
"Tuzzerella"	"Location"	"Center"	"LocationCenter"	-0.319957696809442	0	1.8297179419774	0.861183965043568	0.99999953838267	0.861183965043568	0.99999953838267	NA	"prevalence"	205	6
"Tuzzerella"	"Sex"	"Female"	"SexFemale"	0.428520119605184	0	1.81840280464846	0.813698510646984	0.99999953838267	0.813698510646984	0.99999953838267	NA	"prevalence"	205	6
"Tuzzerella"	"TimeNW"	"TimeNW"	"TimeNW"	0.205326341625748	0	0.830029624544016	0.804620105488138	0.99999953838267	0.804620105488138	0.99999953838267	NA	"prevalence"	205	6
"Tyzzerella"	"FIScore"	"FIScore"	"FIScore"	0.257375709326927	0	0.305733902436727	0.399883596277878	0.99999953838267	0.639860301983627	0.99999953838267	NA	"prevalence"	205	108
"Tyzzerella"	"Location"	"Center"	"LocationCenter"	-0.520618923766124	0	0.707402527676085	0.461755936206473	0.99999953838267	0.710293327791029	0.99999953838267	NA	"prevalence"	205	108
"UBA1819"	"Age"	"Age"	"Age"	-0.116271223739701	0	0.220999008329599	0.59880726832688	0.99999953838267	0.411985894999742	0.99999953838267	NA	"prevalence"	205	153
"UBA1819"	"Location"	"Center"	"LocationCenter"	0.210626166227355	0	0.45626042692877	0.644342487269574	0.99999953838267	0.866067000312975	0.99999953838267	NA	"prevalence"	205	153
"UC5-1-2E3"	"Age"	"Age"	"Age"	-0.317171679429853	0	0.857586037254266	0.711499920005238	0.99999953838267	0.123659766117833	0.951333957524848	NA	"prevalence"	205	37
"UC5-1-2E3"	"FIScore"	"FIScore"	"FIScore"	-0.127549628473895	0	0.799030174517416	0.873172109927282	0.99999953838267	0.631962523315469	0.99999953838267	NA	"prevalence"	205	37
"UC5-1-2E3"	"Sex"	"Female"	"SexFemale"	0.103267971284263	0	1.71947790953111	0.952109641256585	0.99999953838267	0.988891011506165	0.99999953838267	NA	"prevalence"	205	37
"UCG-002"	"Location"	"Center"	"LocationCenter"	-0.406149028040011	0	1.40829610585875	0.773042507355736	0.99999953838267	0.948490296532629	0.99999953838267	NA	"prevalence"	205	133
"UCG-002"	"Sex"	"Female"	"SexFemale"	-0.242166036904943	0	1.34490456916448	0.857103993581972	0.99999953838267	0.602603304446963	0.99999953838267	NA	"prevalence"	205	133
"UCG-002"	"TimeNW"	"TimeNW"	"TimeNW"	-0.598704135652902	0	0.635770243768118	0.346346821254681	0.99999953838267	0.572737521916139	0.99999953838267	NA	"prevalence"	205	133
"UCG-003"	"Location"	"Center"	"LocationCenter"	0.154098800508377	0	0.884750629305146	0.861730277597365	0.99999953838267	0.405858404805961	0.99999953838267	NA	"prevalence"	205	66
"UCG-005"	"Age"	"Age"	"Age"	-0.00468018930989955	0	0.526915550889533	0.992913092649244	0.99999953838267	0.677924856828749	0.99999953838267	NA	"prevalence"	205	54
"UCG-005"	"Sex"	"Female"	"SexFemale"	0.211905870819597	0	1.06812892435138	0.842740106682357	0.99999953838267	0.851862000789808	0.99999953838267	NA	"prevalence"	205	54
"UCG-005"	"TimeNW"	"TimeNW"	"TimeNW"	-0.00421210700509389	0	0.533933564886125	0.993705695782496	0.99999953838267	0.238768478833658	0.975979911177211	NA	"prevalence"	205	54
"UCG-008"	"Age"	"Age"	"Age"	0.220824422269489	0	0.56171895678373	0.694228925510329	0.99999953838267	0.694228925510329	0.99999953838267	NA	"prevalence"	205	6
"UCG-010"	"Age"	"Age"	"Age"	-0.450070262933814	0	0.542331561082031	0.406606480421504	0.99999953838267	0.169474938074779	0.951333957524848	NA	"prevalence"	205	46
"UCG-010"	"FIScore"	"FIScore"	"FIScore"	-0.398187264492447	0	0.484438045604709	0.411101344586025	0.99999953838267	0.331320615849046	0.99999953838267	NA	"prevalence"	205	46
"UCG-010"	"TimeNW"	"TimeNW"	"TimeNW"	0.105638409748224	0	0.551724269536549	0.848157717533775	0.99999953838267	0.380461897743498	0.99999953838267	NA	"prevalence"	205	46
"uncultured"	"Age"	"Age"	"Age"	-0.287495256090906	0	0.527671386453653	0.585865158306396	0.99999953838267	0.828492332895414	0.99999953838267	NA	"prevalence"	205	154
"uncultured"	"FIScore"	"FIScore"	"FIScore"	0.203454374800292	0	0.464933642407603	0.66167718677489	0.99999953838267	0.785433836673354	0.99999953838267	NA	"prevalence"	205	154
"uncultured"	"Sex"	"Female"	"SexFemale"	-0.797678153763236	0	1.02637872951508	0.437054228139734	0.99999953838267	0.68309205794465	0.99999953838267	NA	"prevalence"	205	154
"uncultured"	"TimeNW"	"TimeNW"	"TimeNW"	-0.379812490688945	0	0.471764859767503	0.420768578035636	0.99999953838267	0.664490959809141	0.99999953838267	NA	"prevalence"	205	154
"Veillonella"	"FIScore"	"FIScore"	"FIScore"	0.0554506268939579	0	0.543626321536756	0.918755591554318	0.99999953838267	0.38896618667693	0.99999953838267	NA	"prevalence"	205	43
"Veillonella"	"TimeNW"	"TimeNW"	"TimeNW"	-0.305065593893007	0	0.530242778179493	0.565066839854326	0.99999953838267	0.633944250293944	0.99999953838267	NA	"prevalence"	205	43
"Victivallaceae"	"FIScore"	"FIScore"	"FIScore"	0.46047041018125	0	0.736163568813546	0.531642861167856	0.99999953838267	0.531642861167856	0.99999953838267	NA	"prevalence"	205	21
"Victivallaceae"	"Location"	"Center"	"LocationCenter"	16.3332106992184	0	215.8819010615	0.939691125614224	0.99999953838267	0.939691125614224	0.99999953838267	NA	"prevalence"	205	21
"Victivallaceae"	"TimeNW"	"TimeNW"	"TimeNW"	-0.697532414953183	0	1.30957068594378	0.594281387864139	0.99999953838267	0.594281387864139	0.99999953838267	NA	"prevalence"	205	21
"Victivallis"	"Age"	"Age"	"Age"	0.0844999455987647	0	1.06548233289194	0.936788634061301	0.99999953838267	0.936788634061301	0.99999953838267	NA	"prevalence"	205	16
"Weissella"	"Age"	"Age"	"Age"	1.26275839216419	0	1.81131748970828	0.485709477325641	0.99999953838267	0.485709477325641	0.99999953838267	NA	"prevalence"	205	5
"Weissella"	"FIScore"	"FIScore"	"FIScore"	-1.59985470256803	0	2.24083383433912	0.475254955638476	0.99999953838267	0.475254955638476	0.99999953838267	NA	"prevalence"	205	5
"Weissella"	"Location"	"Center"	"LocationCenter"	9.02793361773493	0	63.7812014690679	0.887439122504263	0.99999953838267	0.887439122504263	0.99999953838267	NA	"prevalence"	205	5
"Weissella"	"Sex"	"Female"	"SexFemale"	-0.356334322813166	0	3.5212691381868	0.919395780202295	0.99999953838267	0.919395780202295	0.99999953838267	NA	"prevalence"	205	5
"Weissella"	"TimeNW"	"TimeNW"	"TimeNW"	-7.48033157315074	0	9.04683460184678	0.408324819182791	0.99999953838267	0.408324819182791	0.99999953838267	NA	"prevalence"	205	5
"[Bacteroides]_pectinophilus_group"	"Age"	"Age"	"Age"	NA	NA	NA	NA	NA	0.896259097180491	0.99999953838267	"contrasts can be applied only to factors with 2 or more levels"	"abundance"	205	5
"[Bacteroides]_pectinophilus_group"	"FIScore"	"FIScore"	"FIScore"	NA	NA	NA	NA	NA	0.553714844687123	0.99999953838267	"contrasts can be applied only to factors with 2 or more levels"	"abundance"	205	5
"[Bacteroides]_pectinophilus_group"	"Location"	"Center"	"LocationCenter"	NA	NA	NA	NA	NA	0.960680020258983	0.99999953838267	"contrasts can be applied only to factors with 2 or more levels"	"abundance"	205	5
"[Bacteroides]_pectinophilus_group"	"Sex"	"Female"	"SexFemale"	NA	NA	NA	NA	NA	0.688212345200051	0.99999953838267	"contrasts can be applied only to factors with 2 or more levels"	"abundance"	205	5
"[Bacteroides]_pectinophilus_group"	"TimeNW"	"TimeNW"	"TimeNW"	NA	NA	NA	NA	NA	0.541040717654989	0.99999953838267	"contrasts can be applied only to factors with 2 or more levels"	"abundance"	205	5
"[Clostridium]_methylpentosum_group"	"Age"	"Age"	"Age"	1.67766294239776	NA	2.22238523290095	0.474939725285235	NA	0.893570508847098	0.99999953838267	"Model may not have converged with 1 eigenvalue close to zero: 3.0e-10"	"abundance"	205	12
"[Clostridium]_methylpentosum_group"	"FIScore"	"FIScore"	"FIScore"	0.413033813142198	NA	2.14533429053118	0.852796227527182	NA	0.30459216065036	0.99999953838267	"Model may not have converged with 1 eigenvalue close to zero: 3.0e-10"	"abundance"	205	12
"[Clostridium]_methylpentosum_group"	"Location"	"Center"	"LocationCenter"	NA	NA	NA	NA	NA	0.212528680769922	0.975979911177211	"Model may not have converged with 1 eigenvalue close to zero: 3.0e-10"	"abundance"	205	12
"[Clostridium]_methylpentosum_group"	"Sex"	"Female"	"SexFemale"	2.30005406429552	NA	2.53441136765854	0.394294901938345	NA	0.876229704676138	0.99999953838267	"Model may not have converged with 1 eigenvalue close to zero: 3.0e-10"	"abundance"	205	12
"[Clostridium]_methylpentosum_group"	"TimeNW"	"TimeNW"	"TimeNW"	0.455131676986293	NA	4.75597155990417	0.926443314019935	NA	0.403455464823413	0.99999953838267	"Model may not have converged with 1 eigenvalue close to zero: 3.0e-10"	"abundance"	205	12
"Allisonella"	"Age"	"Age"	"Age"	NA	NA	NA	NA	NA	NA	NA	"No data points have the baseline factor level"	"abundance"	205	5
"Allisonella"	"FIScore"	"FIScore"	"FIScore"	NA	NA	NA	NA	NA	NA	NA	"No data points have the baseline factor level"	"abundance"	205	5
"Allisonella"	"Location"	"Center"	"LocationCenter"	NA	NA	NA	NA	NA	NA	NA	"No data points have the baseline factor level"	"abundance"	205	5
"Allisonella"	"Sex"	"Female"	"SexFemale"	NA	NA	NA	NA	NA	NA	NA	"No data points have the baseline factor level"	"abundance"	205	5
"Allisonella"	"TimeNW"	"TimeNW"	"TimeNW"	NA	NA	NA	NA	NA	NA	NA	"No data points have the baseline factor level"	"abundance"	205	5
"Alloscardovia"	"Age"	"Age"	"Age"	NA	NA	NA	NA	NA	0.56415926291663	0.99999953838267	"No data points have the baseline factor level"	"abundance"	205	3
"Alloscardovia"	"FIScore"	"FIScore"	"FIScore"	NA	NA	NA	NA	NA	0.673130271077824	0.99999953838267	"No data points have the baseline factor level"	"abundance"	205	3
"Alloscardovia"	"Location"	"Center"	"LocationCenter"	NA	NA	NA	NA	NA	0.949720475374092	0.99999953838267	"No data points have the baseline factor level"	"abundance"	205	3
"Alloscardovia"	"Sex"	"Female"	"SexFemale"	NA	NA	NA	NA	NA	0.737491899716396	0.99999953838267	"No data points have the baseline factor level"	"abundance"	205	3
"Alloscardovia"	"TimeNW"	"TimeNW"	"TimeNW"	NA	NA	NA	NA	NA	0.342252863417757	0.99999953838267	"No data points have the baseline factor level"	"abundance"	205	3
"Anaerobiospirillum"	"Age"	"Age"	"Age"	NA	NA	NA	NA	NA	NA	NA	"No data points have the baseline factor level"	"abundance"	205	5
"Anaerobiospirillum"	"FIScore"	"FIScore"	"FIScore"	NA	NA	NA	NA	NA	NA	NA	"No data points have the baseline factor level"	"abundance"	205	5
"Anaerobiospirillum"	"Location"	"Center"	"LocationCenter"	NA	NA	NA	NA	NA	NA	NA	"No data points have the baseline factor level"	"abundance"	205	5
"Anaerobiospirillum"	"Sex"	"Female"	"SexFemale"	NA	NA	NA	NA	NA	NA	NA	"No data points have the baseline factor level"	"abundance"	205	5
"Anaerobiospirillum"	"TimeNW"	"TimeNW"	"TimeNW"	NA	NA	NA	NA	NA	0.99999953838267	0.99999953838267	"No data points have the baseline factor level"	"abundance"	205	5
"Atopobium"	"Age"	"Age"	"Age"	NA	NA	NA	NA	NA	NA	NA	"No data points have the baseline factor level"	"abundance"	205	5
"Atopobium"	"FIScore"	"FIScore"	"FIScore"	NA	NA	NA	NA	NA	NA	NA	"No data points have the baseline factor level"	"abundance"	205	5
"Atopobium"	"Location"	"Center"	"LocationCenter"	NA	NA	NA	NA	NA	NA	NA	"No data points have the baseline factor level"	"abundance"	205	5
"Atopobium"	"Sex"	"Female"	"SexFemale"	NA	NA	NA	NA	NA	NA	NA	"No data points have the baseline factor level"	"abundance"	205	5
"Atopobium"	"TimeNW"	"TimeNW"	"TimeNW"	NA	NA	NA	NA	NA	NA	NA	"No data points have the baseline factor level"	"abundance"	205	5
"CAG-873"	"Age"	"Age"	"Age"	NA	NA	NA	NA	NA	NA	NA	"No data points have the baseline factor level"	"abundance"	205	5
"CAG-873"	"FIScore"	"FIScore"	"FIScore"	NA	NA	NA	NA	NA	NA	NA	"No data points have the baseline factor level"	"abundance"	205	5
"CAG-873"	"Location"	"Center"	"LocationCenter"	NA	NA	NA	NA	NA	NA	NA	"No data points have the baseline factor level"	"abundance"	205	5
"CAG-873"	"Sex"	"Female"	"SexFemale"	NA	NA	NA	NA	NA	NA	NA	"No data points have the baseline factor level"	"abundance"	205	5
"CAG-873"	"TimeNW"	"TimeNW"	"TimeNW"	NA	NA	NA	NA	NA	0.99999953838267	0.99999953838267	"No data points have the baseline factor level"	"abundance"	205	5
"Campylobacter"	"Age"	"Age"	"Age"	NA	NA	NA	NA	NA	NA	NA	"No data points have the baseline factor level"	"abundance"	205	6
"Campylobacter"	"FIScore"	"FIScore"	"FIScore"	NA	NA	NA	NA	NA	NA	NA	"No data points have the baseline factor level"	"abundance"	205	6
"Campylobacter"	"Location"	"Center"	"LocationCenter"	NA	NA	NA	NA	NA	NA	NA	"No data points have the baseline factor level"	"abundance"	205	6
"Campylobacter"	"Sex"	"Female"	"SexFemale"	NA	NA	NA	NA	NA	NA	NA	"No data points have the baseline factor level"	"abundance"	205	6
"Campylobacter"	"TimeNW"	"TimeNW"	"TimeNW"	NA	NA	NA	NA	NA	NA	NA	"No data points have the baseline factor level"	"abundance"	205	6
"Catenibacillus"	"Age"	"Age"	"Age"	NA	NA	NA	NA	NA	0.557724923428319	0.99999953838267	"contrasts can be applied only to factors with 2 or more levels"	"abundance"	205	11
"Catenibacillus"	"FIScore"	"FIScore"	"FIScore"	NA	NA	NA	NA	NA	0.652127765965561	0.99999953838267	"contrasts can be applied only to factors with 2 or more levels"	"abundance"	205	11
"Catenibacillus"	"Location"	"Center"	"LocationCenter"	NA	NA	NA	NA	NA	0.93360406985731	0.99999953838267	"contrasts can be applied only to factors with 2 or more levels"	"abundance"	205	11
"Catenibacillus"	"Sex"	"Female"	"SexFemale"	NA	NA	NA	NA	NA	0.67342154154567	0.99999953838267	"contrasts can be applied only to factors with 2 or more levels"	"abundance"	205	11
"Catenibacillus"	"TimeNW"	"TimeNW"	"TimeNW"	NA	NA	NA	NA	NA	0.524305043476857	0.99999953838267	"contrasts can be applied only to factors with 2 or more levels"	"abundance"	205	11
"Catenibacterium"	"Age"	"Age"	"Age"	NA	NA	NA	NA	NA	0.113295611474318	0.951333957524848	"No data points have the baseline factor level"	"abundance"	205	12
"Catenibacterium"	"FIScore"	"FIScore"	"FIScore"	NA	NA	NA	NA	NA	0.22402509084009	0.975979911177211	"No data points have the baseline factor level"	"abundance"	205	12
"Catenibacterium"	"Location"	"Center"	"LocationCenter"	NA	NA	NA	NA	NA	0.960064881694637	0.99999953838267	"No data points have the baseline factor level"	"abundance"	205	12
"Catenibacterium"	"Sex"	"Female"	"SexFemale"	NA	NA	NA	NA	NA	0.949625101191761	0.99999953838267	"No data points have the baseline factor level"	"abundance"	205	12
"Catenibacterium"	"TimeNW"	"TimeNW"	"TimeNW"	NA	NA	NA	NA	NA	0.129918640855014	0.951333957524848	"No data points have the baseline factor level"	"abundance"	205	12
"Cetobacterium"	"Age"	"Age"	"Age"	NA	NA	NA	NA	NA	NA	NA	"No data points have the baseline factor level"	"abundance"	205	9
"Cetobacterium"	"FIScore"	"FIScore"	"FIScore"	NA	NA	NA	NA	NA	NA	NA	"No data points have the baseline factor level"	"abundance"	205	9
"Cetobacterium"	"Location"	"Center"	"LocationCenter"	NA	NA	NA	NA	NA	NA	NA	"No data points have the baseline factor level"	"abundance"	205	9
"Cetobacterium"	"Sex"	"Female"	"SexFemale"	NA	NA	NA	NA	NA	NA	NA	"No data points have the baseline factor level"	"abundance"	205	9
"Cetobacterium"	"TimeNW"	"TimeNW"	"TimeNW"	NA	NA	NA	NA	NA	NA	NA	"No data points have the baseline factor level"	"abundance"	205	9
"Christensenella"	"Location"	"Center"	"LocationCenter"	NA	NA	NA	NA	NA	0.557228112641169	0.99999953838267	"Fitting error (NA p-value returned from fitting procedure)"	"abundance"	205	7
"Christensenellaceae"	"Age"	"Age"	"Age"	NA	NA	NA	NA	NA	NA	NA	"No data points have the baseline factor level"	"abundance"	205	5
"Christensenellaceae"	"FIScore"	"FIScore"	"FIScore"	NA	NA	NA	NA	NA	NA	NA	"No data points have the baseline factor level"	"abundance"	205	5
"Christensenellaceae"	"Location"	"Center"	"LocationCenter"	NA	NA	NA	NA	NA	NA	NA	"No data points have the baseline factor level"	"abundance"	205	5
"Christensenellaceae"	"Sex"	"Female"	"SexFemale"	NA	NA	NA	NA	NA	NA	NA	"No data points have the baseline factor level"	"abundance"	205	5
"Christensenellaceae"	"TimeNW"	"TimeNW"	"TimeNW"	NA	NA	NA	NA	NA	NA	NA	"No data points have the baseline factor level"	"abundance"	205	5
"Cloacibacillus"	"Age"	"Age"	"Age"	NA	NA	NA	NA	NA	0.230521921466683	0.975979911177211	"No data points have the baseline factor level"	"abundance"	205	16
"Cloacibacillus"	"FIScore"	"FIScore"	"FIScore"	NA	NA	NA	NA	NA	0.231321573938034	0.975979911177211	"No data points have the baseline factor level"	"abundance"	205	16
"Cloacibacillus"	"Location"	"Center"	"LocationCenter"	NA	NA	NA	NA	NA	0.941408153710391	0.99999953838267	"No data points have the baseline factor level"	"abundance"	205	16
"Cloacibacillus"	"Sex"	"Female"	"SexFemale"	NA	NA	NA	NA	NA	0.928083056207211	0.99999953838267	"No data points have the baseline factor level"	"abundance"	205	16
"Cloacibacillus"	"TimeNW"	"TimeNW"	"TimeNW"	NA	NA	NA	NA	NA	0.609614498549624	0.99999953838267	"No data points have the baseline factor level"	"abundance"	205	16
"Clostridioides"	"Age"	"Age"	"Age"	NA	NA	NA	NA	NA	NA	NA	"No data points have the baseline factor level"	"abundance"	205	8
"Clostridioides"	"FIScore"	"FIScore"	"FIScore"	NA	NA	NA	NA	NA	NA	NA	"No data points have the baseline factor level"	"abundance"	205	8
"Clostridioides"	"Location"	"Center"	"LocationCenter"	NA	NA	NA	NA	NA	NA	NA	"No data points have the baseline factor level"	"abundance"	205	8
"Clostridioides"	"Sex"	"Female"	"SexFemale"	NA	NA	NA	NA	NA	NA	NA	"No data points have the baseline factor level"	"abundance"	205	8
"Clostridioides"	"TimeNW"	"TimeNW"	"TimeNW"	NA	NA	NA	NA	NA	NA	NA	"No data points have the baseline factor level"	"abundance"	205	8
"Clostridium_sensu_stricto_13"	"Age"	"Age"	"Age"	NA	NA	NA	NA	NA	NA	NA	"No data points have the baseline factor level"	"abundance"	205	10
"Clostridium_sensu_stricto_13"	"FIScore"	"FIScore"	"FIScore"	NA	NA	NA	NA	NA	NA	NA	"No data points have the baseline factor level"	"abundance"	205	10
"Clostridium_sensu_stricto_13"	"Location"	"Center"	"LocationCenter"	NA	NA	NA	NA	NA	NA	NA	"No data points have the baseline factor level"	"abundance"	205	10
"Clostridium_sensu_stricto_13"	"Sex"	"Female"	"SexFemale"	NA	NA	NA	NA	NA	NA	NA	"No data points have the baseline factor level"	"abundance"	205	10
"Clostridium_sensu_stricto_13"	"TimeNW"	"TimeNW"	"TimeNW"	NA	NA	NA	NA	NA	NA	NA	"No data points have the baseline factor level"	"abundance"	205	10
"Coriobacteriaceae_UCG-003"	"Age"	"Age"	"Age"	NA	NA	NA	NA	NA	0.999974046497304	0.99999953838267	"No data points have the baseline factor level"	"abundance"	205	3
"Coriobacteriaceae_UCG-003"	"FIScore"	"FIScore"	"FIScore"	NA	NA	NA	NA	NA	NA	NA	"No data points have the baseline factor level"	"abundance"	205	3
"Coriobacteriaceae_UCG-003"	"Location"	"Center"	"LocationCenter"	NA	NA	NA	NA	NA	0.999964955554563	0.99999953838267	"No data points have the baseline factor level"	"abundance"	205	3
"Coriobacteriaceae_UCG-003"	"Sex"	"Female"	"SexFemale"	NA	NA	NA	NA	NA	0.999935659509218	0.99999953838267	"No data points have the baseline factor level"	"abundance"	205	3
"Coriobacteriaceae_UCG-003"	"TimeNW"	"TimeNW"	"TimeNW"	NA	NA	NA	NA	NA	0.998404412261262	0.99999953838267	"No data points have the baseline factor level"	"abundance"	205	3
"Dielma"	"Location"	"Center"	"LocationCenter"	NA	NA	NA	NA	NA	0.521087257858937	0.99999953838267	"Fitting error (NA p-value returned from fitting procedure)"	"abundance"	205	6
"Enterobacter"	"Age"	"Age"	"Age"	NA	NA	NA	NA	NA	0.959545016309275	0.99999953838267	"number of levels of each grouping factor must be < number of observations (problems: Individual)"	"abundance"	205	4
"Enterobacter"	"FIScore"	"FIScore"	"FIScore"	NA	NA	NA	NA	NA	0.810598795229626	0.99999953838267	"number of levels of each grouping factor must be < number of observations (problems: Individual)"	"abundance"	205	4
"Enterobacter"	"Location"	"Center"	"LocationCenter"	NA	NA	NA	NA	NA	0.605001939354538	0.99999953838267	"number of levels of each grouping factor must be < number of observations (problems: Individual)"	"abundance"	205	4
"Enterobacter"	"Sex"	"Female"	"SexFemale"	NA	NA	NA	NA	NA	0.75658454010569	0.99999953838267	"number of levels of each grouping factor must be < number of observations (problems: Individual)"	"abundance"	205	4
"Enterobacter"	"TimeNW"	"TimeNW"	"TimeNW"	NA	NA	NA	NA	NA	0.716061397061768	0.99999953838267	"number of levels of each grouping factor must be < number of observations (problems: Individual)"	"abundance"	205	4
"Enterococcus"	"Age"	"Age"	"Age"	-1.17434750496555	NA	3.48265918377473	0.747450309660128	NA	0.0449767084481282	0.830253550381854	"Model may not have converged with 1 eigenvalue close to zero: 1.5e-10"	"abundance"	205	12
"Enterococcus"	"FIScore"	"FIScore"	"FIScore"	-1.32443831110487	NA	1.29230527012972	0.344958483443255	NA	0.471113060903534	0.99999953838267	"Model may not have converged with 1 eigenvalue close to zero: 1.5e-10"	"abundance"	205	12
"Enterococcus"	"Location"	"Center"	"LocationCenter"	-0.287689038297817	NA	3.83185491042111	0.942593080121054	NA	0.0844325268918746	0.93843919025082	"Model may not have converged with 1 eigenvalue close to zero: 1.5e-10"	"abundance"	205	12
"Enterococcus"	"Sex"	"Female"	"SexFemale"	0.275137365751657	NA	2.74052485589064	0.923300698213308	NA	0.461932276036241	0.99999953838267	"Model may not have converged with 1 eigenvalue close to zero: 1.5e-10"	"abundance"	205	12
"Enterococcus"	"TimeNW"	"TimeNW"	"TimeNW"	-0.906154020433781	NA	1.93409310506665	0.655952749854218	NA	0.208806589617339	0.975979911177211	"Model may not have converged with 1 eigenvalue close to zero: 1.5e-10"	"abundance"	205	12
"Enterorhabdus"	"Age"	"Age"	"Age"	-0.652952895932116	NA	0.491604142006658	0.232395977963419	NA	0.0886059836722211	0.93843919025082	"Model may not have converged with 1 eigenvalue close to zero: -1.0e-11"	"abundance"	205	9
"Enterorhabdus"	"FIScore"	"FIScore"	"FIScore"	NA	NA	NA	NA	NA	0.00100608272419566	0.283911379477395	"Model may not have converged with 1 eigenvalue close to zero: -1.0e-11"	"abundance"	205	9
"Enterorhabdus"	"Location"	"Center"	"LocationCenter"	NA	NA	NA	NA	NA	0.0318518941229559	0.830253550381854	"Model may not have converged with 1 eigenvalue close to zero: -1.0e-11"	"abundance"	205	9
"Enterorhabdus"	"Sex"	"Female"	"SexFemale"	1.07415269782789	NA	1.33014665679963	0.450172829784217	NA	0.907056970877064	0.99999953838267	"Model may not have converged with 1 eigenvalue close to zero: -1.0e-11"	"abundance"	205	9
"Enterorhabdus"	"TimeNW"	"TimeNW"	"TimeNW"	NA	NA	NA	NA	NA	0.0236565991624963	0.830253550381854	"Model may not have converged with 1 eigenvalue close to zero: -1.0e-11"	"abundance"	205	9
"Faecalicoccus"	"Age"	"Age"	"Age"	NA	NA	NA	NA	NA	0.99235343797617	0.99999953838267	"No data points have the baseline factor level"	"abundance"	205	3
"Faecalicoccus"	"FIScore"	"FIScore"	"FIScore"	NA	NA	NA	NA	NA	0.922531147824819	0.99999953838267	"No data points have the baseline factor level"	"abundance"	205	3
"Faecalicoccus"	"Location"	"Center"	"LocationCenter"	NA	NA	NA	NA	NA	NA	NA	"No data points have the baseline factor level"	"abundance"	205	3
"Faecalicoccus"	"Sex"	"Female"	"SexFemale"	NA	NA	NA	NA	NA	0.978291216384041	0.99999953838267	"No data points have the baseline factor level"	"abundance"	205	3
"Faecalicoccus"	"TimeNW"	"TimeNW"	"TimeNW"	NA	NA	NA	NA	NA	0.915941788449056	0.99999953838267	"No data points have the baseline factor level"	"abundance"	205	3
"Fenollaria"	"Age"	"Age"	"Age"	NA	NA	NA	NA	NA	0.920734429544098	0.99999953838267	"No data points have the baseline factor level"	"abundance"	205	3
"Fenollaria"	"FIScore"	"FIScore"	"FIScore"	NA	NA	NA	NA	NA	0.271312544996795	0.990346614864846	"No data points have the baseline factor level"	"abundance"	205	3
"Fenollaria"	"Location"	"Center"	"LocationCenter"	NA	NA	NA	NA	NA	NA	NA	"No data points have the baseline factor level"	"abundance"	205	3
"Fenollaria"	"Sex"	"Female"	"SexFemale"	NA	NA	NA	NA	NA	0.848022816531211	0.99999953838267	"No data points have the baseline factor level"	"abundance"	205	3
"Fenollaria"	"TimeNW"	"TimeNW"	"TimeNW"	NA	NA	NA	NA	NA	0.572218152512104	0.99999953838267	"No data points have the baseline factor level"	"abundance"	205	3
"GCA-900066755"	"Age"	"Age"	"Age"	NA	NA	NA	NA	NA	NA	NA	"No data points have the baseline factor level"	"abundance"	205	5
"GCA-900066755"	"FIScore"	"FIScore"	"FIScore"	NA	NA	NA	NA	NA	NA	NA	"No data points have the baseline factor level"	"abundance"	205	5
"GCA-900066755"	"Location"	"Center"	"LocationCenter"	NA	NA	NA	NA	NA	NA	NA	"No data points have the baseline factor level"	"abundance"	205	5
"GCA-900066755"	"Sex"	"Female"	"SexFemale"	NA	NA	NA	NA	NA	NA	NA	"No data points have the baseline factor level"	"abundance"	205	5
"GCA-900066755"	"TimeNW"	"TimeNW"	"TimeNW"	NA	NA	NA	NA	NA	NA	NA	"No data points have the baseline factor level"	"abundance"	205	5
"Harryflintia"	"Age"	"Age"	"Age"	-0.54343080679001	NA	0.698069726498029	0.471503733202857	NA	0.353919593837633	0.99999953838267	"Model may not have converged with 1 eigenvalue close to zero: 9.6e-11"	"abundance"	205	10
"Harryflintia"	"FIScore"	"FIScore"	"FIScore"	0.578230779011178	NA	0.783693360029466	0.493768941376879	NA	0.138499123384528	0.951333957524848	"Model may not have converged with 1 eigenvalue close to zero: 9.6e-11"	"abundance"	205	10
"Harryflintia"	"Location"	"Center"	"LocationCenter"	NA	NA	NA	NA	NA	0.406104094987407	0.99999953838267	"Model may not have converged with 1 eigenvalue close to zero: 9.6e-11"	"abundance"	205	10
"Harryflintia"	"Sex"	"Female"	"SexFemale"	0.569189697155158	NA	1.78024546259383	0.762104117726905	NA	0.984417284736154	0.99999953838267	"Model may not have converged with 1 eigenvalue close to zero: 9.6e-11"	"abundance"	205	10
"Harryflintia"	"TimeNW"	"TimeNW"	"TimeNW"	-0.309031024528574	NA	1.1821184980237	0.804194419550178	NA	0.308603594236841	0.99999953838267	"Model may not have converged with 1 eigenvalue close to zero: 9.6e-11"	"abundance"	205	10
"Howardella"	"Age"	"Age"	"Age"	-0.197556533357352	NA	0.416347175973262	0.643661853376939	NA	0.920510306135973	0.99999953838267	"Model may not have converged with 1 eigenvalue close to zero: -2.5e-11"	"abundance"	205	17
"Howardella"	"FIScore"	"FIScore"	"FIScore"	0.353100137490427	NA	0.917962034082833	0.707222086464289	NA	0.624277234625694	0.99999953838267	"Model may not have converged with 1 eigenvalue close to zero: -2.5e-11"	"abundance"	205	17
"Howardella"	"Location"	"Center"	"LocationCenter"	NA	NA	NA	NA	NA	0.589921705852936	0.99999953838267	"Model may not have converged with 1 eigenvalue close to zero: -2.5e-11"	"abundance"	205	17
"Howardella"	"Sex"	"Female"	"SexFemale"	0.922799038319892	NA	2.07034437641778	0.663732881505474	NA	0.826559426610667	0.99999953838267	"Model may not have converged with 1 eigenvalue close to zero: -2.5e-11"	"abundance"	205	17
"Howardella"	"TimeNW"	"TimeNW"	"TimeNW"	-0.722742511388212	NA	0.580799791095816	0.237112385610462	NA	0.901015395838137	0.99999953838267	"Model may not have converged with 1 eigenvalue close to zero: -2.5e-11"	"abundance"	205	17
"Lachnospiraceae"	"Age"	"Age"	"Age"	NA	NA	NA	NA	NA	NA	NA	"No data points have the baseline factor level"	"abundance"	205	9
"Lachnospiraceae"	"FIScore"	"FIScore"	"FIScore"	NA	NA	NA	NA	NA	NA	NA	"No data points have the baseline factor level"	"abundance"	205	9
"Lachnospiraceae"	"Location"	"Center"	"LocationCenter"	NA	NA	NA	NA	NA	NA	NA	"No data points have the baseline factor level"	"abundance"	205	9
"Lachnospiraceae"	"Sex"	"Female"	"SexFemale"	NA	NA	NA	NA	NA	NA	NA	"No data points have the baseline factor level"	"abundance"	205	9
"Lachnospiraceae"	"TimeNW"	"TimeNW"	"TimeNW"	NA	NA	NA	NA	NA	NA	NA	"No data points have the baseline factor level"	"abundance"	205	9
"Lachnospiraceae_NK4B4_group"	"Age"	"Age"	"Age"	NA	NA	NA	NA	NA	0.947232657040616	0.99999953838267	"No data points have the baseline factor level"	"abundance"	205	5
"Lachnospiraceae_NK4B4_group"	"FIScore"	"FIScore"	"FIScore"	NA	NA	NA	NA	NA	NA	NA	"No data points have the baseline factor level"	"abundance"	205	5
"Lachnospiraceae_NK4B4_group"	"Location"	"Center"	"LocationCenter"	NA	NA	NA	NA	NA	0.954613576804058	0.99999953838267	"No data points have the baseline factor level"	"abundance"	205	5
"Lachnospiraceae_NK4B4_group"	"Sex"	"Female"	"SexFemale"	NA	NA	NA	NA	NA	0.996429626701996	0.99999953838267	"No data points have the baseline factor level"	"abundance"	205	5
"Lachnospiraceae_NK4B4_group"	"TimeNW"	"TimeNW"	"TimeNW"	NA	NA	NA	NA	NA	0.996229746514739	0.99999953838267	"No data points have the baseline factor level"	"abundance"	205	5
"Lachnospiraceae_UCG-002"	"Age"	"Age"	"Age"	NA	NA	NA	NA	NA	NA	NA	"No data points have the baseline factor level"	"abundance"	205	2
"Lachnospiraceae_UCG-002"	"FIScore"	"FIScore"	"FIScore"	NA	NA	NA	NA	NA	NA	NA	"No data points have the baseline factor level"	"abundance"	205	2
"Lachnospiraceae_UCG-002"	"Location"	"Center"	"LocationCenter"	NA	NA	NA	NA	NA	0.980577224183039	0.99999953838267	"No data points have the baseline factor level"	"abundance"	205	2
"Lachnospiraceae_UCG-002"	"Sex"	"Female"	"SexFemale"	NA	NA	NA	NA	NA	0.981183143018831	0.99999953838267	"No data points have the baseline factor level"	"abundance"	205	2
"Lachnospiraceae_UCG-002"	"TimeNW"	"TimeNW"	"TimeNW"	NA	NA	NA	NA	NA	0.999974964472292	0.99999953838267	"No data points have the baseline factor level"	"abundance"	205	2
"Lachnospiraceae_UCG-003"	"Age"	"Age"	"Age"	NA	NA	NA	NA	NA	0.999994970741453	0.99999953838267	"No data points have the baseline factor level"	"abundance"	205	2
"Lachnospiraceae_UCG-003"	"FIScore"	"FIScore"	"FIScore"	NA	NA	NA	NA	NA	NA	NA	"No data points have the baseline factor level"	"abundance"	205	2
"Lachnospiraceae_UCG-003"	"Location"	"Center"	"LocationCenter"	NA	NA	NA	NA	NA	NA	NA	"No data points have the baseline factor level"	"abundance"	205	2
"Lachnospiraceae_UCG-003"	"Sex"	"Female"	"SexFemale"	NA	NA	NA	NA	NA	NA	NA	"No data points have the baseline factor level"	"abundance"	205	2
"Lachnospiraceae_UCG-003"	"TimeNW"	"TimeNW"	"TimeNW"	NA	NA	NA	NA	NA	NA	NA	"No data points have the baseline factor level"	"abundance"	205	2
"Lachnospiraceae_UCG-010"	"Age"	"Age"	"Age"	-0.314195400408097	NA	0.962607860150794	0.757341069389219	NA	0.748741035875637	0.99999953838267	"Model may not have converged with 1 eigenvalue close to zero: 3.5e-11"	"abundance"	205	10
"Lachnospiraceae_UCG-010"	"FIScore"	"FIScore"	"FIScore"	NA	NA	NA	NA	NA	0.108420539842572	0.951333957524848	"Model may not have converged with 1 eigenvalue close to zero: 3.5e-11"	"abundance"	205	10
"Lachnospiraceae_UCG-010"	"Location"	"Center"	"LocationCenter"	NA	NA	NA	NA	NA	0.983700972568963	0.99999953838267	"Model may not have converged with 1 eigenvalue close to zero: 3.5e-11"	"abundance"	205	10
"Lachnospiraceae_UCG-010"	"Sex"	"Female"	"SexFemale"	-1.35582192820222	NA	1.15237214714889	0.292333507708858	NA	0.109733553039979	0.951333957524848	"Model may not have converged with 1 eigenvalue close to zero: 3.5e-11"	"abundance"	205	10
"Lachnospiraceae_UCG-010"	"TimeNW"	"TimeNW"	"TimeNW"	NA	NA	NA	NA	NA	0.258103417262896	0.988434927183272	"Model may not have converged with 1 eigenvalue close to zero: 3.5e-11"	"abundance"	205	10
"Lactococcus"	"Age"	"Age"	"Age"	NA	NA	NA	NA	NA	NA	NA	"No data points have the baseline factor level"	"abundance"	205	16
"Lactococcus"	"FIScore"	"FIScore"	"FIScore"	NA	NA	NA	NA	NA	NA	NA	"No data points have the baseline factor level"	"abundance"	205	16
"Lactococcus"	"Location"	"Center"	"LocationCenter"	NA	NA	NA	NA	NA	NA	NA	"No data points have the baseline factor level"	"abundance"	205	16
"Lactococcus"	"Sex"	"Female"	"SexFemale"	NA	NA	NA	NA	NA	NA	NA	"No data points have the baseline factor level"	"abundance"	205	16
"Lactococcus"	"TimeNW"	"TimeNW"	"TimeNW"	NA	NA	NA	NA	NA	NA	NA	"No data points have the baseline factor level"	"abundance"	205	16
"Lawsonella"	"Age"	"Age"	"Age"	NA	NA	NA	NA	NA	NA	NA	"No data points have the baseline factor level"	"abundance"	205	5
"Lawsonella"	"FIScore"	"FIScore"	"FIScore"	NA	NA	NA	NA	NA	0.996480799504247	0.99999953838267	"No data points have the baseline factor level"	"abundance"	205	5
"Lawsonella"	"Location"	"Center"	"LocationCenter"	NA	NA	NA	NA	NA	0.999000264146004	0.99999953838267	"No data points have the baseline factor level"	"abundance"	205	5
"Lawsonella"	"Sex"	"Female"	"SexFemale"	NA	NA	NA	NA	NA	0.99962318972266	0.99999953838267	"No data points have the baseline factor level"	"abundance"	205	5
"Lawsonella"	"TimeNW"	"TimeNW"	"TimeNW"	NA	NA	NA	NA	NA	0.999742675216699	0.99999953838267	"No data points have the baseline factor level"	"abundance"	205	5
"Libanicoccus"	"Age"	"Age"	"Age"	NA	NA	NA	NA	NA	0.345667911071338	0.99999953838267	"No data points have the baseline factor level"	"abundance"	205	4
"Libanicoccus"	"FIScore"	"FIScore"	"FIScore"	NA	NA	NA	NA	NA	0.367278302443565	0.99999953838267	"No data points have the baseline factor level"	"abundance"	205	4
"Libanicoccus"	"Location"	"Center"	"LocationCenter"	NA	NA	NA	NA	NA	0.95885322588686	0.99999953838267	"No data points have the baseline factor level"	"abundance"	205	4
"Libanicoccus"	"Sex"	"Female"	"SexFemale"	NA	NA	NA	NA	NA	0.679051510781047	0.99999953838267	"No data points have the baseline factor level"	"abundance"	205	4
"Libanicoccus"	"TimeNW"	"TimeNW"	"TimeNW"	NA	NA	NA	NA	NA	0.729709041165183	0.99999953838267	"No data points have the baseline factor level"	"abundance"	205	4
"Mailhella"	"Age"	"Age"	"Age"	NA	NA	NA	NA	NA	0.999974046497304	0.99999953838267	"No data points have the baseline factor level"	"abundance"	205	3
"Mailhella"	"FIScore"	"FIScore"	"FIScore"	NA	NA	NA	NA	NA	NA	NA	"No data points have the baseline factor level"	"abundance"	205	3
"Mailhella"	"Location"	"Center"	"LocationCenter"	NA	NA	NA	NA	NA	0.999964955554563	0.99999953838267	"No data points have the baseline factor level"	"abundance"	205	3
"Mailhella"	"Sex"	"Female"	"SexFemale"	NA	NA	NA	NA	NA	0.999935659509218	0.99999953838267	"No data points have the baseline factor level"	"abundance"	205	3
"Mailhella"	"TimeNW"	"TimeNW"	"TimeNW"	NA	NA	NA	NA	NA	0.998404412261262	0.99999953838267	"No data points have the baseline factor level"	"abundance"	205	3
"Marvinbryantia"	"Age"	"Age"	"Age"	-0.274091493611237	NA	0.799906883453971	0.789841759227183	NA	0.468784201687337	0.99999953838267	"Model may not have converged with 1 eigenvalue close to zero: 3.3e-11"	"abundance"	205	4
"Marvinbryantia"	"FIScore"	"FIScore"	"FIScore"	NA	NA	NA	NA	NA	0.398128044702045	0.99999953838267	"Model may not have converged with 1 eigenvalue close to zero: 3.3e-11"	"abundance"	205	4
"Marvinbryantia"	"Location"	"Center"	"LocationCenter"	NA	NA	NA	NA	NA	0.424532145432631	0.99999953838267	"Model may not have converged with 1 eigenvalue close to zero: 3.3e-11"	"abundance"	205	4
"Marvinbryantia"	"Sex"	"Female"	"SexFemale"	0.873953466999395	NA	1.49443767858945	0.663119152386806	NA	0.864731483456941	0.99999953838267	"Model may not have converged with 1 eigenvalue close to zero: 3.3e-11"	"abundance"	205	4
"Marvinbryantia"	"TimeNW"	"TimeNW"	"TimeNW"	NA	NA	NA	NA	NA	0.524087983392336	0.99999953838267	"Model may not have converged with 1 eigenvalue close to zero: 3.3e-11"	"abundance"	205	4
"Megamonas"	"Age"	"Age"	"Age"	NA	NA	NA	NA	NA	0.983208940919789	0.99999953838267	"No data points have the baseline factor level"	"abundance"	205	5
"Megamonas"	"FIScore"	"FIScore"	"FIScore"	NA	NA	NA	NA	NA	NA	NA	"No data points have the baseline factor level"	"abundance"	205	5
"Megamonas"	"Location"	"Center"	"LocationCenter"	NA	NA	NA	NA	NA	NA	NA	"No data points have the baseline factor level"	"abundance"	205	5
"Megamonas"	"Sex"	"Female"	"SexFemale"	NA	NA	NA	NA	NA	0.99550675696415	0.99999953838267	"No data points have the baseline factor level"	"abundance"	205	5
"Megamonas"	"TimeNW"	"TimeNW"	"TimeNW"	NA	NA	NA	NA	NA	0.994918560330027	0.99999953838267	"No data points have the baseline factor level"	"abundance"	205	5
"Megasphaera"	"Age"	"Age"	"Age"	NA	NA	NA	NA	NA	0.413098096857548	0.99999953838267	"No data points have the baseline factor level"	"abundance"	205	21
"Megasphaera"	"FIScore"	"FIScore"	"FIScore"	NA	NA	NA	NA	NA	0.163176898039347	0.951333957524848	"No data points have the baseline factor level"	"abundance"	205	21
"Megasphaera"	"Location"	"Center"	"LocationCenter"	NA	NA	NA	NA	NA	0.486135773031397	0.99999953838267	"No data points have the baseline factor level"	"abundance"	205	21
"Megasphaera"	"Sex"	"Female"	"SexFemale"	NA	NA	NA	NA	NA	0.882318293585249	0.99999953838267	"No data points have the baseline factor level"	"abundance"	205	21
"Megasphaera"	"TimeNW"	"TimeNW"	"TimeNW"	NA	NA	NA	NA	NA	0.456337800959601	0.99999953838267	"No data points have the baseline factor level"	"abundance"	205	21
"Muribaculum"	"Age"	"Age"	"Age"	NA	NA	NA	NA	NA	NA	NA	"No data points have the baseline factor level"	"abundance"	205	2
"Muribaculum"	"FIScore"	"FIScore"	"FIScore"	NA	NA	NA	NA	NA	0.999997844124771	0.99999953838267	"No data points have the baseline factor level"	"abundance"	205	2
"Muribaculum"	"Location"	"Center"	"LocationCenter"	NA	NA	NA	NA	NA	NA	NA	"No data points have the baseline factor level"	"abundance"	205	2
"Muribaculum"	"Sex"	"Female"	"SexFemale"	NA	NA	NA	NA	NA	NA	NA	"No data points have the baseline factor level"	"abundance"	205	2
"Muribaculum"	"TimeNW"	"TimeNW"	"TimeNW"	NA	NA	NA	NA	NA	NA	NA	"No data points have the baseline factor level"	"abundance"	205	2
"Murimonas"	"Age"	"Age"	"Age"	NA	NA	NA	NA	NA	NA	NA	"No data points have the baseline factor level"	"abundance"	205	3
"Murimonas"	"FIScore"	"FIScore"	"FIScore"	NA	NA	NA	NA	NA	0.545465415220283	0.99999953838267	"No data points have the baseline factor level"	"abundance"	205	3
"Murimonas"	"Location"	"Center"	"LocationCenter"	NA	NA	NA	NA	NA	NA	NA	"No data points have the baseline factor level"	"abundance"	205	3
"Murimonas"	"Sex"	"Female"	"SexFemale"	NA	NA	NA	NA	NA	0.953729926835261	0.99999953838267	"No data points have the baseline factor level"	"abundance"	205	3
"Murimonas"	"TimeNW"	"TimeNW"	"TimeNW"	NA	NA	NA	NA	NA	NA	NA	"No data points have the baseline factor level"	"abundance"	205	3
"NK4A214_group"	"Age"	"Age"	"Age"	NA	NA	NA	NA	NA	0.789880868656362	0.99999953838267	"Model may not have converged with 1 eigenvalue close to zero: 1.3e-11"	"abundance"	205	5
"NK4A214_group"	"FIScore"	"FIScore"	"FIScore"	NA	NA	NA	NA	NA	0.334688930222464	0.99999953838267	"Model may not have converged with 1 eigenvalue close to zero: 1.3e-11"	"abundance"	205	5
"NK4A214_group"	"Location"	"Center"	"LocationCenter"	NA	NA	NA	NA	NA	0.848527732810427	0.99999953838267	"Model may not have converged with 1 eigenvalue close to zero: 1.3e-11"	"abundance"	205	5
"NK4A214_group"	"Sex"	"Female"	"SexFemale"	-1.64377349695057	NA	1.52460549479209	0.359927772140922	NA	0.634133105169234	0.99999953838267	"Model may not have converged with 1 eigenvalue close to zero: 1.3e-11"	"abundance"	205	5
"NK4A214_group"	"TimeNW"	"TimeNW"	"TimeNW"	NA	NA	NA	NA	NA	0.315538101385592	0.99999953838267	"Model may not have converged with 1 eigenvalue close to zero: 1.3e-11"	"abundance"	205	5
"Olsenella"	"Age"	"Age"	"Age"	NA	NA	NA	NA	NA	0.997333187360745	0.99999953838267	"No data points have the baseline factor level"	"abundance"	205	2
"Olsenella"	"FIScore"	"FIScore"	"FIScore"	NA	NA	NA	NA	NA	NA	NA	"No data points have the baseline factor level"	"abundance"	205	2
"Olsenella"	"Location"	"Center"	"LocationCenter"	NA	NA	NA	NA	NA	NA	NA	"No data points have the baseline factor level"	"abundance"	205	2
"Olsenella"	"Sex"	"Female"	"SexFemale"	NA	NA	NA	NA	NA	NA	NA	"No data points have the baseline factor level"	"abundance"	205	2
"Olsenella"	"TimeNW"	"TimeNW"	"TimeNW"	NA	NA	NA	NA	NA	0.999595534571799	0.99999953838267	"No data points have the baseline factor level"	"abundance"	205	2
"Oscillospira"	"Age"	"Age"	"Age"	NA	NA	NA	NA	NA	0.972170323092535	0.99999953838267	"No data points have the baseline factor level"	"abundance"	205	2
"Oscillospira"	"FIScore"	"FIScore"	"FIScore"	NA	NA	NA	NA	NA	0.982422873140971	0.99999953838267	"No data points have the baseline factor level"	"abundance"	205	2
"Oscillospira"	"Location"	"Center"	"LocationCenter"	NA	NA	NA	NA	NA	0.977677735175875	0.99999953838267	"No data points have the baseline factor level"	"abundance"	205	2
"Oscillospira"	"Sex"	"Female"	"SexFemale"	NA	NA	NA	NA	NA	0.995923737492531	0.99999953838267	"No data points have the baseline factor level"	"abundance"	205	2
"Oscillospira"	"TimeNW"	"TimeNW"	"TimeNW"	NA	NA	NA	NA	NA	0.99709666315398	0.99999953838267	"No data points have the baseline factor level"	"abundance"	205	2
"Paeniclostridium"	"Age"	"Age"	"Age"	NA	NA	NA	NA	NA	0.981298131933248	0.99999953838267	"No data points have the baseline factor level"	"abundance"	205	2
"Paeniclostridium"	"FIScore"	"FIScore"	"FIScore"	NA	NA	NA	NA	NA	0.890963261182766	0.99999953838267	"No data points have the baseline factor level"	"abundance"	205	2
"Paeniclostridium"	"Location"	"Center"	"LocationCenter"	NA	NA	NA	NA	NA	NA	NA	"No data points have the baseline factor level"	"abundance"	205	2
"Paeniclostridium"	"Sex"	"Female"	"SexFemale"	NA	NA	NA	NA	NA	0.969700548279424	0.99999953838267	"No data points have the baseline factor level"	"abundance"	205	2
"Paeniclostridium"	"TimeNW"	"TimeNW"	"TimeNW"	NA	NA	NA	NA	NA	0.887744192104463	0.99999953838267	"No data points have the baseline factor level"	"abundance"	205	2
"Paludicola"	"Age"	"Age"	"Age"	NA	NA	NA	NA	NA	NA	NA	"No data points have the baseline factor level"	"abundance"	205	4
"Paludicola"	"FIScore"	"FIScore"	"FIScore"	NA	NA	NA	NA	NA	NA	NA	"No data points have the baseline factor level"	"abundance"	205	4
"Paludicola"	"Location"	"Center"	"LocationCenter"	NA	NA	NA	NA	NA	NA	NA	"No data points have the baseline factor level"	"abundance"	205	4
"Paludicola"	"Sex"	"Female"	"SexFemale"	NA	NA	NA	NA	NA	NA	NA	"No data points have the baseline factor level"	"abundance"	205	4
"Paludicola"	"TimeNW"	"TimeNW"	"TimeNW"	NA	NA	NA	NA	NA	NA	NA	"No data points have the baseline factor level"	"abundance"	205	4
"Pediococcus"	"Age"	"Age"	"Age"	NA	NA	NA	NA	NA	0.95943985313696	0.99999953838267	"No data points have the baseline factor level"	"abundance"	205	2
"Pediococcus"	"FIScore"	"FIScore"	"FIScore"	NA	NA	NA	NA	NA	0.964071513371377	0.99999953838267	"No data points have the baseline factor level"	"abundance"	205	2
"Pediococcus"	"Location"	"Center"	"LocationCenter"	NA	NA	NA	NA	NA	0.997096780083704	0.99999953838267	"No data points have the baseline factor level"	"abundance"	205	2
"Pediococcus"	"Sex"	"Female"	"SexFemale"	NA	NA	NA	NA	NA	0.978110119650976	0.99999953838267	"No data points have the baseline factor level"	"abundance"	205	2
"Pediococcus"	"TimeNW"	"TimeNW"	"TimeNW"	NA	NA	NA	NA	NA	0.9919501802664	0.99999953838267	"No data points have the baseline factor level"	"abundance"	205	2
"Peptoclostridium"	"Age"	"Age"	"Age"	NA	NA	NA	NA	NA	NA	NA	"No data points have the baseline factor level"	"abundance"	205	5
"Peptoclostridium"	"FIScore"	"FIScore"	"FIScore"	NA	NA	NA	NA	NA	NA	NA	"No data points have the baseline factor level"	"abundance"	205	5
"Peptoclostridium"	"Location"	"Center"	"LocationCenter"	NA	NA	NA	NA	NA	NA	NA	"No data points have the baseline factor level"	"abundance"	205	5
"Peptoclostridium"	"Sex"	"Female"	"SexFemale"	NA	NA	NA	NA	NA	NA	NA	"No data points have the baseline factor level"	"abundance"	205	5
"Peptoclostridium"	"TimeNW"	"TimeNW"	"TimeNW"	NA	NA	NA	NA	NA	0.99999953838267	0.99999953838267	"No data points have the baseline factor level"	"abundance"	205	5
"Peptoniphilus"	"Age"	"Age"	"Age"	NA	NA	NA	NA	NA	0.974795219080328	0.99999953838267	"number of levels of each grouping factor must be < number of observations (problems: Individual)"	"abundance"	205	3
"Peptoniphilus"	"FIScore"	"FIScore"	"FIScore"	NA	NA	NA	NA	NA	0.463797166734553	0.99999953838267	"number of levels of each grouping factor must be < number of observations (problems: Individual)"	"abundance"	205	3
"Peptoniphilus"	"Location"	"Center"	"LocationCenter"	NA	NA	NA	NA	NA	0.521386867850581	0.99999953838267	"number of levels of each grouping factor must be < number of observations (problems: Individual)"	"abundance"	205	3
"Peptoniphilus"	"Sex"	"Female"	"SexFemale"	NA	NA	NA	NA	NA	0.369322560196645	0.99999953838267	"number of levels of each grouping factor must be < number of observations (problems: Individual)"	"abundance"	205	3
"Peptoniphilus"	"TimeNW"	"TimeNW"	"TimeNW"	NA	NA	NA	NA	NA	0.277433903705007	0.997062063331157	"number of levels of each grouping factor must be < number of observations (problems: Individual)"	"abundance"	205	3
"Phocea"	"Age"	"Age"	"Age"	NA	NA	NA	NA	NA	NA	NA	"No data points have the baseline factor level"	"abundance"	205	5
"Phocea"	"FIScore"	"FIScore"	"FIScore"	NA	NA	NA	NA	NA	NA	NA	"No data points have the baseline factor level"	"abundance"	205	5
"Phocea"	"Location"	"Center"	"LocationCenter"	NA	NA	NA	NA	NA	NA	NA	"No data points have the baseline factor level"	"abundance"	205	5
"Phocea"	"Sex"	"Female"	"SexFemale"	NA	NA	NA	NA	NA	NA	NA	"No data points have the baseline factor level"	"abundance"	205	5
"Phocea"	"TimeNW"	"TimeNW"	"TimeNW"	NA	NA	NA	NA	NA	NA	NA	"No data points have the baseline factor level"	"abundance"	205	5
"Prevotella_7"	"Age"	"Age"	"Age"	NA	NA	NA	NA	NA	0.960911569252671	0.99999953838267	"contrasts can be applied only to factors with 2 or more levels"	"abundance"	205	4
"Prevotella_7"	"FIScore"	"FIScore"	"FIScore"	NA	NA	NA	NA	NA	0.903315799309459	0.99999953838267	"contrasts can be applied only to factors with 2 or more levels"	"abundance"	205	4
"Prevotella_7"	"Location"	"Center"	"LocationCenter"	NA	NA	NA	NA	NA	NA	NA	"contrasts can be applied only to factors with 2 or more levels"	"abundance"	205	4
"Prevotella_7"	"Sex"	"Female"	"SexFemale"	NA	NA	NA	NA	NA	0.929499388171898	0.99999953838267	"contrasts can be applied only to factors with 2 or more levels"	"abundance"	205	4
"Prevotella_7"	"TimeNW"	"TimeNW"	"TimeNW"	NA	NA	NA	NA	NA	0.916335365017291	0.99999953838267	"contrasts can be applied only to factors with 2 or more levels"	"abundance"	205	4
"Prevotellaceae_NK3B31_group"	"Age"	"Age"	"Age"	NA	NA	NA	NA	NA	0.983208940919789	0.99999953838267	"No data points have the baseline factor level"	"abundance"	205	5
"Prevotellaceae_NK3B31_group"	"FIScore"	"FIScore"	"FIScore"	NA	NA	NA	NA	NA	NA	NA	"No data points have the baseline factor level"	"abundance"	205	5
"Prevotellaceae_NK3B31_group"	"Location"	"Center"	"LocationCenter"	NA	NA	NA	NA	NA	NA	NA	"No data points have the baseline factor level"	"abundance"	205	5
"Prevotellaceae_NK3B31_group"	"Sex"	"Female"	"SexFemale"	NA	NA	NA	NA	NA	0.99550675696415	0.99999953838267	"No data points have the baseline factor level"	"abundance"	205	5
"Prevotellaceae_NK3B31_group"	"TimeNW"	"TimeNW"	"TimeNW"	NA	NA	NA	NA	NA	0.994918560330027	0.99999953838267	"No data points have the baseline factor level"	"abundance"	205	5
"Prevotellaceae_UCG-001"	"Age"	"Age"	"Age"	NA	NA	NA	NA	NA	0.296389884981207	0.997062063331157	"number of levels of each grouping factor must be < number of observations (problems: Individual)"	"abundance"	205	2
"Prevotellaceae_UCG-001"	"FIScore"	"FIScore"	"FIScore"	NA	NA	NA	NA	NA	0.885706662662548	0.99999953838267	"number of levels of each grouping factor must be < number of observations (problems: Individual)"	"abundance"	205	2
"Prevotellaceae_UCG-001"	"Location"	"Center"	"LocationCenter"	NA	NA	NA	NA	NA	0.556146864763717	0.99999953838267	"number of levels of each grouping factor must be < number of observations (problems: Individual)"	"abundance"	205	2
"Prevotellaceae_UCG-001"	"Sex"	"Female"	"SexFemale"	NA	NA	NA	NA	NA	0.802091853839469	0.99999953838267	"number of levels of each grouping factor must be < number of observations (problems: Individual)"	"abundance"	205	2
"Prevotellaceae_UCG-001"	"TimeNW"	"TimeNW"	"TimeNW"	NA	NA	NA	NA	NA	0.256109506162027	0.988434927183272	"number of levels of each grouping factor must be < number of observations (problems: Individual)"	"abundance"	205	2
"Proteus"	"Age"	"Age"	"Age"	-0.687870032679169	NA	6.73903750551258	0.921561587661509	NA	0.407775566207394	0.99999953838267	"Model may not have converged with 1 eigenvalue close to zero: 1.9e-10"	"abundance"	205	12
"Proteus"	"FIScore"	"FIScore"	"FIScore"	-0.187647323857787	NA	3.36999073200855	0.95715122946427	NA	0.640185544390581	0.99999953838267	"Model may not have converged with 1 eigenvalue close to zero: 1.9e-10"	"abundance"	205	12
"Proteus"	"Location"	"Center"	"LocationCenter"	NA	NA	NA	NA	NA	0.584625663084068	0.99999953838267	"Model may not have converged with 1 eigenvalue close to zero: 1.9e-10"	"abundance"	205	12
"Proteus"	"Sex"	"Female"	"SexFemale"	4.54443797940098	NA	4.84842185500794	0.379806361807018	NA	0.344734727297182	0.99999953838267	"Model may not have converged with 1 eigenvalue close to zero: 1.9e-10"	"abundance"	205	12
"Proteus"	"TimeNW"	"TimeNW"	"TimeNW"	-0.189187469799765	NA	2.4481502849457	0.940565074967817	NA	0.869589664228177	0.99999953838267	"Model may not have converged with 1 eigenvalue close to zero: 1.9e-10"	"abundance"	205	12
"Rikenella"	"Age"	"Age"	"Age"	-0.630857503663779	NA	1.24373092720331	0.638680063060886	NA	0.12447162699327	0.951333957524848	"Model may not have converged with 1 eigenvalue close to zero: 1.8e-10"	"abundance"	205	7
"Rikenella"	"FIScore"	"FIScore"	"FIScore"	NA	NA	NA	NA	NA	0.116866161965571	0.951333957524848	"Model may not have converged with 1 eigenvalue close to zero: 1.8e-10"	"abundance"	205	7
"Rikenella"	"Location"	"Center"	"LocationCenter"	NA	NA	NA	NA	NA	0.200098214073635	0.975203933424805	"Model may not have converged with 1 eigenvalue close to zero: 1.8e-10"	"abundance"	205	7
"Rikenella"	"Sex"	"Female"	"SexFemale"	0.0675798927079903	NA	2.44988323573234	0.979314570803666	NA	0.327697682349674	0.99999953838267	"Model may not have converged with 1 eigenvalue close to zero: 1.8e-10"	"abundance"	205	7
"Rikenella"	"TimeNW"	"TimeNW"	"TimeNW"	NA	NA	NA	NA	NA	0.797638828832641	0.99999953838267	"Model may not have converged with 1 eigenvalue close to zero: 1.8e-10"	"abundance"	205	7
"Rikenellaceae_RC9_gut_group"	"Age"	"Age"	"Age"	NA	NA	NA	NA	NA	0.261675742002062	0.988434927183272	"No data points have the baseline factor level"	"abundance"	205	12
"Rikenellaceae_RC9_gut_group"	"FIScore"	"FIScore"	"FIScore"	NA	NA	NA	NA	NA	0.761108259922685	0.99999953838267	"No data points have the baseline factor level"	"abundance"	205	12
"Rikenellaceae_RC9_gut_group"	"Location"	"Center"	"LocationCenter"	NA	NA	NA	NA	NA	0.76514585006337	0.99999953838267	"No data points have the baseline factor level"	"abundance"	205	12
"Rikenellaceae_RC9_gut_group"	"Sex"	"Female"	"SexFemale"	NA	NA	NA	NA	NA	0.974318623280425	0.99999953838267	"No data points have the baseline factor level"	"abundance"	205	12
"Rikenellaceae_RC9_gut_group"	"TimeNW"	"TimeNW"	"TimeNW"	NA	NA	NA	NA	NA	0.790986943519617	0.99999953838267	"No data points have the baseline factor level"	"abundance"	205	12
"Romboutsia"	"Age"	"Age"	"Age"	NA	NA	NA	NA	NA	0.207613873134039	0.975979911177211	"No data points have the baseline factor level"	"abundance"	205	21
"Romboutsia"	"FIScore"	"FIScore"	"FIScore"	NA	NA	NA	NA	NA	0.161168561710059	0.951333957524848	"No data points have the baseline factor level"	"abundance"	205	21
"Romboutsia"	"Location"	"Center"	"LocationCenter"	NA	NA	NA	NA	NA	0.668641001112426	0.99999953838267	"No data points have the baseline factor level"	"abundance"	205	21
"Romboutsia"	"Sex"	"Female"	"SexFemale"	NA	NA	NA	NA	NA	0.93912454289989	0.99999953838267	"No data points have the baseline factor level"	"abundance"	205	21
"Romboutsia"	"TimeNW"	"TimeNW"	"TimeNW"	NA	NA	NA	NA	NA	0.725836996468636	0.99999953838267	"No data points have the baseline factor level"	"abundance"	205	21
"Sanguibacteroides"	"Age"	"Age"	"Age"	-1.20962039092854	NA	2.28296617169635	0.606747555665951	NA	0.415589963624597	0.99999953838267	"Model may not have converged with 1 eigenvalue close to zero: 1.8e-10"	"abundance"	205	16
"Sanguibacteroides"	"FIScore"	"FIScore"	"FIScore"	0.370440400869506	NA	0.566139545963155	0.52634513598117	NA	0.612485409005297	0.99999953838267	"Model may not have converged with 1 eigenvalue close to zero: 1.8e-10"	"abundance"	205	16
"Sanguibacteroides"	"Location"	"Center"	"LocationCenter"	NA	NA	NA	NA	NA	0.331768046389848	0.99999953838267	"Model may not have converged with 1 eigenvalue close to zero: 1.8e-10"	"abundance"	205	16
"Sanguibacteroides"	"Sex"	"Female"	"SexFemale"	0.849683101713719	NA	4.56372858833825	0.855691240703817	NA	0.459904208478936	0.99999953838267	"Model may not have converged with 1 eigenvalue close to zero: 1.8e-10"	"abundance"	205	16
"Sanguibacteroides"	"TimeNW"	"TimeNW"	"TimeNW"	-1.27494843499658	NA	2.31745396993698	0.593211416469825	NA	0.553631576202858	0.99999953838267	"Model may not have converged with 1 eigenvalue close to zero: 1.8e-10"	"abundance"	205	16
"Sarcina"	"Age"	"Age"	"Age"	NA	NA	NA	NA	NA	0.26056578967769	0.988434927183272	"contrasts can be applied only to factors with 2 or more levels"	"abundance"	205	7
"Sarcina"	"FIScore"	"FIScore"	"FIScore"	NA	NA	NA	NA	NA	0.564947331073327	0.99999953838267	"contrasts can be applied only to factors with 2 or more levels"	"abundance"	205	7
"Sarcina"	"Location"	"Center"	"LocationCenter"	NA	NA	NA	NA	NA	0.585060644800448	0.99999953838267	"contrasts can be applied only to factors with 2 or more levels"	"abundance"	205	7
"Sarcina"	"Sex"	"Female"	"SexFemale"	NA	NA	NA	NA	NA	0.934669405513984	0.99999953838267	"contrasts can be applied only to factors with 2 or more levels"	"abundance"	205	7
"Sarcina"	"TimeNW"	"TimeNW"	"TimeNW"	NA	NA	NA	NA	NA	0.926871103966094	0.99999953838267	"contrasts can be applied only to factors with 2 or more levels"	"abundance"	205	7
"Scardovia"	"Age"	"Age"	"Age"	NA	NA	NA	NA	NA	NA	NA	"No data points have the baseline factor level"	"abundance"	205	2
"Scardovia"	"FIScore"	"FIScore"	"FIScore"	NA	NA	NA	NA	NA	0.989533895202161	0.99999953838267	"No data points have the baseline factor level"	"abundance"	205	2
"Scardovia"	"Location"	"Center"	"LocationCenter"	NA	NA	NA	NA	NA	NA	NA	"No data points have the baseline factor level"	"abundance"	205	2
"Scardovia"	"Sex"	"Female"	"SexFemale"	NA	NA	NA	NA	NA	NA	NA	"No data points have the baseline factor level"	"abundance"	205	2
"Scardovia"	"TimeNW"	"TimeNW"	"TimeNW"	NA	NA	NA	NA	NA	NA	NA	"No data points have the baseline factor level"	"abundance"	205	2
"Senegalimassilia"	"Location"	"Center"	"LocationCenter"	NA	NA	NA	NA	NA	0.26856010986603	0.988434927183272	"Fitting error (NA p-value returned from fitting procedure)"	"abundance"	205	16
"Solobacterium"	"Age"	"Age"	"Age"	NA	NA	NA	NA	NA	NA	NA	"No data points have the baseline factor level"	"abundance"	205	3
"Solobacterium"	"FIScore"	"FIScore"	"FIScore"	NA	NA	NA	NA	NA	NA	NA	"No data points have the baseline factor level"	"abundance"	205	3
"Solobacterium"	"Location"	"Center"	"LocationCenter"	NA	NA	NA	NA	NA	NA	NA	"No data points have the baseline factor level"	"abundance"	205	3
"Solobacterium"	"Sex"	"Female"	"SexFemale"	NA	NA	NA	NA	NA	NA	NA	"No data points have the baseline factor level"	"abundance"	205	3
"Solobacterium"	"TimeNW"	"TimeNW"	"TimeNW"	NA	NA	NA	NA	NA	NA	NA	"No data points have the baseline factor level"	"abundance"	205	3
"Staphylococcus"	"Age"	"Age"	"Age"	NA	NA	NA	NA	NA	0.264241233842827	0.988434927183272	"contrasts can be applied only to factors with 2 or more levels"	"abundance"	205	4
"Staphylococcus"	"FIScore"	"FIScore"	"FIScore"	NA	NA	NA	NA	NA	0.607593125839963	0.99999953838267	"contrasts can be applied only to factors with 2 or more levels"	"abundance"	205	4
"Staphylococcus"	"Location"	"Center"	"LocationCenter"	NA	NA	NA	NA	NA	0.973197739383786	0.99999953838267	"contrasts can be applied only to factors with 2 or more levels"	"abundance"	205	4
"Staphylococcus"	"Sex"	"Female"	"SexFemale"	NA	NA	NA	NA	NA	0.254769375964738	0.988434927183272	"contrasts can be applied only to factors with 2 or more levels"	"abundance"	205	4
"Staphylococcus"	"TimeNW"	"TimeNW"	"TimeNW"	NA	NA	NA	NA	NA	0.683822314251702	0.99999953838267	"contrasts can be applied only to factors with 2 or more levels"	"abundance"	205	4
"Stomatobaculum"	"Age"	"Age"	"Age"	NA	NA	NA	NA	NA	NA	NA	"No data points have the baseline factor level"	"abundance"	205	3
"Stomatobaculum"	"FIScore"	"FIScore"	"FIScore"	NA	NA	NA	NA	NA	NA	NA	"No data points have the baseline factor level"	"abundance"	205	3
"Stomatobaculum"	"Location"	"Center"	"LocationCenter"	NA	NA	NA	NA	NA	NA	NA	"No data points have the baseline factor level"	"abundance"	205	3
"Stomatobaculum"	"Sex"	"Female"	"SexFemale"	NA	NA	NA	NA	NA	NA	NA	"No data points have the baseline factor level"	"abundance"	205	3
"Stomatobaculum"	"TimeNW"	"TimeNW"	"TimeNW"	NA	NA	NA	NA	NA	0.999911434129178	0.99999953838267	"No data points have the baseline factor level"	"abundance"	205	3
"Succinatimonas"	"Age"	"Age"	"Age"	NA	NA	NA	NA	NA	0.935173355355984	0.99999953838267	"No data points have the baseline factor level"	"abundance"	205	4
"Succinatimonas"	"FIScore"	"FIScore"	"FIScore"	NA	NA	NA	NA	NA	0.948169458122598	0.99999953838267	"No data points have the baseline factor level"	"abundance"	205	4
"Succinatimonas"	"Location"	"Center"	"LocationCenter"	NA	NA	NA	NA	NA	0.9624997358202	0.99999953838267	"No data points have the baseline factor level"	"abundance"	205	4
"Succinatimonas"	"Sex"	"Female"	"SexFemale"	NA	NA	NA	NA	NA	0.982002696284614	0.99999953838267	"No data points have the baseline factor level"	"abundance"	205	4
"Succinatimonas"	"TimeNW"	"TimeNW"	"TimeNW"	NA	NA	NA	NA	NA	0.984606552510852	0.99999953838267	"No data points have the baseline factor level"	"abundance"	205	4
"Succiniclasticum"	"Age"	"Age"	"Age"	-0.597087814990586	NA	0.440158028709708	0.20797878558383	NA	0.295468281757586	0.997062063331157	"Model may not have converged with 1 eigenvalue close to zero: 1.1e-10"	"abundance"	205	15
"Succiniclasticum"	"FIScore"	"FIScore"	"FIScore"	NA	NA	NA	NA	NA	0.0959826559024065	0.93843919025082	"Model may not have converged with 1 eigenvalue close to zero: 1.1e-10"	"abundance"	205	15
"Succiniclasticum"	"Location"	"Center"	"LocationCenter"	NA	NA	NA	NA	NA	0.437301492711897	0.99999953838267	"Model may not have converged with 1 eigenvalue close to zero: 1.1e-10"	"abundance"	205	15
"Succiniclasticum"	"Sex"	"Female"	"SexFemale"	1.19178467324505	NA	0.615963868713395	0.0850116526565908	NA	0.604349577958898	0.99999953838267	"Model may not have converged with 1 eigenvalue close to zero: 1.1e-10"	"abundance"	205	15
"Succiniclasticum"	"TimeNW"	"TimeNW"	"TimeNW"	-1.40426511572817	NA	1.10069656184038	0.233969021804796	NA	0.306158236041492	0.99999953838267	"Model may not have converged with 1 eigenvalue close to zero: 1.1e-10"	"abundance"	205	15
"Succinivibrio"	"Age"	"Age"	"Age"	NA	NA	NA	NA	NA	NA	NA	"No data points have the baseline factor level"	"abundance"	205	8
"Succinivibrio"	"FIScore"	"FIScore"	"FIScore"	NA	NA	NA	NA	NA	NA	NA	"No data points have the baseline factor level"	"abundance"	205	8
"Succinivibrio"	"Location"	"Center"	"LocationCenter"	NA	NA	NA	NA	NA	NA	NA	"No data points have the baseline factor level"	"abundance"	205	8
"Succinivibrio"	"Sex"	"Female"	"SexFemale"	NA	NA	NA	NA	NA	0.999932964039586	0.99999953838267	"No data points have the baseline factor level"	"abundance"	205	8
"Succinivibrio"	"TimeNW"	"TimeNW"	"TimeNW"	NA	NA	NA	NA	NA	0.999974413528869	0.99999953838267	"No data points have the baseline factor level"	"abundance"	205	8
"Syntrophomonas"	"Age"	"Age"	"Age"	NA	NA	NA	NA	NA	NA	NA	"No data points have the baseline factor level"	"abundance"	205	3
"Syntrophomonas"	"FIScore"	"FIScore"	"FIScore"	NA	NA	NA	NA	NA	0.999988579275518	0.99999953838267	"No data points have the baseline factor level"	"abundance"	205	3
"Syntrophomonas"	"Location"	"Center"	"LocationCenter"	NA	NA	NA	NA	NA	0.9999994830444	0.99999953838267	"No data points have the baseline factor level"	"abundance"	205	3
"Syntrophomonas"	"Sex"	"Female"	"SexFemale"	NA	NA	NA	NA	NA	NA	NA	"No data points have the baseline factor level"	"abundance"	205	3
"Syntrophomonas"	"TimeNW"	"TimeNW"	"TimeNW"	NA	NA	NA	NA	NA	0.999997646331282	0.99999953838267	"No data points have the baseline factor level"	"abundance"	205	3
"Terrisporobacter"	"Age"	"Age"	"Age"	0.60770181732433	NA	1.11365292396866	0.602230990380957	NA	0.776897365893212	0.99999953838267	"Model may not have converged with 1 eigenvalue close to zero: 2.5e-09"	"abundance"	205	12
"Terrisporobacter"	"FIScore"	"FIScore"	"FIScore"	-1.28699102949223	NA	1.22784033019604	0.329394527087078	NA	0.945657123633025	0.99999953838267	"Model may not have converged with 1 eigenvalue close to zero: 2.5e-09"	"abundance"	205	12
"Terrisporobacter"	"Location"	"Center"	"LocationCenter"	NA	NA	NA	NA	NA	0.051709670330021	0.830253550381854	"Model may not have converged with 1 eigenvalue close to zero: 2.5e-09"	"abundance"	205	12
"Terrisporobacter"	"Sex"	"Female"	"SexFemale"	0.0688758663409471	NA	8.93779279332536	0.994066472475205	NA	0.322176889251383	0.99999953838267	"Model may not have converged with 1 eigenvalue close to zero: 2.5e-09"	"abundance"	205	12
"Terrisporobacter"	"TimeNW"	"TimeNW"	"TimeNW"	1.93545335772823	NA	4.59101455120362	0.685979882147913	NA	0.365744334144302	0.99999953838267	"Model may not have converged with 1 eigenvalue close to zero: 2.5e-09"	"abundance"	205	12
"Tuzzerella"	"Age"	"Age"	"Age"	-0.648099063539634	NA	1.18743466547843	0.623172623436454	NA	0.611842090942573	0.99999953838267	"Model may not have converged with 1 eigenvalue close to zero: 1.6e-10"	"abundance"	205	6
"Tuzzerella"	"FIScore"	"FIScore"	"FIScore"	NA	NA	NA	NA	NA	0.643522694658907	0.99999953838267	"Model may not have converged with 1 eigenvalue close to zero: 1.6e-10"	"abundance"	205	6
"Tuzzerella"	"Location"	"Center"	"LocationCenter"	NA	NA	NA	NA	NA	0.861183965043568	0.99999953838267	"Model may not have converged with 1 eigenvalue close to zero: 1.6e-10"	"abundance"	205	6
"Tuzzerella"	"Sex"	"Female"	"SexFemale"	0.104162819138714	NA	2.41665400117689	0.968328509025192	NA	0.813698510646984	0.99999953838267	"Model may not have converged with 1 eigenvalue close to zero: 1.6e-10"	"abundance"	205	6
"Tuzzerella"	"TimeNW"	"TimeNW"	"TimeNW"	NA	NA	NA	NA	NA	0.804620105488138	0.99999953838267	"Model may not have converged with 1 eigenvalue close to zero: 1.6e-10"	"abundance"	205	6
"UCG-008"	"Age"	"Age"	"Age"	0.173619051024411	NA	0.931751009165563	0.869369361737657	NA	0.694228925510329	0.99999953838267	"Model may not have converged with 1 eigenvalue close to zero: 3.9e-11"	"abundance"	205	6
"UCG-008"	"FIScore"	"FIScore"	"FIScore"	NA	NA	NA	NA	NA	0.0300127186551648	0.830253550381854	"Model may not have converged with 1 eigenvalue close to zero: 3.9e-11"	"abundance"	205	6
"UCG-008"	"Location"	"Center"	"LocationCenter"	NA	NA	NA	NA	NA	0.053096240771842	0.830253550381854	"Model may not have converged with 1 eigenvalue close to zero: 3.9e-11"	"abundance"	205	6
"UCG-008"	"Sex"	"Female"	"SexFemale"	1.27433014410993	NA	1.96769272412981	0.583639976271524	NA	0.0231969567967153	0.830253550381854	"Model may not have converged with 1 eigenvalue close to zero: 3.9e-11"	"abundance"	205	6
"UCG-008"	"TimeNW"	"TimeNW"	"TimeNW"	0.718285432338576	NA	0.745682741261958	0.437053320057576	NA	0.0545834401706094	0.834750197091906	"Model may not have converged with 1 eigenvalue close to zero: 3.9e-11"	"abundance"	205	6
"Victivallaceae"	"Age"	"Age"	"Age"	NA	NA	NA	NA	NA	0.178935870427135	0.951333957524848	"No data points have the baseline factor level"	"abundance"	205	21
"Victivallaceae"	"FIScore"	"FIScore"	"FIScore"	NA	NA	NA	NA	NA	0.531642861167856	0.99999953838267	"No data points have the baseline factor level"	"abundance"	205	21
"Victivallaceae"	"Location"	"Center"	"LocationCenter"	NA	NA	NA	NA	NA	0.939691125614224	0.99999953838267	"No data points have the baseline factor level"	"abundance"	205	21
"Victivallaceae"	"Sex"	"Female"	"SexFemale"	NA	NA	NA	NA	NA	0.0174001372433255	0.82405790284544	"No data points have the baseline factor level"	"abundance"	205	21
"Victivallaceae"	"TimeNW"	"TimeNW"	"TimeNW"	NA	NA	NA	NA	NA	0.594281387864139	0.99999953838267	"No data points have the baseline factor level"	"abundance"	205	21
"Victivallis"	"Age"	"Age"	"Age"	1.31229622280666	NA	1.73192246325309	0.466104403087168	NA	0.936788634061301	0.99999953838267	"Model may not have converged with 1 eigenvalue close to zero: 6.6e-10"	"abundance"	205	16
"Victivallis"	"FIScore"	"FIScore"	"FIScore"	0.807152012447608	NA	0.670124454939716	0.256136767888473	NA	0.191654825014587	0.951333957524848	"Model may not have converged with 1 eigenvalue close to zero: 6.6e-10"	"abundance"	205	16
"Victivallis"	"Location"	"Center"	"LocationCenter"	0.432215621556066	NA	2.90579731651364	0.884713570387015	NA	0.256465144570795	0.988434927183272	"Model may not have converged with 1 eigenvalue close to zero: 6.6e-10"	"abundance"	205	16
"Victivallis"	"Sex"	"Female"	"SexFemale"	-3.70818494312733	NA	3.18614611889444	0.271502869553462	NA	0.0677004196656215	0.883092238873622	"Model may not have converged with 1 eigenvalue close to zero: 6.6e-10"	"abundance"	205	16
"Victivallis"	"TimeNW"	"TimeNW"	"TimeNW"	4.46215770585242	NA	7.885533449469	0.58395820504548	NA	0.217226370800219	0.975979911177211	"Model may not have converged with 1 eigenvalue close to zero: 6.6e-10"	"abundance"	205	16
"Weissella"	"Age"	"Age"	"Age"	NA	NA	NA	NA	NA	0.485709477325641	0.99999953838267	"No data points have the baseline factor level"	"abundance"	205	5
"Weissella"	"FIScore"	"FIScore"	"FIScore"	NA	NA	NA	NA	NA	0.475254955638476	0.99999953838267	"No data points have the baseline factor level"	"abundance"	205	5
"Weissella"	"Location"	"Center"	"LocationCenter"	NA	NA	NA	NA	NA	0.887439122504263	0.99999953838267	"No data points have the baseline factor level"	"abundance"	205	5
"Weissella"	"Sex"	"Female"	"SexFemale"	NA	NA	NA	NA	NA	0.919395780202295	0.99999953838267	"No data points have the baseline factor level"	"abundance"	205	5
"Weissella"	"TimeNW"	"TimeNW"	"TimeNW"	NA	NA	NA	NA	NA	0.408324819182791	0.99999953838267	"No data points have the baseline factor level"	"abundance"	205	5
"[Ruminococcus]_torques_group"	"Age"	"Age"	"Age"	NA	0	NA	NA	NA	0.856218145919555	0.99999953838267	"(maxstephalfit) PIRLS step-halvings failed to reduce deviance in pwrssUpdate"	"prevalence"	205	198
"[Ruminococcus]_torques_group"	"FIScore"	"FIScore"	"FIScore"	NA	0	NA	NA	NA	0.177015324876522	0.951333957524848	"(maxstephalfit) PIRLS step-halvings failed to reduce deviance in pwrssUpdate"	"prevalence"	205	198
"[Ruminococcus]_torques_group"	"Location"	"Center"	"LocationCenter"	NA	0	NA	NA	NA	0.807255725673513	0.99999953838267	"(maxstephalfit) PIRLS step-halvings failed to reduce deviance in pwrssUpdate"	"prevalence"	205	198
"[Ruminococcus]_torques_group"	"Sex"	"Female"	"SexFemale"	NA	0	NA	NA	NA	0.777514979627598	0.99999953838267	"(maxstephalfit) PIRLS step-halvings failed to reduce deviance in pwrssUpdate"	"prevalence"	205	198
"[Ruminococcus]_torques_group"	"TimeNW"	"TimeNW"	"TimeNW"	NA	0	NA	NA	NA	0.982184214791406	0.99999953838267	"(maxstephalfit) PIRLS step-halvings failed to reduce deviance in pwrssUpdate"	"prevalence"	205	198
"Allisonella"	"Age"	"Age"	"Age"	NA	0	NA	NA	NA	NA	NA	"Downdated VtV is not positive definite"	"prevalence"	205	5
"Allisonella"	"FIScore"	"FIScore"	"FIScore"	NA	0	NA	NA	NA	NA	NA	"Downdated VtV is not positive definite"	"prevalence"	205	5
"Allisonella"	"Location"	"Center"	"LocationCenter"	NA	0	NA	NA	NA	NA	NA	"Downdated VtV is not positive definite"	"prevalence"	205	5
"Allisonella"	"Sex"	"Female"	"SexFemale"	NA	0	NA	NA	NA	NA	NA	"Downdated VtV is not positive definite"	"prevalence"	205	5
"Allisonella"	"TimeNW"	"TimeNW"	"TimeNW"	NA	0	NA	NA	NA	NA	NA	"Downdated VtV is not positive definite"	"prevalence"	205	5
"Anaerobiospirillum"	"Age"	"Age"	"Age"	61.8791316238726	0	727714.523030955	0.99993215415917	NA	NA	NA	"A large coefficient (>15 in absolute value) or small
                p-value (< 10^-10) was obtained from a feature present
                in <5% of samples. Check this is intended."	"prevalence"	205	5
"Anaerobiospirillum"	"FIScore"	"FIScore"	"FIScore"	-52.7606091010192	0	687268.7559934	0.999938747578714	NA	NA	NA	"A large coefficient (>15 in absolute value) or small
                p-value (< 10^-10) was obtained from a feature present
                in <5% of samples. Check this is intended."	"prevalence"	205	5
"Anaerobiospirillum"	"Location"	"Center"	"LocationCenter"	28.6620368023639	0	1703647.17307034	0.999986576447867	NA	NA	NA	"A large coefficient (>15 in absolute value) or small
                p-value (< 10^-10) was obtained from a feature present
                in <5% of samples. Check this is intended."	"prevalence"	205	5
"Anaerobiospirillum"	"Sex"	"Female"	"SexFemale"	30.2767030627107	0	8547921.43127293	0.99999717389612	NA	NA	NA	"A large coefficient (>15 in absolute value) or small
                p-value (< 10^-10) was obtained from a feature present
                in <5% of samples. Check this is intended."	"prevalence"	205	5
"Atopobium"	"Age"	"Age"	"Age"	22.6232531025626	0	1663.05638491599	0.989146376622745	NA	NA	NA	"A large coefficient (>15 in absolute value) or small
                p-value (< 10^-10) was obtained from a feature present
                in <5% of samples. Check this is intended."	"prevalence"	205	5
"Atopobium"	"FIScore"	"FIScore"	"FIScore"	-40.4075708517138	0	67791.2568010738	0.999524413965246	NA	NA	NA	"A large coefficient (>15 in absolute value) or small
                p-value (< 10^-10) was obtained from a feature present
                in <5% of samples. Check this is intended."	"prevalence"	205	5
"Atopobium"	"Location"	"Center"	"LocationCenter"	-20.1533736335052	0	24927.9625397396	0.999354938700147	NA	NA	NA	"A large coefficient (>15 in absolute value) or small
                p-value (< 10^-10) was obtained from a feature present
                in <5% of samples. Check this is intended."	"prevalence"	205	5
"Atopobium"	"Sex"	"Female"	"SexFemale"	48.4801486351571	0	38729.057139269	0.999001226602023	NA	NA	NA	"A large coefficient (>15 in absolute value) or small
                p-value (< 10^-10) was obtained from a feature present
                in <5% of samples. Check this is intended."	"prevalence"	205	5
"Atopobium"	"TimeNW"	"TimeNW"	"TimeNW"	-21.3321428256785	0	31452.6524238247	0.999458850532693	NA	NA	NA	"A large coefficient (>15 in absolute value) or small
                p-value (< 10^-10) was obtained from a feature present
                in <5% of samples. Check this is intended."	"prevalence"	205	5
"Bacteroides"	"Location"	"Center"	"LocationCenter"	3.22311932299421	0	0.405338158912879	1.83999060463526e-15	NA	0.0588725587545812	0.849280049358137	"A large coefficient (>15 in absolute value) or small p-value
                (< 10^-10) was obtained from a feature present in >95% of
                samples. Check this is intended."	"prevalence"	205	200
"Bacteroides"	"Sex"	"Female"	"SexFemale"	-9.95660580751464	0	1.06090241976943	6.28958487818935e-21	NA	0.635484800249492	0.99999953838267	"A large coefficient (>15 in absolute value) or small p-value
                (< 10^-10) was obtained from a feature present in >95% of
                samples. Check this is intended."	"prevalence"	205	200
"Bacteroides"	"TimeNW"	"TimeNW"	"TimeNW"	3.04630023635706	0	0.364692324833862	6.65116409521638e-17	NA	0.597931470682726	0.99999953838267	"A large coefficient (>15 in absolute value) or small p-value
                (< 10^-10) was obtained from a feature present in >95% of
                samples. Check this is intended."	"prevalence"	205	200
"Blautia"	"Age"	"Age"	"Age"	NA	0	NA	NA	NA	0.340688308612762	0.99999953838267	"(maxstephalfit) PIRLS step-halvings failed to reduce deviance in pwrssUpdate"	"prevalence"	205	198
"Blautia"	"FIScore"	"FIScore"	"FIScore"	NA	0	NA	NA	NA	0.710429247284428	0.99999953838267	"(maxstephalfit) PIRLS step-halvings failed to reduce deviance in pwrssUpdate"	"prevalence"	205	198
"Blautia"	"Location"	"Center"	"LocationCenter"	NA	0	NA	NA	NA	0.265664202501464	0.988434927183272	"(maxstephalfit) PIRLS step-halvings failed to reduce deviance in pwrssUpdate"	"prevalence"	205	198
"Blautia"	"Sex"	"Female"	"SexFemale"	NA	0	NA	NA	NA	0.745842626103604	0.99999953838267	"(maxstephalfit) PIRLS step-halvings failed to reduce deviance in pwrssUpdate"	"prevalence"	205	198
"Blautia"	"TimeNW"	"TimeNW"	"TimeNW"	NA	0	NA	NA	NA	0.749637097395787	0.99999953838267	"(maxstephalfit) PIRLS step-halvings failed to reduce deviance in pwrssUpdate"	"prevalence"	205	198
"CAG-873"	"Age"	"Age"	"Age"	61.8791316238726	0	727714.523030955	0.99993215415917	NA	NA	NA	"A large coefficient (>15 in absolute value) or small
                p-value (< 10^-10) was obtained from a feature present
                in <5% of samples. Check this is intended."	"prevalence"	205	5
"CAG-873"	"FIScore"	"FIScore"	"FIScore"	-52.7606091010192	0	687268.7559934	0.999938747578714	NA	NA	NA	"A large coefficient (>15 in absolute value) or small
                p-value (< 10^-10) was obtained from a feature present
                in <5% of samples. Check this is intended."	"prevalence"	205	5
"CAG-873"	"Location"	"Center"	"LocationCenter"	28.6620368023639	0	1703647.17307034	0.999986576447867	NA	NA	NA	"A large coefficient (>15 in absolute value) or small
                p-value (< 10^-10) was obtained from a feature present
                in <5% of samples. Check this is intended."	"prevalence"	205	5
"CAG-873"	"Sex"	"Female"	"SexFemale"	30.2767030627107	0	8547921.43127293	0.99999717389612	NA	NA	NA	"A large coefficient (>15 in absolute value) or small
                p-value (< 10^-10) was obtained from a feature present
                in <5% of samples. Check this is intended."	"prevalence"	205	5
"Campylobacter"	"Age"	"Age"	"Age"	0.880943540578446	0	0.856621490223364	0.303765001939079	NA	NA	NA	"Model is nearly unidentifiable: large eigenvalue ratio
 - Rescale variables?"	"prevalence"	205	6
"Campylobacter"	"FIScore"	"FIScore"	"FIScore"	-1.36929104296329	0	1.01451780263998	0.177113382210922	NA	NA	NA	"Model is nearly unidentifiable: large eigenvalue ratio
 - Rescale variables?"	"prevalence"	205	6
"Campylobacter"	"Location"	"Center"	"LocationCenter"	-1.18810578965422	0	1.41667062420471	0.401659812163828	NA	NA	NA	"Model is nearly unidentifiable: large eigenvalue ratio
 - Rescale variables?"	"prevalence"	205	6
"Campylobacter"	"Sex"	"Female"	"SexFemale"	97.8569102960368	0	617.495690301462	0.874083436559194	NA	NA	NA	"Model is nearly unidentifiable: large eigenvalue ratio
 - Rescale variables?"	"prevalence"	205	6
"Campylobacter"	"TimeNW"	"TimeNW"	"TimeNW"	-0.529552754398443	0	0.822007674482586	0.519433595677544	NA	NA	NA	"Model is nearly unidentifiable: large eigenvalue ratio
 - Rescale variables?"	"prevalence"	205	6
"Cetobacterium"	"Age"	"Age"	"Age"	18.4497931329342	0	1039.13090537105	0.985834285537947	NA	NA	NA	"A large coefficient (>15 in absolute value) or small
                p-value (< 10^-10) was obtained from a feature present
                in <5% of samples. Check this is intended."	"prevalence"	205	9
"Cetobacterium"	"FIScore"	"FIScore"	"FIScore"	-46.4449836301268	0	1239.4077261297	0.970107444660232	NA	NA	NA	"A large coefficient (>15 in absolute value) or small
                p-value (< 10^-10) was obtained from a feature present
                in <5% of samples. Check this is intended."	"prevalence"	205	9
"Cetobacterium"	"Location"	"Center"	"LocationCenter"	107.949415891311	0	2592.91141469171	0.966791654780786	NA	NA	NA	"A large coefficient (>15 in absolute value) or small
                p-value (< 10^-10) was obtained from a feature present
                in <5% of samples. Check this is intended."	"prevalence"	205	9
"Cetobacterium"	"Sex"	"Female"	"SexFemale"	54.159647352306	0	1653.86678941844	0.973876115996651	NA	NA	NA	"A large coefficient (>15 in absolute value) or small
                p-value (< 10^-10) was obtained from a feature present
                in <5% of samples. Check this is intended."	"prevalence"	205	9
"Cetobacterium"	"TimeNW"	"TimeNW"	"TimeNW"	26.3648073858087	0	754.687651087964	0.97213178902025	NA	NA	NA	"A large coefficient (>15 in absolute value) or small
                p-value (< 10^-10) was obtained from a feature present
                in <5% of samples. Check this is intended."	"prevalence"	205	9
"Christensenellaceae"	"Age"	"Age"	"Age"	NA	0	NA	NA	NA	NA	NA	"Downdated VtV is not positive definite"	"prevalence"	205	5
"Christensenellaceae"	"FIScore"	"FIScore"	"FIScore"	NA	0	NA	NA	NA	NA	NA	"Downdated VtV is not positive definite"	"prevalence"	205	5
"Christensenellaceae"	"Location"	"Center"	"LocationCenter"	NA	0	NA	NA	NA	NA	NA	"Downdated VtV is not positive definite"	"prevalence"	205	5
"Christensenellaceae"	"Sex"	"Female"	"SexFemale"	NA	0	NA	NA	NA	NA	NA	"Downdated VtV is not positive definite"	"prevalence"	205	5
"Christensenellaceae"	"TimeNW"	"TimeNW"	"TimeNW"	NA	0	NA	NA	NA	NA	NA	"Downdated VtV is not positive definite"	"prevalence"	205	5
"Clostridioides"	"Age"	"Age"	"Age"	1.18603960523628	0	1.7894996710472	0.507473249530087	NA	NA	NA	" Hessian is numerically singular: parameters are not uniquely determined"	"prevalence"	205	8
"Clostridioides"	"FIScore"	"FIScore"	"FIScore"	-0.766778491667207	0	2.14454417345038	0.720681245832798	NA	NA	NA	" Hessian is numerically singular: parameters are not uniquely determined"	"prevalence"	205	8
"Clostridioides"	"Location"	"Center"	"LocationCenter"	28.4070255708601	0	1136.02602244744	0.980050487539393	NA	NA	NA	" Hessian is numerically singular: parameters are not uniquely determined"	"prevalence"	205	8
"Clostridioides"	"Sex"	"Female"	"SexFemale"	27.8889196591004	0	1311.77047780853	0.983037838905433	NA	NA	NA	" Hessian is numerically singular: parameters are not uniquely determined"	"prevalence"	205	8
"Clostridioides"	"TimeNW"	"TimeNW"	"TimeNW"	-0.878175680880247	0	2.42534321246178	0.717289965575635	NA	NA	NA	" Hessian is numerically singular: parameters are not uniquely determined"	"prevalence"	205	8
"Clostridium_sensu_stricto_13"	"Age"	"Age"	"Age"	0.0210184351870495	0	0.80834800508867	0.979255969814308	NA	NA	NA	"Model is nearly unidentifiable: large eigenvalue ratio
 - Rescale variables?"	"prevalence"	205	10
"Clostridium_sensu_stricto_13"	"FIScore"	"FIScore"	"FIScore"	-0.819748791544881	0	0.938980264149691	0.38265203648732	NA	NA	NA	"Model is nearly unidentifiable: large eigenvalue ratio
 - Rescale variables?"	"prevalence"	205	10
"Clostridium_sensu_stricto_13"	"Location"	"Center"	"LocationCenter"	1.77369770427675	0	1.72309520607254	0.303307151580925	NA	NA	NA	"Model is nearly unidentifiable: large eigenvalue ratio
 - Rescale variables?"	"prevalence"	205	10
"Clostridium_sensu_stricto_13"	"Sex"	"Female"	"SexFemale"	29.581823132957	0	273.677425518849	0.913924212964138	NA	NA	NA	"Model is nearly unidentifiable: large eigenvalue ratio
 - Rescale variables?"	"prevalence"	205	10
"Clostridium_sensu_stricto_13"	"TimeNW"	"TimeNW"	"TimeNW"	-1.6102035624634	0	1.66414775935026	0.333251925936227	NA	NA	NA	"Model is nearly unidentifiable: large eigenvalue ratio
 - Rescale variables?"	"prevalence"	205	10
"Coriobacteriaceae_UCG-003"	"FIScore"	"FIScore"	"FIScore"	-16.9118976227669	0	3144.45830957121	0.995708743565697	NA	NA	NA	"A large coefficient (>15 in absolute value) or small
                p-value (< 10^-10) was obtained from a feature present
                in <5% of samples. Check this is intended."	"prevalence"	205	3
"Faecalicoccus"	"Location"	"Center"	"LocationCenter"	44.7285754772784	0	358.619258169978	0.900741731718396	NA	NA	NA	"A large coefficient (>15 in absolute value) or small
                p-value (< 10^-10) was obtained from a feature present
                in <5% of samples. Check this is intended."	"prevalence"	205	3
"Fenollaria"	"Location"	"Center"	"LocationCenter"	21.5807103153646	0	29474.7687736158	0.999415808342193	NA	NA	NA	"A large coefficient (>15 in absolute value) or small
                p-value (< 10^-10) was obtained from a feature present
                in <5% of samples. Check this is intended."	"prevalence"	205	3
"GCA-900066755"	"Age"	"Age"	"Age"	NA	0	NA	NA	NA	NA	NA	"Downdated VtV is not positive definite"	"prevalence"	205	5
"GCA-900066755"	"FIScore"	"FIScore"	"FIScore"	NA	0	NA	NA	NA	NA	NA	"Downdated VtV is not positive definite"	"prevalence"	205	5
"GCA-900066755"	"Location"	"Center"	"LocationCenter"	NA	0	NA	NA	NA	NA	NA	"Downdated VtV is not positive definite"	"prevalence"	205	5
"GCA-900066755"	"Sex"	"Female"	"SexFemale"	NA	0	NA	NA	NA	NA	NA	"Downdated VtV is not positive definite"	"prevalence"	205	5
"GCA-900066755"	"TimeNW"	"TimeNW"	"TimeNW"	NA	0	NA	NA	NA	NA	NA	"Downdated VtV is not positive definite"	"prevalence"	205	5
"Lachnospiraceae"	"Age"	"Age"	"Age"	0.409343679955575	0	0.93590867514147	0.661838928835601	NA	NA	NA	"Model failed to converge: degenerate  Hessian with 1 negative eigenvalues
  See ?lme4::convergence and ?lme4::troubleshooting."	"prevalence"	205	9
"Lachnospiraceae"	"FIScore"	"FIScore"	"FIScore"	-0.312847169533376	0	0.935787421091269	0.738142358131711	NA	NA	NA	"Model failed to converge: degenerate  Hessian with 1 negative eigenvalues
  See ?lme4::convergence and ?lme4::troubleshooting."	"prevalence"	205	9
"Lachnospiraceae"	"Location"	"Center"	"LocationCenter"	-0.17829183754863	0	1.7885025783128	0.920592208578349	NA	NA	NA	"Model failed to converge: degenerate  Hessian with 1 negative eigenvalues
  See ?lme4::convergence and ?lme4::troubleshooting."	"prevalence"	205	9
"Lachnospiraceae"	"Sex"	"Female"	"SexFemale"	19.9352625224465	0	21180.7367680446	0.999249032929874	NA	NA	NA	"Model failed to converge: degenerate  Hessian with 1 negative eigenvalues
  See ?lme4::convergence and ?lme4::troubleshooting."	"prevalence"	205	9
"Lachnospiraceae"	"TimeNW"	"TimeNW"	"TimeNW"	0.0526104734659276	0	0.852217183380564	0.950774945844165	NA	NA	NA	"Model failed to converge: degenerate  Hessian with 1 negative eigenvalues
  See ?lme4::convergence and ?lme4::troubleshooting."	"prevalence"	205	9
"Lachnospiraceae_NK4B4_group"	"FIScore"	"FIScore"	"FIScore"	-21.2931615751402	0	542.763020334214	0.96870618073509	NA	NA	NA	"A large coefficient (>15 in absolute value) or small
                p-value (< 10^-10) was obtained from a feature present
                in <5% of samples. Check this is intended."	"prevalence"	205	5
"Lachnospiraceae_UCG-002"	"Age"	"Age"	"Age"	17.5370576694689	0	162.136180942199	0.913866776386797	NA	NA	NA	"A large coefficient (>15 in absolute value) or small
                p-value (< 10^-10) was obtained from a feature present
                in <5% of samples. Check this is intended."	"prevalence"	205	2
"Lachnospiraceae_UCG-002"	"FIScore"	"FIScore"	"FIScore"	-15.434780660522	0	142.343923883277	0.913652214302644	NA	NA	NA	"A large coefficient (>15 in absolute value) or small
                p-value (< 10^-10) was obtained from a feature present
                in <5% of samples. Check this is intended."	"prevalence"	205	2
"Lachnospiraceae_UCG-003"	"FIScore"	"FIScore"	"FIScore"	-41.2174471485539	0	3867743.7866271	0.999991497170824	NA	NA	NA	"A large coefficient (>15 in absolute value) or small
                p-value (< 10^-10) was obtained from a feature present
                in <5% of samples. Check this is intended."	"prevalence"	205	2
"Lachnospiraceae_UCG-003"	"Location"	"Center"	"LocationCenter"	-53.6760497206087	0	7747851.25565099	0.999994472365312	NA	NA	NA	"A large coefficient (>15 in absolute value) or small
                p-value (< 10^-10) was obtained from a feature present
                in <5% of samples. Check this is intended."	"prevalence"	205	2
"Lachnospiraceae_UCG-003"	"Sex"	"Female"	"SexFemale"	69.8632067172169	0	8986912.64762661	0.999993797338842	NA	NA	NA	"A large coefficient (>15 in absolute value) or small
                p-value (< 10^-10) was obtained from a feature present
                in <5% of samples. Check this is intended."	"prevalence"	205	2
"Lachnospiraceae_UCG-003"	"TimeNW"	"TimeNW"	"TimeNW"	-44.3592961956304	0	3299750.97949757	0.999989273858003	NA	NA	NA	"A large coefficient (>15 in absolute value) or small
                p-value (< 10^-10) was obtained from a feature present
                in <5% of samples. Check this is intended."	"prevalence"	205	2
"Lactococcus"	"Age"	"Age"	"Age"	-0.0619478937818866	0	0.537141823382703	0.908184553083189	NA	NA	NA	"Model is nearly unidentifiable: large eigenvalue ratio
 - Rescale variables?"	"prevalence"	205	16
"Lactococcus"	"FIScore"	"FIScore"	"FIScore"	0.579595157506416	0	0.498725436991871	0.245173407812827	NA	NA	NA	"Model is nearly unidentifiable: large eigenvalue ratio
 - Rescale variables?"	"prevalence"	205	16
"Lactococcus"	"Location"	"Center"	"LocationCenter"	-0.498465483768596	0	1.07358881843122	0.642434028133956	NA	NA	NA	"Model is nearly unidentifiable: large eigenvalue ratio
 - Rescale variables?"	"prevalence"	205	16
"Lactococcus"	"Sex"	"Female"	"SexFemale"	40.0667137537764	0	278.697832359863	0.885686835358071	NA	NA	NA	"Model is nearly unidentifiable: large eigenvalue ratio
 - Rescale variables?"	"prevalence"	205	16
"Lactococcus"	"TimeNW"	"TimeNW"	"TimeNW"	-0.025716336562435	0	0.479687396726553	0.957245398770022	NA	NA	NA	"Model is nearly unidentifiable: large eigenvalue ratio
 - Rescale variables?"	"prevalence"	205	16
"Lawsonella"	"Age"	"Age"	"Age"	-43.8301269576891	0	3737.39557736522	0.990643061653599	NA	NA	NA	"A large coefficient (>15 in absolute value) or small
                p-value (< 10^-10) was obtained from a feature present
                in <5% of samples. Check this is intended."	"prevalence"	205	5
"Mailhella"	"FIScore"	"FIScore"	"FIScore"	-16.9118976227669	0	3144.45830957121	0.995708743565697	NA	NA	NA	"A large coefficient (>15 in absolute value) or small
                p-value (< 10^-10) was obtained from a feature present
                in <5% of samples. Check this is intended."	"prevalence"	205	3
"Megamonas"	"FIScore"	"FIScore"	"FIScore"	-24.8528122650321	0	1105.49753303428	0.982064179781333	NA	NA	NA	"A large coefficient (>15 in absolute value) or small
                p-value (< 10^-10) was obtained from a feature present
                in <5% of samples. Check this is intended."	"prevalence"	205	5
"Megamonas"	"Location"	"Center"	"LocationCenter"	23.1015944565933	0	803.859454648401	0.977073270014859	NA	NA	NA	"A large coefficient (>15 in absolute value) or small
                p-value (< 10^-10) was obtained from a feature present
                in <5% of samples. Check this is intended."	"prevalence"	205	5
"Muribaculum"	"Age"	"Age"	"Age"	43.343484533292	0	377559.949909189	0.999908403693101	NA	NA	NA	"A large coefficient (>15 in absolute value) or small
                p-value (< 10^-10) was obtained from a feature present
                in <5% of samples. Check this is intended."	"prevalence"	205	2
"Muribaculum"	"Location"	"Center"	"LocationCenter"	-78.5488928972827	0	4188113.63364392	0.99998503551852	NA	NA	NA	"A large coefficient (>15 in absolute value) or small
                p-value (< 10^-10) was obtained from a feature present
                in <5% of samples. Check this is intended."	"prevalence"	205	2
"Muribaculum"	"Sex"	"Female"	"SexFemale"	45.5330226431419	0	918146.423657579	0.999960431043652	NA	NA	NA	"A large coefficient (>15 in absolute value) or small
                p-value (< 10^-10) was obtained from a feature present
                in <5% of samples. Check this is intended."	"prevalence"	205	2
"Muribaculum"	"TimeNW"	"TimeNW"	"TimeNW"	17.6553241930058	0	1738453.51474922	0.999991896872439	NA	NA	NA	"A large coefficient (>15 in absolute value) or small
                p-value (< 10^-10) was obtained from a feature present
                in <5% of samples. Check this is intended."	"prevalence"	205	2
"Murimonas"	"Age"	"Age"	"Age"	-62.4347251014732	0	101.585502572725	0.5388171247868	NA	NA	NA	"A large coefficient (>15 in absolute value) or small
                p-value (< 10^-10) was obtained from a feature present
                in <5% of samples. Check this is intended."	"prevalence"	205	3
"Murimonas"	"Location"	"Center"	"LocationCenter"	-58.816271890399	0	303.788566459085	0.846481866700097	NA	NA	NA	"A large coefficient (>15 in absolute value) or small
                p-value (< 10^-10) was obtained from a feature present
                in <5% of samples. Check this is intended."	"prevalence"	205	3
"Murimonas"	"TimeNW"	"TimeNW"	"TimeNW"	-30.6313223957593	0	47.426653273206	0.518365327128579	NA	NA	NA	"A large coefficient (>15 in absolute value) or small
                p-value (< 10^-10) was obtained from a feature present
                in <5% of samples. Check this is intended."	"prevalence"	205	3
"Olsenella"	"FIScore"	"FIScore"	"FIScore"	-45.767218855923	0	4596.66117116945	0.992055896091123	NA	NA	NA	"A large coefficient (>15 in absolute value) or small
                p-value (< 10^-10) was obtained from a feature present
                in <5% of samples. Check this is intended."	"prevalence"	205	2
"Olsenella"	"Location"	"Center"	"LocationCenter"	48.3965240020093	0	12306.8051422937	0.996862326223212	NA	NA	NA	"A large coefficient (>15 in absolute value) or small
                p-value (< 10^-10) was obtained from a feature present
                in <5% of samples. Check this is intended."	"prevalence"	205	2
"Olsenella"	"Sex"	"Female"	"SexFemale"	60.5365169074945	0	3268.70891935782	0.985224015843021	NA	NA	NA	"A large coefficient (>15 in absolute value) or small
                p-value (< 10^-10) was obtained from a feature present
                in <5% of samples. Check this is intended."	"prevalence"	205	2
"Paeniclostridium"	"Location"	"Center"	"LocationCenter"	38.8939895178996	0	449.553129348256	0.931055440173767	NA	NA	NA	"A large coefficient (>15 in absolute value) or small
                p-value (< 10^-10) was obtained from a feature present
                in <5% of samples. Check this is intended."	"prevalence"	205	2
"Paludicola"	"Age"	"Age"	"Age"	-0.6647717171121	0	1.29871001851556	0.608741445776823	NA	NA	NA	"Model is nearly unidentifiable: large eigenvalue ratio
 - Rescale variables?"	"prevalence"	205	4
"Paludicola"	"FIScore"	"FIScore"	"FIScore"	-0.352976771092536	0	1.32374749422641	0.789738944344447	NA	NA	NA	"Model is nearly unidentifiable: large eigenvalue ratio
 - Rescale variables?"	"prevalence"	205	4
"Paludicola"	"Location"	"Center"	"LocationCenter"	-0.407544861146001	0	2.20172924146659	0.853148899321306	NA	NA	NA	"Model is nearly unidentifiable: large eigenvalue ratio
 - Rescale variables?"	"prevalence"	205	4
"Paludicola"	"Sex"	"Female"	"SexFemale"	12.850328125806	0	547.355221653322	0.981269683359442	NA	NA	NA	"Model is nearly unidentifiable: large eigenvalue ratio
 - Rescale variables?"	"prevalence"	205	4
"Paludicola"	"TimeNW"	"TimeNW"	"TimeNW"	-1.19661836258027	0	1.97168951785818	0.543917280082432	NA	NA	NA	"Model is nearly unidentifiable: large eigenvalue ratio
 - Rescale variables?"	"prevalence"	205	4
"Peptoclostridium"	"Age"	"Age"	"Age"	61.8791316238726	0	727714.523030955	0.99993215415917	NA	NA	NA	"A large coefficient (>15 in absolute value) or small
                p-value (< 10^-10) was obtained from a feature present
                in <5% of samples. Check this is intended."	"prevalence"	205	5
"Peptoclostridium"	"FIScore"	"FIScore"	"FIScore"	-52.7606091010192	0	687268.7559934	0.999938747578714	NA	NA	NA	"A large coefficient (>15 in absolute value) or small
                p-value (< 10^-10) was obtained from a feature present
                in <5% of samples. Check this is intended."	"prevalence"	205	5
"Peptoclostridium"	"Location"	"Center"	"LocationCenter"	28.6620368023639	0	1703647.17307034	0.999986576447867	NA	NA	NA	"A large coefficient (>15 in absolute value) or small
                p-value (< 10^-10) was obtained from a feature present
                in <5% of samples. Check this is intended."	"prevalence"	205	5
"Peptoclostridium"	"Sex"	"Female"	"SexFemale"	30.2767030627107	0	8547921.43127293	0.99999717389612	NA	NA	NA	"A large coefficient (>15 in absolute value) or small
                p-value (< 10^-10) was obtained from a feature present
                in <5% of samples. Check this is intended."	"prevalence"	205	5
"Phocea"	"Age"	"Age"	"Age"	-0.66812549035472	0	1.48583975891011	0.652954266248777	NA	NA	NA	" Hessian is numerically singular: parameters are not uniquely determined"	"prevalence"	205	5
"Phocea"	"FIScore"	"FIScore"	"FIScore"	0.284478024007988	0	0.617679846593017	0.645115019351311	NA	NA	NA	" Hessian is numerically singular: parameters are not uniquely determined"	"prevalence"	205	5
"Phocea"	"Location"	"Center"	"LocationCenter"	-34.8918956046903	0	6097823.94032961	0.999995434485306	NA	NA	NA	" Hessian is numerically singular: parameters are not uniquely determined"	"prevalence"	205	5
"Phocea"	"Sex"	"Female"	"SexFemale"	46.7831361517806	0	10649057.9941799	0.999996494756432	NA	NA	NA	" Hessian is numerically singular: parameters are not uniquely determined"	"prevalence"	205	5
"Phocea"	"TimeNW"	"TimeNW"	"TimeNW"	-4.49017803396218	0	3.42140983092578	0.189393114686919	NA	NA	NA	" Hessian is numerically singular: parameters are not uniquely determined"	"prevalence"	205	5
"Prevotella_7"	"Location"	"Center"	"LocationCenter"	-19.4330419682672	0	272.71625292751	0.943192925588831	NA	NA	NA	"A large coefficient (>15 in absolute value) or small
                p-value (< 10^-10) was obtained from a feature present
                in <5% of samples. Check this is intended."	"prevalence"	205	4
"Prevotellaceae_NK3B31_group"	"FIScore"	"FIScore"	"FIScore"	-24.8528122650321	0	1105.49753303428	0.982064179781333	NA	NA	NA	"A large coefficient (>15 in absolute value) or small
                p-value (< 10^-10) was obtained from a feature present
                in <5% of samples. Check this is intended."	"prevalence"	205	5
"Prevotellaceae_NK3B31_group"	"Location"	"Center"	"LocationCenter"	23.1015944565933	0	803.859454648401	0.977073270014859	NA	NA	NA	"A large coefficient (>15 in absolute value) or small
                p-value (< 10^-10) was obtained from a feature present
                in <5% of samples. Check this is intended."	"prevalence"	205	5
"Scardovia"	"Age"	"Age"	"Age"	-22.3804326944483	0	1830.11131551583	0.990242912281675	NA	NA	NA	"A large coefficient (>15 in absolute value) or small
                p-value (< 10^-10) was obtained from a feature present
                in <5% of samples. Check this is intended."	"prevalence"	205	2
"Scardovia"	"Location"	"Center"	"LocationCenter"	47.2664405238852	0	3907.41392094271	0.990348541471748	NA	NA	NA	"A large coefficient (>15 in absolute value) or small
                p-value (< 10^-10) was obtained from a feature present
                in <5% of samples. Check this is intended."	"prevalence"	205	2
"Scardovia"	"Sex"	"Female"	"SexFemale"	-43.4942235421687	0	6419.8125198223	0.994594374234642	NA	NA	NA	"A large coefficient (>15 in absolute value) or small
                p-value (< 10^-10) was obtained from a feature present
                in <5% of samples. Check this is intended."	"prevalence"	205	2
"Scardovia"	"TimeNW"	"TimeNW"	"TimeNW"	25.2402870364664	0	1800.06037760773	0.988812500026601	NA	NA	NA	"A large coefficient (>15 in absolute value) or small
                p-value (< 10^-10) was obtained from a feature present
                in <5% of samples. Check this is intended."	"prevalence"	205	2
"Solobacterium"	"Age"	"Age"	"Age"	129.869204676486	0	1728913.00143559	0.999940066022321	NA	NA	NA	"A large coefficient (>15 in absolute value) or small
                p-value (< 10^-10) was obtained from a feature present
                in <5% of samples. Check this is intended."	"prevalence"	205	3
"Solobacterium"	"FIScore"	"FIScore"	"FIScore"	36.1616256682896	0	415662.371743616	0.99993058596414	NA	NA	NA	"A large coefficient (>15 in absolute value) or small
                p-value (< 10^-10) was obtained from a feature present
                in <5% of samples. Check this is intended."	"prevalence"	205	3
"Solobacterium"	"Location"	"Center"	"LocationCenter"	-369.998510130821	0	6588985.72759804	0.999955195517064	NA	NA	NA	"A large coefficient (>15 in absolute value) or small
                p-value (< 10^-10) was obtained from a feature present
                in <5% of samples. Check this is intended."	"prevalence"	205	3
"Solobacterium"	"Sex"	"Female"	"SexFemale"	139.924611280001	0	9442894.25374073	0.99998817696312	NA	NA	NA	"A large coefficient (>15 in absolute value) or small
                p-value (< 10^-10) was obtained from a feature present
                in <5% of samples. Check this is intended."	"prevalence"	205	3
"Solobacterium"	"TimeNW"	"TimeNW"	"TimeNW"	-179.674903465932	0	3039671.68749983	0.999952837067258	NA	NA	NA	"A large coefficient (>15 in absolute value) or small
                p-value (< 10^-10) was obtained from a feature present
                in <5% of samples. Check this is intended."	"prevalence"	205	3
"Stomatobaculum"	"Age"	"Age"	"Age"	24.2049587209338	0	6954.93760601587	0.99722316360465	NA	NA	NA	"A large coefficient (>15 in absolute value) or small
                p-value (< 10^-10) was obtained from a feature present
                in <5% of samples. Check this is intended."	"prevalence"	205	3
"Stomatobaculum"	"FIScore"	"FIScore"	"FIScore"	-40.201839660086	0	283824.02668596	0.999886984807284	NA	NA	NA	"A large coefficient (>15 in absolute value) or small
                p-value (< 10^-10) was obtained from a feature present
                in <5% of samples. Check this is intended."	"prevalence"	205	3
"Stomatobaculum"	"Location"	"Center"	"LocationCenter"	-19.3237707453657	0	104355.380417526	0.999852253538012	NA	NA	NA	"A large coefficient (>15 in absolute value) or small
                p-value (< 10^-10) was obtained from a feature present
                in <5% of samples. Check this is intended."	"prevalence"	205	3
"Stomatobaculum"	"Sex"	"Female"	"SexFemale"	40.3405994992416	0	162144.838546033	0.999801491422912	NA	NA	NA	"A large coefficient (>15 in absolute value) or small
                p-value (< 10^-10) was obtained from a feature present
                in <5% of samples. Check this is intended."	"prevalence"	205	3
"Succinivibrio"	"Age"	"Age"	"Age"	84.0268248185957	0	48436.9065763507	0.998615855608301	NA	NA	NA	"A large coefficient (>15 in absolute value) or small
                p-value (< 10^-10) was obtained from a feature present
                in <5% of samples. Check this is intended."	"prevalence"	205	8
"Succinivibrio"	"FIScore"	"FIScore"	"FIScore"	-57.0410639337174	0	45401.8274520722	0.9989975695952	NA	NA	NA	"A large coefficient (>15 in absolute value) or small
                p-value (< 10^-10) was obtained from a feature present
                in <5% of samples. Check this is intended."	"prevalence"	205	8
"Succinivibrio"	"Location"	"Center"	"LocationCenter"	25.0659138126373	0	114391.06924725	0.999825163750937	NA	NA	NA	"A large coefficient (>15 in absolute value) or small
                p-value (< 10^-10) was obtained from a feature present
                in <5% of samples. Check this is intended."	"prevalence"	205	8
"Syntrophomonas"	"Age"	"Age"	"Age"	-57.9136508958105	0	1762531.83927292	0.999973782937209	NA	NA	NA	"A large coefficient (>15 in absolute value) or small
                p-value (< 10^-10) was obtained from a feature present
                in <5% of samples. Check this is intended."	"prevalence"	205	3
"Syntrophomonas"	"Sex"	"Female"	"SexFemale"	-25.3884668737686	0	5720026.30850142	0.999996458571229	NA	NA	NA	"A large coefficient (>15 in absolute value) or small
                p-value (< 10^-10) was obtained from a feature present
                in <5% of samples. Check this is intended."	"prevalence"	205	3
"Unknown"	"Age"	"Age"	"Age"	NA	0	NA	NA	NA	0.0483814787898098	0.830253550381854	"All logistic values are the same"	"prevalence"	205	205
"Unknown"	"FIScore"	"FIScore"	"FIScore"	NA	0	NA	NA	NA	0.366853965668942	0.99999953838267	"All logistic values are the same"	"prevalence"	205	205
"Unknown"	"Location"	"Center"	"LocationCenter"	NA	0	NA	NA	NA	0.714243950769178	0.99999953838267	"All logistic values are the same"	"prevalence"	205	205
"Unknown"	"Sex"	"Female"	"SexFemale"	NA	0	NA	NA	NA	0.882606184884487	0.99999953838267	"All logistic values are the same"	"prevalence"	205	205
"Unknown"	"TimeNW"	"TimeNW"	"TimeNW"	NA	0	NA	NA	NA	0.572695031868818	0.99999953838267	"All logistic values are the same"	"prevalence"	205	205
