	NW001-1	NW001-3	NW001-4	NW002-1	NW002-2	NW003-1	NW003-2	NW003-3	NW003-4	NW003-5	NW005-1	NW005-2	NW005-3	NW005-4	NW005-5	NW006-1	NW006-2	NW006-3	NW007-1	NW007-2	NW007-4	NW007-5	NW007-6	NW008-1	NW010-1	NW010-2	NW010-4	NW010-5	NW011-1	NW011-2	NW011-4	NW011-5	NW011-6	NW012-1	NW012-3	NW012-4	NW012-5	NW012-6	NW013-1	NW013-2	NW013-3	NW013-4	NW013-5	NW014-1	NW015-1	NW015-2	NW015-3	NW015-5	NW015-6	NW016-1	NW016-2-1	NW016-2-2	NW016-2-3	NW016-3	NW016-4-1	NW016-4-2	NW016-5	NW018-1	NW018-2	NW018-3-1	NW018-3-2	NW018-4	NW018-5	NW019-1	NW019-2-1	NW019-2-2	NW019-3	NW019-4	NW019-5	NW020-1	NW020-2	NW020-3	NW020-5	NW020-6	NW021-3	NW021-5	NW021-6	NW022-1	NW022-4	NW022-5-1	NW022-5-2	NW022-6	NW023-1	NW023-3	NW023-4	NW023-6	NW025-1	NW025-2	NW025-3	NW025-4	NW026-1	NW026-2	NW026-3	NW026-4	NW026-5	NW027-1	NW027-2	NW027-3	NW027-5	NW027-6	NW028-1	NW028-2	NW028-3	NW028-4	NW028-5	NW029-1	NW029-2	NW029-3	NW029-5	NW030-1	NW030-2	NW030-4	NW030-5-1	NW030-5-2	NW030-6	NW031-1	NW031-2	NW031-3	NW031-4	NW031-5	NW032-1	NW032-2	NW032-3	NW032-4-1	NW032-4-2	NW032-4-3	NW032-5	NW033-1	NW033-2	NW033-3	NW033-4	NW033-5	NW034-1	NW034-2-1	NW034-2-2	NW034-3	NW034-4	NW034-5	NW035-1	NW035-2	NW035-4-1	NW035-4-2	NW035-5	NW036-1	NW036-2	NW036-3	NW036-4	NW036-5	NW038-1	NW038-2	NW038-3	NW038-4	NW038-5	NW040-1	NW040-2-1	NW040-2-2	NW040-3	NW041-1	NW041-2	NW042-1	NW042-3	NW042-4	NW042-5	NW043-1	NW043-3	NW043-4-1	NW043-4-2	NW043-6	NW044-1	NW045-1	NW045-2	NW045-3	NW045-4-1	NW045-4-2	NW045-5	NW046-1	NW046-5	NW047-4	NW047-5	NW048-1	NW048-5-1	NW048-5-2	NW049-1	NW049-2	NW049-3	NW049-4	NW049-5	NW050-1	NW050-2	NW050-3	NW050-4	NW050-5	NW051-1	NW051-2	NW051-3	NW051-5	NW051-6	NW052-1	NW052-2	NW053-1	NW053-2	NW053-3	NW053-4	NW053-5
NW001-1	0.0	0.2433441877365112	0.8594703078269958	0.6663250923156738	0.6253081560134888	0.4002069234848022	0.4213576912879944	0.4800685346126556	0.4085379838943481	0.4240229427814484	0.3271887302398682	0.4035040736198425	0.3589423298835754	0.4047666192054749	0.4144906103610992	0.465627133846283	0.6640817523002625	0.6632806658744812	0.3618531823158264	0.4971228241920471	0.3305795788764954	0.5860239267349243	0.7071318030357361	0.5348341464996338	0.5467169880867004	0.05742953345179558	0.8732964992523193	0.8137786984443665	0.521289050579071	0.5026540160179138	0.4443449974060059	0.5188568830490112	0.5233144164085388	0.5028784275054932	0.5340262055397034	0.4447676837444305	0.5312556028366089	0.6057180762290955	0.3503859043121338	0.4483176469802856	0.4037030935287476	0.3798088431358337	0.3668375015258789	0.4528342187404633	0.3128691911697388	0.4586343467235565	0.4170604944229126	0.4139003157615662	0.4657241702079773	0.4307707846164703	0.4133431613445282	0.3693856000900269	0.4062831103801727	0.3826523125171661	0.565860390663147	0.2685090601444244	0.8601316809654236	0.3020131289958954	0.2619690597057343	0.3509107232093811	0.3545225858688354	0.290274441242218	0.30144003033638	0.3725735545158386	0.3903115391731262	0.3799732625484467	0.3533526360988617	0.3360994160175323	0.4135686755180359	0.5699281096458435	0.5305206775665283	0.5493423342704773	0.6116411685943604	0.4557583332061768	0.7325201034545898	0.6344764828681946	0.6559773683547974	0.5137460827827454	0.6178769469261169	0.3780092895030975	0.4583589732646942	0.5706483125686646	0.4473263621330261	0.518498957157135	0.4531704187393188	0.5009056925773621	0.2755659520626068	0.3227090239524841	0.2874887585639954	0.3095761835575104	0.519339919090271	0.411304235458374	0.5437908172607422	0.428126335144043	0.3456746339797974	0.8399813175201416	0.8124836683273315	0.780570924282074	0.9263019561767578	0.7526207566261292	0.5099456906318665	0.5184491276741028	0.5815255641937256	0.573208749294281	0.717431902885437	0.5794205665588379	0.545224666595459	0.5994462370872498	0.5162184238433838	0.4449347853660583	0.4237652719020844	0.3488487899303436	0.4901007115840912	0.3721300363540649	0.381725400686264	0.3655407726764679	0.3984075784683228	0.3588756322860718	0.3366105854511261	0.3426593840122223	0.6616608500480652	0.6613039374351501	0.4357757866382599	0.5145274996757507	0.4617274403572083	0.4759264588356018	0.4947226643562317	0.6785969734191895	0.5676339864730835	0.6913623213768005	0.90086430311203	0.5965391397476196	0.4341813921928406	0.5111791491508484	0.4548369944095612	0.4571395218372345	0.4117015898227692	0.4674406945705414	0.5867360234260559	0.4941688179969788	0.5224372148513794	0.4635650515556335	0.5766282677650452	0.3227710425853729	0.2643255889415741	0.3023007810115814	0.3017850518226624	0.3081490099430084	0.5070978999137878	0.5212392210960388	0.4801828861236572	0.5013822913169861	0.4940650463104248	0.3704645335674286	0.4107697010040283	0.4294041991233826	0.4427574276924133	0.4298465847969055	0.3138070702552795	0.5618987083435059	0.5210034847259521	0.5540964603424072	0.5889328718185425	0.4976578056812286	0.5911150574684143	0.5239555239677429	0.5221350193023682	0.5425513386726379	0.3143410086631775	0.6221941113471985	0.6401383280754089	0.508911669254303	0.5927391052246094	0.7858079671859741	0.7108258605003357	0.4596680998802185	0.4443109035491943	0.5979564785957336	0.3442378640174866	0.3547421097755432	0.449225902557373	0.3258573710918427	0.3777990937232971	0.3143260478973389	0.4461104273796082	0.3600576519966125	0.538266658782959	0.6809516549110413	0.7405497431755066	0.8582858443260193	0.6061096787452698	0.6146334409713745	0.3962470293045044	0.4704353213310242	0.4818063676357269	0.4540060460567474	0.4208040535449982	0.472013920545578	0.5621800422668457	0.6235040426254272	0.7787065505981445	0.6538861989974976	0.6473841667175293	0.4921994805335999
NW001-3	0.2433441877365112	0.0	0.7079507112503052	0.6522909998893738	0.6059561967849731	0.547572135925293	0.540485143661499	0.5394691228866577	0.5362678170204163	0.5634732842445374	0.4500426054000854	0.3869202733039856	0.4298301935195923	0.4343910217285156	0.4079000949859619	0.4196743071079254	0.6046763062477112	0.5904989838600159	0.5534704923629761	0.4912165403366089	0.5061344504356384	0.5287615060806274	0.6268909573554993	0.5067422986030579	0.5771054625511169	0.2509828209877014	0.7938986420631409	0.7174229025840759	0.5330766439437866	0.5628255009651184	0.6083377003669739	0.5899527072906494	0.6836729645729065	0.4595747590065002	0.4924136996269226	0.6026319861412048	0.4936985373497009	0.5571303367614746	0.4461471438407898	0.6092725396156311	0.5085188150405884	0.5475629568099976	0.578568160533905	0.5140250325202942	0.4213641583919525	0.4412682354450226	0.4925307631492615	0.5312787890434265	0.502618134021759	0.5556801557540894	0.5643643736839294	0.4671497344970703	0.6122003197669983	0.5422191619873047	0.4302201867103577	0.4179689288139343	0.7136156558990479	0.5060256719589233	0.4605622589588165	0.5367501974105835	0.5402317643165588	0.4864811301231384	0.4851807355880737	0.4766853153705597	0.5025281310081482	0.4256427884101868	0.4529723823070526	0.4651492834091187	0.4758582413196564	0.5282770395278931	0.5068773627281189	0.5290590524673462	0.5569174885749817	0.449995368719101	0.8822391033172607	0.785010576248169	0.6225014925003052	0.5221109390258789	0.5570173859596252	0.4443485736846924	0.6095609664916992	0.5486006736755371	0.575526773929596	0.6288498044013977	0.5699320435523987	0.4348652958869934	0.4220015704631805	0.3396164774894714	0.4706225991249084	0.4138321578502655	0.4863710999488831	0.4535199105739594	0.4931272268295288	0.4782186448574066	0.5154655575752258	0.7792011499404907	0.7641829252243042	0.7323033213615417	0.8652418851852417	0.7041044235229492	0.6660635471343994	0.6213905811309814	0.6166430115699768	0.5871341824531555	0.6677020192146301	0.6896360516548157	0.701079785823822	0.7052245736122131	0.66452956199646	0.6372613906860352	0.5915384292602539	0.4657905101776123	0.6768919229507446	0.5068445801734924	0.5661113262176514	0.4102667570114136	0.3610802590847015	0.4712957441806793	0.4330117702484131	0.3884779512882233	0.5344386696815491	0.7626707553863525	0.5560285449028015	0.6132557392120361	0.6115142703056335	0.6256198287010193	0.4554614424705505	0.8251010179519653	0.7152435183525085	0.6405284404754639	0.8260968327522278	0.7468922138214111	0.6004529595375061	0.650606632232666	0.6073023676872253	0.6542301177978516	0.5521189570426941	0.6219056248664856	0.4974665939807892	0.4282860159873962	0.4328859448432922	0.3489020168781281	0.4728782176971436	0.5086089372634888	0.4265751838684082	0.3624568581581116	0.4116500616073608	0.3391157388687134	0.5723376274108887	0.5139716267585754	0.5390196442604065	0.5582365989685059	0.487969845533371	0.4508273601531982	0.449280858039856	0.4513121247291565	0.4030441343784332	0.551676332950592	0.4655928015708923	0.6751626133918762	0.527822732925415	0.5981912016868591	0.7023587822914124	0.520377516746521	0.6789942979812622	0.4876745641231537	0.5653210878372192	0.5383533835411072	0.3793298900127411	0.5745145678520203	0.5965814590454102	0.4783913195133209	0.5494394302368164	0.7132386565208435	0.6319469213485718	0.4153042435646057	0.3900615572929382	0.455463707447052	0.460279643535614	0.5162322521209717	0.4377073049545288	0.4883029460906982	0.5159560441970825	0.4447623491287231	0.4691378474235535	0.5415593385696411	0.4404311776161194	0.6499391794204712	0.6965423226356506	0.8093048930168152	0.5816861391067505	0.6023703217506409	0.5188925266265869	0.5796191692352295	0.5944730043411255	0.5566157698631287	0.5590078830718994	0.4454044997692108	0.5121036767959595	0.5877199172973633	0.7015847563743591	0.606592059135437	0.59468013048172	0.5597171783447266
NW001-4	0.8594703078269958	0.7079507112503052	0.0	0.9202994108200073	0.9095544815063477	0.983330488204956	0.9395837783813477	0.8747066855430603	0.9141340851783752	0.9786164164543152	0.929186999797821	0.8462616801261902	0.9137141108512878	0.8733989000320435	0.7981172204017639	0.8028262257575989	0.7427776455879211	0.7418309450149536	0.9974793195724487	0.8426629304885864	0.9879820942878723	0.7786253690719604	0.7041184902191162	0.7577129006385803	0.6989622116088867	0.8566480875015259	0.4568302929401398	0.5501713156700134	0.916462242603302	0.9384446144104004	1.001894950866699	0.9679043292999268	1.058466553688049	0.8673838973045349	0.8066222071647644	1.008348822593689	0.8070607781410217	0.6978638172149658	0.8475313186645508	0.932641327381134	0.8999151587486267	0.9399880170822144	0.9707441926002502	0.8909088373184204	0.903067409992218	0.9082903861999512	0.9789838790893555	1.021437525749207	0.9892263412475586	0.9650445580482483	1.046768188476562	0.916599452495575	1.076770067214966	1.012855768203735	0.4799221158027649	0.8872389793395996	0.4174265563488007	0.9804173111915588	0.9236975908279419	0.9756460189819336	1.007316470146179	0.9241712093353271	0.937791109085083	0.9383717179298401	0.9549497961997986	0.8695334792137146	0.9275307059288025	0.9447445869445801	0.9195514917373657	0.7550195455551147	0.783401608467102	0.850084125995636	0.7053506970405579	0.8264824151992798	1.167745590209961	0.9423081874847412	0.6913657784461975	0.7009924650192261	0.8138977885246277	0.9299643635749817	1.049779772758484	0.603650689125061	1.003764629364014	1.049217820167542	1.020425796508789	0.6902101039886475	0.8921627402305603	0.7941642999649048	0.9460161328315735	0.8183589577674866	0.8232303261756897	0.8877061605453491	0.7372243404388428	0.8872293829917908	0.9695263504981995	0.5458043217658997	0.5685654878616333	0.5123544335365295	0.4967850744724274	0.5665273666381836	0.9806851744651794	0.8605215549468994	0.9024656414985657	0.8457587957382202	0.6249274015426636	1.116989731788635	1.155308485031128	1.081116557121277	1.074749708175659	0.9965649843215942	0.9793801307678223	0.8451023101806641	1.070874691009521	0.9327679872512817	0.9582335352897644	0.8800579309463501	0.8035212755203247	0.9383757710456848	0.8970609903335571	0.8082684278488159	0.4573254585266113	1.064122676849365	0.8960998058319092	0.9501441121101379	0.9503383636474609	0.9602676630020142	0.7888213992118835	1.200879335403442	1.119743824005127	0.601444661617279	0.4667211771011353	1.109713554382324	1.049090266227722	1.087137937545776	1.059770226478577	1.09878671169281	0.9990277290344238	1.060728430747986	0.6759555339813232	0.7364453077316284	0.702580988407135	0.684834361076355	0.6514581441879272	1.004700660705566	0.915494441986084	0.825901448726654	0.8754685521125793	0.8080898523330688	0.9568823575973511	0.8887187838554382	0.9404293894767761	0.9634051322937012	0.8711591362953186	0.827966570854187	0.8872658014297485	0.8306653499603271	0.7217747569084167	1.027657747268677	0.9003000259399414	1.017021536827087	0.8793076872825623	0.9311259984970093	1.020753979682922	0.8133330941200256	0.94755619764328	0.7757574319839478	0.8857107758522034	0.8288465738296509	0.8031657338142395	0.8453141450881958	0.8830910325050354	0.831285297870636	0.7630491852760315	0.7065030336380005	0.7509180307388306	0.8079717755317688	0.7859436273574829	0.4661144316196442	0.8740878105163574	0.9534952044487	0.8044160604476929	0.9689598083496094	0.916577935218811	0.8181825280189514	0.8925704956054688	0.9696986675262451	0.6372758746147156	0.5458868741989136	0.5732427835464478	0.6001731157302856	0.5974286794662476	0.5741978883743286	1.018626093864441	1.025071501731873	1.008482098579407	1.014425277709961	1.027150750160217	0.8333126902580261	0.6982737183570862	0.5254086852073669	0.4562899470329285	0.594332218170166	0.527733564376831	0.6528186202049255
NW002-1	0.6663250923156738	0.6522909998893738	0.9202994108200073	0.0	0.1476157754659653	0.6494443416595459	0.6281781792640686	0.716950535774231	0.613068699836731	0.6509151458740234	0.5542321801185608	0.5143957138061523	0.5602808594703674	0.5097790956497192	0.5470073223114014	0.5497344732284546	0.6594831347465515	0.6869300603866577	0.7778246402740479	0.6597210764884949	0.6391926407814026	0.7394014000892639	0.7886000871658325	0.6155346035957336	0.641298234462738	0.6669161319732666	0.8306148648262024	0.7646734118461609	0.6430597901344299	0.6542296409606934	0.7129054069519043	0.705172061920166	0.8011271357536316	0.5878974795341492	0.607923150062561	0.7577754855155945	0.6133013963699341	0.6601664423942566	0.6290924549102783	0.7457851767539978	0.6553536653518677	0.7027851939201355	0.7321401238441467	0.6403784155845642	0.5553310513496399	0.4966759383678436	0.5584669709205627	0.6222921013832092	0.5646865963935852	0.6597567200660706	0.6981651782989502	0.591922402381897	0.7595153450965881	0.7297217845916748	0.754289984703064	0.6930714845657349	0.9363575577735901	0.6742473840713501	0.650956928730011	0.7025518417358398	0.6539053916931152	0.6944650411605835	0.6995658278465271	0.5225168466567993	0.5481440424919128	0.5593118667602539	0.563114583492279	0.5735475420951843	0.5214918851852417	0.5523830652236938	0.55998694896698	0.4591155350208282	0.6659775972366333	0.5997273921966553	0.7877190113067627	0.7704402208328247	0.7341949939727783	0.6204103827476501	0.7068515419960022	0.6042080521583557	0.6791346073150635	0.6706638932228088	0.7009978890419006	0.6672310829162598	0.6811199188232422	0.6890607476234436	0.6438500881195068	0.574887216091156	0.7145747542381287	0.7042300701141357	0.545042872428894	0.5845626592636108	0.5777880549430847	0.6025875806808472	0.6717798113822937	0.7428233027458191	0.7331126928329468	0.7036773562431335	0.8574047088623047	0.6753481030464172	0.7570164799690247	0.6784956455230713	0.6739336848258972	0.6582382917404175	0.7436413168907166	0.7370728850364685	0.7609408497810364	0.6172561645507812	0.7073249816894531	0.7310412526130676	0.7080981731414795	0.708612859249115	0.7724502682685852	0.725151002407074	0.7339269518852234	0.5827168822288513	0.5513260960578918	0.5829341411590576	0.5458828210830688	0.6773970723152161	0.6639075875282288	0.8866273164749146	0.7304835319519043	0.748568058013916	0.7735117077827454	0.7790156602859497	0.6164758801460266	0.9463210105895996	0.8116283416748047	0.7010263204574585	0.8404812216758728	0.8329647779464722	0.5592142343521118	0.5509206056594849	0.5624753832817078	0.6533287167549133	0.5914249420166016	0.5644834041595459	0.7060027718544006	0.6290667653083801	0.6696938276290894	0.6553813219070435	0.6926459074020386	0.6718100905418396	0.5742855072021484	0.5461909770965576	0.5891381502151489	0.5351881980895996	0.6344484090805054	0.5789521336555481	0.612544596195221	0.5982111692428589	0.5660036206245422	0.5527439117431641	0.5361603498458862	0.45961594581604	0.517602801322937	0.5502625703811646	0.6590285301208496	0.6569849848747253	0.5061519742012024	0.6269505620002747	0.6352822184562683	0.5551066398620605	0.6673212647438049	0.5405908823013306	0.5925111174583435	0.5619907379150391	0.5838299989700317	0.7069579362869263	0.5137828588485718	0.5964668393135071	0.6259245276451111	0.7729254961013794	0.7055318355560303	0.5632545948028564	0.6217013597488403	0.6934620141983032	0.697605550289154	0.7040656208992004	0.6430070996284485	0.6502470970153809	0.4760136306285858	0.5118189454078674	0.412649542093277	0.5292357206344604	0.5713393688201904	0.6673234701156616	0.6981700658798218	0.8277928829193115	0.6924130916595459	0.6290765404701233	0.7210545539855957	0.7403576374053955	0.7374122142791748	0.7354289293289185	0.7513442039489746	0.5076285600662231	0.5894289612770081	0.627551257610321	0.7485264539718628	0.6966124176979065	0.6823609471321106	0.6415557265281677
NW002-2	0.6253081560134888	0.6059561967849731	0.9095544815063477	0.1476157754659653	0.0	0.5818052291870117	0.5540717840194702	0.6429409980773926	0.5537264943122864	0.584791898727417	0.5088966488838196	0.4480724632740021	0.4888613522052765	0.4242878258228302	0.4848163723945618	0.5267289876937866	0.6289776563644409	0.6559494137763977	0.7288715839385986	0.6131615042686462	0.5691996812820435	0.6862675547599792	0.7402331233024597	0.572934627532959	0.6292253136634827	0.6294854879379272	0.8188088536262512	0.7409581542015076	0.5937803983688354	0.6116223335266113	0.6647005677223206	0.6694125533103943	0.7633680701255798	0.5459292531013489	0.5601087212562561	0.7180364727973938	0.5638722777366638	0.5993025898933411	0.568062424659729	0.7189614772796631	0.5920022130012512	0.6246830224990845	0.6863435506820679	0.599825382232666	0.515093982219696	0.4452137649059296	0.5147750377655029	0.5613183975219727	0.5003578662872314	0.6173246502876282	0.6441314816474915	0.5360201001167297	0.7105265259742737	0.6804226636886597	0.7097201347351074	0.6514448523521423	0.8963701128959656	0.6330995559692383	0.6063722372055054	0.6446201801300049	0.5973653197288513	0.6363864541053772	0.6420429944992065	0.4538330137729645	0.4801449179649353	0.4973834455013275	0.498698502779007	0.5072526931762695	0.4515769481658936	0.5032320022583008	0.4956629276275635	0.400595486164093	0.6185697913169861	0.5565093755722046	0.7780521512031555	0.7609279751777649	0.7273445129394531	0.6153127551078796	0.6613873839378357	0.5638324022293091	0.6259206533432007	0.6625933647155762	0.6576873660087585	0.6273829936981201	0.6378397941589355	0.6236849427223206	0.5780247449874878	0.5116209983825684	0.6547287106513977	0.6382567286491394	0.4812153875827789	0.5424105525016785	0.5583232045173645	0.5708349347114563	0.633594810962677	0.7259727120399475	0.7162775993347168	0.6877511739730835	0.843994677066803	0.6570791602134705	0.7297318577766418	0.6625717282295227	0.6676263809204102	0.6445677280426025	0.7243176698684692	0.66585773229599	0.6839479804039001	0.569965124130249	0.6560806035995483	0.6950345039367676	0.6753479838371277	0.6588913202285767	0.7412649393081665	0.6802458167076111	0.6936360001564026	0.5384646654129028	0.5130109786987305	0.5362064242362976	0.5041165351867676	0.634595513343811	0.6239274144172668	0.8508237600326538	0.6988693475723267	0.7144479751586914	0.7445264458656311	0.753049910068512	0.5698512196540833	0.9031968712806702	0.7659392356872559	0.6827992796897888	0.8226372599601746	0.7926865220069885	0.4922991096973419	0.4910094738006592	0.4892095625400543	0.6031697988510132	0.5346965193748474	0.517140805721283	0.6546902656555176	0.5768139362335205	0.6149656772613525	0.6048540472984314	0.6425986886024475	0.6387678980827332	0.5448793768882751	0.5039082169532776	0.5520132184028625	0.5026574730873108	0.565201997756958	0.5080244541168213	0.5416162014007568	0.5280935168266296	0.4785676300525665	0.5362023711204529	0.5075075030326843	0.4524318873882294	0.4915779829025269	0.4617315828800201	0.5991305112838745	0.5862957835197449	0.4292292296886444	0.5541858077049255	0.5655710697174072	0.5239666700363159	0.6327770948410034	0.490839421749115	0.5539335012435913	0.5265203714370728	0.5527375936508179	0.6662066578865051	0.4939568042755127	0.5526998043060303	0.5841965079307556	0.7416991591453552	0.676357626914978	0.5163407325744629	0.5750175714492798	0.6863930225372314	0.6735039949417114	0.619419515132904	0.5815147757530212	0.5952176451683044	0.4470170140266418	0.5101426839828491	0.3794964253902435	0.4670560359954834	0.5296249389648438	0.6196805834770203	0.6463561654090881	0.7947371006011963	0.6700249910354614	0.5811252593994141	0.6531327962875366	0.6902263164520264	0.6845266819000244	0.6928057670593262	0.7039759755134583	0.4199203848838806	0.5319880843162537	0.6120582818984985	0.7317459583282471	0.6810532808303833	0.6691763401031494	0.63559889793396
NW003-1	0.4002069234848022	0.547572135925293	0.983330488204956	0.6494443416595459	0.5818052291870117	0.0	0.1068684458732605	0.287403792142868	0.1618604958057404	0.1083031445741653	0.3532910346984863	0.4291320443153381	0.3770939111709595	0.3975748121738434	0.5101781487464905	0.5444324016571045	0.7312799096107483	0.7556828856468201	0.4342732131481171	0.5718848705291748	0.3296047449111938	0.6736742258071899	0.7477394342422485	0.6198244690895081	0.6080512404441833	0.4112149477005005	0.927152693271637	0.8605420589447021	0.545118510723114	0.5112632513046265	0.4660662114620209	0.5715225338935852	0.5469574332237244	0.5143238306045532	0.5120671391487122	0.4097294211387634	0.522260308265686	0.6060556173324585	0.425428032875061	0.4324480593204498	0.4474136829376221	0.39224973320961	0.3966912627220154	0.4893831610679626	0.3869137167930603	0.4387955665588379	0.426373153924942	0.391141802072525	0.4335305988788605	0.4185939729213715	0.3432833254337311	0.4902714788913727	0.3960564136505127	0.3684328198432922	0.6594274044036865	0.3591718077659607	0.9311978220939636	0.2830508351325989	0.3682448267936707	0.322499543428421	0.3088854551315308	0.3437938690185547	0.3039838373661041	0.462272435426712	0.4597753286361694	0.5009786486625671	0.4436736106872559	0.4213294088840485	0.4936289489269257	0.5947223901748657	0.5637260675430298	0.5723915696144104	0.6708967685699463	0.519027829170227	0.6742011308670044	0.6078235507011414	0.6656808257102966	0.584625244140625	0.6772254705429077	0.4286185801029205	0.4352496862411499	0.6494331359863281	0.3125308454036713	0.3499501347541809	0.2961686551570892	0.5655857920646667	0.3323878347873688	0.4628252983093262	0.3198419511318207	0.3949898779392242	0.4931769371032715	0.442779541015625	0.5654265284538269	0.463994175195694	0.392806202173233	0.8573168516159058	0.8018466234207153	0.7722042798995972	0.9357772469520569	0.7367678284645081	0.5390971302986145	0.5390903353691101	0.6116280555725098	0.5954159498214722	0.7121534943580627	0.3411970734596252	0.3226105868816376	0.3542546927928925	0.3393720984458923	0.400186151266098	0.4133162200450897	0.4040892422199249	0.4441261291503906	0.3862699270248413	0.3913269340991974	0.421097993850708	0.4379175007343292	0.3787491619586945	0.3907767236232758	0.4189465641975403	0.7196705937385559	0.5841190218925476	0.4622032046318054	0.4945838749408722	0.4575836062431335	0.4537364840507507	0.483571469783783	0.6329979300498962	0.5206435918807983	0.6779983043670654	0.8992231488227844	0.5332154035568237	0.3337672352790833	0.4064823389053345	0.355428546667099	0.3883880078792572	0.3450857102870941	0.3943299055099487	0.7217848896980286	0.6112979054450989	0.6417768597602844	0.6087184548377991	0.6797048449516296	0.3366159200668335	0.3131097257137299	0.3560844361782074	0.370589017868042	0.359874814748764	0.4815205633640289	0.4916430115699768	0.4229930639266968	0.4290816187858582	0.4680894613265991	0.3888765275478363	0.4415667057037354	0.4429465234279633	0.540654182434082	0.3863984644412994	0.3997606635093689	0.3216067552566528	0.3698180019855499	0.4023493826389313	0.3463809192180634	0.5694255232810974	0.606909990310669	0.5892747640609741	0.5429303646087646	0.5881330966949463	0.4155072867870331	0.690086841583252	0.6916530132293701	0.5913007259368896	0.6690170168876648	0.8229830265045166	0.7454159259796143	0.5276756882667542	0.5131309032440186	0.7172926068305969	0.4549557268619537	0.3541138768196106	0.531586229801178	0.3691491484642029	0.3657731711864471	0.3768565654754639	0.4397682249546051	0.3320998549461365	0.5907008051872253	0.6714612245559692	0.7091414332389832	0.8699281215667725	0.6721800565719604	0.6175000071525574	0.2970613539218903	0.3706908822059631	0.3809140920639038	0.3507096767425537	0.323062390089035	0.460080474615097	0.5635613203048706	0.6851761341094971	0.8242513537406921	0.7271919250488281	0.7091220617294312	0.5675580501556396
NW003-2	0.4213576912879944	0.540485143661499	0.9395837783813477	0.6281781792640686	0.5540717840194702	0.1068684458732605	0.0	0.2234521508216858	0.1195952743291855	0.1060860604047775	0.3835509419441223	0.450878381729126	0.4013617336750031	0.4167160093784332	0.5244641900062561	0.5587843656539917	0.7418875098228455	0.7460954785346985	0.4839710891246796	0.5943598747253418	0.3662244081497192	0.6856593489646912	0.756828248500824	0.6166985034942627	0.6008065938949585	0.4297129213809967	0.9129385948181152	0.8462576270103455	0.5894272923469543	0.5601069927215576	0.5071855187416077	0.6117374300956726	0.591073215007782	0.5343979001045227	0.528577983379364	0.4592454135417938	0.5447440147399902	0.6117684245109558	0.4430163204669952	0.4602780044078827	0.4806391000747681	0.4411824941635132	0.4436042010784149	0.5096949934959412	0.3811818659305573	0.4533364176750183	0.4423099756240845	0.424778938293457	0.448657363653183	0.4161903560161591	0.3754741549491882	0.4732674956321716	0.4565626084804535	0.4124237596988678	0.6513024568557739	0.3795740008354187	0.912051796913147	0.3519821763038635	0.4196583926677704	0.384822279214859	0.3581770658493042	0.3706997931003571	0.3449245393276215	0.4430773854255676	0.442729264497757	0.4840110540390015	0.4301612973213196	0.4098116159439087	0.4684539437294006	0.6122642755508423	0.5809069275856018	0.5820176601409912	0.685626208782196	0.5403306484222412	0.6882818937301636	0.6156156659126282	0.6653989553451538	0.5919361114501953	0.6954894065856934	0.4635310471057892	0.4321830272674561	0.6396432518959045	0.3442357778549194	0.3364232778549194	0.2854231894016266	0.5293108224868774	0.32403364777565	0.4391893744468689	0.3394357562065125	0.4134365618228912	0.4903540313243866	0.4570071995258331	0.5586706399917603	0.4874724149703979	0.4269071519374847	0.8410308361053467	0.7867435812950134	0.7576086521148682	0.9204216599464417	0.7219278216362	0.5600587725639343	0.5641230344772339	0.6314570307731628	0.615868866443634	0.7132184505462646	0.3097573220729828	0.3531875908374786	0.3208531141281128	0.3482087850570679	0.4403167366981506	0.4481352865695953	0.4087711572647095	0.4809019863605499	0.3914336860179901	0.4302954971790314	0.4420664310455322	0.4409788548946381	0.3915230929851532	0.3895649313926697	0.4220961928367615	0.6818350553512573	0.6138861179351807	0.4824654459953308	0.5176324248313904	0.4943113625049591	0.4929578304290771	0.4910950660705566	0.6723603010177612	0.5495884418487549	0.6661893129348755	0.8865276575088501	0.5620832443237305	0.3830188810825348	0.4331285655498505	0.3917964100837708	0.4409275650978088	0.3704131841659546	0.4277177453041077	0.7070188522338867	0.591151773929596	0.6231561303138733	0.58591228723526	0.6609790921211243	0.3897881805896759	0.3517760038375854	0.3809544742107391	0.4093893766403198	0.3997578024864197	0.49692302942276	0.5049293637275696	0.4301263391971588	0.4357988238334656	0.4801092743873596	0.396563857793808	0.4477564990520477	0.4331068098545074	0.4935552775859833	0.3962883949279785	0.4495312571525574	0.2797583639621735	0.3498448729515076	0.3805059790611267	0.2991290390491486	0.5280337333679199	0.5934268236160278	0.5508522391319275	0.5270469188690186	0.5739783644676208	0.3873665928840637	0.675833523273468	0.6627101302146912	0.5918012261390686	0.6515969038009644	0.8047945499420166	0.7308144569396973	0.5210001468658447	0.4952400922775269	0.6777841448783875	0.4180525839328766	0.4015447795391083	0.5487038493156433	0.3879788219928741	0.36104816198349	0.3680824935436249	0.4178816378116608	0.3313366770744324	0.573204755783081	0.6597974300384521	0.694841742515564	0.8550370335578918	0.6613786816596985	0.6052214503288269	0.2954679727554321	0.3639301359653473	0.3725490272045135	0.3466316759586334	0.3235699236392975	0.4741818606853485	0.580747127532959	0.6745856404304504	0.8080063462257385	0.7142350673675537	0.6976991891860962	0.5646876692771912
NW003-3	0.4800685346126556	0.5394691228866577	0.8747066855430603	0.716950535774231	0.6429409980773926	0.287403792142868	0.2234521508216858	0.0	0.230726882815361	0.2777277231216431	0.5372071862220764	0.5296061635017395	0.5132808089256287	0.5149704217910767	0.5563410520553589	0.5960868000984192	0.7460598349571228	0.7404632568359375	0.5526061058044434	0.6064085364341736	0.488501101732254	0.6973316669464111	0.7542446851730347	0.6301828622817993	0.6362629532814026	0.4974983632564545	0.9267749190330505	0.8603328466415405	0.6359738111495972	0.6170660257339478	0.5603061318397522	0.6533635854721069	0.646630048751831	0.605341911315918	0.5759254097938538	0.5966840386390686	0.6058828234672546	0.6406199932098389	0.4831255376338959	0.5607014894485474	0.5313973426818848	0.5015740394592285	0.519817054271698	0.5626819133758545	0.4871056973934174	0.5686323046684265	0.5770285725593567	0.5513290762901306	0.5690411329269409	0.514142632484436	0.5481497645378113	0.4779973328113556	0.625312864780426	0.556773841381073	0.6038289666175842	0.4624668657779694	0.8524050116539001	0.5023776292800903	0.5054568648338318	0.4799411296844482	0.5204907059669495	0.4306424856185913	0.4445065855979919	0.4681185483932495	0.4674137234687805	0.478707879781723	0.4567825496196747	0.4635521471500397	0.461872398853302	0.6854105591773987	0.6294278502464294	0.6647292375564575	0.693586528301239	0.5733941197395325	0.8489054441452026	0.7525423169136047	0.7531593441963196	0.6773397922515869	0.6968158483505249	0.5612208247184753	0.5942481160163879	0.7213236093521118	0.4145798683166504	0.4273090064525604	0.3678441047668457	0.457017183303833	0.3879087865352631	0.4528043866157532	0.4526912868022919	0.3767035007476807	0.5422483682632446	0.5582138895988464	0.6181830167770386	0.5713474154472351	0.5590967535972595	0.8587685227394104	0.8171653747558594	0.7857752442359924	0.938615620136261	0.7566848993301392	0.6327787041664124	0.6341445446014404	0.6883279085159302	0.680460512638092	0.7785847783088684	0.4280116260051727	0.4979363679885864	0.4461724162101746	0.490277111530304	0.5381958484649658	0.5268337726593018	0.3842531144618988	0.61234050989151	0.4519703090190887	0.4922950863838196	0.5302098393440247	0.4897520542144775	0.4783394038677216	0.4848085939884186	0.4571085274219513	0.6179563999176025	0.6964747905731201	0.5407548546791077	0.5822847485542297	0.5702313184738159	0.5640659332275391	0.5561919212341309	0.7870689034461975	0.6864528059959412	0.7657378911972046	0.9094330668449402	0.7062699198722839	0.532787561416626	0.5944132208824158	0.5419140458106995	0.6080806851387024	0.5125861167907715	0.583518385887146	0.6402886509895325	0.5624115467071533	0.5554946660995483	0.4948969483375549	0.5834916234016418	0.5494745969772339	0.4835525751113892	0.453654408454895	0.4788661003112793	0.4803635478019714	0.515883207321167	0.4974933266639709	0.436147540807724	0.4696395695209503	0.5039788484573364	0.5016991496086121	0.5398774147033691	0.5347028970718384	0.508955717086792	0.5229128003120422	0.5104542374610901	0.372740238904953	0.4549572467803955	0.3969803750514984	0.4020975828170776	0.5236415863037109	0.5812129378318787	0.5183764696121216	0.5409778356552124	0.5713241696357727	0.3845506906509399	0.7093303203582764	0.7606436014175415	0.6134428381919861	0.7053567171096802	0.8335893154144287	0.7445276379585266	0.5867436528205872	0.4940674304962158	0.624824047088623	0.4902725517749786	0.4515129327774048	0.5991751551628113	0.523909866809845	0.5108959078788757	0.4731761515140533	0.5478252172470093	0.4799330830574036	0.5902029871940613	0.6855739951133728	0.7166824340820312	0.8734865784645081	0.6956932544708252	0.6445790529251099	0.3568213582038879	0.4003771245479584	0.3912783861160278	0.3882012963294983	0.3783226609230042	0.4938050210475922	0.6087245345115662	0.6959793567657471	0.8148897886276245	0.7688125967979431	0.7260875105857849	0.6092392206192017
NW003-4	0.4085379838943481	0.5362678170204163	0.9141340851783752	0.613068699836731	0.5537264943122864	0.1618604958057404	0.1195952743291855	0.230726882815361	0.0	0.1349825710058212	0.4024000465869904	0.4932087957859039	0.4461514353752136	0.4603312015533447	0.5557191371917725	0.558934211730957	0.769495964050293	0.762220561504364	0.5002138614654541	0.6139184236526489	0.362936407327652	0.7016475200653076	0.774836540222168	0.6443450450897217	0.6073471903800964	0.4234841465950012	0.9129759073257446	0.8482456803321838	0.6096065044403076	0.5848652124404907	0.5286391973495483	0.6276940703392029	0.6140474677085876	0.5650961995124817	0.5642837882041931	0.4992194771766663	0.5832871198654175	0.6589231491088867	0.4528531432151794	0.4749829471111298	0.4930623471736908	0.4589000940322876	0.4717234969139099	0.5542892813682556	0.3600232899188995	0.4662409126758575	0.4593929648399353	0.4257262349128723	0.4562774896621704	0.4205892086029053	0.4096659421920776	0.4440852403640747	0.4842036962509155	0.4605174660682678	0.6639010906219482	0.3956418931484222	0.9233430027961731	0.3920456767082214	0.4437767863273621	0.4146478474140167	0.3755740821361542	0.3875909745693207	0.3551073372364044	0.4031918942928314	0.4047897458076477	0.4503730237483978	0.3979218006134033	0.3782067596912384	0.4305899739265442	0.6447286605834961	0.6149858832359314	0.5924832224845886	0.7179945111274719	0.5749629139900208	0.6780507564544678	0.5892090797424316	0.6543588042259216	0.5943141579627991	0.7225474119186401	0.483543187379837	0.4453388750553131	0.6483933329582214	0.3764702975749969	0.3946431577205658	0.3343315720558167	0.4920144975185394	0.3035009503364563	0.430679053068161	0.3566926121711731	0.3914808630943298	0.5263643264770508	0.4861757159233093	0.572668731212616	0.4990032613277435	0.4639715850353241	0.8425616025924683	0.7957425713539124	0.764114260673523	0.9219388961791992	0.7358159422874451	0.5625309944152832	0.5645416975021362	0.6330907344818115	0.6172080636024475	0.718070387840271	0.364184558391571	0.3579568862915039	0.3284943103790283	0.3262593746185303	0.4682541191577911	0.4783449769020081	0.4001259505748749	0.492694765329361	0.3831751346588135	0.4481369853019714	0.4626128375530243	0.463450700044632	0.387330025434494	0.3863175809383392	0.4044254124164581	0.6819369792938232	0.661412239074707	0.49711874127388	0.5492822527885437	0.5225880146026611	0.5170178413391113	0.5202190279960632	0.7069289684295654	0.5801195502281189	0.6728858947753906	0.8943406343460083	0.58846116065979	0.394749641418457	0.4586737751960754	0.4037642776966095	0.4629137516021729	0.3852502405643463	0.4416944086551666	0.6854694485664368	0.5880692601203918	0.6037271022796631	0.5661031603813171	0.6433174014091492	0.4211173951625824	0.3828384876251221	0.4095255732536316	0.4346974492073059	0.432492733001709	0.5185283422470093	0.5176546573638916	0.4345582127571106	0.4336178004741669	0.4910711050033569	0.3795606791973114	0.4411761462688446	0.4019128680229187	0.432677298784256	0.4016804397106171	0.4625930786132812	0.3417921364307404	0.3727014362812042	0.4463699460029602	0.3537392616271973	0.5221760869026184	0.5913968682289124	0.5312464237213135	0.5291574001312256	0.5740021467208862	0.3530517518520355	0.6933057904243469	0.6550275087356567	0.6187134981155396	0.6706929206848145	0.8185425400733948	0.7359820008277893	0.5251284241676331	0.480923980474472	0.662299394607544	0.4074245393276215	0.4332349896430969	0.5953965783119202	0.4235964119434357	0.3493986427783966	0.3153778612613678	0.4261229038238525	0.3281430900096893	0.5816182494163513	0.6663672924041748	0.682388961315155	0.8566344380378723	0.6580662131309509	0.6068017482757568	0.3479938507080078	0.4198287129402161	0.4276131689548492	0.4043656587600708	0.3817975223064423	0.4885632991790771	0.6272608041763306	0.6744598150253296	0.8070687651634216	0.7089549899101257	0.700869619846344	0.5603050589561462
NW003-5	0.4240229427814484	0.5634732842445374	0.9786164164543152	0.6509151458740234	0.584791898727417	0.1083031445741653	0.1060860604047775	0.2777277231216431	0.1349825710058212	0.0	0.3742478787899017	0.4798714220523834	0.4248252213001251	0.4366141855716705	0.545231819152832	0.5675351619720459	0.7716221213340759	0.7759951949119568	0.4533634185791016	0.6131081581115723	0.3465101420879364	0.7001696228981018	0.7708167433738708	0.654723048210144	0.6269217133522034	0.4363588094711304	0.9443842172622681	0.8785174489021301	0.5956722497940063	0.5677827596664429	0.5126101970672607	0.6157767176628113	0.5911552309989929	0.5665183663368225	0.556211531162262	0.4336893260478973	0.5679805278778076	0.642629086971283	0.4503954648971558	0.4576399624347687	0.4858294725418091	0.4480291604995728	0.4459618926048279	0.5377563834190369	0.3799228370189667	0.4622155427932739	0.4456152319908142	0.4104830920696259	0.4504348933696747	0.4181221425533295	0.3482924699783325	0.4821390509605408	0.40960294008255	0.4005008339881897	0.686005175113678	0.3926318883895874	0.9490095973014832	0.3279360830783844	0.4215845465660095	0.3602584302425385	0.3135648667812347	0.3767766356468201	0.3382380902767181	0.4574094414710999	0.4490959942340851	0.491565465927124	0.4307506680488586	0.4098358154296875	0.4836301803588867	0.6385499238967896	0.6071886420249939	0.586420476436615	0.7141677737236023	0.5670732259750366	0.6492143869400024	0.6031258702278137	0.6852560639381409	0.6226407289505005	0.7209402918815613	0.4742746651172638	0.4118936955928802	0.6748400926589966	0.3355856537818909	0.3216713070869446	0.2672678530216217	0.5735794305801392	0.3296220004558563	0.4649915099143982	0.3449018895626068	0.4184863269329071	0.5289319753646851	0.4816145598888397	0.6044021248817444	0.5066136121749878	0.4330063164234161	0.8685487508773804	0.8130277395248413	0.7822200655937195	0.9449877738952637	0.7466232776641846	0.5807365775108337	0.5823961496353149	0.6569637060165405	0.6405984163284302	0.7481371164321899	0.290452629327774	0.3123171925544739	0.3160759806632996	0.3239390254020691	0.431771993637085	0.4595051109790802	0.4276537299156189	0.4643791615962982	0.3901977837085724	0.3999195396900177	0.4612748324871063	0.4622946381568909	0.3839956521987915	0.3810449838638306	0.4212929010391235	0.7311043739318848	0.5987163782119751	0.4875895380973816	0.5290921926498413	0.4867328703403473	0.4850143194198608	0.5044353604316711	0.6445978283882141	0.5448045134544373	0.6999110579490662	0.922338604927063	0.54384446144104	0.3371357023715973	0.4055363237857819	0.352175772190094	0.3961788415908813	0.361388772726059	0.3884550034999847	0.7191097140312195	0.6029396057128906	0.638251543045044	0.6028823256492615	0.6769797801971436	0.3578313887119293	0.3562404215335846	0.3908120393753052	0.41499263048172	0.4056786000728607	0.5244045853614807	0.5417542457580566	0.4669110178947449	0.4646657705307007	0.5144587159156799	0.401025801897049	0.4682283699512482	0.4278645217418671	0.5042604804039001	0.4001475870609283	0.4343758523464203	0.2809858620166779	0.3658841252326965	0.4115689098834991	0.3008055090904236	0.5815479159355164	0.6355094909667969	0.6073386669158936	0.5730658769607544	0.6198318004608154	0.4187192320823669	0.7133983969688416	0.6859081983566284	0.6204683780670166	0.6994845867156982	0.8490073680877686	0.7715983986854553	0.5313577651977539	0.5159802436828613	0.7313086986541748	0.4560224413871765	0.4089469611644745	0.5724377632141113	0.4035869538784027	0.3622165322303772	0.3692427575588226	0.4282003045082092	0.3136089742183685	0.6101471781730652	0.7054769396781921	0.7420680522918701	0.888984739780426	0.6872534155845642	0.6526932716369629	0.2858724594116211	0.3597366213798523	0.3692295551300049	0.3430594205856323	0.3157018721103668	0.5124226212501526	0.6095334887504578	0.708818256855011	0.8458834290504456	0.7431584000587463	0.733879804611206	0.5874694585800171
NW005-1	0.3271887302398682	0.4500426054000854	0.929186999797821	0.5542321801185608	0.5088966488838196	0.3532910346984863	0.3835509419441223	0.5372071862220764	0.4024000465869904	0.3742478787899017	0.0	0.2166945785284042	0.155325785279274	0.1944840550422668	0.2791781723499298	0.4606117010116577	0.6049811840057373	0.6327564120292664	0.3901581764221191	0.4328665137290955	0.2880986928939819	0.529994010925293	0.6663742065429688	0.4767324030399323	0.4356878101825714	0.3090821802616119	0.8419680595397949	0.761652410030365	0.4428123235702515	0.4249411523342133	0.4405705332756042	0.4820712804794312	0.4953855276107788	0.3875536024570465	0.4147596061229706	0.3690794408321381	0.3904105722904205	0.4657081961631775	0.3627134561538696	0.3856977224349976	0.3174010813236237	0.318326473236084	0.3374108970165253	0.3297857046127319	0.2777227461338043	0.3395889401435852	0.2629475295543671	0.3084370791912079	0.3393715918064117	0.3345122933387756	0.2810144126415253	0.4003984034061432	0.3418326079845428	0.3146892786026001	0.5870885252952576	0.3075908124446869	0.8890855312347412	0.299519419670105	0.2922118306159973	0.3827378749847412	0.3190523684024811	0.3433522582054138	0.3727361559867859	0.4063388407230377	0.4140830934047699	0.3903661072254181	0.3787944614887238	0.3542717695236206	0.437937468290329	0.4623273909091949	0.4485445618629456	0.4165007174015045	0.5423270463943481	0.3502422273159027	0.6597908139228821	0.5603255033493042	0.584384560585022	0.4175792932510376	0.5581347346305847	0.3081064522266388	0.3434883952140808	0.5053960084915161	0.3724424242973328	0.3819065690040588	0.3464286923408508	0.5500320196151733	0.331005722284317	0.396979957818985	0.3711366951465607	0.4065327942371368	0.397170215845108	0.3036389350891113	0.4186001420021057	0.3332293629646301	0.2657137513160706	0.7675853371620178	0.7160747051239014	0.6893361806869507	0.8517435789108276	0.6553177833557129	0.4699940979480743	0.4522922039031982	0.5234449505805969	0.5011628866195679	0.6280320882797241	0.4736602604389191	0.4675474166870117	0.4931993782520294	0.4113146662712097	0.4418984055519104	0.4061918556690216	0.4476900100708008	0.4862872660160065	0.4311833083629608	0.4509636163711548	0.291710376739502	0.3907360732555389	0.2803837656974792	0.2701700031757355	0.3901191651821136	0.6672850847244263	0.5897453427314758	0.4478683173656464	0.4706912338733673	0.4848123490810394	0.4983293414115906	0.4345259368419647	0.6367862224578857	0.4908354580402374	0.5895923972129822	0.8105068206787109	0.5275840759277344	0.3234506845474243	0.3751860558986664	0.3427227735519409	0.3632202744483948	0.2521878778934479	0.3457221984863281	0.6577338576316833	0.5424916744232178	0.5967830419540405	0.538858950138092	0.6466557383537292	0.2748919427394867	0.2166811376810074	0.2616530060768127	0.2471309304237366	0.2654928863048553	0.4256899654865265	0.4663553237915039	0.4251675009727478	0.4137890636920929	0.3888112902641296	0.3406411409378052	0.33502396941185	0.3064897358417511	0.4487493932247162	0.3192327618598938	0.3065732419490814	0.463224858045578	0.3488195836544037	0.4668797552585602	0.468102365732193	0.5066786408424377	0.5454160571098328	0.5442248582839966	0.4795238375663757	0.4702323079109192	0.3505561947822571	0.5385738015174866	0.4989814162254333	0.4124100804328918	0.4817655086517334	0.6984520554542542	0.6190089583396912	0.4335299730300903	0.4854296147823334	0.6087849736213684	0.3874644041061401	0.3108142018318176	0.3663566112518311	0.2555271685123444	0.3222908675670624	0.3051052093505859	0.3431556820869446	0.3623946011066437	0.5298638939857483	0.6054394841194153	0.6763169765472412	0.8081018924713135	0.5523347854614258	0.5472248792648315	0.4170344471931458	0.4814242422580719	0.5161980390548706	0.4489723742008209	0.4029363989830017	0.3729637563228607	0.4217233061790466	0.5415942072868347	0.7185840010643005	0.5943803191184998	0.5562679767608643	0.4244686961174011
NW005-2	0.4035040736198425	0.3869202733039856	0.8462616801261902	0.5143957138061523	0.4480724632740021	0.4291320443153381	0.450878381729126	0.5296061635017395	0.4932087957859039	0.4798714220523834	0.2166945785284042	0.0	0.1569035053253174	0.1395061165094376	0.1632875204086304	0.3787041008472443	0.4710171520709991	0.5212573409080505	0.4828254580497742	0.3982512950897217	0.3871090412139893	0.4838375151157379	0.5879173278808594	0.3498990535736084	0.4200856685638428	0.4019268155097961	0.7548019289970398	0.6730194091796875	0.3600630760192871	0.3691374063491821	0.4616901278495789	0.4567729234695435	0.5208903551101685	0.3014219701290131	0.3049708306789398	0.486337423324585	0.3068263530731201	0.3713143169879913	0.3416775166988373	0.4870847761631012	0.333735853433609	0.3501895368099213	0.3922443389892578	0.3339567184448242	0.3696817755699158	0.2834703326225281	0.3161343634128571	0.3665229976177216	0.3456449806690216	0.4557220339775085	0.4294438660144806	0.4851166307926178	0.495962530374527	0.4228294193744659	0.5068250298500061	0.4337618350982666	0.811596691608429	0.386158674955368	0.3317849934101105	0.4112056791782379	0.4140077531337738	0.3912927806377411	0.4162459969520569	0.4728206098079681	0.5017659664154053	0.4620804488658905	0.476054310798645	0.4510372579097748	0.5095999836921692	0.3792121410369873	0.3342013955116272	0.3749005794525146	0.4216431975364685	0.2811495363712311	0.7924332022666931	0.6871362328529358	0.5515287518501282	0.4195592403411865	0.4533191025257111	0.3007135689258575	0.4800648987293243	0.4635458588600159	0.4203404188156128	0.4837542176246643	0.4378423690795898	0.4661931991577148	0.4022643566131592	0.3365382552146912	0.4299446046352386	0.4395889043807983	0.2627658843994141	0.2632032930850983	0.3166607916355133	0.3114611506462097	0.3622099459171295	0.6844190359115601	0.6366169452667236	0.612861692905426	0.7749816179275513	0.5834252834320068	0.5247244834899902	0.4560968279838562	0.4740330874919891	0.4447193145751953	0.5582108497619629	0.5565225481987	0.5834878087043762	0.5600739121437073	0.5210336446762085	0.4818359315395355	0.4342233240604401	0.4837027788162231	0.5461967587471008	0.5114970803260803	0.4836300313472748	0.323335587978363	0.3106858432292938	0.3716458976268768	0.3891006410121918	0.4719838500022888	0.5772351026535034	0.637773871421814	0.5037001967430115	0.5147929191589355	0.5484853386878967	0.552028477191925	0.3841149210929871	0.7061781883239746	0.5946693420410156	0.5378502607345581	0.7319850921630859	0.6252636909484863	0.4428342878818512	0.4937780201435089	0.4511585533618927	0.5172081589698792	0.3819781541824341	0.4656164944171906	0.5452415943145752	0.4324009120464325	0.4835299551486969	0.4430259466171265	0.5405380129814148	0.4036623239517212	0.3150403499603271	0.2410098165273666	0.283863365650177	0.2357298880815506	0.3741137385368347	0.3375587463378906	0.3800888657569885	0.4001550078392029	0.2730484902858734	0.361269474029541	0.2968086302280426	0.3189321756362915	0.4420727789402008	0.4156579077243805	0.3359476923942566	0.5205680131912231	0.3477145731449127	0.4143596291542053	0.5485855340957642	0.4092762768268585	0.5108891725540161	0.4027762413024902	0.430223286151886	0.3489089906215668	0.3642716407775879	0.4863324165344238	0.5041614770889282	0.3304366171360016	0.4006864428520203	0.6170859336853027	0.5269137620925903	0.3948566317558289	0.3996153473854065	0.5026763677597046	0.4797902703285217	0.3421897888183594	0.2732830345630646	0.3436639606952667	0.4487113058567047	0.4328350722789764	0.3810454308986664	0.4717032313346863	0.4402872920036316	0.5091776251792908	0.5787516236305237	0.7157851457595825	0.4940152168273926	0.459371417760849	0.4188970625400543	0.4790872931480408	0.501252293586731	0.4410423338413239	0.4272891879081726	0.2481302618980408	0.3137979805469513	0.4572277665138245	0.6360076665878296	0.5433115363121033	0.4970447421073914	0.4333617687225342
NW005-3	0.3589423298835754	0.4298301935195923	0.9137141108512878	0.5602808594703674	0.4888613522052765	0.3770939111709595	0.4013617336750031	0.5132808089256287	0.4461514353752136	0.4248252213001251	0.155325785279274	0.1569035053253174	0.0	0.120263546705246	0.2152310460805893	0.4321444630622864	0.5569433569908142	0.5968175530433655	0.4336711764335632	0.4028120636940002	0.334617406129837	0.5042226314544678	0.6450262665748596	0.4248250126838684	0.3955153226852417	0.3508775234222412	0.8175814151763916	0.7325820922851562	0.3899697363376617	0.3829508423805237	0.4252797067165375	0.4457691311836243	0.492826372385025	0.3527380526065826	0.3736659288406372	0.401909202337265	0.3546137511730194	0.4292822182178497	0.3266079425811768	0.4395382106304169	0.2932715117931366	0.3230270147323608	0.3571664988994598	0.2947688400745392	0.3224469125270844	0.3265869319438934	0.2810187935829163	0.3260818421840668	0.3212366700172424	0.3853299021720886	0.3481306433677673	0.4307210445404053	0.4138721227645874	0.3554144501686096	0.56259685754776	0.3569445908069611	0.867206335067749	0.298967033624649	0.2936248183250427	0.3606192767620087	0.3384419679641724	0.3234654664993286	0.3577918410301208	0.4188512563705444	0.4314995408058167	0.4108774065971375	0.4008598625659943	0.37516850233078	0.4521472156047821	0.4381219744682312	0.3967866599559784	0.4290184676647186	0.4910590946674347	0.2904109954833984	0.7166738510131836	0.615932822227478	0.5525813698768616	0.4094412922859192	0.5247415900230408	0.2750246822834015	0.4008046388626099	0.4913350343704224	0.3747552037239075	0.4363703429698944	0.37619948387146	0.4910346269607544	0.3448618352413177	0.3351449966430664	0.3757017552852631	0.4108974039554596	0.3052272498607635	0.2531432211399078	0.3671457171440125	0.2947816848754883	0.2806565463542938	0.7456585764884949	0.6949228644371033	0.6699162721633911	0.8320260643959045	0.6363551616668701	0.4871377050876617	0.43206986784935	0.4915855824947357	0.4717355370521545	0.5890451073646545	0.4723962843418121	0.489513635635376	0.4873194992542267	0.4263706803321838	0.4382114708423615	0.4029957950115204	0.4299006760120392	0.481095939874649	0.4417423009872437	0.4546934068202972	0.2561974823474884	0.3350476622581482	0.2984301447868347	0.3208273351192474	0.4194448590278625	0.6389220952987671	0.6177089214324951	0.4908965229988098	0.498724639415741	0.5322312116622925	0.5429232120513916	0.4300528168678284	0.6493030786514282	0.5192988514900208	0.5405371189117432	0.7905423045158386	0.5469596982002258	0.3687584400177002	0.4214655458927155	0.3801811337471008	0.4453709125518799	0.3129235804080963	0.4075826704502106	0.6255659461021423	0.5118927955627441	0.5640741586685181	0.5104871988296509	0.6186456680297852	0.3308465778827667	0.2456366270780563	0.2202350944280624	0.2503944039344788	0.2489113211631775	0.3705920875072479	0.393697202205658	0.3654846251010895	0.3737198710441589	0.3126343190670013	0.3018827736377716	0.2738367915153503	0.3213903605937958	0.4432078301906586	0.366910308599472	0.3242060840129852	0.4730755090713501	0.3396866321563721	0.3987683951854706	0.4953050017356873	0.4470573961734772	0.5312434434890747	0.4825626909732819	0.4393514692783356	0.3854539692401886	0.3083569407463074	0.5115178227424622	0.5234018564224243	0.3740646243095398	0.4532498121261597	0.6753560900688171	0.5844689607620239	0.4276776313781738	0.4612922668457031	0.5762268900871277	0.4079796075820923	0.2878331243991852	0.2960815727710724	0.2404275685548782	0.4229654669761658	0.3996235728263855	0.3838306963443756	0.426671177148819	0.4970786869525909	0.5501581430435181	0.6216498613357544	0.7569717764854431	0.5215088129043579	0.4890461564064026	0.3922475874423981	0.4697726368904114	0.5013042092323303	0.4442659914493561	0.4032345116138458	0.2999076843261719	0.3782440423965454	0.504319429397583	0.6937724351882935	0.5676690936088562	0.5299389362335205	0.3972618877887726
NW005-4	0.4047666192054749	0.4343910217285156	0.8733989000320435	0.5097790956497192	0.4242878258228302	0.3975748121738434	0.4167160093784332	0.5149704217910767	0.4603312015533447	0.4366141855716705	0.1944840550422668	0.1395061165094376	0.120263546705246	0.0	0.1648127436637878	0.3858307003974915	0.5109445452690125	0.5449557304382324	0.472502738237381	0.3776376247406006	0.3786380887031555	0.4805618524551392	0.6058990955352783	0.3998870849609375	0.3867347538471222	0.3971613347530365	0.7722586393356323	0.6847444772720337	0.4283289015293121	0.4214556813240051	0.4958830177783966	0.5056902170181274	0.5651995539665222	0.3438620865345001	0.3717171847820282	0.4410910904407501	0.354449987411499	0.4101638197898865	0.3428978025913239	0.4738860726356506	0.3091472685337067	0.3558147847652435	0.3955075442790985	0.3025845885276794	0.3578879535198212	0.3094982206821442	0.3093664646148682	0.3518253266811371	0.3326588273048401	0.3952689468860626	0.3835606276988983	0.41728276014328	0.4505241215229034	0.3940708339214325	0.532953143119812	0.3910238444805145	0.825203537940979	0.3728321492671967	0.3647564351558685	0.4353718161582947	0.4099464118480682	0.3944543302059174	0.4343881607055664	0.4011888206005096	0.4111194908618927	0.3940746188163757	0.4085597693920135	0.3789514899253845	0.4343198239803314	0.3979584872722626	0.3595664203166962	0.3900789022445679	0.4714841842651367	0.3127842843532562	0.7777429223060608	0.6748769283294678	0.5796478986740112	0.3696776926517487	0.5030354261398315	0.3202931880950928	0.4343094229698181	0.4557603001594543	0.3746913969516754	0.430810272693634	0.3815335929393768	0.4499094784259796	0.3680252134799957	0.2989729642868042	0.4097126126289368	0.4394493997097015	0.3028363883495331	0.3008668124675751	0.3859513700008392	0.3468546867370605	0.3543016016483307	0.6981812715530396	0.6472666263580322	0.6210890412330627	0.7861558794975281	0.5872399210929871	0.5564712285995483	0.4855488240718842	0.5232595801353455	0.5082331895828247	0.6059606671333313	0.5228726863861084	0.5500192046165466	0.5228632092475891	0.4870749413967133	0.5100437998771667	0.4709406793117523	0.5006811022758484	0.5531907677650452	0.5086162686347961	0.5143696069717407	0.3071185350418091	0.3416659832000732	0.3302256464958191	0.3558199107646942	0.4509181380271912	0.5979105234146118	0.6506903171539307	0.5299414992332458	0.5352345705032349	0.5667140483856201	0.5786235928535461	0.4295129776000977	0.7117111682891846	0.578345775604248	0.5517928004264832	0.7466027736663818	0.601704478263855	0.4178426861763	0.4688517451286316	0.4234201610088348	0.4978361129760742	0.368194192647934	0.4518862962722778	0.570543110370636	0.4535994231700897	0.508146345615387	0.4621032476425171	0.5634694695472717	0.3873200118541718	0.2887917459011078	0.2604513168334961	0.2893488705158234	0.2715670168399811	0.3619223833084106	0.3472065627574921	0.348600447177887	0.3575821220874786	0.2627004981040955	0.3559184372425079	0.3134500682353973	0.3154101669788361	0.4068780839443207	0.3918662071228027	0.3591293096542358	0.4642375707626343	0.298011988401413	0.3884730935096741	0.4858250021934509	0.4053666591644287	0.5076629519462585	0.4248700439929962	0.4218908846378326	0.3572973608970642	0.345387190580368	0.4831967353820801	0.4821541905403137	0.3588780462741852	0.4152112007141113	0.6356152296066284	0.5422452688217163	0.3762494027614594	0.4147515296936035	0.5400559902191162	0.4452296495437622	0.3584976196289062	0.3082173764705658	0.3077186346054077	0.4514960050582886	0.4306168854236603	0.3935375213623047	0.4532546699047089	0.4419674873352051	0.4970059990882874	0.5660488605499268	0.7109653949737549	0.4836704134941101	0.4352786839008331	0.4206969738006592	0.4655176997184753	0.491454005241394	0.4631357192993164	0.4471297860145569	0.2461539506912231	0.3467108607292175	0.4608321487903595	0.6497530937194824	0.5227419137954712	0.4863914549350739	0.4023745059967041
NW005-5	0.4144906103610992	0.4079000949859619	0.7981172204017639	0.5470073223114014	0.4848163723945618	0.5101781487464905	0.5244641900062561	0.5563410520553589	0.5557191371917725	0.545231819152832	0.2791781723499298	0.1632875204086304	0.2152310460805893	0.1648127436637878	0.0	0.3303824961185455	0.4040921330451965	0.4388691782951355	0.4972742795944214	0.3880610764026642	0.4533312022686005	0.4329131841659546	0.5517881512641907	0.2819682955741882	0.4054642915725708	0.3966134190559387	0.715325117111206	0.6209930181503296	0.4019242525100708	0.4195854067802429	0.5062255859375	0.5026736259460449	0.5786312818527222	0.3454038500785828	0.296597957611084	0.5220139622688293	0.3001788258552551	0.3387261629104614	0.3641349077224731	0.5120000839233398	0.3434304594993591	0.3982073366641998	0.4175607264041901	0.3436321318149567	0.4243924617767334	0.3377682268619537	0.3765330612659454	0.436799168586731	0.4086393117904663	0.4804963767528534	0.4837400615215302	0.4901512563228607	0.5413156151771545	0.4690504372119904	0.4876567423343658	0.4775795340538025	0.7760605216026306	0.4448278844356537	0.3582051694393158	0.4728187322616577	0.4891801178455353	0.4258391857147217	0.4910435080528259	0.4871481359004974	0.5050424337387085	0.4645130336284637	0.4978182017803192	0.4761006534099579	0.5240753293037415	0.3289885520935059	0.2778541147708893	0.3265825510025024	0.362043708562851	0.2861348688602448	0.8597326278686523	0.7458556294441223	0.6124687790870667	0.4254990816116333	0.3913048207759857	0.3346008658409119	0.5252693891525269	0.4599549174308777	0.4346293807029724	0.501453697681427	0.4591720998287201	0.4854791164398193	0.4485523700714111	0.3481040000915527	0.496987372636795	0.4799038469791412	0.2686325907707214	0.3389045298099518	0.3226264119148254	0.3719041347503662	0.421309232711792	0.6390864253044128	0.6016599535942078	0.5747712254524231	0.7374241948127747	0.5480108857154846	0.5663509964942932	0.4947991371154785	0.5129709839820862	0.4759515523910522	0.5416746735572815	0.6308742165565491	0.6613479852676392	0.6278060674667358	0.5945244431495667	0.538251519203186	0.4903202950954437	0.5248929858207703	0.6184468865394592	0.5733715295791626	0.525441586971283	0.3596856594085693	0.3589734435081482	0.3897066414356232	0.4108543992042542	0.5129597187042236	0.5328378677368164	0.6812169551849365	0.5498572587966919	0.5626879930496216	0.5953025817871094	0.6020057201385498	0.4039546251296997	0.7654600739479065	0.6519521474838257	0.5516154766082764	0.6956083178520203	0.6791192889213562	0.5051854848861694	0.5563079714775085	0.5184624791145325	0.5783860087394714	0.4481899440288544	0.531801164150238	0.46419557929039	0.3489696979522705	0.4024142622947693	0.3757205605506897	0.453345000743866	0.4538812935352325	0.3570287525653839	0.2753430008888245	0.3122530579566956	0.2830663323402405	0.405622273683548	0.3592405319213867	0.4131023287773132	0.4303344786167145	0.2789640724658966	0.4352918565273285	0.3658189475536346	0.3704174757003784	0.4667993187904358	0.4666420221328735	0.346312552690506	0.5552592873573303	0.3836158812046051	0.4402863681316376	0.5786498785018921	0.4431475400924683	0.5442744493484497	0.4199928343296051	0.4763252139091492	0.3792707920074463	0.3897008895874023	0.436202198266983	0.5087559819221497	0.3074758648872375	0.3672375679016113	0.58152174949646	0.4831661880016327	0.3446905612945557	0.3852388858795166	0.4749015271663666	0.5186258554458618	0.404387503862381	0.2347482740879059	0.3444985449314117	0.5339460968971252	0.4987140893936157	0.4606865346431732	0.5324002504348755	0.4209725856781006	0.4676813185214996	0.5500109791755676	0.6698789000511169	0.4420807659626007	0.4136993587017059	0.450449138879776	0.4808833003044128	0.4837816059589386	0.4745193123817444	0.4693184494972229	0.2354379445314407	0.2886676490306854	0.3965390920639038	0.5892897248268127	0.4951567947864532	0.4293038845062256	0.4355210959911346
NW006-1	0.465627133846283	0.4196743071079254	0.8028262257575989	0.5497344732284546	0.5267289876937866	0.5444324016571045	0.5587843656539917	0.5960868000984192	0.558934211730957	0.5675351619720459	0.4606117010116577	0.3787041008472443	0.4321444630622864	0.3858307003974915	0.3303824961185455	0.0	0.3492038249969482	0.2949003577232361	0.6312527656555176	0.523583710193634	0.5603910684585571	0.5278081893920898	0.594532310962677	0.3575765788555145	0.5574856996536255	0.445324569940567	0.7688758373260498	0.6992477178573608	0.5197521448135376	0.552297055721283	0.6165359616279602	0.6010035872459412	0.6890193223953247	0.410399466753006	0.39231938123703	0.6101147532463074	0.3998326361179352	0.4441314339637756	0.4658389687538147	0.6348806619644165	0.5039801001548767	0.5394397974014282	0.5879066586494446	0.4897778630256653	0.4626467525959015	0.4180843532085419	0.4853978753089905	0.5126917958259583	0.4755679965019226	0.5684893727302551	0.5999062657356262	0.5450192093849182	0.6483752131462097	0.5822414755821228	0.5088997483253479	0.5521135330200195	0.7965112328529358	0.5393089056015015	0.4858528077602386	0.5543569922447205	0.5623351335525513	0.5489181280136108	0.5505375862121582	0.5189331769943237	0.5557454228401184	0.5069951415061951	0.5443379878997803	0.5227854251861572	0.5544036030769348	0.4016427993774414	0.36812824010849	0.3942152559757233	0.4574529230594635	0.441900372505188	0.9015795588493347	0.7985368967056274	0.6497199535369873	0.5176557302474976	0.4231781661510468	0.4204800128936768	0.624361515045166	0.5394211411476135	0.5109176635742188	0.5688480138778687	0.5145406723022461	0.54020094871521	0.4993702471256256	0.3961285054683685	0.5522919297218323	0.5334112048149109	0.3955704867839813	0.4461371302604675	0.4263604283332825	0.4859936237335205	0.5176888108253479	0.7011829614639282	0.6831914782524109	0.6555737853050232	0.7878644466400146	0.6290993094444275	0.690201461315155	0.6219927668571472	0.6265102624893188	0.5912222862243652	0.620768666267395	0.6684843897819519	0.7013950943946838	0.6727184653282166	0.6726630330085754	0.6535676121711731	0.6009669899940491	0.6049867272377014	0.6942020654678345	0.6166931390762329	0.5967258214950562	0.4237730801105499	0.3727423846721649	0.4277894496917725	0.4313253164291382	0.5238037705421448	0.5777524709701538	0.7886101007461548	0.6081839799880981	0.6245800852775574	0.6507683992385864	0.6500347256660461	0.4777244627475739	0.8442421555519104	0.7257810831069946	0.5874983668327332	0.7676154375076294	0.7491835355758667	0.5796568989753723	0.6423115730285645	0.5923497676849365	0.6524000763893127	0.531665027141571	0.6151925921440125	0.4129834473133087	0.3073517382144928	0.3658903837203979	0.3884603083133698	0.4145532250404358	0.5704913139343262	0.4587369859218597	0.4042921662330627	0.4470888078212738	0.3883048892021179	0.5049927830696106	0.4255251288414001	0.4626219868659973	0.4676202535629272	0.4058429002761841	0.427043616771698	0.395018458366394	0.401341050863266	0.4297748208045959	0.5631130337715149	0.4598814249038696	0.6286162734031677	0.4736940264701843	0.535774290561676	0.647813618183136	0.4682239294052124	0.6153786182403564	0.4520847499370575	0.5052531957626343	0.4487418830394745	0.4146228134632111	0.5249335169792175	0.573617696762085	0.420356422662735	0.4675466120243073	0.6414608359336853	0.5516692996025085	0.311413586139679	0.372748851776123	0.5125861167907715	0.5725908875465393	0.5344545841217041	0.3985298573970795	0.4724055528640747	0.5552430748939514	0.5149584412574768	0.5003802180290222	0.5802493095397949	0.4349068999290466	0.5648229718208313	0.6080971956253052	0.7398111820220947	0.548290491104126	0.5167968273162842	0.5054885149002075	0.5230578780174255	0.5251041054725647	0.538633406162262	0.5704741477966309	0.4090102016925812	0.4253086447715759	0.5124900341033936	0.6376514434814453	0.5679543018341064	0.5467596650123596	0.556428074836731
NW006-2	0.6640817523002625	0.6046763062477112	0.7427776455879211	0.6594831347465515	0.6289776563644409	0.7312799096107483	0.7418875098228455	0.7460598349571228	0.769495964050293	0.7716221213340759	0.6049811840057373	0.4710171520709991	0.5569433569908142	0.5109445452690125	0.4040921330451965	0.3492038249969482	0.0	0.2346713244915009	0.750556468963623	0.5767302513122559	0.6928656697273254	0.5933043956756592	0.534729540348053	0.3370988667011261	0.639177143573761	0.6420440673828125	0.6660962104797363	0.5747520327568054	0.5201637148857117	0.5500855445861816	0.6984511613845825	0.6529704332351685	0.7304558157920837	0.5267520546913147	0.3968431949615479	0.7744316458702087	0.4117496907711029	0.3431875109672546	0.5678150057792664	0.7172548174858093	0.5707390308380127	0.6161942481994629	0.6325361132621765	0.547394871711731	0.673224925994873	0.558129072189331	0.6162450313568115	0.6623146533966064	0.6393117308616638	0.7421196699142456	0.761867880821228	0.7061091065406799	0.8101313710212708	0.7501031160354614	0.6218283772468567	0.750933051109314	0.7297319769859314	0.722388744354248	0.6128101348876953	0.7126256227493286	0.7267828583717346	0.6925333142280579	0.7304465770721436	0.713968813419342	0.7310390472412109	0.6699137091636658	0.7313421964645386	0.71560138463974	0.7627162337303162	0.3331071436405182	0.3298637568950653	0.4286092221736908	0.3074558079242706	0.4871704876422882	1.070842981338501	0.9472442269325256	0.7910497188568115	0.632689356803894	0.3826829493045807	0.5461233258247375	0.8068480491638184	0.6715651750564575	0.6850565671920776	0.7286373972892761	0.705556333065033	0.6836166977882385	0.7056052088737488	0.5821977257728577	0.7545803785324097	0.6791412830352783	0.4589828848838806	0.555780291557312	0.482420802116394	0.6039532423019409	0.6821660995483398	0.5881456136703491	0.5724501609802246	0.5530544519424438	0.6735323071479797	0.5278695225715637	0.767559826374054	0.666738748550415	0.6731401681900024	0.6169494390487671	0.6228610873222351	0.8560309410095215	0.8938942551612854	0.8489382266998291	0.84822678565979	0.7387621402740479	0.6850611567497253	0.7420614957809448	0.8300511837005615	0.8002440929412842	0.7308019399642944	0.5900478959083557	0.5582892894744873	0.6484230756759644	0.6616071462631226	0.7486029267311096	0.5023486018180847	0.8475713133811951	0.705898106098175	0.7229442596435547	0.7526741027832031	0.7484264373779297	0.5710576176643372	0.9741173386573792	0.8717859983444214	0.7036550045013428	0.6567063331604004	0.8924439549446106	0.7302367687225342	0.7849178314208984	0.7407036423683167	0.808775782585144	0.6819040179252625	0.7614995837211609	0.407467246055603	0.41972416639328	0.4383028447628021	0.5352112650871277	0.42477947473526	0.7396608591079712	0.6299348473548889	0.5582190155982971	0.5788150429725647	0.5485902428627014	0.560955822467804	0.4799650907516479	0.582770824432373	0.5950846672058105	0.490658700466156	0.6081215739250183	0.5239271521568298	0.5759831666946411	0.6525635719299316	0.7317283749580383	0.5880523324012756	0.7504144310951233	0.5834892392158508	0.6096900105476379	0.7590104341506958	0.5438442230224609	0.622909426689148	0.4761228263378143	0.6073665618896484	0.4666738510131836	0.6245729923248291	0.6283130645751953	0.6920785903930664	0.5099532604217529	0.4923413693904877	0.5467289090156555	0.5258628726005554	0.5083190202713013	0.5445080995559692	0.5371556282043457	0.7814444303512573	0.66608726978302	0.4583803415298462	0.6338205337524414	0.7291386723518372	0.6954231858253479	0.6322149634361267	0.7546253800392151	0.3911908268928528	0.5750948786735535	0.6247742772102356	0.6992785930633545	0.6765716075897217	0.6013113260269165	0.6906833648681641	0.7140411138534546	0.7064335346221924	0.7265795469284058	0.7497072815895081	0.4861187338829041	0.3679512739181519	0.5323783159255981	0.5789950489997864	0.7115669250488281	0.5969840288162231	0.6977158188819885
NW006-3	0.6632806658744812	0.5904989838600159	0.7418309450149536	0.6869300603866577	0.6559494137763977	0.7556828856468201	0.7460954785346985	0.7404632568359375	0.762220561504364	0.7759951949119568	0.6327564120292664	0.5212573409080505	0.5968175530433655	0.5449557304382324	0.4388691782951355	0.2949003577232361	0.2346713244915009	0.0	0.7675151228904724	0.6178476214408875	0.7385282516479492	0.5878610610961914	0.5423401594161987	0.3749505877494812	0.6220927238464355	0.6356812119483948	0.6819018721580505	0.6007822155952454	0.6023708581924438	0.6385409832000732	0.7323616147041321	0.6986873745918274	0.7917593717575073	0.565812885761261	0.4694730639457703	0.777715802192688	0.4733645617961884	0.401892751455307	0.5674418210983276	0.7095195055007935	0.5961042046546936	0.6360390186309814	0.6805229783058167	0.6049200296401978	0.6600809097290039	0.5810174345970154	0.6530146598815918	0.6782888174057007	0.6402119994163513	0.7274355292320251	0.7774763703346252	0.7443997859954834	0.827182412147522	0.7524725198745728	0.6072403192520142	0.7461053133010864	0.7501252293586731	0.7364118695259094	0.6446958184242249	0.7237306833267212	0.7566074132919312	0.7060484886169434	0.7385686039924622	0.7252992987632751	0.7572747468948364	0.7074703574180603	0.7594342231750488	0.7391855716705322	0.7622337937355042	0.4282169938087463	0.4249071478843689	0.5078690648078918	0.395013689994812	0.5328596830368042	1.052824854850769	0.943145215511322	0.7765844464302063	0.6566914916038513	0.3882905244827271	0.5951425433158875	0.7957573533058167	0.6733465194702148	0.6762534976005554	0.7294583320617676	0.7013757228851318	0.6645448207855225	0.69547039270401	0.5703068375587463	0.7547937035560608	0.6843405365943909	0.5177546739578247	0.5848429799079895	0.5165032744407654	0.6166457533836365	0.685329020023346	0.6291795372962952	0.6126770377159119	0.5889050960540771	0.7153728604316711	0.5626508593559265	0.769091784954071	0.6714515089988708	0.6920041441917419	0.6420648694038391	0.6331268548965454	0.8401365280151367	0.8793153762817383	0.8374678492546082	0.8401026725769043	0.7583559155464172	0.7089610695838928	0.7397955060005188	0.851432204246521	0.8069087266921997	0.7234301567077637	0.5792189836502075	0.5282483696937561	0.6130774021148682	0.6323215961456299	0.7338513731956482	0.5256052613258362	0.8759944438934326	0.7171719670295715	0.7324450016021729	0.7617194652557373	0.7636188268661499	0.5856618881225586	0.9780501127243042	0.8816739916801453	0.7070169448852539	0.6763286590576172	0.8881681561470032	0.7636933326721191	0.8318454027175903	0.7754664421081543	0.8418594002723694	0.7235445976257324	0.7996816039085388	0.3632006645202637	0.3903363347053528	0.4177166819572449	0.5093520879745483	0.4163048565387726	0.7509495615959167	0.6523069739341736	0.5774670839309692	0.6050824522972107	0.5586043000221252	0.6459401249885559	0.5480441451072693	0.6069985032081604	0.6223126649856567	0.5194803476333618	0.6126388311386108	0.5426721572875977	0.5689423680305481	0.6112130284309387	0.7508811354637146	0.6032455563545227	0.763856053352356	0.61502605676651	0.6612991690635681	0.780425488948822	0.5802220106124878	0.6788728833198547	0.5439773797988892	0.6401820182800293	0.5114837288856506	0.5868726968765259	0.6045103669166565	0.6801629066467285	0.5175547003746033	0.4964334070682526	0.5484086871147156	0.4998582005500793	0.4730397164821625	0.4981720149517059	0.5147624015808105	0.7519956827163696	0.6827634572982788	0.4944613873958588	0.6432583332061768	0.7386033535003662	0.6880232691764832	0.6832120418548584	0.7658419013023376	0.4506760239601135	0.6036099791526794	0.645488977432251	0.7110833525657654	0.6595843434333801	0.6111682057380676	0.6770531535148621	0.6908761858940125	0.6812382340431213	0.7056775689125061	0.7295766472816467	0.5215811729431152	0.4094880819320679	0.5258395075798035	0.550577700138092	0.6848210096359253	0.5835458040237427	0.6934190392494202
NW007-1	0.3618531823158264	0.5534704923629761	0.9974793195724487	0.7778246402740479	0.7288715839385986	0.4342732131481171	0.4839710891246796	0.5526061058044434	0.5002138614654541	0.4533634185791016	0.3901581764221191	0.4828254580497742	0.4336711764335632	0.472502738237381	0.4972742795944214	0.6312527656555176	0.750556468963623	0.7675151228904724	0.0	0.3146821856498718	0.2497758418321609	0.4731005132198334	0.6526968479156494	0.5983032584190369	0.4875085353851318	0.3617838621139526	0.9083354473114014	0.8458940982818604	0.5155960321426392	0.4939957559108734	0.4341472983360291	0.4562673270702362	0.4754698872566223	0.5306212306022644	0.5693870186805725	0.3134789168834686	0.5475103259086609	0.632270872592926	0.4610742926597595	0.3089882731437683	0.402711421251297	0.4082362651824951	0.3250903487205505	0.4181596040725708	0.4554037153720856	0.5665033459663391	0.480276882648468	0.4851938784122467	0.5499378442764282	0.4089302718639374	0.3457669913768768	0.5155148506164551	0.2960481941699982	0.2960955500602722	0.6816390752792358	0.3647827804088593	0.9732514023780823	0.2836747169494629	0.333881139755249	0.3255465924739838	0.3364513516426086	0.3233283758163452	0.3527144491672516	0.5524505972862244	0.5144477486610413	0.5401180386543274	0.4874114990234375	0.4609298706054688	0.5873483419418335	0.6827170848846436	0.6328539252281189	0.6615578532218933	0.7050039172172546	0.4608496725559235	0.6612242460250854	0.6158909797668457	0.6889482736587524	0.5589843988418579	0.6252902150154114	0.4524446725845337	0.3966532945632935	0.6356869339942932	0.3752872347831726	0.4984257519245148	0.4231184720993042	0.6108226180076599	0.413470983505249	0.5393408536911011	0.358148068189621	0.4196280539035797	0.5827070474624634	0.4699709117412567	0.5733767151832581	0.4468387365341187	0.3842422366142273	0.8409786224365234	0.7956887483596802	0.7649190425872803	0.9233226776123047	0.7344762086868286	0.4429313540458679	0.4941646456718445	0.5258005261421204	0.532750129699707	0.6991413235664368	0.5672978758811951	0.5317964553833008	0.5859925746917725	0.4994942247867584	0.3584771752357483	0.4057036638259888	0.4045546650886536	0.4381188750267029	0.4326728582382202	0.3561291098594666	0.4354382753372192	0.5089767575263977	0.445389598608017	0.4644594788551331	0.5177382230758667	0.7719337344169617	0.5271552801132202	0.4832976758480072	0.514997124671936	0.4664728939533234	0.4552501738071442	0.5317948460578918	0.5654521584510803	0.5160174369812012	0.7148650288581848	0.8943700194358826	0.519278883934021	0.4188928008079529	0.4747479259967804	0.426442950963974	0.3936977684497833	0.4323696196079254	0.4345978796482086	0.7193888425827026	0.6071959733963013	0.6628072261810303	0.605357825756073	0.6975622177124023	0.2741720974445343	0.3326232433319092	0.3938030600547791	0.3458483815193176	0.389659583568573	0.5498491525650024	0.5829675793647766	0.5619152784347534	0.6037920713424683	0.5507734417915344	0.4903339445590973	0.4973434805870056	0.5408843159675598	0.6486560106277466	0.4566119015216827	0.351670116186142	0.5581241846084595	0.5951045751571655	0.6171013712882996	0.580065131187439	0.6265966892242432	0.6229236721992493	0.6518900394439697	0.60452800989151	0.600304126739502	0.4813580214977264	0.6348749995231628	0.7089676856994629	0.5451418161392212	0.6502944827079773	0.803168773651123	0.7377986907958984	0.5850348472595215	0.5853849053382874	0.7455939650535583	0.3755632936954498	0.3880676329135895	0.5190659761428833	0.4083405137062073	0.47235506772995	0.4415625929832458	0.5545768141746521	0.4236128330230713	0.692044734954834	0.7194785475730896	0.7960323691368103	0.8892937898635864	0.6340333819389343	0.6662598252296448	0.4461891353130341	0.512861967086792	0.5348321795463562	0.4780166447162628	0.4110502898693085	0.5011143088340759	0.5621663331985474	0.6601576805114746	0.8144032955169678	0.7024801969528198	0.6596805453300476	0.4913157224655151
NW007-2	0.4971228241920471	0.4912165403366089	0.8426629304885864	0.6597210764884949	0.6131615042686462	0.5718848705291748	0.5943598747253418	0.6064085364341736	0.6139184236526489	0.6131081581115723	0.4328665137290955	0.3982512950897217	0.4028120636940002	0.3776376247406006	0.3880610764026642	0.523583710193634	0.5767302513122559	0.6178476214408875	0.3146821856498718	0.0	0.3851832747459412	0.257963091135025	0.5182418823242188	0.4507261514663696	0.3972810804843903	0.4822869300842285	0.7620912194252014	0.6902252435684204	0.4806177914142609	0.4817126393318176	0.5361472368240356	0.4629110991954803	0.6062272191047668	0.3713800013065338	0.4637124240398407	0.4710625410079956	0.4454109072685242	0.4933463633060455	0.4463440179824829	0.4815199971199036	0.4069421291351318	0.4872452020645142	0.4957403540611267	0.3499251008033752	0.4963566064834595	0.4932075440883636	0.4797321856021881	0.5425704717636108	0.5299249291419983	0.4483187198638916	0.506625235080719	0.5086354613304138	0.5372026562690735	0.4858792424201965	0.5573248863220215	0.4941206276416779	0.8256914615631104	0.4877767264842987	0.4544884860515594	0.5353864431381226	0.5491735935211182	0.4681901931762695	0.5459560751914978	0.5465635061264038	0.5351762175559998	0.4962651133537292	0.5184056758880615	0.5076794624328613	0.5869409441947937	0.548669695854187	0.503999650478363	0.5305606722831726	0.5480867624282837	0.3379701375961304	0.8755344748497009	0.7627006769180298	0.6278128027915955	0.4316810369491577	0.4798233211040497	0.4397734105587006	0.5659821033477783	0.4975192844867706	0.4748832285404205	0.585363507270813	0.5342985987663269	0.5007208585739136	0.5229554772377014	0.4530281722545624	0.5562431812286377	0.5215380787849426	0.4712191224098206	0.4378314614295959	0.4579677283763885	0.433668851852417	0.4932920932769775	0.6944581866264343	0.6693224310874939	0.639133095741272	0.7778066992759705	0.6086828708648682	0.5380696654319763	0.504989743232727	0.4577268660068512	0.4703467786312103	0.5736033320426941	0.7085146903991699	0.7286089658737183	0.7041311264038086	0.6623758673667908	0.5896591544151306	0.5637827515602112	0.5550103783607483	0.6739911437034607	0.6168484687805176	0.5900315642356873	0.4063557386398315	0.40871861577034	0.4714935719966888	0.4803508520126343	0.5697147250175476	0.6159257888793945	0.6686618328094482	0.5492348670959473	0.5640020966529846	0.5885183215141296	0.5963016152381897	0.4548086225986481	0.774773120880127	0.6768751740455627	0.6055707335472107	0.7367695569992065	0.7139660716056824	0.5853118300437927	0.6133857369422913	0.5805391073226929	0.6218629479408264	0.509403645992279	0.58305823802948	0.5854032039642334	0.4807842671871185	0.5347928404808044	0.4878690838813782	0.5659379959106445	0.5108367204666138	0.4331102669239044	0.3850822448730469	0.3912783861160278	0.3843456208705902	0.4865386188030243	0.4501507580280304	0.5001921653747559	0.5411221981048584	0.4352130591869354	0.4799574315547943	0.4531963765621185	0.47563436627388	0.5489687323570251	0.5462560653686523	0.4523170590400696	0.6463574171066284	0.500697672367096	0.5571965575218201	0.6675251126289368	0.5086782574653625	0.5811826586723328	0.5067634582519531	0.5208192467689514	0.444539338350296	0.4629137217998505	0.5035989880561829	0.5698527693748474	0.42064169049263	0.5064387321472168	0.6316196322441101	0.5889922380447388	0.4647360742092133	0.4632080793380737	0.5903682708740234	0.4998912215232849	0.4976688623428345	0.3988185524940491	0.485847532749176	0.5812907814979553	0.5334315299987793	0.5451289415359497	0.6024812459945679	0.5543161630630493	0.5853363871574402	0.6650778651237488	0.7640476226806641	0.5287386178970337	0.5341572761535645	0.5841271281242371	0.6245850920677185	0.6418832540512085	0.607160747051239	0.5721019506454468	0.3923872709274292	0.4310510456562042	0.5167086124420166	0.6687764525413513	0.5927519202232361	0.5135356783866882	0.444613128900528
NW007-4	0.3305795788764954	0.5061344504356384	0.9879820942878723	0.6391926407814026	0.5691996812820435	0.3296047449111938	0.3662244081497192	0.488501101732254	0.362936407327652	0.3465101420879364	0.2880986928939819	0.3871090412139893	0.334617406129837	0.3786380887031555	0.4533312022686005	0.5603910684585571	0.6928656697273254	0.7385282516479492	0.2497758418321609	0.3851832747459412	0.0	0.494991809129715	0.6280725002288818	0.5473242998123169	0.5466442704200745	0.3434922397136688	0.9048173427581787	0.8363004326820374	0.4764042794704437	0.4583122432231903	0.4028396606445312	0.4352682828903198	0.4574386775493622	0.4486760795116425	0.5226337909698486	0.3849635720252991	0.507195770740509	0.6007822155952454	0.406486988067627	0.41504967212677	0.3846053183078766	0.3446395993232727	0.3288901150226593	0.42507004737854	0.3372358083724976	0.4092322885990143	0.3439700603485107	0.325848251581192	0.3878501057624817	0.3735811710357666	0.3382411301136017	0.4485180079936981	0.3442312180995941	0.3725145757198334	0.659831702709198	0.3376549780368805	0.952107310295105	0.2771632969379425	0.2983960509300232	0.3279604613780975	0.2537420988082886	0.3040184676647186	0.3218187987804413	0.4313276708126068	0.4262520670890808	0.4563446044921875	0.4013883769512177	0.3809091150760651	0.465301901102066	0.5609803199768066	0.5146472454071045	0.5007686614990234	0.6468541622161865	0.4641156792640686	0.6454678177833557	0.5394757390022278	0.6313135027885437	0.4891297221183777	0.5745022296905518	0.3423196971416473	0.3639713823795319	0.5639263391494751	0.4286419451236725	0.4530660808086395	0.4051401317119598	0.5495436787605286	0.2965856492519379	0.4475562274456024	0.3177336156368256	0.3830183446407318	0.4835718274116516	0.3851729929447174	0.5208308696746826	0.3947917520999908	0.3211995363235474	0.8293652534484863	0.7850168943405151	0.7553797960281372	0.9121615886688232	0.7250941395759583	0.4291319251060486	0.4762039482593536	0.4875254929065704	0.4995085597038269	0.6644831299781799	0.4776113927364349	0.4432987868785858	0.4901446104049683	0.4076209366321564	0.3980697989463806	0.3830808699131012	0.3663498163223267	0.4381821155548096	0.3693935573101044	0.4212352633476257	0.3813317120075226	0.4584940373897552	0.3601955473423004	0.3735107779502869	0.4265082180500031	0.7407976388931274	0.5894580483436584	0.4698028564453125	0.5087994933128357	0.4673501551151276	0.4560352563858032	0.5022046566009521	0.5937554240226746	0.4553085565567017	0.6374718546867371	0.8802503347396851	0.518085241317749	0.307218998670578	0.3760284781455994	0.3265225291252136	0.3529775738716125	0.3029384911060333	0.3643130958080292	0.6954682469367981	0.584764301776886	0.6394148468971252	0.5921279191970825	0.6767613291740417	0.2723622918128967	0.2578862905502319	0.3262829780578613	0.3081136047840118	0.3373189270496368	0.4634273052215576	0.4958276152610779	0.4495748579502106	0.4447281360626221	0.4578460454940796	0.3973687291145325	0.4145654439926147	0.4123207926750183	0.5099302530288696	0.3109824061393738	0.3310348391532898	0.4582985639572144	0.4327026605606079	0.5258669257164001	0.4803241491317749	0.5551131367683411	0.582095742225647	0.5980327129364014	0.5450785160064697	0.5527957677841187	0.4330537617206573	0.6303437948226929	0.5970229506492615	0.5217917561531067	0.5992653965950012	0.7778617739677429	0.7054380774497986	0.5081885457038879	0.5367900133132935	0.7015325427055359	0.4112577438354492	0.3517464101314545	0.4949770271778107	0.3237176835536957	0.3455087542533875	0.3256312608718872	0.4110632538795471	0.3122992813587189	0.5794259309768677	0.6377342939376831	0.6966835856437683	0.8336058855056763	0.6266115307807922	0.5859069228172302	0.403124213218689	0.4970759451389313	0.5289698243141174	0.4719388484954834	0.4345256686210632	0.4042740166187286	0.5244957208633423	0.6221449971199036	0.7836453914642334	0.6692939400672913	0.646639347076416	0.498589813709259
NW007-5	0.5860239267349243	0.5287615060806274	0.7786253690719604	0.7394014000892639	0.6862675547599792	0.6736742258071899	0.6856593489646912	0.6973316669464111	0.7016475200653076	0.7001696228981018	0.529994010925293	0.4838375151157379	0.5042226314544678	0.4805618524551392	0.4329131841659546	0.5278081893920898	0.5933043956756592	0.5878610610961914	0.4731005132198334	0.257963091135025	0.494991809129715	0.0	0.3870387077331543	0.4797954857349396	0.4576218724250793	0.5660181641578674	0.7150623798370361	0.6381272077560425	0.5479320883750916	0.5679313540458679	0.6583219170570374	0.5476992130279541	0.688115656375885	0.4444838762283325	0.4970763623714447	0.5788758993148804	0.458345353603363	0.4809326827526093	0.5180802941322327	0.5418440103530884	0.4705662429332733	0.55376136302948	0.559127926826477	0.4825475513935089	0.5803411602973938	0.5678204894065857	0.562659740447998	0.6316334009170532	0.6118292808532715	0.5355525016784668	0.6071436405181885	0.6416158080101013	0.6284483075141907	0.5859305262565613	0.5309641361236572	0.5790286660194397	0.7700149416923523	0.6108250021934509	0.5673373937606812	0.6445768475532532	0.660112738609314	0.5890941619873047	0.6590330600738525	0.6598263382911682	0.6581606268882751	0.6201662421226501	0.6274205446243286	0.6182640194892883	0.6990309357643127	0.5796296000480652	0.5398696660995483	0.5691734552383423	0.549412727355957	0.4274167120456696	0.9540970921516418	0.8490077257156372	0.6842277646064758	0.5496365427970886	0.4941252470016479	0.5642310976982117	0.6758850812911987	0.5898725986480713	0.5798708200454712	0.6759807467460632	0.6155117154121399	0.5911480188369751	0.6256601810455322	0.547715961933136	0.6562656164169312	0.616663932800293	0.5202690958976746	0.5419669151306152	0.4805579781532288	0.5388125777244568	0.5942494869232178	0.6388682723045349	0.6230329871177673	0.5916754603385925	0.7248989939689636	0.567225992679596	0.596042275428772	0.567163348197937	0.5177309513092041	0.4711209237575531	0.5231247544288635	0.7931734919548035	0.8159918785095215	0.7860011458396912	0.7535234689712524	0.6917507648468018	0.6658501029014587	0.674715518951416	0.7758161425590515	0.7225129008293152	0.6825802326202393	0.4760745763778687	0.4725765287876129	0.5410043597221375	0.5516061782836914	0.6374649405479431	0.5847768187522888	0.7183240652084351	0.6127739548683167	0.6278817653656006	0.6511350870132446	0.6572327017784119	0.4800131320953369	0.8510897159576416	0.7641846537590027	0.6128584742546082	0.6986328959465027	0.7933074831962585	0.6759961247444153	0.704896092414856	0.678367018699646	0.713035523891449	0.6098840832710266	0.6714547872543335	0.5806129574775696	0.4815975725650787	0.5346258878707886	0.5212451219558716	0.5514237880706787	0.6151213049888611	0.5338312387466431	0.4967763125896454	0.4986617863178253	0.4830383956432343	0.6183586120605469	0.5703334808349609	0.6217692494392395	0.6573765873908997	0.5226827263832092	0.5890573263168335	0.5624179840087891	0.576280951499939	0.6139089465141296	0.6307910084724426	0.5427355170249939	0.7489391565322876	0.5896778702735901	0.6560195088386536	0.7685827612876892	0.6448306441307068	0.7173133492469788	0.616151750087738	0.6560065150260925	0.5703226327896118	0.5580692291259766	0.4915856122970581	0.6127366423606873	0.4584398865699768	0.5087931156158447	0.60498046875	0.5736482739448547	0.5105416774749756	0.5257768630981445	0.5835055708885193	0.6006914377212524	0.6058785319328308	0.4443479180335999	0.5859093070030212	0.6755159497261047	0.6260431408882141	0.6338657140731812	0.7006933093070984	0.5518959760665894	0.5972195267677307	0.6632869839668274	0.7561658024787903	0.5328527092933655	0.5510071516036987	0.6760327816009521	0.7135698795318604	0.730115532875061	0.6881406307220459	0.6582587361335754	0.4750311672687531	0.4471568167209625	0.5074909329414368	0.6363210678100586	0.5720289349555969	0.4861620664596558	0.5337153077125549
NW007-6	0.7071318030357361	0.6268909573554993	0.7041184902191162	0.7886000871658325	0.7402331233024597	0.7477394342422485	0.756828248500824	0.7542446851730347	0.774836540222168	0.7708167433738708	0.6663742065429688	0.5879173278808594	0.6450262665748596	0.6058990955352783	0.5517881512641907	0.594532310962677	0.534729540348053	0.5423401594161987	0.6526968479156494	0.5182418823242188	0.6280725002288818	0.3870387077331543	0.0	0.510883629322052	0.6197841763496399	0.6967677474021912	0.6513081192970276	0.6003797054290771	0.6340656280517578	0.6533645391464233	0.7334176898002625	0.6461984515190125	0.7656925916671753	0.6119223237037659	0.5675356388092041	0.7523994445800781	0.5389478206634521	0.4497296214103699	0.6525755524635315	0.7054296135902405	0.6288576722145081	0.6772130727767944	0.7031500339508057	0.6486721038818359	0.7088853716850281	0.6535577774047852	0.6958809494972229	0.7374329566955566	0.7208573222160339	0.7278450727462769	0.7641232013702393	0.7621434330940247	0.7903468608856201	0.743590235710144	0.5978907346725464	0.7328746318817139	0.6813130974769592	0.7447820901870728	0.7011179327964783	0.7415192723274231	0.7700639963150024	0.7211346626281738	0.7516396045684814	0.7618029713630676	0.7880752682685852	0.7278504371643066	0.7584415078163147	0.759699285030365	0.7973928451538086	0.5407288074493408	0.5404215455055237	0.6150974035263062	0.4986583590507507	0.5995442271232605	1.041943550109863	0.9359439611434937	0.775424599647522	0.6972582340240479	0.48497274518013	0.651373565196991	0.8167135715484619	0.7169119715690613	0.7230790853500366	0.7828139066696167	0.7434205412864685	0.7041054964065552	0.7432546615600586	0.6679172515869141	0.7636082768440247	0.701524555683136	0.5851120948791504	0.6519100666046143	0.5748743414878845	0.6600550413131714	0.727806568145752	0.5942206382751465	0.5801182389259338	0.5486090183258057	0.681287407875061	0.5227267742156982	0.6782086491584778	0.6574524641036987	0.6046075820922852	0.5552991628646851	0.5824546217918396	0.869621992111206	0.9029287695884705	0.8650911450386047	0.8643591403961182	0.7701126337051392	0.7418361902236938	0.7504546046257019	0.8550641536712646	0.7968648672103882	0.7492425441741943	0.5797255635261536	0.5664884448051453	0.6675424575805664	0.6660736799240112	0.7474635243415833	0.5412993431091309	0.8077860474586487	0.7116729617118835	0.7243130803108215	0.7434781789779663	0.749200165271759	0.5802916288375854	0.9263015985488892	0.839958906173706	0.6793884038925171	0.6499744057655334	0.8723834753036499	0.7789085507392883	0.8149937391281128	0.7955552339553833	0.8265798091888428	0.7283501029014587	0.7953092455863953	0.5235622525215149	0.5362565517425537	0.5541589856147766	0.6078125834465027	0.5113033652305603	0.7484821677207947	0.6775960922241211	0.6106770038604736	0.6301736831665039	0.5844696760177612	0.7022188901901245	0.6449489593505859	0.700538694858551	0.7367210388183594	0.6272721886634827	0.6842600107192993	0.6522128582000732	0.6640965342521667	0.7055367827415466	0.7456433176994324	0.6266108155250549	0.7976830005645752	0.642035722732544	0.7077162861824036	0.8200122117996216	0.7200474739074707	0.7831902503967285	0.6734222769737244	0.7386782765388489	0.6647399067878723	0.6910264492034912	0.6183938384056091	0.7168700695037842	0.5947800874710083	0.5764057040214539	0.5671847462654114	0.5513038635253906	0.6188535690307617	0.6201143264770508	0.5949721932411194	0.7585636377334595	0.7301598787307739	0.5715858340263367	0.7406564950942993	0.7535600066184998	0.7094497084617615	0.695303201675415	0.7695311903953552	0.4906822443008423	0.6525812745094299	0.682623028755188	0.712838888168335	0.6676809787750244	0.6614199876785278	0.7726321816444397	0.7830525040626526	0.7930738925933838	0.777719259262085	0.7729063630104065	0.573615312576294	0.4409182369709015	0.5818052887916565	0.5458056330680847	0.667324960231781	0.6016741394996643	0.69239741563797
NW008-1	0.5348341464996338	0.5067422986030579	0.7577129006385803	0.6155346035957336	0.572934627532959	0.6198244690895081	0.6166985034942627	0.6301828622817993	0.6443450450897217	0.654723048210144	0.4767324030399323	0.3498990535736084	0.4248250126838684	0.3998870849609375	0.2819682955741882	0.3575765788555145	0.3370988667011261	0.3749505877494812	0.5983032584190369	0.4507261514663696	0.5473242998123169	0.4797954857349396	0.510883629322052	0.0	0.4782179594039917	0.5155656337738037	0.6617989540100098	0.5759478807449341	0.4295443594455719	0.4520999193191528	0.540532648563385	0.5122097134590149	0.6007570624351501	0.404628187417984	0.3232101202011108	0.6362155675888062	0.3243863582611084	0.3284478485584259	0.4612242877483368	0.5826611518859863	0.4573412835597992	0.4985417723655701	0.5226985216140747	0.4641704857349396	0.5546625852584839	0.4652257263660431	0.5138121843338013	0.5710626244544983	0.5476884245872498	0.6096073985099792	0.642193615436554	0.6121070384979248	0.6932124495506287	0.6261171698570251	0.5276162624359131	0.6316836476325989	0.7589224576950073	0.5537347793579102	0.4625742137432098	0.5560944676399231	0.5765499472618103	0.5311897397041321	0.5694616436958313	0.5971674919128418	0.626870334148407	0.5831948518753052	0.6190605759620667	0.6049861907958984	0.6409037709236145	0.321203738451004	0.2531870305538177	0.3304239809513092	0.2997620701789856	0.3555539548397064	0.9271679520606995	0.8079338669776917	0.6631025075912476	0.5025433897972107	0.3187287747859955	0.3977216780185699	0.6473086476325989	0.5424396991729736	0.5833308100700378	0.6534616351127625	0.6039350032806396	0.5502071380615234	0.5812784433364868	0.4631133675575256	0.6263997554779053	0.5659682154655457	0.3351946771144867	0.4032168090343475	0.3475745320320129	0.4447980523109436	0.5159701108932495	0.5997377634048462	0.5742932558059692	0.5504237413406372	0.6914965510368347	0.5181228518486023	0.5953084826469421	0.5078025460243225	0.5018400549888611	0.4582626521587372	0.4648774266242981	0.7087797522544861	0.7446324229240417	0.6971641182899475	0.6782367825508118	0.5713563561439514	0.5242685675621033	0.5673186182975769	0.6727839708328247	0.6490305066108704	0.5739620327949524	0.4525802433490753	0.4322631359100342	0.5307675004005432	0.5347030758857727	0.6357685923576355	0.4919958710670471	0.7465215921401978	0.6213250756263733	0.631558358669281	0.6596992015838623	0.6627920269966125	0.4734423160552979	0.8250218629837036	0.7165359854698181	0.5462166666984558	0.6372106075286865	0.7459797859191895	0.6217668652534485	0.6688660979270935	0.6334199905395508	0.6894172430038452	0.572059690952301	0.653427243232727	0.4349346160888672	0.3535827696323395	0.3880914151668549	0.4343406558036804	0.4281661808490753	0.6003271341323853	0.4942701160907745	0.4139939248561859	0.4442647993564606	0.4038903117179871	0.5048747658729553	0.4318514466285706	0.5091986656188965	0.5339512228965759	0.4212298691272736	0.4682457447052002	0.3982536792755127	0.426059752702713	0.5295397639274597	0.5913897156715393	0.4486492276191711	0.6462589502334595	0.476734071969986	0.5481840968132019	0.6704751253128052	0.4966790080070496	0.5847718119621277	0.4639112651348114	0.5407862067222595	0.4046019017696381	0.5008490085601807	0.5003530383110046	0.5933682918548584	0.3948625028133392	0.4018584191799164	0.5380622744560242	0.4715943038463593	0.4505133628845215	0.4945752620697021	0.4508596360683441	0.6419292688369751	0.5325091481208801	0.3344882130622864	0.4877106249332428	0.6217889189720154	0.5670506954193115	0.5493565797805786	0.6329231858253479	0.4296874105930328	0.4903132617473602	0.5542815327644348	0.6664629578590393	0.5374131798744202	0.4873106181621552	0.5725952982902527	0.6025991439819336	0.6059420108795166	0.6037790179252625	0.613786518573761	0.3954818546772003	0.31557896733284	0.4177454113960266	0.5579144358634949	0.5907784104347229	0.485526978969574	0.5514927506446838
NW010-1	0.5467169880867004	0.5771054625511169	0.6989622116088867	0.641298234462738	0.6292253136634827	0.6080512404441833	0.6008065938949585	0.6362629532814026	0.6073471903800964	0.6269217133522034	0.4356878101825714	0.4200856685638428	0.3955153226852417	0.3867347538471222	0.4054642915725708	0.5574856996536255	0.639177143573761	0.6220927238464355	0.4875085353851318	0.3972810804843903	0.5466442704200745	0.4576218724250793	0.6197841763496399	0.4782179594039917	0.0	0.5226773619651794	0.5552823543548584	0.49832883477211	0.5017014145851135	0.4852724373340607	0.5741468071937561	0.5325503349304199	0.6121218800544739	0.4555537402629852	0.4870236814022064	0.4618009328842163	0.458034485578537	0.4996861219406128	0.4636231064796448	0.3767456114292145	0.3889263570308685	0.4840981066226959	0.4977908134460449	0.3606407046318054	0.5330892205238342	0.5449408888816833	0.514664888381958	0.5682855248451233	0.5653788447380066	0.4304380118846893	0.5061396956443787	0.6078550219535828	0.5244962573051453	0.4539773464202881	0.5945127010345459	0.4994451999664307	0.8538804054260254	0.5197700262069702	0.4863292574882507	0.5645502805709839	0.581283688545227	0.5068948268890381	0.5744951367378235	0.6235906481742859	0.616329550743103	0.6010604500770569	0.6045383810997009	0.572651207447052	0.6510557532310486	0.6166359782218933	0.5859176516532898	0.617449939250946	0.5658947825431824	0.3612067103385925	0.7344152927398682	0.5806304216384888	0.478620857000351	0.3375884592533112	0.6206825375556946	0.5134043097496033	0.5718880295753479	0.4015567600727081	0.4574401378631592	0.6072624921798706	0.5522171854972839	0.5377044677734375	0.5559258460998535	0.4987925887107849	0.586833119392395	0.5628567934036255	0.4676972627639771	0.4171552360057831	0.3867361545562744	0.4026944935321808	0.4618295133113861	0.4990472793579102	0.4721766412258148	0.4315454065799713	0.5996872782707214	0.4704359471797943	0.5429819822311401	0.4085172712802887	0.4932665526866913	0.4599830210208893	0.4423912763595581	0.6748084425926208	0.6928638219833374	0.626709520816803	0.5905070900917053	0.55974942445755	0.5404210686683655	0.563425600528717	0.6376185417175293	0.6221446394920349	0.5768201351165771	0.4077773988246918	0.4431119859218597	0.4823173582553864	0.5007407665252686	0.6000639200210571	0.6037012934684753	0.6461244821548462	0.5572327375411987	0.5698469877243042	0.5906897187232971	0.6006552577018738	0.4655632078647614	0.7538114786148071	0.6562235951423645	0.4400448799133301	0.5673293471336365	0.6488625407218933	0.6089210510253906	0.6355775594711304	0.6234069466590881	0.6555265188217163	0.5506210923194885	0.6186477541923523	0.6875782012939453	0.5791783332824707	0.6315018534660339	0.5745601654052734	0.6676901578903198	0.5277388691902161	0.4419838786125183	0.3983230292797089	0.4035729467868805	0.3856419324874878	0.5508189797401428	0.5381219983100891	0.5512123703956604	0.5957948565483093	0.4770178496837616	0.4153807759284973	0.4364521205425262	0.4386503994464874	0.4919708371162415	0.6055202484130859	0.4823661744594574	0.6448261141777039	0.4918268620967865	0.5655476450920105	0.6520812511444092	0.517737090587616	0.5856102705001831	0.5533559322357178	0.5314579606056213	0.4084477722644806	0.4655483961105347	0.5004474520683289	0.5299785137176514	0.4355756938457489	0.4974740743637085	0.6143149733543396	0.5657273530960083	0.5490431189537048	0.5588845014572144	0.4873699843883514	0.4236401319503784	0.4913756847381592	0.40716552734375	0.4618865251541138	0.5734787583351135	0.5011531710624695	0.5654680132865906	0.6199027895927429	0.6205721497535706	0.4564315974712372	0.5363669395446777	0.6394891142845154	0.3891201317310333	0.4013280868530273	0.6202031970024109	0.6474285125732422	0.6612058877944946	0.6257202625274658	0.5856209993362427	0.4288780093193054	0.4525610208511353	0.386446624994278	0.5254645943641663	0.4592671990394592	0.3735421001911163	0.2706247270107269
NW010-2	0.05742953345179558	0.2509828209877014	0.8566480875015259	0.6669161319732666	0.6294854879379272	0.4112149477005005	0.4297129213809967	0.4974983632564545	0.4234841465950012	0.4363588094711304	0.3090821802616119	0.4019268155097961	0.3508775234222412	0.3971613347530365	0.3966134190559387	0.445324569940567	0.6420440673828125	0.6356812119483948	0.3617838621139526	0.4822869300842285	0.3434922397136688	0.5660181641578674	0.6967677474021912	0.5155656337738037	0.5226773619651794	0.0	0.8666338324546814	0.8039514422416687	0.5161004066467285	0.504472553730011	0.4532168507575989	0.513485312461853	0.5300136804580688	0.492761641740799	0.5254727602005005	0.4313732087612152	0.5175607800483704	0.5927454233169556	0.3520707190036774	0.431334376335144	0.3953280746936798	0.3861802816390991	0.3739163279533386	0.4321641623973846	0.3173238933086395	0.4611189365386963	0.4213833212852478	0.419907420873642	0.4725009500980377	0.4173695147037506	0.4073367416858673	0.3858652114868164	0.4070072174072266	0.3740350008010864	0.5614553689956665	0.2694934904575348	0.8565847277641296	0.3183741271495819	0.2783496677875519	0.3706824481487274	0.3748810887336731	0.3054203689098358	0.3179167211055756	0.393348217010498	0.4050591588020325	0.3955272436141968	0.366665244102478	0.3496578633785248	0.4322856962680817	0.5476407408714294	0.5167889595031738	0.5368707776069641	0.6004027128219604	0.4311962425708771	0.7334551215171814	0.6368871331214905	0.645901620388031	0.4953798353672028	0.589545488357544	0.3770640790462494	0.4595714211463928	0.560390293598175	0.4353862702846527	0.5112139582633972	0.4384020566940308	0.5164551138877869	0.2978802025318146	0.3401211500167847	0.3082305788993835	0.3272948265075684	0.523146390914917	0.4032537341117859	0.5308719873428345	0.4172755181789398	0.3445493578910828	0.8274696469306946	0.7992996573448181	0.7681220173835754	0.9160016775131226	0.7401305437088013	0.5028329491615295	0.5109117031097412	0.5747656226158142	0.5643116235733032	0.7055311799049377	0.5936428308486938	0.5603967905044556	0.6162973642349243	0.5292664170265198	0.4609644412994385	0.4265293478965759	0.3704198896884918	0.5054015517234802	0.3951224088668823	0.3914019167423248	0.3518594205379486	0.3871546983718872	0.3533448278903961	0.3309894204139709	0.3550293743610382	0.6563987731933594	0.6556466817855835	0.4214922785758972	0.5027511715888977	0.4552974104881287	0.470062792301178	0.4795393645763397	0.6755954623222351	0.5656791925430298	0.6802524328231812	0.8890007138252258	0.5946394205093384	0.4510833323001862	0.5268868207931519	0.4692637324333191	0.4763727486133575	0.4282192885875702	0.4797636866569519	0.5718768835067749	0.4724487662315369	0.5084268450737	0.4592612683773041	0.5589849948883057	0.3241703510284424	0.2551606893539429	0.3051186203956604	0.2978759407997131	0.2984545230865479	0.5128602981567383	0.5255166888237	0.4834101796150208	0.5065415501594543	0.4978057742118835	0.3717365264892578	0.4102684557437897	0.428464263677597	0.4585074484348297	0.4456285238265991	0.3227631151676178	0.573423445224762	0.5220889449119568	0.5565550327301025	0.5997143983840942	0.503894567489624	0.594735324382782	0.5321428179740906	0.519643247127533	0.542363166809082	0.3179825842380524	0.6056872606277466	0.632484495639801	0.4956574440002441	0.5819087624549866	0.7754702568054199	0.6962711215019226	0.447407603263855	0.4361566305160522	0.5964711308479309	0.3379229009151459	0.3640516400337219	0.4512480199337006	0.3117785751819611	0.3747298121452332	0.3120125532150269	0.4361603558063507	0.3774687945842743	0.5320243835449219	0.6847401261329651	0.7472213506698608	0.8661482930183411	0.6025773286819458	0.6197258234024048	0.4139254689216614	0.4823775589466095	0.4906332194805145	0.4606696367263794	0.4315867125988007	0.4744459688663483	0.55112624168396	0.6200111508369446	0.7650361657142639	0.6369762420654297	0.6240555644035339	0.4830719828605652
NW010-4	0.8732964992523193	0.7938986420631409	0.4568302929401398	0.8306148648262024	0.8188088536262512	0.927152693271637	0.9129385948181152	0.9267749190330505	0.9129759073257446	0.9443842172622681	0.8419680595397949	0.7548019289970398	0.8175814151763916	0.7722586393356323	0.715325117111206	0.7688758373260498	0.6660962104797363	0.6819018721580505	0.9083354473114014	0.7620912194252014	0.9048173427581787	0.7150623798370361	0.6513081192970276	0.6617989540100098	0.5552823543548584	0.8666338324546814	0.0	0.2517009377479553	0.780218243598938	0.8067362308502197	0.9145826697349548	0.8447430729866028	0.9379147291183472	0.7631946802139282	0.7212321758270264	0.9214973449707031	0.7052370309829712	0.6169159412384033	0.8176271915435791	0.8291836977005005	0.7852421998977661	0.8445810675621033	0.8721021413803101	0.8113200664520264	0.8898656964302063	0.83286452293396	0.8733810186386108	0.9135414361953735	0.8980386853218079	0.8692976236343384	0.9386327862739563	0.9374899864196777	0.9836543798446655	0.9225907921791077	0.7843356132507324	0.9186654686927795	0.7739589214324951	0.9329855442047119	0.8915563821792603	0.9380002617835999	0.9618300199508667	0.9181836843490601	0.9482771754264832	0.9360689520835876	0.9594675898551941	0.9114041328430176	0.9542966485023499	0.9415297508239746	0.9600629806518555	0.6678661108016968	0.6975060105323792	0.7695643901824951	0.6448153257369995	0.7724862694740295	1.090928792953491	0.8467800617218018	0.5206564664840698	0.6137797832489014	0.7312667965888977	0.8566554188728333	0.9807727336883545	0.5307109951972961	0.911106526851654	0.9633283615112305	0.9334250092506409	0.8562765717506409	0.9199982285499573	0.8271021842956543	0.9558257460594177	0.8881934881210327	0.722345232963562	0.7957980632781982	0.6495828032493591	0.7886333465576172	0.8863826394081116	0.4017345011234283	0.4429856240749359	0.4016207158565521	0.3052105307579041	0.4327574372291565	0.8779608607292175	0.736011803150177	0.7951774597167969	0.7343463897705078	0.5061998963356018	1.043261408805847	1.079049229621887	0.9888882637023926	0.991583526134491	0.913345992565155	0.8938764929771423	0.9133594632148743	0.9918034076690674	0.9821913242340088	0.9225156903266907	0.7870371341705322	0.76894211769104	0.8659505248069763	0.8675242066383362	0.942897379398346	0.5285288095474243	0.9544934034347534	0.8678457140922546	0.8764979839324951	0.8946583271026611	0.9078770279884338	0.7252292037010193	1.090808033943176	1.010133743286133	0.4938564300537109	0.2866610586643219	0.9993646144866943	0.953568160533905	0.9824300408363342	0.9670289754867554	1.00618851184845	0.89996337890625	0.9661417603492737	0.7165589332580566	0.7358720302581787	0.7251344323158264	0.7757598757743835	0.6872574687004089	0.9175367951393127	0.841588020324707	0.7679992318153381	0.7901204228401184	0.7469123005867004	0.8622793555259705	0.8072159290313721	0.8619728684425354	0.8971078991889954	0.7878116369247437	0.7813444137573242	0.7888959646224976	0.7726373672485352	0.775183916091919	0.9611887335777283	0.8232576847076416	0.9254107475280762	0.7788133025169373	0.8339630365371704	0.9234868288040161	0.7872697710990906	0.8590352535247803	0.7584245204925537	0.8296041488647461	0.7335689663887024	0.8363802433013916	0.7411593794822693	0.7832612991333008	0.7354375720024109	0.6635391116142273	0.6148752570152283	0.6495760083198547	0.7869903445243835	0.8094464540481567	0.6015778183937073	0.8906274437904358	0.9060921669006348	0.7451446652412415	0.9252018332481384	0.8952460289001465	0.8167222142219543	0.8624156713485718	0.9424141049385071	0.6505376100540161	0.4090000092983246	0.399405300617218	0.4366883635520935	0.4230346381664276	0.4760832786560059	0.9645760655403137	0.971967875957489	0.9746469259262085	0.968081533908844	0.9661927819252014	0.7136012315750122	0.5858957767486572	0.4174492955207825	0.3053404092788696	0.4191098511219025	0.3860117197036743	0.5550650954246521
NW010-5	0.8137786984443665	0.7174229025840759	0.5501713156700134	0.7646734118461609	0.7409581542015076	0.8605420589447021	0.8462576270103455	0.8603328466415405	0.8482456803321838	0.8785174489021301	0.761652410030365	0.6730194091796875	0.7325820922851562	0.6847444772720337	0.6209930181503296	0.6992477178573608	0.5747520327568054	0.6007822155952454	0.8458940982818604	0.6902252435684204	0.8363004326820374	0.6381272077560425	0.6003797054290771	0.5759478807449341	0.49832883477211	0.8039514422416687	0.2517009377479553	0.0	0.7223106026649475	0.7531123161315918	0.8542476296424866	0.7901628613471985	0.8998807072639465	0.693314790725708	0.6409848928451538	0.8708093762397766	0.6131414175033569	0.5181165337562561	0.7360060811042786	0.7634859681129456	0.7022015452384949	0.7608940005302429	0.7978407144546509	0.7401561141014099	0.8237761855125427	0.753489077091217	0.8027461767196655	0.8470983505249023	0.8260890245437622	0.809141218662262	0.8799784779548645	0.8847559690475464	0.9205576181411743	0.861801028251648	0.7185994386672974	0.8614065051078796	0.7172721028327942	0.8739072680473328	0.8294780850410461	0.8786045908927917	0.9029464721679688	0.8570631146430969	0.8857719898223877	0.887811541557312	0.913196325302124	0.8570824265480042	0.8999630808830261	0.8931500911712646	0.9188968539237976	0.564806342124939	0.5991738438606262	0.6781434416770935	0.5392826795578003	0.6865902543067932	1.033990502357483	0.8366174101829529	0.6736602187156677	0.605417788028717	0.6635614633560181	0.7842028141021729	0.9223881363868713	0.6255571246147156	0.8391262888908386	0.8985038995742798	0.8622197508811951	0.787043571472168	0.8568044900894165	0.7612127065658569	0.8872960805892944	0.8269950151443481	0.6462206840515137	0.7251118421554565	0.5818994641304016	0.7283384799957275	0.8124596476554871	0.3232696950435638	0.3536130785942078	0.3062161505222321	0.4391039311885834	0.3574455082416534	0.8131095767021179	0.6683026552200317	0.7302578687667847	0.6661170721054077	0.5018197298049927	0.9852778315544128	1.022561550140381	0.9283281564712524	0.9301468133926392	0.8464371562004089	0.8170678019523621	0.8471552729606628	0.9317679405212402	0.9191049933433533	0.8571721911430359	0.7269930243492126	0.7112297415733337	0.8072870969772339	0.8074174523353577	0.8893311619758606	0.4620189368724823	0.9110897779464722	0.8071444630622864	0.8142305016517639	0.8380635380744934	0.8470246195793152	0.6497898697853088	1.029172658920288	0.9364733099937439	0.5512460470199585	0.4181047677993774	0.9276561737060547	0.8868892192840576	0.9318994879722595	0.9027246236801147	0.9443402886390686	0.8303431868553162	0.9093465805053711	0.6754084825515747	0.6755106449127197	0.6888467073440552	0.7367436289787292	0.6589601635932922	0.8594251871109009	0.7735130786895752	0.696349561214447	0.719691812992096	0.6703914403915405	0.791236162185669	0.7351282238960266	0.7915024757385254	0.8242918848991394	0.6942621469497681	0.7095093727111816	0.71768718957901	0.6959311962127686	0.7137340903282166	0.8882035613059998	0.7433537244796753	0.8621649146080017	0.6958757042884827	0.7588090896606445	0.8613719344139099	0.7281455397605896	0.8012233972549438	0.6977621912956238	0.7726837396621704	0.6779794692993164	0.7765069603919983	0.6926348805427551	0.7305106520652771	0.6778812408447266	0.5975912809371948	0.5652019381523132	0.5925285220146179	0.724197268486023	0.7485854625701904	0.5341271758079529	0.8428119421005249	0.8452157974243164	0.6654163599014282	0.8508172631263733	0.8306393623352051	0.7495377063751221	0.7954639792442322	0.8754658102989197	0.5606532096862793	0.5014805197715759	0.5274063348770142	0.5987769365310669	0.5612609386444092	0.5124320983886719	0.9054619669914246	0.9149976372718811	0.9164583086967468	0.9090909957885742	0.906699001789093	0.6476081609725952	0.4950200021266937	0.4563053846359253	0.4745571911334991	0.5970907211303711	0.5030078291893005	0.6037585735321045
NW011-1	0.521289050579071	0.5330766439437866	0.916462242603302	0.6430597901344299	0.5937803983688354	0.545118510723114	0.5894272923469543	0.6359738111495972	0.6096065044403076	0.5956722497940063	0.4428123235702515	0.3600630760192871	0.3899697363376617	0.4283289015293121	0.4019242525100708	0.5197521448135376	0.5201637148857117	0.6023708581924438	0.5155960321426392	0.4806177914142609	0.4764042794704437	0.5479320883750916	0.6340656280517578	0.4295443594455719	0.5017014145851135	0.5161004066467285	0.780218243598938	0.7223106026649475	0.0	0.1013532355427742	0.2849669456481934	0.2084636688232422	0.287744402885437	0.3779098689556122	0.3116361796855927	0.5497855544090271	0.3216342926025391	0.4273248016834259	0.4308570623397827	0.545799970626831	0.4206331074237823	0.4396895468235016	0.4457814991474152	0.4426097869873047	0.5032371282577515	0.4506645798683167	0.4602434933185577	0.5071101188659668	0.510769248008728	0.6155471205711365	0.6044835448265076	0.6571571230888367	0.6118567585945129	0.5831493139266968	0.6332789659500122	0.5743446946144104	0.8779675364494324	0.4564911127090454	0.3544697463512421	0.4323237240314484	0.4563975036144257	0.3981104493141174	0.4642826020717621	0.6263461112976074	0.663719654083252	0.6291907429695129	0.6386879086494446	0.6074378490447998	0.6670469045639038	0.4793367981910706	0.4386656880378723	0.4866563677787781	0.4510623216629028	0.3029162883758545	0.7264777421951294	0.6160170435905457	0.545975387096405	0.5478963255882263	0.4960465431213379	0.399890273809433	0.6423442363739014	0.6215934157371521	0.5881667137145996	0.6659865975379944	0.6111230254173279	0.6164000034332275	0.55663001537323	0.5326896905899048	0.5665791630744934	0.5024248361587524	0.3612443208694458	0.2760518491268158	0.3269403874874115	0.2714320719242096	0.360901266336441	0.6757100820541382	0.6414028406143188	0.6287416815757751	0.7684115767478943	0.5936244130134583	0.3929136991500854	0.3000580668449402	0.3215759694576263	0.2709662914276123	0.4209878146648407	0.7071248888969421	0.6358376741409302	0.71805739402771	0.6359817385673523	0.4421846568584442	0.3613475561141968	0.456131637096405	0.4689963757991791	0.464444488286972	0.4788648188114166	0.4322975873947144	0.4432038962841034	0.5284233093261719	0.5422869920730591	0.6117366552352905	0.6338399648666382	0.6784161329269409	0.5207446813583374	0.5580088496208191	0.552251935005188	0.5580453872680664	0.4249135255813599	0.6195914149284363	0.5150431990623474	0.5398880839347839	0.7822219729423523	0.5584140419960022	0.5046527981758118	0.5855721831321716	0.538086473941803	0.5638611316680908	0.4779840409755707	0.5449519753456116	0.660330593585968	0.54949551820755	0.5786342024803162	0.5700916051864624	0.5998347401618958	0.4916959404945374	0.4086066484451294	0.3617715537548065	0.3753628432750702	0.3419955372810364	0.5270503759384155	0.4779977202415466	0.5489591360092163	0.5825772881507874	0.4813351333141327	0.4738432765007019	0.4000142812728882	0.495036244392395	0.6304078698158264	0.6017999649047852	0.4116101562976837	0.6834041476249695	0.4877683818340302	0.5403174161911011	0.696103572845459	0.5735993981361389	0.6406581997871399	0.5192263126373291	0.5992461442947388	0.4593977332115173	0.5129974484443665	0.581508457660675	0.6378212571144104	0.4167344570159912	0.5472666621208191	0.689380407333374	0.6204683780670166	0.5396625399589539	0.539892315864563	0.635063111782074	0.602500855922699	0.4565410315990448	0.3926912546157837	0.4862624704837799	0.5233273506164551	0.4854359030723572	0.4679002165794373	0.5423033237457275	0.543399453163147	0.6483388543128967	0.7056561708450317	0.8251235485076904	0.6307855844497681	0.6278485655784607	0.5882198214530945	0.6516115069389343	0.6756418943405151	0.6164235472679138	0.5768299102783203	0.4112239181995392	0.4019925594329834	0.5848090648651123	0.7190036773681641	0.696367621421814	0.5989270806312561	0.5859202742576599
NW011-2	0.5026540160179138	0.5628255009651184	0.9384446144104004	0.6542296409606934	0.6116223335266113	0.5112632513046265	0.5601069927215576	0.6170660257339478	0.5848652124404907	0.5677827596664429	0.4249411523342133	0.3691374063491821	0.3829508423805237	0.4214556813240051	0.4195854067802429	0.552297055721283	0.5500855445861816	0.6385409832000732	0.4939957559108734	0.4817126393318176	0.4583122432231903	0.5679313540458679	0.6533645391464233	0.4520999193191528	0.4852724373340607	0.504472553730011	0.8067362308502197	0.7531123161315918	0.1013532355427742	0.0	0.2476813644170761	0.1954505294561386	0.2511670291423798	0.4068529903888702	0.3374003767967224	0.5341551899909973	0.3496561646461487	0.4593963921070099	0.4028317928314209	0.516531765460968	0.3896729946136475	0.4071620106697083	0.4002988040447235	0.4350427687168121	0.4837870299816132	0.4509592652320862	0.4386080205440521	0.4821115732192993	0.4892857074737549	0.6015155911445618	0.5828436613082886	0.6467896103858948	0.5836836099624634	0.5606815218925476	0.6531139612197876	0.5514129400253296	0.8906094431877136	0.4020541906356812	0.3099235892295837	0.3857914805412292	0.4132567346096039	0.3472272157669067	0.4142731130123138	0.6182656288146973	0.6538143754005432	0.6216638088226318	0.6275773644447327	0.5968132615089417	0.6585233211517334	0.5026026368141174	0.4601655006408691	0.5012674331665039	0.4682466685771942	0.3157348036766052	0.6905201077461243	0.5813845992088318	0.5485522150993347	0.5425769090652466	0.524654746055603	0.3866539895534515	0.6257652044296265	0.6354609727859497	0.5685550570487976	0.6562548279762268	0.6018785834312439	0.614632785320282	0.5361559391021729	0.5265697240829468	0.5418897271156311	0.4677645862102509	0.3882856369018555	0.2706433534622192	0.3545860648155212	0.261432021856308	0.3550625741481781	0.7186174988746643	0.6780745387077332	0.6596724390983582	0.8035812973976135	0.6219350099563599	0.3535186946392059	0.2588197290897369	0.2970948815345764	0.2687432467937469	0.4324585497379303	0.6887272000312805	0.6104699969291687	0.6994997262954712	0.6188116073608398	0.3947187066078186	0.3230222463607788	0.4143192172050476	0.4218789339065552	0.4303320944309235	0.4352714717388153	0.4172577857971191	0.443048357963562	0.5134063363075256	0.5289349555969238	0.5910193920135498	0.6459042429924011	0.652901291847229	0.4913923740386963	0.5295144319534302	0.5241343379020691	0.5298322439193726	0.4291639626026154	0.584280252456665	0.4796249568462372	0.5578612685203552	0.7960702180862427	0.5288981795310974	0.4924937784671783	0.5696110725402832	0.5259119272232056	0.5247597098350525	0.4599449932575226	0.5252060890197754	0.6853092312812805	0.5780625939369202	0.6051185131072998	0.592393159866333	0.6269404888153076	0.4533127248287201	0.3934478759765625	0.3500391840934753	0.3533937335014343	0.3373651802539825	0.5078176259994507	0.4798462986946106	0.5392551422119141	0.5721049904823303	0.4946542978286743	0.4609809219837189	0.3980118632316589	0.4860881567001343	0.6244673728942871	0.5871407389640808	0.3753434419631958	0.6679423451423645	0.4929957091808319	0.5443859100341797	0.6799607276916504	0.5610891580581665	0.6297399401664734	0.5370453596115112	0.5901450514793396	0.4576489627361298	0.5015535354614258	0.6025632619857788	0.6636559367179871	0.4520106911659241	0.5775915384292603	0.7202005982398987	0.6482080817222595	0.5617305636405945	0.557854950428009	0.658043622970581	0.5890897512435913	0.4352975487709045	0.4160598516464233	0.4723649322986603	0.4973499774932861	0.4592848718166351	0.4613065123558044	0.5033731460571289	0.5639814138412476	0.6627073884010315	0.7229132652282715	0.840114951133728	0.6428170800209045	0.6443588137626648	0.5770919322967529	0.6391187310218811	0.6642841696739197	0.6044201254844666	0.5627073049545288	0.4312206208705902	0.4308951199054718	0.6066586971282959	0.7452187538146973	0.7212327122688293	0.6241512894630432	0.5718110799789429
NW011-4	0.4443449974060059	0.6083377003669739	1.001894950866699	0.7129054069519043	0.6647005677223206	0.4660662114620209	0.5071855187416077	0.5603061318397522	0.5286391973495483	0.5126101970672607	0.4405705332756042	0.4616901278495789	0.4252797067165375	0.4958830177783966	0.5062255859375	0.6165359616279602	0.6984511613845825	0.7323616147041321	0.4341472983360291	0.5361472368240356	0.4028396606445312	0.6583219170570374	0.7334176898002625	0.540532648563385	0.5741468071937561	0.4532168507575989	0.9145826697349548	0.8542476296424866	0.2849669456481934	0.2476813644170761	0.0	0.1876234859228134	0.1585796773433685	0.5200605392456055	0.4787330329418182	0.4987934529781342	0.473590075969696	0.5848296880722046	0.4548541307449341	0.5133652091026306	0.4523226022720337	0.422559916973114	0.3794416487216949	0.4975376129150391	0.4752190411090851	0.5299535393714905	0.5072594881057739	0.496589183807373	0.5416772961616516	0.5760069489479065	0.5560106039047241	0.5909092426300049	0.5482988357543945	0.5172922611236572	0.7147518396377563	0.4993414878845215	0.97119140625	0.3424184918403625	0.2900848984718323	0.3049833178520203	0.34244304895401	0.2965513467788696	0.3307018280029297	0.571628749370575	0.601690948009491	0.5833133459091187	0.5685937404632568	0.5432265996932983	0.6151778101921082	0.6317237019538879	0.5737141966819763	0.6141390204429626	0.607667088508606	0.4383880198001862	0.5282556414604187	0.4517154693603516	0.6157355904579163	0.6155843138694763	0.609391450881958	0.4173960387706757	0.5626299381256104	0.6971471905708313	0.558036744594574	0.6421868801116943	0.5838348865509033	0.6425866484642029	0.4808008372783661	0.5605854988098145	0.47044438123703	0.4160967171192169	0.4722472131252289	0.3476420938968658	0.4531586766242981	0.3364774584770203	0.3298988044261932	0.8430030345916748	0.8008807301521301	0.772136390209198	0.9310070276260376	0.7407258152961731	0.1971560716629028	0.2814870774745941	0.2803533375263214	0.3351626694202423	0.524559497833252	0.6368561387062073	0.5590555667877197	0.6565032601356506	0.5758103132247925	0.3103524744510651	0.2632352709770203	0.3116155862808228	0.2775954902172089	0.3400309979915619	0.3530423641204834	0.4591384828090668	0.4989292323589325	0.4868016242980957	0.4989863038063049	0.5569778084754944	0.7348601818084717	0.6610862016677856	0.4890755116939545	0.5178651213645935	0.5029643774032593	0.5060989260673523	0.5192140340805054	0.4327552616596222	0.3437575697898865	0.6287112832069397	0.8930966854095459	0.4117814302444458	0.463529646396637	0.541469395160675	0.4962531626224518	0.4730879366397858	0.4529770910739899	0.5067710876464844	0.7213840484619141	0.6208350658416748	0.6647030711174011	0.6349384188652039	0.6943371891975403	0.3949782252311707	0.3562721312046051	0.3665964603424072	0.3608962297439575	0.3778145611286163	0.5269773602485657	0.5420334339141846	0.5298308730125427	0.5729333162307739	0.5570476055145264	0.4540046751499176	0.4487165212631226	0.5055696368217468	0.646568775177002	0.5551475286483765	0.3668283224105835	0.6269319653511047	0.5666496753692627	0.5925043225288391	0.648157000541687	0.59201580286026	0.598561704158783	0.605293869972229	0.5981562733650208	0.5447025895118713	0.4906660616397858	0.6780524253845215	0.7398697137832642	0.5406280159950256	0.6730209589004517	0.8099419474601746	0.7225921750068665	0.6258684396743774	0.6259375810623169	0.7178077101707458	0.5354133248329163	0.3970583081245422	0.5053707361221313	0.4202070236206055	0.4752357006072998	0.4306972920894623	0.5048438310623169	0.4335341155529022	0.6312165260314941	0.7214605808258057	0.7834479808807373	0.8926534652709961	0.7042267918586731	0.6970494389533997	0.5345826148986816	0.6063086986541748	0.6175913214683533	0.5692600607872009	0.5163223743438721	0.5126234889030457	0.556519091129303	0.6723612546920776	0.820952832698822	0.7847268581390381	0.7005667686462402	0.5949162244796753
NW011-5	0.5188568830490112	0.5899527072906494	0.9679043292999268	0.705172061920166	0.6694125533103943	0.5715225338935852	0.6117374300956726	0.6533635854721069	0.6276940703392029	0.6157767176628113	0.4820712804794312	0.4567729234695435	0.4457691311836243	0.5056902170181274	0.5026736259460449	0.6010035872459412	0.6529704332351685	0.6986873745918274	0.4562673270702362	0.4629110991954803	0.4352682828903198	0.5476992130279541	0.6461984515190125	0.5122097134590149	0.5325503349304199	0.513485312461853	0.8447430729866028	0.7901628613471985	0.2084636688232422	0.1954505294561386	0.1876234859228134	0.0	0.2098105847835541	0.4660363793373108	0.4470356404781342	0.5422115921974182	0.438127875328064	0.5436764359474182	0.4679376780986786	0.5586720705032349	0.4606432318687439	0.4679810702800751	0.4579811096191406	0.4911894798278809	0.5234284400939941	0.5485869646072388	0.5175345540046692	0.5551377534866333	0.5625223517417908	0.6191689968109131	0.6212109923362732	0.6487124562263489	0.6140373945236206	0.5976195931434631	0.6951717734336853	0.5834589600563049	0.9353057146072388	0.4529311656951904	0.387152373790741	0.4272781312465668	0.4518237113952637	0.4060699343681335	0.459635466337204	0.6294474601745605	0.6598065495491028	0.6270169615745544	0.6327376961708069	0.6070690751075745	0.6743564605712891	0.6023736000061035	0.5612459778785706	0.5992599129676819	0.5774350762367249	0.4111396372318268	0.6290095448493958	0.5166558623313904	0.5930684208869934	0.5975176692008972	0.5439521670341492	0.4322361648082733	0.6534422039985657	0.675362229347229	0.610856831073761	0.6935650706291199	0.6370590329170227	0.6489226222038269	0.5734245181083679	0.578269362449646	0.5727168917655945	0.493551641702652	0.4639354944229126	0.3306668996810913	0.418773740530014	0.2943090498447418	0.3822697103023529	0.7605987191200256	0.7437134385108948	0.7142515182495117	0.8598426580429077	0.6816549897193909	0.2616038620471954	0.2807695269584656	0.224692314863205	0.2614204287528992	0.461909145116806	0.7237793207168579	0.6502703428268433	0.7353904843330383	0.6558404564857483	0.4400646388530731	0.3732379674911499	0.4410076439380646	0.4022911787033081	0.4522071480751038	0.4842304289340973	0.4467268288135529	0.4871184229850769	0.5361338257789612	0.5539490580558777	0.6115742921829224	0.6982018351554871	0.6932339668273926	0.5375149250030518	0.5742434859275818	0.563584566116333	0.5674900412559509	0.4985193014144897	0.5173778533935547	0.415264904499054	0.6089070439338684	0.8520528078079224	0.4826103746891022	0.5212583541870117	0.5883502960205078	0.5540778040885925	0.5420815348625183	0.4924239814281464	0.5452019572257996	0.6878219842910767	0.5903657078742981	0.6293488144874573	0.6133682131767273	0.6361390352249146	0.4702695906162262	0.4280492067337036	0.38634192943573	0.4046817421913147	0.3803867995738983	0.5644546747207642	0.5514909625053406	0.5797286629676819	0.6143258213996887	0.5653171539306641	0.4937625527381897	0.4412755072116852	0.5263975262641907	0.661427915096283	0.609024703502655	0.4044089019298553	0.7049230337142944	0.5633585453033447	0.591992974281311	0.7181110382080078	0.6012888550758362	0.662719190120697	0.6025860905647278	0.6170817613601685	0.5245484113693237	0.527247428894043	0.6455392837524414	0.7063101530075073	0.5031206011772156	0.6143280863761902	0.7466052174568176	0.6901866793632507	0.5993534326553345	0.5928436517715454	0.7034746408462524	0.6036688685417175	0.4840634167194366	0.4820251762866974	0.5116677284240723	0.5424938201904297	0.4820781648159027	0.5210008025169373	0.5391769409179688	0.6102298498153687	0.718187153339386	0.7730990052223206	0.8888353109359741	0.6915916204452515	0.6941537261009216	0.6162460446357727	0.6821972727775574	0.7033451199531555	0.6457928419113159	0.6023842096328735	0.504077672958374	0.5040968656539917	0.6481071710586548	0.7748537063598633	0.7523348331451416	0.6578061580657959	0.5897662043571472
NW011-6	0.5233144164085388	0.6836729645729065	1.058466553688049	0.8011271357536316	0.7633680701255798	0.5469574332237244	0.591073215007782	0.646630048751831	0.6140474677085876	0.5911552309989929	0.4953855276107788	0.5208903551101685	0.492826372385025	0.5651995539665222	0.5786312818527222	0.6890193223953247	0.7304558157920837	0.7917593717575073	0.4754698872566223	0.6062272191047668	0.4574386775493622	0.688115656375885	0.7656925916671753	0.6007570624351501	0.6121218800544739	0.5300136804580688	0.9379147291183472	0.8998807072639465	0.287744402885437	0.2511670291423798	0.1585796773433685	0.2098105847835541	0.0	0.5702547430992126	0.5084076523780823	0.531664252281189	0.5115713477134705	0.6087830662727356	0.5329236388206482	0.5223507285118103	0.5019121766090393	0.4670087397098541	0.3918395936489105	0.5497635006904602	0.5685476064682007	0.6205260753631592	0.5594235062599182	0.5703824758529663	0.6240353584289551	0.6272831559181213	0.5997968316078186	0.6785834431648254	0.5848981142044067	0.5649483799934387	0.7894687056541443	0.5646079182624817	1.021797776222229	0.406946063041687	0.3538589775562286	0.357254296541214	0.3983548283576965	0.3666593134403229	0.396146684885025	0.6655181050300598	0.6857006549835205	0.6841400861740112	0.6556578278541565	0.6261444091796875	0.6931885480880737	0.6871904730796814	0.6456610560417175	0.6815674304962158	0.6542685031890869	0.4911743402481079	0.4918651282787323	0.4355877935886383	0.6759490370750427	0.6756559014320374	0.6554281115531921	0.4844019114971161	0.6096743941307068	0.7613176107406616	0.5895183682441711	0.6707444190979004	0.6150003671646118	0.7293338775634766	0.5586453080177307	0.659695565700531	0.5346941947937012	0.5037604570388794	0.5572906136512756	0.4119598269462585	0.5191582441329956	0.3939040005207062	0.3760064542293549	0.8492960333824158	0.807027280330658	0.7843385934829712	0.9286651611328125	0.7408941984176636	0.2344423979520798	0.3329092562198639	0.3378376662731171	0.3767350614070892	0.5656294822692871	0.6959435939788818	0.6206023693084717	0.7138420343399048	0.6277574896812439	0.3607237339019775	0.2966505885124207	0.4051113128662109	0.3243491649627686	0.4134309887886047	0.4048928916454315	0.5280047059059143	0.5834830403327942	0.5628609657287598	0.5874589085578918	0.6404911279678345	0.7815883755683899	0.6537789702415466	0.5221537947654724	0.5469813942909241	0.5251040458679199	0.5255934000015259	0.563637375831604	0.3806016147136688	0.3174924254417419	0.6937692761421204	0.9368894100189209	0.3820555210113525	0.5215662717819214	0.5953951478004456	0.5508654713630676	0.5198661088943481	0.5062736868858337	0.5520205497741699	0.79950350522995	0.6971782445907593	0.7103822231292725	0.6912491321563721	0.7309429049491882	0.4330973923206329	0.4067568778991699	0.4509353935718536	0.4256514012813568	0.4463042318820953	0.6083831191062927	0.6372204422950745	0.6291297674179077	0.6673092246055603	0.6311331391334534	0.5473487973213196	0.526094377040863	0.6027536392211914	0.7453482747077942	0.602441132068634	0.4288893938064575	0.6821498274803162	0.6287379264831543	0.6441038846969604	0.6968300938606262	0.6851131319999695	0.6723688840866089	0.694060742855072	0.6832283139228821	0.6087195873260498	0.5815234184265137	0.7395111918449402	0.7963656187057495	0.6049696803092957	0.7224270105361938	0.8534468412399292	0.7924755811691284	0.6813769340515137	0.6747598052024841	0.7943130731582642	0.583085834980011	0.4626801013946533	0.5569716691970825	0.4965358376502991	0.5354778170585632	0.5140596032142639	0.5745589137077332	0.5144935846328735	0.7096396088600159	0.802878737449646	0.8580354452133179	0.9699668288230896	0.7766405940055847	0.7837936878204346	0.5957834124565125	0.6591664552688599	0.6812909245491028	0.6223701238632202	0.5757123827934265	0.583490252494812	0.5785179734230042	0.7405937314033508	0.8703503012657166	0.8456440567970276	0.7543100118637085	0.6660718321800232
NW012-1	0.5028784275054932	0.4595747590065002	0.8673838973045349	0.5878974795341492	0.5459292531013489	0.5143238306045532	0.5343979001045227	0.605341911315918	0.5650961995124817	0.5665183663368225	0.3875536024570465	0.3014219701290131	0.3527380526065826	0.3438620865345001	0.3454038500785828	0.410399466753006	0.5267520546913147	0.565812885761261	0.5306212306022644	0.3713800013065338	0.4486760795116425	0.4444838762283325	0.6119223237037659	0.404628187417984	0.4555537402629852	0.492761641740799	0.7631946802139282	0.693314790725708	0.3779098689556122	0.4068529903888702	0.5200605392456055	0.4660363793373108	0.5702547430992126	0.0	0.2888934314250946	0.4060931503772736	0.2581725418567657	0.3796579241752625	0.4473578333854675	0.5239835977554321	0.4264803230762482	0.4683193564414978	0.4856237173080444	0.3142322897911072	0.4270727336406708	0.3697975277900696	0.3864009380340576	0.4544265568256378	0.4276143908500671	0.4652642011642456	0.5106869339942932	0.549782931804657	0.5441302061080933	0.4929409921169281	0.5311955213546753	0.4984460175037384	0.8317427635192871	0.4450240433216095	0.4054485261440277	0.4970856308937073	0.4791067540645599	0.4626609981060028	0.486530214548111	0.5290046334266663	0.5602042078971863	0.530298113822937	0.5383743047714233	0.5101689100265503	0.5647884607315063	0.3900606036186218	0.3740497827529907	0.3905879557132721	0.4488074481487274	0.3160855770111084	0.825630247592926	0.7072774171829224	0.5743106603622437	0.4245560467243195	0.4645122289657593	0.3313833773136139	0.5577201247215271	0.4591068923473358	0.4917097985744476	0.5517169237136841	0.5100069046020508	0.5415621399879456	0.4932764768600464	0.4274210929870605	0.519015371799469	0.5277130007743835	0.3105962574481964	0.30954509973526	0.323907732963562	0.3200607895851135	0.3997071981430054	0.6764504313468933	0.6324349641799927	0.6100228428840637	0.7591491937637329	0.5818300247192383	0.5649139881134033	0.4952679872512817	0.4725088179111481	0.4526850879192352	0.5462265014648438	0.644742488861084	0.6642476320266724	0.6455571055412292	0.6158648133277893	0.5435923933982849	0.4887855350971222	0.5474951863288879	0.5994852185249329	0.5890148878097534	0.5586323738098145	0.3646907210350037	0.3499183654785156	0.4379619657993317	0.4566764235496521	0.5408177375793457	0.6075171232223511	0.6904827356338501	0.5498033165931702	0.5615821480751038	0.5942869782447815	0.5950056314468384	0.4259609878063202	0.7286465764045715	0.6291279792785645	0.517163872718811	0.7380251288414001	0.6466992497444153	0.4979208111763	0.5238630771636963	0.5032908916473389	0.5500455498695374	0.414539635181427	0.4972084164619446	0.6070888042449951	0.474958598613739	0.5381055474281311	0.4973451197147369	0.578804075717926	0.4883281588554382	0.3891361355781555	0.3383918702602386	0.370225191116333	0.3285970985889435	0.4350413382053375	0.4095000028610229	0.4381449520587921	0.4662702679634094	0.3593559265136719	0.4276093244552612	0.3625384867191315	0.3923142552375793	0.511076807975769	0.51093590259552	0.4372226893901825	0.5927296280860901	0.4146457612514496	0.4806786775588989	0.6018723845481873	0.5004743933677673	0.5855739116668701	0.4770703315734863	0.5079995393753052	0.4332475364208221	0.429208517074585	0.4716376960277557	0.4916020035743713	0.3358578979969025	0.4171245396137238	0.6069887280464172	0.5404796004295349	0.4121553003787994	0.4236296415328979	0.5414403080940247	0.5017796754837036	0.4710427224636078	0.3439924716949463	0.4599735140800476	0.510138750076294	0.4745100438594818	0.440786212682724	0.5645405054092407	0.4705243706703186	0.5515362620353699	0.6067571043968201	0.7453911304473877	0.5338255167007446	0.5067556500434875	0.5206831693649292	0.5643195509910583	0.5924192667007446	0.5281354784965515	0.5477915406227112	0.3414793014526367	0.3806512057781219	0.5112042427062988	0.6579412221908569	0.5730315446853638	0.5229368209838867	0.4995361268520355
NW012-3	0.5340262055397034	0.4924136996269226	0.8066222071647644	0.607923150062561	0.5601087212562561	0.5120671391487122	0.528577983379364	0.5759254097938538	0.5642837882041931	0.556211531162262	0.4147596061229706	0.3049708306789398	0.3736659288406372	0.3717171847820282	0.296597957611084	0.39231938123703	0.3968431949615479	0.4694730639457703	0.5693870186805725	0.4637124240398407	0.5226337909698486	0.4970763623714447	0.5675356388092041	0.3232101202011108	0.4870236814022064	0.5254727602005005	0.7212321758270264	0.6409848928451538	0.3116361796855927	0.3374003767967224	0.4787330329418182	0.4470356404781342	0.5084076523780823	0.2888934314250946	0.0	0.5065584182739258	0.1340227425098419	0.2620441913604736	0.3617620170116425	0.5111070275306702	0.3584879636764526	0.3925416469573975	0.4230915904045105	0.3748469948768616	0.4610483348369598	0.3742306530475616	0.409475713968277	0.4599610865116119	0.4334386885166168	0.5334790349006653	0.51980060338974	0.6163232326507568	0.6010586619377136	0.5230352282524109	0.5098655223846436	0.5327857136726379	0.7760059237480164	0.5020749568939209	0.4180366098880768	0.5021881461143494	0.5297836661338806	0.4671743214130402	0.507461428642273	0.5761516094207764	0.6209793090820312	0.5934905409812927	0.6048597693443298	0.568062424659729	0.6099860668182373	0.3726280331611633	0.3310103714466095	0.381208211183548	0.355077713727951	0.3068099617958069	0.8496456742286682	0.7396834492683411	0.6103494763374329	0.5068312287330627	0.3545907437801361	0.3221486806869507	0.5808781981468201	0.5365910530090332	0.5103937387466431	0.5766565203666687	0.5334179997444153	0.5037047863006592	0.4800357520580292	0.4121327698230743	0.5165479779243469	0.4657289683818817	0.2588951587677002	0.3394307196140289	0.2978486716747284	0.3822743594646454	0.4399338364601135	0.6350276470184326	0.5860180854797363	0.5690032243728638	0.7202139496803284	0.5402625799179077	0.5457624197006226	0.4453720152378082	0.4647634029388428	0.4015794396400452	0.4680546820163727	0.6529605984687805	0.6667584776878357	0.6644068360328674	0.6316201686859131	0.5316726565361023	0.4644242823123932	0.5307467579841614	0.619296669960022	0.5816364288330078	0.5136961936950684	0.4057068228721619	0.3916416764259338	0.4528184831142426	0.4666689038276672	0.5412973165512085	0.5447221398353577	0.6668763160705566	0.484654575586319	0.4979722201824188	0.5283616185188293	0.5335842967033386	0.3480382859706879	0.7265419960021973	0.6112118363380432	0.5275340676307678	0.6936165690422058	0.6487066745758057	0.5178540945053101	0.5731296539306641	0.539767861366272	0.5898942351341248	0.4685049951076508	0.5506640672683716	0.5331339240074158	0.4072549939155579	0.4589172601699829	0.4657448530197144	0.478306919336319	0.5184183120727539	0.4215819239616394	0.3433603942394257	0.3843016922473907	0.3364296853542328	0.433746725320816	0.374253511428833	0.4211752116680145	0.4478140771389008	0.3349448442459106	0.4663345813751221	0.3717374801635742	0.423707902431488	0.5484006404876709	0.5211555361747742	0.3862040340900421	0.589828610420227	0.4180364608764648	0.4408150017261505	0.6077390313148499	0.5166374444961548	0.584272027015686	0.4482012093067169	0.5442315340042114	0.407325267791748	0.4486133456230164	0.4984889030456543	0.5908464789390564	0.3442680835723877	0.4612216651439667	0.5877810716629028	0.5237088203430176	0.3997136056423187	0.4311450719833374	0.4971114695072174	0.5544991493225098	0.4493577182292938	0.2878393232822418	0.4777661561965942	0.5473947525024414	0.521700918674469	0.4626175165176392	0.5737013816833496	0.4721203744411469	0.5506281852722168	0.6177722811698914	0.7355273365974426	0.5570089817047119	0.5255023837089539	0.5054755210876465	0.5545027852058411	0.5768484473228455	0.5252588391304016	0.5252045392990112	0.3535647988319397	0.3177716434001923	0.484393835067749	0.6276512742042542	0.6156514883041382	0.5146032571792603	0.5556313395500183
NW012-4	0.4447676837444305	0.6026319861412048	1.008348822593689	0.7577754855155945	0.7180364727973938	0.4097294211387634	0.4592454135417938	0.5966840386390686	0.4992194771766663	0.4336893260478973	0.3690794408321381	0.486337423324585	0.401909202337265	0.4410910904407501	0.5220139622688293	0.6101147532463074	0.7744316458702087	0.777715802192688	0.3134789168834686	0.4710625410079956	0.3849635720252991	0.5788758993148804	0.7523994445800781	0.6362155675888062	0.4618009328842163	0.4313732087612152	0.9214973449707031	0.8708093762397766	0.5497855544090271	0.5341551899909973	0.4987934529781342	0.5422115921974182	0.531664252281189	0.4060931503772736	0.5065584182739258	0.0	0.4858422875404358	0.5900988578796387	0.5225642919540405	0.3072818219661713	0.4555954039096832	0.4755922555923462	0.3993535935878754	0.3286553919315338	0.4570701718330383	0.555223286151886	0.464335024356842	0.4826433658599854	0.5444519519805908	0.3658382296562195	0.3159473538398743	0.540423572063446	0.2596897184848785	0.2558755576610565	0.7003411650657654	0.3613166511058807	0.9841204881668091	0.3012101352214813	0.3724527359008789	0.3835047781467438	0.3529505729675293	0.382724404335022	0.3930712938308716	0.5600925087928772	0.5298582315444946	0.5704680681228638	0.5047866106033325	0.4719085991382599	0.5927603244781494	0.65615314245224	0.6301693320274353	0.6403027772903442	0.7173448801040649	0.4692245721817017	0.5968502759933472	0.574893057346344	0.6733480095863342	0.528661847114563	0.7024784684181213	0.4433297514915466	0.346261739730835	0.5610249042510986	0.3536758124828339	0.436381995677948	0.403973400592804	0.6684524416923523	0.4397569298744202	0.5376684665679932	0.4049803614616394	0.5199887156486511	0.5456502437591553	0.4140375256538391	0.5393871665000916	0.4037810564041138	0.326421707868576	0.8433407545089722	0.7866349220275879	0.7577758431434631	0.9210107326507568	0.7196764945983887	0.4975442886352539	0.5253576040267944	0.5747202038764954	0.574337363243103	0.697265625	0.499245673418045	0.4721502065658569	0.529633104801178	0.4290910661220551	0.4128043949604034	0.4314880073070526	0.4919070899486542	0.4086566269397736	0.464256227016449	0.4506766200065613	0.3981729745864868	0.4847173094749451	0.4347419738769531	0.4530003666877747	0.5228195786476135	0.773537814617157	0.5113886594772339	0.5201497077941895	0.5398963093757629	0.5151586532592773	0.5080952644348145	0.5660691857337952	0.5051978826522827	0.4704087972640991	0.6419908404350281	0.8890030384063721	0.4442914128303528	0.3869879841804504	0.3920013904571533	0.4013578593730927	0.3549946844577789	0.3566263914108276	0.380657285451889	0.793524980545044	0.6607773900032043	0.7207831144332886	0.633115828037262	0.7646370530128479	0.2708260118961334	0.3095451593399048	0.4101782143115997	0.3827254176139832	0.417743593454361	0.5556325316429138	0.6114722490310669	0.5473467111587524	0.5798704624176025	0.5444461703300476	0.4769575595855713	0.4766032695770264	0.515876054763794	0.64373779296875	0.4815163314342499	0.4634397327899933	0.507473349571228	0.5346329212188721	0.5983802080154419	0.5256243944168091	0.6485735774040222	0.6450938582420349	0.6849981546401978	0.6094720363616943	0.6080269813537598	0.4685659110546112	0.6013973355293274	0.6368198990821838	0.5210368037223816	0.6084182262420654	0.7856758832931519	0.7292279005050659	0.561938464641571	0.5844741463661194	0.7415479421615601	0.3429928421974182	0.3926268815994263	0.5099570155143738	0.3571451604366302	0.485568106174469	0.4764238297939301	0.5480838418006897	0.4685680270195007	0.6728248596191406	0.7289417386054993	0.7901700735092163	0.906055748462677	0.6685854196548462	0.6643091440200806	0.4470933377742767	0.4833424389362335	0.5129674673080444	0.4547596871852875	0.4149824678897858	0.5239019989967346	0.5862887501716614	0.685590386390686	0.8307794332504272	0.6982506513595581	0.6683160662651062	0.4906348586082458
NW012-5	0.5312556028366089	0.4936985373497009	0.8070607781410217	0.6133013963699341	0.5638722777366638	0.522260308265686	0.5447440147399902	0.6058828234672546	0.5832871198654175	0.5679805278778076	0.3904105722904205	0.3068263530731201	0.3546137511730194	0.354449987411499	0.3001788258552551	0.3998326361179352	0.4117496907711029	0.4733645617961884	0.5475103259086609	0.4454109072685242	0.507195770740509	0.458345353603363	0.5389478206634521	0.3243863582611084	0.458034485578537	0.5175607800483704	0.7052370309829712	0.6131414175033569	0.3216342926025391	0.3496561646461487	0.473590075969696	0.438127875328064	0.5115713477134705	0.2581725418567657	0.1340227425098419	0.4858422875404358	0.0	0.2221829444169998	0.3752446174621582	0.4821300804615021	0.3630682229995728	0.3924186825752258	0.4248356223106384	0.3562746644020081	0.4543291032314301	0.3831115067005157	0.4174485504627228	0.4667278230190277	0.4496803283691406	0.5454432368278503	0.528480589389801	0.6118415594100952	0.5743223428726196	0.5047323107719421	0.4825580418109894	0.508796215057373	0.7499077320098877	0.4897019267082214	0.4283170402050018	0.4903717637062073	0.5175561904907227	0.4581670761108398	0.495372474193573	0.582029402256012	0.6219626665115356	0.5926111340522766	0.6038905382156372	0.5699240565299988	0.6191018223762512	0.3584176301956177	0.3383754789829254	0.3832320868968964	0.318605363368988	0.3009521663188934	0.8242315649986267	0.7122045159339905	0.5866230726242065	0.4971958100795746	0.3619799613952637	0.3278272151947021	0.5839950442314148	0.5357005000114441	0.5286932587623596	0.5968948006629944	0.5503931641578674	0.5206926465034485	0.5049914717674255	0.4550687968730927	0.5237612724304199	0.4760348200798035	0.2918340265750885	0.336253821849823	0.274560809135437	0.3667948544025421	0.4200789034366608	0.6124428510665894	0.5642824769020081	0.5465165972709656	0.700738787651062	0.5176597833633423	0.5134085416793823	0.4130306243896484	0.4248431921005249	0.3737014830112457	0.431199312210083	0.674960196018219	0.6782079935073853	0.6877502202987671	0.6403321027755737	0.5215940475463867	0.4587145149707794	0.5254214406013489	0.6095542907714844	0.5737616419792175	0.5078830122947693	0.3959513008594513	0.3959430158138275	0.4778640568256378	0.4840182662010193	0.5629007816314697	0.5171318650245667	0.6488144397735596	0.4786857962608337	0.5020618438720703	0.5245910286903381	0.5292648077011108	0.3432198166847229	0.7033359408378601	0.6000237464904785	0.5039839148521423	0.6700572967529297	0.6191365718841553	0.5024550557136536	0.5647194385528564	0.5241926908493042	0.5702223777770996	0.4525414705276489	0.5288905501365662	0.544045090675354	0.4389760494232178	0.499348372220993	0.5056828856468201	0.5225636959075928	0.499298632144928	0.4077180624008179	0.3318725526332855	0.3739456236362457	0.3201119601726532	0.4604990780353546	0.4066643118858337	0.4641666412353516	0.4982717931270599	0.3515703678131104	0.4465882480144501	0.3695345222949982	0.4255156517028809	0.5666781663894653	0.5277805924415588	0.3844437897205353	0.6093682050704956	0.4380327165126801	0.4799364507198334	0.6355733275413513	0.5344882011413574	0.5861743092536926	0.4688754081726074	0.5506579875946045	0.4269685447216034	0.4714974761009216	0.4628092348575592	0.5623599290847778	0.3237913846969604	0.4220573008060455	0.5544069409370422	0.4847902655601501	0.4523250758647919	0.4779722392559052	0.4765450358390808	0.5371275544166565	0.4428272843360901	0.2885961830615997	0.4622913002967834	0.5266956090927124	0.4978843331336975	0.4595333933830261	0.5639584064483643	0.4552654623985291	0.5355571508407593	0.6001056432723999	0.7199533581733704	0.5443559885025024	0.5054928064346313	0.5544342398643494	0.6062926054000854	0.6252554059028625	0.57049959897995	0.5533421039581299	0.3712890148162842	0.30610591173172	0.4680675864219666	0.6000053286552429	0.5964878797531128	0.4838191270828247	0.5456815958023071
NW012-6	0.6057180762290955	0.5571303367614746	0.6978638172149658	0.6601664423942566	0.5993025898933411	0.6060556173324585	0.6117684245109558	0.6406199932098389	0.6589231491088867	0.642629086971283	0.4657081961631775	0.3713143169879913	0.4292822182178497	0.4101638197898865	0.3387261629104614	0.4441314339637756	0.3431875109672546	0.401892751455307	0.632270872592926	0.4933463633060455	0.6007822155952454	0.4809326827526093	0.4497296214103699	0.3284478485584259	0.4996861219406128	0.5927454233169556	0.6169159412384033	0.5181165337562561	0.4273248016834259	0.4593963921070099	0.5848296880722046	0.5436764359474182	0.6087830662727356	0.3796579241752625	0.2620441913604736	0.5900988578796387	0.2221829444169998	0.0	0.4840943813323975	0.5808513164520264	0.4754081070423126	0.4951258301734924	0.5379945039749146	0.429741233587265	0.5727769136428833	0.4844151139259338	0.5319624543190002	0.5893761515617371	0.5611826181411743	0.6170374155044556	0.6270031929016113	0.6723690629005432	0.6725848913192749	0.6070605516433716	0.5070342421531677	0.6089358329772949	0.6554094552993774	0.5894767045974731	0.5194778442382812	0.585974931716919	0.6123632788658142	0.5596763491630554	0.5964016914367676	0.6544703841209412	0.6834434270858765	0.6470826268196106	0.6683032512664795	0.646996259689331	0.6805717349052429	0.308707058429718	0.3132199645042419	0.4161330163478851	0.2546171844005585	0.3751634657382965	0.9143611192703247	0.807094931602478	0.6717305183410645	0.5694557428359985	0.3626386523246765	0.4544090032577515	0.6839205622673035	0.5911283493041992	0.585802435874939	0.6505923271179199	0.6069176197052002	0.5864191055297852	0.6156341433525085	0.526774525642395	0.6238076090812683	0.5791654586791992	0.3656442165374756	0.4498571157455444	0.3754534125328064	0.4747940599918365	0.5305866599082947	0.4937493801116943	0.4463716447353363	0.4383169412612915	0.5890362858772278	0.4074757099151611	0.6043329834938049	0.5022238492965698	0.5447590947151184	0.4736607074737549	0.4905151426792145	0.7444717288017273	0.775099515914917	0.7426868677139282	0.7237770557403564	0.6170387864112854	0.5684860348701477	0.6208691000938416	0.7110970616340637	0.6633718013763428	0.6165834665298462	0.4889586269855499	0.4816648662090302	0.5686851739883423	0.5719895362854004	0.6652064919471741	0.4201566278934479	0.6977551579475403	0.5665578842163086	0.5782307386398315	0.6074764132499695	0.6170681715011597	0.417417585849762	0.8015635013580322	0.7037490606307983	0.5452407598495483	0.5766844153404236	0.717383623123169	0.5992493033409119	0.6539024114608765	0.617461085319519	0.6659855842590332	0.5366754531860352	0.6199018359184265	0.4888953566551208	0.4671564698219299	0.4921152293682098	0.5319293737411499	0.4613479375839233	0.6064907908439636	0.5148317813873291	0.4288553893566132	0.4803063273429871	0.4107897281646729	0.5380660891532898	0.4810939729213715	0.5440324544906616	0.5723092555999756	0.413539707660675	0.5354471802711487	0.4841656386852264	0.4900289177894592	0.5982903242111206	0.6066837906837463	0.4731684625148773	0.6518471240997314	0.4572505354881287	0.5172163844108582	0.6630585193634033	0.5860757827758789	0.6384133100509644	0.5215058326721191	0.5918635725975037	0.4936831295490265	0.5627261996269226	0.5041089057922363	0.5894038677215576	0.4145280718803406	0.3864494562149048	0.4660486578941345	0.434321254491806	0.4931938350200653	0.5173019170761108	0.4523279368877411	0.6338937282562256	0.5425857305526733	0.3355401456356049	0.5341219305992126	0.6123557686805725	0.5859196782112122	0.5295870900154114	0.6492065191268921	0.39201819896698	0.5235268473625183	0.5692687034606934	0.6540108919143677	0.5914174914360046	0.5319330096244812	0.6310395002365112	0.6468607187271118	0.6584402918815613	0.6332208514213562	0.6443208456039429	0.4229264259338379	0.2399275898933411	0.4667271375656128	0.5278336405754089	0.6348194479942322	0.5194088220596313	0.6024783253669739
NW013-1	0.3503859043121338	0.4461471438407898	0.8475313186645508	0.6290924549102783	0.568062424659729	0.425428032875061	0.4430163204669952	0.4831255376338959	0.4528531432151794	0.4503954648971558	0.3627134561538696	0.3416775166988373	0.3266079425811768	0.3428978025913239	0.3641349077224731	0.4658389687538147	0.5678150057792664	0.5674418210983276	0.4610742926597595	0.4463440179824829	0.406486988067627	0.5180802941322327	0.6525755524635315	0.4612242877483368	0.4636231064796448	0.3520707190036774	0.8176271915435791	0.7360060811042786	0.4308570623397827	0.4028317928314209	0.4548541307449341	0.4679376780986786	0.5329236388206482	0.4473578333854675	0.3617620170116425	0.5225642919540405	0.3752446174621582	0.4840943813323975	0.0	0.3829581737518311	0.1781044751405716	0.1823062002658844	0.2661426663398743	0.3929440379142761	0.2607984244823456	0.3214442431926727	0.3173201978206635	0.3106078207492828	0.3137945532798767	0.4646137058734894	0.4107601046562195	0.4979341328144073	0.4982662200927734	0.3930374681949615	0.4971495866775513	0.3244497179985046	0.7970051169395447	0.3977089822292328	0.3513107299804688	0.3997960388660431	0.4366125166416168	0.3308326005935669	0.3832898139953613	0.4478887915611267	0.4894626438617706	0.47309809923172	0.464216560125351	0.4268223941326141	0.4808413088321686	0.559420108795166	0.5080326199531555	0.5460264682769775	0.5205995440483093	0.353941947221756	0.8357468843460083	0.7314322590827942	0.6411880850791931	0.5135011076927185	0.5293405652046204	0.3332211077213287	0.4768668115139008	0.5741370916366577	0.4737149178981781	0.5606681108474731	0.4934194982051849	0.374661773443222	0.2890956401824951	0.2668322920799255	0.3261595368385315	0.2794723212718964	0.4148975610733032	0.3722666203975677	0.4512317776679993	0.3949946165084839	0.4219116568565369	0.7531596422195435	0.715790867805481	0.6893110871315002	0.8418807983398438	0.65958172082901	0.5325659513473511	0.4466764032840729	0.523882269859314	0.4913335740566254	0.615376353263855	0.6194510459899902	0.5959250926971436	0.6392351388931274	0.560953676700592	0.4870827496051788	0.4699426889419556	0.4112235009670258	0.5784932971000671	0.4834944903850555	0.4165338575839996	0.3630397319793701	0.3576184809207916	0.3821547031402588	0.3590811491012573	0.3523326516151428	0.5704973340034485	0.6504327058792114	0.3354636132717133	0.4069772064685822	0.3897228837013245	0.4010661542415619	0.3275629580020905	0.7335929274559021	0.6179494261741638	0.6773588061332703	0.8125724196434021	0.6617295145988464	0.4770260155200958	0.5640990138053894	0.4812944531440735	0.548629641532898	0.4612372815608978	0.5295501351356506	0.5809570550918579	0.4611237049102783	0.5131630301475525	0.4699316024780273	0.5606988072395325	0.4382319748401642	0.3426133692264557	0.2523074150085449	0.3051344454288483	0.2732754051685333	0.4246281087398529	0.3701853454113007	0.3922116160392761	0.3863816261291504	0.3321437239646912	0.3684923648834229	0.366390734910965	0.4061407148838043	0.4585095643997192	0.4729066491127014	0.3325900137424469	0.5763037800788879	0.4644731283187866	0.4551903009414673	0.6108432412147522	0.4433486759662628	0.5775812268257141	0.4701823890209198	0.5017324090003967	0.4324999749660492	0.3461161255836487	0.5778994560241699	0.6412909626960754	0.4346297383308411	0.554011344909668	0.7018262147903442	0.6192257404327393	0.4331766963005066	0.4297456443309784	0.5186264514923096	0.4121357202529907	0.3524850010871887	0.3880161046981812	0.4064837694168091	0.4450754225254059	0.3898794054985046	0.4287055730819702	0.4284663200378418	0.5245277285575867	0.6029954552650452	0.686982274055481	0.8007862567901611	0.5764960050582886	0.5453270077705383	0.4460777342319489	0.5405524373054504	0.5436109304428101	0.5017113089561462	0.4504411518573761	0.3813650906085968	0.4608066380023956	0.5464203953742981	0.7067050933837891	0.6633087992668152	0.5789949893951416	0.4916636347770691
NW013-2	0.4483176469802856	0.6092725396156311	0.932641327381134	0.7457851767539978	0.7189614772796631	0.4324480593204498	0.4602780044078827	0.5607014894485474	0.4749829471111298	0.4576399624347687	0.3856977224349976	0.4870847761631012	0.4395382106304169	0.4738860726356506	0.5120000839233398	0.6348806619644165	0.7172548174858093	0.7095195055007935	0.3089882731437683	0.4815199971199036	0.41504967212677	0.5418440103530884	0.7054296135902405	0.5826611518859863	0.3767456114292145	0.431334376335144	0.8291836977005005	0.7634859681129456	0.545799970626831	0.516531765460968	0.5133652091026306	0.5586720705032349	0.5223507285118103	0.5239835977554321	0.5111070275306702	0.3072818219661713	0.4821300804615021	0.5808513164520264	0.3829581737518311	0.0	0.2839349806308746	0.3292292952537537	0.2594952285289764	0.3609040677547455	0.448820948600769	0.5509930849075317	0.4606962203979492	0.4606605768203735	0.5311709642410278	0.3730446398258209	0.3423039317131042	0.5854501128196716	0.3263810276985168	0.2595895230770111	0.6578399538993835	0.3642797470092773	0.9338739514350891	0.3555812835693359	0.3977956175804138	0.4013117849826813	0.4233682751655579	0.3854649364948273	0.4120487868785858	0.5877448916435242	0.5698094964027405	0.616588294506073	0.5429793000221252	0.4996483623981476	0.615919291973114	0.703025221824646	0.6720366477966309	0.6989951729774475	0.6760507822036743	0.4620482623577118	0.6822552680969238	0.6178223490715027	0.6641131639480591	0.5319132208824158	0.6653172969818115	0.4870401322841644	0.3927633464336395	0.603166401386261	0.355019748210907	0.5026119351387024	0.4396847784519196	0.5760301351547241	0.4241117537021637	0.5304914116859436	0.3974421322345734	0.4462498426437378	0.5613088607788086	0.4553287625312805	0.506622850894928	0.4315434992313385	0.3709250688552856	0.7549902200698853	0.6998454928398132	0.6740093231201172	0.8402665853500366	0.638217568397522	0.4851398169994354	0.4771904349327087	0.564114511013031	0.5294146537780762	0.6522047519683838	0.565201461315155	0.54255211353302	0.570829451084137	0.4810779988765717	0.3895083367824554	0.4305586218833923	0.4652255177497864	0.4657613039016724	0.5060087442398071	0.4186401069164276	0.4413244128227234	0.5172425508499146	0.4417254030704498	0.4576291143894196	0.5159035325050354	0.6880449652671814	0.4849952161312103	0.4207863211631775	0.4352283179759979	0.4118947088718414	0.3987701833248138	0.463784247636795	0.5741738677024841	0.5215213894844055	0.6870624423027039	0.8182283043861389	0.4843219518661499	0.4581416547298431	0.5094524025917053	0.4729222655296326	0.4574217200279236	0.4581949710845947	0.4777293503284454	0.7674463987350464	0.6529026627540588	0.707225501537323	0.6454399824142456	0.7465772032737732	0.3432024121284485	0.3455938398838043	0.4054363071918488	0.3647227585315704	0.406983494758606	0.5506265163421631	0.5835715532302856	0.5555050373077393	0.6036381125450134	0.5359489321708679	0.4742911159992218	0.4772082269191742	0.5170428156852722	0.6339375376701355	0.4857431352138519	0.3984832763671875	0.5345391035079956	0.551520049571991	0.5871769189834595	0.553267240524292	0.6114936470985413	0.5923934578895569	0.641686201095581	0.5978366732597351	0.5529412627220154	0.4628073871135712	0.5876757502555847	0.660650372505188	0.5156393051147461	0.6091845631599426	0.7426737546920776	0.6658079028129578	0.5974412560462952	0.6164206266403198	0.664075493812561	0.3181323409080505	0.3779832124710083	0.4922380745410919	0.4021067917346954	0.4557665884494781	0.4404042363166809	0.5587155818939209	0.4645384848117828	0.6986209750175476	0.6792020797729492	0.7587664723396301	0.8579776287078857	0.5959792733192444	0.6271505951881409	0.4891714453697205	0.5533733367919922	0.57276451587677	0.5073741674423218	0.4558854401111603	0.5365394353866577	0.5434409379959106	0.610360860824585	0.7505986094474792	0.6796455979347229	0.5911438465118408	0.4539658427238464
NW013-3	0.4037030935287476	0.5085188150405884	0.8999151587486267	0.6553536653518677	0.5920022130012512	0.4474136829376221	0.4806391000747681	0.5313973426818848	0.4930623471736908	0.4858294725418091	0.3174010813236237	0.333735853433609	0.2932715117931366	0.3091472685337067	0.3434304594993591	0.5039801001548767	0.5707390308380127	0.5961042046546936	0.402711421251297	0.4069421291351318	0.3846053183078766	0.4705662429332733	0.6288576722145081	0.4573412835597992	0.3889263570308685	0.3953280746936798	0.7852421998977661	0.7022015452384949	0.4206331074237823	0.3896729946136475	0.4523226022720337	0.4606432318687439	0.5019121766090393	0.4264803230762482	0.3584879636764526	0.4555954039096832	0.3630682229995728	0.4754081070423126	0.1781044751405716	0.2839349806308746	0.0	0.1851830035448074	0.2332020401954651	0.3313619792461395	0.3266009390354156	0.3643620610237122	0.3034435510635376	0.3222996890544891	0.3393504023551941	0.4016481041908264	0.362902045249939	0.5203942060470581	0.4342575073242188	0.3453066647052765	0.5492783784866333	0.3545278310775757	0.8495474457740784	0.396984338760376	0.3524833023548126	0.4142172336578369	0.4412372410297394	0.3590107560157776	0.4262837767601013	0.4826687276363373	0.5046639442443848	0.5072007179260254	0.4830480217933655	0.4379116892814636	0.5238173604011536	0.5623639822006226	0.5074267983436584	0.5507293939590454	0.5450652837753296	0.3552577197551727	0.8077946305274963	0.7032675743103027	0.6259996891021729	0.4761855602264404	0.5297600626945496	0.3303079903125763	0.4379435777664185	0.5609631538391113	0.4127560257911682	0.5248607397079468	0.4503609836101532	0.4551069140434265	0.3478504717350006	0.3518550992012024	0.3813575506210327	0.3474949896335602	0.3988617956638336	0.3581233620643616	0.437096118927002	0.3660414218902588	0.3838288486003876	0.7167418599128723	0.668981671333313	0.6448708176612854	0.8090410232543945	0.6175472140312195	0.5197464227676392	0.4378036856651306	0.5246133804321289	0.4891918003559113	0.6075541377067566	0.5965552926063538	0.5814051032066345	0.6057314276695251	0.5425577759742737	0.4684432148933411	0.4506137669086456	0.4495370090007782	0.5479586720466614	0.5192347168922424	0.4536882042884827	0.3422647416591644	0.4188069701194763	0.3593811988830566	0.3836246132850647	0.4265961647033691	0.6185212135314941	0.5949695706367493	0.3892446160316467	0.4131055474281311	0.433051735162735	0.4350225627422333	0.3531533181667328	0.6838536262512207	0.561072826385498	0.6435441970825195	0.7754949331283569	0.6010648608207703	0.4489805102348328	0.5084130167961121	0.4530887603759766	0.5101763010025024	0.4223189651966095	0.4983465969562531	0.6440033912658691	0.5312820076942444	0.5795822739601135	0.5360019207000732	0.6273686289787292	0.3994597196578979	0.3113767802715302	0.2646084129810333	0.2648048400878906	0.2999049425125122	0.4027656614780426	0.3929126262664795	0.3975949883460999	0.4255726635456085	0.3415364027023315	0.4066658616065979	0.3746070265769958	0.4240866601467133	0.5263940095901489	0.4370794296264648	0.2894193530082703	0.5413950681686401	0.4342967867851257	0.4156597852706909	0.5699388384819031	0.5073307752609253	0.570229709148407	0.5358710289001465	0.5261089205741882	0.4502819776535034	0.3873828053474426	0.5440731048583984	0.6239072680473328	0.4151448905467987	0.5467071533203125	0.6948801279067993	0.6050201654434204	0.4783919453620911	0.4988947212696075	0.5763283371925354	0.4092666804790497	0.3621051013469696	0.378447413444519	0.3659180700778961	0.4779880940914154	0.4364268779754639	0.4549889266490936	0.4614675343036652	0.5684806704521179	0.582772433757782	0.6641169190406799	0.7738001346588135	0.5331732630729675	0.5318691730499268	0.4475800693035126	0.538581132888794	0.5563414692878723	0.4972813129425049	0.4465851485729218	0.3689930140972137	0.4320551455020905	0.5323539972305298	0.7000571489334106	0.6309386491775513	0.5445557832717896	0.4310687184333801
NW013-4	0.3798088431358337	0.5475629568099976	0.9399880170822144	0.7027851939201355	0.6246830224990845	0.39224973320961	0.4411824941635132	0.5015740394592285	0.4589000940322876	0.4480291604995728	0.318326473236084	0.3501895368099213	0.3230270147323608	0.3558147847652435	0.3982073366641998	0.5394397974014282	0.6161942481994629	0.6360390186309814	0.4082362651824951	0.4872452020645142	0.3446395993232727	0.55376136302948	0.6772130727767944	0.4985417723655701	0.4840981066226959	0.3861802816390991	0.8445810675621033	0.7608940005302429	0.4396895468235016	0.4071620106697083	0.422559916973114	0.4679810702800751	0.4670087397098541	0.4683193564414978	0.3925416469573975	0.4755922555923462	0.3924186825752258	0.4951258301734924	0.1823062002658844	0.3292292952537537	0.1851830035448074	0.0	0.1843901127576828	0.3993758261203766	0.3257077634334564	0.3729103207588196	0.3055504560470581	0.2778875827789307	0.3396604955196381	0.4499063491821289	0.358330637216568	0.551679253578186	0.4187163114547729	0.3684827983379364	0.5916489362716675	0.3419865369796753	0.8895692825317383	0.3637551367282867	0.3284410536289215	0.364993542432785	0.3893500864505768	0.3369027078151703	0.3714523315429688	0.4891989529132843	0.5306210517883301	0.531409740447998	0.517331600189209	0.4816818833351135	0.5170084834098816	0.5936190485954285	0.5387942790985107	0.5776637196540833	0.5763257145881653	0.4255275428295135	0.7715326547622681	0.6766883730888367	0.6712675094604492	0.5585233569145203	0.5628519654273987	0.338817298412323	0.4472866058349609	0.6174089312553406	0.4494497179985046	0.5367794036865234	0.4722400009632111	0.4311160743236542	0.3396052718162537	0.3845920860767365	0.2960251271724701	0.2758063971996307	0.4356487691402435	0.3901114165782928	0.4737326204776764	0.3967634439468384	0.3558599352836609	0.7689533829689026	0.7172247171401978	0.6934054493904114	0.8572983145713806	0.6585007309913635	0.4796721041202545	0.4321524500846863	0.5338590145111084	0.497051477432251	0.6441091895103455	0.5769013166427612	0.523747444152832	0.5818623304367065	0.4928642511367798	0.4230191111564636	0.4114938378334045	0.4226631820201874	0.5129289031028748	0.4821051061153412	0.4182924628257751	0.4031431674957275	0.4620083570480347	0.3936464786529541	0.4090760052204132	0.3932051360607147	0.6638410687446594	0.5871923565864563	0.3493326902389526	0.3735711872577667	0.3634867370128632	0.3737276196479797	0.3864437937736511	0.652538001537323	0.5372918844223022	0.6993057131767273	0.8348870277404785	0.5729424953460693	0.4158642888069153	0.5167863368988037	0.4345920979976654	0.4678811430931091	0.4069760739803314	0.4774906635284424	0.684424877166748	0.5709857940673828	0.6218668818473816	0.5768217444419861	0.6695448756217957	0.3815254271030426	0.3312861919403076	0.3026090860366821	0.3070648908615112	0.322835236787796	0.4216827154159546	0.4080087244510651	0.3980471789836884	0.3970292508602142	0.3425267934799194	0.421933114528656	0.4144579172134399	0.4602053165435791	0.5656300187110901	0.39734748005867	0.2638302743434906	0.5289031267166138	0.4633074104785919	0.4561889469623566	0.5701597332954407	0.5477031469345093	0.5723187327384949	0.5729562044143677	0.544776201248169	0.489317923784256	0.4316073954105377	0.6136977672576904	0.6717273592948914	0.4748065769672394	0.5888642072677612	0.7249970436096191	0.6442012786865234	0.5384523272514343	0.5459969639778137	0.6072383522987366	0.4248804748058319	0.3359020948410034	0.4135715961456299	0.3945362567901611	0.456657886505127	0.3981057703495026	0.5039962530136108	0.4229752421379089	0.6263936758041382	0.6043026447296143	0.6786288619041443	0.8210219144821167	0.6073735356330872	0.5600199103355408	0.4511001110076904	0.5390119552612305	0.5596629977226257	0.5004991292953491	0.4604119956493378	0.3838742971420288	0.4510608315467834	0.5820359587669373	0.7373577356338501	0.6983667016029358	0.6118904948234558	0.5091977119445801
NW013-5	0.3668375015258789	0.578568160533905	0.9707441926002502	0.7321401238441467	0.6863435506820679	0.3966912627220154	0.4436042010784149	0.519817054271698	0.4717234969139099	0.4459618926048279	0.3374108970165253	0.3922443389892578	0.3571664988994598	0.3955075442790985	0.4175607264041901	0.5879066586494446	0.6325361132621765	0.6805229783058167	0.3250903487205505	0.4957403540611267	0.3288901150226593	0.559127926826477	0.7031500339508057	0.5226985216140747	0.4977908134460449	0.3739163279533386	0.8721021413803101	0.7978407144546509	0.4457814991474152	0.4002988040447235	0.3794416487216949	0.4579811096191406	0.3918395936489105	0.4856237173080444	0.4230915904045105	0.3993535935878754	0.4248356223106384	0.5379945039749146	0.2661426663398743	0.2594952285289764	0.2332020401954651	0.1843901127576828	0.0	0.3918409049510956	0.3792543411254883	0.4367928504943848	0.3493348062038422	0.3686195909976959	0.433517187833786	0.4236800074577332	0.3575166761875153	0.5412578582763672	0.3360170722007751	0.3183951675891876	0.6267127990722656	0.3365741074085236	0.9150630235671997	0.2615711987018585	0.2796763479709625	0.2962681651115417	0.3003098964691162	0.290574312210083	0.3105093836784363	0.52560955286026	0.5251065492630005	0.5575364232063293	0.4965746998786926	0.4568520784378052	0.5585793256759644	0.6082465648651123	0.5517286062240601	0.5922393798828125	0.5855412483215332	0.4124930202960968	0.6811255812644958	0.6094324588775635	0.6937461495399475	0.5439484119415283	0.5989117622375488	0.405773401260376	0.4100906550884247	0.6247687935829163	0.3932322561740875	0.4794621765613556	0.4213959574699402	0.5553520321846008	0.3585955202579498	0.4482714533805847	0.3115585446357727	0.338563859462738	0.4715664088726044	0.4052245914936066	0.4909811615943909	0.414750874042511	0.3363044857978821	0.8026303648948669	0.7499544024467468	0.7226210832595825	0.8874517679214478	0.689626932144165	0.4474312961101532	0.4271456897258759	0.5377515554428101	0.519171416759491	0.6750696897506714	0.5648301243782043	0.5261898040771484	0.5917442440986633	0.4999406039714813	0.3127142190933228	0.3195968568325043	0.3754391372203827	0.4074377417564392	0.4231089055538177	0.3265617787837982	0.4127896726131439	0.4868856072425842	0.3935534358024597	0.419889509677887	0.4594653844833374	0.6992061734199524	0.5291275978088379	0.3890382945537567	0.4149101972579956	0.3745444118976593	0.3602721095085144	0.4347344040870667	0.5703576803207397	0.4827692210674286	0.7296103835105896	0.8651012778282166	0.5218491554260254	0.4078757762908936	0.4866778552532196	0.4316995143890381	0.3879950642585754	0.4057828485965729	0.4467358887195587	0.7318212389945984	0.6132962703704834	0.6659920811653137	0.6147887706756592	0.7124183177947998	0.2754470705986023	0.289630264043808	0.3333864212036133	0.2941559255123138	0.3487293124198914	0.4534068703651428	0.4782150089740753	0.4679928421974182	0.503381609916687	0.437872588634491	0.4680236577987671	0.4504029154777527	0.5009693503379822	0.6166232228279114	0.4199691712856293	0.2918212413787842	0.5196822881698608	0.5248059630393982	0.5168742537498474	0.5523287057876587	0.5798611640930176	0.5831087827682495	0.6106269955635071	0.5892300605773926	0.5276379585266113	0.4469855427742004	0.617728590965271	0.6884793043136597	0.4859963953495026	0.6159974336624146	0.7586728930473328	0.6759281754493713	0.5567007064819336	0.5688138604164124	0.6550089120864868	0.4135259985923767	0.3168517649173737	0.4372588992118835	0.3722427785396576	0.4527786374092102	0.4174048602581024	0.5168614387512207	0.3745555579662323	0.645677924156189	0.674349308013916	0.7580571174621582	0.8593473434448242	0.6183589696884155	0.6232399940490723	0.4339209794998169	0.5090667605400085	0.5293911099433899	0.4685609936714172	0.4125736951828003	0.4556871950626373	0.4906683564186096	0.5940812230110168	0.765993595123291	0.7026088237762451	0.6142328977584839	0.5181682109832764
NW014-1	0.4528342187404633	0.5140250325202942	0.8909088373184204	0.6403784155845642	0.599825382232666	0.4893831610679626	0.5096949934959412	0.5626819133758545	0.5542892813682556	0.5377563834190369	0.3297857046127319	0.3339567184448242	0.2947688400745392	0.3025845885276794	0.3436321318149567	0.4897778630256653	0.547394871711731	0.6049200296401978	0.4181596040725708	0.3499251008033752	0.42507004737854	0.4825475513935089	0.6486721038818359	0.4641704857349396	0.3606407046318054	0.4321641623973846	0.8113200664520264	0.7401561141014099	0.4426097869873047	0.4350427687168121	0.4975376129150391	0.4911894798278809	0.5497635006904602	0.3142322897911072	0.3748469948768616	0.3286553919315338	0.3562746644020081	0.429741233587265	0.3929440379142761	0.3609040677547455	0.3313619792461395	0.3993758261203766	0.3918409049510956	0.0	0.3956211805343628	0.4208633899688721	0.3502452671527863	0.432570606470108	0.4285426735877991	0.3549548387527466	0.394989013671875	0.4989557564258575	0.4368734955787659	0.3444554209709167	0.5594441294670105	0.3983492255210876	0.8549712300300598	0.4012682139873505	0.3541291058063507	0.4602315723896027	0.4514381587505341	0.4088129699230194	0.4690529704093933	0.5035359263420105	0.5137473344802856	0.4946916997432709	0.500210165977478	0.4621770977973938	0.527753472328186	0.4790796041488647	0.4487778842449188	0.4743639230728149	0.4885609745979309	0.2780784666538239	0.8113882541656494	0.7102928161621094	0.6384004354476929	0.3843898773193359	0.5156626105308533	0.3263412415981293	0.4598104655742645	0.4441958665847778	0.3531641960144043	0.4839774966239929	0.4465302228927612	0.5203895568847656	0.4371557235717773	0.4184708297252655	0.4589676260948181	0.4631925225257874	0.3782313168048859	0.330923467874527	0.3980245590209961	0.34305539727211	0.3712343275547028	0.7259775400161743	0.6745943427085876	0.6612980365753174	0.8080400824546814	0.6276475191116333	0.5447685718536377	0.5007930994033813	0.524944007396698	0.5216764211654663	0.6414655447006226	0.6207071542739868	0.632209062576294	0.6324803829193115	0.5828472971916199	0.4893358945846558	0.4415938258171082	0.5122101306915283	0.57158362865448	0.5684296488761902	0.5222629904747009	0.3510233461856842	0.3877596259117126	0.3872599005699158	0.4081515073776245	0.4941193759441376	0.6406670808792114	0.6388133764266968	0.4835712611675262	0.4913168251514435	0.5212807655334473	0.521513044834137	0.4382667541503906	0.707690954208374	0.607373058795929	0.6230633854866028	0.7790820598602295	0.6277446150779724	0.5018606185913086	0.5195291638374329	0.5074706673622131	0.5512976050376892	0.3957820236682892	0.4994759857654572	0.646868109703064	0.5150593519210815	0.5798403024673462	0.4987201988697052	0.6232155561447144	0.4325995743274689	0.3287253677845001	0.3166558444499969	0.3020534515380859	0.3259396851062775	0.3812533617019653	0.4162731468677521	0.4040804803371429	0.4308679103851318	0.3643993139266968	0.4418063759803772	0.4001300632953644	0.4244432151317596	0.5491604804992676	0.4786286652088165	0.3746645450592041	0.5395325422286987	0.4286507368087769	0.4321027994155884	0.5648293495178223	0.4762303233146667	0.5405673384666443	0.5062261819839478	0.4704386293888092	0.4453161954879761	0.398067444562912	0.5091868042945862	0.5497077703475952	0.3974612057209015	0.466166615486145	0.6644129753112793	0.5791254639625549	0.4464523792266846	0.4584331810474396	0.5583420395851135	0.3672762811183929	0.3994313478469849	0.3631235063076019	0.3802552819252014	0.4958141446113586	0.4668032228946686	0.4297603666782379	0.5363360643386841	0.5285053253173828	0.5896338224411011	0.6753580570220947	0.7875932455062866	0.5518665909767151	0.5393825173377991	0.5000404715538025	0.5332812666893005	0.5468586683273315	0.5084145665168762	0.4835807979106903	0.3769197463989258	0.4038443863391876	0.5306086540222168	0.694807231426239	0.6015889644622803	0.5332913398742676	0.3941416144371033
NW015-1	0.3128691911697388	0.4213641583919525	0.903067409992218	0.5553310513496399	0.515093982219696	0.3869137167930603	0.3811818659305573	0.4871056973934174	0.3600232899188995	0.3799228370189667	0.2777227461338043	0.3696817755699158	0.3224469125270844	0.3578879535198212	0.4243924617767334	0.4626467525959015	0.673224925994873	0.6600809097290039	0.4554037153720856	0.4963566064834595	0.3372358083724976	0.5803411602973938	0.7088853716850281	0.5546625852584839	0.5330892205238342	0.3173238933086395	0.8898656964302063	0.8237761855125427	0.5032371282577515	0.4837870299816132	0.4752190411090851	0.5234284400939941	0.5685476064682007	0.4270727336406708	0.4610483348369598	0.4570701718330383	0.4543291032314301	0.5727769136428833	0.2607984244823456	0.448820948600769	0.3266009390354156	0.3257077634334564	0.3792543411254883	0.3956211805343628	0.0	0.2243067771196365	0.1619283109903336	0.1868025660514832	0.2055392861366272	0.3456022143363953	0.3245005905628204	0.3770533502101898	0.4197333753108978	0.3559890389442444	0.520776629447937	0.258622944355011	0.8488317728042603	0.3581568896770477	0.3410237729549408	0.4121958911418915	0.3564389646053314	0.3460865616798401	0.364938497543335	0.3462662100791931	0.3873823285102844	0.361877053976059	0.3538663685321808	0.3220443427562714	0.3812972903251648	0.5525086522102356	0.5292319059371948	0.484261691570282	0.6201963424682617	0.4257548749446869	0.7148177027702332	0.6178116798400879	0.6203538775444031	0.4874785542488098	0.5944581031799316	0.3024609684944153	0.3736656308174133	0.5641058087348938	0.4493035078048706	0.46585613489151	0.4291332066059113	0.4218733608722687	0.2277004569768906	0.2714617848396301	0.2869167327880859	0.3101392090320587	0.4239881336688995	0.3607968091964722	0.4776560068130493	0.3801098167896271	0.3539924919605255	0.825568437576294	0.7811796069145203	0.7514626979827881	0.9063581824302673	0.7251620888710022	0.5465238690376282	0.5192825198173523	0.5764947533607483	0.5666210055351257	0.6850996017456055	0.5311424732208252	0.506838321685791	0.5488192439079285	0.4838126301765442	0.4906433820724487	0.459800124168396	0.4059209227561951	0.5334010124206543	0.4061597883701324	0.4473324716091156	0.3339543342590332	0.3531974256038666	0.3056290149688721	0.2652662098407745	0.2783946394920349	0.6378234624862671	0.6798549890518188	0.3790022432804108	0.4596837759017944	0.4450739920139313	0.4556090533733368	0.4130816757678986	0.7005834579467773	0.5584829449653625	0.653294026851654	0.8804528117179871	0.6059979200363159	0.3917768597602844	0.4539946913719177	0.3972965776920319	0.4375125169754028	0.3436211347579956	0.415008544921875	0.6138828992843628	0.5093062520027161	0.5458342432975769	0.4991386532783508	0.6058633923530579	0.3647619187831879	0.2828912436962128	0.2795017957687378	0.297296941280365	0.2996903955936432	0.4118509590625763	0.4277267754077911	0.379288375377655	0.3494535386562347	0.3870546817779541	0.3178972005844116	0.3521347641944885	0.3279620110988617	0.3812296092510223	0.3848921060562134	0.3495916724205017	0.4979816675186157	0.4104269444942474	0.4880857467651367	0.520245373249054	0.467142254114151	0.5811683535575867	0.4892977774143219	0.4804043769836426	0.5048481822013855	0.2882911562919617	0.5927570462226868	0.5514330267906189	0.4652223885059357	0.5642703175544739	0.7647848129272461	0.6598193645477295	0.4252696931362152	0.4407402873039246	0.5508332848548889	0.3289794325828552	0.3833852708339691	0.4581998586654663	0.3616186678409576	0.321893036365509	0.2745201587677002	0.3361257612705231	0.3464933037757874	0.4989277422428131	0.6466060280799866	0.710548996925354	0.8341047763824463	0.5945150852203369	0.5839186906814575	0.4346279203891754	0.5028308033943176	0.5251326560974121	0.4654865860939026	0.4426590204238892	0.4274617731571198	0.5236304998397827	0.5972927808761597	0.7598000764846802	0.6533594727516174	0.6288644075393677	0.489375501871109
NW015-2	0.4586343467235565	0.4412682354450226	0.9082903861999512	0.4966759383678436	0.4452137649059296	0.4387955665588379	0.4533364176750183	0.5686323046684265	0.4662409126758575	0.4622155427932739	0.3395889401435852	0.2834703326225281	0.3265869319438934	0.3094982206821442	0.3377682268619537	0.4180843532085419	0.558129072189331	0.5810174345970154	0.5665033459663391	0.4932075440883636	0.4092322885990143	0.5678204894065857	0.6535577774047852	0.4652257263660431	0.5449408888816833	0.4611189365386963	0.83286452293396	0.753489077091217	0.4506645798683167	0.4509592652320862	0.5299535393714905	0.5485869646072388	0.6205260753631592	0.3697975277900696	0.3742306530475616	0.555223286151886	0.3831115067005157	0.4844151139259338	0.3214442431926727	0.5509930849075317	0.3643620610237122	0.3729103207588196	0.4367928504943848	0.4208633899688721	0.2243067771196365	0.0	0.167152613401413	0.221416249871254	0.1642969697713852	0.4278346002101898	0.365032821893692	0.482298880815506	0.5023694038391113	0.4274069368839264	0.5047106146812439	0.3771331608295441	0.8372650742530823	0.4361826479434967	0.4169228971004486	0.4809241890907288	0.4191207587718964	0.4692703485488892	0.4801478385925293	0.4403478503227234	0.4884397983551025	0.4601134955883026	0.4634607136249542	0.4327175915241241	0.4823015630245209	0.4383856058120728	0.4124581813812256	0.3900317847728729	0.5022271275520325	0.3769212663173676	0.7899455428123474	0.6917040348052979	0.6141803860664368	0.4865967333316803	0.5194512605667114	0.3135391175746918	0.4606072604656219	0.5386539101600647	0.5077767968177795	0.5091793537139893	0.4850205779075623	0.4572406113147736	0.3750944435596466	0.3029282987117767	0.3875117301940918	0.432952344417572	0.3292501270771027	0.3634189069271088	0.4109444320201874	0.4104517698287964	0.4433103501796722	0.7674670219421387	0.7222364544868469	0.6963075399398804	0.8501628041267395	0.6694996356964111	0.6127569079399109	0.5459794402122498	0.5639044642448425	0.5470744967460632	0.6496070623397827	0.5666482448577881	0.580910861492157	0.5809944272041321	0.5686554312705994	0.5524420738220215	0.5148717164993286	0.5269761085510254	0.5974488258361816	0.5237846970558167	0.5354933142662048	0.3953478038311005	0.3719190955162048	0.3699271678924561	0.3654754459857941	0.4108551144599915	0.6229469776153564	0.7198660373687744	0.4823963046073914	0.4805548191070557	0.5038276314735413	0.5236179828643799	0.3961231410503387	0.7656816840171814	0.6163386106491089	0.5933947563171387	0.8213106393814087	0.6693142056465149	0.4582673311233521	0.5103986263275146	0.4679793417453766	0.5183229446411133	0.3999430239200592	0.4873648881912231	0.6204206943511963	0.5038555860519409	0.5456547737121582	0.5301632285118103	0.5991374254226685	0.4484803676605225	0.3508069813251495	0.3214310705661774	0.3592849373817444	0.3184205591678619	0.4077185392379761	0.3511396944522858	0.3951461911201477	0.3414815366268158	0.3234224617481232	0.4074835777282715	0.376116544008255	0.3274184763431549	0.4288688004016876	0.4365206062793732	0.4044421017169952	0.5184889435768127	0.3582615852355957	0.4720898568630219	0.545968234539032	0.4854936897754669	0.603451132774353	0.4686408340930939	0.5113785862922668	0.4628835618495941	0.4155100584030151	0.5706375241279602	0.5307086706161499	0.4325397312641144	0.5207806825637817	0.7120154500007629	0.5991454124450684	0.4011774361133575	0.4460253715515137	0.5166619420051575	0.4488303363323212	0.4527444839477539	0.4019643068313599	0.408696174621582	0.4323222041130066	0.402684211730957	0.3584932684898376	0.4413311183452606	0.4377720654010773	0.6023294925689697	0.6476958394050598	0.7769911885261536	0.5755684971809387	0.5466712713241577	0.4776454865932465	0.5317360162734985	0.548346996307373	0.507871150970459	0.518625020980835	0.3497394919395447	0.4394128322601318	0.5557776093482971	0.7088966369628906	0.6277376413345337	0.5983440279960632	0.537482500076294
NW015-3	0.4170604944229126	0.4925307631492615	0.9789838790893555	0.5584669709205627	0.5147750377655029	0.426373153924942	0.4423099756240845	0.5770285725593567	0.4593929648399353	0.4456152319908142	0.2629475295543671	0.3161343634128571	0.2810187935829163	0.3093664646148682	0.3765330612659454	0.4853978753089905	0.6162450313568115	0.6530146598815918	0.480276882648468	0.4797321856021881	0.3439700603485107	0.562659740447998	0.6958809494972229	0.5138121843338013	0.514664888381958	0.4213833212852478	0.8733810186386108	0.8027461767196655	0.4602434933185577	0.4386080205440521	0.5072594881057739	0.5175345540046692	0.5594235062599182	0.3864009380340576	0.409475713968277	0.464335024356842	0.4174485504627228	0.5319624543190002	0.3173201978206635	0.4606962203979492	0.3034435510635376	0.3055504560470581	0.3493348062038422	0.3502452671527863	0.1619283109903336	0.167152613401413	0.0	0.1756286919116974	0.1613234579563141	0.3500994145870209	0.2841951549053192	0.4489364922046661	0.4158521592617035	0.359345018863678	0.5742823481559753	0.3322650194168091	0.9127269387245178	0.3879103362560272	0.348894864320755	0.4554609358310699	0.3762348294258118	0.4218831658363342	0.4590398371219635	0.4172195792198181	0.4574050009250641	0.4324180483818054	0.4265277683734894	0.3953945934772491	0.4549899995326996	0.4844021797180176	0.4595464468002319	0.4093837440013885	0.5767742395401001	0.3964821696281433	0.7332227826118469	0.629346489906311	0.6237303614616394	0.4526617527008057	0.5706095695495605	0.2813070118427277	0.3773928880691528	0.5424379706382751	0.4296014904975891	0.4312425553798676	0.4131429195404053	0.4836428761482239	0.3309720158576965	0.3231382369995117	0.3584416210651398	0.413249671459198	0.370631217956543	0.3255168199539185	0.4316230118274689	0.3596607148647308	0.3508965373039246	0.8090029954910278	0.7563523650169373	0.7293390035629272	0.8907608985900879	0.7009793519973755	0.5692400336265564	0.5193859934806824	0.5728697180747986	0.5666808485984802	0.6833258867263794	0.5315291881561279	0.5245029926300049	0.541249692440033	0.4903757274150848	0.5024688243865967	0.4623397290706635	0.516594409942627	0.5450207591056824	0.5088249444961548	0.523468554019928	0.3303186893463135	0.4002029299736023	0.321142852306366	0.3122510015964508	0.3698470294475555	0.7038782238960266	0.6729642152786255	0.4552272856235504	0.4624077379703522	0.4909424185752869	0.4962327778339386	0.440144956111908	0.7109348177909851	0.5630176067352295	0.6344437599182129	0.862684965133667	0.6125286221504211	0.388601541519165	0.4396492838859558	0.3977850079536438	0.4403276145458221	0.3290811479091644	0.4137868881225586	0.6933438181877136	0.5711323618888855	0.6230268478393555	0.5756308436393738	0.6761034727096558	0.3773659765720367	0.2945687472820282	0.3071414530277252	0.2871540784835815	0.3253539204597473	0.3749933540821075	0.4000858068466187	0.3818856775760651	0.339430570602417	0.3510281145572662	0.38582444190979	0.3484630882740021	0.3320052623748779	0.4591770768165588	0.3586176335811615	0.3520381450653076	0.4904373586177826	0.3777304291725159	0.45949986577034	0.5048011541366577	0.5134240984916687	0.590217649936676	0.5453206896781921	0.5089836120605469	0.4915637075901031	0.3793019652366638	0.5761266350746155	0.5276369452476501	0.4353861212730408	0.537294328212738	0.7479405999183655	0.6447605490684509	0.4483754634857178	0.4902296364307404	0.6011602878570557	0.3940161168575287	0.4109312295913696	0.4179063737392426	0.3693969249725342	0.398532897233963	0.3795616626739502	0.3597694635391235	0.4221037030220032	0.5358844995498657	0.631018340587616	0.6961681842803955	0.8218669891357422	0.5810995101928711	0.5672491788864136	0.4481121897697449	0.5137731432914734	0.5547519326210022	0.4835180342197418	0.4615181386470795	0.3895586133003235	0.4775016903877258	0.5729979872703552	0.7530737519264221	0.6405062675476074	0.6116505861282349	0.4813505709171295
NW015-5	0.4139003157615662	0.5312787890434265	1.021437525749207	0.6222921013832092	0.5613183975219727	0.391141802072525	0.424778938293457	0.5513290762901306	0.4257262349128723	0.4104830920696259	0.3084370791912079	0.3665229976177216	0.3260818421840668	0.3518253266811371	0.436799168586731	0.5126917958259583	0.6623146533966064	0.6782888174057007	0.4851938784122467	0.5425704717636108	0.325848251581192	0.6316334009170532	0.7374329566955566	0.5710626244544983	0.5682855248451233	0.419907420873642	0.9135414361953735	0.8470983505249023	0.5071101188659668	0.4821115732192993	0.496589183807373	0.5551377534866333	0.5703824758529663	0.4544265568256378	0.4599610865116119	0.4826433658599854	0.4667278230190277	0.5893761515617371	0.3106078207492828	0.4606605768203735	0.3222996890544891	0.2778875827789307	0.3686195909976959	0.432570606470108	0.1868025660514832	0.221416249871254	0.1756286919116974	0.0	0.1088544875383377	0.3860086500644684	0.3117569088935852	0.4876849055290222	0.4285563230514526	0.3798915147781372	0.6290830373764038	0.3448333442211151	0.9605012536048889	0.3989644348621368	0.3781047165393829	0.4269070625305176	0.3836629390716553	0.4073010087013245	0.4228090345859528	0.4333908259868622	0.4768999814987183	0.4684519469738007	0.4570639431476593	0.4239734411239624	0.4715291261672974	0.5604480504989624	0.5316422581672668	0.5165033936500549	0.6516949534416199	0.49296835064888	0.7548211812973022	0.648816704750061	0.6520280241966248	0.525239109992981	0.6162558197975159	0.3097189664840698	0.4159408509731293	0.6059868335723877	0.453862190246582	0.4904152154922485	0.4388197362422943	0.4933924078941345	0.2992145419120789	0.348153680562973	0.3249590992927551	0.3648541569709778	0.4233517348766327	0.3819253444671631	0.5085787177085876	0.4050549566745758	0.3722168803215027	0.8534873127937317	0.8027699589729309	0.7749684453010559	0.9349807500839233	0.7492378950119019	0.5609246492385864	0.5391972661018372	0.6033095121383667	0.5910285115242004	0.7147969603538513	0.5303332209587097	0.5007568597793579	0.5421669483184814	0.4759279191493988	0.5051025152206421	0.4747762382030487	0.4874086380004883	0.542833685874939	0.4888329207897186	0.5021683573722839	0.3685395121574402	0.4448297917842865	0.3308217227458954	0.3477826416492462	0.3552669882774353	0.7536354660987854	0.6894713044166565	0.4485534429550171	0.470969945192337	0.4600994288921356	0.4854142665863037	0.4864802360534668	0.7076318264007568	0.5649422407150269	0.68409663438797	0.9102535843849182	0.613422155380249	0.3931682407855988	0.4670487642288208	0.3965955376625061	0.4580321609973907	0.3690132796764374	0.4400539994239807	0.7130518555641174	0.5903980731964111	0.6352587342262268	0.612410306930542	0.699843168258667	0.3898114264011383	0.3300007283687592	0.3463612496852875	0.3462606966495514	0.3576506376266479	0.4149631559848785	0.4252773821353912	0.3807794451713562	0.3463706374168396	0.3835200071334839	0.3849181830883026	0.366327702999115	0.3906919062137604	0.4880719780921936	0.3826228082180023	0.3533025085926056	0.4876696467399597	0.417138546705246	0.4757412672042847	0.5230839252471924	0.5434174537658691	0.5944055914878845	0.5765680074691772	0.5401057004928589	0.5079095959663391	0.4012022614479065	0.6352733969688416	0.6121969223022461	0.5014212131500244	0.6060379147529602	0.7996414303779602	0.6908944249153137	0.4941677153110504	0.537562370300293	0.6557368636131287	0.4180917739868164	0.4075979590415955	0.4965045154094696	0.3795936107635498	0.4117982983589172	0.3855455815792084	0.4394235610961914	0.4129564464092255	0.5885065793991089	0.6498332619667053	0.706320583820343	0.8468849062919617	0.6326329708099365	0.5925053954124451	0.4247143566608429	0.5149585604667664	0.5544224381446838	0.4850186705589294	0.476459413766861	0.4093296825885773	0.5395625233650208	0.6340802907943726	0.7916971445083618	0.6920504570007324	0.6678811311721802	0.5301890969276428
NW015-6	0.4657241702079773	0.502618134021759	0.9892263412475586	0.5646865963935852	0.5003578662872314	0.4335305988788605	0.448657363653183	0.5690411329269409	0.4562774896621704	0.4504348933696747	0.3393715918064117	0.3456449806690216	0.3212366700172424	0.3326588273048401	0.4086393117904663	0.4755679965019226	0.6393117308616638	0.6402119994163513	0.5499378442764282	0.5299249291419983	0.3878501057624817	0.6118292808532715	0.7208573222160339	0.5476884245872498	0.5653788447380066	0.4725009500980377	0.8980386853218079	0.8260890245437622	0.510769248008728	0.4892857074737549	0.5416772961616516	0.5625223517417908	0.6240353584289551	0.4276143908500671	0.4334386885166168	0.5444519519805908	0.4496803283691406	0.5611826181411743	0.3137945532798767	0.5311709642410278	0.3393504023551941	0.3396604955196381	0.433517187833786	0.4285426735877991	0.2055392861366272	0.1642969697713852	0.1613234579563141	0.1088544875383377	0.0	0.4179128408432007	0.3462756872177124	0.4826087951660156	0.4879087209701538	0.4150217175483704	0.5855647921562195	0.3893546462059021	0.9229310750961304	0.4490128755569458	0.4246733784675598	0.4706090092658997	0.4211238324642181	0.4549909234046936	0.4713832437992096	0.4301758408546448	0.4713152647018433	0.4606716632843018	0.4574518799781799	0.425374835729599	0.4684417247772217	0.5270553827285767	0.4970846176147461	0.4688816368579865	0.6061002016067505	0.4589485824108124	0.7861136794090271	0.6915637850761414	0.6544612050056458	0.5204861164093018	0.5910722017288208	0.3214951157569885	0.440844714641571	0.5912376046180725	0.486354798078537	0.4986043870449066	0.4667235016822815	0.4663155376911163	0.3495203852653503	0.3202378153800964	0.3765013813972473	0.4147891700267792	0.3983267843723297	0.3917182385921478	0.483417272567749	0.418896496295929	0.4316558539867401	0.8334409594535828	0.7841742038726807	0.75795978307724	0.9153339266777039	0.7323664426803589	0.624217689037323	0.5617874264717102	0.6200076937675476	0.6057852506637573	0.7118551731109619	0.5385463237762451	0.5367900729179382	0.5564171075820923	0.5302633047103882	0.5603479743003845	0.5273916721343994	0.5368582010269165	0.6013189554214478	0.5385617017745972	0.554620623588562	0.3792640864849091	0.4129214584827423	0.3512938022613525	0.355000764131546	0.4037387669086456	0.7125729322433472	0.7284932136535645	0.4904635548591614	0.4911167025566101	0.5091480016708374	0.5348973870277405	0.4594676196575165	0.7668479681015015	0.6212601065635681	0.6630284190177917	0.8900409936904907	0.6722552180290222	0.4295147359371185	0.4921286702156067	0.4358184933662415	0.502249538898468	0.3931458592414856	0.4831620156764984	0.6788125038146973	0.5585111379623413	0.6046278476715088	0.5848566293716431	0.6665804982185364	0.4397440254688263	0.3714241981506348	0.3386149108409882	0.3641189634799957	0.3533647358417511	0.4063127636909485	0.3868898451328278	0.3705538511276245	0.3288718461990356	0.3532783687114716	0.4054416716098785	0.3654870986938477	0.3429333865642548	0.4394543766975403	0.3988762199878693	0.4039044380187988	0.511847734451294	0.3861612677574158	0.4612577855587006	0.5355339050292969	0.5130477547645569	0.6079176664352417	0.5420686602592468	0.528591513633728	0.4874963760375977	0.408616840839386	0.6201236844062805	0.5825558304786682	0.4860691726207733	0.5858431458473206	0.7761842608451843	0.6723521947860718	0.4594771265983582	0.5059255361557007	0.620905876159668	0.4501560032367706	0.4505157172679901	0.4625431895256042	0.4060795605182648	0.4471525251865387	0.4191229939460754	0.396762877702713	0.4515836238861084	0.5547175407409668	0.6383137106895447	0.6909080743789673	0.8300120830535889	0.6213278770446777	0.5813522934913635	0.4442424476146698	0.5259236693382263	0.5651382207870483	0.5014804005622864	0.5052358508110046	0.3917816579341888	0.509660542011261	0.6159945130348206	0.7710411548614502	0.6806447505950928	0.6545376181602478	0.5369712114334106
NW016-1	0.4307707846164703	0.5556801557540894	0.9650445580482483	0.6597567200660706	0.6173246502876282	0.4185939729213715	0.4161903560161591	0.514142632484436	0.4205892086029053	0.4181221425533295	0.3345122933387756	0.4557220339775085	0.3853299021720886	0.3952689468860626	0.4804963767528534	0.5684893727302551	0.7421196699142456	0.7274355292320251	0.4089302718639374	0.4483187198638916	0.3735811710357666	0.5355525016784668	0.7278450727462769	0.6096073985099792	0.4304380118846893	0.4173695147037506	0.8692976236343384	0.809141218662262	0.6155471205711365	0.6015155911445618	0.5760069489479065	0.6191689968109131	0.6272831559181213	0.4652642011642456	0.5334790349006653	0.3658382296562195	0.5454432368278503	0.6170374155044556	0.4646137058734894	0.3730446398258209	0.4016481041908264	0.4499063491821289	0.4236800074577332	0.3549548387527466	0.3456022143363953	0.4278346002101898	0.3500994145870209	0.3860086500644684	0.4179128408432007	0.0	0.2168465256690979	0.4454174935817719	0.3305497467517853	0.2752548456192017	0.6053897738456726	0.3023802936077118	0.9473278522491455	0.4209007918834686	0.4337470829486847	0.4982870221138	0.4337438642978668	0.4585359990596771	0.4929008483886719	0.4513551890850067	0.4389978051185608	0.4803441762924194	0.4120171070098877	0.3693625032901764	0.4780273139476776	0.6218575835227966	0.6134567260742188	0.5818420648574829	0.7015045285224915	0.4736977517604828	0.7010179162025452	0.5822039842605591	0.64701908826828	0.4488682150840759	0.6505293250083923	0.4225785136222839	0.3609204590320587	0.5328665971755981	0.3106928169727325	0.399299144744873	0.3447233438491821	0.5432938933372498	0.3299014568328857	0.411213755607605	0.3867830336093903	0.4616585373878479	0.4738361537456512	0.4461887776851654	0.526835024356842	0.4544574618339539	0.36960569024086	0.8025738000869751	0.7624337673187256	0.7279785871505737	0.8832294940948486	0.7115851044654846	0.5832735896110535	0.5853038430213928	0.6451564431190491	0.6374870538711548	0.725466787815094	0.483944296836853	0.4878849983215332	0.4850175380706787	0.4396058320999146	0.531328022480011	0.4939527213573456	0.5177274346351624	0.5686337351799011	0.5161028504371643	0.5350527167320251	0.3761119842529297	0.4383001029491425	0.309000551700592	0.3443284928798676	0.4265751838684082	0.7476339340209961	0.6489201188087463	0.5262518525123596	0.5280501842498779	0.5255762338638306	0.5291507840156555	0.5306497812271118	0.6841378211975098	0.5436888337135315	0.6428002119064331	0.8579574823379517	0.5817487239837646	0.4498904943466187	0.4749718010425568	0.4517623484134674	0.4833283126354218	0.3865396678447723	0.4500690996646881	0.7497756481170654	0.6137478947639465	0.6592572927474976	0.5956125855445862	0.7053430080413818	0.3819632530212402	0.3256354331970215	0.4288907945156097	0.3961913287639618	0.4302426278591156	0.4774936437606812	0.5179278254508972	0.4327350556850433	0.4313283562660217	0.4537748396396637	0.4432098865509033	0.4347288012504578	0.4162830412387848	0.5051286816596985	0.4156210124492645	0.441619485616684	0.4432840347290039	0.4227961897850037	0.502406656742096	0.4562311768531799	0.5832551717758179	0.5844289660453796	0.6226931214332581	0.5386587381362915	0.5518267750740051	0.3783299326896667	0.5878333449363708	0.5664632320404053	0.506214439868927	0.582008957862854	0.7625534534454346	0.68757563829422	0.4795689582824707	0.5201433897018433	0.6469202637672424	0.3137732446193695	0.4259224534034729	0.4979938268661499	0.3561420142650604	0.4517435431480408	0.4322106242179871	0.4990909993648529	0.4582186341285706	0.6443876624107361	0.6648516654968262	0.7245985269546509	0.8428497314453125	0.5836054086685181	0.5937253832817078	0.4275069236755371	0.477026492357254	0.5108392238616943	0.4522708654403687	0.4418126940727234	0.5033411383628845	0.5788943767547607	0.608975887298584	0.7576574087142944	0.6191913485527039	0.6004099249839783	0.4130751490592957
NW016-2-1	0.4133431613445282	0.5643643736839294	1.046768188476562	0.6981651782989502	0.6441314816474915	0.3432833254337311	0.3754741549491882	0.5481497645378113	0.4096659421920776	0.3482924699783325	0.2810144126415253	0.4294438660144806	0.3481306433677673	0.3835606276988983	0.4837400615215302	0.5999062657356262	0.761867880821228	0.7774763703346252	0.3457669913768768	0.506625235080719	0.3382411301136017	0.6071436405181885	0.7641232013702393	0.642193615436554	0.5061396956443787	0.4073367416858673	0.9386327862739563	0.8799784779548645	0.6044835448265076	0.5828436613082886	0.5560106039047241	0.6212109923362732	0.5997968316078186	0.5106869339942932	0.51980060338974	0.3159473538398743	0.528480589389801	0.6270031929016113	0.4107601046562195	0.3423039317131042	0.362902045249939	0.358330637216568	0.3575166761875153	0.394989013671875	0.3245005905628204	0.365032821893692	0.2841951549053192	0.3117569088935852	0.3462756872177124	0.2168465256690979	0.0	0.4630366861820221	0.2090077102184296	0.1415113210678101	0.608130156993866	0.2039849758148193	0.9729339480400085	0.3301860392093658	0.4113849401473999	0.4104115664958954	0.3465739488601685	0.4130548238754272	0.4111661612987518	0.4714740514755249	0.4507463276386261	0.4993536472320557	0.425080806016922	0.3767053484916687	0.4986603558063507	0.6389806866645813	0.6218693852424622	0.5972645282745361	0.7205367684364319	0.4896863102912903	0.6646333932876587	0.6056480407714844	0.6982548236846924	0.5316178798675537	0.6795372366905212	0.3839695155620575	0.280964195728302	0.6134536266326904	0.3163401186466217	0.3735776841640472	0.3254621624946594	0.5507586002349854	0.3243603408336639	0.42388054728508	0.27223801612854	0.4356314241886139	0.4937901496887207	0.4547039568424225	0.5603123307228088	0.4717795252799988	0.3549650311470032	0.8762011528015137	0.8209744095802307	0.7937911152839661	0.9565841555595398	0.7595937252044678	0.585550844669342	0.5918822288513184	0.6685865521430969	0.6518068909645081	0.7712336182594299	0.4386408627033234	0.4223048985004425	0.4617538452148438	0.3811981976032257	0.4580236971378326	0.479599267244339	0.51039719581604	0.4967416524887085	0.4675427079200745	0.4719856381416321	0.3868735730648041	0.4746537208557129	0.3298094570636749	0.35941481590271	0.3907034397125244	0.7874521613121033	0.5767337679862976	0.4760493636131287	0.4634450078010559	0.4572688043117523	0.4642286002635956	0.5085994005203247	0.618579626083374	0.5058595538139343	0.7022839188575745	0.9301580190658569	0.524147093296051	0.3604355156421661	0.3918806314468384	0.3685184717178345	0.3845280110836029	0.3540068864822388	0.3849570751190186	0.7837923169136047	0.6517418622970581	0.6953814625740051	0.6370214223861694	0.7508568167686462	0.2861969470977783	0.3002439737319946	0.3990549147129059	0.3734273910522461	0.4039288759231567	0.4833799600601196	0.5278036594390869	0.4574815928936005	0.4247643649578094	0.4499105513095856	0.4519191682338715	0.4539061188697815	0.449368417263031	0.5629672408103943	0.3617502152919769	0.4114559888839722	0.4183843731880188	0.4351332485675812	0.5139514803886414	0.4342133700847626	0.6312330961227417	0.6352800130844116	0.6609601974487305	0.5886593461036682	0.5985525846481323	0.4300362765789032	0.6442477703094482	0.6293403506278992	0.5527006387710571	0.6372800469398499	0.8266133666038513	0.7425612807273865	0.5181367993354797	0.5705483555793762	0.7043304443359375	0.3029334247112274	0.3649898767471313	0.4896522760391235	0.3140539526939392	0.4516147971153259	0.4464888572692871	0.4936105608940125	0.4175059497356415	0.674219012260437	0.7202194929122925	0.7810362577438354	0.9077238440513611	0.6527085304260254	0.6472421288490295	0.381418764591217	0.460532933473587	0.499097615480423	0.4296157360076904	0.3843963444232941	0.5057504177093506	0.579910397529602	0.676065981388092	0.8396722674369812	0.7001131772994995	0.6782127618789673	0.5004927515983582
NW016-2-2	0.3693856000900269	0.4671497344970703	0.916599452495575	0.591922402381897	0.5360201001167297	0.4902714788913727	0.4732674956321716	0.4779973328113556	0.4440852403640747	0.4821390509605408	0.4003984034061432	0.4851166307926178	0.4307210445404053	0.41728276014328	0.4901512563228607	0.5450192093849182	0.7061091065406799	0.7443997859954834	0.5155148506164551	0.5086354613304138	0.4485180079936981	0.6416158080101013	0.7621434330940247	0.6121070384979248	0.6078550219535828	0.3858652114868164	0.9374899864196777	0.8847559690475464	0.6571571230888367	0.6467896103858948	0.5909092426300049	0.6487124562263489	0.6785834431648254	0.549782931804657	0.6163232326507568	0.540423572063446	0.6118415594100952	0.6723690629005432	0.4979341328144073	0.5854501128196716	0.5203942060470581	0.551679253578186	0.5412578582763672	0.4989557564258575	0.3770533502101898	0.482298880815506	0.4489364922046661	0.4876849055290222	0.4826087951660156	0.4454174935817719	0.4630366861820221	0.0	0.530914306640625	0.50079745054245	0.6046159863471985	0.3798491358757019	0.8840739130973816	0.4730215072631836	0.4744620621204376	0.5347877144813538	0.4818804264068604	0.455300897359848	0.480688214302063	0.194800391793251	0.1570008397102356	0.1016850098967552	0.1373140811920166	0.1645388007164001	0.2403863519430161	0.6397383213043213	0.6153994798660278	0.5463066697120667	0.7037762403488159	0.5411104559898376	0.7885704040527344	0.6826056241989136	0.7649384140968323	0.562203049659729	0.7032694220542908	0.5089814066886902	0.4726955890655518	0.6371731758117676	0.49363774061203	0.481086939573288	0.479175329208374	0.5168332457542419	0.3708850741386414	0.4039096236228943	0.453950822353363	0.4538240134716034	0.565036416053772	0.5381831526756287	0.6243188381195068	0.5504754781723022	0.487211138010025	0.8737045526504517	0.8514509201049805	0.8220658302307129	0.9674408435821533	0.7917097806930542	0.6839746832847595	0.6982386708259583	0.7188718914985657	0.7100043892860413	0.801463782787323	0.558556854724884	0.5641810894012451	0.5448797345161438	0.5350309014320374	0.6323288083076477	0.6037232279777527	0.4961008429527283	0.6676733493804932	0.4812276065349579	0.5858384370803833	0.4576824605464935	0.4595099091529846	0.3848934173583984	0.3502902984619141	0.4144608974456787	0.67472243309021	0.7649510502815247	0.5837914347648621	0.6276005506515503	0.6170076727867126	0.6295366883277893	0.5959839820861816	0.8216648101806641	0.6894136071205139	0.7614851593971252	0.9536861777305603	0.7286497950553894	0.4594914019107819	0.4948589503765106	0.469293087720871	0.5209081768989563	0.4417562782764435	0.4905548691749573	0.6317044496536255	0.5626375675201416	0.5719086527824402	0.507656991481781	0.6191027760505676	0.4660999178886414	0.3807121813297272	0.4277246296405792	0.4426898062229156	0.4562931656837463	0.4086245000362396	0.4891435503959656	0.4655711650848389	0.4493745863437653	0.4921808540821075	0.4328884184360504	0.4879051446914673	0.4203443825244904	0.3906741142272949	0.4363578259944916	0.5322972536087036	0.5403854846954346	0.4978040158748627	0.5791255831718445	0.5379581451416016	0.4080232083797455	0.4965557157993317	0.4393654763698578	0.4368257522583008	0.4902125895023346	0.353770524263382	0.6460669040679932	0.5759761929512024	0.5606160163879395	0.6312310099601746	0.8314197063446045	0.7452002167701721	0.4745262861251831	0.4983890950679779	0.6487687826156616	0.4427168369293213	0.4527633488178253	0.5486233234405518	0.4264251589775085	0.4368480443954468	0.4217762649059296	0.4493120908737183	0.4309466481208801	0.548954963684082	0.7058041095733643	0.758929431438446	0.8965615630149841	0.6671411991119385	0.642772912979126	0.506427526473999	0.5476977825164795	0.5552061796188354	0.5395112037658691	0.5245860815048218	0.4880779683589935	0.6061854362487793	0.6684786081314087	0.8228474259376526	0.6910033226013184	0.6783285737037659	0.5582712292671204
NW016-2-3	0.4062831103801727	0.6122003197669983	1.076770067214966	0.7595153450965881	0.7105265259742737	0.3960564136505127	0.4565626084804535	0.625312864780426	0.4842036962509155	0.40960294008255	0.3418326079845428	0.495962530374527	0.4138721227645874	0.4505241215229034	0.5413156151771545	0.6483752131462097	0.8101313710212708	0.827182412147522	0.2960481941699982	0.5372026562690735	0.3442312180995941	0.6284483075141907	0.7903468608856201	0.6932124495506287	0.5244962573051453	0.4070072174072266	0.9836543798446655	0.9205576181411743	0.6118567585945129	0.5836836099624634	0.5482988357543945	0.6140373945236206	0.5848981142044067	0.5441302061080933	0.6010586619377136	0.2596897184848785	0.5743223428726196	0.6725848913192749	0.4982662200927734	0.3263810276985168	0.4342575073242188	0.4187163114547729	0.3360170722007751	0.4368734955787659	0.4197333753108978	0.5023694038391113	0.4158521592617035	0.4285563230514526	0.4879087209701538	0.3305497467517853	0.2090077102184296	0.530914306640625	0.0	0.1847203522920609	0.663634717464447	0.2807568907737732	1.012263774871826	0.3038698434829712	0.399462878704071	0.3863055109977722	0.3208853304386139	0.4017337560653687	0.3884832859039307	0.5440325736999512	0.5188323259353638	0.565050482749939	0.4914728105068207	0.443460077047348	0.5757597088813782	0.6904375553131104	0.665570080280304	0.6501041054725647	0.7691496014595032	0.5324715375900269	0.5633091926574707	0.5992441773414612	0.7337144017219543	0.5753102898597717	0.7422055006027222	0.4861717522144318	0.3326432704925537	0.6580286026000977	0.3664778470993042	0.4239817261695862	0.3920070230960846	0.6702508926391602	0.4080005288124084	0.5331764817237854	0.3499024212360382	0.4763247072696686	0.5820806622505188	0.4844128787517548	0.6063679456710815	0.4900211989879608	0.3683082163333893	0.9100786447525024	0.8516978621482849	0.8213599324226379	0.9873127341270447	0.78849858045578	0.5592087507247925	0.5699414014816284	0.6605942845344543	0.6474709510803223	0.7991698384284973	0.4413816332817078	0.3979140520095825	0.5113924145698547	0.3886260986328125	0.4052606225013733	0.4554725587368011	0.4964832961559296	0.4238737523555756	0.4556207060813904	0.4261906743049622	0.4340962469577789	0.535779595375061	0.4061695039272308	0.4300373494625092	0.5049096941947937	0.8391032814979553	0.5242447257041931	0.5422652363777161	0.567406952381134	0.5201894640922546	0.5113685727119446	0.5821672677993774	0.5670840740203857	0.510710597038269	0.7350737452507019	0.9642097353935242	0.4986320436000824	0.3895875513553619	0.4202879071235657	0.409617006778717	0.3013053238391876	0.4076579511165619	0.4130297899246216	0.8226863741874695	0.7105978727340698	0.7587512135505676	0.7024818062782288	0.8136852979660034	0.2489302009344101	0.3333971202373505	0.4441718757152557	0.4187642335891724	0.4394277036190033	0.5633230209350586	0.6164612174034119	0.565071702003479	0.5634943842887878	0.5484052300453186	0.4953701496124268	0.5096599459648132	0.5133264064788818	0.6300792694091797	0.438018411397934	0.4189448058605194	0.5015932321548462	0.5273385047912598	0.6124124526977539	0.5233989357948303	0.6879117488861084	0.690703809261322	0.7273578643798828	0.6526186466217041	0.660481333732605	0.5078935027122498	0.6771589517593384	0.6705791354179382	0.5887690782546997	0.6796337366104126	0.8647239804267883	0.782599151134491	0.5857963562011719	0.6360180974006653	0.7927498817443848	0.3903971314430237	0.4121111631393433	0.5485082864761353	0.3669357299804688	0.4694341421127319	0.4378887116909027	0.5473125576972961	0.402900904417038	0.7181285619735718	0.7675107717514038	0.8266367316246033	0.9468047618865967	0.6940299272537231	0.6964704990386963	0.4442281424999237	0.4988006055355072	0.536830723285675	0.4633951187133789	0.4054061770439148	0.5598991513252258	0.62999027967453	0.7245320081710815	0.879292368888855	0.74126136302948	0.7189502716064453	0.5250284075737
NW016-3	0.3826523125171661	0.5422191619873047	1.012855768203735	0.7297217845916748	0.6804226636886597	0.3684328198432922	0.4124237596988678	0.556773841381073	0.4605174660682678	0.4005008339881897	0.3146892786026001	0.4228294193744659	0.3554144501686096	0.3940708339214325	0.4690504372119904	0.5822414755821228	0.7501031160354614	0.7524725198745728	0.2960955500602722	0.4858792424201965	0.3725145757198334	0.5859305262565613	0.743590235710144	0.6261171698570251	0.4539773464202881	0.3740350008010864	0.9225907921791077	0.861801028251648	0.5831493139266968	0.5606815218925476	0.5172922611236572	0.5976195931434631	0.5649483799934387	0.4929409921169281	0.5230352282524109	0.2558755576610565	0.5047323107719421	0.6070605516433716	0.3930374681949615	0.2595895230770111	0.3453066647052765	0.3684827983379364	0.3183951675891876	0.3444554209709167	0.3559890389442444	0.4274069368839264	0.359345018863678	0.3798915147781372	0.4150217175483704	0.2752548456192017	0.1415113210678101	0.50079745054245	0.1847203522920609	0.0	0.5756494998931885	0.1992988884449005	0.9346115589141846	0.2963431775569916	0.3718887567520142	0.3702222108840942	0.3547967374324799	0.3771255612373352	0.3735403716564178	0.5101783275604248	0.4901918470859528	0.5358877182006836	0.4619293510913849	0.4128621816635132	0.5361023545265198	0.6476953029632568	0.6058540344238281	0.6381411552429199	0.6891910433769226	0.4599892199039459	0.655551016330719	0.6305054426193237	0.6712083220481873	0.5414667725563049	0.6662237644195557	0.3984361886978149	0.29632169008255	0.6088146567344666	0.293724924325943	0.424201488494873	0.3715669810771942	0.5553393959999084	0.3399789035320282	0.4288084805011749	0.2799527943134308	0.4093768298625946	0.4851140081882477	0.4302036464214325	0.5405246615409851	0.4450756907463074	0.3410144150257111	0.8567734360694885	0.8027543425559998	0.7749190330505371	0.9375799894332886	0.7395825386047363	0.54852694272995	0.5616987347602844	0.6435785293579102	0.6278713941574097	0.7473734617233276	0.485597163438797	0.4625030159950256	0.5232195258140564	0.4327147305011749	0.4039851725101471	0.4377226233482361	0.4750359058380127	0.445082813501358	0.4641344249248505	0.4236455857753754	0.3901626169681549	0.4665354192256927	0.3727487027645111	0.4013445973396301	0.4273566901683807	0.7564752697944641	0.5229730010032654	0.4411765933036804	0.4551479518413544	0.4403402805328369	0.4380657076835632	0.4796405434608459	0.5659026503562927	0.5062191486358643	0.6975076198577881	0.9093042016029358	0.5057268142700195	0.4054162502288818	0.4260500073432922	0.4119152426719666	0.3911593854427338	0.3947117328643799	0.4169242084026337	0.7586144804954529	0.6435609459877014	0.6914950609207153	0.6293686032295227	0.7477331757545471	0.262199342250824	0.2965199053287506	0.3626646101474762	0.3403804302215576	0.3665347099304199	0.4727961421012878	0.5141690373420715	0.4652300477027893	0.487640380859375	0.4446236789226532	0.4507811963558197	0.4488706588745117	0.4881293475627899	0.6023333072662354	0.4154689908027649	0.3921672701835632	0.4839235544204712	0.5105636119842529	0.5336663126945496	0.5095164179801941	0.6116143465042114	0.6154720187187195	0.6434222459793091	0.575860857963562	0.5877437591552734	0.4307717978954315	0.625665545463562	0.6669796705245972	0.5353413224220276	0.6227286458015442	0.810245156288147	0.7269493937492371	0.5492519736289978	0.5708736181259155	0.6714944243431091	0.2604601681232452	0.3390259742736816	0.4755655229091644	0.3242778480052948	0.4738516807556152	0.4655622541904449	0.5245301723480225	0.4410534501075745	0.6667046546936035	0.7151992917060852	0.7769421935081482	0.8963741064071655	0.6387676000595093	0.6430765986442566	0.380810558795929	0.4524550139904022	0.4838123321533203	0.4136414229869843	0.3684459328651428	0.4995681345462799	0.5654720067977905	0.663038969039917	0.8202856183052063	0.6904856562614441	0.6595818996429443	0.4689007103443146
NW016-4-1	0.565860390663147	0.4302201867103577	0.4799221158027649	0.754289984703064	0.7097201347351074	0.6594274044036865	0.6513024568557739	0.6038289666175842	0.6639010906219482	0.686005175113678	0.5870885252952576	0.5068250298500061	0.56259685754776	0.532953143119812	0.4876567423343658	0.5088997483253479	0.6218283772468567	0.6072403192520142	0.6816390752792358	0.5573248863220215	0.659831702709198	0.5309641361236572	0.5978907346725464	0.5276162624359131	0.5945127010345459	0.5614553689956665	0.7843356132507324	0.7185994386672974	0.6332789659500122	0.6531139612197876	0.7147518396377563	0.6951717734336853	0.7894687056541443	0.5311955213546753	0.5098655223846436	0.7003411650657654	0.4825580418109894	0.5070342421531677	0.4971495866775513	0.6578399538993835	0.5492783784866333	0.5916489362716675	0.6267127990722656	0.5594441294670105	0.520776629447937	0.5047106146812439	0.5742823481559753	0.6290830373764038	0.5855647921562195	0.6053897738456726	0.608130156993866	0.6046159863471985	0.663634717464447	0.5756494998931885	0.0	0.4578500092029572	0.3987870812416077	0.6496975421905518	0.6229867935180664	0.6724552512168884	0.6941699385643005	0.599082350730896	0.6346753835678101	0.6050689816474915	0.6372801661491394	0.5655431151390076	0.5962315797805786	0.5954656004905701	0.5891358256340027	0.5876349210739136	0.5583876371383667	0.6014920473098755	0.5608545541763306	0.5193944573402405	1.006929755210876	0.9070063829421997	0.7468596696853638	0.642321765422821	0.5297566652297974	0.5880614519119263	0.727433979511261	0.6579056978225708	0.6623033285140991	0.729810357093811	0.6889974474906921	0.3754399418830872	0.5437411069869995	0.4600060880184174	0.567277193069458	0.477372407913208	0.5046006441116333	0.5785117745399475	0.4998156130313873	0.585595965385437	0.6366116404533386	0.7241637110710144	0.6998044848442078	0.6709998846054077	0.8017865419387817	0.6448957324028015	0.7329807877540588	0.6794612407684326	0.6760905385017395	0.6442792415618896	0.649554967880249	0.8160814642906189	0.8320139646530151	0.8250275254249573	0.8073146343231201	0.730766236782074	0.6965553760528564	0.5691200494766235	0.8231982588768005	0.6405538320541382	0.6748746633529663	0.5514233708381653	0.4826582670211792	0.5944689512252808	0.5709983110427856	0.459571897983551	0.4171696305274963	0.8160548210144043	0.5811359882354736	0.6411657333374023	0.6426166296005249	0.6569375395774841	0.4659672975540161	0.9054007530212402	0.8019855618476868	0.6603178977966309	0.7729362845420837	0.8291894197463989	0.7460705041885376	0.7830674052238464	0.7583707571029663	0.7911744713783264	0.6782360672950745	0.7638764977455139	0.5379353165626526	0.4856970012187958	0.4833281636238098	0.4373250603675842	0.5084068179130554	0.6722882986068726	0.5754762291908264	0.4866923987865448	0.5384676456451416	0.4662115871906281	0.606707751750946	0.5363020896911621	0.6016475558280945	0.6264070868492126	0.5173817873001099	0.5914396643638611	0.6002039313316345	0.5866227149963379	0.5424312353134155	0.6880926489830017	0.5796871185302734	0.7709230184555054	0.610427975654602	0.6561227440834045	0.7919263243675232	0.6152631640434265	0.7418257594108582	0.5558794736862183	0.6529562473297119	0.6070391535758972	0.5159987807273865	0.5758269429206848	0.6761335134506226	0.5244408249855042	0.5402169227600098	0.6736113429069519	0.5927424430847168	0.5283904075622559	0.5085810422897339	0.3484119474887848	0.5561753511428833	0.602202296257019	0.4805095195770264	0.6465351581573486	0.656443178653717	0.5903767943382263	0.5994506478309631	0.6946544647216797	0.4625728130340576	0.6269882917404175	0.6969245076179504	0.7977807521820068	0.6329541802406311	0.6211433410644531	0.7030314207077026	0.7267909049987793	0.7344253063201904	0.699266254901886	0.701307475566864	0.5319684147834778	0.4812672436237335	0.5648171305656433	0.690954327583313	0.6766179800033569	0.5883655548095703	0.6482394933700562
NW016-4-2	0.2685090601444244	0.4179689288139343	0.8872389793395996	0.6930714845657349	0.6514448523521423	0.3591718077659607	0.3795740008354187	0.4624668657779694	0.3956418931484222	0.3926318883895874	0.3075908124446869	0.4337618350982666	0.3569445908069611	0.3910238444805145	0.4775795340538025	0.5521135330200195	0.750933051109314	0.7461053133010864	0.3647827804088593	0.4941206276416779	0.3376549780368805	0.5790286660194397	0.7328746318817139	0.6316836476325989	0.4994451999664307	0.2694934904575348	0.9186654686927795	0.8614065051078796	0.5743446946144104	0.5514129400253296	0.4993414878845215	0.5834589600563049	0.5646079182624817	0.4984460175037384	0.5327857136726379	0.3613166511058807	0.508796215057373	0.6089358329772949	0.3244497179985046	0.3642797470092773	0.3545278310775757	0.3419865369796753	0.3365741074085236	0.3983492255210876	0.258622944355011	0.3771331608295441	0.3322650194168091	0.3448333442211151	0.3893546462059021	0.3023802936077118	0.2039849758148193	0.3798491358757019	0.2807568907737732	0.1992988884449005	0.4578500092029572	0.0	0.8157435059547424	0.3101262748241425	0.3476090133190155	0.3951093256473541	0.3697537183761597	0.3171129822731018	0.3376578092575073	0.405203253030777	0.3870603442192078	0.4083260893821716	0.3430690765380859	0.3216970860958099	0.4104223251342773	0.6336167454719543	0.6164077520370483	0.6226993203163147	0.6861010789871216	0.452115535736084	0.7061789631843567	0.6262328624725342	0.6761122345924377	0.5163467526435852	0.6592629551887512	0.3719127476215363	0.3656536340713501	0.597932755947113	0.3970511555671692	0.4801681041717529	0.4189020097255707	0.4406033158302307	0.2350802570581436	0.3226235806941986	0.2185636013746262	0.2919001579284668	0.5062426328659058	0.4316851496696472	0.5492726564407349	0.4451548457145691	0.3291300535202026	0.8516845703125	0.7982818484306335	0.7703368067741394	0.9330087900161743	0.7365773916244507	0.5338789820671082	0.5416612029075623	0.6262185573577881	0.6119226813316345	0.7418180108070374	0.5578131079673767	0.5215029716491699	0.5822544097900391	0.4934939444065094	0.4591192901134491	0.440500795841217	0.3553175926208496	0.5113451480865479	0.3472905158996582	0.4262461364269257	0.3897365033626556	0.4348756372928619	0.3606573939323425	0.3554904460906982	0.2772481441497803	0.6407338976860046	0.6214359998703003	0.3589371144771576	0.4283308684825897	0.3765784800052643	0.3888575732707977	0.4385470151901245	0.6401551365852356	0.5067905783653259	0.6789563894271851	0.9066013693809509	0.5451751947402954	0.4313616156578064	0.4841141998767853	0.4450165033340454	0.4517497420310974	0.3923675715923309	0.4528445601463318	0.661376953125	0.5826509594917297	0.5951668620109558	0.5225470066070557	0.637830376625061	0.3142994940280914	0.2439761757850647	0.32986119389534	0.3282903432846069	0.3273985385894775	0.4881159067153931	0.5216518044471741	0.4776167273521423	0.4572449326515198	0.4619671702384949	0.3998134434223175	0.4572514891624451	0.4649046957492828	0.4768040478229523	0.4154660105705261	0.3790527284145355	0.5352243185043335	0.5121616721153259	0.5498356223106384	0.552673876285553	0.5596075057983398	0.6226046681404114	0.5735540390014648	0.555213987827301	0.5974940657615662	0.3340830206871033	0.626480221748352	0.6434063911437988	0.5386269092559814	0.6211109757423401	0.8069408535957336	0.7270486354827881	0.498676985502243	0.4967637658119202	0.5562528967857361	0.1970389038324356	0.3352343440055847	0.4753807187080383	0.3146213591098785	0.3804304301738739	0.3431141078472137	0.4439128339290619	0.3767806887626648	0.5409728288650513	0.7216324806213379	0.7828466892242432	0.9019791483879089	0.6439834833145142	0.652012288570404	0.4543912410736084	0.523423969745636	0.5442458987236023	0.4856896996498108	0.4394397735595703	0.50893634557724	0.5718690752983093	0.6679587960243225	0.8210939168930054	0.6921011209487915	0.6642149090766907	0.5054991245269775
NW016-5	0.8601316809654236	0.7136156558990479	0.4174265563488007	0.9363575577735901	0.8963701128959656	0.9311978220939636	0.912051796913147	0.8524050116539001	0.9233430027961731	0.9490095973014832	0.8890855312347412	0.811596691608429	0.867206335067749	0.825203537940979	0.7760605216026306	0.7965112328529358	0.7297319769859314	0.7501252293586731	0.9732514023780823	0.8256914615631104	0.952107310295105	0.7700149416923523	0.6813130974769592	0.7589224576950073	0.8538804054260254	0.8565847277641296	0.7739589214324951	0.7172721028327942	0.8779675364494324	0.8906094431877136	0.97119140625	0.9353057146072388	1.021797776222229	0.8317427635192871	0.7760059237480164	0.9841204881668091	0.7499077320098877	0.6554094552993774	0.7970051169395447	0.9338739514350891	0.8495474457740784	0.8895692825317383	0.9150630235671997	0.8549712300300598	0.8488317728042603	0.8372650742530823	0.9127269387245178	0.9605012536048889	0.9229310750961304	0.9473278522491455	0.9729339480400085	0.8840739130973816	1.012263774871826	0.9346115589141846	0.3987870812416077	0.8157435059547424	0.0	0.945320188999176	0.9158456921577454	0.9545846581459045	0.9804779291152954	0.8915972709655762	0.9115716814994812	0.9061183929443359	0.9245961308479309	0.8453392386436462	0.896527111530304	0.9110625982284546	0.8881802558898926	0.7243383526802063	0.7522998452186584	0.8232487440109253	0.6724381446838379	0.7870608568191528	1.25623345375061	1.156485080718994	0.9957582950592041	0.9377209544181824	0.789964497089386	0.9107321500778198	1.05399751663208	0.9450768828392029	0.957943856716156	1.010801315307617	0.9852718114852905	0.6928852200508118	0.8679733872413635	0.7808552384376526	0.8950764536857605	0.7802256941795349	0.8058990836143494	0.8814500570297241	0.8043391108512878	0.8916041851043701	0.9589556455612183	0.7331087589263916	0.7073286771774292	0.6761534810066223	0.8125014901161194	0.6531090140342712	0.979631245136261	0.9143648147583008	0.9166624546051025	0.8694981932640076	0.8596552014350891	1.096118092536926	1.128268241882324	1.103525161743164	1.103829979896545	0.9911590814590454	0.9619471430778503	0.8308340907096863	1.083720445632935	0.9019538760185242	0.9321685433387756	0.8457517027854919	0.7720966339111328	0.9035109281539917	0.8760302662849426	0.7786554098129272	0.4272823929786682	1.030299186706543	0.8387757539749146	0.9003150463104248	0.897707998752594	0.9098222851753235	0.7321350574493408	1.162426352500916	1.075207233428955	0.8991138339042664	0.7743576765060425	1.089275121688843	1.015956997871399	1.048528552055359	1.025778293609619	1.055056929588318	0.9534703493118286	1.028476357460022	0.6815688610076904	0.7408301830291748	0.7051061987876892	0.6913819909095764	0.6568605303764343	0.9636068344116211	0.8715642094612122	0.7829108238220215	0.8387729525566101	0.7627533078193665	0.9036540985107422	0.8412991762161255	0.9031424522399902	0.9226948022842407	0.8193039298057556	0.8860888481140137	0.8940231800079346	0.886561930179596	0.8333559036254883	1.006558299064636	0.882995069026947	1.000983357429504	0.8528270721435547	0.8878432512283325	1.007461547851562	0.8586037755012512	0.9719864726066589	0.7832925915718079	0.908829391002655	0.8741893768310547	0.8148967623710632	0.845818817615509	0.9277521967887878	0.8240649104118347	0.7798516750335693	0.7438395619392395	0.7679792642593384	0.792549729347229	0.7698072791099548	0.5913077592849731	0.886035680770874	0.9218592047691345	0.784939169883728	0.9439769983291626	0.9158363938331604	0.8472078442573547	0.8590508699417114	0.9510660767555237	0.5911397337913513	0.8568400144577026	0.8834680914878845	0.9146425127983093	0.9105099439620972	0.8697482347488403	1.008030891418457	1.013210296630859	0.9978582262992859	1.00418758392334	0.9981845617294312	0.7949496507644653	0.6634592413902283	0.805915892124176	0.7745078206062317	0.9166218042373657	0.841116189956665	0.9414917826652527
NW018-1	0.3020131289958954	0.5060256719589233	0.9804173111915588	0.6742473840713501	0.6330995559692383	0.2830508351325989	0.3519821763038635	0.5023776292800903	0.3920456767082214	0.3279360830783844	0.299519419670105	0.386158674955368	0.298967033624649	0.3728321492671967	0.4448278844356537	0.5393089056015015	0.722388744354248	0.7364118695259094	0.2836747169494629	0.4877767264842987	0.2771632969379425	0.6108250021934509	0.7447820901870728	0.5537347793579102	0.5197700262069702	0.3183741271495819	0.9329855442047119	0.8739072680473328	0.4564911127090454	0.4020541906356812	0.3424184918403625	0.4529311656951904	0.406946063041687	0.4450240433216095	0.5020749568939209	0.3012101352214813	0.4897019267082214	0.5894767045974731	0.3977089822292328	0.3555812835693359	0.396984338760376	0.3637551367282867	0.2615711987018585	0.4012682139873505	0.3581568896770477	0.4361826479434967	0.3879103362560272	0.3989644348621368	0.4490128755569458	0.4209007918834686	0.3301860392093658	0.4730215072631836	0.3038698434829712	0.2963431775569916	0.6496975421905518	0.3101262748241425	0.945320188999176	0.0	0.1607102453708649	0.1459094285964966	0.1156422719359398	0.1530812829732895	0.1417498290538788	0.4788815975189209	0.4651295244693756	0.4861699640750885	0.4328387379646301	0.4076137542724609	0.512360692024231	0.581774890422821	0.5388501286506653	0.5589873790740967	0.6048519015312195	0.3813040852546692	0.5544406771659851	0.5111418962478638	0.612338662147522	0.5024791955947876	0.6490669250488281	0.367666631937027	0.3472396731376648	0.571519136428833	0.3763481676578522	0.4281282126903534	0.3810462057590485	0.5705400109291077	0.3143194615840912	0.4320993721485138	0.2522307634353638	0.3598403334617615	0.4584063291549683	0.3556109070777893	0.4913976192474365	0.3586750328540802	0.2487950921058655	0.8679884076118469	0.8145052790641785	0.7850443124771118	0.9488101601600647	0.7484091520309448	0.4272677898406982	0.4394494891166687	0.5069526433944702	0.5117369890213013	0.6652059555053711	0.4558272659778595	0.4209795594215393	0.4912243783473969	0.3992367684841156	0.2444128692150116	0.2701980471611023	0.2787502110004425	0.2915503978729248	0.2815216481685638	0.2560462355613708	0.3481261730194092	0.4050793051719666	0.366994172334671	0.3696636557579041	0.4223810136318207	0.7364880442619324	0.5422194600105286	0.4311456084251404	0.4637311697006226	0.4201888144016266	0.4049485921859741	0.4837096631526947	0.4992640614509583	0.417071670293808	0.6279067993164062	0.892575204372406	0.4282941520214081	0.3301002979278564	0.4029824435710907	0.3613643944263458	0.312292754650116	0.3510816991329193	0.3707998096942902	0.7325932383537292	0.6176959276199341	0.668855607509613	0.6067431569099426	0.7193613648414612	0.1827429383993149	0.2225527316331863	0.2864049077033997	0.273089200258255	0.3003574311733246	0.4795993864536285	0.5170168280601501	0.4724250435829163	0.4915237426757812	0.4765466749668121	0.3584288358688354	0.3917756974697113	0.4268545210361481	0.5480542778968811	0.4042912125587463	0.3295830488204956	0.4831572473049164	0.5048249959945679	0.5636284947395325	0.5082269906997681	0.552048921585083	0.6000425219535828	0.5974048972129822	0.5386420488357544	0.539961040019989	0.3938310444355011	0.6225275993347168	0.6411854028701782	0.5066729187965393	0.6033936142921448	0.8009383678436279	0.7181433439254761	0.5076720714569092	0.5325072407722473	0.6838219165802002	0.3598417937755585	0.2735601365566254	0.4375589489936829	0.2813451290130615	0.3704316318035126	0.3491107821464539	0.4445720911026001	0.3141895234584808	0.5967468023300171	0.6901349425315857	0.7508993744850159	0.8711115121841431	0.6319292783737183	0.6209034323692322	0.3839012086391449	0.4543259143829346	0.4693930745124817	0.4210611581802368	0.3665927648544312	0.4512403011322021	0.5213918089866638	0.6392005085945129	0.8093305230140686	0.6847134828567505	0.6581690311431885	0.5128481388092041
NW018-2	0.2619690597057343	0.4605622589588165	0.9236975908279419	0.650956928730011	0.6063722372055054	0.3682448267936707	0.4196583926677704	0.5054568648338318	0.4437767863273621	0.4215845465660095	0.2922118306159973	0.3317849934101105	0.2936248183250427	0.3647564351558685	0.3582051694393158	0.4858528077602386	0.6128101348876953	0.6446958184242249	0.333881139755249	0.4544884860515594	0.2983960509300232	0.5673373937606812	0.7011179327964783	0.4625742137432098	0.4863292574882507	0.2783496677875519	0.8915563821792603	0.8294780850410461	0.3544697463512421	0.3099235892295837	0.2900848984718323	0.387152373790741	0.3538589775562286	0.4054485261440277	0.4180366098880768	0.3724527359008789	0.4283170402050018	0.5194778442382812	0.3513107299804688	0.3977956175804138	0.3524833023548126	0.3284410536289215	0.2796763479709625	0.3541291058063507	0.3410237729549408	0.4169228971004486	0.348894864320755	0.3781047165393829	0.4246733784675598	0.4337470829486847	0.4113849401473999	0.4744620621204376	0.399462878704071	0.3718887567520142	0.6229867935180664	0.3476090133190155	0.9158456921577454	0.1607102453708649	0.0	0.1811749935150146	0.190644308924675	0.135637566447258	0.205644428730011	0.4675264060497284	0.483638733625412	0.477208286523819	0.4508892893791199	0.4265315532684326	0.5063328742980957	0.5034340023994446	0.4465323984622955	0.4733374714851379	0.5004348158836365	0.2910571098327637	0.6479290723800659	0.5594503283500671	0.5849084258079529	0.4629946053028107	0.5623252987861633	0.3203224241733551	0.4286595582962036	0.5372636318206787	0.4105939567089081	0.4928833246231079	0.4385444521903992	0.5458263754844666	0.3192654252052307	0.3914801776409149	0.3251923620700836	0.3343684673309326	0.3932940065860748	0.2702015936374664	0.3971899449825287	0.2836568057537079	0.2380243837833405	0.8261644840240479	0.7776002883911133	0.747534990310669	0.909977376461029	0.7187516093254089	0.3956020176410675	0.3945850431919098	0.4544004201889038	0.4533798098564148	0.6057405471801758	0.5349940061569214	0.4903209805488586	0.560988187789917	0.4609466791152954	0.3035355806350708	0.2596189081668854	0.2925949096679688	0.3735888600349426	0.3413429260253906	0.3120718896389008	0.3304201066493988	0.3694834113121033	0.351809561252594	0.3535724282264709	0.4205787479877472	0.6981024146080017	0.5992812514305115	0.4211805462837219	0.4552857875823975	0.4359559118747711	0.4338829517364502	0.4664323031902313	0.5757575631141663	0.4679885506629944	0.6166617274284363	0.8529102802276611	0.5045971870422363	0.392041951417923	0.4691653251647949	0.4145054221153259	0.413507491350174	0.363639235496521	0.4235469102859497	0.6562792658805847	0.5372242331504822	0.5883934497833252	0.5363739132881165	0.63600754737854	0.290755033493042	0.2174140065908432	0.2637342512607574	0.2258551418781281	0.273432582616806	0.4262218475341797	0.4619021713733673	0.4416662752628326	0.4691670835018158	0.4328918755054474	0.3569580018520355	0.3595646023750305	0.4012756049633026	0.5207916498184204	0.4112212061882019	0.272700697183609	0.5481575727462769	0.5076844096183777	0.5303600430488586	0.5786314010620117	0.4995728135108948	0.5415964126586914	0.5434167385101318	0.4965235590934753	0.4743159413337708	0.3571531176567078	0.5851739645004272	0.6259827017784119	0.4344267845153809	0.5472577214241028	0.7513906359672546	0.6665401458740234	0.458497017621994	0.4687210321426392	0.619713544845581	0.3839337527751923	0.2633051872253418	0.3634376525878906	0.2662990391254425	0.3780210316181183	0.3588795959949493	0.4301710426807404	0.370428740978241	0.5646930932998657	0.6466454267501831	0.7130255103111267	0.832756757736206	0.5921517014503479	0.5860297679901123	0.3935718834400177	0.4598792791366577	0.4681099653244019	0.4207582771778107	0.3758303225040436	0.4112260341644287	0.484707772731781	0.5863406658172607	0.7583555579185486	0.66112220287323	0.61543208360672	0.47917240858078
NW018-3-1	0.3509107232093811	0.5367501974105835	0.9756460189819336	0.7025518417358398	0.6446201801300049	0.322499543428421	0.384822279214859	0.4799411296844482	0.4146478474140167	0.3602584302425385	0.3827378749847412	0.4112056791782379	0.3606192767620087	0.4353718161582947	0.4728187322616577	0.5543569922447205	0.7126256227493286	0.7237306833267212	0.3255465924739838	0.5353864431381226	0.3279604613780975	0.6445768475532532	0.7415192723274231	0.5560944676399231	0.5645502805709839	0.3706824481487274	0.9380002617835999	0.8786045908927917	0.4323237240314484	0.3857914805412292	0.3049833178520203	0.4272781312465668	0.357254296541214	0.4970856308937073	0.5021881461143494	0.3835047781467438	0.4903717637062073	0.585974931716919	0.3997960388660431	0.4013117849826813	0.4142172336578369	0.364993542432785	0.2962681651115417	0.4602315723896027	0.4121958911418915	0.4809241890907288	0.4554609358310699	0.4269070625305176	0.4706090092658997	0.4982870221138	0.4104115664958954	0.5347877144813538	0.3863055109977722	0.3702222108840942	0.6724552512168884	0.3951093256473541	0.9545846581459045	0.1459094285964966	0.1811749935150146	0.0	0.1301823705434799	0.1519331037998199	0.1019001230597496	0.5158298015594482	0.5094322562217712	0.5373064875602722	0.4865865409374237	0.4589517712593079	0.5494876503944397	0.6238750219345093	0.5564053654670715	0.5963074564933777	0.6161603331565857	0.4175599217414856	0.5614303946495056	0.5442672371864319	0.6313759684562683	0.5877825021743774	0.6464352607727051	0.4129247963428497	0.425444096326828	0.6534547209739685	0.4261325895786285	0.5009501576423645	0.4486612975597382	0.5742368102073669	0.350533127784729	0.4693559110164642	0.2947925329208374	0.3209220767021179	0.4625042080879211	0.3553672134876251	0.4754167199134827	0.3576298952102661	0.3130115568637848	0.8758254647254944	0.8236114382743835	0.7936414480209351	0.9573796391487122	0.7593798041343689	0.3824970722198486	0.4078134000301361	0.5019420385360718	0.5009087324142456	0.6550424695014954	0.4744987785816193	0.4267945885658264	0.5047322511672974	0.4183122515678406	0.20362688601017	0.2263001650571823	0.2496828436851501	0.2759191691875458	0.2994272112846375	0.2069511115550995	0.4170871675014496	0.4376505315303802	0.4316062927246094	0.4292685687541962	0.4801313877105713	0.7439318299293518	0.5731930732727051	0.4527173042297363	0.4908024966716766	0.4491550624370575	0.4363656640052795	0.5095731019973755	0.4870923459529877	0.4502788782119751	0.6711257696151733	0.9057711362838745	0.4709728956222534	0.3454029560089111	0.4361482858657837	0.366368293762207	0.3552650213241577	0.3939590752124786	0.4114528894424438	0.7072321772575378	0.6072290539741516	0.645395815372467	0.612784743309021	0.6966543793678284	0.2771360874176025	0.3114359974861145	0.3159037530422211	0.3285686671733856	0.3321723341941833	0.4885432422161102	0.5036180019378662	0.4813233315944672	0.5105774998664856	0.4869840741157532	0.3809746205806732	0.4089108407497406	0.4530718326568604	0.5618734955787659	0.4230677783489227	0.3125350475311279	0.4923985004425049	0.5273317694664001	0.5465651154518127	0.5305296182632446	0.5505895018577576	0.5912047624588013	0.5848350524902344	0.539143443107605	0.5393351912498474	0.4283412396907806	0.6681703925132751	0.7123789191246033	0.5341340899467468	0.6432275176048279	0.8052816987037659	0.7204304337501526	0.565751314163208	0.5674318075180054	0.6827545762062073	0.4312109649181366	0.2942778766155243	0.4647151231765747	0.3306504786014557	0.422920823097229	0.3979760706424713	0.4993528723716736	0.3320766091346741	0.6296523213386536	0.6891514658927917	0.7343084216117859	0.8586685657501221	0.6628208160400391	0.6391900181770325	0.3883894681930542	0.4698013961315155	0.4719466865062714	0.4348398447036743	0.383387953042984	0.471327543258667	0.5468729138374329	0.6745351552963257	0.8071396350860596	0.7432125210762024	0.705268144607544	0.5595186948776245
NW018-3-2	0.3545225858688354	0.5402317643165588	1.007316470146179	0.6539053916931152	0.5973653197288513	0.3088854551315308	0.3581770658493042	0.5204907059669495	0.3755740821361542	0.3135648667812347	0.3190523684024811	0.4140077531337738	0.3384419679641724	0.4099464118480682	0.4891801178455353	0.5623351335525513	0.7267828583717346	0.7566074132919312	0.3364513516426086	0.5491735935211182	0.2537420988082886	0.660112738609314	0.7700639963150024	0.5765499472618103	0.581283688545227	0.3748810887336731	0.9618300199508667	0.9029464721679688	0.4563975036144257	0.4132567346096039	0.34244304895401	0.4518237113952637	0.3983548283576965	0.4791067540645599	0.5297836661338806	0.3529505729675293	0.5175561904907227	0.6123632788658142	0.4366125166416168	0.4233682751655579	0.4412372410297394	0.3893500864505768	0.3003098964691162	0.4514381587505341	0.3564389646053314	0.4191207587718964	0.3762348294258118	0.3836629390716553	0.4211238324642181	0.4337438642978668	0.3465739488601685	0.4818804264068604	0.3208853304386139	0.3547967374324799	0.6941699385643005	0.3697537183761597	0.9804779291152954	0.1156422719359398	0.190644308924675	0.1301823705434799	0.0	0.2005952000617981	0.1441131234169006	0.4714405834674835	0.4639555811882019	0.487162321805954	0.4338421523571014	0.4096131026744843	0.5047681927680969	0.5922424793243408	0.546686053276062	0.5276153087615967	0.6253398060798645	0.4204175174236298	0.5238506197929382	0.4938081800937653	0.6420689225196838	0.5501344203948975	0.6759088635444641	0.3952535390853882	0.3516701757907867	0.6302273869514465	0.4336811602115631	0.4316626787185669	0.4015515744686127	0.6001349091529846	0.3318780660629272	0.464066207408905	0.2869757413864136	0.3679153025150299	0.4640965163707733	0.3590464890003204	0.4992216825485229	0.3737654983997345	0.3022748231887817	0.8940649032592773	0.8407448530197144	0.8107898235321045	0.9744429588317871	0.7758163809776306	0.4382551908493042	0.4470377862453461	0.5323339700698853	0.5378406643867493	0.693517804145813	0.4217873811721802	0.3812126219272614	0.450866162776947	0.3690817058086395	0.2496138662099838	0.2760359644889832	0.2964402735233307	0.287663996219635	0.2833218276500702	0.2760124504566193	0.4073528349399567	0.4529869854450226	0.3866467773914337	0.3782630860805511	0.4508501589298248	0.770009458065033	0.5827682614326477	0.4814479947090149	0.5129787921905518	0.4742589890956879	0.4590117633342743	0.5337591767311096	0.5148719549179077	0.4315906763076782	0.6624712347984314	0.9244104623794556	0.4626853764057159	0.2982702851295471	0.3647307157516479	0.3177397549152374	0.292388379573822	0.3332474827766418	0.3356156051158905	0.7497560977935791	0.6430168151855469	0.6828855872154236	0.6436440348625183	0.7364073991775513	0.221524640917778	0.2583414912223816	0.3323365747928619	0.3346974551677704	0.3434307277202606	0.491546094417572	0.522950291633606	0.4874989688396454	0.4755302369594574	0.5036856532096863	0.3760185837745667	0.4089321196079254	0.4059057235717773	0.5184130668640137	0.3783937394618988	0.3501351177692413	0.4487534165382385	0.4794135987758636	0.57547926902771	0.4749171733856201	0.5709262490272522	0.6153092384338379	0.6120874881744385	0.5551670789718628	0.5603122711181641	0.4422018527984619	0.682057797908783	0.6384730339050293	0.5515246391296387	0.6450268626213074	0.8240658640861511	0.7452192306518555	0.5367773771286011	0.5730142593383789	0.7051783800125122	0.4233098924160004	0.316312700510025	0.4847652614116669	0.3058632016181946	0.3625800311565399	0.3417108356952667	0.4226798713207245	0.2758140861988068	0.6123493909835815	0.7157939076423645	0.7632257342338562	0.8856433033943176	0.6891948580741882	0.6639663577079773	0.3875341415405273	0.4640378654003143	0.4773346185684204	0.4369092881679535	0.3981001079082489	0.4881016910076141	0.5569088459014893	0.6919002532958984	0.8353865146636963	0.7391265034675598	0.713175892829895	0.56734699010849
NW018-4	0.290274441242218	0.4864811301231384	0.9241712093353271	0.6944650411605835	0.6363864541053772	0.3437938690185547	0.3706997931003571	0.4306424856185913	0.3875909745693207	0.3767766356468201	0.3433522582054138	0.3912927806377411	0.3234654664993286	0.3944543302059174	0.4258391857147217	0.5489181280136108	0.6925333142280579	0.7060484886169434	0.3233283758163452	0.4681901931762695	0.3040184676647186	0.5890941619873047	0.7211346626281738	0.5311897397041321	0.5068948268890381	0.3054203689098358	0.9181836843490601	0.8570631146430969	0.3981104493141174	0.3472272157669067	0.2965513467788696	0.4060699343681335	0.3666593134403229	0.4626609981060028	0.4671743214130402	0.382724404335022	0.4581670761108398	0.5596763491630554	0.3308326005935669	0.3854649364948273	0.3590107560157776	0.3369027078151703	0.290574312210083	0.4088129699230194	0.3460865616798401	0.4692703485488892	0.4218831658363342	0.4073010087013245	0.4549909234046936	0.4585359990596771	0.4130548238754272	0.455300897359848	0.4017337560653687	0.3771255612373352	0.599082350730896	0.3171129822731018	0.8915972709655762	0.1530812829732895	0.135637566447258	0.1519331037998199	0.2005952000617981	0.0	0.1351916342973709	0.4447048306465149	0.4343023300170898	0.4618522822856903	0.4103931188583374	0.3822909295558929	0.4790773093700409	0.6164254546165466	0.5464261770248413	0.5876423716545105	0.5934976935386658	0.3580516874790192	0.6311914920806885	0.5500997304916382	0.6032208204269409	0.5415068864822388	0.621866762638092	0.396141916513443	0.4308381676673889	0.6095006465911865	0.4221722781658173	0.5063971877098083	0.4526306986808777	0.4972407221794128	0.2860485911369324	0.3980101943016052	0.2679246366024017	0.2874053716659546	0.4527462720870972	0.335269033908844	0.4402311444282532	0.3237025737762451	0.2607542872428894	0.8520647287368774	0.7996036410331726	0.7697226405143738	0.9331766366958618	0.738606870174408	0.3938678503036499	0.400123804807663	0.4654271304607391	0.4590710997581482	0.609575092792511	0.5187965035438538	0.4567791223526001	0.5453980565071106	0.4360040128231049	0.286455363035202	0.2683389782905579	0.2104406952857971	0.3682692348957062	0.2757845818996429	0.2921811044216156	0.3751282691955566	0.3896569907665253	0.3889576196670532	0.3848801851272583	0.4169361889362335	0.6822414994239807	0.592188835144043	0.3907420337200165	0.4676124453544617	0.4118994772434235	0.4066249430179596	0.4638475477695465	0.55779629945755	0.4521127939224243	0.6360561847686768	0.8771578073501587	0.4903469681739807	0.3815570473670959	0.4621710479259491	0.4059231281280518	0.4084374308586121	0.3818506598472595	0.4421712458133698	0.6592199802398682	0.5463576912879944	0.5982710719108582	0.5404611825942993	0.6494072675704956	0.291949450969696	0.2625043392181396	0.2637899816036224	0.2744844257831573	0.2955174446105957	0.4708898663520813	0.4829844832420349	0.4688825607299805	0.5058397054672241	0.4558431506156921	0.3677290380001068	0.4071679413318634	0.4509357213973999	0.5164371728897095	0.4240441024303436	0.3220363855361938	0.538192093372345	0.520805835723877	0.5464392900466919	0.5682627558708191	0.4993910193443298	0.5676451921463013	0.5262154340744019	0.5245648622512817	0.5045387148857117	0.3592722415924072	0.6050846576690674	0.673988401889801	0.4786324799060822	0.6095420718193054	0.7861384749412537	0.6999461650848389	0.5131089687347412	0.4987103044986725	0.6257782578468323	0.3437992334365845	0.2546534538269043	0.4169926345348358	0.2924046516418457	0.3756521642208099	0.3522061109542847	0.4516136348247528	0.3318846225738525	0.5841759443283081	0.6457495093345642	0.726154088973999	0.8343407511711121	0.6124489903450012	0.6004013419151306	0.4266162514686584	0.5145082473754883	0.5174063444137573	0.4721973240375519	0.4052765965461731	0.4313172101974487	0.5092006325721741	0.6124712824821472	0.786676824092865	0.7022825479507446	0.6434258818626404	0.5216330289840698
NW018-5	0.30144003033638	0.4851807355880737	0.937791109085083	0.6995658278465271	0.6420429944992065	0.3039838373661041	0.3449245393276215	0.4445065855979919	0.3551073372364044	0.3382380902767181	0.3727361559867859	0.4162459969520569	0.3577918410301208	0.4343881607055664	0.4910435080528259	0.5505375862121582	0.7304465770721436	0.7385686039924622	0.3527144491672516	0.5459560751914978	0.3218187987804413	0.6590330600738525	0.7516396045684814	0.5694616436958313	0.5744951367378235	0.3179167211055756	0.9482771754264832	0.8857719898223877	0.4642826020717621	0.4142731130123138	0.3307018280029297	0.459635466337204	0.396146684885025	0.486530214548111	0.507461428642273	0.3930712938308716	0.495372474193573	0.5964016914367676	0.3832898139953613	0.4120487868785858	0.4262837767601013	0.3714523315429688	0.3105093836784363	0.4690529704093933	0.364938497543335	0.4801478385925293	0.4590398371219635	0.4228090345859528	0.4713832437992096	0.4929008483886719	0.4111661612987518	0.480688214302063	0.3884832859039307	0.3735403716564178	0.6346753835678101	0.3376578092575073	0.9115716814994812	0.1417498290538788	0.205644428730011	0.1019001230597496	0.1441131234169006	0.1351916342973709	0.0	0.4670822620391846	0.4550110995769501	0.4874402582645416	0.4370877742767334	0.4060734510421753	0.4969387948513031	0.618992805480957	0.552956759929657	0.5927268862724304	0.6290397047996521	0.4393788576126099	0.5877751111984253	0.5453481674194336	0.6345362663269043	0.5858819484710693	0.6550087928771973	0.4114386737346649	0.4351949691772461	0.6503325700759888	0.4290795922279358	0.5095201134681702	0.4575619399547577	0.5363320708274841	0.3031559586524963	0.4181503653526306	0.2399314641952515	0.288148045539856	0.4661679267883301	0.3767859041690826	0.5016102194786072	0.387893408536911	0.3240489959716797	0.8836484551429749	0.8305454254150391	0.8005613088607788	0.9642227292060852	0.7672919034957886	0.408571183681488	0.4288612604141235	0.5210208892822266	0.5149521231651306	0.6676738262176514	0.4814883172512054	0.4463546872138977	0.5074405670166016	0.438081681728363	0.2554202377796173	0.2607682645320892	0.2220422178506851	0.3099008202552795	0.257312536239624	0.227092832326889	0.4078264832496643	0.4170869290828705	0.4206726551055908	0.4122598767280579	0.4208129644393921	0.7046023011207581	0.5921170711517334	0.418293684720993	0.5000494122505188	0.4367632865905762	0.4313024878501892	0.4989258050918579	0.5181708931922913	0.456521213054657	0.6646957993507385	0.9095289707183838	0.4841647148132324	0.3564893305301666	0.4427302181720734	0.3774321377277374	0.3609969913959503	0.3922512233257294	0.4197250306606293	0.680752694606781	0.5914223790168762	0.6229650378227234	0.5874417424201965	0.6721213459968567	0.2846505045890808	0.3097937107086182	0.3161560893058777	0.3457195162773132	0.3322570621967316	0.4995535910129547	0.5189403891563416	0.4789072275161743	0.5067766904830933	0.4896736443042755	0.3591150045394897	0.4071654379367828	0.4512834250926971	0.5137398838996887	0.4256824553012848	0.3310336172580719	0.5007560849189758	0.5152812004089355	0.5488187074661255	0.5346869230270386	0.535881519317627	0.6120421290397644	0.5576071739196777	0.5510696768760681	0.5553998351097107	0.3848079144954681	0.6774550080299377	0.7062552571296692	0.556600034236908	0.6519426107406616	0.8186104893684387	0.734746515750885	0.556563675403595	0.5276634097099304	0.6534441709518433	0.3828151822090149	0.313656359910965	0.4900998473167419	0.3402180373668671	0.3781661093235016	0.3372190892696381	0.4604254364967346	0.296787291765213	0.5869612097740173	0.6930530667304993	0.7271902561187744	0.8671210408210754	0.669267475605011	0.6402984857559204	0.4054907560348511	0.4874308407306671	0.4895264804363251	0.4497501254081726	0.4073091447353363	0.4802375733852386	0.555428147315979	0.6831624507904053	0.8166204690933228	0.736270546913147	0.7165036201477051	0.5645291805267334
NW019-1	0.3725735545158386	0.4766853153705597	0.9383717179298401	0.5225168466567993	0.4538330137729645	0.462272435426712	0.4430773854255676	0.4681185483932495	0.4031918942928314	0.4574094414710999	0.4063388407230377	0.4728206098079681	0.4188512563705444	0.4011888206005096	0.4871481359004974	0.5189331769943237	0.713968813419342	0.7252992987632751	0.5524505972862244	0.5465635061264038	0.4313276708126068	0.6598263382911682	0.7618029713630676	0.5971674919128418	0.6235906481742859	0.393348217010498	0.9360689520835876	0.887811541557312	0.6263461112976074	0.6182656288146973	0.571628749370575	0.6294474601745605	0.6655181050300598	0.5290046334266663	0.5761516094207764	0.5600925087928772	0.582029402256012	0.6544703841209412	0.4478887915611267	0.5877448916435242	0.4826687276363373	0.4891989529132843	0.52560955286026	0.5035359263420105	0.3462662100791931	0.4403478503227234	0.4172195792198181	0.4333908259868622	0.4301758408546448	0.4513551890850067	0.4714740514755249	0.194800391793251	0.5440325736999512	0.5101783275604248	0.6050689816474915	0.405203253030777	0.9061183929443359	0.4788815975189209	0.4675264060497284	0.5158298015594482	0.4714405834674835	0.4447048306465149	0.4670822620391846	0.0	0.09979864954948425	0.1788400411605835	0.1353021562099457	0.1450785547494888	0.1046077832579613	0.6329258680343628	0.5983774065971375	0.5272508263587952	0.6972163319587708	0.5447539687156677	0.7318711876869202	0.6865684390068054	0.7504644393920898	0.5562334060668945	0.6669043302536011	0.47513148188591	0.471514880657196	0.6301660537719727	0.5090256929397583	0.4950612187385559	0.4874432384967804	0.4683922231197357	0.3253376185894012	0.3481639325618744	0.4265302419662476	0.4114732146263123	0.5240513682365417	0.5119220018386841	0.600895345211029	0.5295941233634949	0.4773523509502411	0.8652186989784241	0.8405798077583313	0.8147033452987671	0.9563227891921997	0.7816502451896667	0.6771863102912903	0.6779413819313049	0.7135927677154541	0.706545889377594	0.7955631017684937	0.5347324013710022	0.5192111730575562	0.4624021947383881	0.5048861503601074	0.6325769424438477	0.6026964783668518	0.5009313821792603	0.6659274697303772	0.4972336292266846	0.5701143741607666	0.4483286142349243	0.4457657039165497	0.3734623193740845	0.3387055099010468	0.4050734639167786	0.6826367378234863	0.7667584419250488	0.5628880858421326	0.6040956377983093	0.6062201857566833	0.6205854415893555	0.5718437433242798	0.8087586164474487	0.6772540807723999	0.7529107928276062	0.9536163210868835	0.7195640802383423	0.3854250013828278	0.4301115274429321	0.3844906985759735	0.4993239343166351	0.4454500377178192	0.4323749840259552	0.624369740486145	0.5433010458946228	0.553543210029602	0.5049088001251221	0.6057063341140747	0.4822759628295898	0.3935050964355469	0.4127736389636993	0.4394774436950684	0.4567134082317352	0.4756504595279694	0.4532731473445892	0.4085390865802765	0.4033516049385071	0.4336381554603577	0.4461262822151184	0.4756524264812469	0.4112063944339752	0.3697426319122314	0.3256137073040009	0.4990487694740295	0.513742983341217	0.4586937427520752	0.5285904407501221	0.514564037322998	0.4816447794437408	0.5811191201210022	0.506981611251831	0.5171483159065247	0.5162700414657593	0.3503791391849518	0.6494886875152588	0.5179699063301086	0.5439770221710205	0.6266855001449585	0.835411548614502	0.7359818816184998	0.444684624671936	0.4686962068080902	0.635159969329834	0.4491846859455109	0.4582655131816864	0.5417290925979614	0.4416097402572632	0.3662309944629669	0.4053329825401306	0.3681763112545013	0.3554814457893372	0.5437494516372681	0.6712135076522827	0.712336003780365	0.8823785781860352	0.668296217918396	0.6094701290130615	0.4681745767593384	0.5332969427108765	0.5498972535133362	0.5218413472175598	0.5166513919830322	0.4398402571678162	0.6062734127044678	0.6654675602912903	0.8207828402519226	0.7005332112312317	0.6922476291656494	0.5665514469146729
NW019-2-1	0.3903115391731262	0.5025281310081482	0.9549497961997986	0.5481440424919128	0.4801449179649353	0.4597753286361694	0.442729264497757	0.4674137234687805	0.4047897458076477	0.4490959942340851	0.4140830934047699	0.5017659664154053	0.4314995408058167	0.4111194908618927	0.5050424337387085	0.5557454228401184	0.7310390472412109	0.7572747468948364	0.5144477486610413	0.5351762175559998	0.4262520670890808	0.6581606268882751	0.7880752682685852	0.626870334148407	0.616329550743103	0.4050591588020325	0.9594675898551941	0.913196325302124	0.663719654083252	0.6538143754005432	0.601690948009491	0.6598065495491028	0.6857006549835205	0.5602042078971863	0.6209793090820312	0.5298582315444946	0.6219626665115356	0.6834434270858765	0.4894626438617706	0.5698094964027405	0.5046639442443848	0.5306210517883301	0.5251065492630005	0.5137473344802856	0.3873823285102844	0.4884397983551025	0.4574050009250641	0.4768999814987183	0.4713152647018433	0.4389978051185608	0.4507463276386261	0.1570008397102356	0.5188323259353638	0.4901918470859528	0.6372801661491394	0.3870603442192078	0.9245961308479309	0.4651295244693756	0.483638733625412	0.5094322562217712	0.4639555811882019	0.4343023300170898	0.4550110995769501	0.09979864954948425	0.0	0.1708756536245346	0.09358886629343033	0.1092559099197388	0.146084189414978	0.6635204553604126	0.6268469095230103	0.5562928318977356	0.7287047505378723	0.5497624278068542	0.7128537893295288	0.6756473183631897	0.773076593875885	0.5729393362998962	0.7162428498268127	0.5165694952011108	0.4552021622657776	0.6588060855865479	0.4768721461296082	0.4810404777526855	0.4651203453540802	0.5103235840797424	0.3426305651664734	0.3948247730731964	0.4290884137153625	0.4422391951084137	0.5683942437171936	0.5482622385025024	0.6424903273582458	0.5616592764854431	0.5003636479377747	0.8912668228149414	0.8641058206558228	0.8367263078689575	0.9824928045272827	0.8050491213798523	0.700167179107666	0.703073263168335	0.7396833300590515	0.7315086126327515	0.8236082196235657	0.5274304747581482	0.5183779001235962	0.4566483199596405	0.5009095668792725	0.6285617351531982	0.6026281118392944	0.5032462477684021	0.66110759973526	0.4870376884937286	0.5738983750343323	0.470823734998703	0.4761313199996948	0.3889972567558289	0.3633937537670135	0.437456876039505	0.704393208026886	0.7533329129219055	0.591356098651886	0.6338781714439392	0.619474470615387	0.6227562427520752	0.6010400652885437	0.8115471601486206	0.6806986927986145	0.7772367000579834	0.977017879486084	0.7185527682304382	0.3775508999824524	0.4113495647907257	0.3772259056568146	0.4867516458034515	0.4431072473526001	0.4191039800643921	0.6498461961746216	0.5756933689117432	0.589083194732666	0.5327048897743225	0.6410261988639832	0.4600869417190552	0.3855344653129578	0.4308448135852814	0.4541328251361847	0.4752480387687683	0.4879043996334076	0.4809222221374512	0.4559914767742157	0.444427490234375	0.4755890071392059	0.4526244103908539	0.4994166195392609	0.4338314235210419	0.3999918699264526	0.3312371671199799	0.5383328199386597	0.5101380944252014	0.4842273890972137	0.5640711784362793	0.5092045664787292	0.4997235834598541	0.5880470275878906	0.5231574177742004	0.5222597718238831	0.5342777371406555	0.3724512159824371	0.6678803563117981	0.5414868593215942	0.5733528137207031	0.6569574475288391	0.8584262132644653	0.7649135589599609	0.4779743254184723	0.5054770112037659	0.6761468052864075	0.4316614270210266	0.4558458924293518	0.5706784725189209	0.4153875708580017	0.377174973487854	0.4307694435119629	0.3937447071075439	0.3537499010562897	0.5789073705673218	0.6978213787078857	0.7487281560897827	0.9062745571136475	0.6839714646339417	0.637309730052948	0.4789871573448181	0.5337454080581665	0.5464336276054382	0.529423713684082	0.5122137665748596	0.4767770171165466	0.6253576874732971	0.6936002969741821	0.8443846702575684	0.7149015665054321	0.7026280164718628	0.5712008476257324
NW019-2-2	0.3799732625484467	0.4256427884101868	0.8695334792137146	0.5593118667602539	0.4973834455013275	0.5009786486625671	0.4840110540390015	0.478707879781723	0.4503730237483978	0.491565465927124	0.3903661072254181	0.4620804488658905	0.4108774065971375	0.3940746188163757	0.4645130336284637	0.5069951415061951	0.6699137091636658	0.7074703574180603	0.5401180386543274	0.4962651133537292	0.4563446044921875	0.6201662421226501	0.7278504371643066	0.5831948518753052	0.6010604500770569	0.3955272436141968	0.9114041328430176	0.8570824265480042	0.6291907429695129	0.6216638088226318	0.5833133459091187	0.6270169615745544	0.6841400861740112	0.530298113822937	0.5934905409812927	0.5704680681228638	0.5926111340522766	0.6470826268196106	0.47309809923172	0.616588294506073	0.5072007179260254	0.531409740447998	0.5575364232063293	0.4946916997432709	0.361877053976059	0.4601134955883026	0.4324180483818054	0.4684519469738007	0.4606716632843018	0.4803441762924194	0.4993536472320557	0.1016850098967552	0.565050482749939	0.5358877182006836	0.5655431151390076	0.4083260893821716	0.8453392386436462	0.4861699640750885	0.477208286523819	0.5373064875602722	0.487162321805954	0.4618522822856903	0.4874402582645416	0.1788400411605835	0.1708756536245346	0.0	0.14713054895401	0.175814151763916	0.2052619904279709	0.6132118701934814	0.580795168876648	0.5088347792625427	0.6760107278823853	0.5272578001022339	0.8039089441299438	0.7062928676605225	0.744088888168335	0.5475572347640991	0.6713892221450806	0.4874352216720581	0.5000166893005371	0.6140657067298889	0.517996072769165	0.4921920895576477	0.4961104691028595	0.4721774160861969	0.381648451089859	0.3777690827846527	0.468794196844101	0.4262235760688782	0.5369139313697815	0.5186708569526672	0.6056665182113647	0.5311213731765747	0.5050839185714722	0.8429405689239502	0.8299867510795593	0.8010482788085938	0.9398932456970215	0.7714674472808838	0.6798954010009766	0.6746364831924438	0.6942899823188782	0.683921217918396	0.7725280523300171	0.5726257562637329	0.576181173324585	0.5489038228988647	0.5513176918029785	0.6473948955535889	0.6163510680198669	0.4861412644386292	0.6790175437927246	0.4805780351161957	0.5955092310905457	0.4303534626960754	0.4317045211791992	0.3862335979938507	0.3373960852622986	0.3784711956977844	0.6283022165298462	0.7842069864273071	0.5827057361602783	0.6381495594978333	0.6408706903457642	0.6516392230987549	0.5812476873397827	0.8437560796737671	0.7107579708099365	0.74591463804245	0.9285266995429993	0.752471387386322	0.4579583406448364	0.5007771849632263	0.4698266685009003	0.5284344553947449	0.4540059268474579	0.4956353604793549	0.5928501486778259	0.5249841213226318	0.5283533334732056	0.4495126605033875	0.5707648396492004	0.4897266030311584	0.4049917459487915	0.4037710428237915	0.4290598630905151	0.4392144680023193	0.4305371344089508	0.465829074382782	0.4437893927097321	0.4284827411174774	0.4651501178741455	0.4155415296554565	0.4646046161651611	0.3935033082962036	0.3460080623626709	0.4406971037387848	0.5136117935180664	0.5503990054130554	0.4645427763462067	0.5516469478607178	0.5458482503890991	0.422747403383255	0.5434660911560059	0.4463642537593842	0.4540335237979889	0.4767920672893524	0.3395104706287384	0.6341764330863953	0.5429043173789978	0.5403527617454529	0.5990827679634094	0.8020768761634827	0.7179152369499207	0.4403319358825684	0.4609992504119873	0.6022784113883972	0.4776951670646667	0.4792940616607666	0.5382248759269714	0.4436807036399841	0.4354777634143829	0.4019598960876465	0.4145966470241547	0.4275750517845154	0.5112047791481018	0.6678497791290283	0.7202173471450806	0.8615178465843201	0.6502424478530884	0.6110143065452576	0.5136871933937073	0.5584543347358704	0.5637624263763428	0.5514616966247559	0.5393988490104675	0.4570112824440002	0.5828312039375305	0.6343787312507629	0.7891676425933838	0.6688272356987	0.6573951244354248	0.5446195006370544
NW019-3	0.3533526360988617	0.4529723823070526	0.9275307059288025	0.563114583492279	0.498698502779007	0.4436736106872559	0.4301612973213196	0.4567825496196747	0.3979218006134033	0.4307506680488586	0.3787944614887238	0.476054310798645	0.4008598625659943	0.4085597693920135	0.4978182017803192	0.5443379878997803	0.7313421964645386	0.7594342231750488	0.4874114990234375	0.5184056758880615	0.4013883769512177	0.6274205446243286	0.7584415078163147	0.6190605759620667	0.6045383810997009	0.366665244102478	0.9542966485023499	0.8999630808830261	0.6386879086494446	0.6275773644447327	0.5685937404632568	0.6327376961708069	0.6556578278541565	0.5383743047714233	0.6048597693443298	0.5047866106033325	0.6038905382156372	0.6683032512664795	0.464216560125351	0.5429793000221252	0.4830480217933655	0.517331600189209	0.4965746998786926	0.500210165977478	0.3538663685321808	0.4634607136249542	0.4265277683734894	0.4570639431476593	0.4574518799781799	0.4120171070098877	0.425080806016922	0.1373140811920166	0.4914728105068207	0.4619293510913849	0.5962315797805786	0.3430690765380859	0.896527111530304	0.4328387379646301	0.4508892893791199	0.4865865409374237	0.4338421523571014	0.4103931188583374	0.4370877742767334	0.1353021562099457	0.09358886629343033	0.14713054895401	0.0	0.08388075232505798	0.1690409183502197	0.6537219285964966	0.6216016411781311	0.5435070991516113	0.7197591066360474	0.5273120999336243	0.7051353454589844	0.6484220027923584	0.7413264513015747	0.55690997838974	0.7010833024978638	0.4849607050418854	0.4266987144947052	0.6404609084129333	0.4664886593818665	0.4705083072185516	0.4413892328739166	0.4979818165302277	0.3236390054225922	0.3798137307167053	0.4005913734436035	0.4145305454730988	0.5503860712051392	0.5139416456222534	0.6174588799476624	0.5292631983757019	0.4664290547370911	0.8824970722198486	0.8558017015457153	0.8265156745910645	0.9741320610046387	0.7961550951004028	0.6622738242149353	0.6723517775535583	0.7035638689994812	0.6907926201820374	0.7969182133674622	0.5078426599502563	0.5053740739822388	0.4647977352142334	0.4934517443180084	0.5961976051330566	0.569776177406311	0.4546265602111816	0.6274939775466919	0.4371573030948639	0.5452520847320557	0.4359185695648193	0.4461187422275543	0.3615780472755432	0.3264670968055725	0.3873778581619263	0.6837484240531921	0.7274199724197388	0.5625553727149963	0.6058170795440674	0.5896012783050537	0.5928983688354492	0.5716601610183716	0.7843059301376343	0.6527679562568665	0.7498790621757507	0.9629129767417908	0.6913501024246216	0.3719162344932556	0.4091095924377441	0.381596177816391	0.4562212228775024	0.4067732393741608	0.4060619175434113	0.6448577046394348	0.572809636592865	0.574413537979126	0.5077293515205383	0.6234496831893921	0.432188868522644	0.3611822426319122	0.4010428786277771	0.4239480197429657	0.4409316778182983	0.4829038083553314	0.4962879419326782	0.4718974530696869	0.4649804532527924	0.4924639165401459	0.4192285537719727	0.4721417725086212	0.4064733386039734	0.3662736713886261	0.3464314341545105	0.5039651393890381	0.5146521925926208	0.4829146265983582	0.5653665065765381	0.507939338684082	0.5049148797988892	0.5911554098129272	0.528924286365509	0.5204218626022339	0.5435977578163147	0.3345378637313843	0.6518551111221313	0.5421919226646423	0.5535771250724792	0.6450645327568054	0.8462446331977844	0.7533119320869446	0.4740423560142517	0.4971691370010376	0.6502736806869507	0.4022101759910583	0.4282909333705902	0.5375438928604126	0.3867749273777008	0.3652939796447754	0.3989022672176361	0.3849682509899139	0.333740621805191	0.5597165822982788	0.7079954743385315	0.7648045420646667	0.8977276086807251	0.6665443778038025	0.6455075740814209	0.4562795758247375	0.521542489528656	0.5377572178840637	0.5028194785118103	0.4837652146816254	0.4921388626098633	0.6168668270111084	0.6841803789138794	0.8358893990516663	0.7019616365432739	0.6887871623039246	0.5465946793556213
NW019-4	0.3360994160175323	0.4651492834091187	0.9447445869445801	0.5735475420951843	0.5072526931762695	0.4213294088840485	0.4098116159439087	0.4635521471500397	0.3782067596912384	0.4098358154296875	0.3542717695236206	0.4510372579097748	0.37516850233078	0.3789514899253845	0.4761006534099579	0.5227854251861572	0.71560138463974	0.7391855716705322	0.4609298706054688	0.5076794624328613	0.3809091150760651	0.6182640194892883	0.759699285030365	0.6049861907958984	0.572651207447052	0.3496578633785248	0.9415297508239746	0.8931500911712646	0.6074378490447998	0.5968132615089417	0.5432265996932983	0.6070690751075745	0.6261444091796875	0.5101689100265503	0.568062424659729	0.4719085991382599	0.5699240565299988	0.646996259689331	0.4268223941326141	0.4996483623981476	0.4379116892814636	0.4816818833351135	0.4568520784378052	0.4621770977973938	0.3220443427562714	0.4327175915241241	0.3953945934772491	0.4239734411239624	0.425374835729599	0.3693625032901764	0.3767053484916687	0.1645388007164001	0.443460077047348	0.4128621816635132	0.5954656004905701	0.3216970860958099	0.9110625982284546	0.4076137542724609	0.4265315532684326	0.4589517712593079	0.4096131026744843	0.3822909295558929	0.4060734510421753	0.1450785547494888	0.1092559099197388	0.175814151763916	0.08388075232505798	0.0	0.191547155380249	0.6426375508308411	0.6026860475540161	0.5307819247245789	0.7083995938301086	0.4964944124221802	0.7106770873069763	0.6263412833213806	0.7274708151817322	0.5286538600921631	0.6731371283531189	0.4532825648784637	0.388016015291214	0.625015377998352	0.4277196526527405	0.4472381174564362	0.4147037267684937	0.5037254691123962	0.2961528599262238	0.3678774833679199	0.3623155951499939	0.4027575254440308	0.5156311988830566	0.485819548368454	0.5836268663406372	0.5005016922950745	0.4317527413368225	0.8693984746932983	0.837348461151123	0.8092024922370911	0.9611659049987793	0.7785648107528687	0.6424651145935059	0.6467366218566895	0.6894338726997375	0.6802079081535339	0.7841534614562988	0.4873510301113129	0.4796078205108643	0.4678462743759155	0.4710069000720978	0.571952760219574	0.5450209379196167	0.4587515294551849	0.6048539876937866	0.4389567077159882	0.515807032585144	0.4168694019317627	0.4319268465042114	0.325471818447113	0.2992307245731354	0.3861362040042877	0.6969168782234192	0.7020248770713806	0.5272418856620789	0.5691680908203125	0.5543474555015564	0.5574759840965271	0.5372706055641174	0.7515408992767334	0.6197763085365295	0.7405008673667908	0.9545603394508362	0.6585565209388733	0.3652044832706451	0.4027528464794159	0.375319242477417	0.4408306479454041	0.3830895125865936	0.4068226218223572	0.6438668966293335	0.5539398193359375	0.5755678415298462	0.5181339979171753	0.6284193992614746	0.4035871922969818	0.3303247392177582	0.3734674453735352	0.3963377475738525	0.4155116975307465	0.4620092213153839	0.4784001410007477	0.4490066766738892	0.4379981458187103	0.4648661911487579	0.4002731442451477	0.4485388994216919	0.385561466217041	0.3778693675994873	0.3432771265506744	0.4696028828620911	0.4909847378730774	0.4632228314876556	0.5345577597618103	0.4837587177753448	0.4928838610649109	0.5740189552307129	0.5145897269248962	0.5107423067092896	0.5271884202957153	0.3320147693157196	0.6400639414787292	0.5614036321640015	0.5297551155090332	0.6315730214118958	0.8358555436134338	0.7422618865966797	0.4498871266841888	0.4787521660327911	0.6534931063652039	0.3712142109870911	0.3952374160289764	0.5110160708427429	0.354095071554184	0.3705142736434937	0.3768284916877747	0.3942190110683441	0.33440300822258	0.5706398487091064	0.6967436671257019	0.7542360424995422	0.8885515928268433	0.6545785069465637	0.6387073993682861	0.427355021238327	0.4989503920078278	0.5167321562767029	0.4744224548339844	0.4556970596313477	0.4764682352542877	0.5995176434516907	0.6696631908416748	0.8251678347587585	0.6925921440124512	0.6768491268157959	0.5209878087043762
NW019-5	0.4135686755180359	0.4758582413196564	0.9195514917373657	0.5214918851852417	0.4515769481658936	0.4936289489269257	0.4684539437294006	0.461872398853302	0.4305899739265442	0.4836301803588867	0.437937468290329	0.5095999836921692	0.4521472156047821	0.4343198239803314	0.5240753293037415	0.5544036030769348	0.7627162337303162	0.7622337937355042	0.5873483419418335	0.5869409441947937	0.465301901102066	0.6990309357643127	0.7973928451538086	0.6409037709236145	0.6510557532310486	0.4322856962680817	0.9600629806518555	0.9188968539237976	0.6670469045639038	0.6585233211517334	0.6151778101921082	0.6743564605712891	0.6931885480880737	0.5647884607315063	0.6099860668182373	0.5927603244781494	0.6191018223762512	0.6805717349052429	0.4808413088321686	0.615919291973114	0.5238173604011536	0.5170084834098816	0.5585793256759644	0.527753472328186	0.3812972903251648	0.4823015630245209	0.4549899995326996	0.4715291261672974	0.4684417247772217	0.4780273139476776	0.4986603558063507	0.2403863519430161	0.5757597088813782	0.5361023545265198	0.5891358256340027	0.4104223251342773	0.8881802558898926	0.512360692024231	0.5063328742980957	0.5494876503944397	0.5047681927680969	0.4790773093700409	0.4969387948513031	0.1046077832579613	0.146084189414978	0.2052619904279709	0.1690409183502197	0.191547155380249	0.0	0.6649391055107117	0.6309413313865662	0.5542150139808655	0.732187807559967	0.5836249589920044	0.7293846011161804	0.7167360186576843	0.7831860780715942	0.5964596271514893	0.6949813365936279	0.5088014006614685	0.4931259453296661	0.6588154435157776	0.5372127890586853	0.5184625387191772	0.5132144093513489	0.4515435695648193	0.3497591614723206	0.3836402297019958	0.4440231919288635	0.39302858710289	0.5551122426986694	0.5545505881309509	0.6385595798492432	0.5723779201507568	0.5049901008605957	0.8814915418624878	0.8540415167808533	0.8320708870887756	0.9697306156158447	0.792335569858551	0.7180044651031494	0.712139368057251	0.7578151226043701	0.7464702725410461	0.8300569653511047	0.5554238557815552	0.546674370765686	0.475754976272583	0.5280468463897705	0.669074296951294	0.64021897315979	0.4932510256767273	0.7028636336326599	0.5001814961433411	0.6087960600852966	0.486038863658905	0.4860284030437469	0.3989652395248413	0.365698516368866	0.3856740295886993	0.661768913269043	0.7936607003211975	0.5931684374809265	0.6323029398918152	0.6319495439529419	0.6474707722663879	0.5973182320594788	0.8288838267326355	0.7015551924705505	0.7786743640899658	0.9774550795555115	0.742146372795105	0.4203686118125916	0.4327296614646912	0.4194042384624481	0.5336257219314575	0.4765917658805847	0.4521952867507935	0.6467453837394714	0.5699573159217834	0.5637373924255371	0.4754388928413391	0.6062277555465698	0.515383243560791	0.4330146908760071	0.4456407129764557	0.4820798337459564	0.4883739650249481	0.5172473788261414	0.4999487400054932	0.4522716403007507	0.4446470439434052	0.4635971486568451	0.4876210987567902	0.5234253406524658	0.4513586759567261	0.371141791343689	0.3197454512119293	0.5296785831451416	0.536281943321228	0.4767455458641052	0.5426173210144043	0.5304162502288818	0.5352908968925476	0.6312952041625977	0.5623968243598938	0.5609515309333801	0.5677232146263123	0.3794071078300476	0.6877081990242004	0.5441640019416809	0.5858972072601318	0.651070773601532	0.8595830798149109	0.7671350240707397	0.4796836674213409	0.500216007232666	0.6204696893692017	0.4713231325149536	0.4907582104206085	0.5712730884552002	0.4714549481868744	0.3860662281513214	0.4436838924884796	0.3761644065380096	0.3931866884231567	0.5734270215034485	0.7006871104240417	0.742812991142273	0.9102752208709717	0.7007864117622375	0.6386828422546387	0.5099867582321167	0.5664461851119995	0.5777127742767334	0.5594877004623413	0.5530112385749817	0.4776565730571747	0.6342114806175232	0.6994738578796387	0.8494306206703186	0.7334447503089905	0.7258248329162598	0.6031543612480164
NW020-1	0.5699281096458435	0.5282770395278931	0.7550195455551147	0.5523830652236938	0.5032320022583008	0.5947223901748657	0.6122642755508423	0.6854105591773987	0.6447286605834961	0.6385499238967896	0.4623273909091949	0.3792121410369873	0.4381219744682312	0.3979584872722626	0.3289885520935059	0.4016427993774414	0.3331071436405182	0.4282169938087463	0.6827170848846436	0.548669695854187	0.5609803199768066	0.5796296000480652	0.5407288074493408	0.321203738451004	0.6166359782218933	0.5476407408714294	0.6678661108016968	0.564806342124939	0.4793367981910706	0.5026026368141174	0.6317237019538879	0.6023736000061035	0.6871904730796814	0.3900606036186218	0.3726280331611633	0.65615314245224	0.3584176301956177	0.308707058429718	0.559420108795166	0.703025221824646	0.5623639822006226	0.5936190485954285	0.6082465648651123	0.4790796041488647	0.5525086522102356	0.4383856058120728	0.4844021797180176	0.5604480504989624	0.5270553827285767	0.6218575835227966	0.6389806866645813	0.6397383213043213	0.6904375553131104	0.6476953029632568	0.5876349210739136	0.6336167454719543	0.7243383526802063	0.581774890422821	0.5034340023994446	0.6238750219345093	0.5922424793243408	0.6164254546165466	0.618992805480957	0.6329258680343628	0.6635204553604126	0.6132118701934814	0.6537219285964966	0.6426375508308411	0.6649391055107117	0.0	0.1245650574564934	0.1760637313127518	0.1985893249511719	0.3790154159069061	0.9513170719146729	0.8304530382156372	0.7129870057106018	0.5257542133331299	0.3936524391174316	0.4215804934501648	0.6980988383293152	0.5807571411132812	0.6043723225593567	0.6332060694694519	0.6051400303840637	0.6581207513809204	0.602615475654602	0.4991350173950195	0.6570675373077393	0.6443262100219727	0.3704996407032013	0.4609159827232361	0.4292522072792053	0.5251538753509521	0.5604060292243958	0.5861333608627319	0.5542623996734619	0.5332688093185425	0.6764890551567078	0.5064937472343445	0.6884434223175049	0.6113299131393433	0.5839424133300781	0.5568454265594482	0.5842241048812866	0.7584791779518127	0.7994251847267151	0.7539013624191284	0.7458223104476929	0.6563144326210022	0.5744021534919739	0.6642569303512573	0.7155307531356812	0.687052309513092	0.6503891944885254	0.4973875284194946	0.4989938735961914	0.5562865734100342	0.5618346333503723	0.6565927267074585	0.4770331680774689	0.8127881288528442	0.6768137812614441	0.6909222602844238	0.7253406047821045	0.7260439991950989	0.5283432006835938	0.8708857297897339	0.7330575585365295	0.5720486640930176	0.6413456797599792	0.7679899334907532	0.6108300089836121	0.6599939465522766	0.6272985339164734	0.6830081343650818	0.5453831553459167	0.6295299530029297	0.4745766520500183	0.4620093703269958	0.4771219193935394	0.534676730632782	0.4525998532772064	0.6131947636604309	0.4976432323455811	0.4730932712554932	0.4961753189563751	0.4524830281734467	0.5379625558853149	0.4899945259094238	0.5426895618438721	0.5313035845756531	0.4414663314819336	0.5531085133552551	0.4847269952297211	0.4869196712970734	0.5813984870910645	0.6120373010635376	0.5218760967254639	0.6358731389045715	0.467542827129364	0.5375461578369141	0.6502692103385925	0.570845365524292	0.6663346886634827	0.5262891054153442	0.5976434946060181	0.5442747473716736	0.5749210715293884	0.5885183215141296	0.5960146188735962	0.4771691262722015	0.4237804412841797	0.5475645661354065	0.5041993260383606	0.4391226172447205	0.5032105445861816	0.524064838886261	0.6923109889030457	0.6260708570480347	0.421049028635025	0.5247777700424194	0.6105388402938843	0.5670677423477173	0.5133427977561951	0.6359151601791382	0.3069932460784912	0.551371157169342	0.5734602212905884	0.6759532690048218	0.637047290802002	0.5412425994873047	0.6119928359985352	0.6310003399848938	0.639000415802002	0.6391555070877075	0.6772234439849854	0.4019454419612885	0.305753767490387	0.5054779648780823	0.5791926383972168	0.632110059261322	0.5807913541793823	0.6263942718505859
NW020-2	0.5305206775665283	0.5068773627281189	0.783401608467102	0.55998694896698	0.4956629276275635	0.5637260675430298	0.5809069275856018	0.6294278502464294	0.6149858832359314	0.6071886420249939	0.4485445618629456	0.3342013955116272	0.3967866599559784	0.3595664203166962	0.2778541147708893	0.36812824010849	0.3298637568950653	0.4249071478843689	0.6328539252281189	0.503999650478363	0.5146472454071045	0.5398696660995483	0.5404215455055237	0.2531870305538177	0.5859176516532898	0.5167889595031738	0.6975060105323792	0.5991738438606262	0.4386656880378723	0.4601655006408691	0.5737141966819763	0.5612459778785706	0.6456610560417175	0.3740497827529907	0.3310103714466095	0.6301693320274353	0.3383754789829254	0.3132199645042419	0.5080326199531555	0.6720366477966309	0.5074267983436584	0.5387942790985107	0.5517286062240601	0.4487778842449188	0.5292319059371948	0.4124581813812256	0.4595464468002319	0.5316422581672668	0.4970846176147461	0.6134567260742188	0.6218693852424622	0.6153994798660278	0.665570080280304	0.6058540344238281	0.5583876371383667	0.6164077520370483	0.7522998452186584	0.5388501286506653	0.4465323984622955	0.5564053654670715	0.546686053276062	0.5464261770248413	0.552956759929657	0.5983774065971375	0.6268469095230103	0.580795168876648	0.6216016411781311	0.6026860475540161	0.6309413313865662	0.1245650574564934	0.0	0.1584776639938354	0.2323286086320877	0.3369323313236237	0.9396312236785889	0.8219028115272522	0.6831187605857849	0.5169875621795654	0.3354175984859467	0.38848876953125	0.6650339365005493	0.564063310623169	0.5726542472839355	0.6329976320266724	0.6000086665153503	0.6065587401390076	0.5711166262626648	0.4606252908706665	0.603979766368866	0.5874398350715637	0.3058611154556274	0.4147982001304626	0.3903448879718781	0.4886339604854584	0.5417119264602661	0.6160532832145691	0.580741286277771	0.5591045618057251	0.704328715801239	0.5327038168907166	0.6523629426956177	0.57684326171875	0.5592116713523865	0.5238975286483765	0.5478955507278442	0.7270029783248901	0.7654226422309875	0.7238675355911255	0.7106649279594421	0.6042130589485168	0.5334625244140625	0.6019851565361023	0.6662408113479614	0.6474955081939697	0.6103208065032959	0.4833608567714691	0.4684434831142426	0.5316829085350037	0.5424918532371521	0.6331577897071838	0.5099788308143616	0.7780946493148804	0.6451095342636108	0.6622278094291687	0.6939737796783447	0.6945082545280457	0.501081645488739	0.8395494818687439	0.7262166738510132	0.5602476000785828	0.6691803336143494	0.7575108408927917	0.5666967630386353	0.6153795123100281	0.5859931707382202	0.6440404653549194	0.5075493454933167	0.6029661893844604	0.4505403935909271	0.4159252345561981	0.4399886727333069	0.5076450109481812	0.447765439748764	0.5960701107978821	0.4852762818336487	0.4189674258232117	0.4520021677017212	0.4206323027610779	0.4847485423088074	0.441029280424118	0.4914599061012268	0.5068602561950684	0.3967437446117401	0.5197724103927612	0.44516521692276	0.4633723795413971	0.5487921237945557	0.571139931678772	0.4671098291873932	0.6112833619117737	0.4342548549175262	0.5006833076477051	0.6327096223831177	0.5368889570236206	0.6393189430236816	0.4879193902015686	0.5660706758499146	0.5001301765441895	0.5248154401779175	0.5585377812385559	0.6019188761711121	0.4407694339752197	0.4051792919635773	0.5641615390777588	0.5065572261810303	0.4546937942504883	0.4922525882720947	0.5059027075767517	0.6631833910942078	0.5678877234458923	0.3739067912101746	0.4886668622493744	0.6006069183349609	0.5612589120864868	0.5001140236854553	0.6032872200012207	0.3560801446437836	0.5074974894523621	0.5369296073913574	0.6684492230415344	0.590263307094574	0.5046528577804565	0.5651425123214722	0.593784511089325	0.5926988124847412	0.5996838212013245	0.6324934363365173	0.3623581230640411	0.3120509088039398	0.4752608835697174	0.5985106229782104	0.6061010360717773	0.5488566160202026	0.5833898186683655
NW020-3	0.5493423342704773	0.5290590524673462	0.850084125995636	0.4591155350208282	0.400595486164093	0.5723915696144104	0.5820176601409912	0.6647292375564575	0.5924832224845886	0.586420476436615	0.4165007174015045	0.3749005794525146	0.4290184676647186	0.3900789022445679	0.3265825510025024	0.3942152559757233	0.4286092221736908	0.5078690648078918	0.6615578532218933	0.5305606722831726	0.5007686614990234	0.5691734552383423	0.6150974035263062	0.3304239809513092	0.617449939250946	0.5368707776069641	0.7695643901824951	0.6781434416770935	0.4866563677787781	0.5012674331665039	0.6141390204429626	0.5992599129676819	0.6815674304962158	0.3905879557132721	0.381208211183548	0.6403027772903442	0.3832320868968964	0.4161330163478851	0.5460264682769775	0.6989951729774475	0.5507293939590454	0.5776637196540833	0.5922393798828125	0.4743639230728149	0.484261691570282	0.3900317847728729	0.4093837440013885	0.5165033936500549	0.4688816368579865	0.5818420648574829	0.5972645282745361	0.5463066697120667	0.6501041054725647	0.6381411552429199	0.6014920473098755	0.6226993203163147	0.8232487440109253	0.5589873790740967	0.4733374714851379	0.5963074564933777	0.5276153087615967	0.5876423716545105	0.5927268862724304	0.5272508263587952	0.5562928318977356	0.5088347792625427	0.5435070991516113	0.5307819247245789	0.5542150139808655	0.1760637313127518	0.1584776639938354	0.0	0.327805757522583	0.3803525567054749	0.8531047105789185	0.7437086701393127	0.7101423740386963	0.5179626941680908	0.4281003177165985	0.4144685864448547	0.615132212638855	0.5739172101020813	0.5969488620758057	0.5676310658454895	0.5801944136619568	0.6471536159515381	0.5745493173599243	0.482752799987793	0.6371570229530334	0.622049868106842	0.3580099940299988	0.4411725699901581	0.4191765785217285	0.5111376047134399	0.5550203919410706	0.6981576681137085	0.6633007526397705	0.6377684473991394	0.7858291864395142	0.6103551387786865	0.6832712292671204	0.6122072339057922	0.5839170217514038	0.5639422535896301	0.6028741598129272	0.6743289828300476	0.7007931470870972	0.6481701731681824	0.6650824546813965	0.6352728605270386	0.5640368461608887	0.6418421864509583	0.6921290159225464	0.6497801542282104	0.6377264261245728	0.496482640504837	0.4967975616455078	0.5186044573783875	0.4926448464393616	0.6363312602043152	0.5868448615074158	0.809431791305542	0.6759548187255859	0.6909603476524353	0.7244277596473694	0.7249422669410706	0.5366306304931641	0.8695252537727356	0.7248333096504211	0.5725732445716858	0.7425223588943481	0.7684997916221619	0.4964239597320557	0.5425736904144287	0.5123409032821655	0.565056562423706	0.4641724526882172	0.5129603147506714	0.5317221283912659	0.4528742730617523	0.485530287027359	0.5331472754478455	0.5149722099304199	0.5827468037605286	0.4835010170936584	0.4635685980319977	0.4836001396179199	0.451788604259491	0.5145998001098633	0.4741720259189606	0.5277906656265259	0.5003243684768677	0.4410688877105713	0.5357289910316467	0.471294641494751	0.4116524457931519	0.4904739558696747	0.4974191784858704	0.5034068822860718	0.5902926921844482	0.4148884117603302	0.5458437204360962	0.5912351012229919	0.5718167424201965	0.6721567511558533	0.531015157699585	0.6012520790100098	0.5444985032081604	0.5580766797065735	0.5881199836730957	0.5127419233322144	0.4771279394626617	0.4718512892723083	0.6359087228775024	0.5797111988067627	0.441398948431015	0.5173921585083008	0.5804239511489868	0.6871157288551331	0.6080107092857361	0.4143083691596985	0.4973423480987549	0.5123302936553955	0.5163627862930298	0.4196688234806061	0.5239080786705017	0.4109455049037933	0.5740889310836792	0.6109106540679932	0.7482892274856567	0.6202573180198669	0.5438966155052185	0.5911313891410828	0.6113555431365967	0.6219370365142822	0.6253556609153748	0.6586030125617981	0.4037861227989197	0.3877626955509186	0.5280369520187378	0.671039879322052	0.631071925163269	0.5811029076576233	0.6131908297538757
NW020-5	0.6116411685943604	0.5569174885749817	0.7053506970405579	0.6659775972366333	0.6185697913169861	0.6708967685699463	0.685626208782196	0.693586528301239	0.7179945111274719	0.7141677737236023	0.5423270463943481	0.4216431975364685	0.4910590946674347	0.4714841842651367	0.362043708562851	0.4574529230594635	0.3074558079242706	0.395013689994812	0.7050039172172546	0.5480867624282837	0.6468541622161865	0.549412727355957	0.4986583590507507	0.2997620701789856	0.5658947825431824	0.6004027128219604	0.6448153257369995	0.5392826795578003	0.4510623216629028	0.4682466685771942	0.607667088508606	0.5774350762367249	0.6542685031890869	0.4488074481487274	0.355077713727951	0.7173448801040649	0.318605363368988	0.2546171844005585	0.5205995440483093	0.6760507822036743	0.5450652837753296	0.5763257145881653	0.5855412483215332	0.4885609745979309	0.6201963424682617	0.5022271275520325	0.5767742395401001	0.6516949534416199	0.6061002016067505	0.7015045285224915	0.7205367684364319	0.7037762403488159	0.7691496014595032	0.6891910433769226	0.5608545541763306	0.6861010789871216	0.6724381446838379	0.6048519015312195	0.5004348158836365	0.6161603331565857	0.6253398060798645	0.5934976935386658	0.6290397047996521	0.6972163319587708	0.7287047505378723	0.6760107278823853	0.7197591066360474	0.7083995938301086	0.732187807559967	0.1985893249511719	0.2323286086320877	0.327805757522583	0.0	0.3100510835647583	0.9892091751098633	0.8819413781166077	0.7328818440437317	0.5941828489303589	0.3868371546268463	0.486796647310257	0.7688190937042236	0.6342706084251404	0.6635441780090332	0.7139624953269958	0.6867260932922363	0.6320815086364746	0.6654534339904785	0.5466812252998352	0.6982285380363464	0.6336235404014587	0.4071308672428131	0.4936943650245667	0.4154552519321442	0.540022075176239	0.6138166785240173	0.554837167263031	0.5260745882987976	0.5097275972366333	0.6435288786888123	0.4832231104373932	0.677357017993927	0.5788167119026184	0.5595574975013733	0.513678789138794	0.540110170841217	0.8078215718269348	0.8437296152114868	0.8107464909553528	0.8048436045646667	0.6453388929367065	0.5752915143966675	0.6436392068862915	0.7520347833633423	0.7153497934341431	0.6218282580375671	0.5317592024803162	0.4932116866111755	0.607813835144043	0.6113830804824829	0.708023726940155	0.4301824271678925	0.7964755892753601	0.6387336850166321	0.6556234359741211	0.6876449584960938	0.6884940266609192	0.4926981925964355	0.8971413969993591	0.7885567545890808	0.6135420799255371	0.6048498153686523	0.8146224617958069	0.7084718346595764	0.7563380002975464	0.7231639623641968	0.77446049451828	0.6405449509620667	0.719377338886261	0.494009405374527	0.4742776453495026	0.4885122179985046	0.5400316119194031	0.4695843458175659	0.6739248633384705	0.5525108575820923	0.4855896830558777	0.5062865018844604	0.46322101354599	0.574567437171936	0.4982443451881409	0.583387553691864	0.5919811725616455	0.4811302125453949	0.5798650979995728	0.5258266925811768	0.5315920114517212	0.6351069211959839	0.6979609727859497	0.5492804050445557	0.7304713129997253	0.5551044940948486	0.6063417196273804	0.7541025280952454	0.5842450857162476	0.6635599732398987	0.5184011459350586	0.6138847470283508	0.5075730681419373	0.5950531959533691	0.5940188765525818	0.6614418625831604	0.4774644672870636	0.4573913514614105	0.5119014382362366	0.4905728399753571	0.5034897923469543	0.530607283115387	0.4869544804096222	0.7166425585746765	0.5967233180999756	0.3928650915622711	0.5668754577636719	0.6764031648635864	0.6340577006340027	0.5654122829437256	0.7108833193778992	0.3659616410732269	0.5793215036392212	0.6288825273513794	0.7076459527015686	0.6598043441772461	0.5892041325569153	0.6576473116874695	0.6753671169281006	0.6698962450027466	0.6712287664413452	0.6851454377174377	0.4648622274398804	0.3079167008399963	0.5159651041030884	0.554326593875885	0.6885361075401306	0.5685508251190186	0.6661650538444519
NW020-6	0.4557583332061768	0.449995368719101	0.8264824151992798	0.5997273921966553	0.5565093755722046	0.519027829170227	0.5403306484222412	0.5733941197395325	0.5749629139900208	0.5670732259750366	0.3502422273159027	0.2811495363712311	0.2904109954833984	0.3127842843532562	0.2861348688602448	0.441900372505188	0.4871704876422882	0.5328596830368042	0.4608496725559235	0.3379701375961304	0.4641156792640686	0.4274167120456696	0.5995442271232605	0.3555539548397064	0.3612067103385925	0.4311962425708771	0.7724862694740295	0.6865902543067932	0.3029162883758545	0.3157348036766052	0.4383880198001862	0.4111396372318268	0.4911743402481079	0.3160855770111084	0.3068099617958069	0.4692245721817017	0.3009521663188934	0.3751634657382965	0.353941947221756	0.4620482623577118	0.3552577197551727	0.4255275428295135	0.4124930202960968	0.2780784666538239	0.4257548749446869	0.3769212663173676	0.3964821696281433	0.49296835064888	0.4589485824108124	0.4736977517604828	0.4896863102912903	0.5411104559898376	0.5324715375900269	0.4599892199039459	0.5193944573402405	0.452115535736084	0.7870608568191528	0.3813040852546692	0.2910571098327637	0.4175599217414856	0.4204175174236298	0.3580516874790192	0.4393788576126099	0.5447539687156677	0.5497624278068542	0.5272578001022339	0.5273120999336243	0.4964944124221802	0.5836249589920044	0.3790154159069061	0.3369323313236237	0.3803525567054749	0.3100510835647583	0.0	0.8134501576423645	0.7185332179069519	0.5829641819000244	0.4260536134243011	0.469251275062561	0.369042694568634	0.5568273663520813	0.5083980560302734	0.4545240104198456	0.5645743012428284	0.5067657828330994	0.4916141033172607	0.4745673835277557	0.3994552791118622	0.5122005343437195	0.4801933467388153	0.3327766358852386	0.2993371188640594	0.3163659870624542	0.3312471807003021	0.3917365968227386	0.6929448246955872	0.6458534598350525	0.6252243518829346	0.776435136795044	0.5985441207885742	0.5133389830589294	0.4253118336200714	0.424474686384201	0.3922313153743744	0.513591468334198	0.6529985070228577	0.6579049229621887	0.6617392301559448	0.6026771068572998	0.4666382968425751	0.4002533555030823	0.45905402302742	0.5726589560508728	0.5273901224136353	0.4629261493682861	0.3666095733642578	0.3373288512229919	0.4312087297439575	0.4278046488761902	0.537985622882843	0.557295560836792	0.6665840744972229	0.5007506012916565	0.5174002051353455	0.5477418303489685	0.5468112230300903	0.3805354833602905	0.7326980829238892	0.6228863000869751	0.5502687692642212	0.732063889503479	0.6485666632652283	0.5449603796005249	0.5822600722312927	0.5566919445991516	0.6036841869354248	0.4721079468727112	0.5534168481826782	0.5929514169692993	0.4769607186317444	0.5257538557052612	0.4791556894779205	0.5631088614463806	0.4721730649471283	0.3309049010276794	0.2961508631706238	0.306029886007309	0.2901553213596344	0.4584116637706757	0.4025294780731201	0.4730984270572662	0.4922080039978027	0.3733470737934113	0.4262199103832245	0.3930433690547943	0.4113174974918365	0.5193619728088379	0.5440243482589722	0.4272978901863098	0.6403838992118835	0.465880960226059	0.526897668838501	0.6627243161201477	0.4867950975894928	0.5804060101509094	0.4524643421173096	0.5004799365997314	0.3998166620731354	0.4069573283195496	0.4929677248001099	0.5605410933494568	0.3385913968086243	0.4548457562923431	0.6199312210083008	0.5589165687561035	0.4271589517593384	0.4347866177558899	0.5227079391479492	0.4632720947265625	0.3862558901309967	0.2740165293216705	0.3540912270545959	0.5201071500778198	0.491712212562561	0.437502384185791	0.5575307011604309	0.4806894063949585	0.5781826376914978	0.6682054400444031	0.7758249640464783	0.5407655239105225	0.5348506569862366	0.5388169288635254	0.5823850631713867	0.5879782438278198	0.5421432852745056	0.5105874538421631	0.3541565239429474	0.3658696413040161	0.4947967827320099	0.6575730443000793	0.605948805809021	0.4981895983219147	0.4600600600242615
NW021-3	0.7325201034545898	0.8822391033172607	1.167745590209961	0.7877190113067627	0.7780521512031555	0.6742011308670044	0.6882818937301636	0.8489054441452026	0.6780507564544678	0.6492143869400024	0.6597908139228821	0.7924332022666931	0.7166738510131836	0.7777429223060608	0.8597326278686523	0.9015795588493347	1.070842981338501	1.052824854850769	0.6612242460250854	0.8755344748497009	0.6454678177833557	0.9540970921516418	1.041943550109863	0.9271679520606995	0.7344152927398682	0.7334551215171814	1.090928792953491	1.033990502357483	0.7264777421951294	0.6905201077461243	0.5282556414604187	0.6290095448493958	0.4918651282787323	0.825630247592926	0.8496456742286682	0.5968502759933472	0.8242315649986267	0.9143611192703247	0.8357468843460083	0.6822552680969238	0.8077946305274963	0.7715326547622681	0.6811255812644958	0.8113882541656494	0.7148177027702332	0.7899455428123474	0.7332227826118469	0.7548211812973022	0.7861136794090271	0.7010179162025452	0.6646333932876587	0.7885704040527344	0.5633091926574707	0.655551016330719	1.006929755210876	0.7061789631843567	1.25623345375061	0.5544406771659851	0.6479290723800659	0.5614303946495056	0.5238506197929382	0.6311914920806885	0.5877751111984253	0.7318711876869202	0.7128537893295288	0.8039089441299438	0.7051353454589844	0.7106770873069763	0.7293846011161804	0.9513170719146729	0.9396312236785889	0.8531047105789185	0.9892091751098633	0.8134501576423645	0.0	0.2791725695133209	0.6715140342712402	0.7334418296813965	1.007757663726807	0.7550751566886902	0.5545809864997864	0.796683669090271	0.7423152327537537	0.6961410641670227	0.709591805934906	0.9054312705993652	0.6992878913879395	0.8377993106842041	0.655389666557312	0.7564764022827148	0.8144147396087646	0.653293788433075	0.7220105528831482	0.6305775046348572	0.5564300417900085	1.016714334487915	0.9588879346847534	0.9309899806976318	1.097100138664246	0.9104721546173096	0.4896292090415955	0.5598862767219543	0.603278636932373	0.661566436290741	0.7669047117233276	0.6078026294708252	0.518191397190094	0.5661182403564453	0.5392789840698242	0.5180864930152893	0.5295641422271729	0.6103230118751526	0.3972510695457458	0.5228919386863708	0.5938702821731567	0.7161009907722473	0.7896636724472046	0.716987133026123	0.7007160186767578	0.801935613155365	1.040327668190002	0.7412152886390686	0.7596795558929443	0.7793446779251099	0.737269937992096	0.7314578890800476	0.8040679693222046	0.3672947287559509	0.3612948060035706	0.695122241973877	1.055532693862915	0.3948908746242523	0.5403668284416199	0.5502681732177734	0.5549344420433044	0.4763654172420502	0.6513546109199524	0.5396202206611633	1.074857592582703	0.9795801043510437	1.021146059036255	0.979611873626709	1.052175760269165	0.4933068454265594	0.6157696843147278	0.7096959352493286	0.675500214099884	0.7006789445877075	0.8631033301353455	0.9066238403320312	0.8417633175849915	0.8510432243347168	0.8653879165649414	0.6524367928504944	0.7246046662330627	0.662186861038208	0.7270717620849609	0.616196870803833	0.7207453846931458	0.7279269695281982	0.754378616809845	0.8796847462654114	0.7175596356391907	0.8665390014648438	0.8757081627845764	0.9216064810752869	0.8526345491409302	0.8258415460586548	0.7616528272628784	0.9442865252494812	0.7582775354385376	0.8742619156837463	0.9346592426300049	1.072197079658508	1.000841975212097	0.8755903244018555	0.9146952629089355	0.9141536951065063	0.6731305122375488	0.6858137845993042	0.8360909223556519	0.6496447920799255	0.5148013234138489	0.5783679485321045	0.6197505593299866	0.5345176458358765	0.9455355405807495	0.9275320768356323	0.9612634181976318	1.079791188240051	0.8678750395774841	0.8692824244499207	0.7406306862831116	0.7674343585968018	0.7939192056655884	0.7465928792953491	0.703271210193634	0.825507402420044	0.8970982432365417	0.8917943239212036	0.9949811697006226	0.8977831602096558	0.8920961022377014	0.7537521719932556
NW021-5	0.6344764828681946	0.785010576248169	0.9423081874847412	0.7704402208328247	0.7609279751777649	0.6078235507011414	0.6156156659126282	0.7525423169136047	0.5892090797424316	0.6031258702278137	0.5603255033493042	0.6871362328529358	0.615932822227478	0.6748769283294678	0.7458556294441223	0.7985368967056274	0.9472442269325256	0.943145215511322	0.6158909797668457	0.7627006769180298	0.5394757390022278	0.8490077257156372	0.9359439611434937	0.8079338669776917	0.5806304216384888	0.6368871331214905	0.8467800617218018	0.8366174101829529	0.6160170435905457	0.5813845992088318	0.4517154693603516	0.5166558623313904	0.4355877935886383	0.7072774171829224	0.7396834492683411	0.574893057346344	0.7122045159339905	0.807094931602478	0.7314322590827942	0.6178223490715027	0.7032675743103027	0.6766883730888367	0.6094324588775635	0.7102928161621094	0.6178116798400879	0.6917040348052979	0.629346489906311	0.648816704750061	0.6915637850761414	0.5822039842605591	0.6056480407714844	0.6826056241989136	0.5992441773414612	0.6305054426193237	0.9070063829421997	0.6262328624725342	1.156485080718994	0.5111418962478638	0.5594503283500671	0.5442672371864319	0.4938081800937653	0.5500997304916382	0.5453481674194336	0.6865684390068054	0.6756473183631897	0.7062928676605225	0.6484220027923584	0.6263412833213806	0.7167360186576843	0.8304530382156372	0.8219028115272522	0.7437086701393127	0.8819413781166077	0.7185332179069519	0.2791725695133209	0.0	0.4281724095344543	0.4915740787982941	0.8872472643852234	0.6456044912338257	0.5574882626533508	0.5495057106018066	0.6662909388542175	0.6505595445632935	0.6467652320861816	0.8045326471328735	0.6005244851112366	0.7312102913856506	0.5813254117965698	0.6553553938865662	0.7003145217895508	0.5435574054718018	0.6002379655838013	0.5191844701766968	0.4581137895584106	0.8233579993247986	0.8207523226737976	0.7698245644569397	0.8579721450805664	0.8222958445549011	0.4164206385612488	0.4565463662147522	0.4861826002597809	0.5437322854995728	0.5087685585021973	0.6504051685333252	0.5718306303024292	0.6012876033782959	0.5478833913803101	0.5225214958190918	0.4816376566886902	0.5257740616798401	0.4291952550411224	0.4423097372055054	0.5816234946250916	0.6013585925102234	0.6858057379722595	0.6159290075302124	0.601044237613678	0.7067742347717285	0.9316446781158447	0.7721325755119324	0.6831880211830139	0.7091237306594849	0.6715682148933411	0.663844645023346	0.7155391573905945	0.4440458118915558	0.3245629370212555	0.4491249620914459	0.8109753727912903	0.3462998867034912	0.5256629586219788	0.5923258662223816	0.5514161586761475	0.5150770545005798	0.551872968673706	0.5484147667884827	0.9702169299125671	0.8750075101852417	0.9176164865493774	0.8762246966362	0.9488367438316345	0.4780328273773193	0.5280762314796448	0.6203670501708984	0.5842199921607971	0.6089497804641724	0.7563296556472778	0.7934516668319702	0.7318886518478394	0.7407775521278381	0.7578829526901245	0.5504875183105469	0.6045948266983032	0.5594923496246338	0.6265658736228943	0.6111088991165161	0.6175342798233032	0.6674588322639465	0.6606056094169617	0.7789287567138672	0.6533999443054199	0.7592201828956604	0.7698578238487244	0.8155484795570374	0.7485295534133911	0.7138143181800842	0.6551533341407776	0.8151562809944153	0.6917514801025391	0.742813229560852	0.8036772608757019	0.9508271813392639	0.8727646470069885	0.7689615488052368	0.8090677261352539	0.7673966884613037	0.5999574065208435	0.6012765169143677	0.7396289706230164	0.5676124691963196	0.5053156018257141	0.4741683602333069	0.6165161728858948	0.5034334659576416	0.8375198245048523	0.6727093458175659	0.707807719707489	0.8263304829597473	0.6202610731124878	0.615537166595459	0.6890560984611511	0.73981773853302	0.7622314095497131	0.7229620218276978	0.6948710083961487	0.708373486995697	0.7947719693183899	0.6356908082962036	0.7424049973487854	0.6504168510437012	0.6370654106140137	0.5062595009803772
NW021-6	0.6559773683547974	0.6225014925003052	0.6913657784461975	0.7341949939727783	0.7273445129394531	0.6656808257102966	0.6653989553451538	0.7531593441963196	0.6543588042259216	0.6852560639381409	0.584384560585022	0.5515287518501282	0.5525813698768616	0.5796478986740112	0.6124687790870667	0.6497199535369873	0.7910497188568115	0.7765844464302063	0.6889482736587524	0.6278128027915955	0.6313135027885437	0.6842277646064758	0.775424599647522	0.6631025075912476	0.478620857000351	0.645901620388031	0.5206564664840698	0.6736602187156677	0.545975387096405	0.5485522150993347	0.6157355904579163	0.5930684208869934	0.6759490370750427	0.5743106603622437	0.6103494763374329	0.6733480095863342	0.5866230726242065	0.6717305183410645	0.6411880850791931	0.6641131639480591	0.6259996891021729	0.6712675094604492	0.6937461495399475	0.6384004354476929	0.6203538775444031	0.6141803860664368	0.6237303614616394	0.6520280241966248	0.6544612050056458	0.64701908826828	0.6982548236846924	0.7649384140968323	0.7337144017219543	0.6712083220481873	0.7468596696853638	0.6761122345924377	0.9957582950592041	0.612338662147522	0.5849084258079529	0.6313759684562683	0.6420689225196838	0.6032208204269409	0.6345362663269043	0.7504644393920898	0.773076593875885	0.744088888168335	0.7413264513015747	0.7274708151817322	0.7831860780715942	0.7129870057106018	0.6831187605857849	0.7101423740386963	0.7328818440437317	0.5829641819000244	0.6715140342712402	0.4281724095344543	0.0	0.3832514882087708	0.7263097763061523	0.5713167786598206	0.6759772896766663	0.315123587846756	0.6981068849563599	0.7682397961616516	0.7132053971290588	0.6617334485054016	0.6283021569252014	0.6120721697807312	0.6619280576705933	0.6652089953422546	0.5657679438591003	0.450976699590683	0.4667291939258575	0.4530899226665497	0.5127843618392944	0.6709856390953064	0.6877448558807373	0.6368018388748169	0.5657121539115906	0.6894404888153076	0.60261070728302	0.488933652639389	0.541250467300415	0.5208982825279236	0.3815805315971375	0.7630627155303955	0.717201828956604	0.7311323285102844	0.6684163808822632	0.6176013350486755	0.5745549201965332	0.5918963551521301	0.6381428837776184	0.5992019176483154	0.6761003136634827	0.5156886577606201	0.5280939340591431	0.6151061654090881	0.61699378490448	0.6812770962715149	0.7839000225067139	0.8006724119186401	0.6555145382881165	0.6807295680046082	0.690704882144928	0.6978131532669067	0.5639866590499878	0.7340168356895447	0.6362504959106445	0.2638806104660034	0.4332506954669952	0.6355336308479309	0.6752914786338806	0.7321823835372925	0.6919397711753845	0.7176403403282166	0.6317998170852661	0.6906905770301819	0.8046210408210754	0.7087220549583435	0.7510276436805725	0.7129942178726196	0.781971275806427	0.6237770915031433	0.5697831511497498	0.5237599611282349	0.5247514843940735	0.5081673264503479	0.6883535385131836	0.6533798575401306	0.6599627733230591	0.708000123500824	0.6215687990188599	0.5004783868789673	0.509736180305481	0.5386165976524353	0.5718202590942383	0.7212180495262146	0.6092149019241333	0.7503808736801147	0.6009689569473267	0.6887345910072327	0.7581608891487122	0.6479849815368652	0.7477799654006958	0.6678541302680969	0.671980619430542	0.5807350277900696	0.580300509929657	0.6509287357330322	0.6411135196685791	0.5945678949356079	0.6466464996337891	0.7851012349128723	0.7015153169631958	0.6473144292831421	0.6456423401832581	0.6047618985176086	0.6225029826164246	0.6286373138427734	0.5999048948287964	0.614547073841095	0.6013296842575073	0.5361859798431396	0.6231374740600586	0.678423285484314	0.6961063146591187	0.382932722568512	0.3446902930736542	0.4487582445144653	0.263765960931778	0.3873288035392761	0.7212910652160645	0.7718867063522339	0.7894478440284729	0.7435784935951233	0.7187058925628662	0.5721157789230347	0.6558094620704651	0.410881370306015	0.4068233966827393	0.2796075046062469	0.3445305228233337	0.3571641147136688
NW022-1	0.5137460827827454	0.5221109390258789	0.7009924650192261	0.6204103827476501	0.6153127551078796	0.584625244140625	0.5919361114501953	0.6773397922515869	0.5943141579627991	0.6226407289505005	0.4175792932510376	0.4195592403411865	0.4094412922859192	0.3696776926517487	0.4254990816116333	0.5176557302474976	0.632689356803894	0.6566914916038513	0.5589843988418579	0.4316810369491577	0.4891297221183777	0.5496365427970886	0.6972582340240479	0.5025433897972107	0.3375884592533112	0.4953798353672028	0.6137797832489014	0.605417788028717	0.5478963255882263	0.5425769090652466	0.6155843138694763	0.5975176692008972	0.6756559014320374	0.4245560467243195	0.5068312287330627	0.528661847114563	0.4971958100795746	0.5694557428359985	0.5135011076927185	0.5319132208824158	0.4761855602264404	0.5585233569145203	0.5439484119415283	0.3843898773193359	0.4874785542488098	0.4865967333316803	0.4526617527008057	0.525239109992981	0.5204861164093018	0.4488682150840759	0.5316178798675537	0.562203049659729	0.5753102898597717	0.5414667725563049	0.642321765422821	0.5163467526435852	0.9377209544181824	0.5024791955947876	0.4629946053028107	0.5877825021743774	0.5501344203948975	0.5415068864822388	0.5858819484710693	0.5562334060668945	0.5729393362998962	0.5475572347640991	0.55690997838974	0.5286538600921631	0.5964596271514893	0.5257542133331299	0.5169875621795654	0.5179626941680908	0.5941828489303589	0.4260536134243011	0.7334418296813965	0.4915740787982941	0.3832514882087708	0.0	0.5660611391067505	0.3971336781978607	0.4913589656352997	0.1886967271566391	0.5230334401130676	0.5824881196022034	0.5258326530456543	0.5318905711174011	0.487394243478775	0.4295226633548737	0.5648132562637329	0.5902194976806641	0.4680805504322052	0.4039225578308105	0.4003698527812958	0.4305923283100128	0.4521224796772003	0.6035180687904358	0.6237597465515137	0.5674399733543396	0.6390497088432312	0.6151382923126221	0.6275544166564941	0.5160794258117676	0.5494731068611145	0.5428789258003235	0.4512790143489838	0.7028725147247314	0.7180813550949097	0.6646829843521118	0.613409161567688	0.6001337170600891	0.5639763474464417	0.5936784148216248	0.6421803832054138	0.6298468708992004	0.6429217457771301	0.405178040266037	0.4383433163166046	0.458539605140686	0.4520061910152435	0.5639265775680542	0.7092196345329285	0.7395357489585876	0.6014363169670105	0.6152294874191284	0.6372907161712646	0.6380785703659058	0.5252362489700317	0.7772057056427002	0.6568805575370789	0.3831979036331177	0.602693498134613	0.6620709896087646	0.599353015422821	0.6302317976951599	0.6028071641921997	0.6499051451683044	0.5432150363922119	0.6157271862030029	0.692219078540802	0.5731439590454102	0.6283264756202698	0.5722457766532898	0.6738951206207275	0.4927812516689301	0.4034176766872406	0.4284089803695679	0.3984478414058685	0.4222510159015656	0.5325656533241272	0.513824999332428	0.5125876665115356	0.5212668776512146	0.4754052758216858	0.4285584986209869	0.4253472685813904	0.3895373940467834	0.423728734254837	0.5523849129676819	0.4971539676189423	0.6217451095581055	0.4929742217063904	0.5803823471069336	0.640038788318634	0.4992918372154236	0.6152230501174927	0.5580053329467773	0.5495492815971375	0.4661691188812256	0.4344132840633392	0.5349263548851013	0.4998205304145813	0.4476177990436554	0.4996888637542725	0.6918751001358032	0.608764111995697	0.4435940682888031	0.488873153924942	0.4747734665870667	0.4900915026664734	0.5405415892601013	0.4847773909568787	0.4834068417549133	0.5223549604415894	0.4562797844409943	0.504486620426178	0.5977215766906738	0.5647556781768799	0.4130547642707825	0.4781682193279266	0.5974809527397156	0.3526680171489716	0.3568712472915649	0.5685657858848572	0.6067413091659546	0.6431885957717896	0.5917800664901733	0.5958968997001648	0.4361875951290131	0.5347540378570557	0.352619081735611	0.5085602402687073	0.3842315375804901	0.3456559479236603	0.2669233381748199
NW022-4	0.6178769469261169	0.5570173859596252	0.8138977885246277	0.7068515419960022	0.6613873839378357	0.6772254705429077	0.6954894065856934	0.6968158483505249	0.7225474119186401	0.7209402918815613	0.5581347346305847	0.4533191025257111	0.5247415900230408	0.5030354261398315	0.3913048207759857	0.4231781661510468	0.3826829493045807	0.3882905244827271	0.6252902150154114	0.4798233211040497	0.5745022296905518	0.4941252470016479	0.48497274518013	0.3187287747859955	0.6206825375556946	0.589545488357544	0.7312667965888977	0.6635614633560181	0.4960465431213379	0.524654746055603	0.609391450881958	0.5439521670341492	0.6554281115531921	0.4645122289657593	0.3545907437801361	0.7024784684181213	0.3619799613952637	0.3626386523246765	0.5293405652046204	0.6653172969818115	0.5297600626945496	0.5628519654273987	0.5989117622375488	0.5156626105308533	0.5944581031799316	0.5194512605667114	0.5706095695495605	0.6162558197975159	0.5910722017288208	0.6505293250083923	0.6795372366905212	0.7032694220542908	0.7422055006027222	0.6662237644195557	0.5297566652297974	0.6592629551887512	0.789964497089386	0.6490669250488281	0.5623252987861633	0.6464352607727051	0.6759088635444641	0.621866762638092	0.6550087928771973	0.6669043302536011	0.7162428498268127	0.6713892221450806	0.7010833024978638	0.6731371283531189	0.6949813365936279	0.3936524391174316	0.3354175984859467	0.4281003177165985	0.3868371546268463	0.469251275062561	1.007757663726807	0.8872472643852234	0.7263097763061523	0.5660611391067505	0.0	0.3930060565471649	0.6912199854850769	0.5973695516586304	0.6625592112541199	0.722842812538147	0.6765894889831543	0.598738431930542	0.6295636892318726	0.5267392992973328	0.6662046909332275	0.5952630043029785	0.4082051217556	0.5114791393280029	0.4309890270233154	0.5471552014350891	0.5974469184875488	0.6558145880699158	0.6413590908050537	0.6251781582832336	0.7424607872962952	0.5855746269226074	0.6363154649734497	0.5796910524368286	0.5317281484603882	0.4990957677364349	0.516983151435852	0.8198788166046143	0.8487647175788879	0.8211677074432373	0.8087144494056702	0.6785484552383423	0.6275513172149658	0.6626086235046387	0.7806039452552795	0.7317150831222534	0.6579289436340332	0.5204472541809082	0.4914673864841461	0.5841443538665771	0.5824860334396362	0.664699137210846	0.5734782218933105	0.8053626418113708	0.6365368366241455	0.6469815373420715	0.6746240258216858	0.6794087886810303	0.4981988668441772	0.8617871403694153	0.7515438199043274	0.6419295072555542	0.719528317451477	0.8116607666015625	0.6782519221305847	0.7337896823883057	0.6992170214653015	0.7569387555122375	0.6350346803665161	0.7135714292526245	0.3597353398799896	0.3670170307159424	0.4064648449420929	0.4815377295017242	0.3842501640319824	0.6789951920509338	0.5785875916481018	0.4997175633907318	0.5393693447113037	0.4885197281837463	0.5856133103370667	0.5118309855461121	0.5719289183616638	0.5970820784568787	0.4889597594738007	0.604017972946167	0.5280463099479675	0.5524969696998596	0.624150812625885	0.6218926906585693	0.4814555644989014	0.7315605282783508	0.5755946040153503	0.6015050411224365	0.7596467137336731	0.6176057457923889	0.6900880932807922	0.5626423358917236	0.6570338606834412	0.5327184796333313	0.581779420375824	0.5728728175163269	0.6638973951339722	0.4552983045578003	0.4811497330665588	0.6090152263641357	0.5263763666152954	0.4865614175796509	0.5139034390449524	0.4844270646572113	0.6818590760231018	0.6051810383796692	0.4138767719268799	0.5876163840293884	0.6802758574485779	0.6354928016662598	0.5974956750869751	0.6975022554397583	0.4499832987785339	0.5859397649765015	0.6361424326896667	0.7469639778137207	0.6359769701957703	0.6028566956520081	0.6400852799415588	0.6724253296852112	0.6824244856834412	0.6604515910148621	0.6859749555587769	0.4925089776515961	0.3964146375656128	0.5069727301597595	0.6181361675262451	0.6704827547073364	0.5553290247917175	0.6423143744468689
NW022-5-1	0.3780092895030975	0.4443485736846924	0.9299643635749817	0.6042080521583557	0.5638324022293091	0.4286185801029205	0.4635310471057892	0.5612208247184753	0.483543187379837	0.4742746651172638	0.3081064522266388	0.3007135689258575	0.2750246822834015	0.3202931880950928	0.3346008658409119	0.4204800128936768	0.5461233258247375	0.5951425433158875	0.4524446725845337	0.4397734105587006	0.3423196971416473	0.5642310976982117	0.651373565196991	0.3977216780185699	0.5134043097496033	0.3770640790462494	0.8566554188728333	0.7842028141021729	0.399890273809433	0.3866539895534515	0.4173960387706757	0.4322361648082733	0.4844019114971161	0.3313833773136139	0.3221486806869507	0.4433297514915466	0.3278272151947021	0.4544090032577515	0.3332211077213287	0.4870401322841644	0.3303079903125763	0.338817298412323	0.405773401260376	0.3263412415981293	0.3024609684944153	0.3135391175746918	0.2813070118427277	0.3097189664840698	0.3214951157569885	0.4225785136222839	0.3839695155620575	0.5089814066886902	0.4861717522144318	0.3984361886978149	0.5880614519119263	0.3719127476215363	0.9107321500778198	0.367666631937027	0.3203224241733551	0.4129247963428497	0.3952535390853882	0.396141916513443	0.4114386737346649	0.47513148188591	0.5165694952011108	0.4874352216720581	0.4849607050418854	0.4532825648784637	0.5088014006614685	0.4215804934501648	0.38848876953125	0.4144685864448547	0.486796647310257	0.369042694568634	0.7550751566886902	0.6456044912338257	0.5713167786598206	0.3971336781978607	0.3930060565471649	0.0	0.3697542250156403	0.4556936621665955	0.4696525931358337	0.5287702679634094	0.4676938354969025	0.4600591957569122	0.3393545150756836	0.3266250491142273	0.3480368852615356	0.3879880905151367	0.3440009653568268	0.2780342400074005	0.3984428942203522	0.3244748115539551	0.324541449546814	0.7777257561683655	0.734005331993103	0.7104237079620361	0.8640854954719543	0.6823949813842773	0.4986018538475037	0.4431261420249939	0.4650754332542419	0.4498321413993835	0.5756178498268127	0.5743842124938965	0.562702476978302	0.592177152633667	0.5241156220436096	0.4664683938026428	0.4136688709259033	0.4431978166103363	0.5172924399375916	0.4695771932601929	0.4616840481758118	0.3150150179862976	0.3868863880634308	0.3680629730224609	0.3648223876953125	0.3884645104408264	0.6916623115539551	0.6661545634269714	0.4397600293159485	0.4595039188861847	0.475055068731308	0.4749179780483246	0.4224750697612762	0.6459023952484131	0.5110496878623962	0.5789504647254944	0.8299538493156433	0.5717812776565552	0.4247470796108246	0.4771770536899567	0.4412007629871368	0.4935038089752197	0.3690937161445618	0.441446989774704	0.5814077258110046	0.4667996168136597	0.5155182480812073	0.4775477349758148	0.5667744874954224	0.3957731425762177	0.2985633313655853	0.262335866689682	0.2953904569149017	0.2782120406627655	0.404594898223877	0.4111819267272949	0.3832847476005554	0.3619757890701294	0.3608036041259766	0.3473841547966003	0.3080752789974213	0.3392800390720367	0.4736679792404175	0.3811856210231781	0.2810386121273041	0.5397362112998962	0.4203357696533203	0.4373007714748383	0.5617499351501465	0.4839222431182861	0.5738931894302368	0.5177674293518066	0.4942530989646912	0.4522093236446381	0.3748654425144196	0.5774056911468506	0.5836048126220703	0.4260217547416687	0.5240545272827148	0.7194705009460449	0.624157726764679	0.4077268838882446	0.4356275200843811	0.5593034029006958	0.394130676984787	0.3779959678649902	0.3606862127780914	0.3403758704662323	0.4317542910575867	0.3990557491779327	0.3766284584999084	0.442015528678894	0.5044167637825012	0.6194934248924255	0.6725716590881348	0.8033625483512878	0.5942938327789307	0.5745906233787537	0.4044991433620453	0.4723608493804932	0.5011857151985168	0.454662024974823	0.4570963978767395	0.3919868767261505	0.4479036927223206	0.5740269422531128	0.7251696586608887	0.6400894522666931	0.6010259985923767	0.4720921218395233
NW022-5-2	0.4583589732646942	0.6095609664916992	1.049779772758484	0.6791346073150635	0.6259206533432007	0.4352496862411499	0.4321830272674561	0.5942481160163879	0.4453388750553131	0.4118936955928802	0.3434883952140808	0.4800648987293243	0.4008046388626099	0.4343094229698181	0.5252693891525269	0.624361515045166	0.8068480491638184	0.7957573533058167	0.3966532945632935	0.5659821033477783	0.3639713823795319	0.6758850812911987	0.8167135715484619	0.6473086476325989	0.5718880295753479	0.4595714211463928	0.9807727336883545	0.9223881363868713	0.6423442363739014	0.6257652044296265	0.5626299381256104	0.6534422039985657	0.6096743941307068	0.5577201247215271	0.5808781981468201	0.346261739730835	0.5839950442314148	0.6839205622673035	0.4768668115139008	0.3927633464336395	0.4379435777664185	0.4472866058349609	0.4100906550884247	0.4598104655742645	0.3736656308174133	0.4606072604656219	0.3773928880691528	0.4159408509731293	0.440844714641571	0.3609204590320587	0.280964195728302	0.4726955890655518	0.3326432704925537	0.29632169008255	0.727433979511261	0.3656536340713501	1.05399751663208	0.3472396731376648	0.4286595582962036	0.425444096326828	0.3516701757907867	0.4308381676673889	0.4351949691772461	0.471514880657196	0.4552021622657776	0.5000166893005371	0.4266987144947052	0.388016015291214	0.4931259453296661	0.6980988383293152	0.6650339365005493	0.615132212638855	0.7688190937042236	0.5568273663520813	0.5545809864997864	0.5574882626533508	0.6759772896766663	0.4913589656352997	0.6912199854850769	0.3697542250156403	0.0	0.5574244260787964	0.4287256896495819	0.4076046645641327	0.3955321609973907	0.5472859740257263	0.3464115858078003	0.4642683863639832	0.3331479132175446	0.4741680920124054	0.5426782965660095	0.4834894239902496	0.5881338715553284	0.4985561072826385	0.3764989972114563	0.905733585357666	0.8513092398643494	0.822393000125885	0.9863653779029846	0.7851696014404297	0.5984042286872864	0.6154542565345764	0.6849954724311829	0.6733972430229187	0.7867705821990967	0.4141043722629547	0.4118404686450958	0.4323591887950897	0.3516409993171692	0.4526467621326447	0.4943304657936096	0.4924448728561401	0.4557275474071503	0.4515886604785919	0.4896191656589508	0.4519664347171783	0.5377256274223328	0.3821803331375122	0.3650960326194763	0.4602319300174713	0.8272631764411926	0.5030544996261597	0.4545865654945374	0.448036789894104	0.4504933059215546	0.4420641958713531	0.491554468870163	0.5636819005012512	0.4775809049606323	0.7115938663482666	0.9586853981018066	0.45433709025383	0.376550018787384	0.376377671957016	0.3775502741336823	0.3605672419071198	0.3720424473285675	0.3804063200950623	0.791361927986145	0.6617985367774963	0.723946750164032	0.6440204977989197	0.7776092886924744	0.2925489544868469	0.342007577419281	0.4319339692592621	0.3948778212070465	0.4591752588748932	0.5542032122612	0.585967481136322	0.5228919982910156	0.5045930743217468	0.5114792585372925	0.4626925587654114	0.4713737368583679	0.4162295758724213	0.5222843885421753	0.3729837536811829	0.4525892436504364	0.4611006379127502	0.4898792803287506	0.5903664231300354	0.4540285170078278	0.6239029169082642	0.6447688341140747	0.6750869154930115	0.6080282330513	0.5914725065231323	0.4408366084098816	0.6637133359909058	0.6115179657936096	0.5807032585144043	0.655271053314209	0.8513048887252808	0.7631258368492126	0.5478768944740295	0.6029967069625854	0.721345841884613	0.3537158966064453	0.4055913686752319	0.54616779088974	0.3723176419734955	0.4209868311882019	0.4296509325504303	0.4934585094451904	0.3931721448898315	0.7146735787391663	0.7363677620887756	0.7972279191017151	0.9155420064926147	0.6684628129005432	0.6702038645744324	0.4124378859996796	0.4716782569885254	0.5107560753822327	0.4451435506343842	0.3899256587028503	0.5217850208282471	0.6302173137664795	0.696459174156189	0.8537089824676514	0.7162390351295471	0.6971473097801208	0.5323660969734192
NW022-6	0.5706483125686646	0.5486006736755371	0.603650689125061	0.6706638932228088	0.6625933647155762	0.6494331359863281	0.6396432518959045	0.7213236093521118	0.6483933329582214	0.6748400926589966	0.5053960084915161	0.4635458588600159	0.4913350343704224	0.4557603001594543	0.4599549174308777	0.5394211411476135	0.6715651750564575	0.6733465194702148	0.6356869339942932	0.4975192844867706	0.5639263391494751	0.5898725986480713	0.7169119715690613	0.5424396991729736	0.4015567600727081	0.560390293598175	0.5307109951972961	0.6255571246147156	0.6215934157371521	0.6354609727859497	0.6971471905708313	0.675362229347229	0.7613176107406616	0.4591068923473358	0.5365910530090332	0.5610249042510986	0.5357005000114441	0.5911283493041992	0.5741370916366577	0.603166401386261	0.5609631538391113	0.6174089312553406	0.6247687935829163	0.4441958665847778	0.5641058087348938	0.5386539101600647	0.5424379706382751	0.6059868335723877	0.5912376046180725	0.5328665971755981	0.6134536266326904	0.6371731758117676	0.6580286026000977	0.6088146567344666	0.6579056978225708	0.597932755947113	0.9450768828392029	0.571519136428833	0.5372636318206787	0.6534547209739685	0.6302273869514465	0.6095006465911865	0.6503325700759888	0.6301660537719727	0.6588060855865479	0.6140657067298889	0.6404609084129333	0.625015377998352	0.6588154435157776	0.5807571411132812	0.564063310623169	0.5739172101020813	0.6342706084251404	0.5083980560302734	0.796683669090271	0.5495057106018066	0.315123587846756	0.1886967271566391	0.5973695516586304	0.4556936621665955	0.5574244260787964	0.0	0.6102548241615295	0.6444354057312012	0.6089638471603394	0.5645455121994019	0.5572134852409363	0.4763858616352081	0.6082562208175659	0.6459450125694275	0.5163641571998596	0.4871679544448853	0.4520727396011353	0.508725106716156	0.5132378339767456	0.6225367784500122	0.6415265798568726	0.5851364135742188	0.5463873147964478	0.6346067190170288	0.6826907396316528	0.5789067149162292	0.6109878420829773	0.5926831364631653	0.4659239053726196	0.7525196075439453	0.7775245308876038	0.7174366116523743	0.6738184690475464	0.6769315600395203	0.6450727581977844	0.6537664532661438	0.7076176404953003	0.6849939227104187	0.7138758897781372	0.4678876399993896	0.477020263671875	0.5320936441421509	0.5219764709472656	0.6187415719032288	0.730952262878418	0.7960107922554016	0.6686601042747498	0.6820611357688904	0.7022017240524292	0.7026321291923523	0.5675023794174194	0.8268500566482544	0.7172513604164124	0.3300041854381561	0.5119432806968689	0.72274249792099	0.6727720499038696	0.6890344619750977	0.6802381277084351	0.7190401554107666	0.5820361375808716	0.6761307716369629	0.708864152431488	0.577498733997345	0.6412422060966492	0.5532130002975464	0.6870756149291992	0.5723392963409424	0.5138602256774902	0.4939010143280029	0.4900417923927307	0.4854966998100281	0.5876521468162537	0.5539201498031616	0.5601130723953247	0.5775808691978455	0.4948458969593048	0.4875345826148987	0.490600973367691	0.4544977843761444	0.4812374711036682	0.610708475112915	0.5511390566825867	0.6763424873352051	0.5385338068008423	0.6237684488296509	0.6908471584320068	0.5564822554588318	0.665205717086792	0.5937544703483582	0.5914663672447205	0.5056667923927307	0.5131471753120422	0.5633198618888855	0.5252590179443359	0.491506040096283	0.5204156041145325	0.7023060917854309	0.6270283460617065	0.4714245498180389	0.500697135925293	0.5029544830322266	0.5609243512153625	0.592899739742279	0.4872077107429504	0.5567487478256226	0.5961211919784546	0.5316933393478394	0.5832238793373108	0.6686543226242065	0.6048597097396851	0.3290335237979889	0.3920845985412598	0.5113757848739624	0.2842292785644531	0.2941532135009766	0.6144304871559143	0.6500673294067383	0.6767570972442627	0.6379396915435791	0.6558662056922913	0.4727347195148468	0.5608972907066345	0.3108977973461151	0.421337366104126	0.3045907914638519	0.269349217414856	0.2742040157318115
NW023-1	0.4473263621330261	0.575526773929596	1.003764629364014	0.7009978890419006	0.6576873660087585	0.3125308454036713	0.3442357778549194	0.4145798683166504	0.3764702975749969	0.3355856537818909	0.3724424242973328	0.4203404188156128	0.3747552037239075	0.3746913969516754	0.4346293807029724	0.5109176635742188	0.6850565671920776	0.6762534976005554	0.3752872347831726	0.4748832285404205	0.4286419451236725	0.5798708200454712	0.7230790853500366	0.5833308100700378	0.4574401378631592	0.4353862702846527	0.911106526851654	0.8391262888908386	0.5881667137145996	0.5685550570487976	0.558036744594574	0.610856831073761	0.5895183682441711	0.4917097985744476	0.5103937387466431	0.3536758124828339	0.5286932587623596	0.585802435874939	0.4737149178981781	0.355019748210907	0.4127560257911682	0.4494497179985046	0.3932322561740875	0.3531641960144043	0.4493035078048706	0.5077767968177795	0.4296014904975891	0.453862190246582	0.486354798078537	0.3106928169727325	0.3163401186466217	0.49363774061203	0.3664778470993042	0.293724924325943	0.6623033285140991	0.3970511555671692	0.957943856716156	0.3763481676578522	0.4105939567089081	0.4261325895786285	0.4336811602115631	0.4221722781658173	0.4290795922279358	0.5090256929397583	0.4768721461296082	0.517996072769165	0.4664886593818665	0.4277196526527405	0.5372127890586853	0.6043723225593567	0.5726542472839355	0.5969488620758057	0.6635441780090332	0.4545240104198456	0.7423152327537537	0.6662909388542175	0.6981068849563599	0.5230334401130676	0.6625592112541199	0.4696525931358337	0.4287256896495819	0.6102548241615295	0.0	0.2281451821327209	0.1585969626903534	0.5997036099433899	0.4082173407077789	0.4729500710964203	0.4062511324882507	0.4938843548297882	0.5079820156097412	0.4600149989128113	0.5671204924583435	0.4703624248504639	0.4167085587978363	0.837783694267273	0.7874937057495117	0.7574478387832642	0.9209470152854919	0.7230117321014404	0.6075851917266846	0.6003002524375916	0.6654182076454163	0.6573058366775513	0.7600023746490479	0.4080500304698944	0.4264456927776337	0.4098841845989227	0.4103426039218903	0.4899161159992218	0.4807032942771912	0.5316962599754333	0.5381540060043335	0.5244848728179932	0.478179395198822	0.3912098109722137	0.4300129413604736	0.3326103091239929	0.4013461172580719	0.4935333132743835	0.753471851348877	0.6005828380584717	0.5461273193359375	0.5406312346458435	0.5552268028259277	0.5401385426521301	0.5527826547622681	0.6663097143173218	0.5938258171081543	0.7178521156311035	0.9005042910575867	0.5821167826652527	0.4418142735958099	0.4830399453639984	0.449666291475296	0.4884549975395203	0.4261610507965088	0.4655764997005463	0.6879690289497375	0.5553457736968994	0.6027929186820984	0.551220715045929	0.6545436382293701	0.3704163134098053	0.3417744636535645	0.3989487886428833	0.3716868460178375	0.4086796641349792	0.4676236212253571	0.5053521990776062	0.4454776048660278	0.4655822217464447	0.4447045624256134	0.4789232611656189	0.4441968202590942	0.4785071611404419	0.5638677477836609	0.4688247740268707	0.4466817080974579	0.3639523983001709	0.4271506369113922	0.4003520011901855	0.3866060078144073	0.5602737665176392	0.578558087348938	0.6106708645820618	0.5431320667266846	0.537273645401001	0.3644188046455383	0.6065449714660645	0.6520758867263794	0.5209489464759827	0.5986557602882385	0.7916823029518127	0.6982109546661377	0.4658955037593842	0.4307750463485718	0.7182729244232178	0.3883078098297119	0.4156845808029175	0.5009761452674866	0.3762291371822357	0.5184462666511536	0.5100999474525452	0.553831160068512	0.4855805933475494	0.6394954323768616	0.6824188232421875	0.7419151663780212	0.8634786605834961	0.6108483672142029	0.6156601905822754	0.2964240312576294	0.3205122649669647	0.3413563966751099	0.3092187941074371	0.2846727967262268	0.4570006728172302	0.524790346622467	0.6204809546470642	0.7840448617935181	0.6556875109672546	0.6301177740097046	0.450628399848938
NW023-3	0.518498957157135	0.6288498044013977	1.049217820167542	0.6672310829162598	0.6273829936981201	0.3499501347541809	0.3364232778549194	0.4273090064525604	0.3946431577205658	0.3216713070869446	0.3819065690040588	0.4837542176246643	0.4363703429698944	0.430810272693634	0.501453697681427	0.5688480138778687	0.7286373972892761	0.7294583320617676	0.4984257519245148	0.585363507270813	0.4530660808086395	0.6759807467460632	0.7828139066696167	0.6534616351127625	0.6072624921798706	0.5112139582633972	0.9633283615112305	0.8985038995742798	0.6659865975379944	0.6562548279762268	0.6421868801116943	0.6935650706291199	0.6707444190979004	0.5517169237136841	0.5766565203666687	0.436381995677948	0.5968948006629944	0.6505923271179199	0.5606681108474731	0.5026119351387024	0.5248607397079468	0.5367794036865234	0.4794621765613556	0.4839774966239929	0.46585613489151	0.5091793537139893	0.4312425553798676	0.4904152154922485	0.4986043870449066	0.399299144744873	0.3735776841640472	0.481086939573288	0.4239817261695862	0.424201488494873	0.729810357093811	0.4801681041717529	1.010801315307617	0.4281282126903534	0.4928833246231079	0.5009501576423645	0.4316626787185669	0.5063971877098083	0.5095201134681702	0.4950612187385559	0.4810404777526855	0.4921920895576477	0.4705083072185516	0.4472381174564362	0.5184625387191772	0.6332060694694519	0.6329976320266724	0.5676310658454895	0.7139624953269958	0.5645743012428284	0.6961410641670227	0.6505595445632935	0.7682397961616516	0.5824881196022034	0.722842812538147	0.5287702679634094	0.4076046645641327	0.6444354057312012	0.2281451821327209	0.0	0.1294002383947372	0.6793736815452576	0.4601706862449646	0.5351662039756775	0.4823952317237854	0.5851603150367737	0.5750778913497925	0.5392301082611084	0.6320844292640686	0.5556073784828186	0.4793500304222107	0.8940896391868591	0.8416538834571838	0.8109403848648071	0.9748347997665405	0.7765927314758301	0.6798492074012756	0.6812707185745239	0.7394881844520569	0.7311026453971863	0.8247643709182739	0.2564012110233307	0.3935488760471344	0.3390861749649048	0.3761128485202789	0.5503022074699402	0.5611263513565063	0.6171197891235352	0.5747237205505371	0.5718451142311096	0.5556414127349854	0.453597754240036	0.4991979002952576	0.3855780959129333	0.411258190870285	0.541161298751831	0.8063743710517883	0.6491002440452576	0.6273826360702515	0.6250594258308411	0.6364664435386658	0.6203083992004395	0.6364320516586304	0.7087463140487671	0.6335773468017578	0.7550161480903625	0.9501829147338867	0.6375522613525391	0.4261008203029633	0.4500265717506409	0.4266474843025208	0.4510088562965393	0.4271625876426697	0.4403847455978394	0.7471894025802612	0.6151659488677979	0.6614195108413696	0.6060983538627625	0.7105026245117188	0.3784691095352173	0.4052162170410156	0.4881681799888611	0.4625407755374908	0.4925903677940369	0.5354131460189819	0.5767847299575806	0.5116192102432251	0.4842863976955414	0.5060657858848572	0.5455254912376404	0.5167521238327026	0.4663189053535461	0.5516329407691956	0.4596287608146667	0.5395824313163757	0.2323606759309769	0.4208502769470215	0.401039719581604	0.2418200671672821	0.616776168346405	0.6345471739768982	0.6681498289108276	0.6039283275604248	0.5952466726303101	0.4588397443294525	0.6770546436309814	0.6094666123390198	0.5823894739151001	0.6479838490486145	0.845068633556366	0.7490085959434509	0.4886227250099182	0.4821232259273529	0.7710334062576294	0.5359102487564087	0.4972564280033112	0.5711081027984619	0.4460938274860382	0.4978858828544617	0.509604811668396	0.5211793184280396	0.4776003658771515	0.6660057306289673	0.7438907623291016	0.8050970435142517	0.9227026104927063	0.6984974145889282	0.6778811812400818	0.2777944803237915	0.2344714552164078	0.2555338740348816	0.2332340925931931	0.2477534115314484	0.5168935060501099	0.580819308757782	0.6800490617752075	0.8344900608062744	0.7103423476219177	0.6978693008422852	0.5906707644462585
NW023-4	0.4531704187393188	0.5699320435523987	1.020425796508789	0.6811199188232422	0.6378397941589355	0.2961686551570892	0.2854231894016266	0.3678441047668457	0.3343315720558167	0.2672678530216217	0.3464286923408508	0.4378423690795898	0.37619948387146	0.3815335929393768	0.4591720998287201	0.5145406723022461	0.705556333065033	0.7013757228851318	0.4231184720993042	0.5342985987663269	0.4051401317119598	0.6155117154121399	0.7434205412864685	0.6039350032806396	0.5522171854972839	0.4384020566940308	0.9334250092506409	0.8622197508811951	0.6111230254173279	0.6018785834312439	0.5838348865509033	0.6370590329170227	0.6150003671646118	0.5100069046020508	0.5334179997444153	0.403973400592804	0.5503931641578674	0.6069176197052002	0.4934194982051849	0.4396847784519196	0.4503609836101532	0.4722400009632111	0.4213959574699402	0.4465302228927612	0.4291332066059113	0.4850205779075623	0.4131429195404053	0.4388197362422943	0.4667235016822815	0.3447233438491821	0.3254621624946594	0.479175329208374	0.3920070230960846	0.3715669810771942	0.6889974474906921	0.4189020097255707	0.9852718114852905	0.3810462057590485	0.4385444521903992	0.4486612975597382	0.4015515744686127	0.4526306986808777	0.4575619399547577	0.4874432384967804	0.4651203453540802	0.4961104691028595	0.4413892328739166	0.4147037267684937	0.5132144093513489	0.6051400303840637	0.6000086665153503	0.5801944136619568	0.6867260932922363	0.5067657828330994	0.709591805934906	0.6467652320861816	0.7132053971290588	0.5258326530456543	0.6765894889831543	0.4676938354969025	0.3955321609973907	0.6089638471603394	0.1585969626903534	0.1294002383947372	0.0	0.6186320185661316	0.3920161426067352	0.4677572846412659	0.4238579273223877	0.5161604285240173	0.5312601923942566	0.4804228842258453	0.5865435600280762	0.5017322897911072	0.4231743216514587	0.8603535294532776	0.8101333975791931	0.7803886532783508	0.9443820714950562	0.7477756142616272	0.6299952864646912	0.6264254450798035	0.691134512424469	0.6795862317085266	0.779750406742096	0.2951754927635193	0.3874731361865997	0.3401928842067719	0.3633109927177429	0.506955623626709	0.5088717341423035	0.5591281652450562	0.5425715446472168	0.5099846720695496	0.4919267892837524	0.3946065604686737	0.4459749758243561	0.3158492743968964	0.3691310584545135	0.478497177362442	0.7757142782211304	0.6182323098182678	0.5761184096336365	0.5739277005195618	0.5849187970161438	0.5683533549308777	0.5768346190452576	0.6764359474182129	0.58226478099823	0.7107058763504028	0.9227404594421387	0.5852930545806885	0.4131453037261963	0.456994891166687	0.4151155054569244	0.4587969183921814	0.4086506962776184	0.4305753409862518	0.7022321224212646	0.5695134997367859	0.6147895455360413	0.5590523481369019	0.6682667136192322	0.3391812443733215	0.3341932594776154	0.4246097207069397	0.3987596035003662	0.4334410429000854	0.5010871887207031	0.5364300608634949	0.467153400182724	0.4486739933490753	0.4758006632328033	0.4712976515293121	0.4496417045593262	0.4400440156459808	0.5271162390708923	0.4401054978370667	0.4662771224975586	0.2701753675937653	0.4079417586326599	0.3667125999927521	0.2868331074714661	0.5871750116348267	0.6063225865364075	0.6390253305435181	0.5707826614379883	0.5626300573348999	0.3853554427623749	0.6322051286697388	0.6277480721473694	0.5356415510177612	0.6215616464614868	0.8152549862861633	0.721896767616272	0.448569267988205	0.4474784135818481	0.7379000186920166	0.4630348384380341	0.4375585913658142	0.5204119682312012	0.3867706060409546	0.4893693327903748	0.4819008409976959	0.5187340378761292	0.4605944454669952	0.6411078572273254	0.7121326327323914	0.7717692852020264	0.8915533423423767	0.6356537938117981	0.6451230049133301	0.2176893055438995	0.2504636943340302	0.2836252450942993	0.23762446641922	0.2247926592826843	0.4886274337768555	0.5600495934486389	0.6473499536514282	0.8056597113609314	0.6709808111190796	0.6506773233413696	0.5200532674789429
NW023-6	0.5009056925773621	0.4348652958869934	0.6902101039886475	0.6890607476234436	0.6236849427223206	0.5655857920646667	0.5293108224868774	0.457017183303833	0.4920144975185394	0.5735794305801392	0.5500320196151733	0.4661931991577148	0.4910346269607544	0.4499094784259796	0.4854791164398193	0.54020094871521	0.6836166977882385	0.6645448207855225	0.6108226180076599	0.5007208585739136	0.5495436787605286	0.5911480188369751	0.7041054964065552	0.5502071380615234	0.5377044677734375	0.5164551138877869	0.8562765717506409	0.787043571472168	0.6164000034332275	0.614632785320282	0.6425866484642029	0.6489226222038269	0.7293338775634766	0.5415621399879456	0.5037047863006592	0.6684524416923523	0.5206926465034485	0.5864191055297852	0.374661773443222	0.5760301351547241	0.4551069140434265	0.4311160743236542	0.5553520321846008	0.5203895568847656	0.4218733608722687	0.4572406113147736	0.4836428761482239	0.4933924078941345	0.4663155376911163	0.5432938933372498	0.5507586002349854	0.5168332457542419	0.6702508926391602	0.5553393959999084	0.3754399418830872	0.4406033158302307	0.6928852200508118	0.5705400109291077	0.5458263754844666	0.5742368102073669	0.6001349091529846	0.4972407221794128	0.5363320708274841	0.4683922231197357	0.5103235840797424	0.4721774160861969	0.4979818165302277	0.5037254691123962	0.4515435695648193	0.6581207513809204	0.6065587401390076	0.6471536159515381	0.6320815086364746	0.4916141033172607	0.9054312705993652	0.8045326471328735	0.6617334485054016	0.5318905711174011	0.598738431930542	0.4600591957569122	0.5472859740257263	0.5645455121994019	0.5997036099433899	0.6793736815452576	0.6186320185661316	0.0	0.3382847607135773	0.2581124007701874	0.3770036995410919	0.3044981360435486	0.4801296591758728	0.5064679980278015	0.5222291946411133	0.5139154195785522	0.5507757067680359	0.7844828367233276	0.759211003780365	0.7264487147331238	0.8642780780792236	0.6989256739616394	0.6878077983856201	0.6185595989227295	0.630729615688324	0.6166993975639343	0.7024782299995422	0.6885256767272949	0.6918953657150269	0.6642545461654663	0.624833881855011	0.6442307233810425	0.6288260221481323	0.4529296159744263	0.7219421863555908	0.5426332950592041	0.6112199425697327	0.5090844631195068	0.4497380256652832	0.5151688456535339	0.484179824590683	0.337323933839798	0.502172589302063	0.7680422067642212	0.5018843412399292	0.5436144471168518	0.5471506714820862	0.558379590511322	0.4521041214466095	0.8452876210212708	0.7392532825469971	0.689293622970581	0.8438763618469238	0.7495667934417725	0.6544506549835205	0.707796037197113	0.6604665517807007	0.7294551134109497	0.6135282516479492	0.6968117356300354	0.5891644954681396	0.5131960511207581	0.5209953784942627	0.4061247706413269	0.5600928068161011	0.6012938022613525	0.518060028553009	0.4033255577087402	0.4562861919403076	0.4211198091506958	0.5086109638214111	0.4131594896316528	0.4323605895042419	0.4367708563804626	0.3823951482772827	0.482032984495163	0.4774914979934692	0.4817219972610474	0.4023004174232483	0.552126407623291	0.5105305910110474	0.6465785503387451	0.50926673412323	0.5620419979095459	0.6722286343574524	0.4925239384174347	0.6371264457702637	0.4825252890586853	0.5461439490318298	0.4797612726688385	0.3803615570068359	0.6026273965835571	0.6603648066520691	0.5243741273880005	0.5964561700820923	0.7384847402572632	0.6490413546562195	0.5010775923728943	0.4667129814624786	0.3872510194778442	0.4314848184585571	0.5173723101615906	0.4728399813175201	0.5710130333900452	0.5620364546775818	0.4954150915145874	0.5577683448791504	0.5992786288261414	0.5630910396575928	0.5976776480674744	0.6570978164672852	0.8073725700378418	0.5892543792724609	0.5509576201438904	0.5898048877716064	0.6512928009033203	0.6544811725616455	0.6281440854072571	0.6132953763008118	0.4045584201812744	0.5385515093803406	0.5875968933105469	0.7353993654251099	0.681912899017334	0.6109747290611267	0.5474933981895447
NW025-1	0.2755659520626068	0.4220015704631805	0.8921627402305603	0.6438500881195068	0.5780247449874878	0.3323878347873688	0.32403364777565	0.3879087865352631	0.3035009503364563	0.3296220004558563	0.331005722284317	0.4022643566131592	0.3448618352413177	0.3680252134799957	0.4485523700714111	0.4993702471256256	0.7056052088737488	0.69547039270401	0.413470983505249	0.5229554772377014	0.2965856492519379	0.6256601810455322	0.7432546615600586	0.5812784433364868	0.5559258460998535	0.2978802025318146	0.9199982285499573	0.8568044900894165	0.55663001537323	0.5361559391021729	0.4808008372783661	0.5734245181083679	0.5586453080177307	0.4932764768600464	0.4800357520580292	0.4397569298744202	0.5049914717674255	0.6156341433525085	0.2890956401824951	0.4241117537021637	0.3478504717350006	0.3396052718162537	0.3585955202579498	0.4371557235717773	0.2277004569768906	0.3750944435596466	0.3309720158576965	0.2992145419120789	0.3495203852653503	0.3299014568328857	0.3243603408336639	0.3708850741386414	0.4080005288124084	0.3399789035320282	0.5437411069869995	0.2350802570581436	0.8679733872413635	0.3143194615840912	0.3192654252052307	0.350533127784729	0.3318780660629272	0.2860485911369324	0.3031559586524963	0.3253376185894012	0.3426305651664734	0.381648451089859	0.3236390054225922	0.2961528599262238	0.3497591614723206	0.602615475654602	0.5711166262626648	0.5745493173599243	0.6654534339904785	0.4745673835277557	0.6992878913879395	0.6005244851112366	0.6283021569252014	0.487394243478775	0.6295636892318726	0.3393545150756836	0.3464115858078003	0.5572134852409363	0.4082173407077789	0.4601706862449646	0.3920161426067352	0.3382847607135773	0.0	0.1937583684921265	0.1813300251960754	0.1978116631507874	0.444558322429657	0.4054043591022491	0.526343822479248	0.4293143749237061	0.3216100335121155	0.8563634157180786	0.8152860403060913	0.7831858396530151	0.939365565776825	0.7547793388366699	0.5625869631767273	0.5606275796890259	0.6269543766975403	0.6206701993942261	0.7342402935028076	0.4780812859535217	0.4566959142684937	0.5023765563964844	0.4230333268642426	0.473433643579483	0.4428662359714508	0.3226016461849213	0.5092959403991699	0.3338952362537384	0.4110467135906219	0.3616431057453156	0.3893882632255554	0.3100265562534332	0.2890942990779877	0.2600576877593994	0.6624603867530823	0.6346197724342346	0.3869137167930603	0.4498903155326843	0.4191466569900513	0.4243748486042023	0.4330845475196838	0.6458367705345154	0.5044689178466797	0.6647234559059143	0.912608802318573	0.5520103573799133	0.3957051634788513	0.4709186255931854	0.397040992975235	0.4683817327022552	0.3759709000587463	0.4426902234554291	0.6066089868545532	0.5114542841911316	0.5286016464233398	0.4724780321121216	0.5858389735221863	0.3369181454181671	0.2637944519519806	0.2988868653774261	0.3059307336807251	0.332994282245636	0.4325940608978271	0.4304068982601166	0.3680572807788849	0.3608098924160004	0.3799732327461243	0.3583651781082153	0.3958742022514343	0.3990076184272766	0.3905342519283295	0.3553241491317749	0.3512625694274902	0.4500505030155182	0.4426132440567017	0.4820741713047028	0.4906376898288727	0.4934186935424805	0.5731407999992371	0.5222173929214478	0.5179710984230042	0.527825653553009	0.2756549417972565	0.6400859951972961	0.6315546035766602	0.5149113535881042	0.6114749908447266	0.8111709356307983	0.7047284841537476	0.4118533134460449	0.4140098392963409	0.5534512400627136	0.2747781872749329	0.3316809833049774	0.4828087389469147	0.3249588012695312	0.3466506600379944	0.3032926917076111	0.407987117767334	0.3389169871807098	0.5242916345596313	0.6583068370819092	0.7193813323974609	0.8558828234672546	0.6210716366767883	0.5922397971153259	0.3658204674720764	0.4560076594352722	0.4723791778087616	0.4287860095500946	0.3900863826274872	0.4139659702777863	0.5569655299186707	0.6438837647438049	0.7982688546180725	0.6816134452819824	0.6691257357597351	0.5147438645362854
NW025-2	0.3227090239524841	0.3396164774894714	0.7941642999649048	0.574887216091156	0.5116209983825684	0.4628252983093262	0.4391893744468689	0.4528043866157532	0.430679053068161	0.4649915099143982	0.396979957818985	0.3365382552146912	0.3351449966430664	0.2989729642868042	0.3481040000915527	0.3961285054683685	0.5821977257728577	0.5703068375587463	0.5393408536911011	0.4530281722545624	0.4475562274456024	0.547715961933136	0.6679172515869141	0.4631133675575256	0.4987925887107849	0.3401211500167847	0.8271021842956543	0.7612127065658569	0.5326896905899048	0.5265697240829468	0.5605854988098145	0.578269362449646	0.659695565700531	0.4274210929870605	0.4121327698230743	0.5376684665679932	0.4550687968730927	0.526774525642395	0.2668322920799255	0.5304914116859436	0.3518550992012024	0.3845920860767365	0.4482714533805847	0.4184708297252655	0.2714617848396301	0.3029282987117767	0.3231382369995117	0.348153680562973	0.3202378153800964	0.411213755607605	0.42388054728508	0.4039096236228943	0.5331764817237854	0.4288084805011749	0.4600060880184174	0.3226235806941986	0.7808552384376526	0.4320993721485138	0.3914801776409149	0.4693559110164642	0.464066207408905	0.3980101943016052	0.4181503653526306	0.3481639325618744	0.3948247730731964	0.3777690827846527	0.3798137307167053	0.3678774833679199	0.3836402297019958	0.4991350173950195	0.4606252908706665	0.482752799987793	0.5466812252998352	0.3994552791118622	0.8377993106842041	0.7312102913856506	0.6120721697807312	0.4295226633548737	0.5267392992973328	0.3266250491142273	0.4642683863639832	0.4763858616352081	0.4729500710964203	0.5351662039756775	0.4677572846412659	0.2581124007701874	0.1937583684921265	0.0	0.2978832721710205	0.2804314494132996	0.3644711375236511	0.3833367824554443	0.4660781025886536	0.4288315176963806	0.4216244518756866	0.7705399990081787	0.7436747550964355	0.7132954597473145	0.8563392758369446	0.6852797269821167	0.639851987361908	0.5790058374404907	0.5979670882225037	0.5909366011619568	0.6831252574920654	0.584696352481842	0.6039708852767944	0.5957585573196411	0.5611139535903931	0.5805560350418091	0.5396389365196228	0.4427061975002289	0.6227703094482422	0.473688930273056	0.5108028650283813	0.3646572530269623	0.3410513699054718	0.3719718754291534	0.3433667123317719	0.3325968384742737	0.5666882991790771	0.7389058470726013	0.4632618129253387	0.5191445350646973	0.5230842232704163	0.5357375741004944	0.4237399995326996	0.7577625513076782	0.6334139108657837	0.6127402186393738	0.8275109529495239	0.6665123701095581	0.524064838886261	0.5818016529083252	0.5233580470085144	0.6039209365844727	0.4882268011569977	0.5646211504936218	0.5016543865203857	0.4131376445293427	0.4272617101669312	0.3800915777683258	0.4866522550582886	0.4696017503738403	0.3657345175743103	0.3025625944137573	0.3535856008529663	0.3221962153911591	0.4055880904197693	0.3417393863201141	0.338894784450531	0.3366831839084625	0.3113125860691071	0.3821978271007538	0.367330014705658	0.3676774501800537	0.3109776079654694	0.4360725581645966	0.3878074586391449	0.5273505449295044	0.3999541699886322	0.4511761069297791	0.562660276889801	0.4206028878688812	0.591004490852356	0.424207329750061	0.4754500091075897	0.4340815544128418	0.2788446247577667	0.5494436025619507	0.5653114914894104	0.4190851151943207	0.5154967308044434	0.7180659174919128	0.6167550683021545	0.3322104513645172	0.3205209672451019	0.4425332844257355	0.3497026860713959	0.4255306422710419	0.3954821228981018	0.4152790606021881	0.4705488383769989	0.4010033905506134	0.4229902029037476	0.4629548490047455	0.4238899648189545	0.574042797088623	0.6356837153434753	0.7711986303329468	0.5383070111274719	0.5048635601997375	0.4267654716968536	0.5006871223449707	0.516791045665741	0.4795606732368469	0.4903869926929474	0.3447433412075043	0.4888725280761719	0.5511174201965332	0.7125352025032043	0.6003267765045166	0.5815067291259766	0.4798306226730347
NW025-3	0.2874887585639954	0.4706225991249084	0.9460161328315735	0.7145747542381287	0.6547287106513977	0.3198419511318207	0.3394357562065125	0.4526912868022919	0.3566926121711731	0.3449018895626068	0.3711366951465607	0.4299446046352386	0.3757017552852631	0.4097126126289368	0.496987372636795	0.5522919297218323	0.7545803785324097	0.7547937035560608	0.358148068189621	0.5562431812286377	0.3177336156368256	0.6562656164169312	0.7636082768440247	0.6263997554779053	0.586833119392395	0.3082305788993835	0.9558257460594177	0.8872960805892944	0.5665791630744934	0.5418897271156311	0.47044438123703	0.5727168917655945	0.5346941947937012	0.519015371799469	0.5165479779243469	0.4049803614616394	0.5237612724304199	0.6238076090812683	0.3261595368385315	0.3974421322345734	0.3813575506210327	0.2960251271724701	0.3115585446357727	0.4589676260948181	0.2869167327880859	0.3875117301940918	0.3584416210651398	0.3249590992927551	0.3765013813972473	0.3867830336093903	0.27223801612854	0.453950822353363	0.3499024212360382	0.2799527943134308	0.567277193069458	0.2185636013746262	0.8950764536857605	0.2522307634353638	0.3251923620700836	0.2947925329208374	0.2869757413864136	0.2679246366024017	0.2399314641952515	0.4265302419662476	0.4290884137153625	0.468794196844101	0.4005913734436035	0.3623155951499939	0.4440231919288635	0.6570675373077393	0.603979766368866	0.6371570229530334	0.6982285380363464	0.5122005343437195	0.655389666557312	0.5813254117965698	0.6619280576705933	0.5648132562637329	0.6662046909332275	0.3480368852615356	0.3331479132175446	0.6082562208175659	0.4062511324882507	0.4823952317237854	0.4238579273223877	0.3770036995410919	0.1813300251960754	0.2978832721710205	0.0	0.2237527519464493	0.4842171669006348	0.4368463158607483	0.5652571320533752	0.4486277103424072	0.3270946443080902	0.8831637501716614	0.829757034778595	0.7998550534248352	0.9625388383865356	0.764639675617218	0.5399247407913208	0.5487446188926697	0.623024582862854	0.6088115572929382	0.7567261457443237	0.4959852695465088	0.4579369723796844	0.5301068425178528	0.4422101676464081	0.3963532447814941	0.3891194760799408	0.3119578957557678	0.4372856020927429	0.3021493554115295	0.3590143024921417	0.4176863133907318	0.4386867880821228	0.3843607902526855	0.3720048367977142	0.3053011000156403	0.7085336446762085	0.5924676060676575	0.3611369132995605	0.4065789580345154	0.3398983478546143	0.3546939492225647	0.4417639076709747	0.576607346534729	0.471916139125824	0.6976377964019775	0.938091516494751	0.492919921875	0.389160543680191	0.4672433137893677	0.4186289310455322	0.4207558035850525	0.4007871747016907	0.4407374858856201	0.6802331805229187	0.5771379470825195	0.6071562170982361	0.5546013116836548	0.6641971468925476	0.2942980825901031	0.2945577502250671	0.3116027414798737	0.3378986418247223	0.3301813006401062	0.4765911102294922	0.4920981228351593	0.4371134042739868	0.4302071034908295	0.4256376028060913	0.4038114845752716	0.4424307942390442	0.4704963564872742	0.4878948926925659	0.3857301473617554	0.3435941934585571	0.4857966601848602	0.4937314093112946	0.5118029117584229	0.5069826245307922	0.5533391237258911	0.6323707103729248	0.5836068987846375	0.5679298043251038	0.5889270305633545	0.3673141598701477	0.6777743697166443	0.691926121711731	0.5745915174484253	0.6544144153594971	0.8341982364654541	0.7439723610877991	0.5135630369186401	0.4925081729888916	0.6069191694259644	0.2641374170780182	0.3276165425777435	0.501460611820221	0.3642823100090027	0.3808913230895996	0.3345462083816528	0.4670633375644684	0.3317807614803314	0.5888873338699341	0.7030026316642761	0.7596696019172668	0.8875854015350342	0.6661675572395325	0.6442266702651978	0.3932036161422729	0.4761157929897308	0.4912227690219879	0.4435737133026123	0.410177618265152	0.4669508635997772	0.562215268611908	0.6862313747406006	0.8327596187591553	0.7264689803123474	0.7060896754264832	0.549506425857544
NW025-4	0.3095761835575104	0.4138321578502655	0.8183589577674866	0.7042300701141357	0.6382567286491394	0.3949898779392242	0.4134365618228912	0.3767035007476807	0.3914808630943298	0.4184863269329071	0.4065327942371368	0.4395889043807983	0.4108974039554596	0.4394493997097015	0.4799038469791412	0.5334112048149109	0.6791412830352783	0.6843405365943909	0.4196280539035797	0.5215380787849426	0.3830183446407318	0.616663932800293	0.701524555683136	0.5659682154655457	0.5628567934036255	0.3272948265075684	0.8881934881210327	0.8269950151443481	0.5024248361587524	0.4677645862102509	0.4160967171192169	0.493551641702652	0.5037604570388794	0.5277130007743835	0.4657289683818817	0.5199887156486511	0.4760348200798035	0.5791654586791992	0.2794723212718964	0.4462498426437378	0.3474949896335602	0.2758063971996307	0.338563859462738	0.4631925225257874	0.3101392090320587	0.432952344417572	0.413249671459198	0.3648541569709778	0.4147891700267792	0.4616585373878479	0.4356314241886139	0.4538240134716034	0.4763247072696686	0.4093768298625946	0.477372407913208	0.2919001579284668	0.7802256941795349	0.3598403334617615	0.3343684673309326	0.3209220767021179	0.3679153025150299	0.2874053716659546	0.288148045539856	0.4114732146263123	0.4422391951084137	0.4262235760688782	0.4145305454730988	0.4027575254440308	0.39302858710289	0.6443262100219727	0.5874398350715637	0.622049868106842	0.6336235404014587	0.4801933467388153	0.7564764022827148	0.6553553938865662	0.6652089953422546	0.5902194976806641	0.5952630043029785	0.3879880905151367	0.4741680920124054	0.6459450125694275	0.4938843548297882	0.5851603150367737	0.5161604285240173	0.3044981360435486	0.1978116631507874	0.2804314494132996	0.2237527519464493	0.0	0.4731139540672302	0.427025318145752	0.505180299282074	0.427372545003891	0.39619380235672	0.8245992064476013	0.7860229015350342	0.7541834712028503	0.9064748287200928	0.7252404689788818	0.4988883137702942	0.4928133189678192	0.5538696050643921	0.5545972585678101	0.705396294593811	0.5790321826934814	0.5388080477714539	0.5976161956787109	0.5351320505142212	0.4267831444740295	0.4072425663471222	0.2487898617982864	0.5074642300605774	0.3377692699432373	0.3611488342285156	0.4365265071392059	0.4406273365020752	0.398719310760498	0.3845381140708923	0.2871730923652649	0.5862125754356384	0.6456373929977417	0.3453260660171509	0.4256352186203003	0.387652188539505	0.398261696100235	0.4113090634346008	0.6659222841262817	0.5564442276954651	0.717697024345398	0.8814017176628113	0.5990123748779297	0.4628700017929077	0.5530673861503601	0.4828266799449921	0.5058255791664124	0.4608132243156433	0.520747721195221	0.5844616293907166	0.5258712768554688	0.5239362120628357	0.4546971917152405	0.5608969926834106	0.4129254519939423	0.3554977774620056	0.3198630511760712	0.341985672712326	0.3348523080348969	0.449722945690155	0.4209695756435394	0.4090461730957031	0.4257653653621674	0.4222949743270874	0.3962022066116333	0.4318581819534302	0.4637995064258575	0.4459578096866608	0.4478774964809418	0.2846289873123169	0.5570145845413208	0.5116217136383057	0.5009360313415527	0.5905299186706543	0.506550133228302	0.5682468414306641	0.510125994682312	0.5310013294219971	0.5228388905525208	0.3356906473636627	0.6567026972770691	0.7168196439743042	0.5392472147941589	0.6564311385154724	0.7798966765403748	0.6842736005783081	0.5198140740394592	0.4875746369361877	0.4851696789264679	0.3604772686958313	0.3598808646202087	0.4844244420528412	0.4331934452056885	0.4171691536903381	0.334374874830246	0.4788537919521332	0.3825929760932922	0.5554676651954651	0.6646949052810669	0.7217522263526917	0.848802387714386	0.6483075618743896	0.6277018785476685	0.4653911292552948	0.5452346801757812	0.5453267097473145	0.5180412530899048	0.4737433195114136	0.4570654332637787	0.5381549000740051	0.6479295492172241	0.7713613510131836	0.7339504957199097	0.6719512939453125	0.5552456378936768
NW026-1	0.519339919090271	0.4863710999488831	0.8232303261756897	0.545042872428894	0.4812153875827789	0.4931769371032715	0.4903540313243866	0.5422483682632446	0.5263643264770508	0.5289319753646851	0.397170215845108	0.2627658843994141	0.3052272498607635	0.3028363883495331	0.2686325907707214	0.3955704867839813	0.4589828848838806	0.5177546739578247	0.5827070474624634	0.4712191224098206	0.4835718274116516	0.5202690958976746	0.5851120948791504	0.3351946771144867	0.4676972627639771	0.523146390914917	0.722345232963562	0.6462206840515137	0.3612443208694458	0.3882856369018555	0.4722472131252289	0.4639354944229126	0.5572906136512756	0.3105962574481964	0.2588951587677002	0.5456502437591553	0.2918340265750885	0.3656442165374756	0.4148975610733032	0.5613088607788086	0.3988617956638336	0.4356487691402435	0.4715664088726044	0.3782313168048859	0.4239881336688995	0.3292501270771027	0.370631217956543	0.4233517348766327	0.3983267843723297	0.4738361537456512	0.4937901496887207	0.565036416053772	0.5820806622505188	0.4851140081882477	0.5046006441116333	0.5062426328659058	0.8058990836143494	0.4584063291549683	0.3932940065860748	0.4625042080879211	0.4640965163707733	0.4527462720870972	0.4661679267883301	0.5240513682365417	0.5683942437171936	0.5369139313697815	0.5503860712051392	0.5156311988830566	0.5551122426986694	0.3704996407032013	0.3058611154556274	0.3580099940299988	0.4071308672428131	0.3327766358852386	0.8144147396087646	0.7003145217895508	0.5657679438591003	0.4680805504322052	0.4082051217556	0.3440009653568268	0.5426782965660095	0.5163641571998596	0.5079820156097412	0.5750778913497925	0.5312601923942566	0.4801296591758728	0.444558322429657	0.3644711375236511	0.4842171669006348	0.4731139540672302	0.0	0.2345799207687378	0.2097953110933304	0.2848527133464813	0.3656264245510101	0.6515123248100281	0.614449143409729	0.5876723527908325	0.7452876567840576	0.5633043050765991	0.5525049567222595	0.4784497916698456	0.4738437831401825	0.4422227442264557	0.5070482492446899	0.5857102274894714	0.6179240942001343	0.584331750869751	0.5695742964744568	0.4920307397842407	0.4453494846820831	0.4938955903053284	0.553702175617218	0.5532752275466919	0.5277119278907776	0.3892318606376648	0.3668163418769836	0.4326554536819458	0.4539278447628021	0.5171868205070496	0.5538721084594727	0.713005542755127	0.5383281707763672	0.5509477257728577	0.5794186592102051	0.5841986536979675	0.3980444073677063	0.7208016514778137	0.6037065386772156	0.4979466497898102	0.7058565020561218	0.6321122646331787	0.5038238763809204	0.5426004528999329	0.5225878953933716	0.5846250057220459	0.4387222826480865	0.5269426703453064	0.5610694289207458	0.4508797824382782	0.4999170005321503	0.4931981861591339	0.5358328819274902	0.5155917406082153	0.4175106883049011	0.333990603685379	0.3732235133647919	0.3326027095317841	0.369489848613739	0.3313848972320557	0.3748176097869873	0.3981977105140686	0.2919911742210388	0.4209268093109131	0.3314082622528076	0.3939559459686279	0.4911744892597198	0.5067089796066284	0.4036261141300201	0.519127607345581	0.3483035862445831	0.4119345545768738	0.5459239482879639	0.4684966206550598	0.5626481175422668	0.4213347733020782	0.4864190220832825	0.4074698686599731	0.4070227444171906	0.4727838635444641	0.5390653014183044	0.3337525129318237	0.4022972583770752	0.5874290466308594	0.4950067698955536	0.4328474104404449	0.4683356285095215	0.4708068370819092	0.514071524143219	0.4361051917076111	0.2935870885848999	0.4410523176193237	0.5135486125946045	0.492039680480957	0.4395098686218262	0.5295827388763428	0.4308969974517822	0.5000336766242981	0.5470972061157227	0.6850768327713013	0.5143817663192749	0.4499483406543732	0.5011397004127502	0.5497878789901733	0.563042938709259	0.5257282257080078	0.5258235931396484	0.3201916813850403	0.3356881737709045	0.463843047618866	0.6213164925575256	0.5619909167289734	0.5157584547996521	0.5100317001342773
NW026-2	0.411304235458374	0.4535199105739594	0.8877061605453491	0.5845626592636108	0.5424105525016785	0.442779541015625	0.4570071995258331	0.5582138895988464	0.4861757159233093	0.4816145598888397	0.3036389350891113	0.2632032930850983	0.2531432211399078	0.3008668124675751	0.3389045298099518	0.4461371302604675	0.555780291557312	0.5848429799079895	0.4699709117412567	0.4378314614295959	0.3851729929447174	0.5419669151306152	0.6519100666046143	0.4032168090343475	0.4171552360057831	0.4032537341117859	0.7957980632781982	0.7251118421554565	0.2760518491268158	0.2706433534622192	0.3476420938968658	0.3306668996810913	0.4119598269462585	0.30954509973526	0.3394307196140289	0.4140375256538391	0.336253821849823	0.4498571157455444	0.3722666203975677	0.4553287625312805	0.3581233620643616	0.3901114165782928	0.4052245914936066	0.330923467874527	0.3607968091964722	0.3634189069271088	0.3255168199539185	0.3819253444671631	0.3917182385921478	0.4461887776851654	0.4547039568424225	0.5381831526756287	0.4844128787517548	0.4302036464214325	0.5785117745399475	0.4316851496696472	0.8814500570297241	0.3556109070777893	0.2702015936374664	0.3553672134876251	0.3590464890003204	0.335269033908844	0.3767859041690826	0.5119220018386841	0.5482622385025024	0.5186708569526672	0.5139416456222534	0.485819548368454	0.5545505881309509	0.4609159827232361	0.4147982001304626	0.4411725699901581	0.4936943650245667	0.2993371188640594	0.653293788433075	0.5435574054718018	0.450976699590683	0.4039225578308105	0.5114791393280029	0.2780342400074005	0.4834894239902496	0.4871679544448853	0.4600149989128113	0.5392301082611084	0.4804228842258453	0.5064679980278015	0.4054043591022491	0.3833367824554443	0.4368463158607483	0.427025318145752	0.2345799207687378	0.0	0.2128147631883621	0.1060256287455559	0.2008842974901199	0.7344426512718201	0.6865894794464111	0.6556464433670044	0.8199567794799805	0.6302856802940369	0.403789758682251	0.3337232172489166	0.36265829205513	0.3570367693901062	0.4828815758228302	0.5460236668586731	0.4902666807174683	0.5515305995941162	0.4520387947559357	0.3575217127799988	0.2873280644416809	0.3860513865947723	0.3937480449676514	0.408920019865036	0.4386479556560516	0.3117051124572754	0.3478346168994904	0.3998719453811646	0.4034343659877777	0.4759433269500732	0.641640305519104	0.6652472615242004	0.4861592352390289	0.5210843682289124	0.5288985967636108	0.5321146249771118	0.4339224994182587	0.5845505595207214	0.4777541756629944	0.4824787080287933	0.7798247337341309	0.4903000891208649	0.4216873049736023	0.4866327047348022	0.4388675391674042	0.484325498342514	0.3716908693313599	0.4379886984825134	0.6469324827194214	0.5331960916519165	0.5782129764556885	0.5458126664161682	0.6246957778930664	0.3934521377086639	0.2913897633552551	0.256498247385025	0.26999431848526	0.240306168794632	0.3916891515254974	0.3968828320503235	0.4017832279205322	0.4345636069774628	0.3772822022438049	0.3222663998603821	0.2529178559780121	0.3225911557674408	0.473351925611496	0.4486678838729858	0.3171071410179138	0.5315524339675903	0.3958649039268494	0.4545019567012787	0.5545744299888611	0.4439318776130676	0.5375272631645203	0.4719351828098297	0.4590969681739807	0.3973478376865387	0.3504858911037445	0.5102911591529846	0.5399991869926453	0.3583385944366455	0.4575839936733246	0.6395253539085388	0.5504758358001709	0.4747830629348755	0.4817569255828857	0.5534446239471436	0.4336190223693848	0.3330810368061066	0.331157922744751	0.3433232009410858	0.422026515007019	0.397166907787323	0.3967462480068207	0.4657884538173676	0.5129943490028381	0.5767529606819153	0.6303619146347046	0.7606330513954163	0.548376739025116	0.5278071761131287	0.4629665017127991	0.519849419593811	0.5420711040496826	0.4827857315540314	0.4612852334976196	0.3751640915870667	0.4107120931148529	0.5223172307014465	0.6760880351066589	0.5962386131286621	0.5523358583450317	0.4499573707580566
NW026-3	0.5437908172607422	0.4931272268295288	0.7372243404388428	0.5777880549430847	0.5583232045173645	0.5654265284538269	0.5586706399917603	0.6181830167770386	0.572668731212616	0.6044021248817444	0.4186001420021057	0.3166607916355133	0.3671457171440125	0.3859513700008392	0.3226264119148254	0.4263604283332825	0.482420802116394	0.5165032744407654	0.5733767151832581	0.4579677283763885	0.5208308696746826	0.4805579781532288	0.5748743414878845	0.3475745320320129	0.3867361545562744	0.5308719873428345	0.6495828032493591	0.5818994641304016	0.3269403874874115	0.3545860648155212	0.4531586766242981	0.418773740530014	0.5191582441329956	0.323907732963562	0.2978486716747284	0.5393871665000916	0.274560809135437	0.3754534125328064	0.4512317776679993	0.506622850894928	0.437096118927002	0.4737326204776764	0.4909811615943909	0.3980245590209961	0.4776560068130493	0.4109444320201874	0.4316230118274689	0.5085787177085876	0.483417272567749	0.526835024356842	0.5603123307228088	0.6243188381195068	0.6063679456710815	0.5405246615409851	0.4998156130313873	0.5492726564407349	0.8043391108512878	0.4913976192474365	0.3971899449825287	0.4754167199134827	0.4992216825485229	0.4402311444282532	0.5016102194786072	0.600895345211029	0.6424903273582458	0.6056665182113647	0.6174588799476624	0.5836268663406372	0.6385595798492432	0.4292522072792053	0.3903448879718781	0.4191765785217285	0.4154552519321442	0.3163659870624542	0.7220105528831482	0.6002379655838013	0.4667291939258575	0.4003698527812958	0.4309890270233154	0.3984428942203522	0.5881338715553284	0.4520727396011353	0.5671204924583435	0.6320844292640686	0.5865435600280762	0.5222291946411133	0.526343822479248	0.4660781025886536	0.5652571320533752	0.505180299282074	0.2097953110933304	0.2128147631883621	0.0	0.2254118770360947	0.3409507870674133	0.5802600383758545	0.5497958064079285	0.5197197794914246	0.6734409928321838	0.4954397678375244	0.4747054874897003	0.3610925376415253	0.3816843926906586	0.3502249419689178	0.3702880144119263	0.6520608067512512	0.6480644345283508	0.6211041212081909	0.5631112456321716	0.4484230279922485	0.4187684655189514	0.4782320261001587	0.5307523012161255	0.5578106045722961	0.5295752882957458	0.4016945362091064	0.393466055393219	0.4845263659954071	0.4899454116821289	0.5815937519073486	0.5508721470832825	0.7002817988395691	0.5491416454315186	0.5596768856048584	0.5908437371253967	0.5945791602134705	0.4057557284832001	0.7063425183296204	0.6013376116752625	0.4004859030246735	0.6324443817138672	0.6061747670173645	0.5562098026275635	0.5904713273048401	0.567357063293457	0.617353081703186	0.4888460040092468	0.565991997718811	0.5753146409988403	0.4788790345191956	0.5276593565940857	0.5252749919891357	0.5568327307701111	0.5339189767837524	0.4334706366062164	0.365147590637207	0.380413144826889	0.3403651118278503	0.4699409306049347	0.4204160273075104	0.4828998148441315	0.517181396484375	0.4129333794116974	0.3751124441623688	0.3428018093109131	0.362308144569397	0.4809554219245911	0.552531898021698	0.4195559024810791	0.6242488622665405	0.4622655212879181	0.5331608057022095	0.6433665752410889	0.4701175391674042	0.5420264005661011	0.4522411227226257	0.5097440481185913	0.378303050994873	0.4389391541481018	0.4415275454521179	0.508032500743866	0.3196544349193573	0.4014699459075928	0.5352495908737183	0.4508694112300873	0.4838882982730865	0.5189688801765442	0.4077928364276886	0.5128297209739685	0.4357809126377106	0.294709175825119	0.4596667587757111	0.521344780921936	0.4569809138774872	0.4727911949157715	0.5918771028518677	0.478201687335968	0.4640722870826721	0.5308684706687927	0.6470292210578918	0.4633515477180481	0.4332006871700287	0.564400851726532	0.6209330558776855	0.6386282444000244	0.5828499794006348	0.57062166929245	0.3877628743648529	0.3454155921936035	0.3936953246593475	0.5358935594558716	0.505656898021698	0.4157111942768097	0.4651652276515961
NW026-4	0.428126335144043	0.4782186448574066	0.8872293829917908	0.6025875806808472	0.5708349347114563	0.463994175195694	0.4874724149703979	0.5713474154472351	0.4990032613277435	0.5066136121749878	0.3332293629646301	0.3114611506462097	0.2947816848754883	0.3468546867370605	0.3719041347503662	0.4859936237335205	0.6039532423019409	0.6166457533836365	0.4468387365341187	0.433668851852417	0.3947917520999908	0.5388125777244568	0.6600550413131714	0.4447980523109436	0.4026944935321808	0.4172755181789398	0.7886333465576172	0.7283384799957275	0.2714320719242096	0.261432021856308	0.3364774584770203	0.2943090498447418	0.3939040005207062	0.3200607895851135	0.3822743594646454	0.4037810564041138	0.3667948544025421	0.4747940599918365	0.3949946165084839	0.4315434992313385	0.3660414218902588	0.3967634439468384	0.414750874042511	0.34305539727211	0.3801098167896271	0.4104517698287964	0.3596607148647308	0.4050549566745758	0.418896496295929	0.4544574618339539	0.4717795252799988	0.5504754781723022	0.4900211989879608	0.4450756907463074	0.585595965385437	0.4451548457145691	0.8916041851043701	0.3586750328540802	0.2836568057537079	0.3576298952102661	0.3737654983997345	0.3237025737762451	0.387893408536911	0.5295941233634949	0.5616592764854431	0.5311213731765747	0.5292631983757019	0.5005016922950745	0.5723779201507568	0.5251538753509521	0.4886339604854584	0.5111376047134399	0.540022075176239	0.3312471807003021	0.6305775046348572	0.5191844701766968	0.4530899226665497	0.4305923283100128	0.5471552014350891	0.3244748115539551	0.4985561072826385	0.508725106716156	0.4703624248504639	0.5556073784828186	0.5017322897911072	0.5139154195785522	0.4293143749237061	0.4288315176963806	0.4486277103424072	0.427372545003891	0.2848527133464813	0.1060256287455559	0.2254118770360947	0.0	0.1985203474760056	0.7138006091117859	0.669283390045166	0.6370639801025391	0.801189661026001	0.612457275390625	0.3777309060096741	0.3114390075206757	0.3454400897026062	0.3434600234031677	0.4770605862140656	0.5720851421356201	0.5053152441978455	0.5667110085487366	0.4631280303001404	0.3601321280002594	0.302250474691391	0.3820942938327789	0.3983074724674225	0.4150785207748413	0.4459695518016815	0.3148761391639709	0.3631252646446228	0.4199968576431274	0.4320124983787537	0.4950671792030334	0.6446131467819214	0.644424319267273	0.4781797826290131	0.5122829675674438	0.5160017609596252	0.5186774134635925	0.4365319013595581	0.5822627544403076	0.4779415130615234	0.4869182109832764	0.7765926718711853	0.4841073155403137	0.4356441795825958	0.5007385015487671	0.4596346616744995	0.4904626309871674	0.3859955072402954	0.449835479259491	0.6641876101493835	0.5486419200897217	0.5945736765861511	0.5539838671684265	0.6382047533988953	0.387821227312088	0.3098943531513214	0.2525190711021423	0.2670456171035767	0.2445996850728989	0.4220238626003265	0.4342680275440216	0.4400548934936523	0.4797333776950836	0.4159758388996124	0.3381178975105286	0.2797189950942993	0.3572912216186523	0.4997546374797821	0.4910497963428497	0.3386848866939545	0.5672836899757385	0.4302731156349182	0.4784585535526276	0.5702682733535767	0.4497855305671692	0.5305288434028625	0.4846901893615723	0.4573351740837097	0.4104394018650055	0.3669374883174896	0.493445485830307	0.5420332551002502	0.3698268830776215	0.4578742980957031	0.6423882842063904	0.5494228601455688	0.5005562901496887	0.5037254095077515	0.5639567375183105	0.4245937168598175	0.3438505530357361	0.370532363653183	0.3785233497619629	0.4067229926586151	0.3843546807765961	0.4164436459541321	0.4778369665145874	0.5535827875137329	0.5704494118690491	0.6345433592796326	0.7564309239387512	0.5412150621414185	0.5350931286811829	0.5013641119003296	0.557369589805603	0.5781750082969666	0.520764946937561	0.4786985814571381	0.3822839558124542	0.417454868555069	0.525715708732605	0.6733598709106445	0.6031709909439087	0.5471153855323792	0.4430740475654602
NW026-5	0.3456746339797974	0.5154655575752258	0.9695263504981995	0.6717798113822937	0.633594810962677	0.392806202173233	0.4269071519374847	0.5590967535972595	0.4639715850353241	0.4330063164234161	0.2657137513160706	0.3622099459171295	0.2806565463542938	0.3543016016483307	0.421309232711792	0.5176888108253479	0.6821660995483398	0.685329020023346	0.3842422366142273	0.4932920932769775	0.3211995363235474	0.5942494869232178	0.727806568145752	0.5159701108932495	0.4618295133113861	0.3445493578910828	0.8863826394081116	0.8124596476554871	0.360901266336441	0.3550625741481781	0.3298988044261932	0.3822697103023529	0.3760064542293549	0.3997071981430054	0.4399338364601135	0.326421707868576	0.4200789034366608	0.5305866599082947	0.4219116568565369	0.3709250688552856	0.3838288486003876	0.3558599352836609	0.3363044857978821	0.3712343275547028	0.3539924919605255	0.4433103501796722	0.3508965373039246	0.3722168803215027	0.4316558539867401	0.36960569024086	0.3549650311470032	0.487211138010025	0.3683082163333893	0.3410144150257111	0.6366116404533386	0.3291300535202026	0.9589556455612183	0.2487950921058655	0.2380243837833405	0.3130115568637848	0.3022748231887817	0.2607542872428894	0.3240489959716797	0.4773523509502411	0.5003636479377747	0.5050839185714722	0.4664290547370911	0.4317527413368225	0.5049901008605957	0.5604060292243958	0.5417119264602661	0.5550203919410706	0.6138166785240173	0.3917365968227386	0.5564300417900085	0.4581137895584106	0.5127843618392944	0.4521224796772003	0.5974469184875488	0.324541449546814	0.3764989972114563	0.5132378339767456	0.4167085587978363	0.4793500304222107	0.4231743216514587	0.5507757067680359	0.3216100335121155	0.4216244518756866	0.3270946443080902	0.39619380235672	0.3656264245510101	0.2008842974901199	0.3409507870674133	0.1985203474760056	0.0	0.8082109689712524	0.7571637630462646	0.7276414036750793	0.8934098482131958	0.6932291388511658	0.3796584010124207	0.3766465485095978	0.4383405745029449	0.426159530878067	0.5637356638908386	0.5033732056617737	0.4210641384124756	0.5319567322731018	0.4017288386821747	0.3447567224502563	0.2683046162128448	0.3423125445842743	0.3501289188861847	0.3206569254398346	0.4136896431446075	0.3258959352970123	0.4138123989105225	0.3452105224132538	0.3638740181922913	0.4283862411975861	0.7315877676010132	0.5950945019721985	0.4474952518939972	0.4702375531196594	0.4411318004131317	0.4524404108524323	0.4755637943744659	0.480368971824646	0.3577440083026886	0.5183013081550598	0.8621523976325989	0.3713067471981049	0.356810986995697	0.4341332316398621	0.3990885317325592	0.3893813788890839	0.3280066549777985	0.3985955417156219	0.7358824610710144	0.6133805513381958	0.6728307604789734	0.6096253395080566	0.7182462215423584	0.2710945308208466	0.224246546626091	0.2987273633480072	0.2794474363327026	0.3013030290603638	0.4613387286663055	0.5058725476264954	0.4517160058021545	0.4720797538757324	0.4363473951816559	0.3572620451450348	0.3399189114570618	0.3997940719127655	0.5427771210670471	0.3833265900611877	0.3154340386390686	0.5075041651725769	0.458241194486618	0.514538049697876	0.5292942523956299	0.5579103827476501	0.5719566941261292	0.6003730297088623	0.5400264263153076	0.5028151273727417	0.3867734670639038	0.5591811537742615	0.5797523856163025	0.4276257753372192	0.5289010405540466	0.7287901043891907	0.6422924995422363	0.5029921531677246	0.5414370894432068	0.6384901404380798	0.3432538211345673	0.2850041091442108	0.396026998758316	0.2739076912403107	0.3771586716175079	0.369129091501236	0.4562505185604095	0.4134865999221802	0.5944497585296631	0.6436812877655029	0.7086334228515625	0.840852677822113	0.5892186164855957	0.5807663202285767	0.4429938495159149	0.5147799253463745	0.5494914054870605	0.4750945568084717	0.4374781250953674	0.4340866804122925	0.4902855753898621	0.5966154336929321	0.7679012417793274	0.6518444418907166	0.620539665222168	0.489350438117981
NW027-1	0.8399813175201416	0.7792011499404907	0.5458043217658997	0.7428233027458191	0.7259727120399475	0.8573168516159058	0.8410308361053467	0.8587685227394104	0.8425616025924683	0.8685487508773804	0.7675853371620178	0.6844190359115601	0.7456585764884949	0.6981812715530396	0.6390864253044128	0.7011829614639282	0.5881456136703491	0.6291795372962952	0.8409786224365234	0.6944581866264343	0.8293652534484863	0.6388682723045349	0.5942206382751465	0.5997377634048462	0.4990472793579102	0.8274696469306946	0.4017345011234283	0.3232696950435638	0.6757100820541382	0.7186174988746643	0.8430030345916748	0.7605987191200256	0.8492960333824158	0.6764504313468933	0.6350276470184326	0.8433407545089722	0.6124428510665894	0.4937493801116943	0.7531596422195435	0.7549902200698853	0.7167418599128723	0.7689533829689026	0.8026303648948669	0.7259775400161743	0.825568437576294	0.7674670219421387	0.8090029954910278	0.8534873127937317	0.8334409594535828	0.8025738000869751	0.8762011528015137	0.8737045526504517	0.9100786447525024	0.8567734360694885	0.7241637110710144	0.8516845703125	0.7331087589263916	0.8679884076118469	0.8261644840240479	0.8758254647254944	0.8940649032592773	0.8520647287368774	0.8836484551429749	0.8652186989784241	0.8912668228149414	0.8429405689239502	0.8824970722198486	0.8693984746932983	0.8814915418624878	0.5861333608627319	0.6160532832145691	0.6981576681137085	0.554837167263031	0.6929448246955872	1.016714334487915	0.8233579993247986	0.6709856390953064	0.6035180687904358	0.6558145880699158	0.7777257561683655	0.905733585357666	0.6225367784500122	0.837783694267273	0.8940896391868591	0.8603535294532776	0.7844828367233276	0.8563634157180786	0.7705399990081787	0.8831637501716614	0.8245992064476013	0.6515123248100281	0.7344426512718201	0.5802600383758545	0.7138006091117859	0.8082109689712524	0.0	0.1321439445018768	0.2135438024997711	0.2023159116506577	0.2496918737888336	0.8045738339424133	0.66016685962677	0.71812504529953	0.6474444270133972	0.4895987510681152	0.9731963276863098	1.01010799407959	0.9206854701042175	0.9215501546859741	0.8521578907966614	0.8348690271377563	0.8503391146659851	0.9314800500869751	0.9113728404045105	0.8625084757804871	0.7099639773368835	0.7007446885108948	0.785400927066803	0.7831404209136963	0.8557366132736206	0.4383476674556732	0.8714003562927246	0.7959787249565125	0.8013807535171509	0.8218045234680176	0.8362226486206055	0.6394739747047424	1.015539646148682	0.936238706111908	0.5365991592407227	0.4179107248783112	0.9248274564743042	0.8831533193588257	0.9099995493888855	0.9009039402008057	0.9356429576873779	0.8209986090660095	0.8895680904388428	0.673295259475708	0.6703190207481384	0.6603270769119263	0.7068202495574951	0.6229501962661743	0.8591423630714417	0.7833560705184937	0.7018092274665833	0.7302675843238831	0.6805121302604675	0.7978115081787109	0.7449800372123718	0.8007969856262207	0.8338282704353333	0.7043715715408325	0.7123961448669434	0.7262234687805176	0.6992899775505066	0.7175253033638	0.8932644724845886	0.7599406242370605	0.8554847836494446	0.6665832996368408	0.7036336660385132	0.8405577540397644	0.7238338589668274	0.7927830219268799	0.6905381679534912	0.7570148706436157	0.6680160164833069	0.7730106115341187	0.6814275979995728	0.7125470042228699	0.6622911095619202	0.5736786723136902	0.567295491695404	0.5999380946159363	0.7115718722343445	0.7379379272460938	0.5505893230438232	0.8188999891281128	0.8443568348884583	0.6657758951187134	0.860131025314331	0.8176048398017883	0.7443872094154358	0.77208411693573	0.8680891990661621	0.5790278911590576	0.4762696325778961	0.5066235065460205	0.5917139053344727	0.5569857954978943	0.4951854646205902	0.902521014213562	0.9101753830909729	0.9089215397834778	0.9038751721382141	0.9012173414230347	0.6325439810752869	0.4988655745983124	0.4486961662769318	0.4649878442287445	0.5749978423118591	0.4839042127132416	0.5766199231147766
NW027-2	0.8124836683273315	0.7641829252243042	0.5685654878616333	0.7331126928329468	0.7162775993347168	0.8018466234207153	0.7867435812950134	0.8171653747558594	0.7957425713539124	0.8130277395248413	0.7160747051239014	0.6366169452667236	0.6949228644371033	0.6472666263580322	0.6016599535942078	0.6831914782524109	0.5724501609802246	0.6126770377159119	0.7956887483596802	0.6693224310874939	0.7850168943405151	0.6230329871177673	0.5801182389259338	0.5742932558059692	0.4721766412258148	0.7992996573448181	0.4429856240749359	0.3536130785942078	0.6414028406143188	0.6780745387077332	0.8008807301521301	0.7437134385108948	0.807027280330658	0.6324349641799927	0.5860180854797363	0.7866349220275879	0.5642824769020081	0.4463716447353363	0.715790867805481	0.6998454928398132	0.668981671333313	0.7172247171401978	0.7499544024467468	0.6745943427085876	0.7811796069145203	0.7222364544868469	0.7563523650169373	0.8027699589729309	0.7841742038726807	0.7624337673187256	0.8209744095802307	0.8514509201049805	0.8516978621482849	0.8027543425559998	0.6998044848442078	0.7982818484306335	0.7073286771774292	0.8145052790641785	0.7776002883911133	0.8236114382743835	0.8407448530197144	0.7996036410331726	0.8305454254150391	0.8405798077583313	0.8641058206558228	0.8299867510795593	0.8558017015457153	0.837348461151123	0.8540415167808533	0.5542623996734619	0.580741286277771	0.6633007526397705	0.5260745882987976	0.6458534598350525	0.9588879346847534	0.8207523226737976	0.6877448558807373	0.6237597465515137	0.6413590908050537	0.734005331993103	0.8513092398643494	0.6415265798568726	0.7874937057495117	0.8416538834571838	0.8101333975791931	0.759211003780365	0.8152860403060913	0.7436747550964355	0.829757034778595	0.7860229015350342	0.614449143409729	0.6865894794464111	0.5497958064079285	0.669283390045166	0.7571637630462646	0.1321439445018768	0.0	0.1166304275393486	0.2430098354816437	0.1428080052137375	0.7615851163864136	0.6203759908676147	0.6986529231071472	0.6245263814926147	0.521909773349762	0.9192246794700623	0.9564148783683777	0.8668712377548218	0.8683444261550903	0.7986341118812561	0.7827133536338806	0.806779682636261	0.8778069019317627	0.8573034405708313	0.814911961555481	0.7089281678199768	0.7006703615188599	0.7741219401359558	0.7782474160194397	0.8505662679672241	0.4216063618659973	0.8221084475517273	0.7438592314720154	0.7505653500556946	0.7698222398757935	0.785611629486084	0.5980056524276733	0.9610150456428528	0.8816739320755005	0.5406293869018555	0.4319941401481628	0.8684711456298828	0.8328870534896851	0.8613426685333252	0.8478296995162964	0.8795223236083984	0.7674680948257446	0.8410409688949585	0.6657978892326355	0.6570924520492554	0.6517741680145264	0.6964836120605469	0.6164367198944092	0.8112337589263916	0.7329336404800415	0.654358446598053	0.6801648139953613	0.6400758624076843	0.7518999576568604	0.7151089310646057	0.7654784321784973	0.7958455681800842	0.6566515564918518	0.6747483015060425	0.6925478577613831	0.6599363684654236	0.6979996562004089	0.8422719240188599	0.7124529480934143	0.8033968806266785	0.6138685941696167	0.6516129374504089	0.7877123951911926	0.6986581683158875	0.7559240460395813	0.6659386157989502	0.7265645861625671	0.6372157335281372	0.7468730807304382	0.6624113917350769	0.6937860250473022	0.643104612827301	0.5657567977905273	0.5528795719146729	0.591550350189209	0.6932207942008972	0.7189695835113525	0.5308734178543091	0.7656403183937073	0.7931903004646301	0.6163340210914612	0.8111353516578674	0.7634707093238831	0.7028895020484924	0.722123920917511	0.8167741894721985	0.5636656284332275	0.4882959127426147	0.5197281241416931	0.6080688834190369	0.5737509727478027	0.5018099546432495	0.863703727722168	0.8669204115867615	0.8672764301300049	0.8602308630943298	0.8563129305839539	0.6147927045822144	0.4563384354114532	0.4907141625881195	0.506674587726593	0.6158698201179504	0.5250369310379028	0.60084468126297
NW027-3	0.780570924282074	0.7323033213615417	0.5123544335365295	0.7036773562431335	0.6877511739730835	0.7722042798995972	0.7576086521148682	0.7857752442359924	0.764114260673523	0.7822200655937195	0.6893361806869507	0.612861692905426	0.6699162721633911	0.6210890412330627	0.5747712254524231	0.6555737853050232	0.5530544519424438	0.5889050960540771	0.7649190425872803	0.639133095741272	0.7553797960281372	0.5916754603385925	0.5486090183258057	0.5504237413406372	0.4315454065799713	0.7681220173835754	0.4016207158565521	0.3062161505222321	0.6287416815757751	0.6596724390983582	0.772136390209198	0.7142515182495117	0.7843385934829712	0.6100228428840637	0.5690032243728638	0.7577758431434631	0.5465165972709656	0.4383169412612915	0.6893110871315002	0.6740093231201172	0.6448708176612854	0.6934054493904114	0.7226210832595825	0.6612980365753174	0.7514626979827881	0.6963075399398804	0.7293390035629272	0.7749684453010559	0.75795978307724	0.7279785871505737	0.7937911152839661	0.8220658302307129	0.8213599324226379	0.7749190330505371	0.6709998846054077	0.7703368067741394	0.6761534810066223	0.7850443124771118	0.747534990310669	0.7936414480209351	0.8107898235321045	0.7697226405143738	0.8005613088607788	0.8147033452987671	0.8367263078689575	0.8010482788085938	0.8265156745910645	0.8092024922370911	0.8320708870887756	0.5332688093185425	0.5591045618057251	0.6377684473991394	0.5097275972366333	0.6252243518829346	0.9309899806976318	0.7698245644569397	0.6368018388748169	0.5674399733543396	0.6251781582832336	0.7104237079620361	0.822393000125885	0.5851364135742188	0.7574478387832642	0.8109403848648071	0.7803886532783508	0.7264487147331238	0.7831858396530151	0.7132954597473145	0.7998550534248352	0.7541834712028503	0.5876723527908325	0.6556464433670044	0.5197197794914246	0.6370639801025391	0.7276414036750793	0.2135438024997711	0.1166304275393486	0.0	0.3044999241828918	0.07821786403656006	0.736494243144989	0.6028054356575012	0.6720260977745056	0.6052806973457336	0.4828821420669556	0.8884981870651245	0.925394594669342	0.8363056778907776	0.8383499979972839	0.7682560682296753	0.752899169921875	0.7767887115478516	0.8467725515365601	0.8282615542411804	0.7838634848594666	0.6787953972816467	0.6704190969467163	0.7430153489112854	0.74769127368927	0.8197634816169739	0.4088421165943146	0.8010736703872681	0.7177472710609436	0.7233120799064636	0.7461209297180176	0.7574702501296997	0.5757166147232056	0.9407687187194824	0.8582971096038818	0.4962761998176575	0.389715164899826	0.8409848213195801	0.8036993145942688	0.8304639458656311	0.8181317448616028	0.8491511344909668	0.7370548248291016	0.8089826107025146	0.6371625065803528	0.6330673098564148	0.6307050585746765	0.6759839057922363	0.5964191555976868	0.7792401313781738	0.7050927877426147	0.6281175017356873	0.6536152362823486	0.6129695177078247	0.7221535444259644	0.6851320862770081	0.7351933717727661	0.7658426761627197	0.6294432282447815	0.645636796951294	0.6618325710296631	0.6300042867660522	0.6690125465393066	0.8133205771446228	0.6862579584121704	0.7759348750114441	0.5960399508476257	0.6497777700424194	0.760108470916748	0.6684808731079102	0.7251403331756592	0.6430444717407227	0.6979970932006836	0.6134598255157471	0.7155148983001709	0.6286010146141052	0.663431704044342	0.6157665252685547	0.5397096872329712	0.5265382528305054	0.5627538561820984	0.6643479466438293	0.6887941360473633	0.5099467039108276	0.7385240197181702	0.7640325427055359	0.5909004211425781	0.7830821871757507	0.7320122718811035	0.6735844612121582	0.7040959596633911	0.7867441177368164	0.537173330783844	0.4401611983776093	0.4715569317340851	0.5583778619766235	0.5248820185661316	0.4539074599742889	0.8327401280403137	0.8358250260353088	0.8365413546562195	0.82972252368927	0.8253482580184937	0.5809148550033569	0.4295264184474945	0.4434501826763153	0.4585360884666443	0.5663036108016968	0.4767087996006012	0.5517886281013489
NW027-5	0.9263019561767578	0.8652418851852417	0.4967850744724274	0.8574047088623047	0.843994677066803	0.9357772469520569	0.9204216599464417	0.938615620136261	0.9219388961791992	0.9449877738952637	0.8517435789108276	0.7749816179275513	0.8320260643959045	0.7861558794975281	0.7374241948127747	0.7878644466400146	0.6735323071479797	0.7153728604316711	0.9233226776123047	0.7778066992759705	0.9121615886688232	0.7248989939689636	0.681287407875061	0.6914965510368347	0.5996872782707214	0.9160016775131226	0.3052105307579041	0.4391039311885834	0.7684115767478943	0.8035812973976135	0.9310070276260376	0.8598426580429077	0.9286651611328125	0.7591491937637329	0.7202139496803284	0.9210107326507568	0.700738787651062	0.5890362858772278	0.8418807983398438	0.8402665853500366	0.8090410232543945	0.8572983145713806	0.8874517679214478	0.8080400824546814	0.9063581824302673	0.8501628041267395	0.8907608985900879	0.9349807500839233	0.9153339266777039	0.8832294940948486	0.9565841555595398	0.9674408435821533	0.9873127341270447	0.9375799894332886	0.8017865419387817	0.9330087900161743	0.8125014901161194	0.9488101601600647	0.909977376461029	0.9573796391487122	0.9744429588317871	0.9331766366958618	0.9642227292060852	0.9563227891921997	0.9824928045272827	0.9398932456970215	0.9741320610046387	0.9611659049987793	0.9697306156158447	0.6764890551567078	0.704328715801239	0.7858291864395142	0.6435288786888123	0.776435136795044	1.097100138664246	0.8579721450805664	0.5657121539115906	0.6390497088432312	0.7424607872962952	0.8640854954719543	0.9863653779029846	0.5463873147964478	0.9209470152854919	0.9748347997665405	0.9443820714950562	0.8642780780792236	0.939365565776825	0.8563392758369446	0.9625388383865356	0.9064748287200928	0.7452876567840576	0.8199567794799805	0.6734409928321838	0.801189661026001	0.8934098482131958	0.2023159116506577	0.2430098354816437	0.3044999241828918	0.0	0.3477034866809845	0.8921214938163757	0.7524558901786804	0.8170626759529114	0.7457574009895325	0.5315365195274353	1.051372170448303	1.088708519935608	1.000450849533081	1.004823327064514	0.9317741394042969	0.9169108271598816	0.932391881942749	1.010179400444031	0.9922448396682739	0.9444949626922607	0.8161884546279907	0.8029360771179199	0.889726996421814	0.8895098567008972	0.961190938949585	0.5249438285827637	0.9622032046318054	0.8821831941604614	0.8884639143943787	0.9088617563247681	0.923286497592926	0.7370140552520752	1.102763772010803	1.023130655288696	0.4950924217700958	0.321307510137558	1.008230447769165	0.9703635573387146	0.9961880445480347	0.9850447177886963	1.014186382293701	0.9015588164329529	0.9752085208892822	0.7701326608657837	0.7601433396339417	0.7432028651237488	0.7886670827865601	0.703154981136322	0.9457719922065735	0.8719565272331238	0.7931426763534546	0.8208408951759338	0.777238130569458	0.8820440769195557	0.8316720724105835	0.885683536529541	0.9180874228477478	0.7902888655662537	0.798105776309967	0.8124187588691711	0.788316547870636	0.801276445388794	0.9776718616485596	0.8520848751068115	0.9432058930397034	0.7518054842948914	0.7902427315711975	0.9253663420677185	0.8082999587059021	0.8756011724472046	0.7732986807823181	0.8408001661300659	0.7508072853088379	0.857408881187439	0.7530288696289062	0.7904871702194214	0.7519233226776123	0.6630051732063293	0.6537073850631714	0.6901848316192627	0.7963107824325562	0.8203060626983643	0.6378806829452515	0.9005833268165588	0.9273972511291504	0.753328800201416	0.9463338851928711	0.8970744013786316	0.8318848013877869	0.85451340675354	0.9520671963691711	0.6685183048248291	0.3867653608322144	0.4043734073638916	0.4901390671730042	0.4579102098941803	0.4603396356105804	0.9894077181816101	0.9962899684906006	0.9960981607437134	0.9933630228042603	0.9910763502120972	0.7421455383300781	0.606693685054779	0.4529865682125092	0.3896078169345856	0.4976570010185242	0.4210326075553894	0.5761483311653137
NW027-6	0.7526207566261292	0.7041044235229492	0.5665273666381836	0.6753481030464172	0.6570791602134705	0.7367678284645081	0.7219278216362	0.7566848993301392	0.7358159422874451	0.7466232776641846	0.6553177833557129	0.5834252834320068	0.6363551616668701	0.5872399210929871	0.5480108857154846	0.6290993094444275	0.5278695225715637	0.5626508593559265	0.7344762086868286	0.6086828708648682	0.7250941395759583	0.567225992679596	0.5227267742156982	0.5181228518486023	0.4704359471797943	0.7401305437088013	0.4327574372291565	0.3574455082416534	0.5936244130134583	0.6219350099563599	0.7407258152961731	0.6816549897193909	0.7408941984176636	0.5818300247192383	0.5402625799179077	0.7196764945983887	0.5176597833633423	0.4074757099151611	0.65958172082901	0.638217568397522	0.6175472140312195	0.6585007309913635	0.689626932144165	0.6276475191116333	0.7251620888710022	0.6694996356964111	0.7009793519973755	0.7492378950119019	0.7323664426803589	0.7115851044654846	0.7595937252044678	0.7917097806930542	0.78849858045578	0.7395825386047363	0.6448957324028015	0.7365773916244507	0.6531090140342712	0.7484091520309448	0.7187516093254089	0.7593798041343689	0.7758163809776306	0.738606870174408	0.7672919034957886	0.7816502451896667	0.8050491213798523	0.7714674472808838	0.7961550951004028	0.7785648107528687	0.792335569858551	0.5064937472343445	0.5327038168907166	0.6103551387786865	0.4832231104373932	0.5985441207885742	0.9104721546173096	0.8222958445549011	0.6894404888153076	0.6151382923126221	0.5855746269226074	0.6823949813842773	0.7851696014404297	0.6346067190170288	0.7230117321014404	0.7765927314758301	0.7477756142616272	0.6989256739616394	0.7547793388366699	0.6852797269821167	0.764639675617218	0.7252404689788818	0.5633043050765991	0.6302856802940369	0.4954397678375244	0.612457275390625	0.6932291388511658	0.2496918737888336	0.1428080052137375	0.07821786403656006	0.3477034866809845	0.0	0.7047286033630371	0.5644298195838928	0.6457177996635437	0.5746105313301086	0.5248736143112183	0.8527620434761047	0.8896313309669495	0.8048016428947449	0.8013131022453308	0.7315824031829834	0.7200201749801636	0.746330976486206	0.8094338178634644	0.7964988350868225	0.7544122934341431	0.6504283547401428	0.6420512199401855	0.7148913145065308	0.7192957997322083	0.7917463779449463	0.3684982061386108	0.7602660059928894	0.6888635158538818	0.6886442303657532	0.7103008031845093	0.7272831797599792	0.5450693964958191	0.8962454199790955	0.819806694984436	0.5485967993736267	0.4447975158691406	0.8061186075210571	0.7682999968528748	0.7969240546226501	0.7837376594543457	0.8139280080795288	0.7054473161697388	0.7782586216926575	0.6079380512237549	0.5992557406425476	0.5852649807929993	0.6279258131980896	0.5509369373321533	0.7459280490875244	0.6715167164802551	0.595801591873169	0.620745062828064	0.5840387344360352	0.6931468844413757	0.6562455296516418	0.7051501870155334	0.7366556525230408	0.6032114624977112	0.6174244284629822	0.6319901347160339	0.6014171838760376	0.6419512033462524	0.7780769467353821	0.6577232480049133	0.7411869764328003	0.5619062781333923	0.6248959302902222	0.7241615056991577	0.640687882900238	0.6972829699516296	0.61612868309021	0.6720107793807983	0.5858634114265442	0.6868281364440918	0.604499101638794	0.6414165496826172	0.5910196900367737	0.5185947418212891	0.5009737610816956	0.5381107926368713	0.6351434588432312	0.6600043177604675	0.5232871770858765	0.7102989554405212	0.7276574373245239	0.5598157644271851	0.7477750182151794	0.7087453603744507	0.6477392911911011	0.6794470548629761	0.7586185336112976	0.5090601444244385	0.4929011166095734	0.5223517417907715	0.6102001667022705	0.5781794190406799	0.505954921245575	0.8025438785552979	0.807896077632904	0.8098244071006775	0.8019021153450012	0.7962095737457275	0.5541951060295105	0.3949260115623474	0.4959132075309753	0.5108011960983276	0.6187649965286255	0.5285465121269226	0.6036046743392944
NW028-1	0.5099456906318665	0.6660635471343994	0.9806851744651794	0.7570164799690247	0.7297318577766418	0.5390971302986145	0.5600587725639343	0.6327787041664124	0.5625309944152832	0.5807365775108337	0.4699940979480743	0.5247244834899902	0.4871377050876617	0.5564712285995483	0.5663509964942932	0.690201461315155	0.767559826374054	0.769091784954071	0.4429313540458679	0.5380696654319763	0.4291319251060486	0.596042275428772	0.6782086491584778	0.5953084826469421	0.5429819822311401	0.5028329491615295	0.8779608607292175	0.8131095767021179	0.3929136991500854	0.3535186946392059	0.1971560716629028	0.2616038620471954	0.2344423979520798	0.5649139881134033	0.5457624197006226	0.4975442886352539	0.5134085416793823	0.6043329834938049	0.5325659513473511	0.4851398169994354	0.5197464227676392	0.4796721041202545	0.4474312961101532	0.5447685718536377	0.5465238690376282	0.6127569079399109	0.5692400336265564	0.5609246492385864	0.624217689037323	0.5832735896110535	0.585550844669342	0.6839746832847595	0.5592087507247925	0.54852694272995	0.7329807877540588	0.5338789820671082	0.979631245136261	0.4272677898406982	0.3956020176410675	0.3824970722198486	0.4382551908493042	0.3938678503036499	0.408571183681488	0.6771863102912903	0.700167179107666	0.6798954010009766	0.6622738242149353	0.6424651145935059	0.7180044651031494	0.6884434223175049	0.6523629426956177	0.6832712292671204	0.677357017993927	0.5133389830589294	0.4896292090415955	0.4164206385612488	0.60261070728302	0.6275544166564941	0.6363154649734497	0.4986018538475037	0.5984042286872864	0.6826907396316528	0.6075851917266846	0.6798492074012756	0.6299952864646912	0.6878077983856201	0.5625869631767273	0.639851987361908	0.5399247407913208	0.4988883137702942	0.5525049567222595	0.403789758682251	0.4747054874897003	0.3777309060096741	0.3796584010124207	0.8045738339424133	0.7615851163864136	0.736494243144989	0.8921214938163757	0.7047286033630371	0.0	0.199241042137146	0.1727981418371201	0.2292041331529617	0.4439160823822021	0.6902201771736145	0.615534782409668	0.6687785387039185	0.5866677165031433	0.3265391886234283	0.288759171962738	0.3702545166015625	0.300425797700882	0.411015659570694	0.3928967416286469	0.483040064573288	0.5481594204902649	0.5582854151725769	0.5659089684486389	0.6182689666748047	0.7192731499671936	0.6566809415817261	0.5180572271347046	0.5554471015930176	0.5255375504493713	0.5410013794898987	0.5477495789527893	0.3849543929100037	0.3359151780605316	0.5780478715896606	0.8429721593856812	0.3688744902610779	0.534330427646637	0.6050288677215576	0.571989119052887	0.520118772983551	0.5174301862716675	0.5591820478439331	0.7638733983039856	0.6661350727081299	0.7130476236343384	0.6875118017196655	0.7255333065986633	0.4559300541877747	0.4464851319789886	0.4640399217605591	0.4591281414031982	0.4509668350219727	0.6227211952209473	0.6454406976699829	0.6250496506690979	0.6699575185775757	0.622540295124054	0.4813399910926819	0.4847636222839355	0.5441489815711975	0.6921579241752625	0.6051337718963623	0.4214434325695038	0.6677020192146301	0.6076059937477112	0.6592249274253845	0.6818013191223145	0.6560298800468445	0.6429263949394226	0.658647358417511	0.6309112310409546	0.586933970451355	0.5429491996765137	0.6646628379821777	0.7141165733337402	0.5815311670303345	0.6547310948371887	0.7822155952453613	0.7118309736251831	0.6867409348487854	0.6750516295433044	0.7210704684257507	0.5377722382545471	0.4827530682086945	0.5607390999794006	0.4940060079097748	0.500336766242981	0.4305996894836426	0.5767333507537842	0.5007531046867371	0.6880821585655212	0.7426825165748596	0.7974411845207214	0.9016318917274475	0.7056546807289124	0.7021869421005249	0.6217725276947021	0.6829923391342163	0.7003311514854431	0.6480074524879456	0.597285270690918	0.5957309603691101	0.6214394569396973	0.6821915507316589	0.8058139085769653	0.7641754746437073	0.6851712465286255	0.5904196500778198
NW028-2	0.5184491276741028	0.6213905811309814	0.8605215549468994	0.6784956455230713	0.6625717282295227	0.5390903353691101	0.5641230344772339	0.6341445446014404	0.5645416975021362	0.5823961496353149	0.4522922039031982	0.4560968279838562	0.43206986784935	0.4855488240718842	0.4947991371154785	0.6219927668571472	0.666738748550415	0.6714515089988708	0.4941646456718445	0.504989743232727	0.4762039482593536	0.567163348197937	0.6574524641036987	0.5078025460243225	0.4085172712802887	0.5109117031097412	0.736011803150177	0.6683026552200317	0.3000580668449402	0.2588197290897369	0.2814870774745941	0.2807695269584656	0.3329092562198639	0.4952679872512817	0.4453720152378082	0.5253576040267944	0.4130306243896484	0.5022238492965698	0.4466764032840729	0.4771904349327087	0.4378036856651306	0.4321524500846863	0.4271456897258759	0.5007930994033813	0.5192825198173523	0.5459794402122498	0.5193859934806824	0.5391972661018372	0.5617874264717102	0.5853038430213928	0.5918822288513184	0.6982386708259583	0.5699414014816284	0.5616987347602844	0.6794612407684326	0.5416612029075623	0.9143648147583008	0.4394494891166687	0.3945850431919098	0.4078134000301361	0.4470377862453461	0.400123804807663	0.4288612604141235	0.6779413819313049	0.703073263168335	0.6746364831924438	0.6723517775535583	0.6467366218566895	0.712139368057251	0.6113299131393433	0.57684326171875	0.6122072339057922	0.5788167119026184	0.4253118336200714	0.5598862767219543	0.4565463662147522	0.488933652639389	0.5160794258117676	0.5796910524368286	0.4431261420249939	0.6154542565345764	0.5789067149162292	0.6003002524375916	0.6812707185745239	0.6264254450798035	0.6185595989227295	0.5606275796890259	0.5790058374404907	0.5487446188926697	0.4928133189678192	0.4784497916698456	0.3337232172489166	0.3610925376415253	0.3114390075206757	0.3766465485095978	0.66016685962677	0.6203759908676147	0.6028054356575012	0.7524558901786804	0.5644298195838928	0.199241042137146	0.0	0.2267848253250122	0.1841277480125427	0.3099450170993805	0.7003259658813477	0.6257567405700684	0.6581971049308777	0.5834597945213318	0.3598288595676422	0.3164189457893372	0.3826832175254822	0.3883572816848755	0.4211943447589874	0.4159749150276184	0.4362660050392151	0.4948952198028564	0.5520822405815125	0.5559313893318176	0.6153565645217896	0.6352102160453796	0.6485851407051086	0.4939844310283661	0.5362050533294678	0.5147647857666016	0.5292952060699463	0.464790016412735	0.518080472946167	0.4446330070495605	0.4644699692726135	0.7091448307037354	0.4729177355766296	0.5255023837089539	0.6080694198608398	0.5663458704948425	0.5344141125679016	0.5139973759651184	0.5567224025726318	0.727079451084137	0.6286838054656982	0.659728467464447	0.6355882883071899	0.6804579496383667	0.471068263053894	0.4399220645427704	0.3998000919818878	0.4266977310180664	0.3929762542247772	0.5825908780097961	0.5795428156852722	0.5827032327651978	0.6244471073150635	0.5476559996604919	0.3991398513317108	0.419978529214859	0.4528737366199493	0.5764233469963074	0.6154372692108154	0.3838258385658264	0.6696018576622009	0.5485312938690186	0.6008352041244507	0.6839941740036011	0.5638375282287598	0.6162538528442383	0.5951684713363647	0.5761592388153076	0.4785081744194031	0.5117020010948181	0.614014744758606	0.6284170746803284	0.5143665671348572	0.587800145149231	0.6881025433540344	0.6390988826751709	0.6248619556427002	0.6201371550559998	0.5944014191627502	0.5533788800239563	0.4844778478145599	0.4792881011962891	0.4904589653015137	0.4929840862751007	0.388442724943161	0.517425000667572	0.4927515983581543	0.6217709183692932	0.6245102882385254	0.6776061654090881	0.7895283102989197	0.5918469429016113	0.5835573673248291	0.6224346160888672	0.6834875345230103	0.700983464717865	0.6472867131233215	0.5973197817802429	0.5260223746299744	0.530566930770874	0.5503708720207214	0.6728739142417908	0.6566330790519714	0.5569296479225159	0.486534059047699
NW028-3	0.5815255641937256	0.6166430115699768	0.9024656414985657	0.6739336848258972	0.6676263809204102	0.6116280555725098	0.6314570307731628	0.6883279085159302	0.6330907344818115	0.6569637060165405	0.5234449505805969	0.4740330874919891	0.4915855824947357	0.5232595801353455	0.5129709839820862	0.6265102624893188	0.6731401681900024	0.6920041441917419	0.5258005261421204	0.4577268660068512	0.4875254929065704	0.5177309513092041	0.6046075820922852	0.5018400549888611	0.4932665526866913	0.5747656226158142	0.7951774597167969	0.7302578687667847	0.3215759694576263	0.2970948815345764	0.2803533375263214	0.224692314863205	0.3378376662731171	0.4725088179111481	0.4647634029388428	0.5747202038764954	0.4248431921005249	0.5447590947151184	0.523882269859314	0.564114511013031	0.5246133804321289	0.5338590145111084	0.5377515554428101	0.524944007396698	0.5764947533607483	0.5639044642448425	0.5728697180747986	0.6033095121383667	0.6200076937675476	0.6451564431190491	0.6685865521430969	0.7188718914985657	0.6605942845344543	0.6435785293579102	0.6760905385017395	0.6262185573577881	0.9166624546051025	0.5069526433944702	0.4544004201889038	0.5019420385360718	0.5323339700698853	0.4654271304607391	0.5210208892822266	0.7135927677154541	0.7396833300590515	0.6942899823188782	0.7035638689994812	0.6894338726997375	0.7578151226043701	0.5839424133300781	0.5592116713523865	0.5839170217514038	0.5595574975013733	0.424474686384201	0.603278636932373	0.4861826002597809	0.541250467300415	0.5494731068611145	0.5317281484603882	0.4650754332542419	0.6849954724311829	0.6109878420829773	0.6654182076454163	0.7394881844520569	0.691134512424469	0.630729615688324	0.6269543766975403	0.5979670882225037	0.623024582862854	0.5538696050643921	0.4738437831401825	0.36265829205513	0.3816843926906586	0.3454400897026062	0.4383405745029449	0.71812504529953	0.6986529231071472	0.6720260977745056	0.8170626759529114	0.6457177996635437	0.1727981418371201	0.2267848253250122	0.0	0.1336837857961655	0.3447931408882141	0.7590463757514954	0.6898784637451172	0.7207304239273071	0.6439949870109558	0.4506781101226807	0.39288330078125	0.4632547497749329	0.4240193367004395	0.5039961338043213	0.5127024054527283	0.4643741548061371	0.4803472459316254	0.5896669030189514	0.5878678560256958	0.6522998213768005	0.6502817273139954	0.7250418066978455	0.5771390795707703	0.6185515522956848	0.5967410802841187	0.6040192246437073	0.4959575235843658	0.5171600580215454	0.4267548024654388	0.508924126625061	0.7642723321914673	0.451110452413559	0.5969750285148621	0.6541658639907837	0.6366192698478699	0.6249455213546753	0.5675589442253113	0.6121304035186768	0.6976062059402466	0.6078589558601379	0.6540642380714417	0.6308978796005249	0.6586360335350037	0.5430442690849304	0.4989581704139709	0.4455784559249878	0.4807116687297821	0.4188286066055298	0.6283579468727112	0.5803212523460388	0.6308978199958801	0.6692030429840088	0.5805798172950745	0.4876305758953094	0.4616127908229828	0.510395348072052	0.6340866088867188	0.6650710105895996	0.4668092429637909	0.7306369543075562	0.5709881782531738	0.6547737717628479	0.7431640625	0.6004631519317627	0.6611817479133606	0.5776252746582031	0.616672933101654	0.5064385533332825	0.5504129528999329	0.6111701130867004	0.6443842649459839	0.5079391002655029	0.5880144834518433	0.7035692930221558	0.6390160322189331	0.6275046467781067	0.6155624389648438	0.633622407913208	0.610561192035675	0.5437723398208618	0.5062731504440308	0.5531082153320312	0.5640943050384521	0.4729870855808258	0.566299557685852	0.5819502472877502	0.6073258519172668	0.6715261936187744	0.7309997081756592	0.8392579555511475	0.6424560546875	0.6363351345062256	0.6869288682937622	0.742072582244873	0.7573727965354919	0.7082390785217285	0.6675481200218201	0.5399079322814941	0.5512472987174988	0.5865386724472046	0.7176546454429626	0.691981852054596	0.5900753736495972	0.5649418830871582
NW028-4	0.573208749294281	0.5871341824531555	0.8457587957382202	0.6582382917404175	0.6445677280426025	0.5954159498214722	0.615868866443634	0.680460512638092	0.6172080636024475	0.6405984163284302	0.5011628866195679	0.4447193145751953	0.4717355370521545	0.5082331895828247	0.4759515523910522	0.5912222862243652	0.6169494390487671	0.6420648694038391	0.532750129699707	0.4703467786312103	0.4995085597038269	0.4711209237575531	0.5552991628646851	0.4582626521587372	0.4599830210208893	0.5643116235733032	0.7343463897705078	0.6661170721054077	0.2709662914276123	0.2687432467937469	0.3351626694202423	0.2614204287528992	0.3767350614070892	0.4526850879192352	0.4015794396400452	0.574337363243103	0.3737014830112457	0.4736607074737549	0.4913335740566254	0.5294146537780762	0.4891918003559113	0.497051477432251	0.519171416759491	0.5216764211654663	0.5666210055351257	0.5470744967460632	0.5666808485984802	0.5910285115242004	0.6057852506637573	0.6374870538711548	0.6518068909645081	0.7100043892860413	0.6474709510803223	0.6278713941574097	0.6442792415618896	0.6119226813316345	0.8694981932640076	0.5117369890213013	0.4533798098564148	0.5009087324142456	0.5378406643867493	0.4590710997581482	0.5149521231651306	0.706545889377594	0.7315086126327515	0.683921217918396	0.6907926201820374	0.6802079081535339	0.7464702725410461	0.5568454265594482	0.5238975286483765	0.5639422535896301	0.513678789138794	0.3922313153743744	0.661566436290741	0.5437322854995728	0.5208982825279236	0.5428789258003235	0.4990957677364349	0.4498321413993835	0.6733972430229187	0.5926831364631653	0.6573058366775513	0.7311026453971863	0.6795862317085266	0.6166993975639343	0.6206701993942261	0.5909366011619568	0.6088115572929382	0.5545972585678101	0.4422227442264557	0.3570367693901062	0.3502249419689178	0.3434600234031677	0.426159530878067	0.6474444270133972	0.6245263814926147	0.6052806973457336	0.7457574009895325	0.5746105313301086	0.2292041331529617	0.1841277480125427	0.1336837857961655	0.0	0.2628562748432159	0.7486296892166138	0.6783108115196228	0.7096161246299744	0.6316903829574585	0.455249696969986	0.3973053097724915	0.460936427116394	0.4585472345352173	0.5015572905540466	0.514950156211853	0.458467423915863	0.4758490025997162	0.5794500708580017	0.5785585641860962	0.6485174298286438	0.5992497205734253	0.697799026966095	0.5499355792999268	0.5905072689056396	0.5652120113372803	0.5801587700843811	0.4397383034229279	0.5771862864494324	0.4904035329818726	0.4625869989395142	0.7039706707000732	0.5071338415145874	0.5851423144340515	0.648418128490448	0.6280579566955566	0.6191719770431519	0.5520609617233276	0.6071079969406128	0.668677031993866	0.5737221240997314	0.6181542277336121	0.5986495614051819	0.6275265216827393	0.5453279614448547	0.4959964752197266	0.4368705153465271	0.4794443547725677	0.4097841382026672	0.6266544461250305	0.570459246635437	0.6219666004180908	0.6635392308235168	0.5495507121086121	0.460046261548996	0.4468701481819153	0.4852100908756256	0.6178123950958252	0.647420346736908	0.4620525240898132	0.7244714498519897	0.5537504553794861	0.6420820355415344	0.7341089844703674	0.5912074446678162	0.6497625112533569	0.5429261922836304	0.6037601232528687	0.4804629683494568	0.547252893447876	0.5776649117469788	0.6063235402107239	0.4771817028522491	0.5473917722702026	0.6493616104125977	0.6130547523498535	0.5985307693481445	0.5987480878829956	0.6001685857772827	0.6026756763458252	0.5310282707214355	0.4509758949279785	0.5417357683181763	0.5422482490539551	0.4506941437721252	0.5504825115203857	0.5742567777633667	0.5794154405593872	0.6216094493865967	0.6822943091392517	0.7922993898391724	0.597136378288269	0.588925302028656	0.6736417412757874	0.7377076148986816	0.7527278661727905	0.6994321346282959	0.6560880541801453	0.5079488754272461	0.4991108477115631	0.5416659116744995	0.6712181568145752	0.6525876522064209	0.5428122282028198	0.549435555934906
NW028-5	0.717431902885437	0.6677020192146301	0.6249274015426636	0.7436413168907166	0.7243176698684692	0.7121534943580627	0.7132184505462646	0.7785847783088684	0.718070387840271	0.7481371164321899	0.6280320882797241	0.5582108497619629	0.5890451073646545	0.6059606671333313	0.5416746735572815	0.620768666267395	0.6228610873222351	0.6331268548965454	0.6991413235664368	0.5736033320426941	0.6644831299781799	0.5231247544288635	0.5824546217918396	0.4648774266242981	0.4423912763595581	0.7055311799049377	0.5061998963356018	0.5018197298049927	0.4209878146648407	0.4324585497379303	0.524559497833252	0.461909145116806	0.5656294822692871	0.5462265014648438	0.4680546820163727	0.697265625	0.431199312210083	0.4905151426792145	0.615376353263855	0.6522047519683838	0.6075541377067566	0.6441091895103455	0.6750696897506714	0.6414655447006226	0.6850996017456055	0.6496070623397827	0.6833258867263794	0.7147969603538513	0.7118551731109619	0.725466787815094	0.7712336182594299	0.801463782787323	0.7991698384284973	0.7473734617233276	0.649554967880249	0.7418180108070374	0.8596552014350891	0.6652059555053711	0.6057405471801758	0.6550424695014954	0.693517804145813	0.609575092792511	0.6676738262176514	0.7955631017684937	0.8236082196235657	0.7725280523300171	0.7969182133674622	0.7841534614562988	0.8300569653511047	0.5842241048812866	0.5478955507278442	0.6028741598129272	0.540110170841217	0.513591468334198	0.7669047117233276	0.5087685585021973	0.3815805315971375	0.4512790143489838	0.516983151435852	0.5756178498268127	0.7867705821990967	0.4659239053726196	0.7600023746490479	0.8247643709182739	0.779750406742096	0.7024782299995422	0.7342402935028076	0.6831252574920654	0.7567261457443237	0.705396294593811	0.5070482492446899	0.4828815758228302	0.3702880144119263	0.4770605862140656	0.5637356638908386	0.4895987510681152	0.521909773349762	0.4828821420669556	0.5315365195274353	0.5248736143112183	0.4439160823822021	0.3099450170993805	0.3447931408882141	0.2628562748432159	0.0	0.8441985845565796	0.8114418983459473	0.802941083908081	0.745668351650238	0.6167507767677307	0.5526799559593201	0.6232721209526062	0.6487066149711609	0.6507186889648438	0.6710715293884277	0.5566580295562744	0.5513606071472168	0.6816426515579224	0.6781294345855713	0.7529504895210266	0.5989558100700378	0.8010265231132507	0.6754107475280762	0.6967046856880188	0.702365517616272	0.7168322801589966	0.5376237034797668	0.746343731880188	0.6618351340293884	0.2745845913887024	0.4771530032157898	0.6767377853393555	0.7110866904258728	0.759422779083252	0.742083728313446	0.7708897590637207	0.6661494970321655	0.7287619113922119	0.6696518659591675	0.5971052050590515	0.6200606226921082	0.652224063873291	0.6329236626625061	0.7063947916030884	0.6242413520812988	0.5534557104110718	0.5952901840209961	0.5367217659950256	0.7215131521224976	0.6637550592422485	0.7147393822669983	0.7558720111846924	0.6337728500366211	0.540737509727478	0.5465788841247559	0.5707415342330933	0.6307358741760254	0.7490653395652771	0.6121233701705933	0.8160308599472046	0.6480212211608887	0.7363435626029968	0.8272156119346619	0.6689692735671997	0.7451249361038208	0.6433355212211609	0.7009146213531494	0.5629301071166992	0.6464880108833313	0.594315230846405	0.6547703742980957	0.543056845664978	0.5409033298492432	0.630845308303833	0.5938175320625305	0.6571266651153564	0.6722098588943481	0.5045040845870972	0.714044451713562	0.6561163067817688	0.5236056447029114	0.6524049043655396	0.6883435845375061	0.6093868017196655	0.6658897399902344	0.730530321598053	0.5807667374610901	0.4006280899047852	0.4480810165405273	0.560213565826416	0.4197848439216614	0.4014654159545898	0.7819844484329224	0.8347136378288269	0.8468358516693115	0.8036403656005859	0.770082950592041	0.5902367830276489	0.5118802189826965	0.3192648887634277	0.4415822625160217	0.4560290277004242	0.339000791311264	0.4320791661739349
NW029-1	0.5794205665588379	0.6896360516548157	1.116989731788635	0.7370728850364685	0.66585773229599	0.3411970734596252	0.3097573220729828	0.4280116260051727	0.364184558391571	0.290452629327774	0.4736602604389191	0.5565225481987	0.4723962843418121	0.5228726863861084	0.6308742165565491	0.6684843897819519	0.8560309410095215	0.8401365280151367	0.5672978758811951	0.7085146903991699	0.4776113927364349	0.7931734919548035	0.869621992111206	0.7087797522544861	0.6748084425926208	0.5936428308486938	1.043261408805847	0.9852778315544128	0.7071248888969421	0.6887272000312805	0.6368561387062073	0.7237793207168579	0.6959435939788818	0.644742488861084	0.6529605984687805	0.499245673418045	0.674960196018219	0.7444717288017273	0.6194510459899902	0.565201461315155	0.5965552926063538	0.5769013166427612	0.5648301243782043	0.6207071542739868	0.5311424732208252	0.5666482448577881	0.5315291881561279	0.5303332209587097	0.5385463237762451	0.483944296836853	0.4386408627033234	0.558556854724884	0.4413816332817078	0.485597163438797	0.8160814642906189	0.5578131079673767	1.096118092536926	0.4558272659778595	0.5349940061569214	0.4744987785816193	0.4217873811721802	0.5187965035438538	0.4814883172512054	0.5347324013710022	0.5274304747581482	0.5726257562637329	0.5078426599502563	0.4873510301113129	0.5554238557815552	0.7584791779518127	0.7270029783248901	0.6743289828300476	0.8078215718269348	0.6529985070228577	0.6078026294708252	0.6504051685333252	0.7630627155303955	0.7028725147247314	0.8198788166046143	0.5743842124938965	0.4141043722629547	0.7525196075439453	0.4080500304698944	0.2564012110233307	0.2951754927635193	0.6885256767272949	0.4780812859535217	0.584696352481842	0.4959852695465088	0.5790321826934814	0.5857102274894714	0.5460236668586731	0.6520608067512512	0.5720851421356201	0.5033732056617737	0.9731963276863098	0.9192246794700623	0.8884981870651245	1.051372170448303	0.8527620434761047	0.6902201771736145	0.7003259658813477	0.7590463757514954	0.7486296892166138	0.8441985845565796	0.0	0.1739345341920853	0.2055571228265762	0.2271637767553329	0.5276197195053101	0.5661255717277527	0.5772377252578735	0.5259358882904053	0.535006046295166	0.5481099486351013	0.5126748085021973	0.5463680028915405	0.4469926953315735	0.4611612856388092	0.5740470290184021	0.8867744207382202	0.6563043594360352	0.6890759468078613	0.6844241619110107	0.6864758133888245	0.6768485903739929	0.6923417448997498	0.7014608383178711	0.6354803442955017	0.7627822160720825	1.018567085266113	0.6328809857368469	0.4466186761856079	0.4673257172107697	0.447767585515976	0.4338478744029999	0.4668018817901611	0.4825311899185181	0.8475779294967651	0.726645827293396	0.758246898651123	0.7194806337356567	0.8079978227615356	0.4458787143230438	0.489258199930191	0.5365794897079468	0.537397027015686	0.5562385320663452	0.6109135150909424	0.6301379799842834	0.5542379021644592	0.5496126413345337	0.5948365330696106	0.5137633085250854	0.514300525188446	0.4874487519264221	0.5594301223754883	0.4672013521194458	0.5764469504356384	0.2615305483341217	0.4428246021270752	0.4523599743843079	0.2735923230648041	0.6800615191459656	0.6933029294013977	0.7191697955131531	0.6541191339492798	0.639858067035675	0.5090993642807007	0.7755700945854187	0.7121474742889404	0.6828139424324036	0.7646294236183167	0.9266454577445984	0.8375473022460938	0.6363525390625	0.6299431920051575	0.8363707065582275	0.5695085525512695	0.486748069524765	0.6141624450683594	0.4641126692295074	0.5373477339744568	0.5518179535865784	0.5788097977638245	0.4814384579658508	0.7782813906669617	0.7990729808807373	0.8379228115081787	0.9711623787879944	0.7740762829780579	0.7438392639160156	0.291533350944519	0.2976215183734894	0.3194334805011749	0.289030909538269	0.2716509997844696	0.6081358790397644	0.7040262818336487	0.798785924911499	0.9193432331085205	0.8186242580413818	0.8173899054527283	0.6713191866874695
NW029-2	0.545224666595459	0.701079785823822	1.155308485031128	0.7609408497810364	0.6839479804039001	0.3226105868816376	0.3531875908374786	0.4979363679885864	0.3579568862915039	0.3123171925544739	0.4675474166870117	0.5834878087043762	0.489513635635376	0.5500192046165466	0.6613479852676392	0.7013950943946838	0.8938942551612854	0.8793153762817383	0.5317964553833008	0.7286089658737183	0.4432987868785858	0.8159918785095215	0.9029287695884705	0.7446324229240417	0.6928638219833374	0.5603967905044556	1.079049229621887	1.022561550140381	0.6358376741409302	0.6104699969291687	0.5590555667877197	0.6502703428268433	0.6206023693084717	0.6642476320266724	0.6667584776878357	0.4721502065658569	0.6782079935073853	0.775099515914917	0.5959250926971436	0.54255211353302	0.5814051032066345	0.523747444152832	0.5261898040771484	0.632209062576294	0.506838321685791	0.580910861492157	0.5245029926300049	0.5007568597793579	0.5367900729179382	0.4878849983215332	0.4223048985004425	0.5641810894012451	0.3979140520095825	0.4625030159950256	0.8320139646530151	0.5215029716491699	1.128268241882324	0.4209795594215393	0.4903209805488586	0.4267945885658264	0.3812126219272614	0.4567791223526001	0.4463546872138977	0.5192111730575562	0.5183779001235962	0.576181173324585	0.5053740739822388	0.4796078205108643	0.546674370765686	0.7994251847267151	0.7654226422309875	0.7007931470870972	0.8437296152114868	0.6579049229621887	0.518191397190094	0.5718306303024292	0.717201828956604	0.7180813550949097	0.8487647175788879	0.562702476978302	0.4118404686450958	0.7775245308876038	0.4264456927776337	0.3935488760471344	0.3874731361865997	0.6918953657150269	0.4566959142684937	0.6039708852767944	0.4579369723796844	0.5388080477714539	0.6179240942001343	0.4902666807174683	0.6480644345283508	0.5053152441978455	0.4210641384124756	1.01010799407959	0.9564148783683777	0.925394594669342	1.088708519935608	0.8896313309669495	0.615534782409668	0.6257567405700684	0.6898784637451172	0.6783108115196228	0.8114418983459473	0.1739345341920853	0.0	0.238080620765686	0.1671998202800751	0.4680964350700378	0.4943960309028625	0.5225368738174438	0.453173041343689	0.4613521695137024	0.5220189690589905	0.5126452445983887	0.5693622827529907	0.4521880745887756	0.4599319100379944	0.5525810718536377	0.9231878519058228	0.6691211462020874	0.6605850458145142	0.68345707654953	0.6493003368377686	0.6408352851867676	0.6903658509254456	0.6268765926361084	0.5602232217788696	0.7507041692733765	1.057097315788269	0.5604827404022217	0.3948315382003784	0.4515193104743958	0.4144826829433441	0.3779627680778503	0.457285463809967	0.4463307559490204	0.8838691711425781	0.7579343914985657	0.7939693331718445	0.7505872845649719	0.8464497327804565	0.3971526920795441	0.4540857076644897	0.5191941857337952	0.5143130421638489	0.5295994877815247	0.6276666522026062	0.6362990140914917	0.5599689483642578	0.5543795228004456	0.5995181798934937	0.5128869414329529	0.5278628468513489	0.5170966386795044	0.5911065936088562	0.4399691522121429	0.5427621006965637	0.3999438583850861	0.4822790622711182	0.5531123280525208	0.4132035374641418	0.7054456472396851	0.7178667783737183	0.7437045574188232	0.6714650988578796	0.665805459022522	0.527861475944519	0.8066803812980652	0.7317053079605103	0.7026023268699646	0.7989271879196167	0.9691128134727478	0.8713038563728333	0.663221001625061	0.658085286617279	0.8649100661277771	0.5576198101043701	0.4342675805091858	0.6219099164009094	0.4344236254692078	0.4963796734809875	0.524132490158081	0.5834887623786926	0.4394904375076294	0.8121778964996338	0.8220086097717285	0.8543946743011475	1.009434819221497	0.804313063621521	0.7619534730911255	0.3701107203960419	0.4314510524272919	0.4597848355770111	0.4161681830883026	0.3669969737529755	0.6171566247940063	0.738528311252594	0.8337303400039673	0.9579668641090393	0.8518289923667908	0.851879358291626	0.6891770958900452
NW029-3	0.5994462370872498	0.7052245736122131	1.081116557121277	0.6172561645507812	0.569965124130249	0.3542546927928925	0.3208531141281128	0.4461724162101746	0.3284943103790283	0.3160759806632996	0.4931993782520294	0.5600739121437073	0.4873194992542267	0.5228632092475891	0.6278060674667358	0.6727184653282166	0.8489382266998291	0.8374678492546082	0.5859925746917725	0.7041311264038086	0.4901446104049683	0.7860011458396912	0.8650911450386047	0.6971641182899475	0.626709520816803	0.6162973642349243	0.9888882637023926	0.9283281564712524	0.71805739402771	0.6994997262954712	0.6565032601356506	0.7353904843330383	0.7138420343399048	0.6455571055412292	0.6644068360328674	0.529633104801178	0.6877502202987671	0.7426868677139282	0.6392351388931274	0.570829451084137	0.6057314276695251	0.5818623304367065	0.5917442440986633	0.6324803829193115	0.5488192439079285	0.5809944272041321	0.541249692440033	0.5421669483184814	0.5564171075820923	0.4850175380706787	0.4617538452148438	0.5448797345161438	0.5113924145698547	0.5232195258140564	0.8250275254249573	0.5822544097900391	1.103525161743164	0.4912243783473969	0.560988187789917	0.5047322511672974	0.450866162776947	0.5453980565071106	0.5074405670166016	0.4624021947383881	0.4566483199596405	0.5489038228988647	0.4647977352142334	0.4678462743759155	0.475754976272583	0.7539013624191284	0.7238675355911255	0.6481701731681824	0.8107464909553528	0.6617392301559448	0.5661182403564453	0.6012876033782959	0.7311323285102844	0.6646829843521118	0.8211677074432373	0.592177152633667	0.4323591887950897	0.7174366116523743	0.4098841845989227	0.3390861749649048	0.3401928842067719	0.6642545461654663	0.5023765563964844	0.5957585573196411	0.5301068425178528	0.5976161956787109	0.584331750869751	0.5515305995941162	0.6211041212081909	0.5667110085487366	0.5319567322731018	0.9206854701042175	0.8668712377548218	0.8363056778907776	1.000450849533081	0.8048016428947449	0.6687785387039185	0.6581971049308777	0.7207304239273071	0.7096161246299744	0.802941083908081	0.2055571228265762	0.238080620765686	0.0	0.2199081629514694	0.5355977416038513	0.5822661519050598	0.588956356048584	0.5294772982597351	0.545052707195282	0.5721157193183899	0.5255605578422546	0.5650749206542969	0.4689776599407196	0.4823704957962036	0.6031875610351562	0.8713828921318054	0.7056517601013184	0.7109497785568237	0.7082363963127136	0.7107431888580322	0.7064723968505859	0.7079461216926575	0.7219432592391968	0.6510858535766602	0.717662513256073	0.9689317345619202	0.6365194916725159	0.4048170149326324	0.4102784693241119	0.3942655622959137	0.4466252326965332	0.4784145653247833	0.4239163398742676	0.8467093706130981	0.7270094156265259	0.7570616006851196	0.7202574014663696	0.8079848289489746	0.4782364964485168	0.507084310054779	0.553942859172821	0.555052638053894	0.5727813839912415	0.6050151586532593	0.6174933314323425	0.5430537462234497	0.5354158878326416	0.5753161311149597	0.4841770231723785	0.504938542842865	0.4513368606567383	0.5174046754837036	0.3998058438301086	0.5923219919204712	0.3406937122344971	0.4357526302337646	0.4881391823291779	0.3363109827041626	0.6328738927841187	0.6442460417747498	0.6731134057044983	0.6087452173233032	0.5872529745101929	0.5036735534667969	0.7603014707565308	0.6074917912483215	0.6854153275489807	0.7386298179626465	0.8887929320335388	0.8059760332107544	0.639198899269104	0.6378195285797119	0.7986259460449219	0.5681164860725403	0.5097246170043945	0.6123096942901611	0.4830660223960876	0.4652606844902039	0.5203637480735779	0.5239889621734619	0.4395677447319031	0.778782844543457	0.735544741153717	0.7669121026992798	0.9204592108726501	0.7285380363464355	0.6761292815208435	0.3637990355491638	0.401262640953064	0.4265398979187012	0.3962317705154419	0.3773826062679291	0.5869103074073792	0.7068259119987488	0.7467672824859619	0.8742491006851196	0.7708194255828857	0.7707819938659668	0.6287315487861633
NW029-5	0.5162184238433838	0.66452956199646	1.074749708175659	0.7073249816894531	0.6560806035995483	0.3393720984458923	0.3482087850570679	0.490277111530304	0.3262593746185303	0.3239390254020691	0.4113146662712097	0.5210336446762085	0.4263706803321838	0.4870749413967133	0.5945244431495667	0.6726630330085754	0.84822678565979	0.8401026725769043	0.4994942247867584	0.6623758673667908	0.4076209366321564	0.7535234689712524	0.8643591403961182	0.6782367825508118	0.5905070900917053	0.5292664170265198	0.991583526134491	0.9301468133926392	0.6359817385673523	0.6188116073608398	0.5758103132247925	0.6558404564857483	0.6277574896812439	0.6158648133277893	0.6316201686859131	0.4290910661220551	0.6403321027755737	0.7237770557403564	0.560953676700592	0.4810779988765717	0.5425577759742737	0.4928642511367798	0.4999406039714813	0.5828472971916199	0.4838126301765442	0.5686554312705994	0.4903757274150848	0.4759279191493988	0.5302633047103882	0.4396058320999146	0.3811981976032257	0.5350309014320374	0.3886260986328125	0.4327147305011749	0.8073146343231201	0.4934939444065094	1.103829979896545	0.3992367684841156	0.4609466791152954	0.4183122515678406	0.3690817058086395	0.4360040128231049	0.438081681728363	0.5048861503601074	0.5009095668792725	0.5513176918029785	0.4934517443180084	0.4710069000720978	0.5280468463897705	0.7458223104476929	0.7106649279594421	0.6650824546813965	0.8048436045646667	0.6026771068572998	0.5392789840698242	0.5478833913803101	0.6684163808822632	0.613409161567688	0.8087144494056702	0.5241156220436096	0.3516409993171692	0.6738184690475464	0.4103426039218903	0.3761128485202789	0.3633109927177429	0.624833881855011	0.4230333268642426	0.5611139535903931	0.4422101676464081	0.5351320505142212	0.5695742964744568	0.4520387947559357	0.5631112456321716	0.4631280303001404	0.4017288386821747	0.9215501546859741	0.8683444261550903	0.8383499979972839	1.004823327064514	0.8013131022453308	0.5866677165031433	0.5834597945213318	0.6439949870109558	0.6316903829574585	0.745668351650238	0.2271637767553329	0.1671998202800751	0.2199081629514694	0.0	0.4437269270420074	0.4910617768764496	0.5067989230155945	0.435877799987793	0.469583660364151	0.5123250484466553	0.4658751487731934	0.5334291458129883	0.4339148700237274	0.4405630528926849	0.5299820899963379	0.8808081746101379	0.6435153484344482	0.659887433052063	0.6730538606643677	0.6559039354324341	0.6502995491027832	0.6763835549354553	0.6356103420257568	0.565693199634552	0.6852549910545349	0.9661042094230652	0.5533924102783203	0.3956517279148102	0.4326135814189911	0.3935420513153076	0.3888770937919617	0.4198264181613922	0.4281790256500244	0.8523958325386047	0.7187047600746155	0.7625504732131958	0.7011299729347229	0.8171276450157166	0.3857901096343994	0.4264771938323975	0.4785147905349731	0.4827467799186707	0.4961749017238617	0.5897507667541504	0.5965353846549988	0.5131422281265259	0.5091133117675781	0.5425856709480286	0.4402549564838409	0.4598572552204132	0.4381170868873596	0.5206989645957947	0.4007787108421326	0.518394410610199	0.3818514049053192	0.4317249655723572	0.5430271625518799	0.3898543119430542	0.619243860244751	0.6400777697563171	0.6751208901405334	0.600119948387146	0.5669271945953369	0.459022581577301	0.7263559103012085	0.6432932019233704	0.6404209733009338	0.7042614817619324	0.8705756068229675	0.7946678996086121	0.6260642409324646	0.6184627413749695	0.7889963984489441	0.4952812194824219	0.3939986526966095	0.5717913508415222	0.3909153640270233	0.4892218708992004	0.4749909043312073	0.581807017326355	0.4524729251861572	0.7841562628746033	0.71454918384552	0.7602207064628601	0.9184913039207458	0.704998254776001	0.6537620425224304	0.3714509010314941	0.4365257620811462	0.4670044481754303	0.417805016040802	0.3599481582641602	0.5565699338912964	0.6911620497703552	0.7300412058830261	0.8768088817596436	0.7520212531089783	0.7458592653274536	0.5862733125686646
NW030-1	0.4449347853660583	0.6372613906860352	0.9965649843215942	0.7310412526130676	0.6950345039367676	0.400186151266098	0.4403167366981506	0.5381958484649658	0.4682541191577911	0.431771993637085	0.4418984055519104	0.4818359315395355	0.4382114708423615	0.5100437998771667	0.538251519203186	0.6535676121711731	0.7387621402740479	0.7583559155464172	0.3584771752357483	0.5896591544151306	0.3980697989463806	0.6917507648468018	0.7701126337051392	0.5713563561439514	0.55974942445755	0.4609644412994385	0.913345992565155	0.8464371562004089	0.4421846568584442	0.3947187066078186	0.3103524744510651	0.4400646388530731	0.3607237339019775	0.5435923933982849	0.5316726565361023	0.4128043949604034	0.5215940475463867	0.6170387864112854	0.4870827496051788	0.3895083367824554	0.4684432148933411	0.4230191111564636	0.3127142190933228	0.4893358945846558	0.4906433820724487	0.5524420738220215	0.5024688243865967	0.5051025152206421	0.5603479743003845	0.531328022480011	0.4580236971378326	0.6323288083076477	0.4052606225013733	0.4039851725101471	0.730766236782074	0.4591192901134491	0.9911590814590454	0.2444128692150116	0.3035355806350708	0.20362688601017	0.2496138662099838	0.286455363035202	0.2554202377796173	0.6325769424438477	0.6285617351531982	0.6473948955535889	0.5961976051330566	0.571952760219574	0.669074296951294	0.6563144326210022	0.6042130589485168	0.6352728605270386	0.6453388929367065	0.4666382968425751	0.5180864930152893	0.5225214958190918	0.6176013350486755	0.6001337170600891	0.6785484552383423	0.4664683938026428	0.4526467621326447	0.6769315600395203	0.4899161159992218	0.5503022074699402	0.506955623626709	0.6442307233810425	0.473433643579483	0.5805560350418091	0.3963532447814941	0.4267831444740295	0.4920307397842407	0.3575217127799988	0.4484230279922485	0.3601321280002594	0.3447567224502563	0.8521578907966614	0.7986341118812561	0.7682560682296753	0.9317741394042969	0.7315824031829834	0.3265391886234283	0.3598288595676422	0.4506781101226807	0.455249696969986	0.6167507767677307	0.5276197195053101	0.4680964350700378	0.5355977416038513	0.4437269270420074	0.0	0.1371176540851593	0.2356444150209427	0.1514434963464737	0.3221736252307892	0.1506654918193817	0.4691954255104065	0.5218572616577148	0.5066415071487427	0.5224296450614929	0.5732309818267822	0.7526260614395142	0.5713323950767517	0.5065015554428101	0.5332298874855042	0.4874816238880157	0.4687692523002625	0.5562925934791565	0.4556015729904175	0.4606810510158539	0.639859676361084	0.8798007369041443	0.4423412382602692	0.4165329933166504	0.4766298830509186	0.4314084649085999	0.3804165422916412	0.4465517103672028	0.4410718083381653	0.7890893220901489	0.6913925409317017	0.7339590787887573	0.6947928071022034	0.768115222454071	0.3057033717632294	0.3704477548599243	0.405831903219223	0.3795406222343445	0.401205986738205	0.5490455627441406	0.5754777789115906	0.5586385726928711	0.6046569347381592	0.5761148929595947	0.4396217465400696	0.4422232508659363	0.4941017627716064	0.6427546143531799	0.5287718176841736	0.3748900890350342	0.5255969166755676	0.5611432790756226	0.610876739025116	0.5472416281700134	0.6087402105331421	0.6053237915039062	0.6227845549583435	0.6042879223823547	0.5665399432182312	0.4932173192501068	0.6764960885047913	0.7386431097984314	0.5785530209541321	0.6789971590042114	0.8110551238059998	0.7272900342941284	0.6811357736587524	0.6831837296485901	0.7188753485679626	0.4854656457901001	0.3744304180145264	0.5221946239471436	0.403536468744278	0.453365296125412	0.4157364666461945	0.5367526412010193	0.3912311792373657	0.6891308426856995	0.7248344421386719	0.7806819677352905	0.8846904039382935	0.6833274364471436	0.6829309463500977	0.4788004755973816	0.5381133556365967	0.5513889193534851	0.5052270293235779	0.451729416847229	0.5578200817108154	0.5961154103279114	0.6771052479743958	0.8153463006019592	0.7617535591125488	0.701431930065155	0.576410710811615
NW030-2	0.4237652719020844	0.5915384292602539	0.9793801307678223	0.7080981731414795	0.6753479838371277	0.4133162200450897	0.4481352865695953	0.5268337726593018	0.4783449769020081	0.4595051109790802	0.4061918556690216	0.4342233240604401	0.4029957950115204	0.4709406793117523	0.4903202950954437	0.6009669899940491	0.6850611567497253	0.7089610695838928	0.4057036638259888	0.5637827515602112	0.3830808699131012	0.6658501029014587	0.7418361902236938	0.5242685675621033	0.5404210686683655	0.4265293478965759	0.8938764929771423	0.8170678019523621	0.3613475561141968	0.3230222463607788	0.2632352709770203	0.3732379674911499	0.2966505885124207	0.4887855350971222	0.4644242823123932	0.4314880073070526	0.4587145149707794	0.5684860348701477	0.4699426889419556	0.4305586218833923	0.4506137669086456	0.4114938378334045	0.3195968568325043	0.4415938258171082	0.459800124168396	0.5148717164993286	0.4623397290706635	0.4747762382030487	0.5273916721343994	0.4939527213573456	0.479599267244339	0.6037232279777527	0.4554725587368011	0.4377226233482361	0.6965553760528564	0.440500795841217	0.9619471430778503	0.2701980471611023	0.2596189081668854	0.2263001650571823	0.2760359644889832	0.2683389782905579	0.2607682645320892	0.6026964783668518	0.6026281118392944	0.6163510680198669	0.569776177406311	0.5450209379196167	0.64021897315979	0.5744021534919739	0.5334625244140625	0.5640368461608887	0.5752915143966675	0.4002533555030823	0.5295641422271729	0.4816376566886902	0.5745549201965332	0.5639763474464417	0.6275513172149658	0.4136688709259033	0.4943304657936096	0.6450727581977844	0.4807032942771912	0.5611263513565063	0.5088717341423035	0.6288260221481323	0.4428662359714508	0.5396389365196228	0.3891194760799408	0.4072425663471222	0.4453494846820831	0.2873280644416809	0.4187684655189514	0.302250474691391	0.2683046162128448	0.8348690271377563	0.7827133536338806	0.752899169921875	0.9169108271598816	0.7200201749801636	0.288759171962738	0.3164189457893372	0.39288330078125	0.3973053097724915	0.5526799559593201	0.5661255717277527	0.4943960309028625	0.5822661519050598	0.4910617768764496	0.1371176540851593	0.0	0.2199331372976303	0.2128088921308517	0.2732986509799957	0.2214471995830536	0.4275125861167908	0.4809591174125671	0.4754739105701447	0.4902787804603577	0.547683835029602	0.7251678705215454	0.6159738898277283	0.482017993927002	0.5082537531852722	0.4709019660949707	0.4597437381744385	0.5214318037033081	0.4625211954116821	0.3999427556991577	0.5732412934303284	0.8621420860290527	0.4228550791740417	0.4254875183105469	0.5094768404960632	0.455201655626297	0.4210772514343262	0.4167737662792206	0.4625683426856995	0.7546932697296143	0.6531817317008972	0.6991744041442871	0.6656224727630615	0.7283709645271301	0.3346941471099854	0.3119244873523712	0.3624815940856934	0.3337445557117462	0.3490598797798157	0.5147181153297424	0.5402103066444397	0.5173097252845764	0.562610387802124	0.5295828580856323	0.4094046354293823	0.4009225070476532	0.4621263146400452	0.623828649520874	0.5074231028556824	0.3467449247837067	0.5553187131881714	0.531897783279419	0.5804257988929749	0.5819437503814697	0.5848839282989502	0.5924116969108582	0.6109276413917542	0.584367573261261	0.5441925525665283	0.4750195145606995	0.6603870987892151	0.711517333984375	0.5391390323638916	0.6407924294471741	0.7854522466659546	0.7032535076141357	0.6307148933410645	0.632323145866394	0.6940339207649231	0.4600823521614075	0.3632169961929321	0.4940424859523773	0.3689504861831665	0.4351802468299866	0.4049385786056519	0.4978092312812805	0.4023468792438507	0.6318552494049072	0.7169142365455627	0.7649949789047241	0.8834092617034912	0.6719851493835449	0.6636961698532104	0.5053586363792419	0.5609676241874695	0.5790975689888	0.5249570608139038	0.4814942479133606	0.5159052610397339	0.5543295741081238	0.6589175462722778	0.7979504466056824	0.735160231590271	0.68157559633255	0.5548524260520935
NW030-4	0.3488487899303436	0.4657905101776123	0.8451023101806641	0.708612859249115	0.6588913202285767	0.4040892422199249	0.4087711572647095	0.3842531144618988	0.4001259505748749	0.4276537299156189	0.4476900100708008	0.4837027788162231	0.4299006760120392	0.5006811022758484	0.5248929858207703	0.6049867272377014	0.7420614957809448	0.7397955060005188	0.4045546650886536	0.5550103783607483	0.3663498163223267	0.674715518951416	0.7504546046257019	0.5673186182975769	0.563425600528717	0.3704198896884918	0.9133594632148743	0.8471552729606628	0.456131637096405	0.4143192172050476	0.3116155862808228	0.4410076439380646	0.4051113128662109	0.5474951863288879	0.5307467579841614	0.4919070899486542	0.5254214406013489	0.6208691000938416	0.4112235009670258	0.4652255177497864	0.4495370090007782	0.4226631820201874	0.3754391372203827	0.5122101306915283	0.4059209227561951	0.5269761085510254	0.516594409942627	0.4874086380004883	0.5368582010269165	0.5177274346351624	0.51039719581604	0.4961008429527283	0.4964832961559296	0.4750359058380127	0.5691200494766235	0.3553175926208496	0.8308340907096863	0.2787502110004425	0.2925949096679688	0.2496828436851501	0.2964402735233307	0.2104406952857971	0.2220422178506851	0.5009313821792603	0.5032462477684021	0.4861412644386292	0.4546265602111816	0.4587515294551849	0.4932510256767273	0.6642569303512573	0.6019851565361023	0.6418421864509583	0.6436392068862915	0.45905402302742	0.6103230118751526	0.5257740616798401	0.5918963551521301	0.5936784148216248	0.6626086235046387	0.4431978166103363	0.4924448728561401	0.6537664532661438	0.5316962599754333	0.6171197891235352	0.5591281652450562	0.4529296159744263	0.3226016461849213	0.4427061975002289	0.3119578957557678	0.2487898617982864	0.4938955903053284	0.3860513865947723	0.4782320261001587	0.3820942938327789	0.3423125445842743	0.8503391146659851	0.806779682636261	0.7767887115478516	0.932391881942749	0.746330976486206	0.3702545166015625	0.3826832175254822	0.4632547497749329	0.460936427116394	0.6232721209526062	0.5772377252578735	0.5225368738174438	0.588956356048584	0.5067989230155945	0.2356444150209427	0.2199331372976303	0.0	0.3294519484043121	0.1803416907787323	0.2485224902629852	0.4478214383125305	0.4551878571510315	0.4784122109413147	0.4594307541847229	0.4030729234218597	0.591882050037384	0.6275463700294495	0.4169372022151947	0.4950730800628662	0.4318265914916992	0.4400876462459564	0.4804840981960297	0.5485237836837769	0.4580705165863037	0.6151021122932434	0.8774381279945374	0.4905484318733215	0.4561198651790619	0.5279910564422607	0.4766977727413177	0.4565447568893433	0.4458004534244537	0.5029776692390442	0.6616644263267517	0.602139413356781	0.6039231419563293	0.521799623966217	0.632442831993103	0.3655183911323547	0.3557170033454895	0.3467232584953308	0.3562484085559845	0.361752063035965	0.5440666675567627	0.5500048995018005	0.5231992602348328	0.5683130621910095	0.5532160997390747	0.3919858634471893	0.4389815926551819	0.4763441681861877	0.4990135729312897	0.5272024273872375	0.3658748865127563	0.5712072849273682	0.5409141182899475	0.58638596534729	0.5938007831573486	0.5462564826011658	0.6007795929908752	0.5417832136154175	0.5667938590049744	0.5585452914237976	0.3727845847606659	0.6749412417411804	0.736548662185669	0.5685579180717468	0.678274393081665	0.8120691776275635	0.7298723459243774	0.6087270379066467	0.5711492300033569	0.5748046040534973	0.388043999671936	0.365243136882782	0.5220974087715149	0.3878173232078552	0.37735715508461	0.3164407312870026	0.4743870198726654	0.3542037904262543	0.5748853087425232	0.7048825621604919	0.761397659778595	0.8662724494934082	0.6787197589874268	0.6651794910430908	0.5089364647865295	0.5873758792877197	0.5831949710845947	0.5536958575248718	0.5007853507995605	0.5097001791000366	0.59514981508255	0.6780223250389099	0.8089444637298584	0.7548147439956665	0.6998586654663086	0.5714889168739319
NW030-5-1	0.4901007115840912	0.6768919229507446	1.070874691009521	0.7724502682685852	0.7412649393081665	0.4441261291503906	0.4809019863605499	0.61234050989151	0.492694765329361	0.4643791615962982	0.4862872660160065	0.5461967587471008	0.481095939874649	0.5531907677650452	0.6184468865394592	0.6942020654678345	0.8300511837005615	0.851432204246521	0.4381188750267029	0.6739911437034607	0.4381821155548096	0.7758161425590515	0.8550641536712646	0.6727839708328247	0.6376185417175293	0.5054015517234802	0.9918034076690674	0.9317679405212402	0.4689963757991791	0.4218789339065552	0.2775954902172089	0.4022911787033081	0.3243491649627686	0.5994852185249329	0.619296669960022	0.4086566269397736	0.6095542907714844	0.7110970616340637	0.5784932971000671	0.4657613039016724	0.5479586720466614	0.5129289031028748	0.4074377417564392	0.57158362865448	0.5334010124206543	0.5974488258361816	0.5450207591056824	0.542833685874939	0.6013189554214478	0.5686337351799011	0.4967416524887085	0.6676733493804932	0.4238737523555756	0.445082813501358	0.8231982588768005	0.5113451480865479	1.083720445632935	0.2915503978729248	0.3735888600349426	0.2759191691875458	0.287663996219635	0.3682692348957062	0.3099008202552795	0.6659274697303772	0.66110759973526	0.6790175437927246	0.6274939775466919	0.6048539876937866	0.7028636336326599	0.7155307531356812	0.6662408113479614	0.6921290159225464	0.7520347833633423	0.5726589560508728	0.3972510695457458	0.4291952550411224	0.6381428837776184	0.6421803832054138	0.7806039452552795	0.5172924399375916	0.4557275474071503	0.7076176404953003	0.5381540060043335	0.5747237205505371	0.5425715446472168	0.7219421863555908	0.5092959403991699	0.6227703094482422	0.4372856020927429	0.5074642300605774	0.553702175617218	0.3937480449676514	0.5307523012161255	0.3983074724674225	0.3501289188861847	0.9314800500869751	0.8778069019317627	0.8467725515365601	1.010179400444031	0.8094338178634644	0.300425797700882	0.3883572816848755	0.4240193367004395	0.4585472345352173	0.6487066149711609	0.5259358882904053	0.453173041343689	0.5294772982597351	0.435877799987793	0.1514434963464737	0.2128088921308517	0.3294519484043121	0.0	0.3189281821250916	0.2759855985641479	0.5110679268836975	0.5813438296318054	0.5407243967056274	0.557898223400116	0.6067990660667419	0.8474215269088745	0.6219469308853149	0.595716118812561	0.6203344464302063	0.57692950963974	0.5579984784126282	0.6491971015930176	0.3673814535140991	0.3810534477233887	0.6434838175773621	0.9631181359291077	0.3631041944026947	0.4425424337387085	0.4954156875610352	0.4635173380374908	0.3759511113166809	0.4787607491016388	0.4719938039779663	0.8732666373252869	0.7756204605102539	0.8188502788543701	0.7768023014068604	0.8542549014091492	0.3157339990139008	0.409667581319809	0.4735383093357086	0.4517621099948883	0.4768454432487488	0.6105527877807617	0.6573503017425537	0.610072672367096	0.646611750125885	0.639738142490387	0.4697242379188538	0.4772582650184631	0.5270136594772339	0.66703200340271	0.5584150552749634	0.4549985229969025	0.5573901534080505	0.5959197282791138	0.6598919630050659	0.5795828700065613	0.6706074476242065	0.6822270750999451	0.7020203471183777	0.6605082154273987	0.6425639390945435	0.5323905944824219	0.7603870630264282	0.7717183232307434	0.6665531396865845	0.7413123846054077	0.8937510848045349	0.808140218257904	0.7204551696777344	0.7349355816841125	0.803652286529541	0.5132208466529846	0.4494637846946716	0.6120847463607788	0.4450902342796326	0.4930001199245453	0.4578793942928314	0.5843845009803772	0.4374195337295532	0.7379321455955505	0.7959880232810974	0.8328718543052673	0.9559535980224609	0.7503513693809509	0.7403812408447266	0.5070168375968933	0.5525864958763123	0.5797089338302612	0.5265666246414185	0.4807012975215912	0.627616286277771	0.6874780654907227	0.7608861923217773	0.8927764892578125	0.7966424822807312	0.7814469933509827	0.6295838356018066
NW030-5-2	0.3721300363540649	0.5068445801734924	0.9327679872512817	0.725151002407074	0.6802458167076111	0.3862699270248413	0.3914336860179901	0.4519703090190887	0.3831751346588135	0.3901977837085724	0.4311833083629608	0.5114970803260803	0.4417423009872437	0.5086162686347961	0.5733715295791626	0.6166931390762329	0.8002440929412842	0.8069087266921997	0.4326728582382202	0.6168484687805176	0.3693935573101044	0.7225129008293152	0.7968648672103882	0.6490305066108704	0.6221446394920349	0.3951224088668823	0.9821913242340088	0.9191049933433533	0.464444488286972	0.4303320944309235	0.3400309979915619	0.4522071480751038	0.4134309887886047	0.5890148878097534	0.5816364288330078	0.464256227016449	0.5737616419792175	0.6633718013763428	0.4834944903850555	0.5060087442398071	0.5192347168922424	0.4821051061153412	0.4231089055538177	0.5684296488761902	0.4061597883701324	0.5237846970558167	0.5088249444961548	0.4888329207897186	0.5385617017745972	0.5161028504371643	0.4675427079200745	0.4812276065349579	0.4556207060813904	0.4641344249248505	0.6405538320541382	0.3472905158996582	0.9019538760185242	0.2815216481685638	0.3413429260253906	0.2994272112846375	0.2833218276500702	0.2757845818996429	0.257312536239624	0.4972336292266846	0.4870376884937286	0.4805780351161957	0.4371573030948639	0.4389567077159882	0.5001814961433411	0.687052309513092	0.6474955081939697	0.6497801542282104	0.7153497934341431	0.5273901224136353	0.5228919386863708	0.4423097372055054	0.5992019176483154	0.6298468708992004	0.7317150831222534	0.4695771932601929	0.4515886604785919	0.6849939227104187	0.5244848728179932	0.5718451142311096	0.5099846720695496	0.5426332950592041	0.3338952362537384	0.473688930273056	0.3021493554115295	0.3377692699432373	0.5532752275466919	0.408920019865036	0.5578106045722961	0.4150785207748413	0.3206569254398346	0.9113728404045105	0.8573034405708313	0.8282615542411804	0.9922448396682739	0.7964988350868225	0.411015659570694	0.4211943447589874	0.5039961338043213	0.5015572905540466	0.6507186889648438	0.535006046295166	0.4613521695137024	0.545052707195282	0.469583660364151	0.3221736252307892	0.2732986509799957	0.1803416907787323	0.3189281821250916	0.0	0.3175196349620819	0.4722647666931152	0.5001868605613708	0.4634938836097717	0.444705605506897	0.4204663038253784	0.6897623538970947	0.6289108991622925	0.4608722329139709	0.5298547148704529	0.4710891842842102	0.4667558073997498	0.5134354829788208	0.485061377286911	0.3641393780708313	0.6058632731437683	0.9510791301727295	0.4161553084850311	0.4093447327613831	0.4931780695915222	0.4446792900562286	0.4082587659358978	0.4219474196434021	0.4490370750427246	0.7113403677940369	0.652407169342041	0.6533747911453247	0.5924915671348572	0.6798666715621948	0.3193347156047821	0.3390659093856812	0.3811324834823608	0.3875584006309509	0.3969953060150146	0.5890856981277466	0.6147792339324951	0.5624500513076782	0.5730283260345459	0.5888664126396179	0.4158054888248444	0.4793092310428619	0.4872372448444366	0.5121436715126038	0.4886956810951233	0.4120634794235229	0.5462382435798645	0.5473993420600891	0.6144788861274719	0.5763232111930847	0.61469966173172	0.6845099925994873	0.6265031099319458	0.6270309686660767	0.634171724319458	0.4238777160644531	0.740832507610321	0.7373971343040466	0.6381664872169495	0.7300342917442322	0.8789028525352478	0.8030197620391846	0.5968685150146484	0.5982346534729004	0.6809027791023254	0.4041325151920319	0.395600289106369	0.5645754337310791	0.3719510138034821	0.3876081109046936	0.3352101147174835	0.4741449952125549	0.3390267491340637	0.5935702919960022	0.7858467102050781	0.8214947581291199	0.9452940821647644	0.7366886138916016	0.7269359230995178	0.5165534019470215	0.5789043307304382	0.5846133232116699	0.553070068359375	0.5100337862968445	0.5469322204589844	0.6393293738365173	0.7578423619270325	0.8822309970855713	0.7932979464530945	0.7719951272010803	0.6161680817604065
NW030-6	0.381725400686264	0.5661113262176514	0.9582335352897644	0.7339269518852234	0.6936360001564026	0.3913269340991974	0.4302954971790314	0.4922950863838196	0.4481369853019714	0.3999195396900177	0.4509636163711548	0.4836300313472748	0.4546934068202972	0.5143696069717407	0.525441586971283	0.5967258214950562	0.7308019399642944	0.7234301567077637	0.3561291098594666	0.5900315642356873	0.4212352633476257	0.6825802326202393	0.7492425441741943	0.5739620327949524	0.5768201351165771	0.3914019167423248	0.9225156903266907	0.8571721911430359	0.4788648188114166	0.4352714717388153	0.3530423641204834	0.4842304289340973	0.4048928916454315	0.5586323738098145	0.5136961936950684	0.4506766200065613	0.5078830122947693	0.6165834665298462	0.4165338575839996	0.4186401069164276	0.4536882042884827	0.4182924628257751	0.3265617787837982	0.5222629904747009	0.4473324716091156	0.5354933142662048	0.523468554019928	0.5021683573722839	0.554620623588562	0.5350527167320251	0.4719856381416321	0.5858384370803833	0.4261906743049622	0.4236455857753754	0.6748746633529663	0.4262461364269257	0.9321685433387756	0.2560462355613708	0.3120718896389008	0.2069511115550995	0.2760124504566193	0.2921811044216156	0.227092832326889	0.5701143741607666	0.5738983750343323	0.5955092310905457	0.5452520847320557	0.515807032585144	0.6087960600852966	0.6503891944885254	0.6103208065032959	0.6377264261245728	0.6218282580375671	0.4629261493682861	0.5938702821731567	0.5816234946250916	0.6761003136634827	0.6429217457771301	0.6579289436340332	0.4616840481758118	0.4896191656589508	0.7138758897781372	0.478179395198822	0.5556414127349854	0.4919267892837524	0.6112199425697327	0.4110467135906219	0.5108028650283813	0.3590143024921417	0.3611488342285156	0.5277119278907776	0.4386479556560516	0.5295752882957458	0.4459695518016815	0.4136896431446075	0.8625084757804871	0.814911961555481	0.7838634848594666	0.9444949626922607	0.7544122934341431	0.3928967416286469	0.4159749150276184	0.5127024054527283	0.514950156211853	0.6710715293884277	0.5481099486351013	0.5220189690589905	0.5721157193183899	0.5123250484466553	0.1506654918193817	0.2214471995830536	0.2485224902629852	0.2759855985641479	0.3175196349620819	0.0	0.4550659358501434	0.4643958508968353	0.4870886504650116	0.4627201855182648	0.5135949850082397	0.7131592631340027	0.5762118101119995	0.4545263648033142	0.5050147175788879	0.4427109658718109	0.4301290512084961	0.5044347047805786	0.5078072547912598	0.5026060938835144	0.7002036571502686	0.8939188122749329	0.5086356997489929	0.4390659034252167	0.5206507444381714	0.4533466100692749	0.4208556115627289	0.4763828217983246	0.4700433015823364	0.7125633955001831	0.6076120138168335	0.6506451368331909	0.6242510080337524	0.6751834154129028	0.337313711643219	0.383493036031723	0.3920185565948486	0.3981434404850006	0.38544762134552	0.573096752166748	0.5780199766159058	0.5514155030250549	0.5965529680252075	0.5774986743927002	0.4287185668945312	0.4623232483863831	0.5083824396133423	0.6093625426292419	0.5293624997138977	0.3603086471557617	0.5484204292297363	0.5816440582275391	0.6046911478042603	0.5773668885231018	0.5871680378913879	0.6198678612709045	0.6008040904998779	0.5966441035270691	0.5649771690368652	0.4618640542030334	0.7048446536064148	0.7634220123291016	0.5766080021858215	0.7029514908790588	0.8302568197250366	0.7390778660774231	0.6052203178405762	0.5966044068336487	0.6879270076751709	0.470274955034256	0.3821688890457153	0.5357563495635986	0.4369432330131531	0.4398913681507111	0.3974308669567108	0.506165623664856	0.3517084717750549	0.6385891437530518	0.7605416774749756	0.8131371140480042	0.9170426726341248	0.7114101648330688	0.7182002067565918	0.4544073939323425	0.5103885531425476	0.5121164321899414	0.474816769361496	0.4264098703861237	0.5521128177642822	0.6007249355316162	0.69623863697052	0.8182528018951416	0.7744594812393188	0.7220174074172974	0.6008675694465637
NW031-1	0.3655407726764679	0.4102667570114136	0.8800579309463501	0.5827168822288513	0.5384646654129028	0.421097993850708	0.4420664310455322	0.5302098393440247	0.4626128375530243	0.4612748324871063	0.291710376739502	0.323335587978363	0.2561974823474884	0.3071185350418091	0.3596856594085693	0.4237730801105499	0.5900478959083557	0.5792189836502075	0.4354382753372192	0.4063557386398315	0.3813317120075226	0.4760745763778687	0.5797255635261536	0.4525802433490753	0.4077773988246918	0.3518594205379486	0.7870371341705322	0.7269930243492126	0.4322975873947144	0.4172577857971191	0.4591384828090668	0.4467268288135529	0.5280047059059143	0.3646907210350037	0.4057068228721619	0.3981729745864868	0.3959513008594513	0.4889586269855499	0.3630397319793701	0.4413244128227234	0.3422647416591644	0.4031431674957275	0.4127896726131439	0.3510233461856842	0.3339543342590332	0.3953478038311005	0.3303186893463135	0.3685395121574402	0.3792640864849091	0.3761119842529297	0.3868735730648041	0.4576824605464935	0.4340962469577789	0.3901626169681549	0.5514233708381653	0.3897365033626556	0.8457517027854919	0.3481261730194092	0.3304201066493988	0.4170871675014496	0.4073528349399567	0.3751282691955566	0.4078264832496643	0.4483286142349243	0.470823734998703	0.4303534626960754	0.4359185695648193	0.4168694019317627	0.486038863658905	0.4973875284194946	0.4833608567714691	0.496482640504837	0.5317592024803162	0.3666095733642578	0.7161009907722473	0.6013585925102234	0.5156886577606201	0.405178040266037	0.5204472541809082	0.3150150179862976	0.4519664347171783	0.4678876399993896	0.3912098109722137	0.453597754240036	0.3946065604686737	0.5090844631195068	0.3616431057453156	0.3646572530269623	0.4176863133907318	0.4365265071392059	0.3892318606376648	0.3117051124572754	0.4016945362091064	0.3148761391639709	0.3258959352970123	0.7099639773368835	0.7089281678199768	0.6787953972816467	0.8161884546279907	0.6504283547401428	0.483040064573288	0.4362660050392151	0.4643741548061371	0.458467423915863	0.5566580295562744	0.5126748085021973	0.5126452445983887	0.5255605578422546	0.4658751487731934	0.4691954255104065	0.4275125861167908	0.4478214383125305	0.5110679268836975	0.4722647666931152	0.4550659358501434	0.0	0.1422247439622879	0.2121808528900146	0.1991653442382812	0.3489334881305695	0.6360707879066467	0.6256868243217468	0.4944638013839722	0.51426762342453	0.533275306224823	0.5392019152641296	0.4341551065444946	0.6501532793045044	0.5351397395133972	0.5325085520744324	0.7644996047019958	0.5600250363349915	0.4333729147911072	0.4739717543125153	0.4459092915058136	0.4869478344917297	0.386480301618576	0.4508723318576813	0.5948101282119751	0.4798623025417328	0.5324326157569885	0.4776911735534668	0.5736930966377258	0.374617338180542	0.3034988641738892	0.2887179851531982	0.2987532913684845	0.2896496951580048	0.4362429976463318	0.4482107758522034	0.4054257273674011	0.4304291307926178	0.3929274678230286	0.3164168298244476	0.2846325039863586	0.3368198871612549	0.4452745616436005	0.4460533857345581	0.3687241971492767	0.5219933390617371	0.4098896086215973	0.4564498960971832	0.5420765280723572	0.4678744375705719	0.5519154667854309	0.5112854838371277	0.4684648811817169	0.417124480009079	0.3073700070381165	0.485108345746994	0.5018683671951294	0.3723053932189941	0.4661438167095184	0.6719383597373962	0.5682111978530884	0.3928166031837463	0.4227759838104248	0.5985155701637268	0.4145297110080719	0.3739185631275177	0.391082763671875	0.3442290127277374	0.4462683200836182	0.3995325267314911	0.4194736480712891	0.47338005900383	0.5147978067398071	0.5872565507888794	0.6469554305076599	0.7666558027267456	0.5192816853523254	0.52344810962677	0.4066455960273743	0.4796923398971558	0.5075362920761108	0.4474733471870422	0.4055427312850952	0.3662341237068176	0.4666025936603546	0.4871378839015961	0.5629505515098572	0.5002924203872681	0.4913488626480103	0.3947615921497345
NW031-2	0.3984075784683228	0.3610802590847015	0.8035212755203247	0.5513260960578918	0.5130109786987305	0.4379175007343292	0.4409788548946381	0.4897520542144775	0.463450700044632	0.4622946381568909	0.3907360732555389	0.3106858432292938	0.3350476622581482	0.3416659832000732	0.3589734435081482	0.3727423846721649	0.5582892894744873	0.5282483696937561	0.5089767575263977	0.40871861577034	0.4584940373897552	0.4725765287876129	0.5664884448051453	0.4322631359100342	0.4431119859218597	0.3871546983718872	0.76894211769104	0.7112297415733337	0.4432038962841034	0.443048357963562	0.4989292323589325	0.4871184229850769	0.5834830403327942	0.3499183654785156	0.3916416764259338	0.4847173094749451	0.3959430158138275	0.4816648662090302	0.3576184809207916	0.5172425508499146	0.4188069701194763	0.4620083570480347	0.4868856072425842	0.3877596259117126	0.3531974256038666	0.3719190955162048	0.4002029299736023	0.4448297917842865	0.4129214584827423	0.4383001029491425	0.4746537208557129	0.4595099091529846	0.535779595375061	0.4665354192256927	0.4826582670211792	0.4348756372928619	0.7720966339111328	0.4050793051719666	0.3694834113121033	0.4376505315303802	0.4529869854450226	0.3896569907665253	0.4170869290828705	0.4457657039165497	0.4761313199996948	0.4317045211791992	0.4461187422275543	0.4319268465042114	0.4860284030437469	0.4989938735961914	0.4684434831142426	0.4967975616455078	0.4932116866111755	0.3373288512229919	0.7896636724472046	0.6858057379722595	0.5280939340591431	0.4383433163166046	0.4914673864841461	0.3868863880634308	0.5377256274223328	0.477020263671875	0.4300129413604736	0.4991979002952576	0.4459749758243561	0.4497380256652832	0.3893882632255554	0.3410513699054718	0.4386867880821228	0.4406273365020752	0.3668163418769836	0.3478346168994904	0.393466055393219	0.3631252646446228	0.4138123989105225	0.7007446885108948	0.7006703615188599	0.6704190969467163	0.8029360771179199	0.6420512199401855	0.5481594204902649	0.4948952198028564	0.4803472459316254	0.4758490025997162	0.5513606071472168	0.5463680028915405	0.5693622827529907	0.5650749206542969	0.5334291458129883	0.5218572616577148	0.4809591174125671	0.4551878571510315	0.5813438296318054	0.5001868605613708	0.4643958508968353	0.1422247439622879	0.0	0.2468481808900833	0.2282597869634628	0.3572567701339722	0.5674278736114502	0.674320638179779	0.4955499470233917	0.5350364446640015	0.5402095913887024	0.5434743762016296	0.3947891294956207	0.7196252942085266	0.6194461584091187	0.5474462509155273	0.74887615442276	0.647269606590271	0.5141711235046387	0.5599786043167114	0.5281346440315247	0.5728726983070374	0.4675542116165161	0.5352841019630432	0.5085939168930054	0.3822323679924011	0.4305665791034698	0.3853159546852112	0.4725586473941803	0.4645224213600159	0.3688123524188995	0.2907915413379669	0.3500842452049255	0.2840923368930817	0.4561044573783875	0.403007298707962	0.4071809053421021	0.4353779554367065	0.3744001388549805	0.3446662425994873	0.3281913697719574	0.3509295880794525	0.395541250705719	0.5139486193656921	0.4278662204742432	0.5563684701919556	0.4155421257019043	0.4713059067726135	0.5822515487670898	0.4116042852401733	0.552061915397644	0.4252561032772064	0.4462206065654755	0.3874549269676208	0.277673602104187	0.4779089987277985	0.5061103105545044	0.3687848746776581	0.4510287046432495	0.6486626863479614	0.5454397797584534	0.3445613980293274	0.3311155140399933	0.5145618319511414	0.4414451420307159	0.4144963026046753	0.3785395622253418	0.4201756119728088	0.466818630695343	0.4218929708003998	0.422944188117981	0.4981277287006378	0.4543455243110657	0.5723235607147217	0.6285005807876587	0.7482163310050964	0.5176296234130859	0.5228193998336792	0.4297538697719574	0.487871378660202	0.4872350096702576	0.4509454071521759	0.4316306114196777	0.3531520962715149	0.4520756006240845	0.4774680435657501	0.5481631755828857	0.5077003836631775	0.4841083884239197	0.4511378705501556
NW031-3	0.3588756322860718	0.4712957441806793	0.9383757710456848	0.5829341411590576	0.5362064242362976	0.3787491619586945	0.3915230929851532	0.4783394038677216	0.387330025434494	0.3839956521987915	0.2803837656974792	0.3716458976268768	0.2984301447868347	0.3302256464958191	0.3897066414356232	0.4277894496917725	0.6484230756759644	0.6130774021148682	0.445389598608017	0.4714935719966888	0.3601955473423004	0.5410043597221375	0.6675424575805664	0.5307675004005432	0.4823173582553864	0.3533448278903961	0.8659505248069763	0.8072870969772339	0.5284233093261719	0.5134063363075256	0.4868016242980957	0.5361338257789612	0.5628609657287598	0.4379619657993317	0.4528184831142426	0.4347419738769531	0.4778640568256378	0.5686851739883423	0.3821547031402588	0.4417254030704498	0.3593811988830566	0.3936464786529541	0.3935534358024597	0.3872599005699158	0.3056290149688721	0.3699271678924561	0.321142852306366	0.3308217227458954	0.3512938022613525	0.309000551700592	0.3298094570636749	0.3848934173583984	0.4061695039272308	0.3727487027645111	0.5944689512252808	0.3606573939323425	0.9035109281539917	0.366994172334671	0.351809561252594	0.4316062927246094	0.3866467773914337	0.3889576196670532	0.4206726551055908	0.3734623193740845	0.3889972567558289	0.3862335979938507	0.3615780472755432	0.325471818447113	0.3989652395248413	0.5562865734100342	0.5316829085350037	0.5186044573783875	0.607813835144043	0.4312087297439575	0.716987133026123	0.6159290075302124	0.6151061654090881	0.458539605140686	0.5841443538665771	0.3680629730224609	0.3821803331375122	0.5320936441421509	0.3326103091239929	0.3855780959129333	0.3158492743968964	0.5151688456535339	0.3100265562534332	0.3719718754291534	0.3843607902526855	0.398719310760498	0.4326554536819458	0.3998719453811646	0.4845263659954071	0.4199968576431274	0.3452105224132538	0.785400927066803	0.7741219401359558	0.7430153489112854	0.889726996421814	0.7148913145065308	0.5582854151725769	0.5520822405815125	0.5896669030189514	0.5794500708580017	0.6816426515579224	0.4469926953315735	0.4521880745887756	0.4689776599407196	0.4339148700237274	0.5066415071487427	0.4754739105701447	0.4784122109413147	0.5407243967056274	0.4634938836097717	0.4870886504650116	0.2121808528900146	0.2468481808900833	0.0	0.121903657913208	0.2733771204948425	0.6966652870178223	0.6431248188018799	0.4840524196624756	0.4931182265281677	0.5217925310134888	0.5224117636680603	0.4682702422142029	0.6801549792289734	0.5446226596832275	0.621408998966217	0.8539952039718628	0.579914391040802	0.4094250202178955	0.4555226862430573	0.4248257577419281	0.4629083573818207	0.363574355840683	0.441201239824295	0.6225141882896423	0.5022963881492615	0.5488961338996887	0.5006523132324219	0.595537006855011	0.3547154664993286	0.2818119823932648	0.3329956829547882	0.3151251971721649	0.3475603461265564	0.4388960897922516	0.4504672288894653	0.388046532869339	0.3702952265739441	0.4106898605823517	0.3612564206123352	0.3676480054855347	0.3441132605075836	0.4307518005371094	0.3817873001098633	0.3632567524909973	0.4566932320594788	0.4006384313106537	0.4463943243026733	0.4738597273826599	0.4936783313751221	0.5537854433059692	0.5516480803489685	0.4963283836841583	0.4718393385410309	0.2634906768798828	0.5682252645492554	0.5553023815155029	0.4538413286209106	0.5514844655990601	0.7571396231651306	0.6503778696060181	0.372410923242569	0.4157864153385162	0.6446466445922852	0.4013440310955048	0.3731365203857422	0.4357930421829224	0.3163014948368073	0.43128302693367	0.4029048085212708	0.4519971013069153	0.4391323029994965	0.5736457109451294	0.6472063660621643	0.7040083408355713	0.824600338935852	0.5626314878463745	0.579971432685852	0.3467272520065308	0.415162205696106	0.4401437342166901	0.3911563754081726	0.3635592460632324	0.4024119079113007	0.5232008695602417	0.5513644218444824	0.6800398826599121	0.5695158839225769	0.5608295202255249	0.4349285662174225
NW031-4	0.3366105854511261	0.4330117702484131	0.8970609903335571	0.5458828210830688	0.5041165351867676	0.3907767236232758	0.3895649313926697	0.4848085939884186	0.3863175809383392	0.3810449838638306	0.2701700031757355	0.3891006410121918	0.3208273351192474	0.3558199107646942	0.4108543992042542	0.4313253164291382	0.6616071462631226	0.6323215961456299	0.4644594788551331	0.4803508520126343	0.3735107779502869	0.5516061782836914	0.6660736799240112	0.5347030758857727	0.5007407665252686	0.3309894204139709	0.8675242066383362	0.8074174523353577	0.5422869920730591	0.5289349555969238	0.4989863038063049	0.5539490580558777	0.5874589085578918	0.4566764235496521	0.4666689038276672	0.4530003666877747	0.4840182662010193	0.5719895362854004	0.3590811491012573	0.4576291143894196	0.3836246132850647	0.4090760052204132	0.419889509677887	0.4081515073776245	0.2652662098407745	0.3654754459857941	0.3122510015964508	0.3477826416492462	0.355000764131546	0.3443284928798676	0.35941481590271	0.3502902984619141	0.4300373494625092	0.4013445973396301	0.5709983110427856	0.3554904460906982	0.8760302662849426	0.3696636557579041	0.3535724282264709	0.4292685687541962	0.3782630860805511	0.3848801851272583	0.4122598767280579	0.3387055099010468	0.3633937537670135	0.3373960852622986	0.3264670968055725	0.2992307245731354	0.365698516368866	0.5618346333503723	0.5424918532371521	0.4926448464393616	0.6113830804824829	0.4278046488761902	0.7007160186767578	0.601044237613678	0.61699378490448	0.4520061910152435	0.5824860334396362	0.3648223876953125	0.3650960326194763	0.5219764709472656	0.4013461172580719	0.411258190870285	0.3691310584545135	0.484179824590683	0.2890942990779877	0.3433667123317719	0.3720048367977142	0.3845381140708923	0.4539278447628021	0.4034343659877777	0.4899454116821289	0.4320124983787537	0.3638740181922913	0.7831404209136963	0.7782474160194397	0.74769127368927	0.8895098567008972	0.7192957997322083	0.5659089684486389	0.5559313893318176	0.5878678560256958	0.5785585641860962	0.6781294345855713	0.4611612856388092	0.4599319100379944	0.4823704957962036	0.4405630528926849	0.5224296450614929	0.4902787804603577	0.4594307541847229	0.557898223400116	0.444705605506897	0.4627201855182648	0.1991653442382812	0.2282597869634628	0.121903657913208	0.0	0.2559431195259094	0.6639543175697327	0.6613302826881409	0.4756321012973785	0.5015822052955627	0.5083286762237549	0.5111281871795654	0.4468213319778442	0.6968602538108826	0.5592700839042664	0.62779301404953	0.8517627716064453	0.6002832055091858	0.4022724330425262	0.4487746953964233	0.4171207845211029	0.4524677693843842	0.3568742871284485	0.4268742799758911	0.5977817177772522	0.4811265468597412	0.5351690053939819	0.4764232635498047	0.5811296105384827	0.3736117780208588	0.2917303740978241	0.3125762641429901	0.3239331543445587	0.32652747631073	0.4642538726329803	0.4700989127159119	0.4107599258422852	0.3981216847896576	0.4317341446876526	0.3388051986694336	0.3812388181686401	0.3126779198646545	0.3683390617370605	0.3673287630081177	0.3693473041057587	0.4842076897621155	0.4109022319316864	0.4842852652072906	0.4848291575908661	0.4696317613124847	0.5787028670310974	0.5271058678627014	0.486297219991684	0.4856144487857819	0.2663283050060272	0.5699949860572815	0.5234135389328003	0.455716460943222	0.5474091172218323	0.7505296468734741	0.6488940119743347	0.364550918340683	0.4229526519775391	0.6085429787635803	0.3883340358734131	0.3816482126712799	0.4455976486206055	0.3376975655555725	0.3764165937900543	0.3460081517696381	0.3878143131732941	0.3881432414054871	0.5464971661567688	0.6505135297775269	0.7063387036323547	0.8258633017539978	0.5631502866744995	0.5803374648094177	0.3862110674381256	0.457682728767395	0.4710429906845093	0.4299416244029999	0.4007662534713745	0.4269067049026489	0.5406379699707031	0.5532675385475159	0.6594545245170593	0.5622934103012085	0.5622756481170654	0.4389224648475647
NW031-5	0.3426593840122223	0.3884779512882233	0.8082684278488159	0.6773970723152161	0.634595513343811	0.4189465641975403	0.4220961928367615	0.4571085274219513	0.4044254124164581	0.4212929010391235	0.3901191651821136	0.4719838500022888	0.4194448590278625	0.4509181380271912	0.5129597187042236	0.5238037705421448	0.7486029267311096	0.7338513731956482	0.5177382230758667	0.5697147250175476	0.4265082180500031	0.6374649405479431	0.7474635243415833	0.6357685923576355	0.6000639200210571	0.3550293743610382	0.942897379398346	0.8893311619758606	0.6117366552352905	0.5910193920135498	0.5569778084754944	0.6115742921829224	0.6404911279678345	0.5408177375793457	0.5412973165512085	0.5228195786476135	0.5629007816314697	0.6652064919471741	0.3523326516151428	0.5159035325050354	0.4265961647033691	0.3932051360607147	0.4594653844833374	0.4941193759441376	0.2783946394920349	0.4108551144599915	0.3698470294475555	0.3552669882774353	0.4037387669086456	0.4265751838684082	0.3907034397125244	0.4144608974456787	0.5049096941947937	0.4273566901683807	0.459571897983551	0.2772481441497803	0.7786554098129272	0.4223810136318207	0.4205787479877472	0.4801313877105713	0.4508501589298248	0.4169361889362335	0.4208129644393921	0.4050734639167786	0.437456876039505	0.3784711956977844	0.3873778581619263	0.3861362040042877	0.3856740295886993	0.6565927267074585	0.6331577897071838	0.6363312602043152	0.708023726940155	0.537985622882843	0.801935613155365	0.7067742347717285	0.6812770962715149	0.5639265775680542	0.664699137210846	0.3884645104408264	0.4602319300174713	0.6187415719032288	0.4935333132743835	0.541161298751831	0.478497177362442	0.337323933839798	0.2600576877593994	0.3325968384742737	0.3053011000156403	0.2871730923652649	0.5171868205070496	0.4759433269500732	0.5815937519073486	0.4950671792030334	0.4283862411975861	0.8557366132736206	0.8505662679672241	0.8197634816169739	0.961190938949585	0.7917463779449463	0.6182689666748047	0.6153565645217896	0.6522998213768005	0.6485174298286438	0.7529504895210266	0.5740470290184021	0.5525810718536377	0.6031875610351562	0.5299820899963379	0.5732309818267822	0.547683835029602	0.4030729234218597	0.6067990660667419	0.4204663038253784	0.5135949850082397	0.3489334881305695	0.3572567701339722	0.2733771204948425	0.2559431195259094	0.0	0.5790058970451355	0.7098626494407654	0.418762594461441	0.4837472140789032	0.4625299870967865	0.4707854688167572	0.4685366153717041	0.7447395324707031	0.6080087423324585	0.7156206965446472	0.9350180625915527	0.6527655720710754	0.5063023567199707	0.5656399726867676	0.5229424238204956	0.5497855544090271	0.464541494846344	0.5299819111824036	0.6220148801803589	0.5360822081565857	0.541315495967865	0.4246077835559845	0.5774747133255005	0.4455690383911133	0.3677834272384644	0.3700689375400543	0.3945574760437012	0.3816003799438477	0.5192879438400269	0.5237239599227905	0.4636612236499786	0.431842565536499	0.4787162840366364	0.4103462100028992	0.4605847597122192	0.4641975462436676	0.4283767938613892	0.477655291557312	0.3878700137138367	0.5719861388206482	0.5179972052574158	0.541861891746521	0.5941990613937378	0.5334175825119019	0.6510701179504395	0.5668376088142395	0.5681262612342834	0.5767956972122192	0.3021664619445801	0.6738069653511047	0.6631046533584595	0.5671839714050293	0.646913468837738	0.8364442586898804	0.7332999110221863	0.4647594094276428	0.4617219567298889	0.5006735324859619	0.3462554812431335	0.4412963390350342	0.5361441373825073	0.4316642284393311	0.4464796185493469	0.3898067474365234	0.4853673279285431	0.4597503542900085	0.5501947402954102	0.7265527844429016	0.7831305861473083	0.9010175466537476	0.6583120226860046	0.6652303338050842	0.4587374627590179	0.5246368050575256	0.5346483588218689	0.4979797005653381	0.467191219329834	0.5050179958343506	0.6138167977333069	0.6582131385803223	0.7903223633766174	0.6830939650535583	0.6784670948982239	0.5389745831489563
NW032-1	0.6616608500480652	0.5344386696815491	0.4573254585266113	0.6639075875282288	0.6239274144172668	0.7196705937385559	0.6818350553512573	0.6179563999176025	0.6819369792938232	0.7311043739318848	0.6672850847244263	0.5772351026535034	0.6389220952987671	0.5979105234146118	0.5328378677368164	0.5777524709701538	0.5023486018180847	0.5256052613258362	0.7719337344169617	0.6159257888793945	0.7407976388931274	0.5847768187522888	0.5412993431091309	0.4919958710670471	0.6037012934684753	0.6563987731933594	0.5285288095474243	0.4620189368724823	0.6338399648666382	0.6459042429924011	0.7348601818084717	0.6982018351554871	0.7815883755683899	0.6075171232223511	0.5447221398353577	0.773537814617157	0.5171318650245667	0.4201566278934479	0.5704973340034485	0.6880449652671814	0.6185212135314941	0.6638410687446594	0.6992061734199524	0.6406670808792114	0.6378234624862671	0.6229469776153564	0.7038782238960266	0.7536354660987854	0.7125729322433472	0.7476339340209961	0.7874521613121033	0.67472243309021	0.8391032814979553	0.7564752697944641	0.4171696305274963	0.6407338976860046	0.4272823929786682	0.7364880442619324	0.6981024146080017	0.7439318299293518	0.770009458065033	0.6822414994239807	0.7046023011207581	0.6826367378234863	0.704393208026886	0.6283022165298462	0.6837484240531921	0.6969168782234192	0.661768913269043	0.4770331680774689	0.5099788308143616	0.5868448615074158	0.4301824271678925	0.557295560836792	1.040327668190002	0.9316446781158447	0.7839000225067139	0.7092196345329285	0.5734782218933105	0.6916623115539551	0.8272631764411926	0.730952262878418	0.753471851348877	0.8063743710517883	0.7757142782211304	0.502172589302063	0.6624603867530823	0.5666882991790771	0.7085336446762085	0.5862125754356384	0.5538721084594727	0.641640305519104	0.5508721470832825	0.6446131467819214	0.7315877676010132	0.4383476674556732	0.4216063618659973	0.4088421165943146	0.5249438285827637	0.3684982061386108	0.7192731499671936	0.6352102160453796	0.6502817273139954	0.5992497205734253	0.5989558100700378	0.8867744207382202	0.9231878519058228	0.8713828921318054	0.8808081746101379	0.7526260614395142	0.7251678705215454	0.591882050037384	0.8474215269088745	0.6897623538970947	0.7131592631340027	0.6360707879066467	0.5674278736114502	0.6966652870178223	0.6639543175697327	0.5790058970451355	0.0	0.7883721590042114	0.6075058579444885	0.6610239148139954	0.6610623598098755	0.6848055720329285	0.4651794135570526	0.9359149932861328	0.8492825031280518	0.6626450419425964	0.5534172058105469	0.850220799446106	0.7846471071243286	0.8211776614189148	0.8014042973518372	0.8426117300987244	0.7269810438156128	0.7991640567779541	0.4880124926567078	0.5235787034034729	0.482553631067276	0.4608059823513031	0.4310474395751953	0.7539483904838562	0.652783215045929	0.5512294769287109	0.6231807470321655	0.5388825535774231	0.6971836090087891	0.633095383644104	0.6936549544334412	0.7189456224441528	0.6009840369224548	0.6481865644454956	0.6536442637443542	0.6445679664611816	0.6133164167404175	0.808478057384491	0.6650010943412781	0.7648053169250488	0.600149929523468	0.6591008305549622	0.7676941156387329	0.6178964376449585	0.7340099811553955	0.5394548773765564	0.6711387634277344	0.6263275146484375	0.5791820883750916	0.6313719153404236	0.7058408260345459	0.57999587059021	0.526948094367981	0.5379713773727417	0.5465928316116333	0.5857203006744385	0.5790372490882874	0.3667558133602142	0.670183539390564	0.7216504216194153	0.5714810490608215	0.7323833107948303	0.667966902256012	0.5926453471183777	0.6242629885673523	0.7173638939857483	0.3685589730739594	0.6132127642631531	0.652759850025177	0.7207027077674866	0.6908043622970581	0.6208295822143555	0.8043398261070251	0.8114101886749268	0.7947698831558228	0.7990143299102783	0.7944318652153015	0.5605313181877136	0.413870096206665	0.565680742263794	0.5852108597755432	0.7139749526977539	0.6117721199989319	0.6986879706382751
NW032-2	0.6613039374351501	0.7626707553863525	1.064122676849365	0.8866273164749146	0.8508237600326538	0.5841190218925476	0.6138861179351807	0.6964747905731201	0.661412239074707	0.5987163782119751	0.5897453427314758	0.637773871421814	0.6177089214324951	0.6506903171539307	0.6812169551849365	0.7886101007461548	0.8475713133811951	0.8759944438934326	0.5271552801132202	0.6686618328094482	0.5894580483436584	0.7183240652084351	0.8077860474586487	0.7465215921401978	0.6461244821548462	0.6556466817855835	0.9544934034347534	0.9110897779464722	0.6784161329269409	0.652901291847229	0.6610862016677856	0.6932339668273926	0.6537789702415466	0.6904827356338501	0.6668763160705566	0.5113886594772339	0.6488144397735596	0.6977551579475403	0.6504327058792114	0.4849952161312103	0.5949695706367493	0.5871923565864563	0.5291275978088379	0.6388133764266968	0.6798549890518188	0.7198660373687744	0.6729642152786255	0.6894713044166565	0.7284932136535645	0.6489201188087463	0.5767337679862976	0.7649510502815247	0.5242447257041931	0.5229730010032654	0.8160548210144043	0.6214359998703003	1.030299186706543	0.5422194600105286	0.5992812514305115	0.5731930732727051	0.5827682614326477	0.592188835144043	0.5921170711517334	0.7667584419250488	0.7533329129219055	0.7842069864273071	0.7274199724197388	0.7020248770713806	0.7936607003211975	0.8127881288528442	0.7780946493148804	0.809431791305542	0.7964755892753601	0.6665840744972229	0.7412152886390686	0.7721325755119324	0.8006724119186401	0.7395357489585876	0.8053626418113708	0.6661545634269714	0.5030544996261597	0.7960107922554016	0.6005828380584717	0.6491002440452576	0.6182323098182678	0.7680422067642212	0.6346197724342346	0.7389058470726013	0.5924676060676575	0.6456373929977417	0.713005542755127	0.6652472615242004	0.7002817988395691	0.644424319267273	0.5950945019721985	0.8714003562927246	0.8221084475517273	0.8010736703872681	0.9622032046318054	0.7602660059928894	0.6566809415817261	0.6485851407051086	0.7250418066978455	0.697799026966095	0.8010265231132507	0.6563043594360352	0.6691211462020874	0.7056517601013184	0.6435153484344482	0.5713323950767517	0.6159738898277283	0.6275463700294495	0.6219469308853149	0.6289108991622925	0.5762118101119995	0.6256868243217468	0.674320638179779	0.6431248188018799	0.6613302826881409	0.7098626494407654	0.7883721590042114	0.0	0.3933481872081757	0.3210091292858124	0.3800519704818726	0.3540905117988586	0.4703432619571686	0.6437005400657654	0.6338757872581482	0.8066296577453613	0.9550951719284058	0.5237143635749817	0.6012648344039917	0.6044979095458984	0.6167072653770447	0.5497877597808838	0.5985835790634155	0.6067710518836975	0.8904440402984619	0.8018407821655273	0.834557294845581	0.8050371408462524	0.8540719151496887	0.4901034235954285	0.5559576749801636	0.573379635810852	0.5460489392280579	0.5744667053222656	0.7190836668014526	0.7505369782447815	0.7272735834121704	0.7736230492591858	0.7214091420173645	0.6983597278594971	0.6907529234886169	0.7160572409629822	0.8380102515220642	0.678084671497345	0.5972267985343933	0.6724895238876343	0.7062057852745056	0.7396669387817383	0.6996111869812012	0.8054682016372681	0.7731370329856873	0.8169896602630615	0.7826931476593018	0.7496353387832642	0.6998682022094727	0.79497230052948	0.8566946983337402	0.707535982131958	0.8053014874458313	0.8982175588607788	0.8466414213180542	0.7789400219917297	0.7737765312194824	0.8595446944236755	0.6157919764518738	0.6060341596603394	0.6820318698883057	0.6345891356468201	0.6333861947059631	0.6326782703399658	0.685747504234314	0.6426796317100525	0.8118101954460144	0.8837488293647766	0.9422664642333984	1.03869104385376	0.8223860859870911	0.845257043838501	0.6413169503211975	0.6622326374053955	0.6784769892692566	0.6290732622146606	0.5838124752044678	0.6378775835037231	0.6581601500511169	0.8208732604980469	0.9205411672592163	0.8870959281921387	0.8069112300872803	0.7135542631149292
NW032-3	0.4357757866382599	0.5560285449028015	0.8960998058319092	0.7304835319519043	0.6988693475723267	0.4622032046318054	0.4824654459953308	0.5407548546791077	0.49711874127388	0.4875895380973816	0.4478683173656464	0.5037001967430115	0.4908965229988098	0.5299414992332458	0.5498572587966919	0.6081839799880981	0.705898106098175	0.7171719670295715	0.4832976758480072	0.5492348670959473	0.4698028564453125	0.6127739548683167	0.7116729617118835	0.6213250756263733	0.5572327375411987	0.4214922785758972	0.8678457140922546	0.8071444630622864	0.5207446813583374	0.4913923740386963	0.4890755116939545	0.5375149250030518	0.5221537947654724	0.5498033165931702	0.484654575586319	0.5201497077941895	0.4786857962608337	0.5665578842163086	0.3354636132717133	0.4207863211631775	0.3892446160316467	0.3493326902389526	0.3890382945537567	0.4835712611675262	0.3790022432804108	0.4823963046073914	0.4552272856235504	0.4485534429550171	0.4904635548591614	0.5262518525123596	0.4760493636131287	0.5837914347648621	0.5422652363777161	0.4411765933036804	0.5811359882354736	0.3589371144771576	0.8387757539749146	0.4311456084251404	0.4211805462837219	0.4527173042297363	0.4814479947090149	0.3907420337200165	0.418293684720993	0.5628880858421326	0.591356098651886	0.5827057361602783	0.5625553727149963	0.5272418856620789	0.5931684374809265	0.6768137812614441	0.6451095342636108	0.6759548187255859	0.6387336850166321	0.5007506012916565	0.7596795558929443	0.6831880211830139	0.6555145382881165	0.6014363169670105	0.6365368366241455	0.4397600293159485	0.4545865654945374	0.6686601042747498	0.5461273193359375	0.6273826360702515	0.5761184096336365	0.5018843412399292	0.3869137167930603	0.4632618129253387	0.3611369132995605	0.3453260660171509	0.5383281707763672	0.4861592352390289	0.5491416454315186	0.4781797826290131	0.4474952518939972	0.7959787249565125	0.7438592314720154	0.7177472710609436	0.8821831941604614	0.6888635158538818	0.5180572271347046	0.4939844310283661	0.5771390795707703	0.5499355792999268	0.6754107475280762	0.6890759468078613	0.6605850458145142	0.7109497785568237	0.659887433052063	0.5065015554428101	0.482017993927002	0.4169372022151947	0.595716118812561	0.4608722329139709	0.4545263648033142	0.4944638013839722	0.4955499470233917	0.4840524196624756	0.4756321012973785	0.418762594461441	0.6075058579444885	0.3933481872081757	0.0	0.1345077455043793	0.09521225839853287	0.1078175082802773	0.2184153944253922	0.6303979158401489	0.5258456468582153	0.7070074081420898	0.8648164868354797	0.4653636515140533	0.5379276871681213	0.6090075969696045	0.5567637085914612	0.5614889860153198	0.4999591708183289	0.5663288235664368	0.693440318107605	0.6051109433174133	0.6424471735954285	0.6154062747955322	0.6648485064506531	0.4419322311878204	0.3785626590251923	0.3705707192420959	0.360476016998291	0.3713091611862183	0.5350561738014221	0.5385180115699768	0.5383931398391724	0.5387306213378906	0.5242512226104736	0.4978246092796326	0.5259975790977478	0.5577310919761658	0.62595534324646	0.5669689774513245	0.3810329437255859	0.6439739465713501	0.591495931148529	0.580177366733551	0.6648181080818176	0.5964471101760864	0.6415292024612427	0.5992168188095093	0.612680196762085	0.60624098777771	0.4778873324394226	0.6815634369850159	0.7440531253814697	0.5705244541168213	0.6792458295822144	0.7863680124282837	0.724652886390686	0.5752645134925842	0.552733838558197	0.607074499130249	0.4014899432659149	0.451056569814682	0.5292288064956665	0.5074622631072998	0.4239590167999268	0.3913043141365051	0.4864886999130249	0.4839080274105072	0.6141048073768616	0.770962655544281	0.8303457498550415	0.9362442493438721	0.7149739265441895	0.7340619564056396	0.5829393863677979	0.631718099117279	0.6343933939933777	0.5930278301239014	0.55678790807724	0.516803503036499	0.5385586619377136	0.7045367956161499	0.812375545501709	0.79413902759552	0.7051784992218018	0.6211943626403809
NW032-4-1	0.5145274996757507	0.6132557392120361	0.9501441121101379	0.748568058013916	0.7144479751586914	0.4945838749408722	0.5176324248313904	0.5822847485542297	0.5492822527885437	0.5290921926498413	0.4706912338733673	0.5147929191589355	0.498724639415741	0.5352345705032349	0.5626879930496216	0.6245800852775574	0.7229442596435547	0.7324450016021729	0.514997124671936	0.5640020966529846	0.5087994933128357	0.6278817653656006	0.7243130803108215	0.631558358669281	0.5698469877243042	0.5027511715888977	0.8764979839324951	0.8142305016517639	0.5580088496208191	0.5295144319534302	0.5178651213645935	0.5742434859275818	0.5469813942909241	0.5615821480751038	0.4979722201824188	0.5398963093757629	0.5020618438720703	0.5782307386398315	0.4069772064685822	0.4352283179759979	0.4131055474281311	0.3735711872577667	0.4149101972579956	0.4913168251514435	0.4596837759017944	0.4805548191070557	0.4624077379703522	0.470969945192337	0.4911167025566101	0.5280501842498779	0.4634450078010559	0.6276005506515503	0.567406952381134	0.4551479518413544	0.6411657333374023	0.4283308684825897	0.9003150463104248	0.4637311697006226	0.4552857875823975	0.4908024966716766	0.5129787921905518	0.4676124453544617	0.5000494122505188	0.6040956377983093	0.6338781714439392	0.6381495594978333	0.6058170795440674	0.5691680908203125	0.6323029398918152	0.6909222602844238	0.6622278094291687	0.6909603476524353	0.6556234359741211	0.5174002051353455	0.7793446779251099	0.7091237306594849	0.6807295680046082	0.6152294874191284	0.6469815373420715	0.4595039188861847	0.448036789894104	0.6820611357688904	0.5406312346458435	0.6250594258308411	0.5739277005195618	0.5436144471168518	0.4498903155326843	0.5191445350646973	0.4065789580345154	0.4256352186203003	0.5509477257728577	0.5210843682289124	0.5596768856048584	0.5122829675674438	0.4702375531196594	0.8013807535171509	0.7505653500556946	0.7233120799064636	0.8884639143943787	0.6886442303657532	0.5554471015930176	0.5362050533294678	0.6185515522956848	0.5905072689056396	0.6967046856880188	0.6844241619110107	0.68345707654953	0.7082363963127136	0.6730538606643677	0.5332298874855042	0.5082537531852722	0.4950730800628662	0.6203344464302063	0.5298547148704529	0.5050147175788879	0.51426762342453	0.5350364446640015	0.4931182265281677	0.5015822052955627	0.4837472140789032	0.6610239148139954	0.3210091292858124	0.1345077455043793	0.0	0.1306325346231461	0.1307838559150696	0.2450944185256958	0.6409490704536438	0.53987056016922	0.7203809022903442	0.8777784109115601	0.4734046757221222	0.5551539063453674	0.6067102551460266	0.571462094783783	0.589597761631012	0.5072270631790161	0.5803289413452148	0.7400445342063904	0.6516339182853699	0.691821813583374	0.6637917160987854	0.71318119764328	0.4665675461292267	0.4031041264533997	0.4099538028240204	0.3852380812168121	0.4186317622661591	0.5507656335830688	0.5571871995925903	0.5502685904502869	0.5527564287185669	0.5395494103431702	0.5411397814750671	0.5488619208335876	0.5696848034858704	0.6813759803771973	0.5661160349845886	0.425051212310791	0.636737048625946	0.5965341925621033	0.5862349271774292	0.6587844491004944	0.6536098718643188	0.6493939757347107	0.6650702953338623	0.6362090706825256	0.6233662962913513	0.5391841530799866	0.6918409466743469	0.757585883140564	0.5817281007766724	0.6886489391326904	0.7962881326675415	0.7326869964599609	0.6015690565109253	0.609642744064331	0.66429203748703	0.437783271074295	0.4719610810279846	0.537722647190094	0.514275312423706	0.4948706924915314	0.4797849655151367	0.537125825881958	0.5466410517692566	0.6689515709877014	0.7844626307487488	0.8415035009384155	0.9483026266098022	0.7246457934379578	0.7456228137016296	0.5844132900238037	0.6348983645439148	0.6379117369651794	0.5941489934921265	0.5590426325798035	0.5241368412971497	0.5397440791130066	0.7171373963356018	0.8258667588233948	0.8031972050666809	0.7154008150100708	0.6288287043571472
NW032-4-2	0.4617274403572083	0.6115142703056335	0.9503383636474609	0.7735117077827454	0.7445264458656311	0.4575836062431335	0.4943113625049591	0.5702313184738159	0.5225880146026611	0.4867328703403473	0.4848123490810394	0.5484853386878967	0.5322312116622925	0.5667140483856201	0.5953025817871094	0.6507683992385864	0.7526741027832031	0.7617194652557373	0.4664728939533234	0.5885183215141296	0.4673501551151276	0.6511350870132446	0.7434781789779663	0.6596992015838623	0.5906897187232971	0.4552974104881287	0.8946583271026611	0.8380635380744934	0.552251935005188	0.5241343379020691	0.5029643774032593	0.563584566116333	0.5251040458679199	0.5942869782447815	0.5283616185188293	0.5151586532592773	0.5245910286903381	0.6074764132499695	0.3897228837013245	0.4118947088718414	0.433051735162735	0.3634867370128632	0.3745444118976593	0.5212807655334473	0.4450739920139313	0.5038276314735413	0.4909424185752869	0.4600994288921356	0.5091480016708374	0.5255762338638306	0.4572688043117523	0.6170076727867126	0.5201894640922546	0.4403402805328369	0.6426166296005249	0.3765784800052643	0.897707998752594	0.4201888144016266	0.4359559118747711	0.4491550624370575	0.4742589890956879	0.4118994772434235	0.4367632865905762	0.6062201857566833	0.619474470615387	0.6408706903457642	0.5896012783050537	0.5543474555015564	0.6319495439529419	0.7253406047821045	0.6939737796783447	0.7244277596473694	0.6876449584960938	0.5477418303489685	0.737269937992096	0.6715682148933411	0.690704882144928	0.6372907161712646	0.6746240258216858	0.475055068731308	0.4504933059215546	0.7022017240524292	0.5552268028259277	0.6364664435386658	0.5849187970161438	0.5471506714820862	0.4191466569900513	0.5230842232704163	0.3398983478546143	0.387652188539505	0.5794186592102051	0.5288985967636108	0.5908437371253967	0.5160017609596252	0.4411318004131317	0.8218045234680176	0.7698222398757935	0.7461209297180176	0.9088617563247681	0.7103008031845093	0.5255375504493713	0.5147647857666016	0.5967410802841187	0.5652120113372803	0.702365517616272	0.6864758133888245	0.6493003368377686	0.7107431888580322	0.6559039354324341	0.4874816238880157	0.4709019660949707	0.4318265914916992	0.57692950963974	0.4710891842842102	0.4427109658718109	0.533275306224823	0.5402095913887024	0.5217925310134888	0.5083286762237549	0.4625299870967865	0.6610623598098755	0.3800519704818726	0.09521225839853287	0.1306325346231461	0.0	0.06434614211320877	0.2522618770599365	0.6029011607170105	0.5098560452461243	0.7402740716934204	0.8971923589706421	0.4398675858974457	0.5386965870857239	0.6064873337745667	0.5677910447120667	0.549781858921051	0.5095193386077881	0.5723440051078796	0.7507636547088623	0.6593388319015503	0.6977246999740601	0.6684616804122925	0.7216957211494446	0.4265668094158173	0.3965867757797241	0.4091189503669739	0.4040826559066772	0.411554753780365	0.582689642906189	0.5895839333534241	0.5780115127563477	0.5818697214126587	0.575193464756012	0.5313384532928467	0.5647415518760681	0.5957561731338501	0.6854348182678223	0.5732885599136353	0.4062613546848297	0.6469517350196838	0.6244105100631714	0.6184864640235901	0.6654255986213684	0.6524790525436401	0.6652125716209412	0.6621776819229126	0.6506531238555908	0.6448814868927002	0.5415773391723633	0.7130267024040222	0.779763400554657	0.6128733158111572	0.7177879214286804	0.8205603957176208	0.7661517262458801	0.6239293813705444	0.6205435991287231	0.6669908761978149	0.4098041951656342	0.4553259611129761	0.5646341443061829	0.5162464380264282	0.4459079205989838	0.4321973919868469	0.5413182973861694	0.4823212027549744	0.6778351664543152	0.8064005374908447	0.8658651113510132	0.9699886441230774	0.7469037771224976	0.7688312530517578	0.5945854187011719	0.6439362168312073	0.6454929113388062	0.6024953722953796	0.5660433769226074	0.5603414177894592	0.5815354585647583	0.7407671213150024	0.8474546670913696	0.8260160684585571	0.7367236614227295	0.650735080242157
NW032-4-3	0.4759264588356018	0.6256198287010193	0.9602676630020142	0.7790156602859497	0.753049910068512	0.4537364840507507	0.4929578304290771	0.5640659332275391	0.5170178413391113	0.4850143194198608	0.4983293414115906	0.552028477191925	0.5429232120513916	0.5786235928535461	0.6020057201385498	0.6500347256660461	0.7484264373779297	0.7636188268661499	0.4552501738071442	0.5963016152381897	0.4560352563858032	0.6572327017784119	0.749200165271759	0.6627920269966125	0.6006552577018738	0.470062792301178	0.9078770279884338	0.8470246195793152	0.5580453872680664	0.5298322439193726	0.5060989260673523	0.5674900412559509	0.5255934000015259	0.5950056314468384	0.5335842967033386	0.5080952644348145	0.5292648077011108	0.6170681715011597	0.4010661542415619	0.3987701833248138	0.4350225627422333	0.3737276196479797	0.3602721095085144	0.521513044834137	0.4556090533733368	0.5236179828643799	0.4962327778339386	0.4854142665863037	0.5348973870277405	0.5291507840156555	0.4642286002635956	0.6295366883277893	0.5113685727119446	0.4380657076835632	0.6569375395774841	0.3888575732707977	0.9098222851753235	0.4049485921859741	0.4338829517364502	0.4363656640052795	0.4590117633342743	0.4066249430179596	0.4313024878501892	0.6205854415893555	0.6227562427520752	0.6516392230987549	0.5928983688354492	0.5574759840965271	0.6474707722663879	0.7260439991950989	0.6945082545280457	0.7249422669410706	0.6884940266609192	0.5468112230300903	0.7314578890800476	0.663844645023346	0.6978131532669067	0.6380785703659058	0.6794087886810303	0.4749179780483246	0.4420641958713531	0.7026321291923523	0.5401385426521301	0.6203083992004395	0.5683533549308777	0.558379590511322	0.4243748486042023	0.5357375741004944	0.3546939492225647	0.398261696100235	0.5841986536979675	0.5321146249771118	0.5945791602134705	0.5186774134635925	0.4524404108524323	0.8362226486206055	0.785611629486084	0.7574702501296997	0.923286497592926	0.7272831797599792	0.5410013794898987	0.5292952060699463	0.6040192246437073	0.5801587700843811	0.7168322801589966	0.6768485903739929	0.6408352851867676	0.7064723968505859	0.6502995491027832	0.4687692523002625	0.4597437381744385	0.4400876462459564	0.5579984784126282	0.4667558073997498	0.4301290512084961	0.5392019152641296	0.5434743762016296	0.5224117636680603	0.5111281871795654	0.4707854688167572	0.6848055720329285	0.3540905117988586	0.1078175082802773	0.1307838559150696	0.06434614211320877	0.0	0.2714839577674866	0.5982210040092468	0.5095150470733643	0.7513394951820374	0.9093359112739563	0.4349876940250397	0.5287351012229919	0.5991532802581787	0.5583186149597168	0.54384446144104	0.5174782276153564	0.5616418123245239	0.7573521733283997	0.6693496704101562	0.7084439992904663	0.6801019906997681	0.7329769134521484	0.4163656532764435	0.4011898040771484	0.4157449007034302	0.4043052792549133	0.4149593114852905	0.582213282585144	0.5856103897094727	0.5786310434341431	0.5800899863243103	0.5817059278488159	0.5393416285514832	0.5670500993728638	0.5993862152099609	0.6932040452957153	0.5697933435440063	0.4154558777809143	0.6370699405670166	0.6382370591163635	0.6282687783241272	0.659716784954071	0.654448926448822	0.6655546426773071	0.6697664856910706	0.6573212742805481	0.6500571966171265	0.5465825796127319	0.7235482335090637	0.7870913743972778	0.616679310798645	0.726772129535675	0.8316062688827515	0.7709074020385742	0.6210042238235474	0.6218176484107971	0.6748984456062317	0.4174690842628479	0.4495961368083954	0.5786136984825134	0.5176681280136108	0.4569966793060303	0.4432014524936676	0.5468209981918335	0.4773903787136078	0.6835929155349731	0.8171411156654358	0.8749889731407166	0.9782400131225586	0.7568760514259338	0.7783814668655396	0.5782312750816345	0.6255573034286499	0.62578946352005	0.5882203578948975	0.5518748760223389	0.5677188634872437	0.5918086171150208	0.744709849357605	0.8550623059272766	0.8326747417449951	0.741742730140686	0.6573638916015625
NW032-5	0.4947226643562317	0.4554614424705505	0.7888213992118835	0.6164758801460266	0.5698512196540833	0.483571469783783	0.4910950660705566	0.5561919212341309	0.5202190279960632	0.5044353604316711	0.4345259368419647	0.3841149210929871	0.4300528168678284	0.4295129776000977	0.4039546251296997	0.4777244627475739	0.5710576176643372	0.5856618881225586	0.5317948460578918	0.4548086225986481	0.5022046566009521	0.4800131320953369	0.5802916288375854	0.4734423160552979	0.4655632078647614	0.4795393645763397	0.7252292037010193	0.6497898697853088	0.4249135255813599	0.4291639626026154	0.5192140340805054	0.4985193014144897	0.563637375831604	0.4259609878063202	0.3480382859706879	0.5660691857337952	0.3432198166847229	0.417417585849762	0.3275629580020905	0.463784247636795	0.3531533181667328	0.3864437937736511	0.4347344040870667	0.4382667541503906	0.4130816757678986	0.3961231410503387	0.440144956111908	0.4864802360534668	0.4594676196575165	0.5306497812271118	0.5085994005203247	0.5959839820861816	0.5821672677993774	0.4796405434608459	0.4659672975540161	0.4385470151901245	0.7321350574493408	0.4837096631526947	0.4664323031902313	0.5095731019973755	0.5337591767311096	0.4638475477695465	0.4989258050918579	0.5718437433242798	0.6010400652885437	0.5812476873397827	0.5716601610183716	0.5372706055641174	0.5973182320594788	0.5283432006835938	0.501081645488739	0.5366306304931641	0.4926981925964355	0.3805354833602905	0.8040679693222046	0.7155391573905945	0.5639866590499878	0.5252362489700317	0.4981988668441772	0.4224750697612762	0.491554468870163	0.5675023794174194	0.5527826547622681	0.6364320516586304	0.5768346190452576	0.4521041214466095	0.4330845475196838	0.4237399995326996	0.4417639076709747	0.4113090634346008	0.3980444073677063	0.4339224994182587	0.4057557284832001	0.4365319013595581	0.4755637943744659	0.6394739747047424	0.5980056524276733	0.5757166147232056	0.7370140552520752	0.5450693964958191	0.5477495789527893	0.464790016412735	0.4959575235843658	0.4397383034229279	0.5376237034797668	0.6923417448997498	0.6903658509254456	0.7079461216926575	0.6763835549354553	0.5562925934791565	0.5214318037033081	0.4804840981960297	0.6491971015930176	0.5134354829788208	0.5044347047805786	0.4341551065444946	0.3947891294956207	0.4682702422142029	0.4468213319778442	0.4685366153717041	0.4651794135570526	0.4703432619571686	0.2184153944253922	0.2450944185256958	0.2522618770599365	0.2714839577674866	0.0	0.659730076789856	0.5525761842727661	0.5742411017417908	0.7315504550933838	0.5436853766441345	0.5549109578132629	0.6044689416885376	0.5757811665534973	0.6117405295372009	0.49619460105896	0.5798490047454834	0.5789806842803955	0.4906644225120544	0.5334381461143494	0.5067304968833923	0.5527155995368958	0.4872192442417145	0.4086589813232422	0.3071140646934509	0.3490098416805267	0.2923655807971954	0.5051636695861816	0.4439489841461182	0.5008915066719055	0.528082013130188	0.4067710638046265	0.467872679233551	0.4707233607769012	0.4813691377639771	0.5658036470413208	0.5587552785873413	0.3897635340690613	0.6375086903572083	0.4855309128761292	0.5150835514068604	0.658153235912323	0.56001216173172	0.6475922465324402	0.5094192624092102	0.5798158049583435	0.521713376045227	0.4815095365047455	0.5540040731430054	0.624337375164032	0.441803365945816	0.5360486507415771	0.6479666233062744	0.582198977470398	0.4563515186309814	0.469673752784729	0.5072620511054993	0.4708076417446136	0.469666063785553	0.3802967071533203	0.5127518177032471	0.4577250480651855	0.4278747141361237	0.4382866024971008	0.5197315216064453	0.4930039048194885	0.635691225528717	0.6938408017158508	0.8097015619277954	0.5841116905212402	0.5950753092765808	0.5877741575241089	0.6394103765487671	0.640667736530304	0.5985698103904724	0.5616384148597717	0.3702950179576874	0.3732749223709106	0.5604057312011719	0.6747176647186279	0.6575730443000793	0.5641800761222839	0.5555586814880371
NW033-1	0.6785969734191895	0.8251010179519653	1.200879335403442	0.9463210105895996	0.9031968712806702	0.6329979300498962	0.6723603010177612	0.7870689034461975	0.7069289684295654	0.6445978283882141	0.6367862224578857	0.7061781883239746	0.6493030786514282	0.7117111682891846	0.7654600739479065	0.8442421555519104	0.9741173386573792	0.9780501127243042	0.5654521584510803	0.774773120880127	0.5937554240226746	0.8510897159576416	0.9263015985488892	0.8250218629837036	0.7538114786148071	0.6755954623222351	1.090808033943176	1.029172658920288	0.6195914149284363	0.584280252456665	0.4327552616596222	0.5173778533935547	0.3806016147136688	0.7286465764045715	0.7265419960021973	0.5051978826522827	0.7033359408378601	0.8015635013580322	0.7335929274559021	0.5741738677024841	0.6838536262512207	0.652538001537323	0.5703576803207397	0.707690954208374	0.7005834579467773	0.7656816840171814	0.7109348177909851	0.7076318264007568	0.7668479681015015	0.6841378211975098	0.618579626083374	0.8216648101806641	0.5670840740203857	0.5659026503562927	0.9054007530212402	0.6401551365852356	1.162426352500916	0.4992640614509583	0.5757575631141663	0.4870923459529877	0.5148719549179077	0.55779629945755	0.5181708931922913	0.8087586164474487	0.8115471601486206	0.8437560796737671	0.7843059301376343	0.7515408992767334	0.8288838267326355	0.8708857297897339	0.8395494818687439	0.8695252537727356	0.8971413969993591	0.7326980829238892	0.3672947287559509	0.4440458118915558	0.7340168356895447	0.7772057056427002	0.8617871403694153	0.6459023952484131	0.5636819005012512	0.8268500566482544	0.6663097143173218	0.7087463140487671	0.6764359474182129	0.8452876210212708	0.6458367705345154	0.7577625513076782	0.576607346534729	0.6659222841262817	0.7208016514778137	0.5845505595207214	0.7063425183296204	0.5822627544403076	0.480368971824646	1.015539646148682	0.9610150456428528	0.9407687187194824	1.102763772010803	0.8962454199790955	0.3849543929100037	0.518080472946167	0.5171600580215454	0.5771862864494324	0.746343731880188	0.7014608383178711	0.6268765926361084	0.7219432592391968	0.6356103420257568	0.4556015729904175	0.4625211954116821	0.5485237836837769	0.3673814535140991	0.485061377286911	0.5078072547912598	0.6501532793045044	0.7196252942085266	0.6801549792289734	0.6968602538108826	0.7447395324707031	0.9359149932861328	0.6437005400657654	0.6303979158401489	0.6409490704536438	0.6029011607170105	0.5982210040092468	0.659730076789856	0.0	0.18743596971035	0.7206880450248718	1.052469730377197	0.2454265207052231	0.6174560785293579	0.6576972007751465	0.6472804546356201	0.5667123794555664	0.6492905616760254	0.6402688026428223	0.9696118235588074	0.8727772235870361	0.9111244082450867	0.8739622235298157	0.9409193992614746	0.4663474261760712	0.5709905624389648	0.625828206539154	0.5955179333686829	0.6264367699623108	0.7635013461112976	0.8085651993751526	0.7522939443588257	0.7997727394104004	0.7606690526008606	0.6910040974617004	0.6873416304588318	0.7500471472740173	0.8730625510215759	0.6851142048835754	0.5853292942047119	0.7069781422615051	0.742989182472229	0.7647380828857422	0.730085015296936	0.8674605488777161	0.8600983023643494	0.895497739315033	0.8419926762580872	0.8169153332710266	0.729997992515564	0.8675450682640076	0.8973925113677979	0.7761547565460205	0.8616905808448792	1.012943983078003	0.9385852813720703	0.7981011867523193	0.8058242201805115	0.9348711967468262	0.637389600276947	0.597862720489502	0.7354286313056946	0.6201047301292419	0.6647417545318604	0.6358524560928345	0.7449429631233215	0.6214710474014282	0.8593658804893494	0.9610809087753296	0.9917603731155396	1.11510157585144	0.9100425839424133	0.9064258933067322	0.6750078797340393	0.7165473103523254	0.7366251945495605	0.6834264993667603	0.6565573215484619	0.7348102331161499	0.8022931218147278	0.9316908121109009	1.037821531295776	0.9501614570617676	0.9275625944137573	0.801570475101471
NW033-2	0.5676339864730835	0.7152435183525085	1.119743824005127	0.8116283416748047	0.7659392356872559	0.5206435918807983	0.5495884418487549	0.6864528059959412	0.5801195502281189	0.5448045134544373	0.4908354580402374	0.5946693420410156	0.5192988514900208	0.578345775604248	0.6519521474838257	0.7257810831069946	0.8717859983444214	0.8816739916801453	0.5160174369812012	0.6768751740455627	0.4553085565567017	0.7641846537590027	0.839958906173706	0.7165359854698181	0.6562235951423645	0.5656791925430298	1.010133743286133	0.9364733099937439	0.5150431990623474	0.4796249568462372	0.3437575697898865	0.415264904499054	0.3174924254417419	0.6291279792785645	0.6112118363380432	0.4704087972640991	0.6000237464904785	0.7037490606307983	0.6179494261741638	0.5215213894844055	0.561072826385498	0.5372918844223022	0.4827692210674286	0.607373058795929	0.5584829449653625	0.6163386106491089	0.5630176067352295	0.5649422407150269	0.6212601065635681	0.5436888337135315	0.5058595538139343	0.6894136071205139	0.510710597038269	0.5062191486358643	0.8019855618476868	0.5067905783653259	1.075207233428955	0.417071670293808	0.4679885506629944	0.4502788782119751	0.4315906763076782	0.4521127939224243	0.456521213054657	0.6772540807723999	0.6806986927986145	0.7107579708099365	0.6527679562568665	0.6197763085365295	0.7015551924705505	0.7330575585365295	0.7262166738510132	0.7248333096504211	0.7885567545890808	0.6228863000869751	0.3612948060035706	0.3245629370212555	0.6362504959106445	0.6568805575370789	0.7515438199043274	0.5110496878623962	0.4775809049606323	0.7172513604164124	0.5938258171081543	0.6335773468017578	0.58226478099823	0.7392532825469971	0.5044689178466797	0.6334139108657837	0.471916139125824	0.5564442276954651	0.6037065386772156	0.4777541756629944	0.6013376116752625	0.4779415130615234	0.3577440083026886	0.936238706111908	0.8816739320755005	0.8582971096038818	1.023130655288696	0.819806694984436	0.3359151780605316	0.4446330070495605	0.4267548024654388	0.4904035329818726	0.6618351340293884	0.6354803442955017	0.5602232217788696	0.6510858535766602	0.565693199634552	0.4606810510158539	0.3999427556991577	0.4580705165863037	0.3810534477233887	0.3641393780708313	0.5026060938835144	0.5351397395133972	0.6194461584091187	0.5446226596832275	0.5592700839042664	0.6080087423324585	0.8492825031280518	0.6338757872581482	0.5258456468582153	0.53987056016922	0.5098560452461243	0.5095150470733643	0.5525761842727661	0.18743596971035	0.0	0.6052951216697693	0.9555951952934265	0.1687710583209991	0.5113910436630249	0.5790321826934814	0.5485127568244934	0.4973569810390472	0.5062641501426697	0.5447478294372559	0.8766831159591675	0.7807641625404358	0.8208341002464294	0.7787300944328308	0.8520012497901917	0.3984053730964661	0.4319351613521576	0.5152797102928162	0.4895495176315308	0.5179371237754822	0.6501684188842773	0.6962324976921082	0.6407648324966431	0.6545395255088806	0.6435729265213013	0.5678934454917908	0.5766652226448059	0.6132601499557495	0.7425435781478882	0.5387906432151794	0.4648760259151459	0.6167827844619751	0.5993664264678955	0.6537129878997803	0.6361238956451416	0.7677323818206787	0.7639755606651306	0.7914227247238159	0.7402708530426025	0.7163209915161133	0.6306313276290894	0.7803098559379578	0.7752079963684082	0.6765459179878235	0.7648904919624329	0.9256376028060913	0.8437347412109375	0.6675379872322083	0.7117202281951904	0.8298264145851135	0.5239399671554565	0.4937743842601776	0.6235745549201965	0.4793127775192261	0.531174898147583	0.5079207420349121	0.6066548824310303	0.5007650256156921	0.7410786151885986	0.8587748408317566	0.8915383219718933	1.015564203262329	0.812628984451294	0.8047124743461609	0.6149947643280029	0.6714734435081482	0.6999866962432861	0.6469886898994446	0.623389720916748	0.6254481077194214	0.6923773288726807	0.8254433274269104	0.9418259263038635	0.850792646408081	0.8278831839561462	0.7003888487815857
NW033-3	0.6913623213768005	0.6405284404754639	0.601444661617279	0.7010263204574585	0.6827992796897888	0.6779983043670654	0.6661893129348755	0.7657378911972046	0.6728858947753906	0.6999110579490662	0.5895923972129822	0.5378502607345581	0.5405371189117432	0.5517928004264832	0.5516154766082764	0.5874983668327332	0.7036550045013428	0.7070169448852539	0.7148650288581848	0.6055707335472107	0.6374718546867371	0.6128584742546082	0.6793884038925171	0.5462166666984558	0.4400448799133301	0.6802524328231812	0.4938564300537109	0.5512460470199585	0.5398880839347839	0.5578612685203552	0.6287112832069397	0.6089070439338684	0.6937692761421204	0.517163872718811	0.5275340676307678	0.6419908404350281	0.5039839148521423	0.5452407598495483	0.6773588061332703	0.6870624423027039	0.6435441970825195	0.6993057131767273	0.7296103835105896	0.6230633854866028	0.653294026851654	0.5933947563171387	0.6344437599182129	0.68409663438797	0.6630284190177917	0.6428002119064331	0.7022839188575745	0.7614851593971252	0.7350737452507019	0.6975076198577881	0.6603178977966309	0.6789563894271851	0.8991138339042664	0.6279067993164062	0.6166617274284363	0.6711257696151733	0.6624712347984314	0.6360561847686768	0.6646957993507385	0.7529107928276062	0.7772367000579834	0.74591463804245	0.7498790621757507	0.7405008673667908	0.7786743640899658	0.5720486640930176	0.5602476000785828	0.5725732445716858	0.6135420799255371	0.5502687692642212	0.695122241973877	0.4491249620914459	0.2638806104660034	0.3831979036331177	0.6419295072555542	0.5789504647254944	0.7115938663482666	0.3300041854381561	0.7178521156311035	0.7550161480903625	0.7107058763504028	0.689293622970581	0.6647234559059143	0.6127402186393738	0.6976377964019775	0.717697024345398	0.4979466497898102	0.4824787080287933	0.4004859030246735	0.4869182109832764	0.5183013081550598	0.5365991592407227	0.5406293869018555	0.4962761998176575	0.4950924217700958	0.5485967993736267	0.5780478715896606	0.4644699692726135	0.508924126625061	0.4625869989395142	0.2745845913887024	0.7627822160720825	0.7507041692733765	0.717662513256073	0.6852549910545349	0.639859676361084	0.5732412934303284	0.6151021122932434	0.6434838175773621	0.6058632731437683	0.7002036571502686	0.5325085520744324	0.5474462509155273	0.621408998966217	0.62779301404953	0.7156206965446472	0.6626450419425964	0.8066296577453613	0.7070074081420898	0.7203809022903442	0.7402740716934204	0.7513394951820374	0.5742411017417908	0.7206880450248718	0.6052951216697693	0.0	0.3807709813117981	0.6004257798194885	0.7010802030563354	0.7382318377494812	0.7183143496513367	0.7386633157730103	0.6444039344787598	0.7127302289009094	0.7399184703826904	0.6527629494667053	0.6904739737510681	0.6984191536903381	0.7160824537277222	0.6456206440925598	0.5848386287689209	0.5575848817825317	0.5712223052978516	0.5403923392295837	0.6862455606460571	0.6521819233894348	0.6678295135498047	0.6938766241073608	0.6027026176452637	0.5146124958992004	0.5328189730644226	0.5212706327438354	0.5781407952308655	0.7164077758789062	0.6410290002822876	0.7348421812057495	0.5550474524497986	0.6725993752479553	0.7358799576759338	0.6519685387611389	0.7434433698654175	0.6447440981864929	0.6713166236877441	0.5794356465339661	0.6187901496887207	0.5992662906646729	0.6010299324989319	0.5649186372756958	0.5553838014602661	0.6846616864204407	0.6355251669883728	0.609183669090271	0.6559182405471802	0.5284867286682129	0.6312941312789917	0.670659065246582	0.541986882686615	0.6245584487915039	0.6292352676391602	0.5636441707611084	0.612111508846283	0.703140914440155	0.5927945971488953	0.3443228304386139	0.3795933723449707	0.5034665465354919	0.3377242088317871	0.3106583058834076	0.7410222887992859	0.7815924882888794	0.803279459476471	0.7649175524711609	0.7634470462799072	0.5550863146781921	0.5615949034690857	0.3381965756416321	0.430030882358551	0.3549765348434448	0.3226293623447418	0.3717512488365173
NW033-4	0.90086430311203	0.8260968327522278	0.4667211771011353	0.8404812216758728	0.8226372599601746	0.8992231488227844	0.8865276575088501	0.9094330668449402	0.8943406343460083	0.922338604927063	0.8105068206787109	0.7319850921630859	0.7905423045158386	0.7466027736663818	0.6956083178520203	0.7676154375076294	0.6567063331604004	0.6763286590576172	0.8943700194358826	0.7367695569992065	0.8802503347396851	0.6986328959465027	0.6499744057655334	0.6372106075286865	0.5673293471336365	0.8890007138252258	0.2866610586643219	0.4181047677993774	0.7822219729423523	0.7960702180862427	0.8930966854095459	0.8520528078079224	0.9368894100189209	0.7380251288414001	0.6936165690422058	0.8890030384063721	0.6700572967529297	0.5766844153404236	0.8125724196434021	0.8182283043861389	0.7754949331283569	0.8348870277404785	0.8651012778282166	0.7790820598602295	0.8804528117179871	0.8213106393814087	0.862684965133667	0.9102535843849182	0.8900409936904907	0.8579574823379517	0.9301580190658569	0.9536861777305603	0.9642097353935242	0.9093042016029358	0.7729362845420837	0.9066013693809509	0.7743576765060425	0.892575204372406	0.8529102802276611	0.9057711362838745	0.9244104623794556	0.8771578073501587	0.9095289707183838	0.9536163210868835	0.977017879486084	0.9285266995429993	0.9629129767417908	0.9545603394508362	0.9774550795555115	0.6413456797599792	0.6691803336143494	0.7425223588943481	0.6048498153686523	0.732063889503479	1.055532693862915	0.8109753727912903	0.4332506954669952	0.602693498134613	0.719528317451477	0.8299538493156433	0.9586853981018066	0.5119432806968689	0.9005042910575867	0.9501829147338867	0.9227404594421387	0.8438763618469238	0.912608802318573	0.8275109529495239	0.938091516494751	0.8814017176628113	0.7058565020561218	0.7798247337341309	0.6324443817138672	0.7765926718711853	0.8621523976325989	0.4179107248783112	0.4319941401481628	0.389715164899826	0.321307510137558	0.4447975158691406	0.8429721593856812	0.7091448307037354	0.7642723321914673	0.7039706707000732	0.4771530032157898	1.018567085266113	1.057097315788269	0.9689317345619202	0.9661042094230652	0.8798007369041443	0.8621420860290527	0.8774381279945374	0.9631181359291077	0.9510791301727295	0.8939188122749329	0.7644996047019958	0.74887615442276	0.8539952039718628	0.8517627716064453	0.9350180625915527	0.5534172058105469	0.9550951719284058	0.8648164868354797	0.8777784109115601	0.8971923589706421	0.9093359112739563	0.7315504550933838	1.052469730377197	0.9555951952934265	0.3807709813117981	0.0	0.953942596912384	0.9441099762916565	0.9737499952316284	0.954365611076355	0.9823014736175537	0.8788344860076904	0.9515206217765808	0.7489402890205383	0.7484773397445679	0.7556027173995972	0.7962461709976196	0.7218554615974426	0.9136496186256409	0.8376877307891846	0.7660096883773804	0.7923915982246399	0.747259795665741	0.8539173007011414	0.8044787049293518	0.8550055623054504	0.8903603553771973	0.7650205492973328	0.7607981562614441	0.7742446660995483	0.7492454648017883	0.7710956335067749	0.9447163343429565	0.8131492137908936	0.9117494821548462	0.7392390966415405	0.8073655366897583	0.906028687953949	0.777072548866272	0.8480126261711121	0.7496668696403503	0.8157531023025513	0.7229573726654053	0.8240478038787842	0.725911557674408	0.764489471912384	0.7272027134895325	0.6517601013183594	0.609862208366394	0.6483145952224731	0.7826671004295349	0.8036646842956543	0.5833216905593872	0.8688278794288635	0.891299843788147	0.719332218170166	0.904259204864502	0.8707293272018433	0.8001701831817627	0.8411332368850708	0.9227383732795715	0.6400135159492493	0.3693230748176575	0.3308207094669342	0.2865515351295471	0.3742950260639191	0.4394979774951935	0.9552112817764282	0.9688189625740051	0.9688259959220886	0.9618513584136963	0.9570465683937073	0.7231539487838745	0.5854982137680054	0.3994677364826202	0.3022371232509613	0.350657194852829	0.3625544011592865	0.5380940437316895
NW033-5	0.5965391397476196	0.7468922138214111	1.109713554382324	0.8329647779464722	0.7926865220069885	0.5332154035568237	0.5620832443237305	0.7062699198722839	0.58846116065979	0.54384446144104	0.5275840759277344	0.6252636909484863	0.5469596982002258	0.601704478263855	0.6791192889213562	0.7491835355758667	0.8924439549446106	0.8881681561470032	0.519278883934021	0.7139660716056824	0.518085241317749	0.7933074831962585	0.8723834753036499	0.7459797859191895	0.6488625407218933	0.5946394205093384	0.9993646144866943	0.9276561737060547	0.5584140419960022	0.5288981795310974	0.4117814302444458	0.4826103746891022	0.3820555210113525	0.6466992497444153	0.6487066745758057	0.4442914128303528	0.6191365718841553	0.717383623123169	0.6617295145988464	0.4843219518661499	0.6010648608207703	0.5729424953460693	0.5218491554260254	0.6277446150779724	0.6059979200363159	0.6693142056465149	0.6125286221504211	0.613422155380249	0.6722552180290222	0.5817487239837646	0.524147093296051	0.7286497950553894	0.4986320436000824	0.5057268142700195	0.8291894197463989	0.5451751947402954	1.089275121688843	0.4282941520214081	0.5045971870422363	0.4709728956222534	0.4626853764057159	0.4903469681739807	0.4841647148132324	0.7195640802383423	0.7185527682304382	0.752471387386322	0.6913501024246216	0.6585565209388733	0.742146372795105	0.7679899334907532	0.7575108408927917	0.7684997916221619	0.8146224617958069	0.6485666632652283	0.3948908746242523	0.3462998867034912	0.6355336308479309	0.6620709896087646	0.8116607666015625	0.5717812776565552	0.45433709025383	0.72274249792099	0.5821167826652527	0.6375522613525391	0.5852930545806885	0.7495667934417725	0.5520103573799133	0.6665123701095581	0.492919921875	0.5990123748779297	0.6321122646331787	0.4903000891208649	0.6061747670173645	0.4841073155403137	0.3713067471981049	0.9248274564743042	0.8684711456298828	0.8409848213195801	1.008230447769165	0.8061186075210571	0.3688744902610779	0.4729177355766296	0.451110452413559	0.5071338415145874	0.6767377853393555	0.6328809857368469	0.5604827404022217	0.6365194916725159	0.5533924102783203	0.4423412382602692	0.4228550791740417	0.4905484318733215	0.3631041944026947	0.4161553084850311	0.5086356997489929	0.5600250363349915	0.647269606590271	0.579914391040802	0.6002832055091858	0.6527655720710754	0.850220799446106	0.5237143635749817	0.4653636515140533	0.4734046757221222	0.4398675858974457	0.4349876940250397	0.5436853766441345	0.2454265207052231	0.1687710583209991	0.6004257798194885	0.953942596912384	0.0	0.5203476548194885	0.5860463380813599	0.5579654574394226	0.512877881526947	0.5453723073005676	0.5529037117958069	0.9058425426483154	0.8131958842277527	0.8558654189109802	0.8212626576423645	0.8860719203948975	0.4092525243759155	0.4697964787483215	0.542498767375946	0.5106566548347473	0.5418203473091125	0.6875625848770142	0.7329849004745483	0.676121175289154	0.703062117099762	0.6798225045204163	0.5696964263916016	0.5778655409812927	0.6231894493103027	0.7551602125167847	0.602556586265564	0.5291107296943665	0.6110748648643494	0.6298692226409912	0.6900457739830017	0.6238723397254944	0.772568941116333	0.7669394016265869	0.8004530668258667	0.7472321391105652	0.723964512348175	0.6346830129623413	0.772939920425415	0.7850224375724792	0.6926136016845703	0.7604106664657593	0.9177161455154419	0.8389435410499573	0.7207536697387695	0.750131368637085	0.838481068611145	0.5403941869735718	0.5205998420715332	0.6560425162315369	0.5180956721305847	0.549435555934906	0.523112416267395	0.6508467197418213	0.5390602350234985	0.7754462361335754	0.8602741956710815	0.8936342000961304	1.02151894569397	0.8129158020019531	0.8060146570205688	0.6171284317970276	0.6689949631690979	0.6958713531494141	0.6437776684761047	0.6224461793899536	0.6519197821617126	0.7231075763702393	0.8252524733543396	0.9420504570007324	0.855255663394928	0.8273133635520935	0.698901891708374
NW034-1	0.4341813921928406	0.6004529595375061	1.049090266227722	0.5592142343521118	0.4922991096973419	0.3337672352790833	0.3830188810825348	0.532787561416626	0.394749641418457	0.3371357023715973	0.3234506845474243	0.4428342878818512	0.3687584400177002	0.4178426861763	0.5051854848861694	0.5796568989753723	0.7302367687225342	0.7636933326721191	0.4188928008079529	0.5853118300437927	0.307218998670578	0.6759961247444153	0.7789085507392883	0.6217668652534485	0.6089210510253906	0.4510833323001862	0.953568160533905	0.8868892192840576	0.5046527981758118	0.4924937784671783	0.463529646396637	0.5212583541870117	0.5215662717819214	0.4979208111763	0.5178540945053101	0.3869879841804504	0.5024550557136536	0.5992493033409119	0.4770260155200958	0.4581416547298431	0.4489805102348328	0.4158642888069153	0.4078757762908936	0.5018606185913086	0.3917768597602844	0.4582673311233521	0.388601541519165	0.3931682407855988	0.4295147359371185	0.4498904943466187	0.3604355156421661	0.4594914019107819	0.3895875513553619	0.4054162502288818	0.7460705041885376	0.4313616156578064	1.015956997871399	0.3301002979278564	0.392041951417923	0.3454029560089111	0.2982702851295471	0.3815570473670959	0.3564893305301666	0.3854250013828278	0.3775508999824524	0.4579583406448364	0.3719162344932556	0.3652044832706451	0.4203686118125916	0.6108300089836121	0.5666967630386353	0.4964239597320557	0.7084718346595764	0.5449603796005249	0.5403668284416199	0.5256629586219788	0.6752914786338806	0.599353015422821	0.6782519221305847	0.4247470796108246	0.376550018787384	0.6727720499038696	0.4418142735958099	0.4261008203029633	0.4131453037261963	0.6544506549835205	0.3957051634788513	0.524064838886261	0.389160543680191	0.4628700017929077	0.5038238763809204	0.4216873049736023	0.5562098026275635	0.4356441795825958	0.356810986995697	0.8831533193588257	0.8328870534896851	0.8036993145942688	0.9703635573387146	0.7682999968528748	0.534330427646637	0.5255023837089539	0.5969750285148621	0.5851423144340515	0.7110866904258728	0.4466186761856079	0.3948315382003784	0.4048170149326324	0.3956517279148102	0.4165329933166504	0.4254875183105469	0.4561198651790619	0.4425424337387085	0.4093447327613831	0.4390659034252167	0.4333729147911072	0.5141711235046387	0.4094250202178955	0.4022724330425262	0.5063023567199707	0.7846471071243286	0.6012648344039917	0.5379276871681213	0.5551539063453674	0.5386965870857239	0.5287351012229919	0.5549109578132629	0.6174560785293579	0.5113910436630249	0.7010802030563354	0.9441099762916565	0.5203476548194885	0.0	0.138067752122879	0.07300954312086105	0.1559244841337204	0.1811352223157883	0.1185776218771935	0.7669855356216431	0.6672307252883911	0.7164265513420105	0.6805643439292908	0.7550229430198669	0.3068223893642426	0.3130829334259033	0.3751327395439148	0.3833152055740356	0.3977375328540802	0.5192627310752869	0.5574273467063904	0.5029812455177307	0.5020037293434143	0.5121728777885437	0.4407254159450531	0.4402454197406769	0.4208958446979523	0.5257437229156494	0.2841072678565979	0.4018368721008301	0.4328908324241638	0.4400572776794434	0.5411205887794495	0.435820072889328	0.6231652498245239	0.6395848393440247	0.6522603631019592	0.6072709560394287	0.5965567231178284	0.4774928390979767	0.6858652830123901	0.5569687485694885	0.5546554923057556	0.6467272639274597	0.8236023187637329	0.7437195181846619	0.5851001739501953	0.6355184316635132	0.7717951536178589	0.4908684492111206	0.3855072259902954	0.5437870025634766	0.3567440509796143	0.3019222021102905	0.3870170116424561	0.3723219037055969	0.24863500893116	0.650033712387085	0.7100446820259094	0.7512394785881042	0.8909744620323181	0.6900715827941895	0.653465986251831	0.4273926913738251	0.5112085342407227	0.5388542413711548	0.4856899976730347	0.4563682079315186	0.4910365641117096	0.5772007703781128	0.6859854459762573	0.8382498025894165	0.739766001701355	0.7181691527366638	0.5670106410980225
NW034-2-1	0.5111791491508484	0.650606632232666	1.087137937545776	0.5509206056594849	0.4910094738006592	0.4064823389053345	0.4331285655498505	0.5944132208824158	0.4586737751960754	0.4055363237857819	0.3751860558986664	0.4937780201435089	0.4214655458927155	0.4688517451286316	0.5563079714775085	0.6423115730285645	0.7849178314208984	0.8318454027175903	0.4747479259967804	0.6133857369422913	0.3760284781455994	0.704896092414856	0.8149937391281128	0.6688660979270935	0.6355775594711304	0.5268868207931519	0.9824300408363342	0.9318994879722595	0.5855721831321716	0.5696110725402832	0.541469395160675	0.5883502960205078	0.5953951478004456	0.5238630771636963	0.5731296539306641	0.3920013904571533	0.5647194385528564	0.6539024114608765	0.5640990138053894	0.5094524025917053	0.5084130167961121	0.5167863368988037	0.4866778552532196	0.5195291638374329	0.4539946913719177	0.5103986263275146	0.4396492838859558	0.4670487642288208	0.4921286702156067	0.4749718010425568	0.3918806314468384	0.4948589503765106	0.4202879071235657	0.4260500073432922	0.7830674052238464	0.4841141998767853	1.048528552055359	0.4029824435710907	0.4691653251647949	0.4361482858657837	0.3647307157516479	0.4621710479259491	0.4427302181720734	0.4301115274429321	0.4113495647907257	0.5007771849632263	0.4091095924377441	0.4027528464794159	0.4327296614646912	0.6599939465522766	0.6153795123100281	0.5425736904144287	0.7563380002975464	0.5822600722312927	0.5502681732177734	0.5923258662223816	0.7321823835372925	0.6302317976951599	0.7337896823883057	0.4771770536899567	0.376377671957016	0.6890344619750977	0.4830399453639984	0.4500265717506409	0.456994891166687	0.707796037197113	0.4709186255931854	0.5818016529083252	0.4672433137893677	0.5530673861503601	0.5426004528999329	0.4866327047348022	0.5904713273048401	0.5007385015487671	0.4341332316398621	0.9099995493888855	0.8613426685333252	0.8304639458656311	0.9961880445480347	0.7969240546226501	0.6050288677215576	0.6080694198608398	0.6541658639907837	0.648418128490448	0.759422779083252	0.4673257172107697	0.4515193104743958	0.4102784693241119	0.4326135814189911	0.4766298830509186	0.5094768404960632	0.5279910564422607	0.4954156875610352	0.4931780695915222	0.5206507444381714	0.4739717543125153	0.5599786043167114	0.4555226862430573	0.4487746953964233	0.5656399726867676	0.8211776614189148	0.6044979095458984	0.6090075969696045	0.6067102551460266	0.6064873337745667	0.5991532802581787	0.6044689416885376	0.6576972007751465	0.5790321826934814	0.7382318377494812	0.9737499952316284	0.5860463380813599	0.138067752122879	0.0	0.1210595518350601	0.1868095546960831	0.2106657475233078	0.1213832050561905	0.8180712461471558	0.7133380770683289	0.7668026089668274	0.7181338667869568	0.8068541884422302	0.3516971170902252	0.3821855485439301	0.4314007759094238	0.4448333382606506	0.45964714884758	0.5585016012191772	0.6075349450111389	0.5545016527175903	0.5553979873657227	0.5730358362197876	0.507133960723877	0.5006072521209717	0.4721686840057373	0.578892707824707	0.3006571829319	0.5011821389198303	0.4791187942028046	0.4833522140979767	0.5998348593711853	0.4763395190238953	0.6622196435928345	0.674458920955658	0.6902223825454712	0.6483620405197144	0.6436293125152588	0.5297654271125793	0.7123498320579529	0.5825320482254028	0.6013049483299255	0.6900680065155029	0.8612120151519775	0.7960646748542786	0.6344373226165771	0.6868442893028259	0.8091059327125549	0.5207470059394836	0.4555313587188721	0.5887963771820068	0.4032857418060303	0.3566544651985168	0.4629730880260468	0.3691533505916595	0.3243881165981293	0.6933233141899109	0.7544910311698914	0.80002760887146	0.9283338189125061	0.7310638427734375	0.7043829560279846	0.4725246727466583	0.5391093492507935	0.5668774247169495	0.5147089958190918	0.4869566261768341	0.5405735373497009	0.6267914772033691	0.7250679731369019	0.8796945214271545	0.7691592574119568	0.7429877519607544	0.5924571752548218
NW034-2-2	0.4548369944095612	0.6073023676872253	1.059770226478577	0.5624753832817078	0.4892095625400543	0.355428546667099	0.3917964100837708	0.5419140458106995	0.4037642776966095	0.352175772190094	0.3427227735519409	0.4511585533618927	0.3801811337471008	0.4234201610088348	0.5184624791145325	0.5923497676849365	0.7407036423683167	0.7754664421081543	0.426442950963974	0.5805391073226929	0.3265225291252136	0.678367018699646	0.7955552339553833	0.6334199905395508	0.6234069466590881	0.4692637324333191	0.9670289754867554	0.9027246236801147	0.538086473941803	0.5259119272232056	0.4962531626224518	0.5540778040885925	0.5508654713630676	0.5032908916473389	0.539767861366272	0.4013578593730927	0.5241926908493042	0.617461085319519	0.4812944531440735	0.4729222655296326	0.4530887603759766	0.4345920979976654	0.4316995143890381	0.5074706673622131	0.3972965776920319	0.4679793417453766	0.3977850079536438	0.3965955376625061	0.4358184933662415	0.4517623484134674	0.3685184717178345	0.469293087720871	0.409617006778717	0.4119152426719666	0.7583707571029663	0.4450165033340454	1.025778293609619	0.3613643944263458	0.4145054221153259	0.366368293762207	0.3177397549152374	0.4059231281280518	0.3774321377277374	0.3844906985759735	0.3772259056568146	0.4698266685009003	0.381596177816391	0.375319242477417	0.4194042384624481	0.6272985339164734	0.5859931707382202	0.5123409032821655	0.7231639623641968	0.5566919445991516	0.5549344420433044	0.5514161586761475	0.6919397711753845	0.6028071641921997	0.6992170214653015	0.4412007629871368	0.3775502741336823	0.6802381277084351	0.449666291475296	0.4266474843025208	0.4151155054569244	0.6604665517807007	0.397040992975235	0.5233580470085144	0.4186289310455322	0.4828266799449921	0.5225878953933716	0.4388675391674042	0.567357063293457	0.4596346616744995	0.3990885317325592	0.9009039402008057	0.8478296995162964	0.8181317448616028	0.9850447177886963	0.7837376594543457	0.571989119052887	0.5663458704948425	0.6366192698478699	0.6280579566955566	0.742083728313446	0.447767585515976	0.4144826829433441	0.3942655622959137	0.3935420513153076	0.4314084649085999	0.455201655626297	0.4766977727413177	0.4635173380374908	0.4446792900562286	0.4533466100692749	0.4459092915058136	0.5281346440315247	0.4248257577419281	0.4171207845211029	0.5229424238204956	0.8014042973518372	0.6167072653770447	0.5567637085914612	0.571462094783783	0.5677910447120667	0.5583186149597168	0.5757811665534973	0.6472804546356201	0.5485127568244934	0.7183143496513367	0.954365611076355	0.5579654574394226	0.07300954312086105	0.1210595518350601	0.0	0.1582390964031219	0.1880474388599396	0.1002733260393143	0.7766512632369995	0.6755507588386536	0.7241674661636353	0.6887937784194946	0.7664430737495422	0.3324561417102814	0.3369322717189789	0.3985136449337006	0.3959091007709503	0.4187601804733276	0.5280145406723022	0.5574435591697693	0.5019720196723938	0.5034177899360657	0.5166910886764526	0.4503401815891266	0.4497135579586029	0.434159904718399	0.5327271223068237	0.2932555675506592	0.4340127110481262	0.4293889403343201	0.4516778886318207	0.5483883023262024	0.4405138492584229	0.6211641430854797	0.6385838985443115	0.6547825336456299	0.6132333874702454	0.5999897122383118	0.4814213812351227	0.6984926462173462	0.5648483633995056	0.5688701868057251	0.6661807298660278	0.8298629522323608	0.760212242603302	0.588936448097229	0.6425484418869019	0.7755627036094666	0.5008469223976135	0.408699244260788	0.5617456436157227	0.3741631209850311	0.3209082186222076	0.4077202379703522	0.3748279809951782	0.2664960622787476	0.6621478796005249	0.7183412909507751	0.7613222599029541	0.9037401676177979	0.7015781998634338	0.6625191569328308	0.4245067238807678	0.5087553262710571	0.5354090332984924	0.4857242703437805	0.457822173833847	0.4943443536758423	0.5965211987495422	0.7088327407836914	0.8535110950469971	0.7499126195907593	0.7374614477157593	0.5843583345413208
NW034-3	0.4571395218372345	0.6542301177978516	1.09878671169281	0.6533287167549133	0.6031697988510132	0.3883880078792572	0.4409275650978088	0.6080806851387024	0.4629137516021729	0.3961788415908813	0.3632202744483948	0.5172081589698792	0.4453709125518799	0.4978361129760742	0.5783860087394714	0.6524000763893127	0.808775782585144	0.8418594002723694	0.3936977684497833	0.6218629479408264	0.3529775738716125	0.713035523891449	0.8265798091888428	0.6894172430038452	0.6555265188217163	0.4763727486133575	1.00618851184845	0.9443402886390686	0.5638611316680908	0.5247597098350525	0.4730879366397858	0.5420815348625183	0.5198661088943481	0.5500455498695374	0.5898942351341248	0.3549946844577789	0.5702223777770996	0.6659855842590332	0.548629641532898	0.4574217200279236	0.5101763010025024	0.4678811430931091	0.3879950642585754	0.5512976050376892	0.4375125169754028	0.5183229446411133	0.4403276145458221	0.4580321609973907	0.502249538898468	0.4833283126354218	0.3845280110836029	0.5209081768989563	0.3013053238391876	0.3911593854427338	0.7911744713783264	0.4517497420310974	1.055056929588318	0.312292754650116	0.413507491350174	0.3552650213241577	0.292388379573822	0.4084374308586121	0.3609969913959503	0.4993239343166351	0.4867516458034515	0.5284344553947449	0.4562212228775024	0.4408306479454041	0.5336257219314575	0.6830081343650818	0.6440404653549194	0.565056562423706	0.77446049451828	0.6036841869354248	0.4763654172420502	0.5150770545005798	0.7176403403282166	0.6499051451683044	0.7569387555122375	0.4935038089752197	0.3605672419071198	0.7190401554107666	0.4884549975395203	0.4510088562965393	0.4587969183921814	0.7294551134109497	0.4683817327022552	0.6039209365844727	0.4207558035850525	0.5058255791664124	0.5846250057220459	0.484325498342514	0.617353081703186	0.4904626309871674	0.3893813788890839	0.9356429576873779	0.8795223236083984	0.8491511344909668	1.014186382293701	0.8139280080795288	0.520118772983551	0.5344141125679016	0.6249455213546753	0.6191719770431519	0.7708897590637207	0.4338478744029999	0.3779627680778503	0.4466252326965332	0.3888770937919617	0.3804165422916412	0.4210772514343262	0.4565447568893433	0.3759511113166809	0.4082587659358978	0.4208556115627289	0.4869478344917297	0.5728726983070374	0.4629083573818207	0.4524677693843842	0.5497855544090271	0.8426117300987244	0.5497877597808838	0.5614889860153198	0.589597761631012	0.549781858921051	0.54384446144104	0.6117405295372009	0.5667123794555664	0.4973569810390472	0.7386633157730103	0.9823014736175537	0.512877881526947	0.1559244841337204	0.1868095546960831	0.1582390964031219	0.0	0.2268224656581879	0.1768525391817093	0.8438711166381836	0.7449910640716553	0.789908766746521	0.7484325170516968	0.8293377757072449	0.2554764747619629	0.3598343729972839	0.4432652592658997	0.4362413883209229	0.4538764655590057	0.5886768698692322	0.6384708285331726	0.5850153565406799	0.5860283374786377	0.5969275832176208	0.5027924180030823	0.5112560987472534	0.4857141077518463	0.6016444563865662	0.3871533870697021	0.4311517775058746	0.4979832172393799	0.5109688639640808	0.6242005228996277	0.4959125220775604	0.6878339648246765	0.6968532800674438	0.718394935131073	0.6691795587539673	0.6684655547142029	0.541502833366394	0.72930908203125	0.629940927028656	0.6289480924606323	0.714270293712616	0.8731048107147217	0.8136154413223267	0.6485138535499573	0.700898289680481	0.8247796297073364	0.5117922425270081	0.4465407729148865	0.6019517779350281	0.4212697148323059	0.3640346527099609	0.4087347984313965	0.4508348405361176	0.2994400858879089	0.7151044011116028	0.7785971164703369	0.8213428854942322	0.9468151330947876	0.7295807600021362	0.7234389781951904	0.4810280799865723	0.5328291654586792	0.5639500021934509	0.5072101354598999	0.4578382670879364	0.5773205757141113	0.6442337036132812	0.7500438690185547	0.8939628005027771	0.784511148929596	0.7710521221160889	0.6188642978668213
NW034-4	0.4117015898227692	0.5521189570426941	0.9990277290344238	0.5914249420166016	0.5346965193748474	0.3450857102870941	0.3704131841659546	0.5125861167907715	0.3852502405643463	0.361388772726059	0.2521878778934479	0.3819781541824341	0.3129235804080963	0.368194192647934	0.4481899440288544	0.531665027141571	0.6819040179252625	0.7235445976257324	0.4323696196079254	0.509403645992279	0.3029384911060333	0.6098840832710266	0.7283501029014587	0.572059690952301	0.5506210923194885	0.4282192885875702	0.89996337890625	0.8303431868553162	0.4779840409755707	0.4599449932575226	0.4529770910739899	0.4924239814281464	0.5062736868858337	0.414539635181427	0.4685049951076508	0.3566263914108276	0.4525414705276489	0.5366754531860352	0.4612372815608978	0.4581949710845947	0.4223189651966095	0.4069760739803314	0.4057828485965729	0.3957820236682892	0.3436211347579956	0.3999430239200592	0.3290811479091644	0.3690132796764374	0.3931458592414856	0.3865396678447723	0.3540068864822388	0.4417562782764435	0.4076579511165619	0.3947117328643799	0.6782360672950745	0.3923675715923309	0.9534703493118286	0.3510816991329193	0.363639235496521	0.3939590752124786	0.3332474827766418	0.3818506598472595	0.3922512233257294	0.4454500377178192	0.4431072473526001	0.4540059268474579	0.4067732393741608	0.3830895125865936	0.4765917658805847	0.5453831553459167	0.5075493454933167	0.4641724526882172	0.6405449509620667	0.4721079468727112	0.6513546109199524	0.551872968673706	0.6317998170852661	0.5432150363922119	0.6350346803665161	0.3690937161445618	0.3720424473285675	0.5820361375808716	0.4261610507965088	0.4271625876426697	0.4086506962776184	0.6135282516479492	0.3759709000587463	0.4882268011569977	0.4007871747016907	0.4608132243156433	0.4387222826480865	0.3716908693313599	0.4888460040092468	0.3859955072402954	0.3280066549777985	0.8209986090660095	0.7674680948257446	0.7370548248291016	0.9015588164329529	0.7054473161697388	0.5174301862716675	0.5139973759651184	0.5675589442253113	0.5520609617233276	0.6661494970321655	0.4668018817901611	0.457285463809967	0.4784145653247833	0.4198264181613922	0.4465517103672028	0.4167737662792206	0.4458004534244537	0.4787607491016388	0.4219474196434021	0.4763828217983246	0.386480301618576	0.4675542116165161	0.363574355840683	0.3568742871284485	0.464541494846344	0.7269810438156128	0.5985835790634155	0.4999591708183289	0.5072270631790161	0.5095193386077881	0.5174782276153564	0.49619460105896	0.6492905616760254	0.5062641501426697	0.6444039344787598	0.8788344860076904	0.5453723073005676	0.1811352223157883	0.2106657475233078	0.1880474388599396	0.2268224656581879	0.0	0.1804051548242569	0.7289829850196838	0.6147641539573669	0.667205274105072	0.6029544472694397	0.7084276080131531	0.332357257604599	0.2854841351509094	0.3299223184585571	0.3412532210350037	0.3539688587188721	0.4594669044017792	0.5072896480560303	0.4582309722900391	0.4551785886287689	0.4650824964046478	0.404401421546936	0.392896980047226	0.370857298374176	0.5036146640777588	0.3469171524047852	0.388234555721283	0.450526624917984	0.3830676376819611	0.5003826022148132	0.4425828158855438	0.5777481198310852	0.5882019996643066	0.5994700193405151	0.5489088296890259	0.5546941757202148	0.4325634241104126	0.6218737363815308	0.5684030055999756	0.5068988800048828	0.5782496929168701	0.750421404838562	0.6951485276222229	0.5289179086685181	0.5759106278419495	0.7060198187828064	0.4375729262828827	0.3704128265380859	0.4730392396450043	0.3214525580406189	0.342833936214447	0.3686432242393494	0.3923990726470947	0.3487693667411804	0.591850996017456	0.6679512858390808	0.7159146070480347	0.8451998233795166	0.6345707178115845	0.6168617010116577	0.4473244249820709	0.5137256383895874	0.5434456467628479	0.4915246963500977	0.4621249139308929	0.4500141739845276	0.5098028779029846	0.6338507533073425	0.7944638729095459	0.6895778775215149	0.6629384160041809	0.5163120031356812
NW034-5	0.4674406945705414	0.6219056248664856	1.060728430747986	0.5644834041595459	0.517140805721283	0.3943299055099487	0.4277177453041077	0.583518385887146	0.4416944086551666	0.3884550034999847	0.3457221984863281	0.4656164944171906	0.4075826704502106	0.4518862962722778	0.531801164150238	0.6151925921440125	0.7614995837211609	0.7996816039085388	0.4345978796482086	0.58305823802948	0.3643130958080292	0.6714547872543335	0.7953092455863953	0.653427243232727	0.6186477541923523	0.4797636866569519	0.9661417603492737	0.9093465805053711	0.5449519753456116	0.5252060890197754	0.5067710876464844	0.5452019572257996	0.5520205497741699	0.4972084164619446	0.5506640672683716	0.380657285451889	0.5288905501365662	0.6199018359184265	0.5295501351356506	0.4777293503284454	0.4983465969562531	0.4774906635284424	0.4467358887195587	0.4994759857654572	0.415008544921875	0.4873648881912231	0.4137868881225586	0.4400539994239807	0.4831620156764984	0.4500690996646881	0.3849570751190186	0.4905548691749573	0.4130297899246216	0.4169242084026337	0.7638764977455139	0.4528445601463318	1.028476357460022	0.3707998096942902	0.4235469102859497	0.4114528894424438	0.3356156051158905	0.4421712458133698	0.4197250306606293	0.4323749840259552	0.4191039800643921	0.4956353604793549	0.4060619175434113	0.4068226218223572	0.4521952867507935	0.6295299530029297	0.6029661893844604	0.5129603147506714	0.719377338886261	0.5534168481826782	0.5396202206611633	0.5484147667884827	0.6906905770301819	0.6157271862030029	0.7135714292526245	0.441446989774704	0.3804063200950623	0.6761307716369629	0.4655764997005463	0.4403847455978394	0.4305753409862518	0.6968117356300354	0.4426902234554291	0.5646211504936218	0.4407374858856201	0.520747721195221	0.5269426703453064	0.4379886984825134	0.565991997718811	0.449835479259491	0.3985955417156219	0.8895680904388428	0.8410409688949585	0.8089826107025146	0.9752085208892822	0.7782586216926575	0.5591820478439331	0.5567224025726318	0.6121304035186768	0.6071079969406128	0.7287619113922119	0.4825311899185181	0.4463307559490204	0.4239163398742676	0.4281790256500244	0.4410718083381653	0.4625683426856995	0.5029776692390442	0.4719938039779663	0.4490370750427246	0.4700433015823364	0.4508723318576813	0.5352841019630432	0.441201239824295	0.4268742799758911	0.5299819111824036	0.7991640567779541	0.6067710518836975	0.5663288235664368	0.5803289413452148	0.5723440051078796	0.5616418123245239	0.5798490047454834	0.6402688026428223	0.5447478294372559	0.7127302289009094	0.9515206217765808	0.5529037117958069	0.1185776218771935	0.1213832050561905	0.1002733260393143	0.1768525391817093	0.1804051548242569	0.0	0.7951099276542664	0.6955794095993042	0.7401875853538513	0.6945195198059082	0.781212329864502	0.330724835395813	0.3439581394195557	0.4158370792865753	0.4123493731021881	0.4255291223526001	0.5548290014266968	0.6037548780441284	0.5447242856025696	0.5481207370758057	0.5577475428581238	0.4757981896400452	0.4749903380870819	0.4480662643909454	0.5695759654045105	0.3330726325511932	0.4557461440563202	0.4671688675880432	0.4770236015319824	0.5854864716529846	0.4698996543884277	0.6509283185005188	0.6614176630973816	0.6769607663154602	0.6211413145065308	0.6241309642791748	0.5087376832962036	0.6993968486785889	0.5575700998306274	0.5816064476966858	0.6535847187042236	0.8289423584938049	0.7583286762237549	0.6041090488433838	0.6495904922485352	0.7792328000068665	0.4960726797580719	0.4256502389907837	0.5653204321861267	0.389951765537262	0.3098618984222412	0.4175487756729126	0.3655161261558533	0.2947904467582703	0.6651576161384583	0.7552897930145264	0.79841548204422	0.9232023358345032	0.7126737236976624	0.7002393007278442	0.4676278829574585	0.525965690612793	0.5553773045539856	0.5026788711547852	0.4737401306629181	0.535028338432312	0.594745397567749	0.7058770656585693	0.8553693294525146	0.7495636343955994	0.7278754711151123	0.5779926776885986
NW035-1	0.5867360234260559	0.4974665939807892	0.6759555339813232	0.7060027718544006	0.6546902656555176	0.7217848896980286	0.7070188522338867	0.6402886509895325	0.6854694485664368	0.7191097140312195	0.6577338576316833	0.5452415943145752	0.6255659461021423	0.570543110370636	0.46419557929039	0.4129834473133087	0.407467246055603	0.3632006645202637	0.7193888425827026	0.5854032039642334	0.6954682469367981	0.5806129574775696	0.5235622525215149	0.4349346160888672	0.6875782012939453	0.5718768835067749	0.7165589332580566	0.6754084825515747	0.660330593585968	0.6853092312812805	0.7213840484619141	0.6878219842910767	0.79950350522995	0.6070888042449951	0.5331339240074158	0.793524980545044	0.544045090675354	0.4888953566551208	0.5809570550918579	0.7674463987350464	0.6440033912658691	0.684424877166748	0.7318212389945984	0.646868109703064	0.6138828992843628	0.6204206943511963	0.6933438181877136	0.7130518555641174	0.6788125038146973	0.7497756481170654	0.7837923169136047	0.6317044496536255	0.8226863741874695	0.7586144804954529	0.5379353165626526	0.661376953125	0.6815688610076904	0.7325932383537292	0.6562792658805847	0.7072321772575378	0.7497560977935791	0.6592199802398682	0.680752694606781	0.624369740486145	0.6498461961746216	0.5928501486778259	0.6448577046394348	0.6438668966293335	0.6467453837394714	0.4745766520500183	0.4505403935909271	0.5317221283912659	0.494009405374527	0.5929514169692993	1.074857592582703	0.9702169299125671	0.8046210408210754	0.692219078540802	0.3597353398799896	0.5814077258110046	0.791361927986145	0.708864152431488	0.6879690289497375	0.7471894025802612	0.7022321224212646	0.5891644954681396	0.6066089868545532	0.5016543865203857	0.6802331805229187	0.5844616293907166	0.5610694289207458	0.6469324827194214	0.5753146409988403	0.6641876101493835	0.7358824610710144	0.673295259475708	0.6657978892326355	0.6371625065803528	0.7701326608657837	0.6079380512237549	0.7638733983039856	0.727079451084137	0.6976062059402466	0.668677031993866	0.6696518659591675	0.8475779294967651	0.8838691711425781	0.8467093706130981	0.8523958325386047	0.7890893220901489	0.7546932697296143	0.6616644263267517	0.8732666373252869	0.7113403677940369	0.7125633955001831	0.5948101282119751	0.5085939168930054	0.6225141882896423	0.5977817177772522	0.6220148801803589	0.4880124926567078	0.8904440402984619	0.693440318107605	0.7400445342063904	0.7507636547088623	0.7573521733283997	0.5789806842803955	0.9696118235588074	0.8766831159591675	0.7399184703826904	0.7489402890205383	0.9058425426483154	0.7669855356216431	0.8180712461471558	0.7766512632369995	0.8438711166381836	0.7289829850196838	0.7951099276542664	0.0	0.2007652223110199	0.1631995588541031	0.2912123203277588	0.1794225573539734	0.7575265169143677	0.6512865424156189	0.5474810004234314	0.6104964017868042	0.5476559400558472	0.6476024985313416	0.5515738129615784	0.6167634725570679	0.6293479800224304	0.5552078485488892	0.5951539874076843	0.5819714665412903	0.5911349654197693	0.5173941850662231	0.7292206287384033	0.5931812524795532	0.7621792554855347	0.6331014037132263	0.6419370770454407	0.7776753902435303	0.5574637055397034	0.6996894478797913	0.5020591616630554	0.6410291194915771	0.5847799181938171	0.5217161774635315	0.6396399736404419	0.7250280380249023	0.5735923051834106	0.551216185092926	0.621951162815094	0.5635300874710083	0.4445307552814484	0.4321718513965607	0.4867016971111298	0.6964766383171082	0.6794635057449341	0.5491791367530823	0.6731117963790894	0.7128919959068298	0.6330363154411316	0.6477904319763184	0.7149631381034851	0.3824765086174011	0.6348409652709961	0.6632640957832336	0.7219744920730591	0.6883434057235718	0.6502581238746643	0.6741151809692383	0.6930531859397888	0.6736344695091248	0.6981199383735657	0.7155733704566956	0.5395272374153137	0.4702943861484528	0.5794641375541687	0.6086592078208923	0.6867339015007019	0.6347931623458862	0.7075509428977966
NW035-2	0.4941688179969788	0.4282860159873962	0.7364453077316284	0.6290667653083801	0.5768139362335205	0.6112979054450989	0.591151773929596	0.5624115467071533	0.5880692601203918	0.6029396057128906	0.5424916744232178	0.4324009120464325	0.5118927955627441	0.4535994231700897	0.3489696979522705	0.3073517382144928	0.41972416639328	0.3903363347053528	0.6071959733963013	0.4807842671871185	0.584764301776886	0.4815975725650787	0.5362565517425537	0.3535827696323395	0.5791783332824707	0.4724487662315369	0.7358720302581787	0.6755106449127197	0.54949551820755	0.5780625939369202	0.6208350658416748	0.5903657078742981	0.6971782445907593	0.474958598613739	0.4072549939155579	0.6607773900032043	0.4389760494232178	0.4671564698219299	0.4611237049102783	0.6529026627540588	0.5312820076942444	0.5709857940673828	0.6132962703704834	0.5150593519210815	0.5093062520027161	0.5038555860519409	0.5711323618888855	0.5903980731964111	0.5585111379623413	0.6137478947639465	0.6517418622970581	0.5626375675201416	0.7105978727340698	0.6435609459877014	0.4856970012187958	0.5826509594917297	0.7408301830291748	0.6176959276199341	0.5372242331504822	0.6072290539741516	0.6430168151855469	0.5463576912879944	0.5914223790168762	0.5433010458946228	0.5756933689117432	0.5249841213226318	0.572809636592865	0.5539398193359375	0.5699573159217834	0.4620093703269958	0.4159252345561981	0.4528742730617523	0.4742776453495026	0.4769607186317444	0.9795801043510437	0.8750075101852417	0.7087220549583435	0.5731439590454102	0.3670170307159424	0.4667996168136597	0.6617985367774963	0.577498733997345	0.5553457736968994	0.6151659488677979	0.5695134997367859	0.5131960511207581	0.5114542841911316	0.4131376445293427	0.5771379470825195	0.5258712768554688	0.4508797824382782	0.5331960916519165	0.4788790345191956	0.5486419200897217	0.6133805513381958	0.6703190207481384	0.6570924520492554	0.6330673098564148	0.7601433396339417	0.5992557406425476	0.6661350727081299	0.6286838054656982	0.6078589558601379	0.5737221240997314	0.5971052050590515	0.726645827293396	0.7579343914985657	0.7270094156265259	0.7187047600746155	0.6913925409317017	0.6531817317008972	0.602139413356781	0.7756204605102539	0.652407169342041	0.6076120138168335	0.4798623025417328	0.3822323679924011	0.5022963881492615	0.4811265468597412	0.5360822081565857	0.5235787034034729	0.8018407821655273	0.6051109433174133	0.6516339182853699	0.6593388319015503	0.6693496704101562	0.4906644225120544	0.8727772235870361	0.7807641625404358	0.6527629494667053	0.7484773397445679	0.8131958842277527	0.6672307252883911	0.7133380770683289	0.6755507588386536	0.7449910640716553	0.6147641539573669	0.6955794095993042	0.2007652223110199	0.0	0.129279837012291	0.1876148879528046	0.1877788901329041	0.6458042860031128	0.5351345539093018	0.4351460337638855	0.4918814897537231	0.4374610781669617	0.5561838150024414	0.4721443355083466	0.517415463924408	0.5331121683120728	0.4557868242263794	0.5077566504478455	0.4784127771854401	0.4891037344932556	0.4591293036937714	0.6168997883796692	0.4917263686656952	0.6571117639541626	0.5218162536621094	0.5544324517250061	0.6810176372528076	0.4575952291488647	0.6112684607505798	0.4274722635746002	0.534285843372345	0.4538354873657227	0.4219131469726562	0.5241901874542236	0.6140515208244324	0.4476007223129272	0.4869891107082367	0.6334723234176636	0.5486575365066528	0.319035679101944	0.3133185505867004	0.4804516732692719	0.6117305755615234	0.5675608515739441	0.4344907104969025	0.5598809719085693	0.612565279006958	0.5551649332046509	0.5450598001480103	0.6192498207092285	0.405116468667984	0.5625070333480835	0.6229367852210999	0.7274481654167175	0.5742369890213013	0.5456845760345459	0.5409649014472961	0.5623133182525635	0.5444232821464539	0.5715916156768799	0.586276113986969	0.4263897836208344	0.4408313930034637	0.5028521418571472	0.6202638745307922	0.5987588763237	0.5337322950363159	0.5960608720779419
NW035-4-1	0.5224372148513794	0.4328859448432922	0.702580988407135	0.6696938276290894	0.6149656772613525	0.6417768597602844	0.6231561303138733	0.5554946660995483	0.6037271022796631	0.638251543045044	0.5967830419540405	0.4835299551486969	0.5640741586685181	0.508146345615387	0.4024142622947693	0.3658903837203979	0.4383028447628021	0.4177166819572449	0.6628072261810303	0.5347928404808044	0.6394148468971252	0.5346258878707886	0.5541589856147766	0.3880914151668549	0.6315018534660339	0.5084268450737	0.7251344323158264	0.6888467073440552	0.5786342024803162	0.6051185131072998	0.6647030711174011	0.6293488144874573	0.7103822231292725	0.5381055474281311	0.4589172601699829	0.7207831144332886	0.499348372220993	0.4921152293682098	0.5131630301475525	0.707225501537323	0.5795822739601135	0.6218668818473816	0.6659920811653137	0.5798403024673462	0.5458342432975769	0.5456547737121582	0.6230268478393555	0.6352587342262268	0.6046278476715088	0.6592572927474976	0.6953814625740051	0.5719086527824402	0.7587512135505676	0.6914950609207153	0.4833281636238098	0.5951668620109558	0.7051061987876892	0.668855607509613	0.5883934497833252	0.645395815372467	0.6828855872154236	0.5982710719108582	0.6229650378227234	0.553543210029602	0.589083194732666	0.5283533334732056	0.574413537979126	0.5755678415298462	0.5637373924255371	0.4771219193935394	0.4399886727333069	0.485530287027359	0.4885122179985046	0.5257538557052612	1.021146059036255	0.9176164865493774	0.7510276436805725	0.6283264756202698	0.4064648449420929	0.5155182480812073	0.723946750164032	0.6412422060966492	0.6027929186820984	0.6614195108413696	0.6147895455360413	0.5209953784942627	0.5286016464233398	0.4272617101669312	0.6071562170982361	0.5239362120628357	0.4999170005321503	0.5782129764556885	0.5276593565940857	0.5945736765861511	0.6728307604789734	0.6603270769119263	0.6517741680145264	0.6307050585746765	0.7432028651237488	0.5852649807929993	0.7130476236343384	0.659728467464447	0.6540642380714417	0.6181542277336121	0.6200606226921082	0.758246898651123	0.7939693331718445	0.7570616006851196	0.7625504732131958	0.7339590787887573	0.6991744041442871	0.6039231419563293	0.8188502788543701	0.6533747911453247	0.6506451368331909	0.5324326157569885	0.4305665791034698	0.5488961338996887	0.5351690053939819	0.541315495967865	0.482553631067276	0.834557294845581	0.6424471735954285	0.691821813583374	0.6977246999740601	0.7084439992904663	0.5334381461143494	0.9111244082450867	0.8208341002464294	0.6904739737510681	0.7556027173995972	0.8558654189109802	0.7164265513420105	0.7668026089668274	0.7241674661636353	0.789908766746521	0.667205274105072	0.7401875853538513	0.1631995588541031	0.129279837012291	0.0	0.1778700053691864	0.1222111359238625	0.6976394057273865	0.5890482068061829	0.4874190390110016	0.5475147366523743	0.4922802746295929	0.5883826613426208	0.5000413060188293	0.5437196493148804	0.5524768829345703	0.5006831288337708	0.5408161282539368	0.5263140797615051	0.5343816876411438	0.4548479616641998	0.6646749973297119	0.5344153046607971	0.684670090675354	0.5368135571479797	0.5591925978660583	0.6932927966117859	0.5007714629173279	0.6465452909469604	0.4502840638160706	0.5770575404167175	0.5122968554496765	0.4347875714302063	0.5761767029762268	0.6585041284561157	0.5143563747406006	0.508945107460022	0.6423689723014832	0.5663397312164307	0.3555098474025726	0.3251191377639771	0.4660850763320923	0.6298656463623047	0.6170943975448608	0.4882497787475586	0.6111505627632141	0.6538933515548706	0.5760600566864014	0.5863370895385742	0.6547064781188965	0.3770253360271454	0.5881970524787903	0.6294643878936768	0.7299537062644958	0.629523515701294	0.5943710207939148	0.5810226202011108	0.5975174903869629	0.579503059387207	0.6051206588745117	0.6256729364395142	0.4740597605705261	0.4653501808643341	0.5361114740371704	0.6284028887748718	0.6459401249885559	0.5773177742958069	0.6494561433792114
NW035-4-2	0.4635650515556335	0.3489020168781281	0.684834361076355	0.6553813219070435	0.6048540472984314	0.6087184548377991	0.58591228723526	0.4948969483375549	0.5661031603813171	0.6028823256492615	0.538858950138092	0.4430259466171265	0.5104871988296509	0.4621032476425171	0.3757205605506897	0.3884603083133698	0.5352112650871277	0.5093520879745483	0.605357825756073	0.4878690838813782	0.5921279191970825	0.5212451219558716	0.6078125834465027	0.4343406558036804	0.5745601654052734	0.4592612683773041	0.7757598757743835	0.7367436289787292	0.5700916051864624	0.592393159866333	0.6349384188652039	0.6133682131767273	0.6912491321563721	0.4973451197147369	0.4657448530197144	0.633115828037262	0.5056828856468201	0.5319293737411499	0.4699316024780273	0.6454399824142456	0.5360019207000732	0.5768217444419861	0.6147887706756592	0.4987201988697052	0.4991386532783508	0.5301632285118103	0.5756308436393738	0.612410306930542	0.5848566293716431	0.5956125855445862	0.6370214223861694	0.507656991481781	0.7024818062782288	0.6293686032295227	0.4373250603675842	0.5225470066070557	0.6913819909095764	0.6067431569099426	0.5363739132881165	0.612784743309021	0.6436440348625183	0.5404611825942993	0.5874417424201965	0.5049088001251221	0.5327048897743225	0.4495126605033875	0.5077293515205383	0.5181339979171753	0.4754388928413391	0.534676730632782	0.5076450109481812	0.5331472754478455	0.5400316119194031	0.4791556894779205	0.979611873626709	0.8762246966362	0.7129942178726196	0.5722457766532898	0.4815377295017242	0.4775477349758148	0.6440204977989197	0.5532130002975464	0.551220715045929	0.6060983538627625	0.5590523481369019	0.4061247706413269	0.4724780321121216	0.3800915777683258	0.5546013116836548	0.4546971917152405	0.4931981861591339	0.5458126664161682	0.5252749919891357	0.5539838671684265	0.6096253395080566	0.7068202495574951	0.6964836120605469	0.6759839057922363	0.7886670827865601	0.6279258131980896	0.6875118017196655	0.6355882883071899	0.6308978796005249	0.5986495614051819	0.652224063873291	0.7194806337356567	0.7505872845649719	0.7202574014663696	0.7011299729347229	0.6947928071022034	0.6656224727630615	0.521799623966217	0.7768023014068604	0.5924915671348572	0.6242510080337524	0.4776911735534668	0.3853159546852112	0.5006523132324219	0.4764232635498047	0.4246077835559845	0.4608059823513031	0.8050371408462524	0.6154062747955322	0.6637917160987854	0.6684616804122925	0.6801019906997681	0.5067304968833923	0.8739622235298157	0.7787300944328308	0.6984191536903381	0.7962461709976196	0.8212626576423645	0.6805643439292908	0.7181338667869568	0.6887937784194946	0.7484325170516968	0.6029544472694397	0.6945195198059082	0.2912123203277588	0.1876148879528046	0.1778700053691864	0.0	0.2378708720207214	0.6364740133285522	0.532370924949646	0.43268883228302	0.4947603940963745	0.4461308717727661	0.5624904036521912	0.4873986542224884	0.5251556634902954	0.5388422012329102	0.4585251808166504	0.5180322527885437	0.5105699896812439	0.5032175779342651	0.4122474491596222	0.6170351505279541	0.5010550022125244	0.6530628204345703	0.5118381381034851	0.5458394289016724	0.6660839915275574	0.4802707135677338	0.6263770461082458	0.4435268640518188	0.5390167832374573	0.4878815412521362	0.3774070143699646	0.5521911978721619	0.6088494062423706	0.4661079943180084	0.5184563398361206	0.6870566010475159	0.6050729155540466	0.3226909041404724	0.2974495589733124	0.4360582828521729	0.5619343519210815	0.5585448145866394	0.4400548934936523	0.5548859238624573	0.6164355278015137	0.5377705693244934	0.5558041334152222	0.6207278966903687	0.4334788024425507	0.5983907580375671	0.6641423106193542	0.7672340273857117	0.5748437643051147	0.5652435421943665	0.5441875457763672	0.569825291633606	0.5553524494171143	0.5720883011817932	0.5762075185775757	0.4418890178203583	0.4947364330291748	0.5401142835617065	0.6711777448654175	0.621628999710083	0.5689324140548706	0.5870018601417542
NW035-5	0.5766282677650452	0.4728782176971436	0.6514581441879272	0.6926459074020386	0.6425986886024475	0.6797048449516296	0.6609790921211243	0.5834916234016418	0.6433174014091492	0.6769797801971436	0.6466557383537292	0.5405380129814148	0.6186456680297852	0.5634694695472717	0.453345000743866	0.4145532250404358	0.42477947473526	0.4163048565387726	0.6975622177124023	0.5659379959106445	0.6767613291740417	0.5514237880706787	0.5113033652305603	0.4281661808490753	0.6676901578903198	0.5589849948883057	0.6872574687004089	0.6589601635932922	0.5998347401618958	0.6269404888153076	0.6943371891975403	0.6361390352249146	0.7309429049491882	0.578804075717926	0.478306919336319	0.7646370530128479	0.5225636959075928	0.4613479375839233	0.5606988072395325	0.7465772032737732	0.6273686289787292	0.6695448756217957	0.7124183177947998	0.6232155561447144	0.6058633923530579	0.5991374254226685	0.6761034727096558	0.699843168258667	0.6665804982185364	0.7053430080413818	0.7508568167686462	0.6191027760505676	0.8136852979660034	0.7477331757545471	0.5084068179130554	0.637830376625061	0.6568605303764343	0.7193613648414612	0.63600754737854	0.6966543793678284	0.7364073991775513	0.6494072675704956	0.6721213459968567	0.6057063341140747	0.6410261988639832	0.5707648396492004	0.6234496831893921	0.6284193992614746	0.6062277555465698	0.4525998532772064	0.447765439748764	0.5149722099304199	0.4695843458175659	0.5631088614463806	1.052175760269165	0.9488367438316345	0.781971275806427	0.6738951206207275	0.3842501640319824	0.5667744874954224	0.7776092886924744	0.6870756149291992	0.6545436382293701	0.7105026245117188	0.6682667136192322	0.5600928068161011	0.5858389735221863	0.4866522550582886	0.6641971468925476	0.5608969926834106	0.5358328819274902	0.6246957778930664	0.5568327307701111	0.6382047533988953	0.7182462215423584	0.6229501962661743	0.6164367198944092	0.5964191555976868	0.703154981136322	0.5509369373321533	0.7255333065986633	0.6804579496383667	0.6586360335350037	0.6275265216827393	0.6329236626625061	0.8079978227615356	0.8464497327804565	0.8079848289489746	0.8171276450157166	0.768115222454071	0.7283709645271301	0.632442831993103	0.8542549014091492	0.6798666715621948	0.6751834154129028	0.5736930966377258	0.4725586473941803	0.595537006855011	0.5811296105384827	0.5774747133255005	0.4310474395751953	0.8540719151496887	0.6648485064506531	0.71318119764328	0.7216957211494446	0.7329769134521484	0.5527155995368958	0.9409193992614746	0.8520012497901917	0.7160824537277222	0.7218554615974426	0.8860719203948975	0.7550229430198669	0.8068541884422302	0.7664430737495422	0.8293377757072449	0.7084276080131531	0.781212329864502	0.1794225573539734	0.1877788901329041	0.1222111359238625	0.2378708720207214	0.0	0.7452263832092285	0.6367759704589844	0.5421627759933472	0.6002606153488159	0.5395700931549072	0.6407867670059204	0.558843731880188	0.6003311276435852	0.6125019788742065	0.5567431449890137	0.6082492470741272	0.5856536626815796	0.5927967429161072	0.514132559299469	0.7187050580978394	0.5805404782295227	0.7162180542945862	0.5729317665100098	0.5866687297821045	0.7249621152877808	0.5552114248275757	0.6876786351203918	0.49379962682724	0.636519193649292	0.5620138049125671	0.4787234663963318	0.6186491847038269	0.702156662940979	0.5544748902320862	0.5301856398582458	0.6122459769248962	0.5532940626144409	0.3989829123020172	0.374799519777298	0.4580490589141846	0.6766481399536133	0.6781303286552429	0.5309388637542725	0.6633518934249878	0.6871207356452942	0.6102094650268555	0.6183608174324036	0.6960017681121826	0.3570127785205841	0.6268499493598938	0.6503522396087646	0.7254140377044678	0.6771623492240906	0.6429043412208557	0.6331657767295837	0.6473673582077026	0.6293502449989319	0.6555197834968567	0.6718400716781616	0.5259944200515747	0.45598304271698	0.5632359385490417	0.6090990900993347	0.6845242381095886	0.6113701462745667	0.6961397528648376
NW036-1	0.3227710425853729	0.5086089372634888	1.004700660705566	0.6718100905418396	0.6387678980827332	0.3366159200668335	0.3897881805896759	0.5494745969772339	0.4211173951625824	0.3578313887119293	0.2748919427394867	0.4036623239517212	0.3308465778827667	0.3873200118541718	0.4538812935352325	0.5704913139343262	0.7396608591079712	0.7509495615959167	0.2741720974445343	0.5108367204666138	0.2723622918128967	0.6151213049888611	0.7484821677207947	0.6003271341323853	0.5277388691902161	0.3241703510284424	0.9175367951393127	0.8594251871109009	0.4916959404945374	0.4533127248287201	0.3949782252311707	0.4702695906162262	0.4330973923206329	0.4883281588554382	0.5184183120727539	0.2708260118961334	0.499298632144928	0.6064907908439636	0.4382319748401642	0.3432024121284485	0.3994597196578979	0.3815254271030426	0.2754470705986023	0.4325995743274689	0.3647619187831879	0.4484803676605225	0.3773659765720367	0.3898114264011383	0.4397440254688263	0.3819632530212402	0.2861969470977783	0.4660999178886414	0.2489302009344101	0.262199342250824	0.6722882986068726	0.3142994940280914	0.9636068344116211	0.1827429383993149	0.290755033493042	0.2771360874176025	0.221524640917778	0.291949450969696	0.2846505045890808	0.4822759628295898	0.4600869417190552	0.4897266030311584	0.432188868522644	0.4035871922969818	0.515383243560791	0.6131947636604309	0.5960701107978821	0.5827468037605286	0.6739248633384705	0.4721730649471283	0.4933068454265594	0.4780328273773193	0.6237770915031433	0.4927812516689301	0.6789951920509338	0.3957731425762177	0.2925489544868469	0.5723392963409424	0.3704163134098053	0.3784691095352173	0.3391812443733215	0.6012938022613525	0.3369181454181671	0.4696017503738403	0.2942980825901031	0.4129254519939423	0.5155917406082153	0.3934521377086639	0.5339189767837524	0.387821227312088	0.2710945308208466	0.8591423630714417	0.8112337589263916	0.7792401313781738	0.9457719922065735	0.7459280490875244	0.4559300541877747	0.471068263053894	0.5430442690849304	0.5453279614448547	0.7063947916030884	0.4458787143230438	0.3971526920795441	0.4782364964485168	0.3857901096343994	0.3057033717632294	0.3346941471099854	0.3655183911323547	0.3157339990139008	0.3193347156047821	0.337313711643219	0.374617338180542	0.4645224213600159	0.3547154664993286	0.3736117780208588	0.4455690383911133	0.7539483904838562	0.4901034235954285	0.4419322311878204	0.4665675461292267	0.4265668094158173	0.4163656532764435	0.4872192442417145	0.4663474261760712	0.3984053730964661	0.6456206440925598	0.9136496186256409	0.4092525243759155	0.3068223893642426	0.3516971170902252	0.3324561417102814	0.2554764747619629	0.332357257604599	0.330724835395813	0.7575265169143677	0.6458042860031128	0.6976394057273865	0.6364740133285522	0.7452263832092285	0.0	0.1666836738586426	0.2761445641517639	0.2286814898252487	0.2746017873287201	0.5089399814605713	0.5524349808692932	0.5062071084976196	0.49936842918396	0.4986181557178497	0.4196901023387909	0.4375046491622925	0.4412404596805573	0.5667250156402588	0.4022668302059174	0.3601526021957397	0.457780122756958	0.4886895716190338	0.5693832039833069	0.4818421900272369	0.5972265601158142	0.6134148836135864	0.6375693678855896	0.5825216770172119	0.5809609293937683	0.4345288872718811	0.6276219487190247	0.6287919282913208	0.5234932899475098	0.6220318675041199	0.817191481590271	0.7259095311164856	0.5209639668464661	0.5710323452949524	0.7056670784950256	0.3631526529788971	0.3304643332958221	0.4964742660522461	0.2983357906341553	0.3658450841903687	0.3471810221672058	0.4477332532405853	0.3321638405323029	0.6206326484680176	0.7091003656387329	0.7721328139305115	0.8902380466461182	0.63038170337677	0.6408320665359497	0.386221706867218	0.4388225376605988	0.4719251990318298	0.4037753343582153	0.3523305058479309	0.4502612352371216	0.53099125623703	0.6444635987281799	0.807974100112915	0.6737492680549622	0.654596745967865	0.5084295272827148
NW036-2	0.2643255889415741	0.4265751838684082	0.915494441986084	0.5742855072021484	0.5448793768882751	0.3131097257137299	0.3517760038375854	0.4835525751113892	0.3828384876251221	0.3562404215335846	0.2166811376810074	0.3150403499603271	0.2456366270780563	0.2887917459011078	0.3570287525653839	0.4587369859218597	0.6299348473548889	0.6523069739341736	0.3326232433319092	0.4331102669239044	0.2578862905502319	0.5338312387466431	0.6775960922241211	0.4942701160907745	0.4419838786125183	0.2551606893539429	0.841588020324707	0.7735130786895752	0.4086066484451294	0.3934478759765625	0.3562721312046051	0.4280492067337036	0.4067568778991699	0.3891361355781555	0.4215819239616394	0.3095451593399048	0.4077180624008179	0.5148317813873291	0.3426133692264557	0.3455938398838043	0.3113767802715302	0.3312861919403076	0.289630264043808	0.3287253677845001	0.2828912436962128	0.3508069813251495	0.2945687472820282	0.3300007283687592	0.3714241981506348	0.3256354331970215	0.3002439737319946	0.3807121813297272	0.3333971202373505	0.2965199053287506	0.5754762291908264	0.2439761757850647	0.8715642094612122	0.2225527316331863	0.2174140065908432	0.3114359974861145	0.2583414912223816	0.2625043392181396	0.3097937107086182	0.3935050964355469	0.3855344653129578	0.4049917459487915	0.3611822426319122	0.3303247392177582	0.4330146908760071	0.4976432323455811	0.4852762818336487	0.4835010170936584	0.5525108575820923	0.3309049010276794	0.6157696843147278	0.5280762314796448	0.5697831511497498	0.4034176766872406	0.5785875916481018	0.2985633313655853	0.342007577419281	0.5138602256774902	0.3417744636535645	0.4052162170410156	0.3341932594776154	0.518060028553009	0.2637944519519806	0.3657345175743103	0.2945577502250671	0.3554977774620056	0.4175106883049011	0.2913897633552551	0.4334706366062164	0.3098943531513214	0.224246546626091	0.7833560705184937	0.7329336404800415	0.7050927877426147	0.8719565272331238	0.6715167164802551	0.4464851319789886	0.4399220645427704	0.4989581704139709	0.4959964752197266	0.6242413520812988	0.489258199930191	0.4540857076644897	0.507084310054779	0.4264771938323975	0.3704477548599243	0.3119244873523712	0.3557170033454895	0.409667581319809	0.3390659093856812	0.383493036031723	0.3034988641738892	0.3688123524188995	0.2818119823932648	0.2917303740978241	0.3677834272384644	0.652783215045929	0.5559576749801636	0.3785626590251923	0.4031041264533997	0.3965867757797241	0.4011898040771484	0.4086589813232422	0.5709905624389648	0.4319351613521576	0.5848386287689209	0.8376877307891846	0.4697964787483215	0.3130829334259033	0.3821855485439301	0.3369322717189789	0.3598343729972839	0.2854841351509094	0.3439581394195557	0.6512865424156189	0.5351345539093018	0.5890482068061829	0.532370924949646	0.6367759704589844	0.1666836738586426	0.0	0.1603022366762161	0.1332787275314331	0.1760097295045853	0.414036899805069	0.4503151476383209	0.4202132523059845	0.4096091985702515	0.4088946282863617	0.3235110342502594	0.350013256072998	0.3531447052955627	0.478518545627594	0.3693713843822479	0.3158347308635712	0.4715810716152191	0.4237008690834045	0.48955437541008	0.4920541942119598	0.4930309355258942	0.5320193767547607	0.5359103679656982	0.4855947494506836	0.4908875524997711	0.3338668644428253	0.5516922473907471	0.5608652234077454	0.4350889623165131	0.5379543900489807	0.7375160455703735	0.6443649530410767	0.4130773842334747	0.4661246240139008	0.602316677570343	0.296011209487915	0.2730533480644226	0.4110982716083527	0.2199482619762421	0.3114592730998993	0.2961830794811249	0.35025754570961	0.330466628074646	0.5001076459884644	0.630533754825592	0.6940662264823914	0.8184707760810852	0.5560423135757446	0.5604397058486938	0.3995413184165955	0.4550586342811584	0.4748955070972443	0.4180780649185181	0.3732081651687622	0.3800583481788635	0.4447766542434692	0.5653173923492432	0.7345349788665771	0.6045745611190796	0.5692564249038696	0.4253976047039032
NW036-3	0.3023007810115814	0.3624568581581116	0.825901448726654	0.5461909770965576	0.5039082169532776	0.3560844361782074	0.3809544742107391	0.453654408454895	0.4095255732536316	0.3908120393753052	0.2616530060768127	0.2410098165273666	0.2202350944280624	0.2604513168334961	0.2753430008888245	0.4042921662330627	0.5582190155982971	0.5774670839309692	0.3938030600547791	0.3850822448730469	0.3262829780578613	0.4967763125896454	0.6106770038604736	0.4139939248561859	0.3983230292797089	0.3051186203956604	0.7679992318153381	0.696349561214447	0.3617715537548065	0.3500391840934753	0.3665964603424072	0.38634192943573	0.4509353935718536	0.3383918702602386	0.3433603942394257	0.4101782143115997	0.3318725526332855	0.4288553893566132	0.2523074150085449	0.4054363071918488	0.2646084129810333	0.3026090860366821	0.3333864212036133	0.3166558444499969	0.2795017957687378	0.3214310705661774	0.3071414530277252	0.3463612496852875	0.3386149108409882	0.4288907945156097	0.3990549147129059	0.4277246296405792	0.4441718757152557	0.3626646101474762	0.4866923987865448	0.32986119389534	0.7829108238220215	0.2864049077033997	0.2637342512607574	0.3159037530422211	0.3323365747928619	0.2637899816036224	0.3161560893058777	0.4127736389636993	0.4308448135852814	0.4037710428237915	0.4010428786277771	0.3734674453735352	0.4456407129764557	0.4730932712554932	0.4189674258232117	0.4635685980319977	0.4855896830558777	0.2961508631706238	0.7096959352493286	0.6203670501708984	0.5237599611282349	0.4284089803695679	0.4997175633907318	0.262335866689682	0.4319339692592621	0.4939010143280029	0.3989487886428833	0.4881681799888611	0.4246097207069397	0.4033255577087402	0.2988868653774261	0.3025625944137573	0.3116027414798737	0.3198630511760712	0.333990603685379	0.256498247385025	0.365147590637207	0.2525190711021423	0.2987273633480072	0.7018092274665833	0.654358446598053	0.6281175017356873	0.7931426763534546	0.595801591873169	0.4640399217605591	0.3998000919818878	0.4455784559249878	0.4368705153465271	0.5534557104110718	0.5365794897079468	0.5191941857337952	0.553942859172821	0.4785147905349731	0.405831903219223	0.3624815940856934	0.3467232584953308	0.4735383093357086	0.3811324834823608	0.3920185565948486	0.2887179851531982	0.2907915413379669	0.3329956829547882	0.3125762641429901	0.3700689375400543	0.5512294769287109	0.573379635810852	0.3705707192420959	0.4099538028240204	0.4091189503669739	0.4157449007034302	0.3071140646934509	0.625828206539154	0.5152797102928162	0.5575848817825317	0.7660096883773804	0.542498767375946	0.3751327395439148	0.4314007759094238	0.3985136449337006	0.4432652592658997	0.3299223184585571	0.4158370792865753	0.5474810004234314	0.4351460337638855	0.4874190390110016	0.43268883228302	0.5421627759933472	0.2761445641517639	0.1603022366762161	0.0	0.1217126548290253	0.07818129658699036	0.3693985641002655	0.363707572221756	0.3766861855983734	0.396016538143158	0.3181862831115723	0.2940362095832825	0.3015147745609283	0.3258936703205109	0.4238759279251099	0.4038807451725006	0.2824185192584991	0.5160191059112549	0.3827615678310394	0.4107089936733246	0.5380312204360962	0.3948390185832977	0.5275726914405823	0.4361331164836884	0.4260013401508331	0.4127450585365295	0.3050427734851837	0.4958252608776093	0.5495626926422119	0.3726183176040649	0.4729772508144379	0.6599471569061279	0.5647481083869934	0.3972544372081757	0.4018343687057495	0.50861656665802	0.3548830151557922	0.2845121920108795	0.3328468501567841	0.3001844882965088	0.3660195767879486	0.3240800797939301	0.3285366892814636	0.3707517087459564	0.4515913724899292	0.5320830345153809	0.6068050265312195	0.7245879173278809	0.4952690303325653	0.4796841442584991	0.4216111600399017	0.4881636798381805	0.4907053112983704	0.4446986019611359	0.3909879922866821	0.2817223966121674	0.3582539558410645	0.4940139353275299	0.6590971350669861	0.5775266885757446	0.5194635391235352	0.3924468159675598
NW036-4	0.3017850518226624	0.4116500616073608	0.8754685521125793	0.5891381502151489	0.5520132184028625	0.370589017868042	0.4093893766403198	0.4788661003112793	0.4346974492073059	0.41499263048172	0.2471309304237366	0.283863365650177	0.2503944039344788	0.2893488705158234	0.3122530579566956	0.4470888078212738	0.5788150429725647	0.6050824522972107	0.3458483815193176	0.3912783861160278	0.3081136047840118	0.4986617863178253	0.6301736831665039	0.4442647993564606	0.4035729467868805	0.2978759407997131	0.7901204228401184	0.719691812992096	0.3753628432750702	0.3533937335014343	0.3608962297439575	0.4046817421913147	0.4256514012813568	0.370225191116333	0.3843016922473907	0.3827254176139832	0.3739456236362457	0.4803063273429871	0.3051344454288483	0.3647227585315704	0.2648048400878906	0.3070648908615112	0.2941559255123138	0.3020534515380859	0.297296941280365	0.3592849373817444	0.2871540784835815	0.3462606966495514	0.3641189634799957	0.3961913287639618	0.3734273910522461	0.4426898062229156	0.4187642335891724	0.3403804302215576	0.5384676456451416	0.3282903432846069	0.8387729525566101	0.273089200258255	0.2258551418781281	0.3285686671733856	0.3346974551677704	0.2744844257831573	0.3457195162773132	0.4394774436950684	0.4541328251361847	0.4290598630905151	0.4239480197429657	0.3963377475738525	0.4820798337459564	0.4961753189563751	0.4520021677017212	0.4836001396179199	0.5062865018844604	0.306029886007309	0.675500214099884	0.5842199921607971	0.5247514843940735	0.3984478414058685	0.5393693447113037	0.2953904569149017	0.3948778212070465	0.4900417923927307	0.3716868460178375	0.4625407755374908	0.3987596035003662	0.4562861919403076	0.3059307336807251	0.3535856008529663	0.3378986418247223	0.341985672712326	0.3732235133647919	0.26999431848526	0.380413144826889	0.2670456171035767	0.2794474363327026	0.7302675843238831	0.6801648139953613	0.6536152362823486	0.8208408951759338	0.620745062828064	0.4591281414031982	0.4266977310180664	0.4807116687297821	0.4794443547725677	0.5952901840209961	0.537397027015686	0.5143130421638489	0.555052638053894	0.4827467799186707	0.3795406222343445	0.3337445557117462	0.3562484085559845	0.4517621099948883	0.3875584006309509	0.3981434404850006	0.2987532913684845	0.3500842452049255	0.3151251971721649	0.3239331543445587	0.3945574760437012	0.6231807470321655	0.5460489392280579	0.360476016998291	0.3852380812168121	0.4040826559066772	0.4043052792549133	0.3490098416805267	0.5955179333686829	0.4895495176315308	0.5712223052978516	0.7923915982246399	0.5106566548347473	0.3833152055740356	0.4448333382606506	0.3959091007709503	0.4362413883209229	0.3412532210350037	0.4123493731021881	0.6104964017868042	0.4918814897537231	0.5475147366523743	0.4947603940963745	0.6002606153488159	0.2286814898252487	0.1332787275314331	0.1217126548290253	0.0	0.1483809500932693	0.3614261150360107	0.3881406188011169	0.3817203640937805	0.4103139340877533	0.3695381283760071	0.333436518907547	0.3307324945926666	0.361106812953949	0.4884684979915619	0.4193347990512848	0.2774666547775269	0.5198330283164978	0.4280137121677399	0.4520705342292786	0.5425438284873962	0.4474323987960815	0.517634928226471	0.4887653589248657	0.4537459909915924	0.4424233138561249	0.314486026763916	0.5110605359077454	0.5784052610397339	0.3873380422592163	0.5044775009155273	0.6908121109008789	0.5919989347457886	0.4328925609588623	0.4461227059364319	0.5693817138671875	0.3442497551441193	0.2795898020267487	0.3565692007541656	0.2864362597465515	0.3690665364265442	0.3344533741474152	0.3680975139141083	0.3993498682975769	0.5066784620285034	0.5723097324371338	0.6474618911743164	0.7634664177894592	0.4991050660610199	0.5124358534812927	0.4244318902492523	0.475394606590271	0.4911249577999115	0.4384240508079529	0.3770103752613068	0.3073707520961761	0.3961073160171509	0.517818808555603	0.6908490061759949	0.5867956876754761	0.5376282334327698	0.3999406099319458
NW036-5	0.3081490099430084	0.3391157388687134	0.8080898523330688	0.5351881980895996	0.5026574730873108	0.359874814748764	0.3997578024864197	0.4803635478019714	0.432492733001709	0.4056786000728607	0.2654928863048553	0.2357298880815506	0.2489113211631775	0.2715670168399811	0.2830663323402405	0.3883048892021179	0.5485902428627014	0.5586043000221252	0.389659583568573	0.3843456208705902	0.3373189270496368	0.4830383956432343	0.5844696760177612	0.4038903117179871	0.3856419324874878	0.2984545230865479	0.7469123005867004	0.6703914403915405	0.3419955372810364	0.3373651802539825	0.3778145611286163	0.3803867995738983	0.4463042318820953	0.3285970985889435	0.3364296853542328	0.417743593454361	0.3201119601726532	0.4107897281646729	0.2732754051685333	0.406983494758606	0.2999049425125122	0.322835236787796	0.3487293124198914	0.3259396851062775	0.2996903955936432	0.3184205591678619	0.3253539204597473	0.3576506376266479	0.3533647358417511	0.4302426278591156	0.4039288759231567	0.4562931656837463	0.4394277036190033	0.3665347099304199	0.4662115871906281	0.3273985385894775	0.7627533078193665	0.3003574311733246	0.273432582616806	0.3321723341941833	0.3434307277202606	0.2955174446105957	0.3322570621967316	0.4567134082317352	0.4752480387687683	0.4392144680023193	0.4409316778182983	0.4155116975307465	0.4883739650249481	0.4524830281734467	0.4206323027610779	0.451788604259491	0.46322101354599	0.2901553213596344	0.7006789445877075	0.6089497804641724	0.5081673264503479	0.4222510159015656	0.4885197281837463	0.2782120406627655	0.4591752588748932	0.4854966998100281	0.4086796641349792	0.4925903677940369	0.4334410429000854	0.4211198091506958	0.332994282245636	0.3221962153911591	0.3301813006401062	0.3348523080348969	0.3326027095317841	0.240306168794632	0.3403651118278503	0.2445996850728989	0.3013030290603638	0.6805121302604675	0.6400758624076843	0.6129695177078247	0.777238130569458	0.5840387344360352	0.4509668350219727	0.3929762542247772	0.4188286066055298	0.4097841382026672	0.5367217659950256	0.5562385320663452	0.5295994877815247	0.5727813839912415	0.4961749017238617	0.401205986738205	0.3490598797798157	0.361752063035965	0.4768454432487488	0.3969953060150146	0.38544762134552	0.2896496951580048	0.2840923368930817	0.3475603461265564	0.32652747631073	0.3816003799438477	0.5388825535774231	0.5744667053222656	0.3713091611862183	0.4186317622661591	0.411554753780365	0.4149593114852905	0.2923655807971954	0.6264367699623108	0.5179371237754822	0.5403923392295837	0.747259795665741	0.5418203473091125	0.3977375328540802	0.45964714884758	0.4187601804733276	0.4538764655590057	0.3539688587188721	0.4255291223526001	0.5476559400558472	0.4374610781669617	0.4922802746295929	0.4461308717727661	0.5395700931549072	0.2746017873287201	0.1760097295045853	0.07818129658699036	0.1483809500932693	0.0	0.3904520273208618	0.3678327202796936	0.3962697982788086	0.414293110370636	0.3315260410308838	0.2923896014690399	0.3026442527770996	0.3253481090068817	0.4342081844806671	0.4329563081264496	0.2861208915710449	0.5417687892913818	0.3922024965286255	0.439585417509079	0.5646091103553772	0.4098357260227203	0.5387011766433716	0.438446432352066	0.4342206418514252	0.4116009771823883	0.3353720605373383	0.4955364465713501	0.543327808380127	0.3733008503913879	0.4638805687427521	0.6399722695350647	0.5437078475952148	0.4048058688640594	0.4076610803604126	0.4956873059272766	0.3693751096725464	0.305132269859314	0.3309368789196014	0.3269166350364685	0.3592634201049805	0.3212439715862274	0.3333780169487	0.3894680440425873	0.4415211081504822	0.5498690605163574	0.6134830117225647	0.7343066930770874	0.5025643706321716	0.4953876435756683	0.4423815608024597	0.4950932860374451	0.5005941987037659	0.4512263536453247	0.4019688069820404	0.2965006828308105	0.3305155038833618	0.4863854050636292	0.634428858757019	0.5599226951599121	0.5077016353607178	0.4017996191978455
NW038-1	0.5070978999137878	0.5723376274108887	0.9568823575973511	0.6344484090805054	0.565201997756958	0.4815205633640289	0.49692302942276	0.515883207321167	0.5185283422470093	0.5244045853614807	0.4256899654865265	0.3741137385368347	0.3705920875072479	0.3619223833084106	0.405622273683548	0.5049927830696106	0.560955822467804	0.6459401249885559	0.5498491525650024	0.4865386188030243	0.4634273052215576	0.6183586120605469	0.7022188901901245	0.5048747658729553	0.5508189797401428	0.5128602981567383	0.8622793555259705	0.791236162185669	0.5270503759384155	0.5078176259994507	0.5269773602485657	0.5644546747207642	0.6083831191062927	0.4350413382053375	0.433746725320816	0.5556325316429138	0.4604990780353546	0.5380660891532898	0.4246281087398529	0.5506265163421631	0.4027656614780426	0.4216827154159546	0.4534068703651428	0.3812533617019653	0.4118509590625763	0.4077185392379761	0.3749933540821075	0.4149631559848785	0.4063127636909485	0.4774936437606812	0.4833799600601196	0.4086245000362396	0.5633230209350586	0.4727961421012878	0.606707751750946	0.4881159067153931	0.9036540985107422	0.4795993864536285	0.4262218475341797	0.4885432422161102	0.491546094417572	0.4708898663520813	0.4995535910129547	0.4756504595279694	0.4879043996334076	0.4305371344089508	0.4829038083553314	0.4620092213153839	0.5172473788261414	0.5379625558853149	0.4847485423088074	0.5145998001098633	0.574567437171936	0.4584116637706757	0.8631033301353455	0.7563296556472778	0.6883535385131836	0.5325656533241272	0.5856133103370667	0.404594898223877	0.5542032122612	0.5876521468162537	0.4676236212253571	0.5354131460189819	0.5010871887207031	0.5086109638214111	0.4325940608978271	0.4055880904197693	0.4765911102294922	0.449722945690155	0.369489848613739	0.3916891515254974	0.4699409306049347	0.4220238626003265	0.4613387286663055	0.7978115081787109	0.7518999576568604	0.7221535444259644	0.8820440769195557	0.6931468844413757	0.6227211952209473	0.5825908780097961	0.6283579468727112	0.6266544461250305	0.7215131521224976	0.6109135150909424	0.6276666522026062	0.6050151586532593	0.5897507667541504	0.5490455627441406	0.5147181153297424	0.5440666675567627	0.6105527877807617	0.5890856981277466	0.573096752166748	0.4362429976463318	0.4561044573783875	0.4388960897922516	0.4642538726329803	0.5192879438400269	0.6971836090087891	0.7190836668014526	0.5350561738014221	0.5507656335830688	0.582689642906189	0.582213282585144	0.5051636695861816	0.7635013461112976	0.6501684188842773	0.6862455606460571	0.8539173007011414	0.6875625848770142	0.5192627310752869	0.5585016012191772	0.5280145406723022	0.5886768698692322	0.4594669044017792	0.5548290014266968	0.6476024985313416	0.5561838150024414	0.5883826613426208	0.5624904036521912	0.6407867670059204	0.5089399814605713	0.414036899805069	0.3693985641002655	0.3614261150360107	0.3904520273208618	0.0	0.1991961449384689	0.2114524245262146	0.2514419555664062	0.2813999354839325	0.4108860790729523	0.3820912539958954	0.4214533865451813	0.5315607190132141	0.4939875602722168	0.4152408242225647	0.5316965579986572	0.4431950151920319	0.442200630903244	0.5550451874732971	0.3492111563682556	0.3643558323383331	0.3831404745578766	0.3468863666057587	0.3909870386123657	0.4292004108428955	0.6047183275222778	0.6340409517288208	0.4914670884609222	0.5681847929954529	0.7349511981010437	0.6401535868644714	0.4966894388198853	0.5065510272979736	0.6269581913948059	0.5276074409484863	0.3991272449493408	0.4428523778915405	0.4662711322307587	0.5432565808296204	0.5130161046981812	0.4932352900505066	0.5424550771713257	0.5675569176673889	0.6114118695259094	0.6549298763275146	0.7992945313453674	0.6200447082519531	0.5566261410713196	0.4923975467681885	0.5288649201393127	0.5492727160453796	0.5187510848045349	0.5173498392105103	0.3797354400157928	0.4764984548091888	0.5955578088760376	0.7540814876556396	0.6772886514663696	0.6355825662612915	0.5274085998535156
NW038-2	0.5212392210960388	0.5139716267585754	0.8887187838554382	0.5789521336555481	0.5080244541168213	0.4916430115699768	0.5049293637275696	0.4974933266639709	0.5176546573638916	0.5417542457580566	0.4663553237915039	0.3375587463378906	0.393697202205658	0.3472065627574921	0.3592405319213867	0.4255251288414001	0.4799650907516479	0.5480441451072693	0.5829675793647766	0.4501507580280304	0.4958276152610779	0.5703334808349609	0.6449489593505859	0.4318514466285706	0.5381219983100891	0.5255166888237	0.8072159290313721	0.7351282238960266	0.4779977202415466	0.4798462986946106	0.5420334339141846	0.5514909625053406	0.6372204422950745	0.4095000028610229	0.374253511428833	0.6114722490310669	0.4066643118858337	0.4810939729213715	0.3701853454113007	0.5835715532302856	0.3929126262664795	0.4080087244510651	0.4782150089740753	0.4162731468677521	0.4277267754077911	0.3511396944522858	0.4000858068466187	0.4252773821353912	0.3868898451328278	0.5179278254508972	0.5278036594390869	0.4891435503959656	0.6164612174034119	0.5141690373420715	0.5363020896911621	0.5216518044471741	0.8412991762161255	0.5170168280601501	0.4619021713733673	0.5036180019378662	0.522950291633606	0.4829844832420349	0.5189403891563416	0.4532731473445892	0.4809222221374512	0.465829074382782	0.4962879419326782	0.4784001410007477	0.4999487400054932	0.4899945259094238	0.441029280424118	0.4741720259189606	0.4982443451881409	0.4025294780731201	0.9066238403320312	0.7934516668319702	0.6533798575401306	0.513824999332428	0.5118309855461121	0.4111819267272949	0.585967481136322	0.5539201498031616	0.5053521990776062	0.5767847299575806	0.5364300608634949	0.4131594896316528	0.4304068982601166	0.3417393863201141	0.4920981228351593	0.4209695756435394	0.3313848972320557	0.3968828320503235	0.4204160273075104	0.4342680275440216	0.5058725476264954	0.7449800372123718	0.7151089310646057	0.6851320862770081	0.8316720724105835	0.6562455296516418	0.6454406976699829	0.5795428156852722	0.5803212523460388	0.570459246635437	0.6637550592422485	0.6301379799842834	0.6362990140914917	0.6174933314323425	0.5965353846549988	0.5754777789115906	0.5402103066444397	0.5500048995018005	0.6573503017425537	0.6147792339324951	0.5780199766159058	0.4482107758522034	0.403007298707962	0.4504672288894653	0.4700989127159119	0.5237239599227905	0.633095383644104	0.7505369782447815	0.5385180115699768	0.5571871995925903	0.5895839333534241	0.5856103897094727	0.4439489841461182	0.8085651993751526	0.6962324976921082	0.6521819233894348	0.8044787049293518	0.7329849004745483	0.5574273467063904	0.6075349450111389	0.5574435591697693	0.6384708285331726	0.5072896480560303	0.6037548780441284	0.5515738129615784	0.4721443355083466	0.5000413060188293	0.4873986542224884	0.558843731880188	0.5524349808692932	0.4503151476383209	0.363707572221756	0.3881406188011169	0.3678327202796936	0.1991961449384689	0.0	0.1833075881004333	0.198548212647438	0.1954679042100906	0.4141737520694733	0.3604939877986908	0.3930017650127411	0.4734947085380554	0.5035378932952881	0.4328935742378235	0.565108060836792	0.4231060445308685	0.4484544992446899	0.5936789512634277	0.3831498622894287	0.4739318788051605	0.3686084151268005	0.4222046732902527	0.3437458276748657	0.4303280413150787	0.5538680553436279	0.5993860363960266	0.430104523897171	0.5271234512329102	0.676055908203125	0.5822182893753052	0.4290308356285095	0.4401443302631378	0.5461587309837341	0.5626072287559509	0.4267542958259583	0.401263564825058	0.4940429329872131	0.5757291913032532	0.5351548790931702	0.5044137239456177	0.5706854462623596	0.5103414058685303	0.5390909314155579	0.5922983288764954	0.7453562617301941	0.5733580589294434	0.4998326599597931	0.500431478023529	0.5418331623077393	0.5607028603553772	0.5352120995521545	0.5384854078292847	0.3146877884864807	0.4348956942558289	0.5464901328086853	0.6983231902122498	0.6485691666603088	0.5904921889305115	0.5404521226882935
NW038-3	0.4801828861236572	0.5390196442604065	0.9404293894767761	0.612544596195221	0.5416162014007568	0.4229930639266968	0.4301263391971588	0.436147540807724	0.4345582127571106	0.4669110178947449	0.4251675009727478	0.3800888657569885	0.3654846251010895	0.348600447177887	0.4131023287773132	0.4626219868659973	0.582770824432373	0.6069985032081604	0.5619152784347534	0.5001921653747559	0.4495748579502106	0.6217692494392395	0.700538694858551	0.5091986656188965	0.5512123703956604	0.4834101796150208	0.8619728684425354	0.7915024757385254	0.5489591360092163	0.5392551422119141	0.5298308730125427	0.5797286629676819	0.6291297674179077	0.4381449520587921	0.4211752116680145	0.5473467111587524	0.4641666412353516	0.5440324544906616	0.3922116160392761	0.5555050373077393	0.3975949883460999	0.3980471789836884	0.4679928421974182	0.4040804803371429	0.379288375377655	0.3951461911201477	0.3818856775760651	0.3807794451713562	0.3705538511276245	0.4327350556850433	0.4574815928936005	0.4655711650848389	0.565071702003479	0.4652300477027893	0.6016475558280945	0.4776167273521423	0.9031424522399902	0.4724250435829163	0.4416662752628326	0.4813233315944672	0.4874989688396454	0.4688825607299805	0.4789072275161743	0.4085390865802765	0.4559914767742157	0.4437893927097321	0.4718974530696869	0.4490066766738892	0.4522716403007507	0.5426895618438721	0.4914599061012268	0.5277906656265259	0.583387553691864	0.4730984270572662	0.8417633175849915	0.7318886518478394	0.6599627733230591	0.5125876665115356	0.5719289183616638	0.3832847476005554	0.5228919982910156	0.5601130723953247	0.4454776048660278	0.5116192102432251	0.467153400182724	0.4323605895042419	0.3680572807788849	0.338894784450531	0.4371134042739868	0.4090461730957031	0.3748176097869873	0.4017832279205322	0.4828998148441315	0.4400548934936523	0.4517160058021545	0.8007969856262207	0.7654784321784973	0.7351933717727661	0.885683536529541	0.7051501870155334	0.6250496506690979	0.5827032327651978	0.6308978199958801	0.6219666004180908	0.7147393822669983	0.5542379021644592	0.5599689483642578	0.5430537462234497	0.5131422281265259	0.5586385726928711	0.5173097252845764	0.5231992602348328	0.610072672367096	0.5624500513076782	0.5514155030250549	0.4054257273674011	0.4071809053421021	0.388046532869339	0.4107599258422852	0.4636612236499786	0.6936549544334412	0.7272735834121704	0.5383931398391724	0.5502685904502869	0.5780115127563477	0.5786310434341431	0.5008915066719055	0.7522939443588257	0.6407648324966431	0.6678295135498047	0.8550055623054504	0.676121175289154	0.5029812455177307	0.5545016527175903	0.5019720196723938	0.5850153565406799	0.4582309722900391	0.5447242856025696	0.6167634725570679	0.517415463924408	0.5437196493148804	0.5251556634902954	0.6003311276435852	0.5062071084976196	0.4202132523059845	0.3766861855983734	0.3817203640937805	0.3962697982788086	0.2114524245262146	0.1833075881004333	0.0	0.1180311217904091	0.2306007891893387	0.3856004476547241	0.3456494510173798	0.3809339106082916	0.4744206964969635	0.4539792537689209	0.4168736040592194	0.4862576425075531	0.4074351787567139	0.4073125123977661	0.517663300037384	0.429364949464798	0.4756318032741547	0.4572136700153351	0.4239561557769775	0.4079907536506653	0.3671383857727051	0.5990209579467773	0.6195737719535828	0.4807899296283722	0.5593095421791077	0.7281294465065002	0.6335272192955017	0.4420420527458191	0.4549859166145325	0.602399468421936	0.5081925392150879	0.4190231561660767	0.4544676840305328	0.447705090045929	0.5234256386756897	0.4773566424846649	0.4868514239788055	0.5131191611289978	0.5501921772956848	0.5930165648460388	0.6161338686943054	0.7966015338897705	0.6113200187683105	0.528434157371521	0.4356377124786377	0.4819312691688538	0.5041735172271729	0.4698956310749054	0.4851707220077515	0.348345547914505	0.5000948309898376	0.5937343239784241	0.7451720237731934	0.6564883589744568	0.6303349733352661	0.5124878287315369
NW038-4	0.5013822913169861	0.5582365989685059	0.9634051322937012	0.5982111692428589	0.5280935168266296	0.4290816187858582	0.4357988238334656	0.4696395695209503	0.4336178004741669	0.4646657705307007	0.4137890636920929	0.4001550078392029	0.3737198710441589	0.3575821220874786	0.4303344786167145	0.4676202535629272	0.5950846672058105	0.6223126649856567	0.6037920713424683	0.5411221981048584	0.4447281360626221	0.6573765873908997	0.7367210388183594	0.5339512228965759	0.5957948565483093	0.5065415501594543	0.8971078991889954	0.8242918848991394	0.5825772881507874	0.5721049904823303	0.5729333162307739	0.6143258213996887	0.6673092246055603	0.4662702679634094	0.4478140771389008	0.5798704624176025	0.4982717931270599	0.5723092555999756	0.3863816261291504	0.6036381125450134	0.4255726635456085	0.3970292508602142	0.503381609916687	0.4308679103851318	0.3494535386562347	0.3414815366268158	0.339430570602417	0.3463706374168396	0.3288718461990356	0.4313283562660217	0.4247643649578094	0.4493745863437653	0.5634943842887878	0.487640380859375	0.6264070868492126	0.4572449326515198	0.9226948022842407	0.4915237426757812	0.4691670835018158	0.5105774998664856	0.4755302369594574	0.5058397054672241	0.5067766904830933	0.4033516049385071	0.444427490234375	0.4284827411174774	0.4649804532527924	0.4379981458187103	0.4446470439434052	0.5313035845756531	0.5068602561950684	0.5003243684768677	0.5919811725616455	0.4922080039978027	0.8510432243347168	0.7407775521278381	0.708000123500824	0.5212668776512146	0.5970820784568787	0.3619757890701294	0.5045930743217468	0.5775808691978455	0.4655822217464447	0.4842863976955414	0.4486739933490753	0.4367708563804626	0.3608098924160004	0.3366831839084625	0.4302071034908295	0.4257653653621674	0.3981977105140686	0.4345636069774628	0.517181396484375	0.4797333776950836	0.4720797538757324	0.8338282704353333	0.7958455681800842	0.7658426761627197	0.9180874228477478	0.7366556525230408	0.6699575185775757	0.6244471073150635	0.6692030429840088	0.6635392308235168	0.7558720111846924	0.5496126413345337	0.5543795228004456	0.5354158878326416	0.5091133117675781	0.6046569347381592	0.562610387802124	0.5683130621910095	0.646611750125885	0.5730283260345459	0.5965529680252075	0.4304291307926178	0.4353779554367065	0.3702952265739441	0.3981216847896576	0.431842565536499	0.7189456224441528	0.7736230492591858	0.5387306213378906	0.5527564287185669	0.5818697214126587	0.5800899863243103	0.528082013130188	0.7997727394104004	0.6545395255088806	0.6938766241073608	0.8903603553771973	0.703062117099762	0.5020037293434143	0.5553979873657227	0.5034177899360657	0.5860283374786377	0.4551785886287689	0.5481207370758057	0.6293479800224304	0.5331121683120728	0.5524768829345703	0.5388422012329102	0.6125019788742065	0.49936842918396	0.4096091985702515	0.396016538143158	0.4103139340877533	0.414293110370636	0.2514419555664062	0.198548212647438	0.1180311217904091	0.0	0.2307037115097046	0.4050584435462952	0.3809587061405182	0.3698540031909943	0.4614023268222809	0.4390414655208588	0.4512229561805725	0.4778976738452911	0.3966361284255981	0.4252201318740845	0.5101701021194458	0.4423370659351349	0.5141344666481018	0.4830712080001831	0.4492958784103394	0.4349086284637451	0.3939231336116791	0.6438274383544922	0.6085940003395081	0.5233361124992371	0.5838879346847534	0.7608867883682251	0.6647565960884094	0.410540372133255	0.4574841558933258	0.6122502684593201	0.5134586691856384	0.4502058029174805	0.483863353729248	0.4317236244678497	0.5229549407958984	0.4798709154129028	0.4786335229873657	0.5139227509498596	0.5499035120010376	0.6199476718902588	0.644304096698761	0.8245413303375244	0.6541727781295776	0.5574659109115601	0.445746123790741	0.4870490431785583	0.5093804001808167	0.4895050227642059	0.5040127635002136	0.3728868067264557	0.5191940069198608	0.6220827102661133	0.7734795808792114	0.6884665489196777	0.6669767498970032	0.5552507042884827
NW038-5	0.4940650463104248	0.487969845533371	0.8711591362953186	0.5660036206245422	0.4785676300525665	0.4680894613265991	0.4801092743873596	0.5039788484573364	0.4910711050033569	0.5144587159156799	0.3888112902641296	0.2730484902858734	0.3126343190670013	0.2627004981040955	0.2789640724658966	0.4058429002761841	0.490658700466156	0.5194803476333618	0.5507734417915344	0.4352130591869354	0.4578460454940796	0.5226827263832092	0.6272721886634827	0.4212298691272736	0.4770178496837616	0.4978057742118835	0.7878116369247437	0.6942621469497681	0.4813351333141327	0.4946542978286743	0.5570476055145264	0.5653171539306641	0.6311331391334534	0.3593559265136719	0.3349448442459106	0.5444461703300476	0.3515703678131104	0.413539707660675	0.3321437239646912	0.5359489321708679	0.3415364027023315	0.3425267934799194	0.437872588634491	0.3643993139266968	0.3870546817779541	0.3234224617481232	0.3510281145572662	0.3835200071334839	0.3532783687114716	0.4537748396396637	0.4499105513095856	0.4921808540821075	0.5484052300453186	0.4446236789226532	0.5173817873001099	0.4619671702384949	0.8193039298057556	0.4765466749668121	0.4328918755054474	0.4869840741157532	0.5036856532096863	0.4558431506156921	0.4896736443042755	0.4336381554603577	0.4755890071392059	0.4651501178741455	0.4924639165401459	0.4648661911487579	0.4635971486568451	0.4414663314819336	0.3967437446117401	0.4410688877105713	0.4811302125453949	0.3733470737934113	0.8653879165649414	0.7578829526901245	0.6215687990188599	0.4754052758216858	0.4889597594738007	0.3608036041259766	0.5114792585372925	0.4948458969593048	0.4447045624256134	0.5060657858848572	0.4758006632328033	0.3823951482772827	0.3799732327461243	0.3113125860691071	0.4256376028060913	0.4222949743270874	0.2919911742210388	0.3772822022438049	0.4129333794116974	0.4159758388996124	0.4363473951816559	0.7043715715408325	0.6566515564918518	0.6294432282447815	0.7902888655662537	0.6032114624977112	0.622540295124054	0.5476559996604919	0.5805798172950745	0.5495507121086121	0.6337728500366211	0.5948365330696106	0.5995181798934937	0.5753161311149597	0.5425856709480286	0.5761148929595947	0.5295828580856323	0.5532160997390747	0.639738142490387	0.5888664126396179	0.5774986743927002	0.3929274678230286	0.3744001388549805	0.4106898605823517	0.4317341446876526	0.4787162840366364	0.6009840369224548	0.7214091420173645	0.5242512226104736	0.5395494103431702	0.575193464756012	0.5817059278488159	0.4067710638046265	0.7606690526008606	0.6435729265213013	0.6027026176452637	0.7650205492973328	0.6798225045204163	0.5121728777885437	0.5730358362197876	0.5166910886764526	0.5969275832176208	0.4650824964046478	0.5577475428581238	0.5552078485488892	0.4557868242263794	0.5006831288337708	0.4585251808166504	0.5567431449890137	0.4986181557178497	0.4088946282863617	0.3181862831115723	0.3695381283760071	0.3315260410308838	0.2813999354839325	0.1954679042100906	0.2306007891893387	0.2307037115097046	0.0	0.4195674359798431	0.3713237941265106	0.3886203169822693	0.4611347019672394	0.4363617897033691	0.4039794504642487	0.509425163269043	0.3655327260494232	0.3793858885765076	0.5401473641395569	0.4377741813659668	0.538309633731842	0.4289756119251251	0.4551994800567627	0.3788641393184662	0.4090962409973145	0.5149639248847961	0.527861475944519	0.4008601605892181	0.4351212680339813	0.6381773948669434	0.5449274182319641	0.3775578737258911	0.3976176977157593	0.5224789381027222	0.5038332343101501	0.4177039861679077	0.3314065933227539	0.4298637211322784	0.5508140325546265	0.5158182382583618	0.4920458197593689	0.539893388748169	0.4835534691810608	0.4774190783500671	0.5215198397636414	0.7041965126991272	0.5163649320602417	0.402685821056366	0.4716457426548004	0.517959475517273	0.5300309062004089	0.5043075084686279	0.4942472577095032	0.2291088551282883	0.363481730222702	0.4809633195400238	0.6540778279304504	0.5753248929977417	0.5370708107948303	0.4857737720012665
NW040-1	0.3704645335674286	0.4508273601531982	0.827966570854187	0.5527439117431641	0.5362023711204529	0.3888765275478363	0.396563857793808	0.5016991496086121	0.3795606791973114	0.401025801897049	0.3406411409378052	0.361269474029541	0.3018827736377716	0.3559184372425079	0.4352918565273285	0.427043616771698	0.6081215739250183	0.6126388311386108	0.4903339445590973	0.4799574315547943	0.3973687291145325	0.5890573263168335	0.6842600107192993	0.4682457447052002	0.4153807759284973	0.3717365264892578	0.7813444137573242	0.7095093727111816	0.4738432765007019	0.4609809219837189	0.4540046751499176	0.4937625527381897	0.5473487973213196	0.4276093244552612	0.4663345813751221	0.4769575595855713	0.4465882480144501	0.5354471802711487	0.3684923648834229	0.4742911159992218	0.4066658616065979	0.421933114528656	0.4680236577987671	0.4418063759803772	0.3178972005844116	0.4074835777282715	0.38582444190979	0.3849181830883026	0.4054416716098785	0.4432098865509033	0.4519191682338715	0.4328884184360504	0.4953701496124268	0.4507811963558197	0.5914396643638611	0.3998134434223175	0.8860888481140137	0.3584288358688354	0.3569580018520355	0.3809746205806732	0.3760185837745667	0.3677290380001068	0.3591150045394897	0.4461262822151184	0.4526244103908539	0.4155415296554565	0.4192285537719727	0.4002731442451477	0.4876210987567902	0.5531085133552551	0.5197724103927612	0.5357289910316467	0.5798650979995728	0.4262199103832245	0.6524367928504944	0.5504875183105469	0.5004783868789673	0.4285584986209869	0.604017972946167	0.3473841547966003	0.4626925587654114	0.4875345826148987	0.4789232611656189	0.5455254912376404	0.4712976515293121	0.482032984495163	0.3583651781082153	0.3821978271007538	0.4038114845752716	0.3962022066116333	0.4209268093109131	0.3222663998603821	0.3751124441623688	0.3381178975105286	0.3572620451450348	0.7123961448669434	0.6747483015060425	0.645636796951294	0.798105776309967	0.6174244284629822	0.4813399910926819	0.3991398513317108	0.4876305758953094	0.460046261548996	0.540737509727478	0.5137633085250854	0.5128869414329529	0.4841770231723785	0.4402549564838409	0.4396217465400696	0.4094046354293823	0.3919858634471893	0.4697242379188538	0.4158054888248444	0.4287185668945312	0.3164168298244476	0.3446662425994873	0.3612564206123352	0.3388051986694336	0.4103462100028992	0.6481865644454956	0.6983597278594971	0.4978246092796326	0.5411397814750671	0.5313384532928467	0.5393416285514832	0.467872679233551	0.6910040974617004	0.5678934454917908	0.5146124958992004	0.7607981562614441	0.5696964263916016	0.4407254159450531	0.507133960723877	0.4503401815891266	0.5027924180030823	0.404401421546936	0.4757981896400452	0.5951539874076843	0.5077566504478455	0.5408161282539368	0.5180322527885437	0.6082492470741272	0.4196901023387909	0.3235110342502594	0.2940362095832825	0.333436518907547	0.2923896014690399	0.4108860790729523	0.4141737520694733	0.3856004476547241	0.4050584435462952	0.4195674359798431	0.0	0.1727344989776611	0.1781116276979446	0.3055719435214996	0.4676403105258942	0.3819150030612946	0.5338529348373413	0.430171012878418	0.5039374828338623	0.5463110208511353	0.3429103791713715	0.4581232070922852	0.4045413434505463	0.3473811745643616	0.3200760781764984	0.2974370121955872	0.5666578412055969	0.5276129841804504	0.471953809261322	0.5321326851844788	0.6814043521881104	0.6073180437088013	0.4665991365909576	0.4943456947803497	0.5343725085258484	0.4121629595756531	0.3750708103179932	0.4404009282588959	0.3711213171482086	0.3840996623039246	0.3118619918823242	0.4118698835372925	0.4131912589073181	0.5358991026878357	0.5513983368873596	0.5881897807121277	0.725328266620636	0.517253577709198	0.4930285513401031	0.4447679221630096	0.5149271488189697	0.5331495404243469	0.4847415089607239	0.4583521485328674	0.4429267048835754	0.5142815113067627	0.516334593296051	0.649747908115387	0.5656760931015015	0.5444096326828003	0.4038282632827759
NW040-2-1	0.4107697010040283	0.449280858039856	0.8872658014297485	0.5361603498458862	0.5075075030326843	0.4415667057037354	0.4477564990520477	0.5398774147033691	0.4411761462688446	0.4682283699512482	0.33502396941185	0.2968086302280426	0.2738367915153503	0.3134500682353973	0.3658189475536346	0.395018458366394	0.5239271521568298	0.5426721572875977	0.4973434805870056	0.4531963765621185	0.4145654439926147	0.5624179840087891	0.6522128582000732	0.3982536792755127	0.4364521205425262	0.4102684557437897	0.7888959646224976	0.71768718957901	0.4000142812728882	0.3980118632316589	0.4487165212631226	0.4412755072116852	0.526094377040863	0.3625384867191315	0.3717374801635742	0.4766032695770264	0.3695345222949982	0.4841656386852264	0.366390734910965	0.4772082269191742	0.3746070265769958	0.4144579172134399	0.4504029154777527	0.4001300632953644	0.3521347641944885	0.376116544008255	0.3484630882740021	0.366327702999115	0.3654870986938477	0.4347288012504578	0.4539061188697815	0.4879051446914673	0.5096599459648132	0.4488706588745117	0.6002039313316345	0.4572514891624451	0.8940231800079346	0.3917756974697113	0.3595646023750305	0.4089108407497406	0.4089321196079254	0.4071679413318634	0.4071654379367828	0.4756524264812469	0.4994166195392609	0.4646046161651611	0.4721417725086212	0.4485388994216919	0.5234253406524658	0.4847269952297211	0.44516521692276	0.471294641494751	0.5258266925811768	0.3930433690547943	0.7246046662330627	0.6045948266983032	0.509736180305481	0.4253472685813904	0.5280463099479675	0.3080752789974213	0.4713737368583679	0.490600973367691	0.4441968202590942	0.5167521238327026	0.4496417045593262	0.4774914979934692	0.3958742022514343	0.367330014705658	0.4424307942390442	0.4318581819534302	0.3314082622528076	0.2529178559780121	0.3428018093109131	0.2797189950942993	0.3399189114570618	0.7262234687805176	0.6925478577613831	0.6618325710296631	0.8124187588691711	0.6319901347160339	0.4847636222839355	0.419978529214859	0.4616127908229828	0.4468701481819153	0.5465788841247559	0.514300525188446	0.5278628468513489	0.504938542842865	0.4598572552204132	0.4422232508659363	0.4009225070476532	0.4389815926551819	0.4772582650184631	0.4793092310428619	0.4623232483863831	0.2846325039863586	0.3281913697719574	0.3676480054855347	0.3812388181686401	0.4605847597122192	0.6536442637443542	0.6907529234886169	0.5259975790977478	0.5488619208335876	0.5647415518760681	0.5670500993728638	0.4707233607769012	0.6873416304588318	0.5766652226448059	0.5328189730644226	0.7742446660995483	0.5778655409812927	0.4402454197406769	0.5006072521209717	0.4497135579586029	0.5112560987472534	0.392896980047226	0.4749903380870819	0.5819714665412903	0.4784127771854401	0.5263140797615051	0.5105699896812439	0.5856536626815796	0.4375046491622925	0.350013256072998	0.3015147745609283	0.3307324945926666	0.3026442527770996	0.3820912539958954	0.3604939877986908	0.3456494510173798	0.3809587061405182	0.3713237941265106	0.1727344989776611	0.0	0.1871802061796188	0.3596919775009155	0.4702940583229065	0.3672113418579102	0.5221953392028809	0.3977481424808502	0.4617145657539368	0.5341973304748535	0.3623008131980896	0.4425163567066193	0.3821890354156494	0.3662664294242859	0.2922208309173584	0.2932285666465759	0.5196766257286072	0.5352748036384583	0.3880636394023895	0.4786129593849182	0.6475010514259338	0.5605270862579346	0.4538820683956146	0.4687959551811218	0.5682058334350586	0.4546103179454803	0.3988999128341675	0.3968116343021393	0.3812430799007416	0.4320845305919647	0.383476048707962	0.4213466048240662	0.467268168926239	0.5234302878379822	0.5672910809516907	0.6070408821105957	0.7423262000083923	0.5300759077072144	0.514247715473175	0.4236450493335724	0.4892658591270447	0.5231110453605652	0.4696684181690216	0.4492959082126617	0.3825552761554718	0.4611026048660278	0.5184637904167175	0.6667295098304749	0.5842346549034119	0.553451657295227	0.4323006868362427
NW040-2-2	0.4294041991233826	0.4513121247291565	0.8306653499603271	0.45961594581604	0.4524318873882294	0.4429465234279633	0.4331068098545074	0.5347028970718384	0.4019128680229187	0.4278645217418671	0.3064897358417511	0.3189321756362915	0.3213903605937958	0.3154101669788361	0.3704174757003784	0.401341050863266	0.5759831666946411	0.5689423680305481	0.5408843159675598	0.47563436627388	0.4123207926750183	0.576280951499939	0.6640965342521667	0.426059752702713	0.4386503994464874	0.428464263677597	0.7726373672485352	0.6959311962127686	0.495036244392395	0.4860881567001343	0.5055696368217468	0.5263975262641907	0.6027536392211914	0.3923142552375793	0.423707902431488	0.515876054763794	0.4255156517028809	0.4900289177894592	0.4061407148838043	0.5170428156852722	0.4240866601467133	0.4602053165435791	0.5009693503379822	0.4244432151317596	0.3279620110988617	0.3274184763431549	0.3320052623748779	0.3906919062137604	0.3429333865642548	0.4162830412387848	0.449368417263031	0.4203443825244904	0.5133264064788818	0.4881293475627899	0.5866227149963379	0.4649046957492828	0.886561930179596	0.4268545210361481	0.4012756049633026	0.4530718326568604	0.4059057235717773	0.4509357213973999	0.4512834250926971	0.4112063944339752	0.4338314235210419	0.3935033082962036	0.4064733386039734	0.385561466217041	0.4513586759567261	0.4869196712970734	0.4633723795413971	0.4116524457931519	0.5315920114517212	0.4113174974918365	0.662186861038208	0.5594923496246338	0.5386165976524353	0.3895373940467834	0.5524969696998596	0.3392800390720367	0.4162295758724213	0.4544977843761444	0.4785071611404419	0.4663189053535461	0.4400440156459808	0.4817219972610474	0.3990076184272766	0.3676774501800537	0.4704963564872742	0.4637995064258575	0.3939559459686279	0.3225911557674408	0.362308144569397	0.3572912216186523	0.3997940719127655	0.6992899775505066	0.6599363684654236	0.6300042867660522	0.788316547870636	0.6014171838760376	0.5441489815711975	0.4528737366199493	0.510395348072052	0.4852100908756256	0.5707415342330933	0.4874487519264221	0.5170966386795044	0.4513368606567383	0.4381170868873596	0.4941017627716064	0.4621263146400452	0.4763441681861877	0.5270136594772339	0.4872372448444366	0.5083824396133423	0.3368198871612549	0.3509295880794525	0.3441132605075836	0.3126779198646545	0.4641975462436676	0.6445679664611816	0.7160572409629822	0.5577310919761658	0.5696848034858704	0.5957561731338501	0.5993862152099609	0.4813691377639771	0.7500471472740173	0.6132601499557495	0.5212706327438354	0.7492454648017883	0.6231894493103027	0.4208958446979523	0.4721686840057373	0.434159904718399	0.4857141077518463	0.370857298374176	0.4480662643909454	0.5911349654197693	0.4891037344932556	0.5343816876411438	0.5032175779342651	0.5927967429161072	0.4412404596805573	0.3531447052955627	0.3258936703205109	0.361106812953949	0.3253481090068817	0.4214533865451813	0.3930017650127411	0.3809339106082916	0.3698540031909943	0.3886203169822693	0.1781116276979446	0.1871802061796188	0.0	0.2451981753110886	0.4091430306434631	0.4055033326148987	0.4951893091201782	0.3502174019813538	0.4850635826587677	0.4859050512313843	0.3602705001831055	0.4656322300434113	0.4118855893611908	0.3765330016613007	0.3273488283157349	0.3280828893184662	0.5426921248435974	0.4354636073112488	0.4340437948703766	0.4907599091529846	0.6528842449188232	0.5696617364883423	0.4249776899814606	0.4720881581306458	0.5252853035926819	0.4674977660179138	0.4367867708206177	0.4182427525520325	0.3772522211074829	0.3786703944206238	0.3208016753196716	0.3551006019115448	0.4121122360229492	0.5188636183738708	0.5380366444587708	0.581412136554718	0.7153485417366028	0.5081189870834351	0.4846842885017395	0.440133273601532	0.494018018245697	0.5194328427314758	0.4675313234329224	0.473149299621582	0.4104749262332916	0.471310168504715	0.487718403339386	0.6350770592689514	0.5512490272521973	0.5231565237045288	0.4124985337257385
NW040-3	0.4427574276924133	0.4030441343784332	0.7217747569084167	0.517602801322937	0.4915779829025269	0.540654182434082	0.4935552775859833	0.508955717086792	0.432677298784256	0.5042604804039001	0.4487493932247162	0.4420727789402008	0.4432078301906586	0.4068780839443207	0.4667993187904358	0.4297748208045959	0.6525635719299316	0.6112130284309387	0.6486560106277466	0.5489687323570251	0.5099302530288696	0.6139089465141296	0.7055367827415466	0.5295397639274597	0.4919708371162415	0.4585074484348297	0.775183916091919	0.7137340903282166	0.6304078698158264	0.6244673728942871	0.646568775177002	0.661427915096283	0.7453482747077942	0.511076807975769	0.5484006404876709	0.64373779296875	0.5666781663894653	0.5982903242111206	0.4585095643997192	0.6339375376701355	0.5263940095901489	0.5656300187110901	0.6166232228279114	0.5491604804992676	0.3812296092510223	0.4288688004016876	0.4591770768165588	0.4880719780921936	0.4394543766975403	0.5051286816596985	0.5629672408103943	0.3906741142272949	0.6300792694091797	0.6023333072662354	0.5424312353134155	0.4768040478229523	0.8333559036254883	0.5480542778968811	0.5207916498184204	0.5618734955787659	0.5184130668640137	0.5164371728897095	0.5137398838996887	0.3697426319122314	0.3999918699264526	0.3460080623626709	0.3662736713886261	0.3778693675994873	0.371141791343689	0.5813984870910645	0.5487921237945557	0.4904739558696747	0.6351069211959839	0.5193619728088379	0.7270717620849609	0.6265658736228943	0.5718202590942383	0.423728734254837	0.624150812625885	0.4736679792404175	0.5222843885421753	0.4812374711036682	0.5638677477836609	0.5516329407691956	0.5271162390708923	0.4023004174232483	0.3905342519283295	0.3109776079654694	0.4878948926925659	0.4459578096866608	0.4911744892597198	0.473351925611496	0.4809554219245911	0.4997546374797821	0.5427771210670471	0.7175253033638	0.6979996562004089	0.6690125465393066	0.801276445388794	0.6419512033462524	0.6921579241752625	0.5764233469963074	0.6340866088867188	0.6178123950958252	0.6307358741760254	0.5594301223754883	0.5911065936088562	0.5174046754837036	0.5206989645957947	0.6427546143531799	0.623828649520874	0.4990135729312897	0.66703200340271	0.5121436715126038	0.6093625426292419	0.4452745616436005	0.395541250705719	0.4307518005371094	0.3683390617370605	0.4283767938613892	0.6133164167404175	0.8380102515220642	0.62595534324646	0.6813759803771973	0.6854348182678223	0.6932040452957153	0.5658036470413208	0.8730625510215759	0.7425435781478882	0.5781407952308655	0.7710956335067749	0.7551602125167847	0.5257437229156494	0.578892707824707	0.5327271223068237	0.6016444563865662	0.5036146640777588	0.5695759654045105	0.5173941850662231	0.4591293036937714	0.4548479616641998	0.4122474491596222	0.514132559299469	0.5667250156402588	0.478518545627594	0.4238759279251099	0.4884684979915619	0.4342081844806671	0.5315607190132141	0.4734947085380554	0.4744206964969635	0.4614023268222809	0.4611347019672394	0.3055719435214996	0.3596919775009155	0.2451981753110886	0.0	0.4880605041980743	0.5192433595657349	0.5694456100463867	0.415621429681778	0.5551486015319824	0.5540745854377747	0.402765303850174	0.5912303924560547	0.4385218024253845	0.480930894613266	0.425402045249939	0.3135976791381836	0.5997189879417419	0.4793110489845276	0.5250914692878723	0.5568370819091797	0.7156633734703064	0.6376532316207886	0.4155798852443695	0.422109067440033	0.441768616437912	0.4914552569389343	0.5491023063659668	0.5179708003997803	0.4924187958240509	0.4608517289161682	0.3820396363735199	0.4370172619819641	0.4743563234806061	0.4981674551963806	0.5397657155990601	0.5821391344070435	0.7108575105667114	0.5059347748756409	0.492931991815567	0.5110900402069092	0.557563304901123	0.5706453323364258	0.5540540218353271	0.5803353190422058	0.4737651646137238	0.5803085565567017	0.5140271782875061	0.6446487903594971	0.5529142022132874	0.5488706231117249	0.4611671268939972
NW041-1	0.4298465847969055	0.551676332950592	1.027657747268677	0.5502625703811646	0.4617315828800201	0.3863984644412994	0.3962883949279785	0.5229128003120422	0.4016804397106171	0.4001475870609283	0.3192327618598938	0.4156579077243805	0.366910308599472	0.3918662071228027	0.4666420221328735	0.5631130337715149	0.7317283749580383	0.7508811354637146	0.4566119015216827	0.5462560653686523	0.3109824061393738	0.6307910084724426	0.7456433176994324	0.5913897156715393	0.6055202484130859	0.4456285238265991	0.9611887335777283	0.8882035613059998	0.6017999649047852	0.5871407389640808	0.5551475286483765	0.609024703502655	0.602441132068634	0.51093590259552	0.5211555361747742	0.4815163314342499	0.5277805924415588	0.6066837906837463	0.4729066491127014	0.4857431352138519	0.4370794296264648	0.39734748005867	0.4199691712856293	0.4786286652088165	0.3848921060562134	0.4365206062793732	0.3586176335811615	0.3826228082180023	0.3988762199878693	0.4156210124492645	0.3617502152919769	0.4363578259944916	0.438018411397934	0.4154689908027649	0.6880926489830017	0.4154660105705261	1.006558299064636	0.4042912125587463	0.4112212061882019	0.4230677783489227	0.3783937394618988	0.4240441024303436	0.4256824553012848	0.3256137073040009	0.3312371671199799	0.4406971037387848	0.3464314341545105	0.3432771265506744	0.3197454512119293	0.6120373010635376	0.571139931678772	0.4974191784858704	0.6979609727859497	0.5440243482589722	0.616196870803833	0.6111088991165161	0.7212180495262146	0.5523849129676819	0.6218926906585693	0.3811856210231781	0.3729837536811829	0.610708475112915	0.4688247740268707	0.4596287608146667	0.4401054978370667	0.552126407623291	0.3553241491317749	0.4360725581645966	0.3857301473617554	0.4478774964809418	0.5067089796066284	0.4486678838729858	0.552531898021698	0.4910497963428497	0.3833265900611877	0.8932644724845886	0.8422719240188599	0.8133205771446228	0.9776718616485596	0.7780769467353821	0.6051337718963623	0.6154372692108154	0.6650710105895996	0.647420346736908	0.7490653395652771	0.4672013521194458	0.4399691522121429	0.3998058438301086	0.4007787108421326	0.5287718176841736	0.5074231028556824	0.5272024273872375	0.5584150552749634	0.4886956810951233	0.5293624997138977	0.4460533857345581	0.5139486193656921	0.3817873001098633	0.3673287630081177	0.477655291557312	0.808478057384491	0.678084671497345	0.5669689774513245	0.5661160349845886	0.5732885599136353	0.5697933435440063	0.5587552785873413	0.6851142048835754	0.5387906432151794	0.7164077758789062	0.9447163343429565	0.602556586265564	0.2841072678565979	0.3006571829319	0.2932555675506592	0.3871533870697021	0.3469171524047852	0.3330726325511932	0.7292206287384033	0.6168997883796692	0.6646749973297119	0.6170351505279541	0.7187050580978394	0.4022668302059174	0.3693713843822479	0.4038807451725006	0.4193347990512848	0.4329563081264496	0.4939875602722168	0.5035378932952881	0.4539792537689209	0.4390414655208588	0.4363617897033691	0.4676403105258942	0.4702940583229065	0.4091430306434631	0.4880605041980743	0.0	0.3334100842475891	0.4652540981769562	0.4336239397525787	0.5199221968650818	0.4699266254901886	0.6064882278442383	0.6383043527603149	0.6542415618896484	0.5957666635513306	0.5845550298690796	0.4795871078968048	0.6798092126846313	0.5325829386711121	0.5577805638313293	0.6390330195426941	0.8276739716529846	0.7403298020362854	0.5226884484291077	0.568270206451416	0.7155208587646484	0.4640933871269226	0.3758065402507782	0.4855247735977173	0.3624184131622314	0.3490378558635712	0.4606817662715912	0.3656505346298218	0.328658789396286	0.6500504016876221	0.6708257794380188	0.7154174447059631	0.8874995708465576	0.6669119000434875	0.6129909753799438	0.4153921008110046	0.5050673484802246	0.5405263304710388	0.4818891882896423	0.4754781723022461	0.4504216909408569	0.5703802108764648	0.6830819845199585	0.8395382761955261	0.7311421632766724	0.71182781457901	0.5762719511985779
NW041-2	0.3138070702552795	0.4655928015708923	0.9003000259399414	0.6590285301208496	0.5991305112838745	0.3997606635093689	0.4495312571525574	0.5104542374610901	0.4625930786132812	0.4343758523464203	0.3065732419490814	0.3359476923942566	0.3242060840129852	0.3591293096542358	0.346312552690506	0.4598814249038696	0.5880523324012756	0.6032455563545227	0.351670116186142	0.4523170590400696	0.3310348391532898	0.5427355170249939	0.6266108155250549	0.4486492276191711	0.4823661744594574	0.3227631151676178	0.8232576847076416	0.7433537244796753	0.4116101562976837	0.3753434419631958	0.3668283224105835	0.4044089019298553	0.4288893938064575	0.4372226893901825	0.3862040340900421	0.4634397327899933	0.3844437897205353	0.4731684625148773	0.3325900137424469	0.3984832763671875	0.2894193530082703	0.2638302743434906	0.2918212413787842	0.3746645450592041	0.3495916724205017	0.4044421017169952	0.3520381450653076	0.3533025085926056	0.4039044380187988	0.441619485616684	0.4114559888839722	0.5322972536087036	0.4189448058605194	0.3921672701835632	0.5796871185302734	0.3790527284145355	0.882995069026947	0.3295830488204956	0.272700697183609	0.3125350475311279	0.3501351177692413	0.3220363855361938	0.3310336172580719	0.4990487694740295	0.5383328199386597	0.5136117935180664	0.5039651393890381	0.4696028828620911	0.5296785831451416	0.5218760967254639	0.4671098291873932	0.5034068822860718	0.5492804050445557	0.4272978901863098	0.7207453846931458	0.6175342798233032	0.6092149019241333	0.4971539676189423	0.4814555644989014	0.2810386121273041	0.4525892436504364	0.5511390566825867	0.4466817080974579	0.5395824313163757	0.4662771224975586	0.5105305910110474	0.3512625694274902	0.3878074586391449	0.3435941934585571	0.2846289873123169	0.4036261141300201	0.3171071410179138	0.4195559024810791	0.3386848866939545	0.3154340386390686	0.7599406242370605	0.7124529480934143	0.6862579584121704	0.8520848751068115	0.6577232480049133	0.4214434325695038	0.3838258385658264	0.4668092429637909	0.4620525240898132	0.6121233701705933	0.5764469504356384	0.5427621006965637	0.5923219919204712	0.518394410610199	0.3748900890350342	0.3467449247837067	0.3658748865127563	0.4549985229969025	0.4120634794235229	0.3603086471557617	0.3687241971492767	0.4278662204742432	0.3632567524909973	0.3693473041057587	0.3878700137138367	0.6650010943412781	0.5972267985343933	0.3810329437255859	0.425051212310791	0.4062613546848297	0.4154558777809143	0.3897635340690613	0.5853292942047119	0.4648760259151459	0.6410290002822876	0.8131492137908936	0.5291107296943665	0.4018368721008301	0.5011821389198303	0.4340127110481262	0.4311517775058746	0.388234555721283	0.4557461440563202	0.5931812524795532	0.4917263686656952	0.5344153046607971	0.5010550022125244	0.5805404782295227	0.3601526021957397	0.3158347308635712	0.2824185192584991	0.2774666547775269	0.2861208915710449	0.4152408242225647	0.4328935742378235	0.4168736040592194	0.4512229561805725	0.4039794504642487	0.3819150030612946	0.3672113418579102	0.4055033326148987	0.5192433595657349	0.3334100842475891	0.0	0.5206329822540283	0.4405252933502197	0.431608110666275	0.5501107573509216	0.5168941617012024	0.5640276670455933	0.5390409827232361	0.511860728263855	0.489312469959259	0.3911523520946503	0.5821518301963806	0.6361724138259888	0.4461926519870758	0.5541102886199951	0.7041051983833313	0.6084378361701965	0.4696614146232605	0.4780482649803162	0.586743175983429	0.4373950958251953	0.3354266881942749	0.3789425194263458	0.3648441135883331	0.416175365447998	0.3614239990711212	0.459898442029953	0.3815718293190002	0.5633436441421509	0.6200239062309265	0.6750484108924866	0.7896885871887207	0.5673438906669617	0.5803442597389221	0.4190831780433655	0.4779233932495117	0.497622162103653	0.4564496278762817	0.4338144063949585	0.4104947149753571	0.4480974674224854	0.5765787363052368	0.7178704738616943	0.6608210802078247	0.608067512512207	0.4776937663555145
NW042-1	0.5618987083435059	0.6751626133918762	1.017021536827087	0.6569849848747253	0.5862957835197449	0.3216067552566528	0.2797583639621735	0.372740238904953	0.3417921364307404	0.2809858620166779	0.463224858045578	0.5205680131912231	0.4730755090713501	0.4642375707626343	0.5552592873573303	0.6286162734031677	0.7504144310951233	0.763856053352356	0.5581241846084595	0.6463574171066284	0.4582985639572144	0.7489391565322876	0.7976830005645752	0.6462589502334595	0.6448261141777039	0.573423445224762	0.9254107475280762	0.8621649146080017	0.6834041476249695	0.6679423451423645	0.6269319653511047	0.7049230337142944	0.6821498274803162	0.5927296280860901	0.589828610420227	0.507473349571228	0.6093682050704956	0.6518471240997314	0.5763037800788879	0.5345391035079956	0.5413950681686401	0.5289031267166138	0.5196822881698608	0.5395325422286987	0.4979816675186157	0.5184889435768127	0.4904373586177826	0.4876696467399597	0.511847734451294	0.4432840347290039	0.4183843731880188	0.5403854846954346	0.5015932321548462	0.4839235544204712	0.7709230184555054	0.5352243185043335	1.000983357429504	0.4831572473049164	0.5481575727462769	0.4923985004425049	0.4487534165382385	0.538192093372345	0.5007560849189758	0.513742983341217	0.5101380944252014	0.5503990054130554	0.5146521925926208	0.4909847378730774	0.536281943321228	0.6358731389045715	0.6112833619117737	0.5902926921844482	0.7304713129997253	0.6403838992118835	0.7279269695281982	0.6674588322639465	0.7503808736801147	0.6217451095581055	0.7315605282783508	0.5397362112998962	0.4611006379127502	0.6763424873352051	0.3639523983001709	0.2323606759309769	0.2701753675937653	0.6465785503387451	0.4500505030155182	0.5273505449295044	0.4857966601848602	0.5570145845413208	0.519127607345581	0.5315524339675903	0.6242488622665405	0.5672836899757385	0.5075041651725769	0.8554847836494446	0.8033968806266785	0.7759348750114441	0.9432058930397034	0.7411869764328003	0.6677020192146301	0.6696018576622009	0.7306369543075562	0.7244714498519897	0.8160308599472046	0.2615305483341217	0.3999438583850861	0.3406937122344971	0.3818514049053192	0.5255969166755676	0.5553187131881714	0.5712072849273682	0.5573901534080505	0.5462382435798645	0.5484204292297363	0.5219933390617371	0.5563684701919556	0.4566932320594788	0.4842076897621155	0.5719861388206482	0.7648053169250488	0.6724895238876343	0.6439739465713501	0.636737048625946	0.6469517350196838	0.6370699405670166	0.6375086903572083	0.7069781422615051	0.6167827844619751	0.7348421812057495	0.9117494821548462	0.6110748648643494	0.4328908324241638	0.4791187942028046	0.4293889403343201	0.4979832172393799	0.450526624917984	0.4671688675880432	0.7621792554855347	0.6571117639541626	0.684670090675354	0.6530628204345703	0.7162180542945862	0.457780122756958	0.4715810716152191	0.5160191059112549	0.5198330283164978	0.5417687892913818	0.5316965579986572	0.565108060836792	0.4862576425075531	0.4778976738452911	0.509425163269043	0.5338529348373413	0.5221953392028809	0.4951893091201782	0.5694456100463867	0.4652540981769562	0.5206329822540283	0.0	0.309285968542099	0.2855369746685028	0.08910158276557922	0.6074104309082031	0.6183881759643555	0.6324626803398132	0.5924672484397888	0.6076131463050842	0.4979771077632904	0.7161960601806641	0.6607041358947754	0.6246436238288879	0.6669630408287048	0.8209282159805298	0.7295787930488586	0.5689328908920288	0.5577896237373352	0.7601888179779053	0.560484766960144	0.511916995048523	0.6043718457221985	0.4802689850330353	0.5131387710571289	0.5085216164588928	0.5548393726348877	0.4628134071826935	0.6532317996025085	0.6981118321418762	0.7323945164680481	0.875056803226471	0.7139892578125	0.647505521774292	0.2936484813690186	0.2379768788814545	0.2518451511859894	0.2599861025810242	0.3206375241279602	0.5233088731765747	0.6065061688423157	0.7009034752845764	0.8287930488586426	0.7503313422203064	0.746927797794342	0.6213427782058716
NW042-3	0.5210034847259521	0.527822732925415	0.8793076872825623	0.5061519742012024	0.4292292296886444	0.3698180019855499	0.3498448729515076	0.4549572467803955	0.3727014362812042	0.3658841252326965	0.3488195836544037	0.3477145731449127	0.3396866321563721	0.298011988401413	0.3836158812046051	0.4736940264701843	0.5834892392158508	0.61502605676651	0.5951045751571655	0.500697672367096	0.4327026605606079	0.5896778702735901	0.642035722732544	0.476734071969986	0.4918268620967865	0.5220889449119568	0.7788133025169373	0.6958757042884827	0.4877683818340302	0.4929957091808319	0.5666496753692627	0.5633585453033447	0.6287379264831543	0.4146457612514496	0.4180364608764648	0.5346329212188721	0.4380327165126801	0.4572505354881287	0.4644731283187866	0.551520049571991	0.4342967867851257	0.4633074104785919	0.5248059630393982	0.4286507368087769	0.4104269444942474	0.3582615852355957	0.3777304291725159	0.417138546705246	0.3861612677574158	0.4227961897850037	0.4351332485675812	0.4978040158748627	0.5273385047912598	0.5105636119842529	0.610427975654602	0.5121616721153259	0.8528270721435547	0.5048249959945679	0.5076844096183777	0.5273317694664001	0.4794135987758636	0.520805835723877	0.5152812004089355	0.4586937427520752	0.4842273890972137	0.4645427763462067	0.4829146265983582	0.4632228314876556	0.4767455458641052	0.467542827129364	0.4342548549175262	0.4148884117603302	0.5551044940948486	0.465880960226059	0.754378616809845	0.6606056094169617	0.6009689569473267	0.4929742217063904	0.5755946040153503	0.4203357696533203	0.4898792803287506	0.5385338068008423	0.4271506369113922	0.4208502769470215	0.4079417586326599	0.50926673412323	0.4426132440567017	0.3999541699886322	0.4937314093112946	0.5116217136383057	0.3483035862445831	0.3958649039268494	0.4622655212879181	0.4302731156349182	0.458241194486618	0.6665832996368408	0.6138685941696167	0.5960399508476257	0.7518054842948914	0.5619062781333923	0.6076059937477112	0.5485312938690186	0.5709881782531738	0.5537504553794861	0.6480212211608887	0.4428246021270752	0.4822790622711182	0.4357526302337646	0.4317249655723572	0.5611432790756226	0.531897783279419	0.5409141182899475	0.5959197282791138	0.5473993420600891	0.5816440582275391	0.4098896086215973	0.4155421257019043	0.4006384313106537	0.4109022319316864	0.5179972052574158	0.600149929523468	0.7062057852745056	0.591495931148529	0.5965341925621033	0.6244105100631714	0.6382370591163635	0.4855309128761292	0.742989182472229	0.5993664264678955	0.5550474524497986	0.7392390966415405	0.6298692226409912	0.4400572776794434	0.4833522140979767	0.4516778886318207	0.5109688639640808	0.3830676376819611	0.4770236015319824	0.6331014037132263	0.5218162536621094	0.5368135571479797	0.5118381381034851	0.5729317665100098	0.4886895716190338	0.4237008690834045	0.3827615678310394	0.4280137121677399	0.3922024965286255	0.4431950151920319	0.4231060445308685	0.4074351787567139	0.3966361284255981	0.3655327260494232	0.430171012878418	0.3977481424808502	0.3502174019813538	0.415621429681778	0.4336239397525787	0.4405252933502197	0.309285968542099	0.0	0.2449657917022705	0.3088391423225403	0.490744560956955	0.5780175924301147	0.4774098694324493	0.4929139018058777	0.4567793011665344	0.4285866022109985	0.5613053441047668	0.4908062815666199	0.4746967852115631	0.4932806491851807	0.6644812226295471	0.5842774510383606	0.4391591548919678	0.4283269047737122	0.6111361384391785	0.5454316735267639	0.5001270174980164	0.4413087964057922	0.4443961977958679	0.4420473873615265	0.420771598815918	0.3986747562885284	0.4489119350910187	0.4926551282405853	0.5277583003044128	0.5609390139579773	0.7205133438110352	0.5506571531295776	0.4914402067661285	0.4602771401405334	0.4912239015102386	0.5089070796966553	0.4997817873954773	0.5033501982688904	0.3671912848949432	0.436062753200531	0.5444799065589905	0.6841232776641846	0.6067403554916382	0.5832991600036621	0.5085110664367676
NW042-4	0.5540964603424072	0.5981912016868591	0.9311259984970093	0.6269505620002747	0.5541858077049255	0.4023493826389313	0.3805059790611267	0.3969803750514984	0.4463699460029602	0.4115689098834991	0.4668797552585602	0.4143596291542053	0.3987683951854706	0.3884730935096741	0.4402863681316376	0.535774290561676	0.6096900105476379	0.6612991690635681	0.6171013712882996	0.5571965575218201	0.5258669257164001	0.6560195088386536	0.7077162861824036	0.5481840968132019	0.5655476450920105	0.5565550327301025	0.8339630365371704	0.7588090896606445	0.5403174161911011	0.5443859100341797	0.5925043225288391	0.591992974281311	0.6441038846969604	0.4806786775588989	0.4408150017261505	0.5983802080154419	0.4799364507198334	0.5172163844108582	0.4551903009414673	0.5871769189834595	0.4156597852706909	0.4561889469623566	0.5168742537498474	0.4321027994155884	0.4880857467651367	0.4720898568630219	0.45949986577034	0.4757412672042847	0.4612577855587006	0.502406656742096	0.5139514803886414	0.5791255831718445	0.6124124526977539	0.5336663126945496	0.6561227440834045	0.5498356223106384	0.8878432512283325	0.5636284947395325	0.5303600430488586	0.5465651154518127	0.57547926902771	0.5464392900466919	0.5488187074661255	0.5285904407501221	0.5640711784362793	0.5516469478607178	0.5653665065765381	0.5345577597618103	0.5426173210144043	0.5375461578369141	0.5006833076477051	0.5458437204360962	0.6063417196273804	0.526897668838501	0.8796847462654114	0.7789287567138672	0.6887345910072327	0.5803823471069336	0.6015050411224365	0.4373007714748383	0.5903664231300354	0.6237684488296509	0.4003520011901855	0.401039719581604	0.3667125999927521	0.5620419979095459	0.4820741713047028	0.4511761069297791	0.5118029117584229	0.5009360313415527	0.4119345545768738	0.4545019567012787	0.5331608057022095	0.4784585535526276	0.514538049697876	0.7036336660385132	0.6516129374504089	0.6497777700424194	0.7902427315711975	0.6248959302902222	0.6592249274253845	0.6008352041244507	0.6547737717628479	0.6420820355415344	0.7363435626029968	0.4523599743843079	0.5531123280525208	0.4881391823291779	0.5430271625518799	0.610876739025116	0.5804257988929749	0.58638596534729	0.6598919630050659	0.6144788861274719	0.6046911478042603	0.4564498960971832	0.4713059067726135	0.4463943243026733	0.4842852652072906	0.541861891746521	0.6591008305549622	0.7396669387817383	0.580177366733551	0.5862349271774292	0.6184864640235901	0.6282687783241272	0.5150835514068604	0.7647380828857422	0.6537129878997803	0.6725993752479553	0.8073655366897583	0.6900457739830017	0.5411205887794495	0.5998348593711853	0.5483883023262024	0.6242005228996277	0.5003826022148132	0.5854864716529846	0.6419370770454407	0.5544324517250061	0.5591925978660583	0.5458394289016724	0.5866687297821045	0.5693832039833069	0.48955437541008	0.4107089936733246	0.4520705342292786	0.439585417509079	0.442200630903244	0.4484544992446899	0.4073125123977661	0.4252201318740845	0.3793858885765076	0.5039374828338623	0.4617145657539368	0.4850635826587677	0.5551486015319824	0.5199221968650818	0.431608110666275	0.2855369746685028	0.2449657917022705	0.0	0.2833077311515808	0.5214933753013611	0.6002063751220703	0.5392282009124756	0.5299654603004456	0.5230644345283508	0.4531497955322266	0.63941890001297	0.6444090008735657	0.5314972400665283	0.5587641596794128	0.7268205881118774	0.6520018577575684	0.4750854074954987	0.4451891779899597	0.6654900908470154	0.5802211165428162	0.5147455334663391	0.4944192171096802	0.5212981104850769	0.5754382014274597	0.5452026724815369	0.5252594351768494	0.5656327605247498	0.5640923976898193	0.6044219732284546	0.632272481918335	0.7824403643608093	0.635219156742096	0.5645174980163574	0.3638903796672821	0.3969500660896301	0.4000205099582672	0.3932120203971863	0.3985124230384827	0.4176104068756104	0.4971898198127747	0.6187449097633362	0.7424044609069824	0.690774142742157	0.6710894107818604	0.5575743317604065
NW042-5	0.5889328718185425	0.7023587822914124	1.020753979682922	0.6352822184562683	0.5655710697174072	0.3463809192180634	0.2991290390491486	0.4020975828170776	0.3537392616271973	0.3008055090904236	0.468102365732193	0.5485855340957642	0.4953050017356873	0.4858250021934509	0.5786498785018921	0.647813618183136	0.7590104341506958	0.780425488948822	0.580065131187439	0.6675251126289368	0.4803241491317749	0.7685827612876892	0.8200122117996216	0.6704751253128052	0.6520812511444092	0.5997143983840942	0.9234868288040161	0.8613719344139099	0.696103572845459	0.6799607276916504	0.648157000541687	0.7181110382080078	0.6968300938606262	0.6018723845481873	0.6077390313148499	0.5256243944168091	0.6355733275413513	0.6630585193634033	0.6108432412147522	0.553267240524292	0.5699388384819031	0.5701597332954407	0.5523287057876587	0.5648293495178223	0.520245373249054	0.545968234539032	0.5048011541366577	0.5230839252471924	0.5355339050292969	0.4562311768531799	0.4342133700847626	0.5379581451416016	0.5233989357948303	0.5095164179801941	0.7919263243675232	0.552673876285553	1.007461547851562	0.5082269906997681	0.5786314010620117	0.5305296182632446	0.4749171733856201	0.5682627558708191	0.5346869230270386	0.514564037322998	0.5092045664787292	0.5458482503890991	0.507939338684082	0.4837587177753448	0.5304162502288818	0.6502692103385925	0.6327096223831177	0.5912351012229919	0.7541025280952454	0.6627243161201477	0.7175596356391907	0.6533999443054199	0.7581608891487122	0.640038788318634	0.7596467137336731	0.5617499351501465	0.4540285170078278	0.6908471584320068	0.3866060078144073	0.2418200671672821	0.2868331074714661	0.6722286343574524	0.4906376898288727	0.562660276889801	0.5069826245307922	0.5905299186706543	0.5459239482879639	0.5545744299888611	0.6433665752410889	0.5702682733535767	0.5292942523956299	0.8405577540397644	0.7877123951911926	0.760108470916748	0.9253663420677185	0.7241615056991577	0.6818013191223145	0.6839941740036011	0.7431640625	0.7341089844703674	0.8272156119346619	0.2735923230648041	0.4132035374641418	0.3363109827041626	0.3898543119430542	0.5472416281700134	0.5819437503814697	0.5938007831573486	0.5795828700065613	0.5763232111930847	0.5773668885231018	0.5420765280723572	0.5822515487670898	0.4738597273826599	0.4848291575908661	0.5941990613937378	0.7676941156387329	0.6996111869812012	0.6648181080818176	0.6587844491004944	0.6654255986213684	0.659716784954071	0.658153235912323	0.730085015296936	0.6361238956451416	0.7358799576759338	0.906028687953949	0.6238723397254944	0.435820072889328	0.4763395190238953	0.4405138492584229	0.4959125220775604	0.4425828158855438	0.4698996543884277	0.7776753902435303	0.6810176372528076	0.6932927966117859	0.6660839915275574	0.7249621152877808	0.4818421900272369	0.4920541942119598	0.5380312204360962	0.5425438284873962	0.5646091103553772	0.5550451874732971	0.5936789512634277	0.517663300037384	0.5101701021194458	0.5401473641395569	0.5463110208511353	0.5341973304748535	0.4859050512313843	0.5540745854377747	0.4699266254901886	0.5501107573509216	0.08910158276557922	0.3088391423225403	0.2833077311515808	0.0	0.6105123162269592	0.620869517326355	0.6339775323867798	0.5968331098556519	0.6207201480865479	0.5132389068603516	0.7195624709129333	0.6349416375160217	0.6480098366737366	0.6603150367736816	0.8173093795776367	0.7457188963890076	0.5718459486961365	0.566038966178894	0.7786151766777039	0.5696130990982056	0.5367425084114075	0.6277145147323608	0.5069341063499451	0.5018365979194641	0.5083520412445068	0.5527406930923462	0.465053915977478	0.6687337160110474	0.6989316344261169	0.7259902358055115	0.869924008846283	0.7213534712791443	0.6565813422203064	0.3320091366767883	0.2648038268089294	0.2785776555538177	0.2986505329608917	0.3547163903713226	0.5437188744544983	0.6278155446052551	0.709854006767273	0.8324896693229675	0.7598266005516052	0.7544686794281006	0.6344449520111084
NW043-1	0.4976578056812286	0.520377516746521	0.8133330941200256	0.5551066398620605	0.5239666700363159	0.5694255232810974	0.5280337333679199	0.5236415863037109	0.5221760869026184	0.5815479159355164	0.5066786408424377	0.4092762768268585	0.4470573961734772	0.4053666591644287	0.4431475400924683	0.4682239294052124	0.5438442230224609	0.5802220106124878	0.6265966892242432	0.5086782574653625	0.5551131367683411	0.6448306441307068	0.7200474739074707	0.4966790080070496	0.517737090587616	0.503894567489624	0.7872697710990906	0.7281455397605896	0.5735993981361389	0.5610891580581665	0.59201580286026	0.6012888550758362	0.6851131319999695	0.5004743933677673	0.5166374444961548	0.6485735774040222	0.5344882011413574	0.5860757827758789	0.4433486759662628	0.6114936470985413	0.5073307752609253	0.5477031469345093	0.5798611640930176	0.4762303233146667	0.467142254114151	0.4854936897754669	0.5134240984916687	0.5434174537658691	0.5130477547645569	0.5832551717758179	0.6312330961227417	0.4080232083797455	0.6879117488861084	0.6116143465042114	0.6152631640434265	0.5596075057983398	0.8586037755012512	0.552048921585083	0.4995728135108948	0.5505895018577576	0.5709262490272522	0.4993910193443298	0.535881519317627	0.4816447794437408	0.4997235834598541	0.422747403383255	0.5049148797988892	0.4928838610649109	0.5352908968925476	0.570845365524292	0.5368889570236206	0.5718167424201965	0.5842450857162476	0.4867950975894928	0.8665390014648438	0.7592201828956604	0.6479849815368652	0.4992918372154236	0.6176057457923889	0.4839222431182861	0.6239029169082642	0.5564822554588318	0.5602737665176392	0.616776168346405	0.5871750116348267	0.4925239384174347	0.4934186935424805	0.4206028878688812	0.5533391237258911	0.506550133228302	0.4684966206550598	0.4439318776130676	0.4701175391674042	0.4497855305671692	0.5579103827476501	0.7238338589668274	0.6986581683158875	0.6684808731079102	0.8082999587059021	0.640687882900238	0.6560298800468445	0.5638375282287598	0.6004631519317627	0.5912074446678162	0.6689692735671997	0.6800615191459656	0.7054456472396851	0.6328738927841187	0.619243860244751	0.6087402105331421	0.5848839282989502	0.5462564826011658	0.6706074476242065	0.61469966173172	0.5871680378913879	0.4678744375705719	0.4116042852401733	0.4936783313751221	0.4696317613124847	0.5334175825119019	0.6178964376449585	0.8054682016372681	0.5964471101760864	0.6536098718643188	0.6524790525436401	0.654448926448822	0.56001216173172	0.8674605488777161	0.7677323818206787	0.6519685387611389	0.777072548866272	0.772568941116333	0.6231652498245239	0.6622196435928345	0.6211641430854797	0.6878339648246765	0.5777481198310852	0.6509283185005188	0.5574637055397034	0.4575952291488647	0.5007714629173279	0.4802707135677338	0.5552114248275757	0.5972265601158142	0.4930309355258942	0.3948390185832977	0.4474323987960815	0.4098357260227203	0.3492111563682556	0.3831498622894287	0.429364949464798	0.4423370659351349	0.4377741813659668	0.3429103791713715	0.3623008131980896	0.3602705001831055	0.402765303850174	0.6064882278442383	0.5168941617012024	0.6074104309082031	0.490744560956955	0.5214933753013611	0.6105123162269592	0.0	0.2375413477420807	0.1607410460710526	0.1799246817827225	0.2162881791591644	0.3682116270065308	0.5939356088638306	0.5651913285255432	0.4962425529956818	0.5318687558174133	0.6805738210678101	0.6121517419815063	0.4745939075946808	0.4631278812885284	0.5269297361373901	0.5318717956542969	0.4586828052997589	0.5160545110702515	0.5571372509002686	0.5343994498252869	0.4650886058807373	0.4976935088634491	0.5709238648414612	0.520309567451477	0.5363953709602356	0.5998274087905884	0.730096161365509	0.56496262550354	0.5050541758537292	0.5622965693473816	0.5864611268043518	0.575558066368103	0.5886182188987732	0.5858758687973022	0.4281612038612366	0.5228391885757446	0.517193078994751	0.653821587562561	0.6110439300537109	0.5711596608161926	0.4853868186473846
NW043-3	0.5911150574684143	0.6789942979812622	0.94755619764328	0.6673212647438049	0.6327770948410034	0.606909990310669	0.5934268236160278	0.5812129378318787	0.5913968682289124	0.6355094909667969	0.5454160571098328	0.5108891725540161	0.5312434434890747	0.5076629519462585	0.5442744493484497	0.6153786182403564	0.622909426689148	0.6788728833198547	0.6229236721992493	0.5811826586723328	0.582095742225647	0.7173133492469788	0.7831902503967285	0.5847718119621277	0.5856102705001831	0.594735324382782	0.8590352535247803	0.8012233972549438	0.6406581997871399	0.6297399401664734	0.598561704158783	0.662719190120697	0.6723688840866089	0.5855739116668701	0.584272027015686	0.6450938582420349	0.5861743092536926	0.6384133100509644	0.5775812268257141	0.5923934578895569	0.570229709148407	0.5723187327384949	0.5831087827682495	0.5405673384666443	0.5811683535575867	0.603451132774353	0.590217649936676	0.5944055914878845	0.6079176664352417	0.5844289660453796	0.6352800130844116	0.4965557157993317	0.690703809261322	0.6154720187187195	0.7418257594108582	0.6226046681404114	0.9719864726066589	0.6000425219535828	0.5415964126586914	0.5912047624588013	0.6153092384338379	0.5676451921463013	0.6120421290397644	0.5811191201210022	0.5880470275878906	0.5434660911560059	0.5911554098129272	0.5740189552307129	0.6312952041625977	0.6663346886634827	0.6393189430236816	0.6721567511558533	0.6635599732398987	0.5804060101509094	0.8757081627845764	0.7698578238487244	0.7477799654006958	0.6152230501174927	0.6900880932807922	0.5738931894302368	0.6447688341140747	0.665205717086792	0.578558087348938	0.6345471739768982	0.6063225865364075	0.6371264457702637	0.5731407999992371	0.591004490852356	0.6323707103729248	0.5682468414306641	0.5626481175422668	0.5375272631645203	0.5420264005661011	0.5305288434028625	0.5719566941261292	0.7927830219268799	0.7559240460395813	0.7251403331756592	0.8756011724472046	0.6972829699516296	0.6429263949394226	0.6162538528442383	0.6611817479133606	0.6497625112533569	0.7451249361038208	0.6933029294013977	0.7178667783737183	0.6442460417747498	0.6400777697563171	0.6053237915039062	0.5924116969108582	0.6007795929908752	0.6822270750999451	0.6845099925994873	0.6198678612709045	0.5519154667854309	0.552061915397644	0.5537854433059692	0.5787028670310974	0.6510701179504395	0.7340099811553955	0.7731370329856873	0.6415292024612427	0.6493939757347107	0.6652125716209412	0.6655546426773071	0.6475922465324402	0.8600983023643494	0.7639755606651306	0.7434433698654175	0.8480126261711121	0.7669394016265869	0.6395848393440247	0.674458920955658	0.6385838985443115	0.6968532800674438	0.5882019996643066	0.6614176630973816	0.6996894478797913	0.6112684607505798	0.6465452909469604	0.6263770461082458	0.6876786351203918	0.6134148836135864	0.5320193767547607	0.5275726914405823	0.517634928226471	0.5387011766433716	0.3643558323383331	0.4739318788051605	0.4756318032741547	0.5141344666481018	0.538309633731842	0.4581232070922852	0.4425163567066193	0.4656322300434113	0.5912303924560547	0.6383043527603149	0.5640276670455933	0.6183881759643555	0.5780175924301147	0.6002063751220703	0.620869517326355	0.2375413477420807	0.0	0.2944992482662201	0.2162929028272629	0.3121407330036163	0.5101820826530457	0.6642694473266602	0.6631872057914734	0.5697665214538574	0.6174308061599731	0.7334601879119873	0.6725985407829285	0.619863748550415	0.6260582208633423	0.6705430746078491	0.5915830731391907	0.4767215549945831	0.5888370275497437	0.5900494456291199	0.5951328277587891	0.5515543222427368	0.6266089677810669	0.6348521113395691	0.6732667088508606	0.6513217687606812	0.7149612307548523	0.834618091583252	0.6846035718917847	0.628117024898529	0.5935211181640625	0.617171585559845	0.6221071481704712	0.6188572645187378	0.6183923482894897	0.532096803188324	0.5917987823486328	0.6209907531738281	0.7439980506896973	0.7294345498085022	0.6589793562889099	0.598625898361206
NW043-4-1	0.5239555239677429	0.4876745641231537	0.7757574319839478	0.5405908823013306	0.490839421749115	0.5892747640609741	0.5508522391319275	0.5183764696121216	0.5312464237213135	0.6073386669158936	0.5442248582839966	0.4027762413024902	0.4825626909732819	0.4248700439929962	0.4199928343296051	0.4520847499370575	0.4761228263378143	0.5439773797988892	0.6518900394439697	0.5067634582519531	0.5980327129364014	0.616151750087738	0.6734222769737244	0.4639112651348114	0.5533559322357178	0.5321428179740906	0.7584245204925537	0.6977621912956238	0.5192263126373291	0.5370453596115112	0.605293869972229	0.6025860905647278	0.694060742855072	0.4770703315734863	0.4482012093067169	0.6849981546401978	0.4688754081726074	0.5215058326721191	0.4701823890209198	0.641686201095581	0.5358710289001465	0.5729562044143677	0.6106269955635071	0.5062261819839478	0.4892977774143219	0.4686408340930939	0.5453206896781921	0.5765680074691772	0.5420686602592468	0.6226931214332581	0.6609601974487305	0.4393654763698578	0.7273578643798828	0.6434222459793091	0.5558794736862183	0.5735540390014648	0.7832925915718079	0.5974048972129822	0.5434167385101318	0.5848350524902344	0.6120874881744385	0.5262154340744019	0.5576071739196777	0.506981611251831	0.5231574177742004	0.4463642537593842	0.528924286365509	0.5145897269248962	0.5623968243598938	0.5262891054153442	0.4879193902015686	0.531015157699585	0.5184011459350586	0.4524643421173096	0.9216064810752869	0.8155484795570374	0.6678541302680969	0.5580053329467773	0.5626423358917236	0.5177674293518066	0.6750869154930115	0.5937544703483582	0.6106708645820618	0.6681498289108276	0.6390253305435181	0.4825252890586853	0.5222173929214478	0.424207329750061	0.5836068987846375	0.510125994682312	0.4213347733020782	0.4719351828098297	0.4522411227226257	0.4846901893615723	0.6003730297088623	0.6905381679534912	0.6659386157989502	0.6430444717407227	0.7732986807823181	0.61612868309021	0.658647358417511	0.5951684713363647	0.5776252746582031	0.5429261922836304	0.6433355212211609	0.7191697955131531	0.7437045574188232	0.6731134057044983	0.6751208901405334	0.6227845549583435	0.6109276413917542	0.5417832136154175	0.7020203471183777	0.6265031099319458	0.6008040904998779	0.5112854838371277	0.4252561032772064	0.5516480803489685	0.5271058678627014	0.5668376088142395	0.5394548773765564	0.8169896602630615	0.5992168188095093	0.6650702953338623	0.6621776819229126	0.6697664856910706	0.5094192624092102	0.895497739315033	0.7914227247238159	0.6447440981864929	0.7496668696403503	0.8004530668258667	0.6522603631019592	0.6902223825454712	0.6547825336456299	0.718394935131073	0.5994700193405151	0.6769607663154602	0.5020591616630554	0.4274722635746002	0.4502840638160706	0.4435268640518188	0.49379962682724	0.6375693678855896	0.5359103679656982	0.4361331164836884	0.4887653589248657	0.438446432352066	0.3831404745578766	0.3686084151268005	0.4572136700153351	0.4830712080001831	0.4289756119251251	0.4045413434505463	0.3821890354156494	0.4118855893611908	0.4385218024253845	0.6542415618896484	0.5390409827232361	0.6324626803398132	0.4774098694324493	0.5392282009124756	0.6339775323867798	0.1607410460710526	0.2944992482662201	0.0	0.2265163958072662	0.2352282106876373	0.4016678631305695	0.5628713965415955	0.5770965218544006	0.460112988948822	0.5050108432769775	0.6288213729858398	0.5717064738273621	0.4703293442726135	0.4483500123023987	0.497387021780014	0.5517935156822205	0.4955249428749084	0.4683195054531097	0.6025736331939697	0.5529696941375732	0.4872472882270813	0.5026386976242065	0.5963644981384277	0.4594512581825256	0.5324700474739075	0.5917593836784363	0.7167500257492065	0.5706612467765808	0.5128414034843445	0.6169495582580566	0.639839768409729	0.6276566386222839	0.642151415348053	0.6398754715919495	0.410825103521347	0.4806393384933472	0.510329008102417	0.6439159512519836	0.6250405311584473	0.5663952827453613	0.5594808459281921
NW043-4-2	0.5221350193023682	0.5653210878372192	0.8857107758522034	0.5925111174583435	0.5539335012435913	0.5429303646087646	0.5270469188690186	0.5409778356552124	0.5291574001312256	0.5730658769607544	0.4795238375663757	0.430223286151886	0.4393514692783356	0.4218908846378326	0.4763252139091492	0.5052531957626343	0.6073665618896484	0.6401820182800293	0.60452800989151	0.5208192467689514	0.5450785160064697	0.6560065150260925	0.7386782765388489	0.5407862067222595	0.5314579606056213	0.519643247127533	0.8296041488647461	0.7726837396621704	0.5992461442947388	0.5901450514793396	0.5981562733650208	0.6170817613601685	0.6832283139228821	0.5079995393753052	0.5442315340042114	0.6094720363616943	0.5506579875946045	0.5918635725975037	0.5017324090003967	0.5978366732597351	0.5261089205741882	0.544776201248169	0.5892300605773926	0.4704386293888092	0.4804043769836426	0.5113785862922668	0.5089836120605469	0.5401057004928589	0.528591513633728	0.5386587381362915	0.5886593461036682	0.4368257522583008	0.6526186466217041	0.575860857963562	0.6529562473297119	0.555213987827301	0.908829391002655	0.5386420488357544	0.4965235590934753	0.539143443107605	0.5551670789718628	0.5245648622512817	0.5510696768760681	0.5171483159065247	0.5222597718238831	0.4540335237979889	0.5204218626022339	0.5107423067092896	0.5609515309333801	0.5976434946060181	0.5660706758499146	0.6012520790100098	0.6138847470283508	0.5004799365997314	0.8526345491409302	0.7485295534133911	0.671980619430542	0.5495492815971375	0.6570338606834412	0.4942530989646912	0.6080282330513	0.5914663672447205	0.5431320667266846	0.6039283275604248	0.5707826614379883	0.5461439490318298	0.5179710984230042	0.4754500091075897	0.5679298043251038	0.5310013294219971	0.4864190220832825	0.4590969681739807	0.5097440481185913	0.4573351740837097	0.5400264263153076	0.7570148706436157	0.7265645861625671	0.6979970932006836	0.8408001661300659	0.6720107793807983	0.6309112310409546	0.5761592388153076	0.616672933101654	0.6037601232528687	0.7009146213531494	0.6541191339492798	0.6714650988578796	0.6087452173233032	0.600119948387146	0.6042879223823547	0.584367573261261	0.5667938590049744	0.6605082154273987	0.6270309686660767	0.5966441035270691	0.4684648811817169	0.4462206065654755	0.4963283836841583	0.486297219991684	0.5681262612342834	0.6711387634277344	0.7826931476593018	0.612680196762085	0.6362090706825256	0.6506531238555908	0.6573212742805481	0.5798158049583435	0.8419926762580872	0.7402708530426025	0.6713166236877441	0.8157531023025513	0.7472321391105652	0.6072709560394287	0.6483620405197144	0.6132333874702454	0.6691795587539673	0.5489088296890259	0.6211413145065308	0.6410291194915771	0.534285843372345	0.5770575404167175	0.5390167832374573	0.636519193649292	0.5825216770172119	0.4855947494506836	0.4260013401508331	0.4537459909915924	0.4342206418514252	0.3468863666057587	0.4222046732902527	0.4239561557769775	0.4492958784103394	0.4551994800567627	0.3473811745643616	0.3662664294242859	0.3765330016613007	0.480930894613266	0.5957666635513306	0.511860728263855	0.5924672484397888	0.4929139018058777	0.5299654603004456	0.5968331098556519	0.1799246817827225	0.2162929028272629	0.2265163958072662	0.0	0.2773618698120117	0.4070622622966766	0.5816760659217834	0.5643193125724792	0.4990376234054565	0.5142636299133301	0.6732259392738342	0.6047641038894653	0.5286644101142883	0.5290578603744507	0.6059519648551941	0.530962347984314	0.4381164610385895	0.5166634321212769	0.5463176369667053	0.5373854637145996	0.4809683561325073	0.5281280279159546	0.5747830271720886	0.5884369611740112	0.5896119475364685	0.6434271931648254	0.7785006761550903	0.6073453426361084	0.5469675660133362	0.5637567639350891	0.5882844924926758	0.5781323313713074	0.5837463736534119	0.5756877660751343	0.4542809426784515	0.5299270153045654	0.5682694911956787	0.7020851373672485	0.6412861347198486	0.6097310781478882	0.5129146575927734
NW043-6	0.5425513386726379	0.5383533835411072	0.8288465738296509	0.5619907379150391	0.5265203714370728	0.5881330966949463	0.5739783644676208	0.5713241696357727	0.5740021467208862	0.6198318004608154	0.4702323079109192	0.3489089906215668	0.3854539692401886	0.3572973608970642	0.3792707920074463	0.4487418830394745	0.4666738510131836	0.5114837288856506	0.600304126739502	0.444539338350296	0.5527957677841187	0.5703226327896118	0.6647399067878723	0.4046019017696381	0.4084477722644806	0.542363166809082	0.7335689663887024	0.6779794692993164	0.4593977332115173	0.4576489627361298	0.5447025895118713	0.5245484113693237	0.6087195873260498	0.4332475364208221	0.407325267791748	0.6080269813537598	0.4269685447216034	0.4936831295490265	0.4324999749660492	0.5529412627220154	0.4502819776535034	0.489317923784256	0.5276379585266113	0.4453161954879761	0.5048481822013855	0.4628835618495941	0.4915637075901031	0.5079095959663391	0.4874963760375977	0.5518267750740051	0.5985525846481323	0.4902125895023346	0.660481333732605	0.5877437591552734	0.6070391535758972	0.5974940657615662	0.8741893768310547	0.539961040019989	0.4743159413337708	0.5393351912498474	0.5603122711181641	0.5045387148857117	0.5553998351097107	0.5162700414657593	0.5342777371406555	0.4767920672893524	0.5435977578163147	0.5271884202957153	0.5677232146263123	0.5442747473716736	0.5001301765441895	0.5444985032081604	0.5075730681419373	0.3998166620731354	0.8258415460586548	0.7138143181800842	0.5807350277900696	0.4661691188812256	0.5327184796333313	0.4522093236446381	0.5914725065231323	0.5056667923927307	0.537273645401001	0.5952466726303101	0.5626300573348999	0.4797612726688385	0.527825653553009	0.4340815544128418	0.5889270305633545	0.5228388905525208	0.4074698686599731	0.3973478376865387	0.378303050994873	0.4104394018650055	0.5028151273727417	0.6680160164833069	0.6372157335281372	0.6134598255157471	0.7508072853088379	0.5858634114265442	0.586933970451355	0.4785081744194031	0.5064385533332825	0.4804629683494568	0.5629301071166992	0.639858067035675	0.665805459022522	0.5872529745101929	0.5669271945953369	0.5665399432182312	0.5441925525665283	0.5585452914237976	0.6425639390945435	0.634171724319458	0.5649771690368652	0.417124480009079	0.3874549269676208	0.4718393385410309	0.4856144487857819	0.5767956972122192	0.6263275146484375	0.7496353387832642	0.60624098777771	0.6233662962913513	0.6448814868927002	0.6500571966171265	0.521713376045227	0.8169153332710266	0.7163209915161133	0.5794356465339661	0.7229573726654053	0.723964512348175	0.5965567231178284	0.6436293125152588	0.5999897122383118	0.6684655547142029	0.5546941757202148	0.6241309642791748	0.5847799181938171	0.4538354873657227	0.5122968554496765	0.4878815412521362	0.5620138049125671	0.5809609293937683	0.4908875524997711	0.4127450585365295	0.4424233138561249	0.4116009771823883	0.3909870386123657	0.3437458276748657	0.4079907536506653	0.4349086284637451	0.3788641393184662	0.3200760781764984	0.2922208309173584	0.3273488283157349	0.425402045249939	0.5845550298690796	0.489312469959259	0.6076131463050842	0.4567793011665344	0.5230644345283508	0.6207201480865479	0.2162881791591644	0.3121407330036163	0.2352282106876373	0.2773618698120117	0.0	0.4013644754886627	0.5202610492706299	0.5208114981651306	0.4046342670917511	0.4809235334396362	0.621854305267334	0.548321008682251	0.4738904535770416	0.4797443151473999	0.5214752554893494	0.5636166334152222	0.4267103970050812	0.3935813903808594	0.5092381834983826	0.5740021467208862	0.5067049860954285	0.5385252833366394	0.6132819652557373	0.5622962713241577	0.5085961222648621	0.5882806181907654	0.70854252576828	0.517737865447998	0.4803913533687592	0.5406141877174377	0.575821578502655	0.5863534212112427	0.5741056203842163	0.5647451281547546	0.3840499818325043	0.458246648311615	0.4575479626655579	0.6064587831497192	0.5712091326713562	0.4890343248844147	0.463016152381897
NW044-1	0.3143410086631775	0.3793298900127411	0.8031657338142395	0.5838299989700317	0.5527375936508179	0.4155072867870331	0.3873665928840637	0.3845506906509399	0.3530517518520355	0.4187192320823669	0.3505561947822571	0.3642716407775879	0.3083569407463074	0.345387190580368	0.3897008895874023	0.4146228134632111	0.6245729923248291	0.5868726968765259	0.4813580214977264	0.4629137217998505	0.4330537617206573	0.5580692291259766	0.6910264492034912	0.5008490085601807	0.4655483961105347	0.3179825842380524	0.8363802433013916	0.7765069603919983	0.5129974484443665	0.5015535354614258	0.4906660616397858	0.527247428894043	0.5815234184265137	0.429208517074585	0.4486133456230164	0.4685659110546112	0.4714974761009216	0.5627261996269226	0.3461161255836487	0.4628073871135712	0.3873828053474426	0.4316073954105377	0.4469855427742004	0.398067444562912	0.2882911562919617	0.4155100584030151	0.3793019652366638	0.4012022614479065	0.408616840839386	0.3783299326896667	0.4300362765789032	0.353770524263382	0.5078935027122498	0.4307717978954315	0.5159987807273865	0.3340830206871033	0.8148967623710632	0.3938310444355011	0.3571531176567078	0.4283412396907806	0.4422018527984619	0.3592722415924072	0.3848079144954681	0.3503791391849518	0.3724512159824371	0.3395104706287384	0.3345378637313843	0.3320147693157196	0.3794071078300476	0.5749210715293884	0.5248154401779175	0.5580766797065735	0.5950531959533691	0.4069573283195496	0.7616528272628784	0.6551533341407776	0.580300509929657	0.4344132840633392	0.581779420375824	0.3748654425144196	0.4408366084098816	0.5131471753120422	0.3644188046455383	0.4588397443294525	0.3853554427623749	0.3803615570068359	0.2756549417972565	0.2788446247577667	0.3673141598701477	0.3356906473636627	0.4070227444171906	0.3504858911037445	0.4389391541481018	0.3669374883174896	0.3867734670639038	0.7730106115341187	0.7468730807304382	0.7155148983001709	0.857408881187439	0.6868281364440918	0.5429491996765137	0.5117020010948181	0.5504129528999329	0.547252893447876	0.6464880108833313	0.5090993642807007	0.527861475944519	0.5036735534667969	0.459022581577301	0.4932173192501068	0.4750195145606995	0.3727845847606659	0.5323905944824219	0.4238777160644531	0.4618640542030334	0.3073700070381165	0.277673602104187	0.2634906768798828	0.2663283050060272	0.3021664619445801	0.5791820883750916	0.6998682022094727	0.4778873324394226	0.5391841530799866	0.5415773391723633	0.5465825796127319	0.4815095365047455	0.729997992515564	0.6306313276290894	0.6187901496887207	0.8240478038787842	0.6346830129623413	0.4774928390979767	0.5297654271125793	0.4814213812351227	0.541502833366394	0.4325634241104126	0.5087376832962036	0.5217161774635315	0.4219131469726562	0.4347875714302063	0.3774070143699646	0.4787234663963318	0.4345288872718811	0.3338668644428253	0.3050427734851837	0.314486026763916	0.3353720605373383	0.4292004108428955	0.4303280413150787	0.3671383857727051	0.3939231336116791	0.4090962409973145	0.2974370121955872	0.2932285666465759	0.3280828893184662	0.3135976791381836	0.4795871078968048	0.3911523520946503	0.4979771077632904	0.4285866022109985	0.4531497955322266	0.5132389068603516	0.3682116270065308	0.5101820826530457	0.4016678631305695	0.4070622622966766	0.4013644754886627	0.0	0.5197663903236389	0.5575748682022095	0.4093863964080811	0.5026366114616394	0.7036342620849609	0.6032074689865112	0.3711468875408173	0.332984983921051	0.4953194856643677	0.3212757110595703	0.3952933549880981	0.4435177147388458	0.3855180740356445	0.4140024483203888	0.3365297615528107	0.4323441088199615	0.4398406147956848	0.48344886302948	0.5920410752296448	0.6559751033782959	0.7787200212478638	0.52950119972229	0.5325540900230408	0.3616291582584381	0.4252337217330933	0.437405526638031	0.3965940773487091	0.366801530122757	0.4266490042209625	0.5310888290405273	0.5416474938392639	0.6990517377853394	0.5788761377334595	0.5606998801231384	0.415727823972702
NW045-1	0.6221941113471985	0.5745145678520203	0.8453141450881958	0.7069579362869263	0.6662066578865051	0.690086841583252	0.675833523273468	0.7093303203582764	0.6933057904243469	0.7133983969688416	0.5385738015174866	0.4863324165344238	0.5115178227424622	0.4831967353820801	0.436202198266983	0.5249335169792175	0.6283130645751953	0.6045103669166565	0.6348749995231628	0.5035989880561829	0.6303437948226929	0.4915856122970581	0.6183938384056091	0.5003530383110046	0.5004474520683289	0.6056872606277466	0.7411593794822693	0.6926348805427551	0.581508457660675	0.6025632619857788	0.6780524253845215	0.6455392837524414	0.7395111918449402	0.4716376960277557	0.4984889030456543	0.6013973355293274	0.4628092348575592	0.5041089057922363	0.5778994560241699	0.5876757502555847	0.5440731048583984	0.6136977672576904	0.617728590965271	0.5091868042945862	0.5927570462226868	0.5706375241279602	0.5761266350746155	0.6352733969688416	0.6201236844062805	0.5878333449363708	0.6442477703094482	0.6460669040679932	0.6771589517593384	0.625665545463562	0.5758269429206848	0.626480221748352	0.845818817615509	0.6225275993347168	0.5851739645004272	0.6681703925132751	0.682057797908783	0.6050846576690674	0.6774550080299377	0.6494886875152588	0.6678803563117981	0.6341764330863953	0.6518551111221313	0.6400639414787292	0.6877081990242004	0.5885183215141296	0.5585377812385559	0.5881199836730957	0.5940188765525818	0.4929677248001099	0.9442865252494812	0.8151562809944153	0.6509287357330322	0.5349263548851013	0.5728728175163269	0.5774056911468506	0.6637133359909058	0.5633198618888855	0.6065449714660645	0.6770546436309814	0.6322051286697388	0.6026273965835571	0.6400859951972961	0.5494436025619507	0.6777743697166443	0.6567026972770691	0.4727838635444641	0.5102911591529846	0.4415275454521179	0.493445485830307	0.5591811537742615	0.6814275979995728	0.6624113917350769	0.6286010146141052	0.7530288696289062	0.604499101638794	0.6646628379821777	0.614014744758606	0.6111701130867004	0.5776649117469788	0.594315230846405	0.7755700945854187	0.8066803812980652	0.7603014707565308	0.7263559103012085	0.6764960885047913	0.6603870987892151	0.6749412417411804	0.7603870630264282	0.740832507610321	0.7048446536064148	0.485108345746994	0.4779089987277985	0.5682252645492554	0.5699949860572815	0.6738069653511047	0.6313719153404236	0.79497230052948	0.6815634369850159	0.6918409466743469	0.7130267024040222	0.7235482335090637	0.5540040731430054	0.8675450682640076	0.7803098559379578	0.5992662906646729	0.725911557674408	0.772939920425415	0.6858652830123901	0.7123498320579529	0.6984926462173462	0.72930908203125	0.6218737363815308	0.6993968486785889	0.6396399736404419	0.5241901874542236	0.5761767029762268	0.5521911978721619	0.6186491847038269	0.6276219487190247	0.5516922473907471	0.4958252608776093	0.5110605359077454	0.4955364465713501	0.6047183275222778	0.5538680553436279	0.5990209579467773	0.6438274383544922	0.5149639248847961	0.5666578412055969	0.5196766257286072	0.5426921248435974	0.5997189879417419	0.6798092126846313	0.5821518301963806	0.7161960601806641	0.5613053441047668	0.63941890001297	0.7195624709129333	0.5939356088638306	0.6642694473266602	0.5628713965415955	0.5816760659217834	0.5202610492706299	0.5197663903236389	0.0	0.2589948773384094	0.2323441207408905	0.2349030822515488	0.2464351058006287	0.1868757456541061	0.5170772671699524	0.5473835468292236	0.568130612373352	0.6075245141983032	0.6032646894454956	0.4704082012176514	0.6173193454742432	0.6596635580062866	0.6113667488098145	0.6330993175506592	0.7091529369354248	0.5821194648742676	0.5517135858535767	0.6243453621864319	0.7128008008003235	0.5076056122779846	0.5165150165557861	0.6841738224029541	0.7181885242462158	0.73453289270401	0.6941660642623901	0.6762139797210693	0.4768453240394592	0.4957818984985352	0.4992033839225769	0.6405079364776611	0.5510929822921753	0.4847566187381744	0.5401477217674255
NW045-2	0.6401383280754089	0.5965814590454102	0.8830910325050354	0.5137828588485718	0.4939568042755127	0.6916530132293701	0.6627101302146912	0.7606436014175415	0.6550275087356567	0.6859081983566284	0.4989814162254333	0.5041614770889282	0.5234018564224243	0.4821541905403137	0.5087559819221497	0.573617696762085	0.6920785903930664	0.6801629066467285	0.7089676856994629	0.5698527693748474	0.5970229506492615	0.6127366423606873	0.7168700695037842	0.5933682918548584	0.5299785137176514	0.632484495639801	0.7832612991333008	0.7305106520652771	0.6378212571144104	0.6636559367179871	0.7398697137832642	0.7063101530075073	0.7963656187057495	0.4916020035743713	0.5908464789390564	0.6368198990821838	0.5623599290847778	0.5894038677215576	0.6412909626960754	0.660650372505188	0.6239072680473328	0.6717273592948914	0.6884793043136597	0.5497077703475952	0.5514330267906189	0.5307086706161499	0.5276369452476501	0.6121969223022461	0.5825558304786682	0.5664632320404053	0.6293403506278992	0.5759761929512024	0.6705791354179382	0.6669796705245972	0.6761335134506226	0.6434063911437988	0.9277521967887878	0.6411854028701782	0.6259827017784119	0.7123789191246033	0.6384730339050293	0.673988401889801	0.7062552571296692	0.5179699063301086	0.5414868593215942	0.5429043173789978	0.5421919226646423	0.5614036321640015	0.5441640019416809	0.5960146188735962	0.6019188761711121	0.5127419233322144	0.6614418625831604	0.5605410933494568	0.7582775354385376	0.6917514801025391	0.6411135196685791	0.4998205304145813	0.6638973951339722	0.5836048126220703	0.6115179657936096	0.5252590179443359	0.6520758867263794	0.6094666123390198	0.6277480721473694	0.6603648066520691	0.6315546035766602	0.5653114914894104	0.691926121711731	0.7168196439743042	0.5390653014183044	0.5399991869926453	0.508032500743866	0.5420332551002502	0.5797523856163025	0.7125470042228699	0.6937860250473022	0.663431704044342	0.7904871702194214	0.6414165496826172	0.7141165733337402	0.6284170746803284	0.6443842649459839	0.6063235402107239	0.6547703742980957	0.7121474742889404	0.7317053079605103	0.6074917912483215	0.6432932019233704	0.7386431097984314	0.711517333984375	0.736548662185669	0.7717183232307434	0.7373971343040466	0.7634220123291016	0.5018683671951294	0.5061103105545044	0.5553023815155029	0.5234135389328003	0.6631046533584595	0.7058408260345459	0.8566946983337402	0.7440531253814697	0.757585883140564	0.779763400554657	0.7870913743972778	0.624337375164032	0.8973925113677979	0.7752079963684082	0.6010299324989319	0.764489471912384	0.7850224375724792	0.5569687485694885	0.5825320482254028	0.5648483633995056	0.629940927028656	0.5684030055999756	0.5575700998306274	0.7250280380249023	0.6140515208244324	0.6585041284561157	0.6088494062423706	0.702156662940979	0.6287919282913208	0.5608652234077454	0.5495626926422119	0.5784052610397339	0.543327808380127	0.6340409517288208	0.5993860363960266	0.6195737719535828	0.6085940003395081	0.527861475944519	0.5276129841804504	0.5352748036384583	0.4354636073112488	0.4793110489845276	0.5325829386711121	0.6361724138259888	0.6607041358947754	0.4908062815666199	0.6444090008735657	0.6349416375160217	0.5651913285255432	0.6631872057914734	0.5770965218544006	0.5643193125724792	0.5208114981651306	0.5575748682022095	0.2589948773384094	0.0	0.3289846181869507	0.2652388215065002	0.3832450211048126	0.3253499865531921	0.5083198547363281	0.5506525635719299	0.6153606176376343	0.6279608011245728	0.6583950519561768	0.5496456027030945	0.6144681572914124	0.5094920992851257	0.5327292084693909	0.4837916493415833	0.5702492594718933	0.5951316952705383	0.5743770599365234	0.6313016414642334	0.7496338486671448	0.5650284886360168	0.5357996225357056	0.6951024532318115	0.7176907062530518	0.7367035746574402	0.7098807692527771	0.7127085328102112	0.4992043077945709	0.5619316697120667	0.5399738550186157	0.6745202541351318	0.5775058269500732	0.5510976910591125	0.5487089157104492
NW045-3	0.508911669254303	0.4783913195133209	0.831285297870636	0.5964668393135071	0.5526998043060303	0.5913007259368896	0.5918012261390686	0.6134428381919861	0.6187134981155396	0.6204683780670166	0.4124100804328918	0.3304366171360016	0.3740646243095398	0.3588780462741852	0.3074758648872375	0.420356422662735	0.5099532604217529	0.5175547003746033	0.5451418161392212	0.42064169049263	0.5217917561531067	0.4584398865699768	0.5947800874710083	0.3948625028133392	0.4355756938457489	0.4956574440002441	0.7354375720024109	0.6778812408447266	0.4167344570159912	0.4520106911659241	0.5406280159950256	0.5031206011772156	0.6049696803092957	0.3358578979969025	0.3442680835723877	0.5210368037223816	0.3237913846969604	0.4145280718803406	0.4346297383308411	0.5156393051147461	0.4151448905467987	0.4748065769672394	0.4859963953495026	0.3974612057209015	0.4652223885059357	0.4325397312641144	0.4353861212730408	0.5014212131500244	0.4860691726207733	0.506214439868927	0.5527006387710571	0.5606160163879395	0.5887690782546997	0.5353413224220276	0.5244408249855042	0.5386269092559814	0.8240649104118347	0.5066729187965393	0.4344267845153809	0.5341340899467468	0.5515246391296387	0.4786324799060822	0.556600034236908	0.5439770221710205	0.5733528137207031	0.5403527617454529	0.5535771250724792	0.5297551155090332	0.5858972072601318	0.4771691262722015	0.4407694339752197	0.4771279394626617	0.4774644672870636	0.3385913968086243	0.8742619156837463	0.742813229560852	0.5945678949356079	0.4476177990436554	0.4552983045578003	0.4260217547416687	0.5807032585144043	0.491506040096283	0.5209489464759827	0.5823894739151001	0.5356415510177612	0.5243741273880005	0.5149113535881042	0.4190851151943207	0.5745915174484253	0.5392472147941589	0.3337525129318237	0.3583385944366455	0.3196544349193573	0.3698268830776215	0.4276257753372192	0.6622911095619202	0.643104612827301	0.6157665252685547	0.7519233226776123	0.5910196900367737	0.5815311670303345	0.5143665671348572	0.5079391002655029	0.4771817028522491	0.543056845664978	0.6828139424324036	0.7026023268699646	0.6854153275489807	0.6404209733009338	0.5785530209541321	0.5391390323638916	0.5685579180717468	0.6665531396865845	0.6381664872169495	0.5766080021858215	0.3723053932189941	0.3687848746776581	0.4538413286209106	0.455716460943222	0.5671839714050293	0.57999587059021	0.707535982131958	0.5705244541168213	0.5817281007766724	0.6128733158111572	0.616679310798645	0.441803365945816	0.7761547565460205	0.6765459179878235	0.5649186372756958	0.7272027134895325	0.6926136016845703	0.5546554923057556	0.6013049483299255	0.5688701868057251	0.6289480924606323	0.5068988800048828	0.5816064476966858	0.5735923051834106	0.4476007223129272	0.5143563747406006	0.4661079943180084	0.5544748902320862	0.5234932899475098	0.4350889623165131	0.3726183176040649	0.3873380422592163	0.3733008503913879	0.4914670884609222	0.430104523897171	0.4807899296283722	0.5233361124992371	0.4008601605892181	0.471953809261322	0.3880636394023895	0.4340437948703766	0.5250914692878723	0.5577805638313293	0.4461926519870758	0.6246436238288879	0.4746967852115631	0.5314972400665283	0.6480098366737366	0.4962425529956818	0.5697665214538574	0.460112988948822	0.4990376234054565	0.4046342670917511	0.4093863964080811	0.2323441207408905	0.3289846181869507	0.0	0.2173649072647095	0.4127956330776215	0.3127994537353516	0.4138344526290894	0.4500276446342468	0.5111909508705139	0.5342630743980408	0.4604502618312836	0.333377480506897	0.4827351570129395	0.5690537691116333	0.5228466987609863	0.5161667466163635	0.6045510768890381	0.5064448714256287	0.5244451761245728	0.6125478744506836	0.7190561890602112	0.4898166954517365	0.4866372346878052	0.5440399646759033	0.6003068089485168	0.619849443435669	0.5582818388938904	0.5452465415000916	0.3679482042789459	0.4003875255584717	0.4561876654624939	0.6196126341819763	0.5519859790802002	0.4651930928230286	0.4778183698654175
NW045-4-1	0.5927391052246094	0.5494394302368164	0.7630491852760315	0.6259245276451111	0.5841965079307556	0.6690170168876648	0.6515969038009644	0.7053567171096802	0.6706929206848145	0.6994845867156982	0.4817655086517334	0.4006864428520203	0.4532498121261597	0.4152112007141113	0.3672375679016113	0.4675466120243073	0.4923413693904877	0.4964334070682526	0.6502944827079773	0.5064387321472168	0.5992653965950012	0.5087931156158447	0.5764057040214539	0.4018584191799164	0.4974740743637085	0.5819087624549866	0.6635391116142273	0.5975912809371948	0.5472666621208191	0.5775915384292603	0.6730209589004517	0.6143280863761902	0.7224270105361938	0.4171245396137238	0.4612216651439667	0.6084182262420654	0.4220573008060455	0.3864494562149048	0.554011344909668	0.6091845631599426	0.5467071533203125	0.5888642072677612	0.6159974336624146	0.466166615486145	0.5642703175544739	0.5207806825637817	0.537294328212738	0.6060379147529602	0.5858431458473206	0.582008957862854	0.6372800469398499	0.6312310099601746	0.6796337366104126	0.6227286458015442	0.5402169227600098	0.6211109757423401	0.7798516750335693	0.6033936142921448	0.5472577214241028	0.6432275176048279	0.6450268626213074	0.6095420718193054	0.6519426107406616	0.6266855001449585	0.6569574475288391	0.5990827679634094	0.6450645327568054	0.6315730214118958	0.651070773601532	0.4237804412841797	0.4051792919635773	0.4718512892723083	0.4573913514614105	0.4548457562923431	0.9346592426300049	0.8036772608757019	0.6466464996337891	0.4996888637542725	0.4811497330665588	0.5240545272827148	0.655271053314209	0.5204156041145325	0.5986557602882385	0.6479838490486145	0.6215616464614868	0.5964561700820923	0.6114749908447266	0.5154967308044434	0.6544144153594971	0.6564311385154724	0.4022972583770752	0.4575839936733246	0.4014699459075928	0.4578742980957031	0.5289010405540466	0.5736786723136902	0.5657567977905273	0.5397096872329712	0.6630051732063293	0.5185947418212891	0.6547310948371887	0.587800145149231	0.5880144834518433	0.5473917722702026	0.5409033298492432	0.7646294236183167	0.7989271879196167	0.7386298179626465	0.7042614817619324	0.6789971590042114	0.6407924294471741	0.678274393081665	0.7413123846054077	0.7300342917442322	0.7029514908790588	0.4661438167095184	0.4510287046432495	0.5514844655990601	0.5474091172218323	0.646913468837738	0.526948094367981	0.8053014874458313	0.6792458295822144	0.6886489391326904	0.7177879214286804	0.726772129535675	0.5360486507415771	0.8616905808448792	0.7648904919624329	0.5553838014602661	0.6517601013183594	0.7604106664657593	0.6467272639274597	0.6900680065155029	0.6661807298660278	0.714270293712616	0.5782496929168701	0.6535847187042236	0.551216185092926	0.4869891107082367	0.508945107460022	0.5184563398361206	0.5301856398582458	0.6220318675041199	0.5379543900489807	0.4729772508144379	0.5044775009155273	0.4638805687427521	0.5681847929954529	0.5271234512329102	0.5593095421791077	0.5838879346847534	0.4351212680339813	0.5321326851844788	0.4786129593849182	0.4907599091529846	0.5568370819091797	0.6390330195426941	0.5541102886199951	0.6669630408287048	0.4932806491851807	0.5587641596794128	0.6603150367736816	0.5318687558174133	0.6174308061599731	0.5050108432769775	0.5142636299133301	0.4809235334396362	0.5026366114616394	0.2349030822515488	0.2652388215065002	0.2173649072647095	0.0	0.2788496315479279	0.2276691198348999	0.461763471364975	0.4833438992500305	0.4746883809566498	0.6014197468757629	0.5829614996910095	0.4244209825992584	0.5738649368286133	0.6222568154335022	0.5784065127372742	0.5851231217384338	0.6826594471931458	0.446972668170929	0.4609596431255341	0.510593593120575	0.6460827589035034	0.5244608521461487	0.4517354369163513	0.6462323069572449	0.6708971261978149	0.6787691116333008	0.654036283493042	0.6443068385124207	0.4178740978240967	0.3782025277614594	0.4079485833644867	0.5539160966873169	0.536129355430603	0.4678747653961182	0.5247879028320312
NW045-4-2	0.7858079671859741	0.7132386565208435	0.7065030336380005	0.7729254961013794	0.7416991591453552	0.8229830265045166	0.8047945499420166	0.8335893154144287	0.8185425400733948	0.8490073680877686	0.6984520554542542	0.6170859336853027	0.6753560900688171	0.6356152296066284	0.58152174949646	0.6414608359336853	0.5467289090156555	0.5484086871147156	0.803168773651123	0.6316196322441101	0.7778617739677429	0.60498046875	0.5671847462654114	0.5380622744560242	0.6143149733543396	0.7754702568054199	0.6148752570152283	0.5652019381523132	0.689380407333374	0.7202005982398987	0.8099419474601746	0.7466052174568176	0.8534468412399292	0.6069887280464172	0.5877810716629028	0.7856758832931519	0.5544069409370422	0.4660486578941345	0.7018262147903442	0.7426737546920776	0.6948801279067993	0.7249970436096191	0.7586728930473328	0.6644129753112793	0.7647848129272461	0.7120154500007629	0.7479405999183655	0.7996414303779602	0.7761842608451843	0.7625534534454346	0.8266133666038513	0.8314197063446045	0.8647239804267883	0.810245156288147	0.6736113429069519	0.8069408535957336	0.7438395619392395	0.8009383678436279	0.7513906359672546	0.8052816987037659	0.8240658640861511	0.7861384749412537	0.8186104893684387	0.835411548614502	0.8584262132644653	0.8020768761634827	0.8462446331977844	0.8358555436134338	0.8595830798149109	0.5475645661354065	0.5641615390777588	0.6359087228775024	0.5119014382362366	0.6199312210083008	1.072197079658508	0.9508271813392639	0.7851012349128723	0.6918751001358032	0.6090152263641357	0.7194705009460449	0.8513048887252808	0.7023060917854309	0.7916823029518127	0.845068633556366	0.8152549862861633	0.7384847402572632	0.8111709356307983	0.7180659174919128	0.8341982364654541	0.7798966765403748	0.5874290466308594	0.6395253539085388	0.5352495908737183	0.6423882842063904	0.7287901043891907	0.567295491695404	0.5528795719146729	0.5265382528305054	0.6537073850631714	0.5009737610816956	0.7822155952453613	0.6881025433540344	0.7035692930221558	0.6493616104125977	0.630845308303833	0.9266454577445984	0.9691128134727478	0.8887929320335388	0.8705756068229675	0.8110551238059998	0.7854522466659546	0.8120691776275635	0.8937510848045349	0.8789028525352478	0.8302568197250366	0.6719383597373962	0.6486626863479614	0.7571396231651306	0.7505296468734741	0.8364442586898804	0.5379713773727417	0.8982175588607788	0.7863680124282837	0.7962881326675415	0.8205603957176208	0.8316062688827515	0.6479666233062744	1.012943983078003	0.9256376028060913	0.6846616864204407	0.609862208366394	0.9177161455154419	0.8236023187637329	0.8612120151519775	0.8298629522323608	0.8731048107147217	0.750421404838562	0.8289423584938049	0.621951162815094	0.6334723234176636	0.6423689723014832	0.6870566010475159	0.6122459769248962	0.817191481590271	0.7375160455703735	0.6599471569061279	0.6908121109008789	0.6399722695350647	0.7349511981010437	0.676055908203125	0.7281294465065002	0.7608867883682251	0.6381773948669434	0.6814043521881104	0.6475010514259338	0.6528842449188232	0.7156633734703064	0.8276739716529846	0.7041051983833313	0.8209282159805298	0.6644812226295471	0.7268205881118774	0.8173093795776367	0.6805738210678101	0.7334601879119873	0.6288213729858398	0.6732259392738342	0.621854305267334	0.7036342620849609	0.2464351058006287	0.3832450211048126	0.4127956330776215	0.2788496315479279	0.0	0.1655316203832626	0.669999361038208	0.6919260621070862	0.5787076950073242	0.7837434411048889	0.7635670900344849	0.5889158248901367	0.7884938716888428	0.7870252132415771	0.7288661599159241	0.7594901919364929	0.8435962796211243	0.5474609732627869	0.5997810959815979	0.635595977306366	0.6780704855918884	0.6632297039031982	0.6195558905601501	0.8397289514541626	0.8549297451972961	0.859212338924408	0.8482421040534973	0.8460374474525452	0.6126188635826111	0.473357617855072	0.549813449382782	0.555311918258667	0.680785059928894	0.5930713415145874	0.7006612420082092
NW045-5	0.7108258605003357	0.6319469213485718	0.7509180307388306	0.7055318355560303	0.676357626914978	0.7454159259796143	0.7308144569396973	0.7445276379585266	0.7359820008277893	0.7715983986854553	0.6190089583396912	0.5269137620925903	0.5844689607620239	0.5422452688217163	0.4831661880016327	0.5516692996025085	0.5258628726005554	0.4998582005500793	0.7377986907958984	0.5889922380447388	0.7054380774497986	0.5736482739448547	0.5513038635253906	0.4715943038463593	0.5657273530960083	0.6962711215019226	0.6495760083198547	0.5925285220146179	0.6204683780670166	0.6482080817222595	0.7225921750068665	0.6901866793632507	0.7924755811691284	0.5404796004295349	0.5237088203430176	0.7292279005050659	0.4847902655601501	0.434321254491806	0.6192257404327393	0.6658079028129578	0.6050201654434204	0.6442012786865234	0.6759281754493713	0.5791254639625549	0.6598193645477295	0.5991454124450684	0.6447605490684509	0.6908944249153137	0.6723521947860718	0.68757563829422	0.7425612807273865	0.7452002167701721	0.782599151134491	0.7269493937492371	0.5927424430847168	0.7270486354827881	0.7679792642593384	0.7181433439254761	0.6665401458740234	0.7204304337501526	0.7452192306518555	0.6999461650848389	0.734746515750885	0.7359818816184998	0.7649135589599609	0.7179152369499207	0.7533119320869446	0.7422618865966797	0.7671350240707397	0.5041993260383606	0.5065572261810303	0.5797111988067627	0.4905728399753571	0.5589165687561035	1.000841975212097	0.8727646470069885	0.7015153169631958	0.608764111995697	0.5263763666152954	0.624157726764679	0.7631258368492126	0.6270283460617065	0.6982109546661377	0.7490085959434509	0.721896767616272	0.6490413546562195	0.7047284841537476	0.6167550683021545	0.7439723610877991	0.6842736005783081	0.4950067698955536	0.5504758358001709	0.4508694112300873	0.5494228601455688	0.6422924995422363	0.5999380946159363	0.591550350189209	0.5627538561820984	0.6901848316192627	0.5381107926368713	0.7118309736251831	0.6390988826751709	0.6390160322189331	0.6130547523498535	0.5938175320625305	0.8375473022460938	0.8713038563728333	0.8059760332107544	0.7946678996086121	0.7272900342941284	0.7032535076141357	0.7298723459243774	0.808140218257904	0.8030197620391846	0.7390778660774231	0.5682111978530884	0.5454397797584534	0.6503778696060181	0.6488940119743347	0.7332999110221863	0.5465928316116333	0.8466414213180542	0.724652886390686	0.7326869964599609	0.7661517262458801	0.7709074020385742	0.582198977470398	0.9385852813720703	0.8437347412109375	0.6355251669883728	0.6483145952224731	0.8389435410499573	0.7437195181846619	0.7960646748542786	0.760212242603302	0.8136154413223267	0.6951485276222229	0.7583286762237549	0.5635300874710083	0.5486575365066528	0.5663397312164307	0.6050729155540466	0.5532940626144409	0.7259095311164856	0.6443649530410767	0.5647481083869934	0.5919989347457886	0.5437078475952148	0.6401535868644714	0.5822182893753052	0.6335272192955017	0.6647565960884094	0.5449274182319641	0.6073180437088013	0.5605270862579346	0.5696617364883423	0.6376532316207886	0.7403298020362854	0.6084378361701965	0.7295787930488586	0.5842774510383606	0.6520018577575684	0.7457188963890076	0.6121517419815063	0.6725985407829285	0.5717064738273621	0.6047641038894653	0.548321008682251	0.6032074689865112	0.1868757456541061	0.3253499865531921	0.3127994537353516	0.2276691198348999	0.1655316203832626	0.0	0.5841359496116638	0.6012465357780457	0.4908855259418488	0.7006607055664062	0.6724367737770081	0.5269182324409485	0.6932311058044434	0.7069413661956787	0.644879162311554	0.676978588104248	0.7590411901473999	0.4978582561016083	0.5446462631225586	0.5860753059387207	0.6395555734634399	0.5923974514007568	0.5525161623954773	0.7357715368270874	0.747862696647644	0.7538606524467468	0.7356128692626953	0.7375989556312561	0.5137854814529419	0.392010360956192	0.4783695638179779	0.5274642705917358	0.6034538149833679	0.5229663848876953	0.619938313961029
NW046-1	0.4596680998802185	0.4153042435646057	0.8079717755317688	0.5632545948028564	0.5163407325744629	0.5276756882667542	0.5210001468658447	0.5867436528205872	0.5251284241676331	0.5313577651977539	0.4335299730300903	0.3948566317558289	0.4276776313781738	0.3762494027614594	0.3446905612945557	0.311413586139679	0.5083190202713013	0.4730397164821625	0.5850348472595215	0.4647360742092133	0.5081885457038879	0.5105416774749756	0.6188535690307617	0.4505133628845215	0.5490431189537048	0.447407603263855	0.7869903445243835	0.724197268486023	0.5396625399589539	0.5617305636405945	0.6258684396743774	0.5993534326553345	0.6813769340515137	0.4121553003787994	0.3997136056423187	0.561938464641571	0.4523250758647919	0.4931938350200653	0.4331766963005066	0.5974412560462952	0.4783919453620911	0.5384523272514343	0.5567007064819336	0.4464523792266846	0.4252696931362152	0.4011774361133575	0.4483754634857178	0.4941677153110504	0.4594771265983582	0.4795689582824707	0.5181367993354797	0.4745262861251831	0.5857963562011719	0.5492519736289978	0.5283904075622559	0.498676985502243	0.792549729347229	0.5076720714569092	0.458497017621994	0.565751314163208	0.5367773771286011	0.5131089687347412	0.556563675403595	0.444684624671936	0.4779743254184723	0.4403319358825684	0.4740423560142517	0.4498871266841888	0.4796836674213409	0.4391226172447205	0.4546937942504883	0.441398948431015	0.5034897923469543	0.4271589517593384	0.8755903244018555	0.7689615488052368	0.6473144292831421	0.4435940682888031	0.4865614175796509	0.4077268838882446	0.5478768944740295	0.4714245498180389	0.4658955037593842	0.4886227250099182	0.448569267988205	0.5010775923728943	0.4118533134460449	0.3322104513645172	0.5135630369186401	0.5198140740394592	0.4328474104404449	0.4747830629348755	0.4838882982730865	0.5005562901496887	0.5029921531677246	0.7115718722343445	0.6932207942008972	0.6643479466438293	0.7963107824325562	0.6351434588432312	0.6867409348487854	0.6248619556427002	0.6275046467781067	0.5985307693481445	0.6571266651153564	0.6363525390625	0.663221001625061	0.639198899269104	0.6260642409324646	0.6811357736587524	0.6307148933410645	0.6087270379066467	0.7204551696777344	0.5968685150146484	0.6052203178405762	0.3928166031837463	0.3445613980293274	0.372410923242569	0.364550918340683	0.4647594094276428	0.5857203006744385	0.7789400219917297	0.5752645134925842	0.6015690565109253	0.6239293813705444	0.6210042238235474	0.4563515186309814	0.7981011867523193	0.6675379872322083	0.609183669090271	0.7826671004295349	0.7207536697387695	0.5851001739501953	0.6344373226165771	0.588936448097229	0.6485138535499573	0.5289179086685181	0.6041090488433838	0.4445307552814484	0.319035679101944	0.3555098474025726	0.3226909041404724	0.3989829123020172	0.5209639668464661	0.4130773842334747	0.3972544372081757	0.4328925609588623	0.4048058688640594	0.4966894388198853	0.4290308356285095	0.4420420527458191	0.410540372133255	0.3775578737258911	0.4665991365909576	0.4538820683956146	0.4249776899814606	0.4155798852443695	0.5226884484291077	0.4696614146232605	0.5689328908920288	0.4391591548919678	0.4750854074954987	0.5718459486961365	0.4745939075946808	0.619863748550415	0.4703293442726135	0.5286644101142883	0.4738904535770416	0.3711468875408173	0.5170772671699524	0.5083198547363281	0.4138344526290894	0.461763471364975	0.669999361038208	0.5841359496116638	0.0	0.1634675562381744	0.5337097644805908	0.5272970795631409	0.5333175659179688	0.4212543666362762	0.4725391566753387	0.5204179883003235	0.4705658257007599	0.4574383795261383	0.537466824054718	0.4067630469799042	0.5810378193855286	0.6332811117172241	0.7617643475532532	0.552078127861023	0.5235881805419922	0.4580526947975159	0.4907233715057373	0.5033793449401855	0.4935628175735474	0.5140359997749329	0.375593900680542	0.4597767889499664	0.5305041074752808	0.6566315293312073	0.5649130344390869	0.5519187450408936	0.5496085286140442
NW046-5	0.4443109035491943	0.3900615572929382	0.7859436273574829	0.6217013597488403	0.5750175714492798	0.5131309032440186	0.4952400922775269	0.4940674304962158	0.480923980474472	0.5159802436828613	0.4854296147823334	0.3996153473854065	0.4612922668457031	0.4147515296936035	0.3852388858795166	0.372748851776123	0.5445080995559692	0.4981720149517059	0.5853849053382874	0.4632080793380737	0.5367900133132935	0.5257768630981445	0.6201143264770508	0.4945752620697021	0.5588845014572144	0.4361566305160522	0.8094464540481567	0.7485854625701904	0.539892315864563	0.557854950428009	0.6259375810623169	0.5928436517715454	0.6747598052024841	0.4236296415328979	0.4311450719833374	0.5844741463661194	0.4779722392559052	0.5173019170761108	0.4297456443309784	0.6164206266403198	0.4988947212696075	0.5459969639778137	0.5688138604164124	0.4584331810474396	0.4407402873039246	0.4460253715515137	0.4902296364307404	0.537562370300293	0.5059255361557007	0.5201433897018433	0.5705483555793762	0.4983890950679779	0.6360180974006653	0.5708736181259155	0.5085810422897339	0.4967637658119202	0.7698072791099548	0.5325072407722473	0.4687210321426392	0.5674318075180054	0.5730142593383789	0.4987103044986725	0.5276634097099304	0.4686962068080902	0.5054770112037659	0.4609992504119873	0.4971691370010376	0.4787521660327911	0.500216007232666	0.5032105445861816	0.4922525882720947	0.5173921585083008	0.530607283115387	0.4347866177558899	0.9146952629089355	0.8090677261352539	0.6456423401832581	0.488873153924942	0.5139034390449524	0.4356275200843811	0.6029967069625854	0.500697135925293	0.4307750463485718	0.4821232259273529	0.4474784135818481	0.4667129814624786	0.4140098392963409	0.3205209672451019	0.4925081729888916	0.4875746369361877	0.4683356285095215	0.4817569255828857	0.5189688801765442	0.5037254095077515	0.5414370894432068	0.7379379272460938	0.7189695835113525	0.6887941360473633	0.8203060626983643	0.6600043177604675	0.6750516295433044	0.6201371550559998	0.6155624389648438	0.5987480878829956	0.6722098588943481	0.6299431920051575	0.658085286617279	0.6378195285797119	0.6184627413749695	0.6831837296485901	0.632323145866394	0.5711492300033569	0.7349355816841125	0.5982346534729004	0.5966044068336487	0.4227759838104248	0.3311155140399933	0.4157864153385162	0.4229526519775391	0.4617219567298889	0.5790372490882874	0.7737765312194824	0.552733838558197	0.609642744064331	0.6205435991287231	0.6218176484107971	0.469673752784729	0.8058242201805115	0.7117202281951904	0.6559182405471802	0.8036646842956543	0.750131368637085	0.6355184316635132	0.6868442893028259	0.6425484418869019	0.700898289680481	0.5759106278419495	0.6495904922485352	0.4321718513965607	0.3133185505867004	0.3251191377639771	0.2974495589733124	0.374799519777298	0.5710323452949524	0.4661246240139008	0.4018343687057495	0.4461227059364319	0.4076610803604126	0.5065510272979736	0.4401443302631378	0.4549859166145325	0.4574841558933258	0.3976176977157593	0.4943456947803497	0.4687959551811218	0.4720881581306458	0.422109067440033	0.568270206451416	0.4780482649803162	0.5577896237373352	0.4283269047737122	0.4451891779899597	0.566038966178894	0.4631278812885284	0.6260582208633423	0.4483500123023987	0.5290578603744507	0.4797443151473999	0.332984983921051	0.5473835468292236	0.5506525635719299	0.4500276446342468	0.4833438992500305	0.6919260621070862	0.6012465357780457	0.1634675562381744	0.0	0.5079162120819092	0.5099101066589355	0.5393150448799133	0.458570659160614	0.5303523540496826	0.5486093759536743	0.4830615222454071	0.4880920350551605	0.5701565146446228	0.4021401703357697	0.6180909276008606	0.6604746580123901	0.7894313335418701	0.5923525094985962	0.5678261518478394	0.4342857003211975	0.4547554552555084	0.4593065977096558	0.4495850205421448	0.467504620552063	0.3865423798561096	0.4874715209007263	0.5610184073448181	0.6843925714492798	0.602666974067688	0.5840759873390198	0.5621852874755859
NW047-4	0.5979564785957336	0.455463707447052	0.4661144316196442	0.6934620141983032	0.6863930225372314	0.7172926068305969	0.6777841448783875	0.624824047088623	0.662299394607544	0.7313086986541748	0.6087849736213684	0.5026763677597046	0.5762268900871277	0.5400559902191162	0.4749015271663666	0.5125861167907715	0.5371556282043457	0.5147624015808105	0.7455939650535583	0.5903682708740234	0.7015325427055359	0.5835055708885193	0.5949721932411194	0.4508596360683441	0.4873699843883514	0.5964711308479309	0.6015778183937073	0.5341271758079529	0.635063111782074	0.658043622970581	0.7178077101707458	0.7034746408462524	0.7943130731582642	0.5414403080940247	0.4971114695072174	0.7415479421615601	0.4765450358390808	0.4523279368877411	0.5186264514923096	0.664075493812561	0.5763283371925354	0.6072383522987366	0.6550089120864868	0.5583420395851135	0.5508332848548889	0.5166619420051575	0.6011602878570557	0.6557368636131287	0.620905876159668	0.6469202637672424	0.7043304443359375	0.6487687826156616	0.7927498817443848	0.6714944243431091	0.3484119474887848	0.5562528967857361	0.5913077592849731	0.6838219165802002	0.619713544845581	0.6827545762062073	0.7051783800125122	0.6257782578468323	0.6534441709518433	0.635159969329834	0.6761468052864075	0.6022784113883972	0.6502736806869507	0.6534931063652039	0.6204696893692017	0.524064838886261	0.5059027075767517	0.5804239511489868	0.4869544804096222	0.5227079391479492	0.9141536951065063	0.7673966884613037	0.6047618985176086	0.4747734665870667	0.4844270646572113	0.5593034029006958	0.721345841884613	0.5029544830322266	0.7182729244232178	0.7710334062576294	0.7379000186920166	0.3872510194778442	0.5534512400627136	0.4425332844257355	0.6069191694259644	0.4851696789264679	0.4708068370819092	0.5534446239471436	0.4077928364276886	0.5639567375183105	0.6384901404380798	0.5505893230438232	0.5308734178543091	0.5099467039108276	0.6378806829452515	0.5232871770858765	0.7210704684257507	0.5944014191627502	0.633622407913208	0.6001685857772827	0.5045040845870972	0.8363707065582275	0.8649100661277771	0.7986259460449219	0.7889963984489441	0.7188753485679626	0.6940339207649231	0.5748046040534973	0.803652286529541	0.6809027791023254	0.6879270076751709	0.5985155701637268	0.5145618319511414	0.6446466445922852	0.6085429787635803	0.5006735324859619	0.3667558133602142	0.8595446944236755	0.607074499130249	0.66429203748703	0.6669908761978149	0.6748984456062317	0.5072620511054993	0.9348711967468262	0.8298264145851135	0.5284867286682129	0.5833216905593872	0.838481068611145	0.7717951536178589	0.8091059327125549	0.7755627036094666	0.8247796297073364	0.7060198187828064	0.7792328000068665	0.4867016971111298	0.4804516732692719	0.4660850763320923	0.4360582828521729	0.4580490589141846	0.7056670784950256	0.602316677570343	0.50861656665802	0.5693817138671875	0.4956873059272766	0.6269581913948059	0.5461587309837341	0.602399468421936	0.6122502684593201	0.5224789381027222	0.5343725085258484	0.5682058334350586	0.5252853035926819	0.441768616437912	0.7155208587646484	0.586743175983429	0.7601888179779053	0.6111361384391785	0.6654900908470154	0.7786151766777039	0.5269297361373901	0.6705430746078491	0.497387021780014	0.6059519648551941	0.5214752554893494	0.4953194856643677	0.568130612373352	0.6153606176376343	0.5111909508705139	0.4746883809566498	0.5787076950073242	0.4908855259418488	0.5337097644805908	0.5079162120819092	0.0	0.5203909873962402	0.6298022270202637	0.5005480647087097	0.6626601815223694	0.6352477073669434	0.5376107692718506	0.5969940423965454	0.6983655691146851	0.4044386148452759	0.4811546206474304	0.526639461517334	0.6022875308990479	0.5166511535644531	0.4906028509140015	0.7238108515739441	0.7392779588699341	0.7362499833106995	0.7234794497489929	0.738957405090332	0.5484429001808167	0.4389349520206451	0.395645797252655	0.4866796135902405	0.5455175042152405	0.4449160695075989	0.5372650027275085
NW047-5	0.3442378640174866	0.460279643535614	0.8740878105163574	0.697605550289154	0.6735039949417114	0.4549557268619537	0.4180525839328766	0.4902725517749786	0.4074245393276215	0.4560224413871765	0.3874644041061401	0.4797902703285217	0.4079796075820923	0.4452296495437622	0.5186258554458618	0.5725908875465393	0.7814444303512573	0.7519956827163696	0.3755632936954498	0.4998912215232849	0.4112577438354492	0.6006914377212524	0.7585636377334595	0.6419292688369751	0.4236401319503784	0.3379229009151459	0.8906274437904358	0.8428119421005249	0.602500855922699	0.5890897512435913	0.5354133248329163	0.6036688685417175	0.583085834980011	0.5017796754837036	0.5544991493225098	0.3429928421974182	0.5371275544166565	0.6338937282562256	0.4121357202529907	0.3181323409080505	0.4092666804790497	0.4248804748058319	0.4135259985923767	0.3672762811183929	0.3289794325828552	0.4488303363323212	0.3940161168575287	0.4180917739868164	0.4501560032367706	0.3137732446193695	0.3029334247112274	0.4427168369293213	0.3903971314430237	0.2604601681232452	0.5561753511428833	0.1970389038324356	0.886035680770874	0.3598417937755585	0.3839337527751923	0.4312109649181366	0.4233098924160004	0.3437992334365845	0.3828151822090149	0.4491846859455109	0.4316614270210266	0.4776951670646667	0.4022101759910583	0.3712142109870911	0.4713231325149536	0.6923109889030457	0.6631833910942078	0.6871157288551331	0.7166425585746765	0.4632720947265625	0.6731305122375488	0.5999574065208435	0.6225029826164246	0.4900915026664734	0.6818590760231018	0.394130676984787	0.3537158966064453	0.5609243512153625	0.3883078098297119	0.5359102487564087	0.4630348384380341	0.4314848184585571	0.2747781872749329	0.3497026860713959	0.2641374170780182	0.3604772686958313	0.514071524143219	0.4336190223693848	0.5128297209739685	0.4245937168598175	0.3432538211345673	0.8188999891281128	0.7656403183937073	0.7385240197181702	0.9005833268165588	0.7102989554405212	0.5377722382545471	0.5533788800239563	0.610561192035675	0.6026756763458252	0.714044451713562	0.5695085525512695	0.5576198101043701	0.5681164860725403	0.4952812194824219	0.4854656457901001	0.4600823521614075	0.388043999671936	0.5132208466529846	0.4041325151920319	0.470274955034256	0.4145297110080719	0.4414451420307159	0.4013440310955048	0.3883340358734131	0.3462554812431335	0.670183539390564	0.6157919764518738	0.4014899432659149	0.437783271074295	0.4098041951656342	0.4174690842628479	0.4708076417446136	0.637389600276947	0.5239399671554565	0.6312941312789917	0.8688278794288635	0.5403941869735718	0.4908684492111206	0.5207470059394836	0.5008469223976135	0.5117922425270081	0.4375729262828827	0.4960726797580719	0.6964766383171082	0.6117305755615234	0.6298656463623047	0.5619343519210815	0.6766481399536133	0.3631526529788971	0.296011209487915	0.3548830151557922	0.3442497551441193	0.3693751096725464	0.5276074409484863	0.5626072287559509	0.5081925392150879	0.5134586691856384	0.5038332343101501	0.4121629595756531	0.4546103179454803	0.4674977660179138	0.4914552569389343	0.4640933871269226	0.4373950958251953	0.560484766960144	0.5454316735267639	0.5802211165428162	0.5696130990982056	0.5318717956542969	0.5915830731391907	0.5517935156822205	0.530962347984314	0.5636166334152222	0.3212757110595703	0.6075245141983032	0.6279608011245728	0.5342630743980408	0.6014197468757629	0.7837434411048889	0.7006607055664062	0.5272970795631409	0.5099101066589355	0.5203909873962402	0.0	0.3790924549102783	0.505126416683197	0.3601432144641876	0.3938051164150238	0.3597575426101685	0.4713287651538849	0.4425213038921356	0.5909302830696106	0.6985118389129639	0.7620023488998413	0.8783684372901917	0.6169699430465698	0.6355606317520142	0.4855738878250122	0.5472398996353149	0.56270432472229	0.5065261125564575	0.4719923734664917	0.5324692130088806	0.594558835029602	0.6482241749763489	0.794125497341156	0.6583576202392578	0.6345176100730896	0.4536442756652832
NW048-1	0.3547421097755432	0.5162322521209717	0.9534952044487	0.7040656208992004	0.619419515132904	0.3541138768196106	0.4015447795391083	0.4515129327774048	0.4332349896430969	0.4089469611644745	0.3108142018318176	0.3421897888183594	0.2878331243991852	0.3584976196289062	0.404387503862381	0.5344545841217041	0.66608726978302	0.6827634572982788	0.3880676329135895	0.4976688623428345	0.3517464101314545	0.6058785319328308	0.7301598787307739	0.5325091481208801	0.4913756847381592	0.3640516400337219	0.9060921669006348	0.8452157974243164	0.4565410315990448	0.4352975487709045	0.3970583081245422	0.4840634167194366	0.4626801013946533	0.4710427224636078	0.4493577182292938	0.3926268815994263	0.4428272843360901	0.5425857305526733	0.3524850010871887	0.3779832124710083	0.3621051013469696	0.3359020948410034	0.3168517649173737	0.3994313478469849	0.3833852708339691	0.4527444839477539	0.4109312295913696	0.4075979590415955	0.4505157172679901	0.4259224534034729	0.3649898767471313	0.4527633488178253	0.4121111631393433	0.3390259742736816	0.602202296257019	0.3352343440055847	0.9218592047691345	0.2735601365566254	0.2633051872253418	0.2942778766155243	0.316312700510025	0.2546534538269043	0.313656359910965	0.4582655131816864	0.4558458924293518	0.4792940616607666	0.4282909333705902	0.3952374160289764	0.4907582104206085	0.6260708570480347	0.5678877234458923	0.6080107092857361	0.5967233180999756	0.3862558901309967	0.6858137845993042	0.6012765169143677	0.6286373138427734	0.5405415892601013	0.6051810383796692	0.3779959678649902	0.4055913686752319	0.592899739742279	0.4156845808029175	0.4972564280033112	0.4375585913658142	0.5173723101615906	0.3316809833049774	0.4255306422710419	0.3276165425777435	0.3598808646202087	0.4361051917076111	0.3330810368061066	0.4357809126377106	0.3438505530357361	0.2850041091442108	0.8443568348884583	0.7931903004646301	0.7640325427055359	0.9273972511291504	0.7276574373245239	0.4827530682086945	0.4844778478145599	0.5437723398208618	0.5310282707214355	0.6561163067817688	0.486748069524765	0.4342675805091858	0.5097246170043945	0.3939986526966095	0.3744304180145264	0.3632169961929321	0.365243136882782	0.4494637846946716	0.395600289106369	0.3821688890457153	0.3739185631275177	0.4144963026046753	0.3731365203857422	0.3816482126712799	0.4412963390350342	0.7216504216194153	0.6060341596603394	0.451056569814682	0.4719610810279846	0.4553259611129761	0.4495961368083954	0.469666063785553	0.597862720489502	0.4937743842601776	0.670659065246582	0.891299843788147	0.5205998420715332	0.3855072259902954	0.4555313587188721	0.408699244260788	0.4465407729148865	0.3704128265380859	0.4256502389907837	0.6794635057449341	0.5675608515739441	0.6170943975448608	0.5585448145866394	0.6781303286552429	0.3304643332958221	0.2730533480644226	0.2845121920108795	0.2795898020267487	0.305132269859314	0.3991272449493408	0.4267542958259583	0.4190231561660767	0.4502058029174805	0.4177039861679077	0.3750708103179932	0.3988999128341675	0.4367867708206177	0.5491023063659668	0.3758065402507782	0.3354266881942749	0.511916995048523	0.5001270174980164	0.5147455334663391	0.5367425084114075	0.4586828052997589	0.4767215549945831	0.4955249428749084	0.4381164610385895	0.4267103970050812	0.3952933549880981	0.6032646894454956	0.6583950519561768	0.4604502618312836	0.5829614996910095	0.7635670900344849	0.6724367737770081	0.5333175659179688	0.5393150448799133	0.6298022270202637	0.3790924549102783	0.0	0.3212772309780121	0.2442436069250107	0.4487185478210449	0.4529872536659241	0.5090948939323425	0.4206523597240448	0.6459027528762817	0.6463871598243713	0.7291927933692932	0.8479610681533813	0.6279468536376953	0.6023042798042297	0.3946572840213776	0.4779303371906281	0.4870486557483673	0.4362944960594177	0.3827916085720062	0.4344632923603058	0.4999855160713196	0.6156600117683411	0.7847427129745483	0.7034654021263123	0.6378504037857056	0.5127196907997131
NW048-5-1	0.449225902557373	0.4377073049545288	0.8044160604476929	0.6430070996284485	0.5815147757530212	0.531586229801178	0.5487038493156433	0.5991751551628113	0.5953965783119202	0.5724377632141113	0.3663566112518311	0.2732830345630646	0.2960815727710724	0.3082173764705658	0.2347482740879059	0.3985298573970795	0.4583803415298462	0.4944613873958588	0.5190659761428833	0.3988185524940491	0.4949770271778107	0.4443479180335999	0.5715858340263367	0.3344882130622864	0.40716552734375	0.4512480199337006	0.7451446652412415	0.6654163599014282	0.3926912546157837	0.4160598516464233	0.5053707361221313	0.4820251762866974	0.5569716691970825	0.3439924716949463	0.2878393232822418	0.5099570155143738	0.2885961830615997	0.3355401456356049	0.3880161046981812	0.4922380745410919	0.378447413444519	0.4135715961456299	0.4372588992118835	0.3631235063076019	0.4581998586654663	0.4019643068313599	0.4179063737392426	0.4965045154094696	0.4625431895256042	0.4979938268661499	0.4896522760391235	0.5486233234405518	0.5485082864761353	0.4755655229091644	0.4805095195770264	0.4753807187080383	0.784939169883728	0.4375589489936829	0.3634376525878906	0.4647151231765747	0.4847652614116669	0.4169926345348358	0.4900998473167419	0.5417290925979614	0.5706784725189209	0.5382248759269714	0.5375438928604126	0.5110160708427429	0.5712730884552002	0.421049028635025	0.3739067912101746	0.4143083691596985	0.3928650915622711	0.2740165293216705	0.8360909223556519	0.7396289706230164	0.5999048948287964	0.4847773909568787	0.4138767719268799	0.3606862127780914	0.54616779088974	0.4872077107429504	0.5009761452674866	0.5711081027984619	0.5204119682312012	0.4728399813175201	0.4828087389469147	0.3954821228981018	0.501460611820221	0.4844244420528412	0.2935870885848999	0.331157922744751	0.294709175825119	0.370532363653183	0.396026998758316	0.6657758951187134	0.6163340210914612	0.5909004211425781	0.753328800201416	0.5598157644271851	0.5607390999794006	0.4792881011962891	0.5062731504440308	0.4509758949279785	0.5236056447029114	0.6141624450683594	0.6219099164009094	0.6123096942901611	0.5717913508415222	0.5221946239471436	0.4940424859523773	0.5220974087715149	0.6120847463607788	0.5645754337310791	0.5357563495635986	0.391082763671875	0.3785395622253418	0.4357930421829224	0.4455976486206055	0.5361441373825073	0.5714810490608215	0.6820318698883057	0.5292288064956665	0.537722647190094	0.5646341443061829	0.5786136984825134	0.3802967071533203	0.7354286313056946	0.6235745549201965	0.541986882686615	0.719332218170166	0.6560425162315369	0.5437870025634766	0.5887963771820068	0.5617456436157227	0.6019517779350281	0.4730392396450043	0.5653204321861267	0.5491791367530823	0.4344907104969025	0.4882497787475586	0.4400548934936523	0.5309388637542725	0.4964742660522461	0.4110982716083527	0.3328468501567841	0.3565692007541656	0.3309368789196014	0.4428523778915405	0.401263564825058	0.4544676840305328	0.483863353729248	0.3314065933227539	0.4404009282588959	0.3968116343021393	0.4182427525520325	0.5179708003997803	0.4855247735977173	0.3789425194263458	0.6043718457221985	0.4413087964057922	0.4944192171096802	0.6277145147323608	0.5160545110702515	0.5888370275497437	0.4683195054531097	0.5166634321212769	0.3935813903808594	0.4435177147388458	0.4704082012176514	0.5496456027030945	0.333377480506897	0.4244209825992584	0.5889158248901367	0.5269182324409485	0.4212543666362762	0.458570659160614	0.5005480647087097	0.505126416683197	0.3212772309780121	0.0	0.3343124687671661	0.56267249584198	0.5480877161026001	0.5101258158683777	0.5881535410881042	0.5170921087265015	0.5311554670333862	0.6214895248413086	0.7310446500778198	0.4982997179031372	0.4831252098083496	0.4993291795253754	0.5521029233932495	0.5616790056228638	0.5274695158004761	0.5180507302284241	0.3458895981311798	0.3134183287620544	0.4624141156673431	0.6300895810127258	0.5782754421234131	0.4883584380149841	0.5011944770812988
NW048-5-2	0.3258573710918427	0.4883029460906982	0.9689598083496094	0.6502470970153809	0.5952176451683044	0.3691491484642029	0.3879788219928741	0.523909866809845	0.4235964119434357	0.4035869538784027	0.2555271685123444	0.3436639606952667	0.2404275685548782	0.3077186346054077	0.3444985449314117	0.4724055528640747	0.6338205337524414	0.6432583332061768	0.4083405137062073	0.485847532749176	0.3237176835536957	0.5859093070030212	0.7406564950942993	0.4877106249332428	0.4618865251541138	0.3117785751819611	0.9252018332481384	0.8508172631263733	0.4862624704837799	0.4723649322986603	0.4202070236206055	0.5116677284240723	0.4965358376502991	0.4599735140800476	0.4777661561965942	0.3571451604366302	0.4622913002967834	0.5341219305992126	0.4064837694168091	0.4021067917346954	0.3659180700778961	0.3945362567901611	0.3722427785396576	0.3802552819252014	0.3616186678409576	0.408696174621582	0.3693969249725342	0.3795936107635498	0.4060795605182648	0.3561420142650604	0.3140539526939392	0.4264251589775085	0.3669357299804688	0.3242778480052948	0.6465351581573486	0.3146213591098785	0.9439769983291626	0.2813451290130615	0.2662990391254425	0.3306504786014557	0.3058632016181946	0.2924046516418457	0.3402180373668671	0.4416097402572632	0.4153875708580017	0.4436807036399841	0.3867749273777008	0.354095071554184	0.4714549481868744	0.5247777700424194	0.4886668622493744	0.4973423480987549	0.5668754577636719	0.3540912270545959	0.6496447920799255	0.5676124691963196	0.614547073841095	0.4834068417549133	0.5876163840293884	0.3403758704662323	0.3723176419734955	0.5567487478256226	0.3762291371822357	0.4460938274860382	0.3867706060409546	0.5710130333900452	0.3249588012695312	0.4152790606021881	0.3642823100090027	0.4331934452056885	0.4410523176193237	0.3433232009410858	0.4596667587757111	0.3785233497619629	0.2739076912403107	0.860131025314331	0.8111353516578674	0.7830821871757507	0.9463338851928711	0.7477750182151794	0.4940060079097748	0.4904589653015137	0.5531082153320312	0.5417357683181763	0.6524049043655396	0.4641126692295074	0.4344236254692078	0.4830660223960876	0.3909153640270233	0.403536468744278	0.3689504861831665	0.3878173232078552	0.4450902342796326	0.3719510138034821	0.4369432330131531	0.3442290127277374	0.4201756119728088	0.3163014948368073	0.3376975655555725	0.4316642284393311	0.7323833107948303	0.6345891356468201	0.5074622631072998	0.514275312423706	0.5162464380264282	0.5176681280136108	0.5127518177032471	0.6201047301292419	0.4793127775192261	0.6245584487915039	0.904259204864502	0.5180956721305847	0.3567440509796143	0.4032857418060303	0.3741631209850311	0.4212697148323059	0.3214525580406189	0.389951765537262	0.6731117963790894	0.5598809719085693	0.6111505627632141	0.5548859238624573	0.6633518934249878	0.2983357906341553	0.2199482619762421	0.3001844882965088	0.2864362597465515	0.3269166350364685	0.4662711322307587	0.4940429329872131	0.447705090045929	0.4317236244678497	0.4298637211322784	0.3711213171482086	0.3812430799007416	0.3772522211074829	0.4924187958240509	0.3624184131622314	0.3648441135883331	0.4802689850330353	0.4443961977958679	0.5212981104850769	0.5069341063499451	0.5571372509002686	0.5900494456291199	0.6025736331939697	0.5463176369667053	0.5092381834983826	0.3855180740356445	0.6173193454742432	0.6144681572914124	0.4827351570129395	0.5738649368286133	0.7884938716888428	0.6932311058044434	0.4725391566753387	0.5303523540496826	0.6626601815223694	0.3601432144641876	0.2442436069250107	0.3343124687671661	0.0	0.427983820438385	0.417089968919754	0.4649615585803986	0.4037658870220184	0.6019682884216309	0.6718358993530273	0.7352330684661865	0.8624963164329529	0.6255890130996704	0.5961737632751465	0.3788808882236481	0.4525224566459656	0.4670107960700989	0.4359943568706512	0.4046437740325928	0.4491822123527527	0.5268324613571167	0.6165648698806763	0.7933468818664551	0.6678402423858643	0.6336749792098999	0.4629442989826202
NW049-1	0.3777990937232971	0.5159560441970825	0.916577935218811	0.4760136306285858	0.4470170140266418	0.3657731711864471	0.36104816198349	0.5108959078788757	0.3493986427783966	0.3622165322303772	0.3222908675670624	0.4487113058567047	0.4229654669761658	0.4514960050582886	0.5339460968971252	0.5552430748939514	0.7291386723518372	0.7386033535003662	0.47235506772995	0.5812907814979553	0.3455087542533875	0.6755159497261047	0.7535600066184998	0.6217889189720154	0.5734787583351135	0.3747298121452332	0.8952460289001465	0.8306393623352051	0.5233273506164551	0.4973499774932861	0.4752357006072998	0.5424938201904297	0.5354778170585632	0.510138750076294	0.5473947525024414	0.485568106174469	0.5266956090927124	0.6123557686805725	0.4450754225254059	0.4557665884494781	0.4779880940914154	0.456657886505127	0.4527786374092102	0.4958141446113586	0.321893036365509	0.4323222041130066	0.398532897233963	0.4117982983589172	0.4471525251865387	0.4517435431480408	0.4516147971153259	0.4368480443954468	0.4694341421127319	0.4738516807556152	0.656443178653717	0.3804304301738739	0.9158363938331604	0.3704316318035126	0.3780210316181183	0.422920823097229	0.3625800311565399	0.3756521642208099	0.3781661093235016	0.3662309944629669	0.377174973487854	0.4354777634143829	0.3652939796447754	0.3705142736434937	0.3860662281513214	0.6105388402938843	0.6006069183349609	0.5123302936553955	0.6764031648635864	0.5201071500778198	0.5148013234138489	0.5053156018257141	0.6013296842575073	0.5223549604415894	0.6802758574485779	0.4317542910575867	0.4209868311882019	0.5961211919784546	0.5184462666511536	0.4978858828544617	0.4893693327903748	0.5620364546775818	0.3466506600379944	0.4705488383769989	0.3808913230895996	0.4171691536903381	0.5135486125946045	0.422026515007019	0.521344780921936	0.4067229926586151	0.3771586716175079	0.8176048398017883	0.7634707093238831	0.7320122718811035	0.8970744013786316	0.7087453603744507	0.500336766242981	0.4929840862751007	0.5640943050384521	0.5422482490539551	0.6883435845375061	0.5373477339744568	0.4963796734809875	0.4652606844902039	0.4892218708992004	0.453365296125412	0.4351802468299866	0.37735715508461	0.4930001199245453	0.3876081109046936	0.4398913681507111	0.4462683200836182	0.466818630695343	0.43128302693367	0.3764165937900543	0.4464796185493469	0.667966902256012	0.6333861947059631	0.4239590167999268	0.4948706924915314	0.4459079205989838	0.4569966793060303	0.4577250480651855	0.6647417545318604	0.531174898147583	0.6292352676391602	0.8707293272018433	0.549435555934906	0.3019222021102905	0.3566544651985168	0.3209082186222076	0.3640346527099609	0.342833936214447	0.3098618984222412	0.7128919959068298	0.612565279006958	0.6538933515548706	0.6164355278015137	0.6871207356452942	0.3658450841903687	0.3114592730998993	0.3660195767879486	0.3690665364265442	0.3592634201049805	0.5432565808296204	0.5757291913032532	0.5234256386756897	0.5229549407958984	0.5508140325546265	0.3840996623039246	0.4320845305919647	0.3786703944206238	0.4608517289161682	0.3490378558635712	0.416175365447998	0.5131387710571289	0.4420473873615265	0.5754382014274597	0.5018365979194641	0.5343994498252869	0.5951328277587891	0.5529696941375732	0.5373854637145996	0.5740021467208862	0.4140024483203888	0.6596635580062866	0.5094920992851257	0.5690537691116333	0.6222568154335022	0.7870252132415771	0.7069413661956787	0.5204179883003235	0.5486093759536743	0.6352477073669434	0.3938051164150238	0.4487185478210449	0.56267249584198	0.427983820438385	0.0	0.1790820509195328	0.1612726002931595	0.1721170395612717	0.5162601470947266	0.6950985193252563	0.7429488301277161	0.8725082278251648	0.6555956602096558	0.6514802575111389	0.5337574481964111	0.5856736898422241	0.5988224148750305	0.5557236075401306	0.5244991779327393	0.5055070519447327	0.5552800297737122	0.6664256453514099	0.7940903902053833	0.7044423818588257	0.6748767495155334	0.5533990859985352
NW049-2	0.3143260478973389	0.4447623491287231	0.8181825280189514	0.5118189454078674	0.5101426839828491	0.3768565654754639	0.3680824935436249	0.4731761515140533	0.3153778612613678	0.3692427575588226	0.3051052093505859	0.4328350722789764	0.3996235728263855	0.4306168854236603	0.4987140893936157	0.5149584412574768	0.6954231858253479	0.6880232691764832	0.4415625929832458	0.5334315299987793	0.3256312608718872	0.6260431408882141	0.7094497084617615	0.5670506954193115	0.5011531710624695	0.3120125532150269	0.8167222142219543	0.7495377063751221	0.4854359030723572	0.4592848718166351	0.4306972920894623	0.4820781648159027	0.5140596032142639	0.4745100438594818	0.521700918674469	0.4764238297939301	0.4978843331336975	0.5859196782112122	0.3898794054985046	0.4404042363166809	0.4364268779754639	0.3981057703495026	0.4174048602581024	0.4668032228946686	0.2745201587677002	0.402684211730957	0.3795616626739502	0.3855455815792084	0.4191229939460754	0.4322106242179871	0.4464888572692871	0.4217762649059296	0.4378887116909027	0.4655622541904449	0.5903767943382263	0.3431141078472137	0.8472078442573547	0.3491107821464539	0.3588795959949493	0.3979760706424713	0.3417108356952667	0.3522061109542847	0.3372190892696381	0.4053329825401306	0.4307694435119629	0.4019598960876465	0.3989022672176361	0.3768284916877747	0.4436838924884796	0.5670677423477173	0.5612589120864868	0.5163627862930298	0.6340577006340027	0.491712212562561	0.5783679485321045	0.4741683602333069	0.5361859798431396	0.4562797844409943	0.6354928016662598	0.3990557491779327	0.4296509325504303	0.5316933393478394	0.5100999474525452	0.509604811668396	0.4819008409976959	0.4954150915145874	0.3032926917076111	0.4010033905506134	0.3345462083816528	0.334374874830246	0.492039680480957	0.397166907787323	0.4569809138774872	0.3843546807765961	0.369129091501236	0.7443872094154358	0.7028895020484924	0.6735844612121582	0.8318848013877869	0.6477392911911011	0.4305996894836426	0.388442724943161	0.4729870855808258	0.4506941437721252	0.6093868017196655	0.5518179535865784	0.524132490158081	0.5203637480735779	0.4749909043312073	0.4157364666461945	0.4049385786056519	0.3164407312870026	0.4578793942928314	0.3352101147174835	0.3974308669567108	0.3995325267314911	0.4218929708003998	0.4029048085212708	0.3460081517696381	0.3898067474365234	0.5926453471183777	0.6326782703399658	0.3913043141365051	0.4797849655151367	0.4321973919868469	0.4432014524936676	0.4278747141361237	0.6358524560928345	0.5079207420349121	0.5636441707611084	0.8001701831817627	0.523112416267395	0.3870170116424561	0.4629730880260468	0.4077202379703522	0.4087347984313965	0.3686432242393494	0.4175487756729126	0.6330363154411316	0.5551649332046509	0.5760600566864014	0.5377705693244934	0.6102094650268555	0.3471810221672058	0.2961830794811249	0.3240800797939301	0.3344533741474152	0.3212439715862274	0.5130161046981812	0.5351548790931702	0.4773566424846649	0.4798709154129028	0.5158182382583618	0.3118619918823242	0.383476048707962	0.3208016753196716	0.3820396363735199	0.4606817662715912	0.3614239990711212	0.5085216164588928	0.420771598815918	0.5452026724815369	0.5083520412445068	0.4650886058807373	0.5515543222427368	0.4872472882270813	0.4809683561325073	0.5067049860954285	0.3365297615528107	0.6113667488098145	0.5327292084693909	0.5228466987609863	0.5784065127372742	0.7288661599159241	0.644879162311554	0.4705658257007599	0.4830615222454071	0.5376107692718506	0.3597575426101685	0.4529872536659241	0.5480877161026001	0.417089968919754	0.1790820509195328	0.0	0.2662724852561951	0.2147167026996613	0.4462765157222748	0.6288174986839294	0.6697078943252563	0.8027423024177551	0.5826941132545471	0.5747926235198975	0.517501711845398	0.5737466216087341	0.585386335849762	0.5455029606819153	0.5139983296394348	0.4705691337585449	0.5386326909065247	0.5916379690170288	0.7132174372673035	0.632294774055481	0.6000139117240906	0.4733532071113586
NW049-3	0.4461104273796082	0.4691378474235535	0.8925704956054688	0.412649542093277	0.3794964253902435	0.4397682249546051	0.4178816378116608	0.5478252172470093	0.4261229038238525	0.4282003045082092	0.3431556820869446	0.3810454308986664	0.3838306963443756	0.3935375213623047	0.4606865346431732	0.5003802180290222	0.6322149634361267	0.6832120418548584	0.5545768141746521	0.5451289415359497	0.4110632538795471	0.6338657140731812	0.695303201675415	0.5493565797805786	0.5654680132865906	0.4361603558063507	0.8624156713485718	0.7954639792442322	0.4679002165794373	0.4613065123558044	0.5048438310623169	0.5210008025169373	0.5745589137077332	0.440786212682724	0.4626175165176392	0.5480838418006897	0.4595333933830261	0.5295870900154114	0.4287055730819702	0.5587155818939209	0.4549889266490936	0.5039962530136108	0.5168614387512207	0.4297603666782379	0.3361257612705231	0.3584932684898376	0.3597694635391235	0.4394235610961914	0.396762877702713	0.4990909993648529	0.4936105608940125	0.4493120908737183	0.5473125576972961	0.5245301723480225	0.5994506478309631	0.4439128339290619	0.8590508699417114	0.4445720911026001	0.4301710426807404	0.4993528723716736	0.4226798713207245	0.4516136348247528	0.4604254364967346	0.3681763112545013	0.3937447071075439	0.4145966470241547	0.3849682509899139	0.3942190110683441	0.3761644065380096	0.5133427977561951	0.5001140236854553	0.4196688234806061	0.5654122829437256	0.437502384185791	0.6197505593299866	0.6165161728858948	0.6231374740600586	0.504486620426178	0.5974956750869751	0.3766284584999084	0.4934585094451904	0.5832238793373108	0.553831160068512	0.5211793184280396	0.5187340378761292	0.5577683448791504	0.407987117767334	0.4229902029037476	0.4670633375644684	0.4788537919521332	0.4395098686218262	0.3967462480068207	0.4727911949157715	0.4164436459541321	0.4562505185604095	0.77208411693573	0.722123920917511	0.7040959596633911	0.85451340675354	0.6794470548629761	0.5767333507537842	0.517425000667572	0.566299557685852	0.5504825115203857	0.6658897399902344	0.5788097977638245	0.5834887623786926	0.5239889621734619	0.581807017326355	0.5367526412010193	0.4978092312812805	0.4743870198726654	0.5843845009803772	0.4741449952125549	0.506165623664856	0.4194736480712891	0.422944188117981	0.4519971013069153	0.3878143131732941	0.4853673279285431	0.6242629885673523	0.685747504234314	0.4864886999130249	0.537125825881958	0.5413182973861694	0.5468209981918335	0.4382866024971008	0.7449429631233215	0.6066548824310303	0.612111508846283	0.8411332368850708	0.6508467197418213	0.3723219037055969	0.3691533505916595	0.3748279809951782	0.4508348405361176	0.3923990726470947	0.3655161261558533	0.6477904319763184	0.5450598001480103	0.5863370895385742	0.5558041334152222	0.6183608174324036	0.4477332532405853	0.35025754570961	0.3285366892814636	0.3680975139141083	0.3333780169487	0.4932352900505066	0.5044137239456177	0.4868514239788055	0.4786335229873657	0.4920458197593689	0.4118698835372925	0.4213466048240662	0.3551006019115448	0.4370172619819641	0.3656505346298218	0.459898442029953	0.5548393726348877	0.3986747562885284	0.5252594351768494	0.5527406930923462	0.4976935088634491	0.6266089677810669	0.5026386976242065	0.5281280279159546	0.5385252833366394	0.4323441088199615	0.6330993175506592	0.4837916493415833	0.5161667466163635	0.5851231217384338	0.7594901919364929	0.676978588104248	0.4574383795261383	0.4880920350551605	0.5969940423965454	0.4713287651538849	0.5090948939323425	0.5101258158683777	0.4649615585803986	0.1612726002931595	0.2662724852561951	0.0	0.2452453672885895	0.4282383918762207	0.6711899638175964	0.7166777849197388	0.8504257798194885	0.645845353603363	0.6262959241867065	0.5495622754096985	0.5980166792869568	0.6123606562614441	0.5688146352767944	0.5512732863426208	0.4489269554615021	0.4912435114383698	0.6372011303901672	0.7699338793754578	0.680812418460846	0.6480302810668945	0.5542814135551453
NW049-4	0.3600576519966125	0.5415593385696411	0.9696986675262451	0.5292357206344604	0.4670560359954834	0.3320998549461365	0.3313366770744324	0.4799330830574036	0.3281430900096893	0.3136089742183685	0.3623946011066437	0.4717032313346863	0.426671177148819	0.4532546699047089	0.5324002504348755	0.5802493095397949	0.7546253800392151	0.7658419013023376	0.4236128330230713	0.6024812459945679	0.3122992813587189	0.7006933093070984	0.7695311903953552	0.6329231858253479	0.6199027895927429	0.3774687945842743	0.9424141049385071	0.8754658102989197	0.5423033237457275	0.5033731460571289	0.4335341155529022	0.5391769409179688	0.5144935846328735	0.5645405054092407	0.5737013816833496	0.4685680270195007	0.5639584064483643	0.6492065191268921	0.4284663200378418	0.4645384848117828	0.4614675343036652	0.4229752421379089	0.3745555579662323	0.5363360643386841	0.3464933037757874	0.4413311183452606	0.4221037030220032	0.4129564464092255	0.4515836238861084	0.4582186341285706	0.4175059497356415	0.4309466481208801	0.402900904417038	0.4410534501075745	0.6946544647216797	0.3767806887626648	0.9510660767555237	0.3141895234584808	0.370428740978241	0.3320766091346741	0.2758140861988068	0.3318846225738525	0.296787291765213	0.3554814457893372	0.3537499010562897	0.4275750517845154	0.333740621805191	0.33440300822258	0.3931866884231567	0.6359151601791382	0.6032872200012207	0.5239080786705017	0.7108833193778992	0.5575307011604309	0.5345176458358765	0.5034334659576416	0.678423285484314	0.5977215766906738	0.6975022554397583	0.442015528678894	0.3931721448898315	0.6686543226242065	0.4855805933475494	0.4776003658771515	0.4605944454669952	0.5992786288261414	0.3389169871807098	0.4629548490047455	0.3317807614803314	0.3825929760932922	0.5295827388763428	0.4657884538173676	0.5918771028518677	0.4778369665145874	0.4134865999221802	0.8680891990661621	0.8167741894721985	0.7867441177368164	0.9520671963691711	0.7586185336112976	0.5007531046867371	0.4927515983581543	0.5819502472877502	0.5742567777633667	0.730530321598053	0.4814384579658508	0.4394904375076294	0.4395677447319031	0.4524729251861572	0.3912311792373657	0.4023468792438507	0.3542037904262543	0.4374195337295532	0.3390267491340637	0.3517084717750549	0.47338005900383	0.4981277287006378	0.4391323029994965	0.3881432414054871	0.4597503542900085	0.7173638939857483	0.6426796317100525	0.4839080274105072	0.5466410517692566	0.4823212027549744	0.4773903787136078	0.5197315216064453	0.6214710474014282	0.5007650256156921	0.703140914440155	0.9227383732795715	0.5390602350234985	0.24863500893116	0.3243881165981293	0.2664960622787476	0.2994400858879089	0.3487693667411804	0.2947904467582703	0.7149631381034851	0.6192498207092285	0.6547064781188965	0.6207278966903687	0.6960017681121826	0.3321638405323029	0.330466628074646	0.3707517087459564	0.3993498682975769	0.3894680440425873	0.5424550771713257	0.5706854462623596	0.5131191611289978	0.5139227509498596	0.539893388748169	0.4131912589073181	0.467268168926239	0.4121122360229492	0.4743563234806061	0.328658789396286	0.3815718293190002	0.4628134071826935	0.4489119350910187	0.5656327605247498	0.465053915977478	0.5709238648414612	0.6348521113395691	0.5963644981384277	0.5747830271720886	0.6132819652557373	0.4398406147956848	0.7091529369354248	0.5702492594718933	0.6045510768890381	0.6826594471931458	0.8435962796211243	0.7590411901473999	0.537466824054718	0.5701565146446228	0.6983655691146851	0.4425213038921356	0.4206523597240448	0.5881535410881042	0.4037658870220184	0.1721170395612717	0.2147167026996613	0.2452453672885895	0.0	0.5400100946426392	0.7137583494186401	0.751984715461731	0.8814399242401123	0.6873098611831665	0.6657308340072632	0.4577348530292511	0.5284125804901123	0.5406061410903931	0.5070463418960571	0.4681807458400726	0.5143841505050659	0.6034862995147705	0.7048127055168152	0.8413743376731873	0.7445002198219299	0.7325184345245361	0.5840381979942322
NW049-5	0.538266658782959	0.4404311776161194	0.6372758746147156	0.5713393688201904	0.5296249389648438	0.5907008051872253	0.573204755783081	0.5902029871940613	0.5816182494163513	0.6101471781730652	0.5298638939857483	0.4402872920036316	0.4970786869525909	0.4419674873352051	0.4209725856781006	0.4349068999290466	0.3911908268928528	0.4506760239601135	0.692044734954834	0.5543161630630493	0.5794259309768677	0.5518959760665894	0.4906822443008423	0.4296874105930328	0.6205721497535706	0.5320243835449219	0.6505376100540161	0.5606532096862793	0.543399453163147	0.5639814138412476	0.6312165260314941	0.6102298498153687	0.7096396088600159	0.4705243706703186	0.4721203744411469	0.6728248596191406	0.4552654623985291	0.39201819896698	0.5245277285575867	0.6986209750175476	0.5684806704521179	0.6263936758041382	0.645677924156189	0.5285053253173828	0.4989277422428131	0.4377720654010773	0.5358844995498657	0.5885065793991089	0.5547175407409668	0.6443876624107361	0.674219012260437	0.548954963684082	0.7181285619735718	0.6667046546936035	0.4625728130340576	0.5409728288650513	0.5911397337913513	0.5967468023300171	0.5646930932998657	0.6296523213386536	0.6123493909835815	0.5841759443283081	0.5869612097740173	0.5437494516372681	0.5789073705673218	0.5112047791481018	0.5597165822982788	0.5706398487091064	0.5734270215034485	0.3069932460784912	0.3560801446437836	0.4109455049037933	0.3659616410732269	0.4806894063949585	0.9455355405807495	0.8375198245048523	0.6961063146591187	0.5647556781768799	0.4499832987785339	0.5044167637825012	0.7146735787391663	0.6048597097396851	0.6394954323768616	0.6660057306289673	0.6411078572273254	0.5630910396575928	0.5242916345596313	0.4238899648189545	0.5888873338699341	0.5554676651954651	0.4308969974517822	0.5129943490028381	0.478201687335968	0.5535827875137329	0.5944497585296631	0.5790278911590576	0.5636656284332275	0.537173330783844	0.6685183048248291	0.5090601444244385	0.6880821585655212	0.6217709183692932	0.6073258519172668	0.5794154405593872	0.5807667374610901	0.7782813906669617	0.8121778964996338	0.778782844543457	0.7841562628746033	0.6891308426856995	0.6318552494049072	0.5748853087425232	0.7379321455955505	0.5935702919960022	0.6385891437530518	0.5147978067398071	0.4543455243110657	0.5736457109451294	0.5464971661567688	0.5501947402954102	0.3685589730739594	0.8118101954460144	0.6141048073768616	0.6689515709877014	0.6778351664543152	0.6835929155349731	0.4930039048194885	0.8593658804893494	0.7410786151885986	0.5927945971488953	0.6400135159492493	0.7754462361335754	0.650033712387085	0.6933233141899109	0.6621478796005249	0.7151044011116028	0.591850996017456	0.6651576161384583	0.3824765086174011	0.405116468667984	0.3770253360271454	0.4334788024425507	0.3570127785205841	0.6206326484680176	0.5001076459884644	0.4515913724899292	0.5066784620285034	0.4415211081504822	0.5675569176673889	0.5103414058685303	0.5501921772956848	0.5499035120010376	0.4835534691810608	0.5358991026878357	0.5234302878379822	0.5188636183738708	0.4981674551963806	0.6500504016876221	0.5633436441421509	0.6532317996025085	0.4926551282405853	0.5640923976898193	0.6687337160110474	0.520309567451477	0.6732667088508606	0.4594512581825256	0.5884369611740112	0.5622962713241577	0.48344886302948	0.5821194648742676	0.5951316952705383	0.5064448714256287	0.446972668170929	0.5474609732627869	0.4978582561016083	0.4067630469799042	0.4021401703357697	0.4044386148452759	0.5909302830696106	0.6459027528762817	0.5170921087265015	0.6019682884216309	0.5162601470947266	0.4462765157222748	0.4282383918762207	0.5400100946426392	0.0	0.5461763739585876	0.5692533850669861	0.6724628210067749	0.6140086054801941	0.5470798015594482	0.6604224443435669	0.6708306074142456	0.6725234389305115	0.6699405908584595	0.6821803450584412	0.4342081248760223	0.3671405911445618	0.5139333605766296	0.5679625272750854	0.6255971789360046	0.5764525532722473	0.6405212879180908
NW050-1	0.6809516549110413	0.6499391794204712	0.5458868741989136	0.6673234701156616	0.6196805834770203	0.6714612245559692	0.6597974300384521	0.6855739951133728	0.6663672924041748	0.7054769396781921	0.6054394841194153	0.5091776251792908	0.5501581430435181	0.4970059990882874	0.4676813185214996	0.5648229718208313	0.5750948786735535	0.6036099791526794	0.7194785475730896	0.5853363871574402	0.6377342939376831	0.5972195267677307	0.6525812745094299	0.4903132617473602	0.4564315974712372	0.6847401261329651	0.4090000092983246	0.5014805197715759	0.6483388543128967	0.6627073884010315	0.7214605808258057	0.718187153339386	0.802878737449646	0.5515362620353699	0.5506281852722168	0.7289417386054993	0.5355571508407593	0.5235268473625183	0.6029954552650452	0.6792020797729492	0.582772433757782	0.6043026447296143	0.674349308013916	0.5896338224411011	0.6466060280799866	0.6023294925689697	0.631018340587616	0.6498332619667053	0.6383137106895447	0.6648516654968262	0.7202194929122925	0.7058041095733643	0.7675107717514038	0.7151992917060852	0.6269882917404175	0.7216324806213379	0.8568400144577026	0.6901349425315857	0.6466454267501831	0.6891514658927917	0.7157939076423645	0.6457495093345642	0.6930530667304993	0.6712135076522827	0.6978213787078857	0.6678497791290283	0.7079954743385315	0.6967436671257019	0.7006871104240417	0.551371157169342	0.5074974894523621	0.5740889310836792	0.5793215036392212	0.5781826376914978	0.9275320768356323	0.6727093458175659	0.382932722568512	0.4130547642707825	0.5859397649765015	0.6194934248924255	0.7363677620887756	0.3290335237979889	0.6824188232421875	0.7438907623291016	0.7121326327323914	0.5976776480674744	0.6583068370819092	0.574042797088623	0.7030026316642761	0.6646949052810669	0.5000336766242981	0.5767529606819153	0.4640722870826721	0.5704494118690491	0.6436812877655029	0.4762696325778961	0.4882959127426147	0.4401611983776093	0.3867653608322144	0.4929011166095734	0.7426825165748596	0.6245102882385254	0.6715261936187744	0.6216094493865967	0.4006280899047852	0.7990729808807373	0.8220086097717285	0.735544741153717	0.71454918384552	0.7248344421386719	0.7169142365455627	0.7048825621604919	0.7959880232810974	0.7858467102050781	0.7605416774749756	0.5872565507888794	0.5723235607147217	0.6472063660621643	0.6505135297775269	0.7265527844429016	0.6132127642631531	0.8837488293647766	0.770962655544281	0.7844626307487488	0.8064005374908447	0.8171411156654358	0.635691225528717	0.9610809087753296	0.8587748408317566	0.3443228304386139	0.3693230748176575	0.8602741956710815	0.7100446820259094	0.7544910311698914	0.7183412909507751	0.7785971164703369	0.6679512858390808	0.7552897930145264	0.6348409652709961	0.5625070333480835	0.5881970524787903	0.5983907580375671	0.6268499493598938	0.7091003656387329	0.630533754825592	0.5320830345153809	0.5723097324371338	0.5498690605163574	0.6114118695259094	0.5390909314155579	0.5930165648460388	0.6199476718902588	0.4774190783500671	0.5513983368873596	0.5672910809516907	0.5380366444587708	0.5397657155990601	0.6708257794380188	0.6200239062309265	0.6981118321418762	0.5277583003044128	0.6044219732284546	0.6989316344261169	0.5363953709602356	0.6513217687606812	0.5324700474739075	0.5896119475364685	0.5085961222648621	0.5920410752296448	0.5517135858535767	0.5743770599365234	0.5244451761245728	0.4609596431255341	0.5997810959815979	0.5446462631225586	0.5810378193855286	0.6180909276008606	0.4811546206474304	0.6985118389129639	0.6463871598243713	0.5311554670333862	0.6718358993530273	0.6950985193252563	0.6288174986839294	0.6711899638175964	0.7137583494186401	0.5461763739585876	0.0	0.1129516437649727	0.2785500288009644	0.1842570453882217	0.1118450909852982	0.7176279425621033	0.7621365785598755	0.7637708187103271	0.7530311942100525	0.744904637336731	0.4361523687839508	0.46139857172966	0.1907014548778534	0.2770146727561951	0.2686251401901245	0.1990041732788086	0.3211799561977386
NW050-2	0.7405497431755066	0.6965423226356506	0.5732427835464478	0.6981700658798218	0.6463561654090881	0.7091414332389832	0.694841742515564	0.7166824340820312	0.682388961315155	0.7420680522918701	0.6763169765472412	0.5787516236305237	0.6216498613357544	0.5660488605499268	0.5500109791755676	0.6080971956253052	0.6247742772102356	0.645488977432251	0.7960323691368103	0.6650778651237488	0.6966835856437683	0.6632869839668274	0.682623028755188	0.5542815327644348	0.5363669395446777	0.7472213506698608	0.399405300617218	0.5274063348770142	0.7056561708450317	0.7229132652282715	0.7834479808807373	0.7730990052223206	0.8580354452133179	0.6067571043968201	0.6177722811698914	0.7901700735092163	0.6001056432723999	0.5692687034606934	0.686982274055481	0.7587664723396301	0.6641169190406799	0.6786288619041443	0.7580571174621582	0.6753580570220947	0.710548996925354	0.6476958394050598	0.6961681842803955	0.706320583820343	0.6909080743789673	0.7245985269546509	0.7810362577438354	0.758929431438446	0.8266367316246033	0.7769421935081482	0.6969245076179504	0.7828466892242432	0.8834680914878845	0.7508993744850159	0.7130255103111267	0.7343084216117859	0.7632257342338562	0.726154088973999	0.7271902561187744	0.712336003780365	0.7487281560897827	0.7202173471450806	0.7648045420646667	0.7542360424995422	0.742812991142273	0.5734602212905884	0.5369296073913574	0.6109106540679932	0.6288825273513794	0.6682054400444031	0.9612634181976318	0.707807719707489	0.3446902930736542	0.4781682193279266	0.6361424326896667	0.6725716590881348	0.7972279191017151	0.3920845985412598	0.7419151663780212	0.8050970435142517	0.7717692852020264	0.6570978164672852	0.7193813323974609	0.6356837153434753	0.7596696019172668	0.7217522263526917	0.5470972061157227	0.6303619146347046	0.5308684706687927	0.6345433592796326	0.7086334228515625	0.5066235065460205	0.5197281241416931	0.4715569317340851	0.4043734073638916	0.5223517417907715	0.7974411845207214	0.6776061654090881	0.7309997081756592	0.6822943091392517	0.4480810165405273	0.8379228115081787	0.8543946743011475	0.7669121026992798	0.7602207064628601	0.7806819677352905	0.7649949789047241	0.761397659778595	0.8328718543052673	0.8214947581291199	0.8131371140480042	0.6469554305076599	0.6285005807876587	0.7040083408355713	0.7063387036323547	0.7831305861473083	0.652759850025177	0.9422664642333984	0.8303457498550415	0.8415035009384155	0.8658651113510132	0.8749889731407166	0.6938408017158508	0.9917603731155396	0.8915383219718933	0.3795933723449707	0.3308207094669342	0.8936342000961304	0.7512394785881042	0.80002760887146	0.7613222599029541	0.8213428854942322	0.7159146070480347	0.79841548204422	0.6632640957832336	0.6229367852210999	0.6294643878936768	0.6641423106193542	0.6503522396087646	0.7721328139305115	0.6940662264823914	0.6068050265312195	0.6474618911743164	0.6134830117225647	0.6549298763275146	0.5922983288764954	0.6161338686943054	0.644304096698761	0.5215198397636414	0.5881897807121277	0.6070408821105957	0.581412136554718	0.5821391344070435	0.7154174447059631	0.6750484108924866	0.7323945164680481	0.5609390139579773	0.632272481918335	0.7259902358055115	0.5998274087905884	0.7149612307548523	0.5917593836784363	0.6434271931648254	0.5882806181907654	0.6559751033782959	0.6243453621864319	0.6313016414642334	0.6125478744506836	0.510593593120575	0.635595977306366	0.5860753059387207	0.6332811117172241	0.6604746580123901	0.526639461517334	0.7620023488998413	0.7291927933692932	0.6214895248413086	0.7352330684661865	0.7429488301277161	0.6697078943252563	0.7166777849197388	0.751984715461731	0.5692533850669861	0.1129516437649727	0.0	0.2430481910705566	0.203504353761673	0.1710935682058334	0.7731167674064636	0.8087954521179199	0.8067879676818848	0.8074174523353577	0.8062748312950134	0.4881526827812195	0.5209603309631348	0.2669394314289093	0.2725358605384827	0.2503067851066589	0.2749108970165253	0.3855254948139191
NW050-3	0.8582858443260193	0.8093048930168152	0.6001731157302856	0.8277928829193115	0.7947371006011963	0.8699281215667725	0.8550370335578918	0.8734865784645081	0.8566344380378723	0.888984739780426	0.8081018924713135	0.7157851457595825	0.7569717764854431	0.7109653949737549	0.6698789000511169	0.7398111820220947	0.6992785930633545	0.7110833525657654	0.8892937898635864	0.7640476226806641	0.8336058855056763	0.7561658024787903	0.712838888168335	0.6664629578590393	0.6394891142845154	0.8661482930183411	0.4366883635520935	0.5987769365310669	0.8251235485076904	0.840114951133728	0.8926534652709961	0.8888353109359741	0.9699668288230896	0.7453911304473877	0.7355273365974426	0.906055748462677	0.7199533581733704	0.6540108919143677	0.8007862567901611	0.8579776287078857	0.7738001346588135	0.8210219144821167	0.8593473434448242	0.7875932455062866	0.8341047763824463	0.7769911885261536	0.8218669891357422	0.8468849062919617	0.8300120830535889	0.8428497314453125	0.9077238440513611	0.8965615630149841	0.9468047618865967	0.8963741064071655	0.7977807521820068	0.9019791483879089	0.9146425127983093	0.8711115121841431	0.832756757736206	0.8586685657501221	0.8856433033943176	0.8343407511711121	0.8671210408210754	0.8823785781860352	0.9062745571136475	0.8615178465843201	0.8977276086807251	0.8885515928268433	0.9102752208709717	0.6759532690048218	0.6684492230415344	0.7482892274856567	0.7076459527015686	0.7758249640464783	1.079791188240051	0.8263304829597473	0.4487582445144653	0.5974809527397156	0.7469639778137207	0.8033625483512878	0.9155420064926147	0.5113757848739624	0.8634786605834961	0.9227026104927063	0.8915533423423767	0.8073725700378418	0.8558828234672546	0.7711986303329468	0.8875854015350342	0.848802387714386	0.6850768327713013	0.7606330513954163	0.6470292210578918	0.7564309239387512	0.840852677822113	0.5917139053344727	0.6080688834190369	0.5583778619766235	0.4901390671730042	0.6102001667022705	0.9016318917274475	0.7895283102989197	0.8392579555511475	0.7922993898391724	0.560213565826416	0.9711623787879944	1.009434819221497	0.9204592108726501	0.9184913039207458	0.8846904039382935	0.8834092617034912	0.8662724494934082	0.9559535980224609	0.9452940821647644	0.9170426726341248	0.7666558027267456	0.7482163310050964	0.824600338935852	0.8258633017539978	0.9010175466537476	0.7207027077674866	1.03869104385376	0.9362442493438721	0.9483026266098022	0.9699886441230774	0.9782400131225586	0.8097015619277954	1.11510157585144	1.015564203262329	0.5034665465354919	0.2865515351295471	1.02151894569397	0.8909744620323181	0.9283338189125061	0.9037401676177979	0.9468151330947876	0.8451998233795166	0.9232023358345032	0.7219744920730591	0.7274481654167175	0.7299537062644958	0.7672340273857117	0.7254140377044678	0.8902380466461182	0.8184707760810852	0.7245879173278809	0.7634664177894592	0.7343066930770874	0.7992945313453674	0.7453562617301941	0.7966015338897705	0.8245413303375244	0.7041965126991272	0.725328266620636	0.7423262000083923	0.7153485417366028	0.7108575105667114	0.8874995708465576	0.7896885871887207	0.875056803226471	0.7205133438110352	0.7824403643608093	0.869924008846283	0.730096161365509	0.834618091583252	0.7167500257492065	0.7785006761550903	0.70854252576828	0.7787200212478638	0.7128008008003235	0.7496338486671448	0.7190561890602112	0.6460827589035034	0.6780704855918884	0.6395555734634399	0.7617643475532532	0.7894313335418701	0.6022875308990479	0.8783684372901917	0.8479610681533813	0.7310446500778198	0.8624963164329529	0.8725082278251648	0.8027423024177551	0.8504257798194885	0.8814399242401123	0.6724628210067749	0.2785500288009644	0.2430481910705566	0.0	0.3153308928012848	0.3572507500648499	0.9000367522239685	0.9292749166488647	0.926551342010498	0.928287923336029	0.9254412651062012	0.663515567779541	0.6066015362739563	0.3755971789360046	0.301377922296524	0.3050296604633331	0.3669590950012207	0.4998655319213867
NW050-4	0.6061096787452698	0.5816861391067505	0.5974286794662476	0.6924130916595459	0.6700249910354614	0.6721800565719604	0.6613786816596985	0.6956932544708252	0.6580662131309509	0.6872534155845642	0.5523347854614258	0.4940152168273926	0.5215088129043579	0.4836704134941101	0.4420807659626007	0.548290491104126	0.6765716075897217	0.6595843434333801	0.6340333819389343	0.5287386178970337	0.6266115307807922	0.5328527092933655	0.6676809787750244	0.5374131798744202	0.3891201317310333	0.6025773286819458	0.4230346381664276	0.5612609386444092	0.6307855844497681	0.6428170800209045	0.7042267918586731	0.6915916204452515	0.7766405940055847	0.5338255167007446	0.5570089817047119	0.6685854196548462	0.5443559885025024	0.5914174914360046	0.5764960050582886	0.5959792733192444	0.5331732630729675	0.6073735356330872	0.6183589696884155	0.5518665909767151	0.5945150852203369	0.5755684971809387	0.5810995101928711	0.6326329708099365	0.6213278770446777	0.5836054086685181	0.6527085304260254	0.6671411991119385	0.6940299272537231	0.6387676000595093	0.6329541802406311	0.6439834833145142	0.9105099439620972	0.6319292783737183	0.5921517014503479	0.6628208160400391	0.6891948580741882	0.6124489903450012	0.669267475605011	0.668296217918396	0.6839714646339417	0.6502424478530884	0.6665443778038025	0.6545785069465637	0.7007864117622375	0.637047290802002	0.590263307094574	0.6202573180198669	0.6598043441772461	0.5407655239105225	0.8678750395774841	0.6202610731124878	0.263765960931778	0.3526680171489716	0.6359769701957703	0.5942938327789307	0.6684628129005432	0.2842292785644531	0.6108483672142029	0.6984974145889282	0.6356537938117981	0.5892543792724609	0.6210716366767883	0.5383070111274719	0.6661675572395325	0.6483075618743896	0.5143817663192749	0.548376739025116	0.4633515477180481	0.5412150621414185	0.5892186164855957	0.5569857954978943	0.5737509727478027	0.5248820185661316	0.4579102098941803	0.5781794190406799	0.7056546807289124	0.5918469429016113	0.6424560546875	0.597136378288269	0.4197848439216614	0.7740762829780579	0.804313063621521	0.7285380363464355	0.704998254776001	0.6833274364471436	0.6719851493835449	0.6787197589874268	0.7503513693809509	0.7366886138916016	0.7114101648330688	0.5192816853523254	0.5176296234130859	0.5626314878463745	0.5631502866744995	0.6583120226860046	0.6908043622970581	0.8223860859870911	0.7149739265441895	0.7246457934379578	0.7469037771224976	0.7568760514259338	0.5841116905212402	0.9100425839424133	0.812628984451294	0.3377242088317871	0.3742950260639191	0.8129158020019531	0.6900715827941895	0.7310638427734375	0.7015781998634338	0.7295807600021362	0.6345707178115845	0.7126737236976624	0.6883434057235718	0.5742369890213013	0.629523515701294	0.5748437643051147	0.6771623492240906	0.63038170337677	0.5560423135757446	0.4952690303325653	0.4991050660610199	0.5025643706321716	0.6200447082519531	0.5733580589294434	0.6113200187683105	0.6541727781295776	0.5163649320602417	0.517253577709198	0.5300759077072144	0.5081189870834351	0.5059347748756409	0.6669119000434875	0.5673438906669617	0.7139892578125	0.5506571531295776	0.635219156742096	0.7213534712791443	0.56496262550354	0.6846035718917847	0.5706612467765808	0.6073453426361084	0.517737865447998	0.52950119972229	0.5076056122779846	0.5650284886360168	0.4898166954517365	0.5244608521461487	0.6632297039031982	0.5923974514007568	0.552078127861023	0.5923525094985962	0.5166511535644531	0.6169699430465698	0.6279468536376953	0.4982997179031372	0.6255890130996704	0.6555956602096558	0.5826941132545471	0.645845353603363	0.6873098611831665	0.6140086054801941	0.1842570453882217	0.203504353761673	0.3153308928012848	0.0	0.1856039315462112	0.6883378028869629	0.7224756479263306	0.7382717132568359	0.7054157853126526	0.678547203540802	0.4786585867404938	0.5337873101234436	0.2314743399620056	0.2886610627174377	0.1718233227729797	0.1839158982038498	0.2494609653949738
NW050-5	0.6146334409713745	0.6023703217506409	0.5741978883743286	0.6290765404701233	0.5811252593994141	0.6175000071525574	0.6052214503288269	0.6445790529251099	0.6068017482757568	0.6526932716369629	0.5472248792648315	0.459371417760849	0.4890461564064026	0.4352786839008331	0.4136993587017059	0.5167968273162842	0.6013113260269165	0.6111682057380676	0.6662598252296448	0.5341572761535645	0.5859069228172302	0.5510071516036987	0.6614199876785278	0.4873106181621552	0.4013280868530273	0.6197258234024048	0.4760832786560059	0.5124320983886719	0.6278485655784607	0.6443588137626648	0.6970494389533997	0.6941537261009216	0.7837936878204346	0.5067556500434875	0.5255023837089539	0.6643091440200806	0.5054928064346313	0.5319330096244812	0.5453270077705383	0.6271505951881409	0.5318691730499268	0.5600199103355408	0.6232399940490723	0.5393825173377991	0.5839186906814575	0.5466712713241577	0.5672491788864136	0.5925053954124451	0.5813522934913635	0.5937253832817078	0.6472421288490295	0.642772912979126	0.6964704990386963	0.6430765986442566	0.6211433410644531	0.652012288570404	0.8697482347488403	0.6209034323692322	0.5860297679901123	0.6391900181770325	0.6639663577079773	0.6004013419151306	0.6402984857559204	0.6094701290130615	0.637309730052948	0.6110143065452576	0.6455075740814209	0.6387073993682861	0.6386828422546387	0.5412425994873047	0.5046528577804565	0.5438966155052185	0.5892041325569153	0.5348506569862366	0.8692824244499207	0.615537166595459	0.3873288035392761	0.3568712472915649	0.6028566956520081	0.5745906233787537	0.6702038645744324	0.2941532135009766	0.6156601905822754	0.6778811812400818	0.6451230049133301	0.5509576201438904	0.5922397971153259	0.5048635601997375	0.6442266702651978	0.6277018785476685	0.4499483406543732	0.5278071761131287	0.4332006871700287	0.5350931286811829	0.5807663202285767	0.4951854646205902	0.5018099546432495	0.4539074599742889	0.4603396356105804	0.505954921245575	0.7021869421005249	0.5835573673248291	0.6363351345062256	0.588925302028656	0.4014654159545898	0.7438392639160156	0.7619534730911255	0.6761292815208435	0.6537620425224304	0.6829309463500977	0.6636961698532104	0.6651794910430908	0.7403812408447266	0.7269359230995178	0.7182002067565918	0.52344810962677	0.5228193998336792	0.579971432685852	0.5803374648094177	0.6652303338050842	0.6208295822143555	0.845257043838501	0.7340619564056396	0.7456228137016296	0.7688312530517578	0.7783814668655396	0.5950753092765808	0.9064258933067322	0.8047124743461609	0.3106583058834076	0.4394979774951935	0.8060146570205688	0.653465986251831	0.7043829560279846	0.6625191569328308	0.7234389781951904	0.6168617010116577	0.7002393007278442	0.6502581238746643	0.5456845760345459	0.5943710207939148	0.5652435421943665	0.6429043412208557	0.6408320665359497	0.5604397058486938	0.4796841442584991	0.5124358534812927	0.4953876435756683	0.5566261410713196	0.4998326599597931	0.528434157371521	0.5574659109115601	0.402685821056366	0.4930285513401031	0.514247715473175	0.4846842885017395	0.492931991815567	0.6129909753799438	0.5803442597389221	0.647505521774292	0.4914402067661285	0.5645174980163574	0.6565813422203064	0.5050541758537292	0.628117024898529	0.5128414034843445	0.5469675660133362	0.4803913533687592	0.5325540900230408	0.5165150165557861	0.5357996225357056	0.4866372346878052	0.4517354369163513	0.6195558905601501	0.5525161623954773	0.5235881805419922	0.5678261518478394	0.4906028509140015	0.6355606317520142	0.6023042798042297	0.4831252098083496	0.5961737632751465	0.6514802575111389	0.5747926235198975	0.6262959241867065	0.6657308340072632	0.5470798015594482	0.1118450909852982	0.1710935682058334	0.3572507500648499	0.1856039315462112	0.0	0.6637347340583801	0.7072900533676147	0.7088345289230347	0.6988183259963989	0.6774541139602661	0.3796099424362183	0.464821457862854	0.1919160187244415	0.3377178907394409	0.2581911981105804	0.2268101871013641	0.2522485554218292
NW051-1	0.3962470293045044	0.5188925266265869	1.018626093864441	0.7210545539855957	0.6531327962875366	0.2970613539218903	0.2954679727554321	0.3568213582038879	0.3479938507080078	0.2858724594116211	0.4170344471931458	0.4188970625400543	0.3922475874423981	0.4206969738006592	0.450449138879776	0.5054885149002075	0.6906833648681641	0.6770531535148621	0.4461891353130341	0.5841271281242371	0.403124213218689	0.6760327816009521	0.7726321816444397	0.5725952982902527	0.6202031970024109	0.4139254689216614	0.9645760655403137	0.9054619669914246	0.5882198214530945	0.5770919322967529	0.5345826148986816	0.6162460446357727	0.5957834124565125	0.5206831693649292	0.5054755210876465	0.4470933377742767	0.5544342398643494	0.6310395002365112	0.4460777342319489	0.4891714453697205	0.4475800693035126	0.4511001110076904	0.4339209794998169	0.5000404715538025	0.4346279203891754	0.4776454865932465	0.4481121897697449	0.4247143566608429	0.4442424476146698	0.4275069236755371	0.381418764591217	0.506427526473999	0.4442281424999237	0.380810558795929	0.7030314207077026	0.4543912410736084	1.008030891418457	0.3839012086391449	0.3935718834400177	0.3883894681930542	0.3875341415405273	0.4266162514686584	0.4054907560348511	0.4681745767593384	0.4789871573448181	0.5136871933937073	0.4562795758247375	0.427355021238327	0.5099867582321167	0.6119928359985352	0.5651425123214722	0.5911313891410828	0.6576473116874695	0.5388169288635254	0.7406306862831116	0.6890560984611511	0.7212910652160645	0.5685657858848572	0.6400852799415588	0.4044991433620453	0.4124378859996796	0.6144304871559143	0.2964240312576294	0.2777944803237915	0.2176893055438995	0.5898048877716064	0.3658204674720764	0.4267654716968536	0.3932036161422729	0.4653911292552948	0.5011397004127502	0.4629665017127991	0.564400851726532	0.5013641119003296	0.4429938495159149	0.902521014213562	0.863703727722168	0.8327401280403137	0.9894077181816101	0.8025438785552979	0.6217725276947021	0.6224346160888672	0.6869288682937622	0.6736417412757874	0.7819844484329224	0.291533350944519	0.3701107203960419	0.3637990355491638	0.3714509010314941	0.4788004755973816	0.5053586363792419	0.5089364647865295	0.5070168375968933	0.5165534019470215	0.4544073939323425	0.4066455960273743	0.4297538697719574	0.3467272520065308	0.3862110674381256	0.4587374627590179	0.8043398261070251	0.6413169503211975	0.5829393863677979	0.5844132900238037	0.5945854187011719	0.5782312750816345	0.5877741575241089	0.6750078797340393	0.6149947643280029	0.7410222887992859	0.9552112817764282	0.6171284317970276	0.4273926913738251	0.4725246727466583	0.4245067238807678	0.4810280799865723	0.4473244249820709	0.4676278829574585	0.6741151809692383	0.5409649014472961	0.5810226202011108	0.5441875457763672	0.6331657767295837	0.386221706867218	0.3995413184165955	0.4216111600399017	0.4244318902492523	0.4423815608024597	0.4923975467681885	0.500431478023529	0.4356377124786377	0.445746123790741	0.4716457426548004	0.4447679221630096	0.4236450493335724	0.440133273601532	0.5110900402069092	0.4153921008110046	0.4190831780433655	0.2936484813690186	0.4602771401405334	0.3638903796672821	0.3320091366767883	0.5622965693473816	0.5935211181640625	0.6169495582580566	0.5637567639350891	0.5406141877174377	0.3616291582584381	0.6841738224029541	0.6951024532318115	0.5440399646759033	0.6462323069572449	0.8397289514541626	0.7357715368270874	0.4580526947975159	0.4342857003211975	0.7238108515739441	0.4855738878250122	0.3946572840213776	0.4993291795253754	0.3788808882236481	0.5337574481964111	0.517501711845398	0.5495622754096985	0.4577348530292511	0.6604224443435669	0.7176279425621033	0.7731167674064636	0.9000367522239685	0.6883378028869629	0.6637347340583801	0.0	0.1419468969106674	0.1847991198301315	0.1303419917821884	0.1389793306589127	0.4854552745819092	0.6060400605201721	0.6921702027320862	0.8284190893173218	0.7235165238380432	0.7226162552833557	0.5770689249038696
NW051-2	0.4704353213310242	0.5796191692352295	1.025071501731873	0.7403576374053955	0.6902263164520264	0.3706908822059631	0.3639301359653473	0.4003771245479584	0.4198287129402161	0.3597366213798523	0.4814242422580719	0.4790872931480408	0.4697726368904114	0.4655176997184753	0.4808833003044128	0.5230578780174255	0.7140411138534546	0.6908761858940125	0.512861967086792	0.6245850920677185	0.4970759451389313	0.7135698795318604	0.7830525040626526	0.6025991439819336	0.6474285125732422	0.4823775589466095	0.971967875957489	0.9149976372718811	0.6516115069389343	0.6391187310218811	0.6063086986541748	0.6821972727775574	0.6591664552688599	0.5643195509910583	0.5545027852058411	0.4833424389362335	0.6062926054000854	0.6468607187271118	0.5405524373054504	0.5533733367919922	0.538581132888794	0.5390119552612305	0.5090667605400085	0.5332812666893005	0.5028308033943176	0.5317360162734985	0.5137731432914734	0.5149585604667664	0.5259236693382263	0.477026492357254	0.460532933473587	0.5476977825164795	0.4988006055355072	0.4524550139904022	0.7267909049987793	0.523423969745636	1.013210296630859	0.4543259143829346	0.4598792791366577	0.4698013961315155	0.4640378654003143	0.5145082473754883	0.4874308407306671	0.5332969427108765	0.5337454080581665	0.5584543347358704	0.521542489528656	0.4989503920078278	0.5664461851119995	0.6310003399848938	0.593784511089325	0.6113555431365967	0.6753671169281006	0.5823850631713867	0.7674343585968018	0.73981773853302	0.7718867063522339	0.6067413091659546	0.6724253296852112	0.4723608493804932	0.4716782569885254	0.6500673294067383	0.3205122649669647	0.2344714552164078	0.2504636943340302	0.6512928009033203	0.4560076594352722	0.5006871223449707	0.4761157929897308	0.5452346801757812	0.5497878789901733	0.519849419593811	0.6209330558776855	0.557369589805603	0.5147799253463745	0.9101753830909729	0.8669204115867615	0.8358250260353088	0.9962899684906006	0.807896077632904	0.6829923391342163	0.6834875345230103	0.742072582244873	0.7377076148986816	0.8347136378288269	0.2976215183734894	0.4314510524272919	0.401262640953064	0.4365257620811462	0.5381133556365967	0.5609676241874695	0.5873758792877197	0.5525864958763123	0.5789043307304382	0.5103885531425476	0.4796923398971558	0.487871378660202	0.415162205696106	0.457682728767395	0.5246368050575256	0.8114101886749268	0.6622326374053955	0.631718099117279	0.6348983645439148	0.6439362168312073	0.6255573034286499	0.6394103765487671	0.7165473103523254	0.6714734435081482	0.7815924882888794	0.9688189625740051	0.6689949631690979	0.5112085342407227	0.5391093492507935	0.5087553262710571	0.5328291654586792	0.5137256383895874	0.525965690612793	0.6930531859397888	0.5623133182525635	0.5975174903869629	0.569825291633606	0.6473673582077026	0.4388225376605988	0.4550586342811584	0.4881636798381805	0.475394606590271	0.4950932860374451	0.5288649201393127	0.5418331623077393	0.4819312691688538	0.4870490431785583	0.517959475517273	0.5149271488189697	0.4892658591270447	0.494018018245697	0.557563304901123	0.5050673484802246	0.4779233932495117	0.2379768788814545	0.4912239015102386	0.3969500660896301	0.2648038268089294	0.5864611268043518	0.617171585559845	0.639839768409729	0.5882844924926758	0.575821578502655	0.4252337217330933	0.7181885242462158	0.7176907062530518	0.6003068089485168	0.6708971261978149	0.8549297451972961	0.747862696647644	0.4907233715057373	0.4547554552555084	0.7392779588699341	0.5472398996353149	0.4779303371906281	0.5521029233932495	0.4525224566459656	0.5856736898422241	0.5737466216087341	0.5980166792869568	0.5284125804901123	0.6708306074142456	0.7621365785598755	0.8087954521179199	0.9292749166488647	0.7224756479263306	0.7072900533676147	0.1419468969106674	0.0	0.06795767694711685	0.0762181207537651	0.1586949080228806	0.5275304913520813	0.6097768545150757	0.7140769362449646	0.8399746417999268	0.7454108595848083	0.7465792894363403	0.6148242354393005
NW051-3	0.4818063676357269	0.5944730043411255	1.008482098579407	0.7374122142791748	0.6845266819000244	0.3809140920639038	0.3725490272045135	0.3912783861160278	0.4276131689548492	0.3692295551300049	0.5161980390548706	0.501252293586731	0.5013042092323303	0.491454005241394	0.4837816059589386	0.5251041054725647	0.7064335346221924	0.6812382340431213	0.5348321795463562	0.6418832540512085	0.5289698243141174	0.730115532875061	0.7930738925933838	0.6059420108795166	0.6612058877944946	0.4906332194805145	0.9746469259262085	0.9164583086967468	0.6756418943405151	0.6642841696739197	0.6175913214683533	0.7033451199531555	0.6812909245491028	0.5924192667007446	0.5768484473228455	0.5129674673080444	0.6252554059028625	0.6584402918815613	0.5436109304428101	0.57276451587677	0.5563414692878723	0.5596629977226257	0.5293911099433899	0.5468586683273315	0.5251326560974121	0.548346996307373	0.5547519326210022	0.5544224381446838	0.5651382207870483	0.5108392238616943	0.499097615480423	0.5552061796188354	0.536830723285675	0.4838123321533203	0.7344253063201904	0.5442458987236023	0.9978582262992859	0.4693930745124817	0.4681099653244019	0.4719466865062714	0.4773346185684204	0.5174063444137573	0.4895264804363251	0.5498972535133362	0.5464336276054382	0.5637624263763428	0.5377572178840637	0.5167321562767029	0.5777127742767334	0.639000415802002	0.5926988124847412	0.6219370365142822	0.6698962450027466	0.5879782438278198	0.7939192056655884	0.7622314095497131	0.7894478440284729	0.6431885957717896	0.6824244856834412	0.5011857151985168	0.5107560753822327	0.6767570972442627	0.3413563966751099	0.2555338740348816	0.2836252450942993	0.6544811725616455	0.4723791778087616	0.516791045665741	0.4912227690219879	0.5453267097473145	0.563042938709259	0.5420711040496826	0.6386282444000244	0.5781750082969666	0.5494914054870605	0.9089215397834778	0.8672764301300049	0.8365413546562195	0.9960981607437134	0.8098244071006775	0.7003311514854431	0.700983464717865	0.7573727965354919	0.7527278661727905	0.8468358516693115	0.3194334805011749	0.4597848355770111	0.4265398979187012	0.4670044481754303	0.5513889193534851	0.5790975689888	0.5831949710845947	0.5797089338302612	0.5846133232116699	0.5121164321899414	0.5075362920761108	0.4872350096702576	0.4401437342166901	0.4710429906845093	0.5346483588218689	0.7947698831558228	0.6784769892692566	0.6343933939933777	0.6379117369651794	0.6454929113388062	0.62578946352005	0.640667736530304	0.7366251945495605	0.6999866962432861	0.803279459476471	0.9688259959220886	0.6958713531494141	0.5388542413711548	0.5668774247169495	0.5354090332984924	0.5639500021934509	0.5434456467628479	0.5553773045539856	0.6736344695091248	0.5444232821464539	0.579503059387207	0.5553524494171143	0.6293502449989319	0.4719251990318298	0.4748955070972443	0.4907053112983704	0.4911249577999115	0.5005941987037659	0.5492727160453796	0.5607028603553772	0.5041735172271729	0.5093804001808167	0.5300309062004089	0.5331495404243469	0.5231110453605652	0.5194328427314758	0.5706453323364258	0.5405263304710388	0.497622162103653	0.2518451511859894	0.5089070796966553	0.4000205099582672	0.2785776555538177	0.575558066368103	0.6221071481704712	0.6276566386222839	0.5781323313713074	0.5863534212112427	0.437405526638031	0.73453289270401	0.7367035746574402	0.619849443435669	0.6787691116333008	0.859212338924408	0.7538606524467468	0.5033793449401855	0.4593065977096558	0.7362499833106995	0.56270432472229	0.4870486557483673	0.5616790056228638	0.4670107960700989	0.5988224148750305	0.585386335849762	0.6123606562614441	0.5406061410903931	0.6725234389305115	0.7637708187103271	0.8067879676818848	0.926551342010498	0.7382717132568359	0.7088345289230347	0.1847991198301315	0.06795767694711685	0.0	0.1152845099568367	0.18992680311203	0.5351909399032593	0.6161519289016724	0.720166027545929	0.8390609622001648	0.755166232585907	0.7562856078147888	0.6329135298728943
NW051-5	0.4540060460567474	0.5566157698631287	1.014425277709961	0.7354289293289185	0.6928057670593262	0.3507096767425537	0.3466316759586334	0.3882012963294983	0.4043656587600708	0.3430594205856323	0.4489723742008209	0.4410423338413239	0.4442659914493561	0.4631357192993164	0.4745193123817444	0.538633406162262	0.7265795469284058	0.7056775689125061	0.4780166447162628	0.607160747051239	0.4719388484954834	0.6881406307220459	0.777719259262085	0.6037790179252625	0.6257202625274658	0.4606696367263794	0.968081533908844	0.9090909957885742	0.6164235472679138	0.6044201254844666	0.5692600607872009	0.6457928419113159	0.6223701238632202	0.5281354784965515	0.5252588391304016	0.4547596871852875	0.57049959897995	0.6332208514213562	0.5017113089561462	0.5073741674423218	0.4972813129425049	0.5004991292953491	0.4685609936714172	0.5084145665168762	0.4654865860939026	0.507871150970459	0.4835180342197418	0.4850186705589294	0.5014804005622864	0.4522708654403687	0.4296157360076904	0.5395112037658691	0.4633951187133789	0.4136414229869843	0.699266254901886	0.4856896996498108	1.00418758392334	0.4210611581802368	0.4207582771778107	0.4348398447036743	0.4369092881679535	0.4721973240375519	0.4497501254081726	0.5218413472175598	0.529423713684082	0.5514616966247559	0.5028194785118103	0.4744224548339844	0.5594877004623413	0.6391555070877075	0.5996838212013245	0.6253556609153748	0.6712287664413452	0.5421432852745056	0.7465928792953491	0.7229620218276978	0.7435784935951233	0.5917800664901733	0.6604515910148621	0.454662024974823	0.4451435506343842	0.6379396915435791	0.3092187941074371	0.2332340925931931	0.23762446641922	0.6281440854072571	0.4287860095500946	0.4795606732368469	0.4435737133026123	0.5180412530899048	0.5257282257080078	0.4827857315540314	0.5828499794006348	0.520764946937561	0.4750945568084717	0.9038751721382141	0.8602308630943298	0.82972252368927	0.9933630228042603	0.8019021153450012	0.6480074524879456	0.6472867131233215	0.7082390785217285	0.6994321346282959	0.8036403656005859	0.289030909538269	0.4161681830883026	0.3962317705154419	0.417805016040802	0.5052270293235779	0.5249570608139038	0.5536958575248718	0.5265666246414185	0.553070068359375	0.474816769361496	0.4474733471870422	0.4509454071521759	0.3911563754081726	0.4299416244029999	0.4979797005653381	0.7990143299102783	0.6290732622146606	0.5930278301239014	0.5941489934921265	0.6024953722953796	0.5882203578948975	0.5985698103904724	0.6834264993667603	0.6469886898994446	0.7649175524711609	0.9618513584136963	0.6437776684761047	0.4856899976730347	0.5147089958190918	0.4857242703437805	0.5072101354598999	0.4915246963500977	0.5026788711547852	0.6981199383735657	0.5715916156768799	0.6051206588745117	0.5720883011817932	0.6555197834968567	0.4037753343582153	0.4180780649185181	0.4446986019611359	0.4384240508079529	0.4512263536453247	0.5187510848045349	0.5352120995521545	0.4698956310749054	0.4895050227642059	0.5043075084686279	0.4847415089607239	0.4696684181690216	0.4675313234329224	0.5540540218353271	0.4818891882896423	0.4564496278762817	0.2599861025810242	0.4997817873954773	0.3932120203971863	0.2986505329608917	0.5886182188987732	0.6188572645187378	0.642151415348053	0.5837463736534119	0.5741056203842163	0.3965940773487091	0.6941660642623901	0.7098807692527771	0.5582818388938904	0.654036283493042	0.8482421040534973	0.7356128692626953	0.4935628175735474	0.4495850205421448	0.7234794497489929	0.5065261125564575	0.4362944960594177	0.5274695158004761	0.4359943568706512	0.5557236075401306	0.5455029606819153	0.5688146352767944	0.5070463418960571	0.6699405908584595	0.7530311942100525	0.8074174523353577	0.928287923336029	0.7054157853126526	0.6988183259963989	0.1303419917821884	0.0762181207537651	0.1152845099568367	0.0	0.1196241304278374	0.5201029777526855	0.6006650328636169	0.6976647973060608	0.8332852125167847	0.7308470010757446	0.7251258492469788	0.5868970155715942
NW051-6	0.4208040535449982	0.5590078830718994	1.027150750160217	0.7513442039489746	0.7039759755134583	0.323062390089035	0.3235699236392975	0.3783226609230042	0.3817975223064423	0.3157018721103668	0.4029363989830017	0.4272891879081726	0.4032345116138458	0.4471297860145569	0.4693184494972229	0.5704741477966309	0.7497072815895081	0.7295766472816467	0.4110502898693085	0.5721019506454468	0.4345256686210632	0.6582587361335754	0.7729063630104065	0.613786518573761	0.5856209993362427	0.4315867125988007	0.9661927819252014	0.906699001789093	0.5768299102783203	0.5627073049545288	0.5163223743438721	0.6023842096328735	0.5757123827934265	0.5477915406227112	0.5252045392990112	0.4149824678897858	0.5533421039581299	0.6443208456039429	0.4504411518573761	0.4558854401111603	0.4465851485729218	0.4604119956493378	0.4125736951828003	0.4835807979106903	0.4426590204238892	0.518625020980835	0.4615181386470795	0.476459413766861	0.5052358508110046	0.4418126940727234	0.3843963444232941	0.5245860815048218	0.4054061770439148	0.3684459328651428	0.701307475566864	0.4394397735595703	0.9981845617294312	0.3665927648544312	0.3758303225040436	0.383387953042984	0.3981001079082489	0.4052765965461731	0.4073091447353363	0.5166513919830322	0.5122137665748596	0.5393988490104675	0.4837652146816254	0.4556970596313477	0.5530112385749817	0.6772234439849854	0.6324934363365173	0.6586030125617981	0.6851454377174377	0.5105874538421631	0.703271210193634	0.6948710083961487	0.7187058925628662	0.5958968997001648	0.6859749555587769	0.4570963978767395	0.3899256587028503	0.6558662056922913	0.2846727967262268	0.2477534115314484	0.2247926592826843	0.6132953763008118	0.3900863826274872	0.4903869926929474	0.410177618265152	0.4737433195114136	0.5258235931396484	0.4612852334976196	0.57062166929245	0.4786985814571381	0.4374781250953674	0.9012173414230347	0.8563129305839539	0.8253482580184937	0.9910763502120972	0.7962095737457275	0.597285270690918	0.5973197817802429	0.6675481200218201	0.6560880541801453	0.770082950592041	0.2716509997844696	0.3669969737529755	0.3773826062679291	0.3599481582641602	0.451729416847229	0.4814942479133606	0.5007853507995605	0.4807012975215912	0.5100337862968445	0.4264098703861237	0.4055427312850952	0.4316306114196777	0.3635592460632324	0.4007662534713745	0.467191219329834	0.7944318652153015	0.5838124752044678	0.55678790807724	0.5590426325798035	0.5660433769226074	0.5518748760223389	0.5616384148597717	0.6565573215484619	0.623389720916748	0.7634470462799072	0.9570465683937073	0.6224461793899536	0.4563682079315186	0.4869566261768341	0.457822173833847	0.4578382670879364	0.4621249139308929	0.4737401306629181	0.7155733704566956	0.586276113986969	0.6256729364395142	0.5762075185775757	0.6718400716781616	0.3523305058479309	0.3732081651687622	0.3909879922866821	0.3770103752613068	0.4019688069820404	0.5173498392105103	0.5384854078292847	0.4851707220077515	0.5040127635002136	0.4942472577095032	0.4583521485328674	0.4492959082126617	0.473149299621582	0.5803353190422058	0.4754781723022461	0.4338144063949585	0.3206375241279602	0.5033501982688904	0.3985124230384827	0.3547163903713226	0.5858758687973022	0.6183923482894897	0.6398754715919495	0.5756877660751343	0.5647451281547546	0.366801530122757	0.6762139797210693	0.7127085328102112	0.5452465415000916	0.6443068385124207	0.8460374474525452	0.7375989556312561	0.5140359997749329	0.467504620552063	0.738957405090332	0.4719923734664917	0.3827916085720062	0.5180507302284241	0.4046437740325928	0.5244991779327393	0.5139983296394348	0.5512732863426208	0.4681807458400726	0.6821803450584412	0.744904637336731	0.8062748312950134	0.9254412651062012	0.678547203540802	0.6774541139602661	0.1389793306589127	0.1586949080228806	0.18992680311203	0.1196241304278374	0.0	0.5069950819015503	0.5933079123497009	0.6817461252212524	0.8343961238861084	0.7265886068344116	0.7074829936027527	0.5554754137992859
NW052-1	0.472013920545578	0.4454044997692108	0.8333126902580261	0.5076285600662231	0.4199203848838806	0.460080474615097	0.4741818606853485	0.4938050210475922	0.4885632991790771	0.5124226212501526	0.3729637563228607	0.2481302618980408	0.2999076843261719	0.2461539506912231	0.2354379445314407	0.4090102016925812	0.4861187338829041	0.5215811729431152	0.5011143088340759	0.3923872709274292	0.4042740166187286	0.4750311672687531	0.573615312576294	0.3954818546772003	0.4288780093193054	0.4744459688663483	0.7136012315750122	0.6476081609725952	0.4112239181995392	0.4312206208705902	0.5126234889030457	0.504077672958374	0.583490252494812	0.3414793014526367	0.3535647988319397	0.5239019989967346	0.3712890148162842	0.4229264259338379	0.3813650906085968	0.5365394353866577	0.3689930140972137	0.3838742971420288	0.4556871950626373	0.3769197463989258	0.4274617731571198	0.3497394919395447	0.3895586133003235	0.4093296825885773	0.3917816579341888	0.5033411383628845	0.5057504177093506	0.4880779683589935	0.5598991513252258	0.4995681345462799	0.5319684147834778	0.50893634557724	0.7949496507644653	0.4512403011322021	0.4112260341644287	0.471327543258667	0.4881016910076141	0.4313172101974487	0.4802375733852386	0.4398402571678162	0.4767770171165466	0.4570112824440002	0.4921388626098633	0.4764682352542877	0.4776565730571747	0.4019454419612885	0.3623581230640411	0.4037861227989197	0.4648622274398804	0.3541565239429474	0.825507402420044	0.708373486995697	0.5721157789230347	0.4361875951290131	0.4925089776515961	0.3919868767261505	0.5217850208282471	0.4727347195148468	0.4570006728172302	0.5168935060501099	0.4886274337768555	0.4045584201812744	0.4139659702777863	0.3447433412075043	0.4669508635997772	0.4570654332637787	0.3201916813850403	0.3751640915870667	0.3877628743648529	0.3822839558124542	0.4340866804122925	0.6325439810752869	0.6147927045822144	0.5809148550033569	0.7421455383300781	0.5541951060295105	0.5957309603691101	0.5260223746299744	0.5399079322814941	0.5079488754272461	0.5902367830276489	0.6081358790397644	0.6171566247940063	0.5869103074073792	0.5565699338912964	0.5578200817108154	0.5159052610397339	0.5097001791000366	0.627616286277771	0.5469322204589844	0.5521128177642822	0.3662341237068176	0.3531520962715149	0.4024119079113007	0.4269067049026489	0.5050179958343506	0.5605313181877136	0.6378775835037231	0.516803503036499	0.5241368412971497	0.5603414177894592	0.5677188634872437	0.3702950179576874	0.7348102331161499	0.6254481077194214	0.5550863146781921	0.7231539487838745	0.6519197821617126	0.4910365641117096	0.5405735373497009	0.4943443536758423	0.5773205757141113	0.4500141739845276	0.535028338432312	0.5395272374153137	0.4263897836208344	0.4740597605705261	0.4418890178203583	0.5259944200515747	0.4502612352371216	0.3800583481788635	0.2817223966121674	0.3073707520961761	0.2965006828308105	0.3797354400157928	0.3146877884864807	0.348345547914505	0.3728868067264557	0.2291088551282883	0.4429267048835754	0.3825552761554718	0.4104749262332916	0.4737651646137238	0.4504216909408569	0.4104947149753571	0.5233088731765747	0.3671912848949432	0.4176104068756104	0.5437188744544983	0.4281612038612366	0.532096803188324	0.410825103521347	0.4542809426784515	0.3840499818325043	0.4266490042209625	0.4768453240394592	0.4992043077945709	0.3679482042789459	0.4178740978240967	0.6126188635826111	0.5137854814529419	0.375593900680542	0.3865423798561096	0.5484429001808167	0.5324692130088806	0.4344632923603058	0.3458895981311798	0.4491822123527527	0.5055070519447327	0.4705691337585449	0.4489269554615021	0.5143841505050659	0.4342081248760223	0.4361523687839508	0.4881526827812195	0.663515567779541	0.4786585867404938	0.3796099424362183	0.4854552745819092	0.5275304913520813	0.5351909399032593	0.5201029777526855	0.5069950819015503	0.0	0.2799465954303741	0.429790735244751	0.5970499515533447	0.5113922953605652	0.4789354801177979	0.4568011462688446
NW052-2	0.5621800422668457	0.5121036767959595	0.6982737183570862	0.5894289612770081	0.5319880843162537	0.5635613203048706	0.580747127532959	0.6087245345115662	0.6272608041763306	0.6095334887504578	0.4217233061790466	0.3137979805469513	0.3782440423965454	0.3467108607292175	0.2886676490306854	0.4253086447715759	0.3679512739181519	0.4094880819320679	0.5621663331985474	0.4310510456562042	0.5244957208633423	0.4471568167209625	0.4409182369709015	0.31557896733284	0.4525610208511353	0.55112624168396	0.5858957767486572	0.4950200021266937	0.4019925594329834	0.4308951199054718	0.556519091129303	0.5040968656539917	0.5785179734230042	0.3806512057781219	0.3177716434001923	0.5862887501716614	0.30610591173172	0.2399275898933411	0.4608066380023956	0.5434409379959106	0.4320551455020905	0.4510608315467834	0.4906683564186096	0.4038443863391876	0.5236304998397827	0.4394128322601318	0.4775016903877258	0.5395625233650208	0.509660542011261	0.5788943767547607	0.579910397529602	0.6061854362487793	0.62999027967453	0.5654720067977905	0.4812672436237335	0.5718690752983093	0.6634592413902283	0.5213918089866638	0.484707772731781	0.5468729138374329	0.5569088459014893	0.5092006325721741	0.555428147315979	0.6062734127044678	0.6253576874732971	0.5828312039375305	0.6168668270111084	0.5995176434516907	0.6342114806175232	0.305753767490387	0.3120509088039398	0.3877626955509186	0.3079167008399963	0.3658696413040161	0.8970982432365417	0.7947719693183899	0.6558094620704651	0.5347540378570557	0.3964146375656128	0.4479036927223206	0.6302173137664795	0.5608972907066345	0.524790346622467	0.580819308757782	0.5600495934486389	0.5385515093803406	0.5569655299186707	0.4888725280761719	0.562215268611908	0.5381549000740051	0.3356881737709045	0.4107120931148529	0.3454155921936035	0.417454868555069	0.4902855753898621	0.4988655745983124	0.4563384354114532	0.4295264184474945	0.606693685054779	0.3949260115623474	0.6214394569396973	0.530566930770874	0.5512472987174988	0.4991108477115631	0.5118802189826965	0.7040262818336487	0.738528311252594	0.7068259119987488	0.6911620497703552	0.5961154103279114	0.5543295741081238	0.59514981508255	0.6874780654907227	0.6393293738365173	0.6007249355316162	0.4666025936603546	0.4520756006240845	0.5232008695602417	0.5406379699707031	0.6138167977333069	0.413870096206665	0.6581601500511169	0.5385586619377136	0.5397440791130066	0.5815354585647583	0.5918086171150208	0.3732749223709106	0.8022931218147278	0.6923773288726807	0.5615949034690857	0.5854982137680054	0.7231075763702393	0.5772007703781128	0.6267914772033691	0.5965211987495422	0.6442337036132812	0.5098028779029846	0.594745397567749	0.4702943861484528	0.4408313930034637	0.4653501808643341	0.4947364330291748	0.45598304271698	0.53099125623703	0.4447766542434692	0.3582539558410645	0.3961073160171509	0.3305155038833618	0.4764984548091888	0.4348956942558289	0.5000948309898376	0.5191940069198608	0.363481730222702	0.5142815113067627	0.4611026048660278	0.471310168504715	0.5803085565567017	0.5703802108764648	0.4480974674224854	0.6065061688423157	0.436062753200531	0.4971898198127747	0.6278155446052551	0.5228391885757446	0.5917987823486328	0.4806393384933472	0.5299270153045654	0.458246648311615	0.5310888290405273	0.4957818984985352	0.5619316697120667	0.4003875255584717	0.3782025277614594	0.473357617855072	0.392010360956192	0.4597767889499664	0.4874715209007263	0.4389349520206451	0.594558835029602	0.4999855160713196	0.3134183287620544	0.5268324613571167	0.5552800297737122	0.5386326909065247	0.4912435114383698	0.6034862995147705	0.3671405911445618	0.46139857172966	0.5209603309631348	0.6066015362739563	0.5337873101234436	0.464821457862854	0.6060400605201721	0.6097768545150757	0.6161519289016724	0.6006650328636169	0.5933079123497009	0.2799465954303741	0.0	0.4040047526359558	0.4955975413322449	0.5657680034637451	0.4681743383407593	0.5457944869995117
NW053-1	0.6235040426254272	0.5877199172973633	0.5254086852073669	0.627551257610321	0.6120582818984985	0.6851761341094971	0.6745856404304504	0.6959793567657471	0.6744598150253296	0.708818256855011	0.5415942072868347	0.4572277665138245	0.504319429397583	0.4608321487903595	0.3965390920639038	0.5124900341033936	0.5323783159255981	0.5258395075798035	0.6601576805114746	0.5167086124420166	0.6221449971199036	0.5074909329414368	0.5818052887916565	0.4177454113960266	0.386446624994278	0.6200111508369446	0.4174492955207825	0.4563053846359253	0.5848090648651123	0.6066586971282959	0.6723612546920776	0.6481071710586548	0.7405937314033508	0.5112042427062988	0.484393835067749	0.685590386390686	0.4680675864219666	0.4667271375656128	0.5464203953742981	0.610360860824585	0.5323539972305298	0.5820359587669373	0.5940812230110168	0.5306086540222168	0.5972927808761597	0.5557776093482971	0.5729979872703552	0.6340802907943726	0.6159945130348206	0.608975887298584	0.676065981388092	0.6684786081314087	0.7245320081710815	0.663038969039917	0.5648171305656433	0.6679587960243225	0.805915892124176	0.6392005085945129	0.5863406658172607	0.6745351552963257	0.6919002532958984	0.6124712824821472	0.6831624507904053	0.6654675602912903	0.6936002969741821	0.6343787312507629	0.6841803789138794	0.6696631908416748	0.6994738578796387	0.5054779648780823	0.4752608835697174	0.5280369520187378	0.5159651041030884	0.4947967827320099	0.8917943239212036	0.6356908082962036	0.410881370306015	0.352619081735611	0.5069727301597595	0.5740269422531128	0.696459174156189	0.3108977973461151	0.6204809546470642	0.6800490617752075	0.6473499536514282	0.5875968933105469	0.6438837647438049	0.5511174201965332	0.6862313747406006	0.6479295492172241	0.463843047618866	0.5223172307014465	0.3936953246593475	0.525715708732605	0.5966154336929321	0.4486961662769318	0.4907141625881195	0.4434501826763153	0.4529865682125092	0.4959132075309753	0.6821915507316589	0.5503708720207214	0.5865386724472046	0.5416659116744995	0.3192648887634277	0.798785924911499	0.8337303400039673	0.7467672824859619	0.7300412058830261	0.6771052479743958	0.6589175462722778	0.6780223250389099	0.7608861923217773	0.7578423619270325	0.69623863697052	0.4871378839015961	0.4774680435657501	0.5513644218444824	0.5532675385475159	0.6582131385803223	0.565680742263794	0.8208732604980469	0.7045367956161499	0.7171373963356018	0.7407671213150024	0.744709849357605	0.5604057312011719	0.9316908121109009	0.8254433274269104	0.3381965756416321	0.3994677364826202	0.8252524733543396	0.6859854459762573	0.7250679731369019	0.7088327407836914	0.7500438690185547	0.6338507533073425	0.7058770656585693	0.5794641375541687	0.5028521418571472	0.5361114740371704	0.5401142835617065	0.5632359385490417	0.6444635987281799	0.5653173923492432	0.4940139353275299	0.517818808555603	0.4863854050636292	0.5955578088760376	0.5464901328086853	0.5937343239784241	0.6220827102661133	0.4809633195400238	0.516334593296051	0.5184637904167175	0.487718403339386	0.5140271782875061	0.6830819845199585	0.5765787363052368	0.7009034752845764	0.5444799065589905	0.6187449097633362	0.709854006767273	0.517193078994751	0.6209907531738281	0.510329008102417	0.5682694911956787	0.4575479626655579	0.5416474938392639	0.4992033839225769	0.5399738550186157	0.4561876654624939	0.4079485833644867	0.549813449382782	0.4783695638179779	0.5305041074752808	0.5610184073448181	0.395645797252655	0.6482241749763489	0.6156600117683411	0.4624141156673431	0.6165648698806763	0.6664256453514099	0.5916379690170288	0.6372011303901672	0.7048127055168152	0.5139333605766296	0.1907014548778534	0.2669394314289093	0.3755971789360046	0.2314743399620056	0.1919160187244415	0.6921702027320862	0.7140769362449646	0.720166027545929	0.6976647973060608	0.6817461252212524	0.429790735244751	0.4040047526359558	0.0	0.2311758100986481	0.2212101817131042	0.120327040553093	0.2331578284502029
NW053-2	0.7787065505981445	0.7015847563743591	0.4562899470329285	0.7485264539718628	0.7317459583282471	0.8242513537406921	0.8080063462257385	0.8148897886276245	0.8070687651634216	0.8458834290504456	0.7185840010643005	0.6360076665878296	0.6937724351882935	0.6497530937194824	0.5892897248268127	0.6376514434814453	0.5789950489997864	0.550577700138092	0.8144032955169678	0.6687764525413513	0.7836453914642334	0.6363210678100586	0.5458056330680847	0.5579144358634949	0.5254645943641663	0.7650361657142639	0.3053404092788696	0.4745571911334991	0.7190036773681641	0.7452187538146973	0.820952832698822	0.7748537063598633	0.8703503012657166	0.6579412221908569	0.6276512742042542	0.8307794332504272	0.6000053286552429	0.5278336405754089	0.7067050933837891	0.7505986094474792	0.7000571489334106	0.7373577356338501	0.765993595123291	0.694807231426239	0.7598000764846802	0.7088966369628906	0.7530737519264221	0.7916971445083618	0.7710411548614502	0.7576574087142944	0.8396722674369812	0.8228474259376526	0.879292368888855	0.8202856183052063	0.690954327583313	0.8210939168930054	0.7745078206062317	0.8093305230140686	0.7583555579185486	0.8071396350860596	0.8353865146636963	0.786676824092865	0.8166204690933228	0.8207828402519226	0.8443846702575684	0.7891676425933838	0.8358893990516663	0.8251678347587585	0.8494306206703186	0.5791926383972168	0.5985106229782104	0.671039879322052	0.554326593875885	0.6575730443000793	0.9949811697006226	0.7424049973487854	0.4068233966827393	0.5085602402687073	0.6181361675262451	0.7251696586608887	0.8537089824676514	0.421337366104126	0.7840448617935181	0.8344900608062744	0.8056597113609314	0.7353993654251099	0.7982688546180725	0.7125352025032043	0.8327596187591553	0.7713613510131836	0.6213164925575256	0.6760880351066589	0.5358935594558716	0.6733598709106445	0.7679012417793274	0.4649878442287445	0.506674587726593	0.4585360884666443	0.3896078169345856	0.5108011960983276	0.8058139085769653	0.6728739142417908	0.7176546454429626	0.6712181568145752	0.4415822625160217	0.9193432331085205	0.9579668641090393	0.8742491006851196	0.8768088817596436	0.8153463006019592	0.7979504466056824	0.8089444637298584	0.8927764892578125	0.8822309970855713	0.8182528018951416	0.5629505515098572	0.5481631755828857	0.6800398826599121	0.6594545245170593	0.7903223633766174	0.5852108597755432	0.9205411672592163	0.812375545501709	0.8258667588233948	0.8474546670913696	0.8550623059272766	0.6747176647186279	1.037821531295776	0.9418259263038635	0.430030882358551	0.3022371232509613	0.9420504570007324	0.8382498025894165	0.8796945214271545	0.8535110950469971	0.8939628005027771	0.7944638729095459	0.8553693294525146	0.6086592078208923	0.6202638745307922	0.6284028887748718	0.6711777448654175	0.6090990900993347	0.807974100112915	0.7345349788665771	0.6590971350669861	0.6908490061759949	0.634428858757019	0.7540814876556396	0.6983231902122498	0.7451720237731934	0.7734795808792114	0.6540778279304504	0.649747908115387	0.6667295098304749	0.6350770592689514	0.6446487903594971	0.8395382761955261	0.7178704738616943	0.8287930488586426	0.6841232776641846	0.7424044609069824	0.8324896693229675	0.653821587562561	0.7439980506896973	0.6439159512519836	0.7020851373672485	0.6064587831497192	0.6990517377853394	0.6405079364776611	0.6745202541351318	0.6196126341819763	0.5539160966873169	0.555311918258667	0.5274642705917358	0.6566315293312073	0.6843925714492798	0.4866796135902405	0.794125497341156	0.7847427129745483	0.6300895810127258	0.7933468818664551	0.7940903902053833	0.7132174372673035	0.7699338793754578	0.8413743376731873	0.5679625272750854	0.2770146727561951	0.2725358605384827	0.301377922296524	0.2886610627174377	0.3377178907394409	0.8284190893173218	0.8399746417999268	0.8390609622001648	0.8332852125167847	0.8343961238861084	0.5970499515533447	0.4955975413322449	0.2311758100986481	0.0	0.2296355962753296	0.2027810215950012	0.4076988101005554
NW053-3	0.6538861989974976	0.606592059135437	0.594332218170166	0.6966124176979065	0.6810532808303833	0.7271919250488281	0.7142350673675537	0.7688125967979431	0.7089549899101257	0.7431584000587463	0.5943803191184998	0.5433115363121033	0.5676690936088562	0.5227419137954712	0.4951567947864532	0.5679543018341064	0.7115669250488281	0.6848210096359253	0.7024801969528198	0.5927519202232361	0.6692939400672913	0.5720289349555969	0.667324960231781	0.5907784104347229	0.4592671990394592	0.6369762420654297	0.4191098511219025	0.5970907211303711	0.696367621421814	0.7212327122688293	0.7847268581390381	0.7523348331451416	0.8456440567970276	0.5730315446853638	0.6156514883041382	0.6982506513595581	0.5964878797531128	0.6348194479942322	0.6633087992668152	0.6796455979347229	0.6309386491775513	0.6983667016029358	0.7026088237762451	0.6015889644622803	0.6533594727516174	0.6277376413345337	0.6405062675476074	0.6920504570007324	0.6806447505950928	0.6191913485527039	0.7001131772994995	0.6910033226013184	0.74126136302948	0.6904856562614441	0.6766179800033569	0.6921011209487915	0.9166218042373657	0.6847134828567505	0.66112220287323	0.7432125210762024	0.7391265034675598	0.7022825479507446	0.736270546913147	0.7005332112312317	0.7149015665054321	0.6688272356987	0.7019616365432739	0.6925921440124512	0.7334447503089905	0.632110059261322	0.6061010360717773	0.631071925163269	0.6885361075401306	0.605948805809021	0.8977831602096558	0.6504168510437012	0.2796075046062469	0.3842315375804901	0.6704827547073364	0.6400894522666931	0.7162390351295471	0.3045907914638519	0.6556875109672546	0.7103423476219177	0.6709808111190796	0.681912899017334	0.6816134452819824	0.6003267765045166	0.7264689803123474	0.7339504957199097	0.5619909167289734	0.5962386131286621	0.505656898021698	0.6031709909439087	0.6518444418907166	0.5749978423118591	0.6158698201179504	0.5663036108016968	0.4976570010185242	0.6187649965286255	0.7641754746437073	0.6566330790519714	0.691981852054596	0.6525876522064209	0.4560290277004242	0.8186242580413818	0.8518289923667908	0.7708194255828857	0.7520212531089783	0.7617535591125488	0.735160231590271	0.7548147439956665	0.7966424822807312	0.7932979464530945	0.7744594812393188	0.5002924203872681	0.5077003836631775	0.5695158839225769	0.5622934103012085	0.6830939650535583	0.7139749526977539	0.8870959281921387	0.79413902759552	0.8031972050666809	0.8260160684585571	0.8326747417449951	0.6575730443000793	0.9501614570617676	0.850792646408081	0.3549765348434448	0.350657194852829	0.855255663394928	0.739766001701355	0.7691592574119568	0.7499126195907593	0.784511148929596	0.6895778775215149	0.7495636343955994	0.6867339015007019	0.5987588763237	0.6459401249885559	0.621628999710083	0.6845242381095886	0.6737492680549622	0.6045745611190796	0.5775266885757446	0.5867956876754761	0.5599226951599121	0.6772886514663696	0.6485691666603088	0.6564883589744568	0.6884665489196777	0.5753248929977417	0.5656760931015015	0.5842346549034119	0.5512490272521973	0.5529142022132874	0.7311421632766724	0.6608210802078247	0.7503313422203064	0.6067403554916382	0.690774142742157	0.7598266005516052	0.6110439300537109	0.7294345498085022	0.6250405311584473	0.6412861347198486	0.5712091326713562	0.5788761377334595	0.5510929822921753	0.5775058269500732	0.5519859790802002	0.536129355430603	0.680785059928894	0.6034538149833679	0.5649130344390869	0.602666974067688	0.5455175042152405	0.6583576202392578	0.7034654021263123	0.5782754421234131	0.6678402423858643	0.7044423818588257	0.632294774055481	0.680812418460846	0.7445002198219299	0.6255971789360046	0.2686251401901245	0.2503067851066589	0.3050296604633331	0.1718233227729797	0.2581911981105804	0.7235165238380432	0.7454108595848083	0.755166232585907	0.7308470010757446	0.7265886068344116	0.5113922953605652	0.5657680034637451	0.2212101817131042	0.2296355962753296	0.0	0.1557444036006927	0.2810921669006348
NW053-4	0.6473841667175293	0.59468013048172	0.527733564376831	0.6823609471321106	0.6691763401031494	0.7091220617294312	0.6976991891860962	0.7260875105857849	0.700869619846344	0.733879804611206	0.5562679767608643	0.4970447421073914	0.5299389362335205	0.4863914549350739	0.4293038845062256	0.5467596650123596	0.5969840288162231	0.5835458040237427	0.6596805453300476	0.5135356783866882	0.646639347076416	0.4861620664596558	0.6016741394996643	0.485526978969574	0.3735421001911163	0.6240555644035339	0.3860117197036743	0.5030078291893005	0.5989270806312561	0.6241512894630432	0.7005667686462402	0.6578061580657959	0.7543100118637085	0.5229368209838867	0.5146032571792603	0.6683160662651062	0.4838191270828247	0.5194088220596313	0.5789949893951416	0.5911438465118408	0.5445557832717896	0.6118904948234558	0.6142328977584839	0.5332913398742676	0.6288644075393677	0.5983440279960632	0.6116505861282349	0.6678811311721802	0.6545376181602478	0.6004099249839783	0.6782127618789673	0.6783285737037659	0.7189502716064453	0.6595818996429443	0.5883655548095703	0.6642149090766907	0.841116189956665	0.6581690311431885	0.61543208360672	0.705268144607544	0.713175892829895	0.6434258818626404	0.7165036201477051	0.6922476291656494	0.7026280164718628	0.6573951244354248	0.6887871623039246	0.6768491268157959	0.7258248329162598	0.5807913541793823	0.5488566160202026	0.5811029076576233	0.5685508251190186	0.4981895983219147	0.8920961022377014	0.6370654106140137	0.3445305228233337	0.3456559479236603	0.5553290247917175	0.6010259985923767	0.6971473097801208	0.269349217414856	0.6301177740097046	0.6978693008422852	0.6506773233413696	0.6109747290611267	0.6691257357597351	0.5815067291259766	0.7060896754264832	0.6719512939453125	0.5157584547996521	0.5523358583450317	0.4157111942768097	0.5471153855323792	0.620539665222168	0.4839042127132416	0.5250369310379028	0.4767087996006012	0.4210326075553894	0.5285465121269226	0.6851712465286255	0.5569296479225159	0.5900753736495972	0.5428122282028198	0.339000791311264	0.8173899054527283	0.851879358291626	0.7707819938659668	0.7458592653274536	0.701431930065155	0.68157559633255	0.6998586654663086	0.7814469933509827	0.7719951272010803	0.7220174074172974	0.4913488626480103	0.4841083884239197	0.5608295202255249	0.5622756481170654	0.6784670948982239	0.6117721199989319	0.8069112300872803	0.7051784992218018	0.7154008150100708	0.7367236614227295	0.741742730140686	0.5641800761222839	0.9275625944137573	0.8278831839561462	0.3226293623447418	0.3625544011592865	0.8273133635520935	0.7181691527366638	0.7429877519607544	0.7374614477157593	0.7710521221160889	0.6629384160041809	0.7278754711151123	0.6347931623458862	0.5337322950363159	0.5773177742958069	0.5689324140548706	0.6113701462745667	0.654596745967865	0.5692564249038696	0.5194635391235352	0.5376282334327698	0.5077016353607178	0.6355825662612915	0.5904921889305115	0.6303349733352661	0.6669767498970032	0.5370708107948303	0.5444096326828003	0.553451657295227	0.5231565237045288	0.5488706231117249	0.71182781457901	0.608067512512207	0.746927797794342	0.5832991600036621	0.6710894107818604	0.7544686794281006	0.5711596608161926	0.6589793562889099	0.5663952827453613	0.6097310781478882	0.4890343248844147	0.5606998801231384	0.4847566187381744	0.5510976910591125	0.4651930928230286	0.4678747653961182	0.5930713415145874	0.5229663848876953	0.5519187450408936	0.5840759873390198	0.4449160695075989	0.6345176100730896	0.6378504037857056	0.4883584380149841	0.6336749792098999	0.6748767495155334	0.6000139117240906	0.6480302810668945	0.7325184345245361	0.5764525532722473	0.1990041732788086	0.2749108970165253	0.3669590950012207	0.1839158982038498	0.2268101871013641	0.7226162552833557	0.7465792894363403	0.7562856078147888	0.7251258492469788	0.7074829936027527	0.4789354801177979	0.4681743383407593	0.120327040553093	0.2027810215950012	0.1557444036006927	0.0	0.2306877076625824
NW053-5	0.4921994805335999	0.5597171783447266	0.6528186202049255	0.6415557265281677	0.63559889793396	0.5675580501556396	0.5646876692771912	0.6092392206192017	0.5603050589561462	0.5874694585800171	0.4244686961174011	0.4333617687225342	0.3972618877887726	0.4023745059967041	0.4355210959911346	0.556428074836731	0.6977158188819885	0.6934190392494202	0.4913157224655151	0.444613128900528	0.498589813709259	0.5337153077125549	0.69239741563797	0.5514927506446838	0.2706247270107269	0.4830719828605652	0.5550650954246521	0.6037585735321045	0.5859202742576599	0.5718110799789429	0.5949162244796753	0.5897662043571472	0.6660718321800232	0.4995361268520355	0.5556313395500183	0.4906348586082458	0.5456815958023071	0.6024783253669739	0.4916636347770691	0.4539658427238464	0.4310687184333801	0.5091977119445801	0.5181682109832764	0.3941416144371033	0.489375501871109	0.537482500076294	0.4813505709171295	0.5301890969276428	0.5369712114334106	0.4130751490592957	0.5004927515983582	0.5582712292671204	0.5250284075737	0.4689007103443146	0.6482394933700562	0.5054991245269775	0.9414917826652527	0.5128481388092041	0.47917240858078	0.5595186948776245	0.56734699010849	0.5216330289840698	0.5645291805267334	0.5665514469146729	0.5712008476257324	0.5446195006370544	0.5465946793556213	0.5209878087043762	0.6031543612480164	0.6263942718505859	0.5833898186683655	0.6131908297538757	0.6661650538444519	0.4600600600242615	0.7537521719932556	0.5062595009803772	0.3571641147136688	0.2669233381748199	0.6423143744468689	0.4720921218395233	0.5323660969734192	0.2742040157318115	0.450628399848938	0.5906707644462585	0.5200532674789429	0.5474933981895447	0.5147438645362854	0.4798306226730347	0.549506425857544	0.5552456378936768	0.5100317001342773	0.4499573707580566	0.4651652276515961	0.4430740475654602	0.489350438117981	0.5766199231147766	0.60084468126297	0.5517886281013489	0.5761483311653137	0.6036046743392944	0.5904196500778198	0.486534059047699	0.5649418830871582	0.549435555934906	0.4320791661739349	0.6713191866874695	0.6891770958900452	0.6287315487861633	0.5862733125686646	0.576410710811615	0.5548524260520935	0.5714889168739319	0.6295838356018066	0.6161680817604065	0.6008675694465637	0.3947615921497345	0.4511378705501556	0.4349285662174225	0.4389224648475647	0.5389745831489563	0.6986879706382751	0.7135542631149292	0.6211943626403809	0.6288287043571472	0.650735080242157	0.6573638916015625	0.5555586814880371	0.801570475101471	0.7003888487815857	0.3717512488365173	0.5380940437316895	0.698901891708374	0.5670106410980225	0.5924571752548218	0.5843583345413208	0.6188642978668213	0.5163120031356812	0.5779926776885986	0.7075509428977966	0.5960608720779419	0.6494561433792114	0.5870018601417542	0.6961397528648376	0.5084295272827148	0.4253976047039032	0.3924468159675598	0.3999406099319458	0.4017996191978455	0.5274085998535156	0.5404521226882935	0.5124878287315369	0.5552507042884827	0.4857737720012665	0.4038282632827759	0.4323006868362427	0.4124985337257385	0.4611671268939972	0.5762719511985779	0.4776937663555145	0.6213427782058716	0.5085110664367676	0.5575743317604065	0.6344449520111084	0.4853868186473846	0.598625898361206	0.5594808459281921	0.5129146575927734	0.463016152381897	0.415727823972702	0.5401477217674255	0.5487089157104492	0.4778183698654175	0.5247879028320312	0.7006612420082092	0.619938313961029	0.5496085286140442	0.5621852874755859	0.5372650027275085	0.4536442756652832	0.5127196907997131	0.5011944770812988	0.4629442989826202	0.5533990859985352	0.4733532071113586	0.5542814135551453	0.5840381979942322	0.6405212879180908	0.3211799561977386	0.3855254948139191	0.4998655319213867	0.2494609653949738	0.2522485554218292	0.5770689249038696	0.6148242354393005	0.6329135298728943	0.5868970155715942	0.5554754137992859	0.4568011462688446	0.5457944869995117	0.2331578284502029	0.4076988101005554	0.2810921669006348	0.2306877076625824	0.0
