Genus	NW001-1	NW001-3	NW001-4	NW002-1	NW002-2	NW003-1	NW003-2	NW003-3	NW003-4	NW003-5	NW005-1	NW005-2	NW005-3	NW005-4	NW005-5	NW006-1	NW006-2	NW006-3	NW007-1	NW007-2	NW007-4	NW007-5	NW007-6	NW008-1	NW010-1	NW010-2	NW010-4	NW010-5	NW011-1	NW011-2	NW011-4	NW011-5	NW011-6	NW012-1	NW012-3	NW012-4	NW012-5	NW012-6	NW013-1	NW013-2	NW013-3	NW013-4	NW013-5	NW014-1	NW015-1	NW015-2	NW015-3	NW015-5	NW015-6	NW016-1	NW016-2-1	NW016-2-2	NW016-2-3	NW016-3	NW016-4-1	NW016-4-2	NW016-5	NW018-1	NW018-2	NW018-3-1	NW018-3-2	NW018-4	NW018-5	NW019-1	NW019-2-1	NW019-2-2	NW019-3	NW019-4	NW019-5	NW020-1	NW020-2	NW020-3	NW020-5	NW020-6	NW021-3	NW021-5	NW021-6	NW022-1	NW022-4	NW022-5-1	NW022-5-2	NW022-6	NW023-1	NW023-3	NW023-4	NW023-6	NW025-1	NW025-2	NW025-3	NW025-4	NW026-1	NW026-2	NW026-3	NW026-4	NW026-5	NW027-1	NW027-2	NW027-3	NW027-5	NW027-6	NW028-1	NW028-2	NW028-3	NW028-4	NW028-5	NW029-1	NW029-2	NW029-3	NW029-5	NW030-1	NW030-2	NW030-4	NW030-5-1	NW030-5-2	NW030-6	NW031-1	NW031-2	NW031-3	NW031-4	NW031-5	NW032-1	NW032-2	NW032-3	NW032-4-1	NW032-4-2	NW032-4-3	NW032-5	NW033-1	NW033-2	NW033-3	NW033-4	NW033-5	NW034-1	NW034-2-1	NW034-2-2	NW034-3	NW034-4	NW034-5	NW035-1	NW035-2	NW035-4-1	NW035-4-2	NW035-5	NW036-1	NW036-2	NW036-3	NW036-4	NW036-5	NW038-1	NW038-2	NW038-3	NW038-4	NW038-5	NW040-1	NW040-2-1	NW040-2-2	NW040-3	NW041-1	NW041-2	NW042-1	NW042-3	NW042-4	NW042-5	NW043-1	NW043-3	NW043-4-1	NW043-4-2	NW043-6	NW044-1	NW045-1	NW045-2	NW045-3	NW045-4-1	NW045-4-2	NW045-5	NW046-1	NW046-5	NW047-4	NW047-5	NW048-1	NW048-5-1	NW048-5-2	NW049-1	NW049-2	NW049-3	NW049-4	NW049-5	NW050-1	NW050-2	NW050-3	NW050-4	NW050-5	NW051-1	NW051-2	NW051-3	NW051-5	NW051-6	NW052-1	NW052-2	NW052-4	NW053-1	NW053-2	NW053-3	NW053-4	NW053-5
Bacteroides	4870	2923	251	0	0	3269	3513	2036	3216	4331	8107	2805	2584	2731	3247	1822	400	1592	7019	4725	3824	4302	2495	2283	9060	5373	125	19	7256	10242	10087	11539	13471	5234	3899	8118	6139	2097	7879	17134	15182	7641	10979	3906	6449	2411	5979	7503	5641	6236	6971	4101	2015	5026	1814	6958	179	11658	7758	11329	3754	8928	11713	4195	2651	2723	5849	6534	4555	693	852	1272	2126	7000	12881	8958	9578	4603	3091	4255	7048	4875	19547	4026	5502	4858	5492	3113	6906	9548	2935	3677	3159	6460	10433	13	0	0	7	9	9105	5973	4121	5449	3478	5399	5752	3964	6127	8637	5527	6440	10236	6693	10395	5855	3519	5252	5638	6597	0	5387	8667	14625	13734	18354	13837	15175	10293	3061	227	18638	9990	6172	7418	12508	6692	7888	1360	1745	2046	2846	1030	8971	4821	9995	8484	8666	2274	1879	2309	2611	2904	4796	4747	4424	3298	6462	10772	1728	1889	598	1011	1847	638	1281	1838	2299	6026	5774	3168	5610	4058	1539	2388	3479	3451	2673	11381	7017	4212	6942	4438	8207	870	1752	542	1797	646	1024	5166	1962	5466	4801	4814	7927	12425	3357	1572	368	3922	2018	4395	5850	17247
Unknown	563	658	1225	1461	950	870	1182	646	609	610	2027	1243	614	1092	1375	967	1797	1684	675	1964	253	674	419	1530	7428	602	5479	4101	3380	3785	1861	2648	2236	2724	2640	3044	2342	1660	3399	4133	8535	2697	1477	1834	2330	1859	2966	2034	2823	4082	1840	1433	411	1180	1824	1825	2069	1199	1178	1426	259	1219	1629	1878	951	983	1423	1721	2848	3721	1672	2679	5026	2781	1317	2041	5568	4292	1601	1016	934	8482	3723	1556	1394	2336	1311	1469	806	2128	3575	1614	2998	3135	2457	7861	2600	3436	6981	4802	1278	1303	1211	1268	1131	1914	1095	2182	1522	713	512	726	886	728	2071	856	854	405	395	360	2826	531	2139	2054	2154	2512	4288	1989	3367	3590	3581	3444	5412	7574	6206	5670	7807	8558	3773	2905	4741	4439	6713	1018	1155	3205	2741	2324	2760	2091	1483	1846	1830	1312	1461	1909	1977	1772	4152	2426	3023	2229	2478	2692	1136	3316	3303	2030	1891	2064	1020	2107	2408	2396	2004	3247	1994	2043	1845	1432	1809	973	842	1865	372	247	1906	2198	1775	2877	2825	1434	746	1005	1217	998	1172	1737	1956	136	2002	1424	1612	1658	2384
Parabacteroides	659	584	28	192	48	1003	1481	496	1549	1682	1865	444	388	583	420	234	124	111	342	298	702	0	28	179	235	727	4	0	271	273	575	416	246	1471	189	1115	263	124	0	0	0	0	0	550	1986	1172	2276	2099	2168	1747	1707	2418	333	660	287	1349	102	1538	777	877	713	631	1152	3183	1975	1577	3057	2939	3335	0	0	0	0	0	4967	2762	1769	1200	468	954	1629	1586	2175	2195	1385	478	1208	891	1071	530	980	619	421	980	1870	0	0	0	0	0	475	183	263	105	38	561	1074	891	733	547	488	506	1082	681	501	1177	735	1399	1892	1287	0	0	0	0	0	0	0	1557	1851	1090	95	2438	5998	6540	5205	5114	3621	5762	513	253	500	339	218	1439	1033	1494	1100	1137	1117	642	1126	1974	978	1235	1152	2527	1404	5369	1002	1949	2257	801	2099	718	272	589	736	340	927	750	3583	645	1563	267	526	1931	1191	408	1435	663	175	1262	2595	2533	869	818	868	760	850	855	941	799	1448	1833	2073	1990	2070	0	0	0	425	191	1213	586	2054
Odoribacter	0	0	0	0	0	2518	4054	4628	2530	3703	41	41	36	68	61	42	7	32	0	0	0	0	0	56	0	0	0	0	0	0	0	0	0	21	713	20	94	0	92	0	75	26	48	35	156	36	186	260	235	1174	772	124	48	167	31	82	0	0	0	0	0	0	0	176	118	101	198	131	341	0	0	0	0	0	0	0	0	17	66	142	153	31	9204	7165	6276	270	514	139	346	202	639	44	55	93	117	0	0	0	0	0	0	0	0	0	0	8334	2973	4418	2400	47	56	61	104	74	38	400	734	1064	605	951	0	0	0	0	0	0	0	0	0	0	0	0	0	0	0	0	0	0	337	537	1469	817	1411	0	0	0	0	0	444	323	1149	1378	432	88	156	175	123	74	46	12669	2765	6348	11961	52	49	33	29	88	1557	0	0	0	0	0	0	1125	2418	11	127	59	21	41	0	0	0	0	0	28	7	21	20	42	6292	12468	16985	13852	13408	19	4	0	0	0	0	0	0
Escherichia-Shigella	0	0	32	785	270	57	393	256	646	267	7	0	0	77	0	71	37	491	23	24	0	0	0	377	1733	0	1842	1045	11	8	18	11	27	38	37	192	61	59	64	909	13	0	10	24	35	0	0	129	9	298	9	18	0	11	0	23	39	7	0	0	0	7	0	15	0	18	18	16	21	0	0	16	4	0	2040	2889	8880	73	97	61	263	36	5	15	49	228	133	198	78	60	0	0	0	32	18	4996	2431	1600	697	934	744	1409	657	1061	3927	456	286	1272	831	0	0	0	0	0	0	75	88	60	148	69	142	43	6	86	0	13	20	529	290	5133	6614	1025	91	74	89	44	10	116	34	83	105	47	101	0	0	0	0	0	0	0	167	9	3	631	353	624	942	3	72	530	387	71	740	1098	417	706	551	906	0	851	1394	268	1369	1123	869	0	0	2384	1158	10	0	0	248	1457	54	96	72	6179	6042	11916	8047	4383	20	21	39	36	28	15	0	0	6781	8956	10559	10082	13040
Akkermansia	1209	1986	6536	563	271	563	1214	2534	1578	1015	9	0	0	0	5	596	7	290	0	0	0	0	0	0	0	1167	0	0	0	74	478	50	140	0	0	0	0	7	1616	23	2	0	0	42	1829	380	0	0	303	0	0	2754	0	176	4360	2150	16255	914	543	945	322	1424	2182	2391	1389	2108	2899	2032	4058	12	8	19	712	808	363	42	155	4	21	66	189	80	99	0	28	5529	1653	1494	1591	3552	8	0	0	0	0	2	0	0	6	0	15	9	0	0	0	343	187	64	0	211	174	2282	173	2130	1046	25	781	250	1088	4645	3328	14	1248	1041	1665	1730	2191	0	0	0	0	0	0	0	0	0	0	0	2737	1232	3415	3931	3574	230	411	1802	544	1374	180	376	442	459	208	823	35	467	2535	0	0	5	16	7	18	1636	200	1943	965	151	2719	0	0	0	0	0	0	1153	1771	4035	2829	588	63	442	994	2317	321	308	1730	0	0	0	0	0	287	653	1427	795	1005	0	0	0	34	77	0	56	66
Blautia	372	212	403	763	576	612	836	269	31	68	2255	1638	988	1393	1864	152	518	639	41	334	320	468	342	3341	1098	443	347	713	350	543	511	331	280	1096	959	291	2965	2722	1351	23	1340	1368	1490	440	978	1224	1519	999	1381	467	797	131	106	714	606	852	1923	731	373	292	102	271	409	140	43	148	101	126	51	3391	1196	1970	3520	1402	58	201	595	280	895	389	84	645	629	403	177	293	268	355	877	496	1418	605	1002	471	1201	0	0	0	0	0	767	737	432	554	577	89	17	39	271	621	573	346	254	264	446	668	410	175	349	209	3005	372	780	796	801	890	4305	242	575	1150	1349	345	1011	1074	904	1369	1937	1057	62	81	43	43	75	1308	799	3223	1131	4193	631	582	725	798	1801	469	628	621	134	996	1219	1675	4481	2931	1484	350	152	671	441	553	259	358	369	746	2552	1492	924	0	0	2289	302	691	1374	1830	471	812	111	93	1158	493	400	388	556	648	231	300	534	506	651	1177	1774	30	1478	1164	284	1239	1087
Alistipes	496	234	32	448	506	1225	1672	2876	1761	1526	571	559	513	795	810	315	135	310	290	0	678	0	26	511	275	374	55	0	685	958	1119	778	810	187	568	34	363	123	534	283	821	703	435	157	776	573	816	1770	1511	450	318	995	41	204	51	173	8	1162	830	1801	460	1393	1717	2031	967	795	1473	1393	2717	604	632	858	535	532	447	340	845	210	322	541	689	371	1431	357	412	2471	1226	898	1151	1898	1363	445	311	401	649	0	0	0	0	0	0	0	0	0	0	2178	1501	2298	1926	625	324	804	867	729	579	344	301	789	822	978	0	0	0	0	0	0	0	94	486	20	0	74	2028	1811	2192	1586	1319	1298	174	128	257	375	245	538	387	1529	901	630	1258	1638	2738	3250	2072	516	662	830	1147	2539	1131	2419	1786	1534	1971	859	180	775	639	600	970	225	177	370	331	78	319	303	249	286	549	1404	768	1118	324	409	85	270	127	1738	1680	1403	920	1583	1435	1349	1638	1449	1628	1761	423	10	933	452	680	566	1857
[Ruminococcus]_torques_group	33	40	49	287	198	383	515	575	836	2014	1160	357	276	1206	1376	804	435	470	102	275	295	906	1860	866	287	50	229	369	60	164	260	132	49	327	552	153	1253	1059	209	538	2148	811	513	81	28	46	43	22	41	37	42	31	0	13	10	0	24	477	207	307	99	306	398	131	30	27	39	71	267	1438	805	863	1055	581	162	571	288	257	296	400	358	316	2582	545	1203	179	99	318	304	550	388	176	251	181	544	0	0	0	0	0	174	272	86	257	421	392	127	759	210	383	510	399	437	686	566	250	149	958	726	89	641	29	186	881	581	636	1599	679	902	347	135	2736	1706	866	813	625	1185	234	336	249	132	134	183	210	341	1383	773	1049	508	424	554	500	1431	1559	1354	3295	1186	1297	1221	185	502	483	524	225	20	64	26	121	249	72	309	437	544	247	106	166	14	478	53	442	484	238	94	284	44	52	434	91	125	181	91	37	62	57	79	30	49	968	1296	66	1321	370	618	1583	3135
Faecalibacterium	9	12	13	325	40	194	158	113	87	63	295	315	121	128	384	37	931	158	17	170	434	0	16	610	0	12	0	0	1732	2422	1153	1471	1808	1089	469	182	496	137	227	493	831	245	1206	654	395	413	1189	423	474	0	0	222	0	0	0	0	0	779	1244	447	403	438	355	229	91	191	177	81	74	2003	1129	1774	3781	1842	44	144	143	1041	656	486	79	665	190	311	76	0	0	0	0	0	1133	750	915	834	710	0	0	0	0	0	207	106	416	362	158	61	50	11	89	831	1044	305	1005	117	68	113	200	14	0	8	151	59	322	263	504	900	356	0	0	0	0	0	336	773	274	416	491	370	0	47	19	18	24	465	718	1221	1584	891	1076	862	544	717	340	176	481	476	9	14	44	334	37	38	81	696	297	635	229	235	303	311	162	590	311	195	224	56	71	552	4	192	63	378	311	390	200	44	680	203	147	203	68	238	287	370	311	455	394	150	148	73	566	132	180	689	845
[Ruminococcus]_gnavus_group	0	0	22	28	17	0	0	0	0	0	69	0	20	73	0	57	0	76	0	0	0	0	0	61	406	0	55	283	0	0	0	0	22	0	0	0	25	38	7	230	711	78	62	0	1	2	50	20	3	0	0	0	0	0	0	0	0	39	0	0	0	0	34	0	0	0	0	0	0	294	66	146	267	211	119	92	1028	22	2	0	0	14	0	0	0	0	0	10	38	0	9	0	38	41	555	1644	7315	23029	4120	21614	16	0	0	0	0	0	0	0	32	0	0	24	0	31	0	0	0	0	0	0	22	0	0	0	0	0	0	40	45	267	195	124	0	0	0	0	0	0	17	0	0	47	0	1	2	66	72	83	0	0	0	0	0	0	0	0	0	0	0	0	0	0	0	0	0	0	0	0	61	115	0	180	305	19	203	0	0	0	0	0	0	0	1	12	0	0	0	2364	1964	620	1379	2308	0	0	0	0	0	0	0	0	0	0	0	0	0
Streptococcus	68	106	139	906	593	0	0	0	0	0	64	188	84	96	487	0	0	0	0	0	0	25	29	21	856	80	481	109	131	56	170	398	113	7	0	4	21	16	3	0	0	0	0	0	11	18	27	26	19	6	8	314	0	0	13	7	33	14	0	13	0	10	0	356	162	268	259	375	335	214	93	155	104	81	0	0	24	0	51	12	0	0	0	0	0	6	12	7	8	14	469	115	460	351	204	1775	141	201	18	137	105	217	495	239	527	0	0	0	0	0	0	0	0	21	5	5489	3647	2671	4008	1529	403	229	154	377	242	329	1538	63	36	0	23	79	614	766	332	74	234	695	611	138	397	170	551	262	80	434	116	679	0	4	0	0	8	6	0	17	0	6	138	107	36	34	51	0	0	0	0	0	0	140	204	351	843	415	520	0	3	3	19	27	84	58	6	58	27	22	226	0	0	0	0	0	117	182	214	571	588	1731	457	85	2539	6961	3265	3718	2019
Bifidobacterium	0	3	0	15	59	0	0	0	0	0	63	55	10	44	167	0	0	49	1698	2785	1482	4893	3313	615	14	0	12	64	536	623	936	3327	1404	12	35	8	39	61	0	0	110	29	0	0	0	0	0	0	0	0	0	94	0	0	0	0	0	118	174	356	82	209	205	122	36	148	194	85	86	92	106	192	129	43	0	0	0	171	3051	759	300	365	0	0	0	0	0	0	0	0	3	6	6	0	6	73	27	51	0	17	2035	600	1476	1546	1010	0	0	0	0	0	0	0	0	9	0	24	17	23	51	14	0	0	0	0	0	0	14	1149	976	6	65	108	0	0	0	0	0	0	2431	1496	1913	1452	3185	0	9	11	6	9	0	0	0	0	0	0	0	0	0	1563	1427	71	6	19	8	0	0	0	0	0	69	5	57	39	158	40	28	890	923	0	0	0	0	8	50	112	39	105	612	28	76	61	53	41	405	365	416	459	890	25	67	0	9	23	7	22	4
Agathobacter	17	0	0	130	170	75	256	82	221	298	501	482	411	481	412	54	1005	55	16	160	246	47	27	215	0	67	0	0	1337	1311	490	411	998	630	1297	199	1989	2829	33	0	0	270	433	1501	0	0	0	0	0	0	0	12	0	0	0	0	0	402	537	194	238	421	245	22	11	0	8	11	6	600	444	519	1980	1017	79	17	27	342	1370	1059	291	430	529	137	219	26	10	36	25	30	360	356	333	347	332	0	0	0	0	0	33	39	31	612	224	304	102	61	304	0	0	0	0	0	0	0	0	0	0	0	0	0	0	0	0	0	0	34	22	0	10	42	0	0	0	0	0	0	0	0	0	10	0	0	0	0	0	0	123	186	366	159	270	145	206	308	0	481	368	341	392	242	370	537	293	1307	682	1034	93	374	578	549	1423	682	287	145	284	0	0	559	971	118	557	415	375	141	371	630	117	311	0	120	52	66	47	63	73	274	412	57	852	192	319	1110	530
Cetobacterium	0	0	0	0	0	0	0	0	0	0	0	0	0	0	0	0	0	0	0	0	0	0	0	0	0	0	0	0	0	0	0	0	0	0	0	0	0	0	0	0	0	0	0	0	0	0	0	0	0	0	0	0	0	0	0	0	0	0	0	0	0	0	0	0	0	0	0	0	0	0	0	0	0	0	0	0	0	0	0	0	0	0	0	0	0	0	0	0	0	0	0	0	0	0	0	0	0	0	0	0	0	0	0	0	0	0	0	0	0	0	0	0	0	0	0	0	0	0	0	0	0	0	0	0	0	0	0	0	0	0	0	0	0	0	0	0	0	0	0	0	0	0	0	0	0	0	0	0	0	0	0	0	0	0	0	0	0	0	0	0	0	0	0	0	66	54	312	0	0	11230	7538	4397	7808	11387	7736	0	0	0	0	0	0	0	0	0	0	0	0	0	0	0	0	0	0	0	0	0	0	0	0	0	0	0	0	0	0
Collinsella	434	399	289	0	0	0	0	0	0	0	346	159	59	121	677	567	764	1721	0	0	0	0	0	999	0	588	0	0	0	0	0	0	0	33	281	21	247	351	273	0	7	114	118	41	0	0	0	0	0	26	5	63	0	10	22	25	13	118	412	203	75	128	209	69	67	67	42	70	112	1126	696	1140	1069	310	0	4	9	268	3108	596	194	689	0	0	0	194	189	364	87	270	174	109	212	56	297	0	0	0	0	0	0	0	0	0	0	93	17	0	102	0	0	0	0	0	0	26	41	50	110	172	0	0	0	0	0	0	0	0	0	0	0	0	0	0	0	0	0	0	2587	949	1635	786	1484	20	19	138	50	75	39	114	100	183	162	119	134	294	473	542	637	0	0	0	0	106	22	70	30	115	147	23	82	178	274	162	76	670	489	373	56	289	558	790	0	0	0	0	0	0	0	0	0	0	823	1076	1489	1032	417	1	50	0	26	73	6	36	21
Clostridium_sensu_stricto_1	0	0	4	0	0	0	0	0	0	0	0	0	0	0	0	0	16	5	0	0	0	0	4	6	52	0	25	0	1115	785	130	736	929	513	310	190	114	339	0	0	0	0	0	0	27	0	0	6	0	0	0	145	0	0	0	0	0	0	0	0	0	0	0	409	132	155	252	320	581	0	0	0	0	116	0	0	6	0	115	20	41	0	22	0	0	18	0	0	0	0	6	0	0	197	51	7229	3553	2111	8170	1644	0	0	0	0	0	0	0	0	0	0	0	0	0	0	0	0	0	0	0	0	0	0	0	0	0	0	0	0	0	0	0	0	82	42	64	52	118	54	171	105	759	560	813	0	0	0	0	0	0	0	12	0	29	21	25	6	92	0	0	8	1207	2173	814	0	15	35	84	0	77	155	274	238	768	167	129	381	450	4	0	3	0	0	0	11	15	18	38	264	397	287	57	65	0	0	0	0	0	164	0	0	0	0	0	0	0
Barnesiella	0	0	0	0	0	0	0	0	0	0	0	0	0	0	0	0	0	0	0	0	0	0	0	0	0	0	0	0	0	0	0	0	0	204	396	95	433	91	981	400	955	855	543	105	857	645	880	1799	2142	535	887	109	46	375	247	843	97	0	0	0	0	0	0	337	81	38	168	220	408	0	0	0	0	0	71	146	226	191	580	773	565	239	127	41	37	1062	440	502	910	874	679	111	183	82	408	0	0	0	0	0	0	0	0	0	0	51	54	32	35	0	0	0	0	0	0	71	80	248	281	865	0	0	709	1556	1553	1829	1107	565	529	55	7	468	0	0	0	0	0	0	0	0	0	0	0	0	0	0	0	0	444	398	471	824	672	0	29	22	7	401	437	0	0	0	0	16	0	10	0	24	106	0	0	0	0	0	0	171	184	398	770	311	252	41	0	0	0	0	0	0	0	0	0	0	20	27	43	87	182	0	0	0	0	0	0	0	0
[Eubacterium]_coprostanoligenes_group	81	48	0	1043	287	17	22	41	8	15	49	19	19	36	67	1120	1164	2488	0	0	0	0	0	255	11	75	0	0	625	551	340	675	429	576	601	17	824	332	182	0	319	131	112	22	151	86	133	255	273	10	12	314	7	14	25	26	41	66	153	143	34	194	322	358	207	191	228	328	445	140	189	188	175	71	41	47	0	130	401	149	39	28	683	77	77	12	34	46	19	50	465	77	256	150	289	0	0	0	0	0	112	88	68	181	236	56	23	77	44	39	47	45	51	37	50	194	182	219	181	57	45	0	76	99	92	90	80	74	69	0	0	59	675	478	617	461	393	240	367	383	236	133	312	38	66	228	85	104	35	67	45	88	125	293	588	205	227	169	113	104	65	162	73	387	125	412	178	380	333	274	113	663	236	207	86	162	86	27	15	23	13	19	32	67	7	18	60	297	214	218	240	132	205	158	167	188	93	73	26	0	309	233	75	211	69
Christensenellaceae_R-7_group	0	20	17	130	60	0	26	59	30	17	34	89	46	71	89	1375	654	2043	0	0	0	0	0	57	0	5	0	0	67	58	77	60	63	0	301	0	12	7	340	0	18	35	40	0	75	5	5	58	41	0	0	0	0	0	0	0	0	25	10	21	0	21	32	0	0	0	0	3	0	251	50	176	151	45	38	42	42	0	106	34	80	0	1904	983	1079	126	218	109	67	352	123	21	17	31	40	0	0	0	0	0	0	0	0	0	0	474	158	277	170	7	0	5	33	32	37	162	343	947	379	405	11	0	340	386	446	1069	338	0	0	0	0	0	0	0	0	0	0	0	636	481	670	410	561	30	23	50	36	122	172	360	233	440	264	70	314	141	437	0	0	45	36	128	180	466	180	545	206	504	648	54	0	52	62	41	120	2159	2603	0	0	80	28	54	10	41	0	0	55	18	0	5	13	34	451	762	1113	414	478	106	52	0	67	52	8	31	23
Tannerellaceae	66	60	0	4137	1826	0	0	0	0	0	812	239	232	336	144	564	0	66	86	25	215	0	120	0	0	83	0	0	0	0	0	0	0	0	0	0	0	0	0	0	0	0	0	0	66	45	33	124	142	0	0	402	0	0	0	0	0	0	0	0	0	0	0	769	268	342	704	515	1646	1878	692	3107	157	368	0	0	0	25	64	160	188	19	839	468	713	0	0	0	0	0	0	0	0	0	0	0	0	0	0	0	0	0	0	0	0	927	391	854	641	0	0	0	0	0	0	53	52	310	448	458	0	0	0	0	0	0	0	0	0	0	0	0	92	115	81	109	116	116	285	185	275	333	311	0	0	0	0	0	0	0	0	0	0	70	25	169	1169	0	0	273	122	213	628	103	22	91	183	51	205	0	0	0	0	0	0	0	0	0	0	20	47	87	0	0	0	0	0	0	0	0	0	0	0	0	0	0	0	761	97	11	240	136	164	125	304
Anaerostipes	0	0	22	25	8	70	157	108	135	39	252	153	100	64	137	41	53	228	21	252	54	153	0	82	0	0	0	0	73	53	109	142	126	249	437	69	448	587	26	0	65	312	392	104	19	51	72	42	61	29	109	0	23	50	35	58	161	337	139	141	99	138	244	0	0	0	0	0	0	504	169	186	531	231	55	36	150	50	387	208	129	121	478	155	72	843	68	248	498	95	403	133	242	201	226	0	0	0	0	0	160	196	182	208	409	0	0	0	0	194	207	84	66	151	0	15	0	0	16	0	36	8	365	732	590	641	2907	0	4	9	0	0	159	182	80	182	564	437	0	0	0	0	0	49	37	97	22	107	173	271	411	541	543	191	281	199	126	19	108	96	37	47	39	10	0	20	0	25	0	175	219	198	722	522	229	315	308	0	0	61	734	101	0	0	0	0	0	93	129	63	144	104	40	38	19	68	65	448	747	0	197	145	19	137	87
[Eubacterium]_hallii_group	208	246	105	188	278	27	54	93	45	23	158	121	150	80	237	40	333	218	283	720	187	1158	125	236	186	216	5	297	122	142	319	263	163	296	333	39	565	1261	351	0	0	195	161	164	223	160	114	156	227	12	25	23	5	29	31	49	87	22	28	11	0	0	0	26	0	27	35	15	0	529	239	318	688	303	0	31	55	55	360	135	37	128	154	64	66	21	21	26	17	36	212	116	138	84	155	0	0	0	0	0	225	182	128	224	280	22	0	0	44	134	137	128	85	173	0	100	79	23	43	0	338	26	61	41	60	82	957	94	23	117	91	25	599	108	456	287	550	579	0	38	47	56	0	87	51	106	55	131	58	92	179	182	331	43	95	108	0	44	81	57	151	214	112	41	0	0	0	92	50	63	59	165	325	227	285	0	0	0	0	69	82	312	57	188	30	31	145	148	69	44	123	186	120	74	37	128	118	105	159	8	321	124	65	162	178
UCG-002	75	125	0	39	52	42	27	111	41	9	57	176	190	238	351	152	195	442	0	0	0	0	0	33	0	89	0	0	213	275	156	170	197	12	130	0	8	37	446	0	431	391	130	0	654	384	341	1241	974	49	18	207	22	21	27	13	37	0	0	0	0	0	0	176	91	103	167	227	381	0	0	0	0	0	34	28	21	22	86	81	188	15	100	199	64	0	0	0	0	0	96	36	30	33	13	0	0	0	0	0	0	0	0	0	0	201	142	50	66	0	0	0	5	11	11	242	425	505	267	532	0	0	0	0	0	0	0	0	0	0	0	0	277	130	375	131	68	205	543	819	1132	385	1306	0	39	42	10	48	42	78	98	105	114	137	486	188	222	0	0	0	29	139	94	593	280	634	402	891	480	29	0	117	20	0	10	50	53	3	0	66	0	26	0	0	0	0	0	0	0	0	0	0	321	800	1079	671	442	455	42	0	63	192	40	47	101
Roseburia	10	4	0	0	0	419	171	0	18	179	677	390	99	267	90	7	32	0	0	6	0	0	0	138	33	51	0	0	781	1053	373	516	466	1247	62	85	118	95	52	0	0	0	0	68	0	0	0	17	0	0	0	26	0	0	13	59	20	368	91	38	50	108	25	0	0	10	35	43	0	430	56	115	154	339	95	99	114	273	52	93	64	60	172	50	36	0	91	13	0	94	679	376	846	1319	512	0	0	0	0	0	146	124	136	93	84	0	0	0	0	186	20	25	96	0	0	19	33	0	0	0	0	0	14	43	0	6	227	0	0	0	0	0	59	96	2	37	173	34	15	61	0	0	0	116	165	356	1201	534	342	130	52	67	22	20	50	93	0	21	0	76	85	0	40	71	27	88	42	45	0	146	99	233	34	94	470	0	0	0	0	1033	646	300	659	280	222	13	120	0	0	0	0	0	3	0	0	0	29	359	1680	0	2	21	0	108	118
Phascolarctobacterium	355	518	0	0	0	0	0	0	0	0	440	149	155	157	221	51	109	53	310	251	106	0	0	0	0	403	0	0	0	0	0	0	0	0	0	0	0	0	0	0	0	0	0	102	0	0	0	0	0	225	251	196	17	179	60	320	9	0	0	0	0	0	0	233	99	47	112	124	186	0	0	0	0	0	78	134	317	240	75	137	64	70	0	0	0	220	175	294	171	393	607	357	238	578	425	0	0	0	0	0	0	0	0	0	0	0	0	0	0	0	0	0	0	0	0	0	0	0	0	0	26	16	227	323	383	327	414	0	0	0	0	0	125	153	152	109	362	83	0	0	0	0	0	556	356	1086	1036	1068	605	360	368	396	74	47	173	100	189	360	649	200	137	210	251	328	189	459	292	72	205	128	65	80	85	7	52	0	0	259	652	375	235	0	61	285	13	30	23	130	23	31	208	51	42	38	79	109	129	81	55	0	64	22	53	59	120
Ruminococcus	0	0	0	210	121	49	64	134	74	39	404	176	178	228	312	183	137	194	0	36	41	0	0	50	0	0	0	0	303	457	0	23	15	322	384	16	691	364	44	0	0	0	76	62	207	247	226	359	431	57	67	214	9	9	18	8	21	105	181	146	38	59	66	826	249	193	336	482	481	621	234	309	404	184	30	42	433	213	462	253	42	0	160	21	13	0	42	54	7	64	341	119	105	154	36	0	0	0	0	0	0	0	4	0	0	48	10	0	12	13	26	0	28	0	0	65	38	27	4	0	0	0	0	0	0	0	0	9	15	0	0	0	479	148	163	167	150	88	209	118	251	73	617	0	6	73	29	73	74	124	130	125	101	58	98	51	115	219	169	346	194	92	73	225	11	85	119	80	401	110	76	184	60	0	0	581	756	101	7	0	0	0	108	165	27	39	267	28	129	28	0	0	164	282	185	320	323	201	102	0	125	403	128	82	106
Incertae_Sedis	33	13	4	0	0	52	46	149	69	43	36	32	29	11	56	127	191	346	0	0	12	0	0	103	4	43	0	0	90	80	120	66	55	89	444	8	231	256	217	93	658	266	128	55	66	32	44	52	43	18	14	67	0	7	9	0	33	5	0	11	0	10	24	46	19	47	100	61	75	32	71	90	350	135	38	65	235	39	205	62	23	50	426	139	188	338	58	102	91	107	53	34	51	21	94	55	28	0	0	23	0	9	0	0	0	75	63	61	35	0	19	15	40	56	54	115	57	131	214	64	188	0	49	122	131	188	377	32	0	6	0	60	185	82	250	110	56	116	250	123	236	154	234	0	51	140	43	27	35	65	47	130	82	99	134	210	110	157	264	287	220	380	396	344	55	137	63	78	137	65	79	161	55	34	507	192	186	51	15	51	11	108	9	66	0	0	11	174	66	47	28	27	1118	1014	956	1359	1857	286	173	61	81	56	70	92	149
Dorea	26	13	61	0	0	24	27	46	43	30	152	123	63	104	171	130	327	401	0	55	0	21	57	234	0	24	0	0	246	199	166	303	110	378	273	67	555	738	0	0	0	0	0	154	75	95	48	61	63	0	0	80	0	0	0	0	0	94	63	180	41	69	196	0	26	69	41	49	0	66	44	58	68	40	22	17	36	216	1593	410	79	371	0	0	0	0	0	0	0	0	502	199	260	150	472	0	0	0	0	0	286	649	214	562	652	13	0	0	29	144	233	98	109	133	139	0	0	0	0	0	37	0	48	101	58	54	64	0	0	0	0	0	416	262	182	272	242	208	22	0	0	0	0	0	0	0	0	0	158	172	197	297	480	163	173	212	77	239	321	0	0	0	0	76	47	120	72	129	24	43	38	75	238	166	146	0	0	74	23	87	532	593	0	0	0	0	40	129	104	83	194	266	107	129	83	241	294	170	239	0	146	82	54	144	127
Klebsiella	10	20	4853	0	0	0	0	0	0	0	0	0	0	0	0	0	0	0	0	0	0	0	0	0	1547	8	587	279	0	0	90	0	0	0	0	0	20	0	0	0	0	0	0	0	0	0	0	0	0	5	0	11	0	0	0	0	0	0	0	0	0	0	0	49	0	0	0	0	18	0	0	0	0	0	127	466	823	0	0	0	0	479	0	0	0	303	0	0	0	0	230	182	773	436	223	4	17	2944	4775	1632	0	0	0	0	0	0	0	0	0	625	321	417	736	112	245	78	21	0	16	15	0	0	0	0	0	0	0	0	0	0	0	0	0	0	0	0	0	0	0	0	0	0	0	0	0	0	0	0	0	0	0	0	0	0	0	0	0	0	0	0	0	0	0	48	16	33	97	31	0	0	0	0	0	0	0	0	0	0	0	0	12	0	61	0	0	0	0	0	0	0	0	0	0	0	0	0	0	0	0	0	0	0	0	0	14
Prevotella_9	0	0	0	0	0	0	0	0	0	0	0	0	0	0	0	11	658	19	0	0	0	0	0	369	0	0	0	0	0	0	0	0	0	0	0	0	0	0	0	0	0	0	0	0	0	0	0	0	0	0	0	2422	0	0	0	0	0	0	0	0	0	0	0	219	417	1008	731	737	42	0	0	0	0	0	0	0	0	0	0	0	0	0	0	0	0	0	0	0	0	0	0	0	0	0	0	0	0	0	0	0	0	0	0	0	0	0	0	0	0	0	0	0	0	0	0	63	88	0	0	0	0	0	0	0	0	0	0	0	0	0	0	0	0	0	0	0	0	0	0	0	0	0	0	0	0	0	0	0	3569	634	191	225	128	803	389	409	28	0	0	0	0	0	0	2193	2267	2186	2162	856	0	3	0	0	0	0	0	0	0	0	0	0	0	0	0	0	0	0	0	0	0	0	0	0	0	0	0	0	0	0	0	0	0	0	0	0	0
Clostridia_UCG-014	0	0	0	0	0	10	15	90	138	142	2	27	0	9	30	145	0	162	0	0	0	0	0	0	0	0	0	0	0	0	0	0	0	17	52	0	25	46	133	0	0	158	31	0	755	137	383	540	826	138	93	0	6	9	18	28	5	0	0	0	0	0	0	0	0	0	0	0	0	165	37	208	89	58	0	0	0	0	0	0	0	0	452	123	367	399	274	245	0	421	36	0	0	0	0	0	0	0	0	0	0	0	0	0	0	13	11	39	23	0	8	0	0	0	0	6	0	2	10	13	0	0	0	0	0	0	0	0	0	0	0	0	98	53	22	12	235	250	1057	192	1050	313	560	0	0	0	0	0	518	512	596	629	167	646	619	613	1138	0	0	72	10	16	0	0	0	17	23	0	331	0	7	0	0	0	0	315	409	0	0	0	0	0	0	0	0	0	0	0	0	0	0	0	361	511	331	853	699	0	0	0	71	8	31	45	0
Parasutterella	0	0	0	85	68	0	0	0	0	0	18	0	0	0	0	0	0	0	394	1543	219	2018	15	0	0	0	0	0	334	204	109	968	201	1985	0	470	172	77	0	0	0	0	0	274	0	0	0	0	0	0	0	105	0	0	0	0	0	15	0	0	0	0	0	91	37	80	94	48	66	214	243	379	138	401	0	0	0	0	0	0	0	0	20	17	12	0	0	0	0	0	0	0	0	12	0	0	0	0	0	0	0	0	0	0	0	0	0	0	0	0	0	0	0	0	0	67	92	31	18	0	0	0	0	0	0	0	0	0	0	0	0	0	683	839	1277	1122	910	1286	0	0	0	0	0	0	0	0	0	0	0	0	0	0	0	0	0	0	0	0	19	57	53	15	32	0	0	0	0	0	56	179	179	293	733	999	74	0	0	0	0	49	202	22	0	0	0	0	0	0	0	0	0	0	0	0	0	0	0	44	49	0	0	0	0	0	0
Dialister	2	4	0	0	0	153	121	80	81	77	0	0	0	0	0	0	0	0	60	226	24	0	0	414	0	0	0	0	178	465	258	84	93	1761	532	143	1361	199	154	0	0	0	0	201	0	0	0	0	0	0	0	0	0	0	0	0	0	409	268	228	56	289	538	0	0	0	0	0	0	1389	373	902	1387	703	0	0	0	356	394	499	14	179	0	0	0	0	0	0	0	0	0	0	0	0	0	0	0	0	19	66	239	196	454	371	444	0	0	0	0	255	251	223	144	57	496	256	282	69	127	75	0	0	0	0	0	0	0	52	68	373	212	38	0	0	0	0	0	0	0	8	7	15	28	0	0	0	0	0	0	0	8	0	0	92	138	167	29	0	0	0	0	0	0	0	0	0	0	0	0	0	0	0	0	0	0	4	7	0	0	0	0	0	0	0	0	0	0	0	0	0	0	0	49	38	13	50	57	0	0	0	0	0	0	0	0
uncultured	0	0	14	0	0	25	32	20	22	11	19	9	13	20	44	248	353	594	0	0	0	19	119	12	69	0	82	40	28	32	56	11	26	92	73	8	90	121	278	0	37	57	84	25	183	93	193	410	394	58	31	26	0	0	5	0	0	41	57	51	34	31	32	54	26	58	49	39	53	0	0	0	0	0	0	0	0	23	282	26	4	29	355	172	288	137	40	91	0	58	27	11	13	86	22	0	0	0	58	119	151	45	130	321	510	48	42	64	33	6	4	0	0	0	0	136	115	43	93	53	131	0	0	32	220	206	207	39	0	0	0	0	225	37	169	85	124	205	584	320	623	348	974	0	0	4	7	5	208	115	281	230	91	91	233	94	173	0	9	243	70	192	117	174	122	297	485	127	136	48	29	141	278	70	125	264	253	27	0	4	0	47	0	0	0	0	0	0	0	0	0	0	75	97	92	47	78	27	38	0	170	132	52	73	316
Intestinibacter	16	0	0	135	28	9	6	47	0	0	11	0	0	0	3	0	0	0	40	0	51	0	13	219	0	19	750	0	585	556	251	233	173	365	321	159	209	81	0	0	0	0	0	0	0	0	0	0	0	0	0	0	0	0	0	3	6	137	32	37	63	0	0	0	0	0	0	0	0	188	109	115	105	46	0	33	104	21	122	28	31	27	0	0	0	39	25	15	4	45	0	0	0	0	0	73	0	11	0	377	532	617	212	482	582	0	0	0	0	34	39	64	34	182	16	0	0	0	0	0	875	134	142	431	427	408	724	730	345	0	0	0	319	586	106	217	315	306	25	0	58	47	48	29	167	551	151	96	0	0	0	0	0	0	0	0	0	0	0	0	0	0	0	49	32	52	10	0	58	395	177	393	203	0	0	35	62	0	0	13	0	0	0	23	24	25	22	10	0	24	0	0	0	0	0	0	0	35	54	71	0	17	46	360	528
[Ruminococcus]_gauvreauii_group	19	8	13	0	0	0	0	0	0	0	487	337	335	202	708	112	214	260	0	0	0	0	0	83	309	16	63	162	23	35	18	12	25	252	313	140	411	681	0	30	35	0	0	39	0	0	0	0	0	0	0	0	0	0	0	0	0	112	71	100	63	132	189	0	0	0	0	0	0	220	70	167	191	109	0	0	0	22	42	22	9	45	0	0	0	25	0	14	4	13	361	116	229	109	260	0	0	0	0	0	0	0	0	0	0	23	0	0	60	49	149	46	83	19	10	22	28	0	0	0	64	0	10	24	20	40	82	217	376	292	320	500	0	0	0	0	0	0	0	0	0	0	0	275	219	1121	177	1060	110	111	64	85	341	411	270	206	22	199	0	0	137	14	56	73	68	109	23	210	51	30	32	42	93	60	91	0	0	89	21	15	24	33	0	0	0	0	0	69	108	113	71	85	0	15	0	0	18	540	638	60	14	0	0	27	61
Subdoligranulum	47	14	16	75	63	25	0	0	0	0	107	387	76	199	376	16	299	78	0	0	0	0	0	98	0	31	0	0	212	403	90	99	224	77	16	0	59	96	106	0	0	0	0	73	78	375	312	347	315	0	0	11	0	0	0	0	0	224	164	224	100	245	226	22	0	0	0	12	0	188	42	206	37	16	42	241	210	0	0	0	0	0	126	219	57	38	172	173	102	0	382	62	67	125	112	0	0	0	0	0	96	189	71	118	221	0	0	0	0	8	16	25	56	26	22	36	23	20	21	15	0	0	0	0	0	0	0	0	0	0	0	0	119	166	232	184	317	531	33	41	27	30	30	0	0	0	0	0	152	203	240	308	309	37	99	62	48	42	36	0	0	10	0	96	28	48	38	63	49	158	214	217	403	82	20	7	0	495	20	13	21	23	408	256	128	172	992	95	98	220	0	148	13	0	0	11	0	306	112	16	102	49	52	78	74
Lactobacillus	0	0	0	0	0	0	0	0	0	0	0	0	0	0	0	0	0	0	0	0	25	1723	13999	0	0	0	0	0	74	52	76	277	13	0	0	0	0	0	0	0	0	0	0	0	0	0	0	0	0	0	0	0	0	0	0	0	0	0	0	0	0	0	0	0	0	0	0	0	0	0	0	0	0	0	0	0	0	0	0	0	0	0	0	0	0	0	0	0	0	0	0	0	0	0	0	0	0	0	0	0	207	62	76	306	20	0	0	0	0	0	0	0	0	0	0	0	0	0	0	0	0	0	0	15	0	0	0	0	0	0	0	0	0	0	0	0	0	0	0	0	0	0	0	0	0	0	0	0	0	0	0	0	0	0	0	0	0	0	0	0	0	0	0	0	0	0	0	0	0	0	0	0	23	4	7	0	0	0	0	14	51	31	0	0	0	0	0	0	0	0	0	0	0	0	0	0	0	24	40	0	20	0	0	10	6
Lachnoclostridium	44	56	50	0	0	32	57	0	0	21	22	17	8	29	26	31	0	0	18	0	0	0	0	22	1389	40	944	171	13	28	0	11	0	25	60	0	0	0	0	409	556	51	0	0	131	60	108	113	152	259	504	0	62	230	259	383	196	75	74	107	24	95	125	0	0	0	0	0	0	105	19	60	28	30	19	15	0	22	0	0	0	0	78	18	0	68	114	82	59	261	23	0	12	0	0	0	0	0	0	0	68	27	12	30	30	0	85	0	38	86	57	218	156	134	81	115	203	138	62	29	484	127	67	43	0	74	300	246	189	90	52	180	0	12	0	16	31	12	46	0	17	59	41	47	55	177	200	78	0	0	0	0	0	0	0	0	0	21	81	285	95	37	23	64	24	70	0	0	20	0	0	18	0	0	0	71	16	416	1676	483	440	58	13	23	0	0	28	0	14	0	0	0	0	0	0	0	24	109	49	0	10	0	0	0	0
Monoglobus	12	23	7	61	27	27	65	9	6	13	74	102	63	156	126	37	144	126	7	46	0	0	0	43	0	0	0	0	234	316	68	97	45	104	98	28	319	131	172	19	1447	203	225	20	120	139	143	119	123	25	31	0	30	39	138	41	99	55	110	34	23	63	30	0	0	0	0	0	0	138	71	102	309	158	50	51	195	42	59	23	3	28	263	78	80	43	26	53	76	50	198	33	153	153	53	0	0	0	0	0	63	56	71	39	39	0	0	0	0	48	47	20	17	37	19	34	43	12	12	0	167	89	79	176	88	108	335	13	13	38	0	8	54	205	127	92	201	277	0	5	0	0	0	20	27	91	24	89	20	46	40	28	39	12	31	21	0	4	37	68	97	76	39	35	17	26	21	25	0	73	93	275	244	39	441	61	256	284	22	34	23	141	16	40	16	4	96	8	11	4	0	9	2	0	0	0	6	52	94	0	45	0	2	35	14
Lachnospira	0	7	0	107	57	32	51	21	0	10	120	23	18	11	2	0	54	8	0	0	13	0	0	0	0	0	0	0	173	472	174	381	230	191	490	415	110	25	13	0	0	0	0	122	46	108	176	15	62	0	0	0	0	0	0	0	0	274	655	292	103	553	166	0	0	0	0	0	0	67	294	330	19	111	0	0	0	197	0	13	10	40	14	22	20	0	0	0	0	0	281	300	66	146	14	0	0	0	0	0	18	91	45	17	0	0	0	0	0	20	50	14	107	0	0	11	0	11	0	0	85	90	44	0	36	13	29	26	0	17	0	0	129	219	116	117	228	20	0	0	0	0	0	14	24	49	16	2	178	95	75	71	10	0	55	25	0	0	0	0	0	0	24	66	44	151	51	98	0	66	108	146	331	114	44	236	175	0	0	70	496	0	112	11	33	0	127	16	0	0	0	0	0	7	0	50	52	0	0	0	18	0	19	15	44
Alloprevotella	0	0	0	0	0	0	0	0	0	0	0	0	0	0	0	20	128	40	0	0	0	0	0	0	0	0	0	0	0	0	0	0	0	0	0	0	0	0	0	0	0	0	0	0	0	0	0	0	0	105	849	359	158	448	107	602	47	0	0	0	0	0	0	209	127	254	303	227	57	0	0	0	0	0	0	0	0	0	0	0	0	0	0	0	0	0	0	0	0	0	0	0	0	0	0	0	0	0	0	0	0	0	0	0	0	145	262	87	633	0	0	0	0	0	0	0	0	0	0	0	0	0	0	0	0	0	0	0	0	0	0	0	0	0	0	0	0	0	0	0	0	0	0	0	0	0	0	0	1519	525	1204	859	152	54	242	110	3	0	0	0	0	0	0	372	566	327	398	525	0	0	2	0	2	0	0	0	0	0	0	0	0	0	0	0	0	0	0	0	0	0	0	0	0	0	0	0	0	0	0	0	0	0	0	0	0
Bilophila	141	173	45	0	0	129	178	101	117	135	86	0	16	13	0	12	20	62	62	83	35	0	53	31	177	139	126	26	0	7	96	0	13	0	0	0	0	0	114	65	176	15	14	52	0	0	0	0	0	232	234	8	5	35	95	144	4	142	0	85	0	59	10	6	0	7	0	8	0	0	0	0	0	0	8	40	102	145	62	38	46	134	113	68	66	0	0	0	0	0	60	37	37	41	29	0	0	0	0	0	0	0	0	0	0	100	78	79	74	56	37	58	81	33	33	0	0	0	0	0	0	0	225	266	320	449	370	0	0	0	0	0	168	36	221	84	170	63	10	9	0	13	15	136	94	8	126	14	35	57	67	41	5	140	174	140	133	107	66	88	20	25	200	0	0	9	0	0	67	83	41	113	286	219	20	38	45	38	117	151	442	43	48	33	0	14	3	22	14	20	49	13	53	60	101	102	71	0	0	0	26	8	25	17	68
Paraprevotella	0	0	0	0	0	0	0	0	0	0	0	0	0	0	0	260	35	21	0	0	0	0	0	0	1052	0	44	9	0	0	0	0	0	1197	158	584	345	136	0	0	0	0	0	0	0	0	0	0	0	47	112	213	76	153	138	227	0	0	0	0	0	0	0	127	63	108	203	240	75	0	0	0	0	0	0	0	0	0	0	0	0	0	0	0	0	0	0	0	0	0	514	321	237	449	329	0	0	0	0	0	0	0	0	0	0	46	56	34	77	0	0	0	0	0	0	112	53	12	0	0	0	0	0	0	0	0	0	0	0	0	0	0	0	0	0	0	0	0	0	0	0	0	0	0	0	0	0	0	127	138	145	102	56	115	147	200	38	0	0	0	0	0	0	38	19	111	158	67	55	299	186	378	201	173	132	0	0	0	78	183	54	49	0	0	0	0	0	0	0	0	0	0	51	90	59	93	203	0	0	0	0	0	0	0	0
Coprococcus	0	0	0	25	0	0	0	0	0	0	44	36	12	28	51	79	361	147	0	0	0	0	0	135	0	0	0	0	191	217	137	276	99	64	116	0	244	512	0	0	0	0	0	69	0	0	0	0	0	0	0	56	0	0	0	0	0	54	36	59	0	56	42	54	40	48	94	118	15	0	0	0	0	0	0	0	0	0	72	54	11	65	407	116	76	0	0	0	0	0	0	11	15	13	64	0	0	0	0	0	0	0	0	0	0	0	0	0	0	9	15	17	0	11	24	48	65	10	21	41	9	0	16	31	22	43	186	0	0	0	0	0	0	0	0	0	0	0	23	0	0	0	0	0	0	17	16	12	109	33	23	75	137	54	11	105	35	361	204	0	0	0	0	83	38	89	23	70	35	36	87	60	373	69	81	20	20	124	53	34	115	64	84	228	43	79	388	73	122	136	82	90	23	4	10	36	20	71	50	0	422	348	153	330	314
Eisenbergiella	0	0	0	51	52	88	184	86	189	168	13	0	9	18	0	0	0	0	0	0	0	0	0	0	0	0	0	0	0	0	0	0	10	0	0	0	0	0	76	72	116	153	98	0	66	40	43	58	37	41	35	0	0	5	0	0	19	0	0	0	0	10	0	0	0	0	0	0	0	104	0	34	24	0	22	0	0	8	58	32	101	0	97	16	17	90	131	207	102	533	0	0	0	0	0	0	0	0	0	0	0	0	0	0	0	22	12	0	0	55	30	109	34	204	118	0	38	85	79	118	52	0	83	1337	48	198	98	568	433	36	22	376	29	0	37	0	0	0	298	111	128	193	128	34	23	217	88	75	0	0	0	0	0	9	23	23	128	79	192	106	40	228	48	0	0	0	0	0	65	0	0	3	0	0	0	465	128	7	0	0	0	0	0	16	0	0	0	0	0	0	0	0	0	22	30	0	12	11	0	0	35	16	0	0	0
Veillonella	0	0	0	201	141	0	0	0	0	0	0	10	0	0	0	0	0	0	0	0	0	0	4	0	327	0	2556	2611	475	352	92	609	291	18	0	0	0	0	0	0	0	0	0	0	0	0	0	0	0	0	0	23	0	0	0	0	0	0	0	0	0	0	0	0	0	7	7	0	0	20	0	0	0	21	0	0	0	37	0	13	13	34	0	0	0	0	0	0	0	0	0	0	0	20	4	577	108	350	122	406	0	0	0	0	0	0	0	0	0	0	0	0	0	0	0	0	0	0	0	0	0	32	0	0	4	0	12	0	0	0	0	0	3	29	0	0	92	35	0	0	0	0	0	0	0	0	0	0	0	0	0	0	0	0	0	0	0	0	0	0	0	0	0	0	0	0	0	0	0	99	50	21	147	0	18	0	0	0	0	0	0	0	0	0	0	0	0	0	0	0	0	0	0	0	0	0	0	148	279	0	0	0	0	0	0
[Eubacterium]_eligens_group	0	0	0	0	0	140	79	101	39	170	295	163	114	197	122	0	19	12	15	135	109	0	0	0	0	0	0	0	68	327	41	47	37	0	0	0	0	0	14	0	0	0	0	0	0	0	0	0	0	0	0	129	0	0	0	0	0	0	0	0	0	0	0	83	78	135	317	295	92	0	10	0	10	70	54	113	19	0	0	0	0	0	724	191	71	0	86	45	0	23	59	58	48	128	20	0	0	0	0	0	0	0	0	0	0	62	11	30	32	5	0	0	0	0	0	41	67	63	19	12	8	8	0	0	31	23	29	0	0	0	0	0	422	386	207	287	549	34	0	0	0	0	0	48	0	44	32	24	319	113	93	65	10	62	25	11	11	0	0	23	0	23	17	96	21	160	88	24	77	0	9	23	0	0	0	0	16	0	0	79	42	43	138	38	50	0	253	246	8	30	0	0	19	17	20	42	24	190	142	0	0	0	0	0	0
Butyricimonas	0	0	0	26	28	0	0	0	0	0	32	19	21	32	16	28	7	26	0	0	0	0	0	0	0	0	0	0	0	0	0	0	0	19	0	18	14	0	0	0	0	0	0	0	21	13	39	36	40	178	101	223	0	49	0	15	0	0	0	0	0	0	0	215	139	147	371	348	365	0	0	0	0	0	47	70	84	0	32	29	98	22	178	50	51	199	95	66	171	84	76	44	18	50	22	0	0	0	0	0	0	0	0	0	0	364	237	240	219	0	0	0	0	0	0	57	102	109	83	212	0	0	0	0	0	0	0	0	0	0	0	0	0	0	0	0	0	0	16	19	26	34	31	0	0	0	0	0	60	63	80	79	111	84	306	182	349	0	0	107	79	139	130	145	51	119	114	111	64	0	0	0	0	0	0	0	0	0	0	72	47	91	0	0	0	0	0	0	0	0	0	0	102	122	110	103	137	0	0	0	121	91	58	292	634
Holdemanella	0	0	0	0	0	0	0	0	0	0	0	0	0	0	0	284	560	840	0	0	0	0	0	0	0	0	0	0	0	0	0	0	0	0	0	0	0	0	0	0	0	0	0	0	0	0	0	0	0	0	0	13	0	0	0	0	0	0	0	0	0	0	0	15	19	20	42	15	22	0	0	0	0	0	0	0	0	0	0	0	0	0	0	0	0	0	0	0	0	0	0	0	0	0	0	0	0	0	0	0	0	0	0	0	0	0	0	0	0	0	0	0	0	0	0	0	0	0	0	0	0	0	0	0	0	0	0	0	0	0	0	0	0	0	0	0	0	0	1007	80	632	320	424	0	0	0	0	0	543	614	986	1016	1219	193	109	77	152	0	0	0	0	0	0	231	66	130	69	261	0	0	0	0	0	0	0	0	0	0	0	0	0	0	0	0	0	0	0	0	0	0	0	0	0	0	0	0	0	0	0	0	0	0	0	0	0
UBA1819	0	0	7	21	10	23	41	52	99	54	13	24	0	0	18	73	0	28	0	0	10	0	2	153	0	0	0	7	0	0	4	0	0	11	76	0	26	23	143	212	431	322	247	8	18	18	15	18	35	42	17	0	0	0	28	8	61	0	0	11	0	16	21	11	9	0	0	11	22	45	0	0	14	5	14	12	0	0	48	22	43	10	66	27	73	67	59	62	63	157	14	0	12	0	0	0	0	0	0	0	6	22	0	5	38	17	20	46	36	14	0	7	3	0	23	0	36	99	133	291	57	5	62	452	144	220	387	436	176	0	0	922	46	27	66	24	20	30	200	69	63	135	113	0	17	99	43	45	0	4	13	19	10	15	9	35	50	50	240	50	52	80	28	9	8	4	8	0	8	0	0	10	8	11	24	48	87	23	0	10	0	14	12	125	19	33	178	10	17	9	171	22	15	15	0	8	7	74	25	0	18	19	8	0	9
Butyricicoccus	0	0	23	111	25	0	0	0	0	0	48	41	14	32	29	0	97	38	0	24	0	66	59	202	0	0	7	12	158	300	36	381	16	124	73	33	104	112	134	14	62	15	12	39	29	37	26	18	13	29	30	0	0	8	14	0	42	176	175	302	57	141	87	0	0	0	0	0	0	129	91	73	269	155	28	22	71	37	0	26	9	42	0	0	0	31	8	24	19	48	85	21	95	61	25	0	0	0	0	0	20	12	27	14	7	0	0	0	6	19	48	17	0	0	9	12	33	0	0	0	49	27	29	52	21	36	109	0	0	0	0	0	53	90	96	28	79	115	39	18	17	26	14	10	26	40	45	48	45	71	79	42	97	36	59	21	0	7	26	50	51	22	20	13	14	43	13	60	0	38	31	141	253	113	332	10	16	72	0	88	386	31	66	132	31	0	306	19	0	0	22	102	0	0	0	0	42	108	118	17	32	0	15	39	8
Desulfovibrio	90	162	103	0	0	0	0	0	0	0	57	76	57	109	49	123	183	193	0	0	0	0	0	0	0	84	0	0	0	0	0	0	0	0	0	0	0	0	0	0	0	0	0	71	0	0	0	0	0	0	0	328	0	0	0	0	0	0	0	16	8	0	0	226	186	182	241	318	179	0	0	0	0	0	0	0	0	0	0	0	71	0	52	53	47	0	0	0	0	0	0	0	0	0	0	0	0	0	0	0	0	0	0	0	0	273	214	406	133	0	0	0	0	0	0	33	17	40	0	83	0	0	0	0	0	0	0	0	0	0	0	0	0	0	0	0	0	0	115	99	98	131	124	0	0	0	0	0	111	113	190	113	110	107	108	86	14	69	104	77	84	70	70	325	137	366	240	236	45	0	0	0	0	0	0	49	17	153	126	169	446	133	0	0	0	0	0	0	0	0	0	0	102	86	141	116	93	10	45	0	21	0	0	0	14
[Eubacterium]_siraeum_group	0	0	0	0	0	0	0	0	0	0	0	5	0	0	0	26	70	48	0	0	0	0	0	0	0	0	0	0	0	0	0	0	0	0	224	0	218	37	269	0	35	94	587	0	433	308	507	519	356	0	0	0	0	0	0	0	0	5	0	0	0	0	0	0	0	0	0	0	0	0	0	0	0	0	150	52	66	0	0	0	0	0	86	25	35	0	306	353	30	128	0	0	0	0	0	0	0	0	0	0	0	0	0	0	0	38	55	20	49	0	0	0	0	0	19	96	52	4	0	0	0	0	16	0	0	0	0	0	0	0	0	0	68	13	39	58	0	0	58	88	22	19	33	205	54	135	158	105	0	0	3	0	1	4	78	65	11	9	16	867	180	209	250	102	92	159	140	73	22	30	23	243	0	0	5	0	0	7	0	0	0	0	67	8	0	0	27	0	0	0	0	0	57	36	32	101	87	80	30	0	0	0	0	0	0
Fusicatenibacter	6	0	10	24	6	47	55	46	19	24	340	137	73	106	194	0	42	67	12	51	0	8	0	0	0	0	0	0	63	165	74	117	36	82	43	29	60	301	56	0	0	30	46	64	0	0	0	0	0	0	0	0	0	0	0	0	0	196	166	124	79	211	138	0	0	5	0	0	0	464	238	335	512	265	0	0	0	55	56	37	21	83	0	0	0	0	0	0	0	0	310	107	104	52	223	0	0	0	0	0	126	97	214	275	128	0	0	0	0	30	18	17	61	0	0	0	0	0	0	0	95	10	0	0	0	0	36	0	0	0	0	0	60	28	19	50	104	59	0	0	0	0	0	0	0	0	0	0	26	43	15	27	62	15	18	0	0	55	74	0	0	0	0	0	0	0	0	0	17	34	55	33	166	212	93	11	18	41	12	11	30	14	15	23	0	0	40	37	52	50	43	76	0	0	0	0	24	34	82	0	40	26	21	49	0
Tyzzerella	0	20	0	0	0	0	7	0	0	0	15	20	0	0	0	0	0	0	0	0	0	0	0	0	14	21	32	0	0	0	18	0	0	93	170	74	357	125	0	16	97	0	0	66	432	273	267	414	306	0	0	0	0	13	0	16	37	138	151	123	14	227	326	0	0	0	0	0	0	40	9	28	26	17	0	0	6	14	4	13	0	23	0	0	0	188	35	58	38	75	59	43	50	46	0	0	0	0	0	0	0	0	0	6	0	0	0	0	0	69	67	43	63	27	204	0	0	0	0	0	0	0	54	50	77	155	46	14	29	0	0	32	0	14	0	16	9	50	0	0	0	0	0	23	16	65	0	69	7	0	0	0	5	0	10	0	0	14	16	32	203	8	65	19	10	0	15	0	5	0	0	21	0	0	0	3	0	46	0	12	0	48	72	198	12	64	187	508	220	165	804	209	12	0	0	24	14	12	14	0	100	0	0	19	34
Erysipelotrichaceae_UCG-003	0	0	0	26	16	0	0	0	0	0	0	0	0	0	0	98	123	128	5	16	10	0	5	0	0	0	0	0	39	33	18	70	0	334	403	82	843	1322	0	0	0	0	0	96	0	0	0	0	0	0	0	0	0	0	0	0	0	108	68	61	19	111	75	0	0	0	0	0	0	0	0	0	0	0	0	0	0	0	0	0	0	0	0	0	0	0	0	0	0	0	0	0	0	0	0	0	0	0	0	0	0	0	0	0	0	0	0	0	0	11	0	0	0	0	0	0	0	0	0	0	0	0	0	0	0	0	0	0	0	0	0	0	0	0	0	0	0	0	331	222	161	55	179	0	0	0	0	0	378	540	312	356	518	288	338	343	166	0	24	0	0	0	0	31	18	61	64	129	0	0	0	0	0	0	0	0	0	0	0	5	147	32	0	0	0	0	0	0	0	0	0	0	0	0	0	0	0	0	0	0	0	0	0	0	0
Colidextribacter	75	79	17	81	85	19	55	23	0	13	113	91	28	89	94	0	8	30	0	0	0	0	0	0	141	99	112	75	12	0	7	9	0	70	35	28	16	0	84	101	256	73	0	11	12	0	28	0	12	35	33	0	0	0	29	0	31	55	68	208	33	115	247	27	11	0	0	17	14	0	37	80	18	23	32	20	37	0	0	0	0	0	29	0	18	24	90	111	15	107	44	10	16	0	0	0	0	0	0	0	0	0	0	0	0	0	0	19	0	47	40	38	106	0	28	32	0	0	0	0	0	0	42	33	0	0	0	41	70	10	0	73	203	130	282	118	80	81	0	0	0	0	0	46	53	224	336	45	28	0	0	0	0	50	58	91	21	68	87	71	76	14	48	0	0	0	0	0	0	93	23	117	87	30	40	57	49	40	40	27	44	0	68	202	51	88	254	38	36	21	245	27	0	0	0	0	0	16	0	18	132	77	18	37	43
Acidaminococcus	1260	1945	0	0	0	0	0	0	0	0	0	0	0	0	0	0	0	0	0	0	0	0	0	0	0	1396	0	0	0	0	0	0	0	0	0	0	0	0	0	0	0	0	0	0	0	0	0	0	0	0	0	356	0	0	0	0	0	0	0	0	0	0	0	295	191	202	376	382	264	0	0	0	0	0	0	0	0	0	0	0	0	0	0	0	0	0	0	0	0	0	0	0	0	0	0	0	0	0	0	0	0	0	0	0	0	0	0	0	0	0	0	0	0	0	0	0	0	0	0	0	0	0	0	0	0	0	0	0	0	0	0	0	0	0	0	0	0	0	0	0	0	0	0	0	0	0	0	0	0	0	0	0	0	0	0	0	0	0	0	0	0	0	0	35	27	36	49	22	4	26	41	79	128	195	13	0	0	0	0	0	0	0	0	0	0	0	0	0	0	0	0	0	185	163	79	145	270	0	0	0	0	0	0	0	0
Negativibacillus	16	5	0	302	63	60	35	99	71	87	0	0	0	0	0	0	9	8	0	0	0	0	0	0	0	11	0	0	25	60	133	169	47	0	10	0	0	0	269	0	13	61	43	0	0	0	0	0	0	159	160	10	9	23	23	21	36	0	0	0	0	0	0	30	8	0	14	14	13	262	43	174	41	18	23	14	49	47	123	51	19	52	28	0	7	16	17	35	0	15	0	0	0	0	0	0	0	0	0	0	0	0	0	0	0	10	4	7	0	0	0	0	0	0	12	37	15	10	15	0	67	0	31	78	63	58	89	0	0	0	0	0	114	88	171	41	37	182	72	91	92	67	50	0	0	0	0	0	49	38	70	42	69	0	124	67	0	136	288	47	56	20	30	51	44	125	109	124	14	40	0	102	25	0	7	82	44	0	0	76	74	18	45	96	0	15	131	37	53	53	31	97	40	35	21	13	38	84	7	0	103	153	123	116	177
CAG-873	0	0	0	0	0	0	0	0	0	0	0	0	0	0	0	0	0	0	0	0	0	0	0	0	0	0	0	0	0	0	0	0	0	0	0	0	0	0	0	0	0	0	0	0	0	0	0	0	0	0	0	0	0	0	0	0	0	0	0	0	0	0	0	0	0	0	0	0	0	0	0	0	0	0	0	0	0	0	0	0	0	0	0	0	0	0	0	0	0	0	0	0	0	0	0	0	0	0	0	0	0	0	0	0	0	0	0	0	0	0	0	0	0	0	0	0	0	0	0	0	0	0	0	0	0	0	0	0	0	0	0	0	0	0	0	0	0	0	0	0	0	0	0	0	0	0	0	0	0	0	0	0	0	0	0	0	0	0	0	0	0	0	0	1902	1146	1449	2334	1241	0	0	0	0	0	0	0	0	0	0	0	0	0	0	0	0	0	0	0	0	0	0	0	0	0	0	0	0	0	0	0	0	0	0	0	0	0
Frisingicoccus	5	25	7	0	0	20	26	104	99	71	0	14	0	16	13	96	46	120	0	0	0	0	0	0	0	15	0	0	0	0	0	0	0	0	79	0	58	72	87	77	72	64	54	0	109	39	116	229	190	0	20	0	0	10	26	16	22	0	0	0	0	22	0	0	0	0	0	0	0	48	12	0	77	16	17	0	28	0	0	0	0	0	281	115	165	24	77	89	50	101	0	0	0	0	0	0	0	0	0	0	0	0	0	0	0	655	361	708	127	0	0	8	0	17	14	0	0	0	0	0	0	0	0	0	0	0	0	37	54	0	0	105	21	0	43	13	8	10	50	39	127	57	81	0	0	11	0	0	32	40	44	63	87	70	55	57	77	0	0	33	43	95	55	0	0	0	0	0	57	0	0	0	0	0	0	334	135	0	0	0	0	0	30	307	0	38	92	17	0	13	13	7	0	0	0	0	0	18	15	0	0	0	0	0	0
[Eubacterium]_xylanophilum_group	0	0	0	33	29	28	35	0	0	9	81	96	34	85	81	0	13	46	0	0	0	0	0	0	0	0	0	0	27	93	10	28	2	0	138	0	38	102	88	0	0	0	0	0	108	165	237	124	102	0	86	16	0	62	54	57	70	0	0	0	0	0	0	10	0	14	18	10	0	113	53	86	38	249	12	0	10	0	0	0	10	17	0	0	0	0	0	0	0	0	237	76	100	131	35	0	0	0	0	0	347	200	132	285	0	0	0	0	17	7	0	0	11	5	0	0	0	0	0	0	29	0	39	24	74	87	36	0	11	0	0	0	82	85	32	23	111	25	55	26	31	9	20	0	0	0	0	0	47	19	23	43	12	7	43	14	0	0	0	64	31	20	40	177	48	278	144	58	15	188	61	243	103	0	69	22	38	0	0	0	0	0	0	0	0	0	0	23	0	4	0	51	0	0	0	12	10	33	0	0	20	13	17	19	52
Sutterella	101	76	0	0	0	0	0	0	0	0	18	4	28	0	0	28	10	16	0	0	0	0	0	0	0	56	0	0	0	0	0	0	0	0	0	0	0	0	0	0	0	0	0	0	134	46	342	198	221	87	101	0	52	98	13	68	0	146	191	210	138	138	59	0	0	0	0	0	0	0	0	0	0	0	0	0	0	0	0	0	32	0	0	0	0	0	0	0	0	0	269	259	252	616	345	0	0	0	0	0	0	0	0	0	0	0	0	0	0	30	28	14	115	0	0	9	22	13	0	19	0	0	0	0	0	0	0	0	0	0	0	0	0	0	0	0	0	0	0	0	0	9	11	0	0	0	0	0	178	48	58	36	7	79	126	74	49	146	95	0	0	0	0	81	50	131	173	49	95	0	0	0	0	0	0	11	9	11	283	66	30	48	0	0	0	0	0	0	0	0	0	0	132	66	45	108	117	0	0	0	0	0	0	0	0
Megasphaera	0	0	0	0	0	0	0	0	0	0	0	0	0	0	0	0	0	0	582	551	33	0	0	0	0	0	0	0	108	186	422	408	75	0	0	0	0	0	0	0	0	0	0	0	0	0	0	0	0	0	0	852	0	0	0	0	0	0	0	0	0	0	0	519	360	732	595	507	585	0	0	0	0	0	0	0	0	0	0	0	0	0	0	0	0	0	0	0	0	0	0	0	0	0	0	62	17	10	37	115	0	0	0	0	0	0	0	0	0	0	0	0	0	0	0	0	0	0	0	0	0	0	0	0	0	0	0	0	0	0	0	0	0	0	0	0	0	0	0	0	0	0	0	0	0	0	0	0	0	0	0	0	0	0	0	0	0	0	0	0	0	0	0	0	0	0	0	0	0	0	5	0	0	0	0	0	0	0	0	0	0	0	0	0	0	0	0	0	0	0	0	0	0	0	0	0	0	0	0	0	0	0	0	0	0
Erysipelatoclostridium	0	0	0	19	8	0	0	7	0	0	80	17	12	34	83	0	0	0	0	0	0	0	0	10	117	0	29	215	18	24	50	53	17	0	0	0	10	24	66	0	59	54	19	0	55	52	33	62	43	0	3	0	0	0	0	0	0	0	0	0	0	0	0	0	0	0	0	0	0	44	29	23	103	68	12	0	53	4	43	10	0	5	230	28	65	27	0	35	0	10	4	0	0	0	51	1891	271	263	31	132	0	3	0	0	0	0	0	0	0	0	11	0	0	0	0	0	0	0	0	0	116	0	15	38	24	17	70	56	52	12	9	83	17	6	15	14	7	0	0	0	0	0	0	29	19	66	30	63	0	0	0	0	0	0	0	0	0	0	29	0	4	22	11	0	0	0	0	0	0	50	0	34	0	35	61	13	0	0	0	0	0	0	0	27	0	0	28	66	46	92	183	128	0	0	0	0	0	65	74	26	17	0	0	10	0
[Clostridium]_innocuum_group	0	0	0	94	64	7	8	14	0	0	3	7	0	12	12	0	0	31	0	0	0	0	0	20	37	0	34	71	0	0	0	0	6	0	2	0	15	7	152	220	835	128	100	0	0	0	0	0	0	8	5	0	0	4	0	0	0	0	0	0	0	0	0	0	4	0	0	0	0	26	0	10	35	0	0	0	8	0	42	30	61	0	27	0	11	18	27	24	0	0	17	0	0	0	7	240	78	79	26	145	0	8	0	5	11	0	0	4	91	6	3	21	0	0	20	11	11	21	42	40	160	44	25	73	104	86	340	147	107	0	33	102	0	0	21	3	0	10	82	53	58	107	102	0	10	14	0	0	0	0	0	0	0	0	0	5	0	0	11	59	22	31	26	18	0	0	0	0	0	0	0	0	4	0	7	36	9	0	0	0	0	7	37	176	27	39	214	3	0	4	10	0	103	98	94	78	109	0	12	0	0	20	0	0	0
Flavonifractor	0	0	0	75	53	18	16	23	40	29	62	30	17	43	30	3	0	0	19	71	74	62	58	0	0	9	24	0	7	50	9	40	24	0	1	16	0	0	0	206	234	15	0	0	0	0	0	0	0	0	0	0	0	0	0	0	0	42	77	171	15	10	157	0	0	0	0	0	8	43	13	40	21	18	0	18	4	0	0	0	0	0	38	35	0	0	69	50	33	27	8	0	0	0	12	0	0	0	0	0	32	32	0	19	10	31	36	56	0	121	65	100	88	11	71	0	0	0	0	0	0	0	158	113	131	192	68	181	233	45	11	302	64	6	84	13	18	31	0	43	0	26	0	23	24	89	122	53	0	0	0	0	16	4	16	0	30	82	153	25	40	2	32	0	0	0	0	0	80	0	0	16	9	10	0	86	46	34	23	9	29	20	0	40	0	0	10	19	30	27	107	0	0	0	0	0	0	62	0	17	0	0	0	0	0
Candidatus_Stoquefichus	0	0	0	0	0	35	25	25	26	25	0	0	0	0	0	30	30	63	0	0	0	0	0	0	11	0	0	0	0	0	0	0	0	0	0	0	22	85	528	527	1425	348	347	0	71	32	52	36	43	0	17	0	0	2	0	5	0	0	0	0	0	0	0	0	0	0	0	0	0	39	12	0	116	29	0	0	0	0	7	0	0	0	263	61	130	50	30	34	28	21	20	0	10	20	18	0	0	0	0	0	0	0	0	0	0	41	27	82	18	0	0	0	0	0	0	0	0	0	0	0	0	0	0	0	0	0	0	10	17	0	0	14	16	0	0	0	0	0	48	14	41	6	18	0	0	0	0	0	0	0	0	0	0	0	0	0	0	0	0	95	65	45	46	0	0	0	0	0	0	0	0	12	13	21	9	104	72	0	0	0	0	0	17	39	0	0	22	13	24	14	25	0	3	11	11	19	10	0	0	0	0	0	0	0	0
Rikenellaceae_RC9_gut_group	0	0	0	0	0	0	0	0	0	0	16	0	4	0	0	0	0	0	0	0	0	0	0	0	0	0	0	0	0	0	0	0	0	0	0	0	0	0	0	0	0	0	0	0	0	0	0	0	0	0	0	0	0	0	0	0	0	0	0	0	0	0	0	0	0	0	0	0	0	0	0	0	0	0	0	0	0	29	305	256	238	22	0	0	0	0	0	0	0	0	0	0	0	0	0	0	0	0	0	0	0	0	0	0	0	0	0	0	0	0	0	0	0	0	0	0	0	0	0	0	0	0	0	0	0	0	0	0	0	0	0	0	0	0	0	0	0	0	1240	585	1339	951	667	0	0	0	0	0	0	0	0	0	0	0	0	0	0	0	0	0	0	0	0	0	0	0	0	0	0	0	0	0	0	0	0	0	0	0	0	0	0	0	0	0	0	0	0	0	0	0	0	0	0	0	0	0	0	0	0	0	0	0	0	0	0
HT002	0	0	0	30	0	0	0	0	0	0	6	19	5	0	27	0	0	0	0	0	0	0	0	0	0	0	0	0	90	30	50	179	25	0	0	0	0	0	0	0	0	0	0	0	0	0	0	0	0	3	0	635	0	0	0	0	0	0	0	0	0	0	0	455	289	691	919	440	91	0	0	0	0	0	0	0	0	0	0	0	0	0	0	0	0	0	0	0	0	0	0	0	0	0	0	0	0	0	0	0	183	81	134	356	141	0	0	0	0	0	0	0	0	0	0	0	0	0	0	0	0	0	0	0	0	0	0	0	0	0	0	0	276	78	11	14	0	17	0	0	0	0	0	0	0	0	0	0	0	0	0	0	0	5	28	21	18	0	0	9	15	0	0	0	0	0	0	0	32	0	0	0	0	0	15	0	0	0	0	0	17	24	0	0	0	0	0	0	0	0	0	0	0	0	0	0	14	0	0	0	18	0	0	0	0
Succiniclasticum	0	0	0	0	0	0	0	0	0	0	0	0	0	0	0	0	0	0	0	0	0	0	0	713	0	0	0	0	0	0	0	0	0	0	0	0	0	0	0	0	0	0	0	0	0	0	0	0	0	0	0	0	0	0	0	0	0	0	0	0	0	0	0	0	0	0	0	0	0	0	0	0	0	0	0	0	0	0	0	0	0	0	876	227	455	0	0	0	0	0	0	0	0	0	0	0	0	0	0	0	0	0	0	0	0	351	208	276	272	0	0	0	0	0	0	0	0	0	0	0	0	0	0	0	0	0	0	0	0	0	0	0	0	0	0	0	0	0	388	240	545	434	356	0	0	0	0	0	0	0	0	0	0	0	0	0	0	0	0	0	0	0	0	0	0	0	0	0	0	0	0	0	0	0	0	105	32	0	0	0	0	0	0	0	0	0	0	0	0	0	0	0	0	0	0	0	0	0	0	0	0	0	0	0	0
Turicibacter	0	0	0	0	0	0	0	0	0	0	0	0	0	0	0	0	4	0	0	0	0	0	0	0	41	0	143	11	20	33	0	0	17	17	0	9	0	7	0	0	0	0	0	0	0	0	0	0	0	0	0	9	0	0	0	0	0	0	0	0	0	0	0	41	25	15	16	17	21	0	0	0	0	0	0	0	0	7	244	10	25	19	0	0	0	0	0	0	0	51	0	0	0	0	0	889	206	130	1367	318	0	0	0	0	0	0	0	0	0	0	0	0	0	0	0	0	0	0	0	0	0	0	0	0	0	0	0	0	0	0	0	0	0	0	0	0	0	0	142	189	355	189	456	0	0	0	0	0	0	0	0	0	0	0	0	0	0	0	11	0	0	0	0	0	0	0	0	0	8	0	0	0	0	0	0	76	71	0	0	18	20	27	16	28	33	11	64	0	0	0	0	0	4	0	5	3	0	0	0	0	0	0	0	0	0
Porphyromonas	0	0	0	0	0	0	0	0	0	5	0	0	0	0	2	11	0	10	0	0	0	0	0	0	0	0	0	0	0	0	5	0	0	0	0	0	0	0	0	0	0	0	0	0	0	0	0	0	0	0	0	0	0	0	0	0	0	0	0	0	0	0	27	0	0	0	0	0	0	0	0	0	0	0	0	0	0	0	0	0	0	0	0	0	0	0	0	0	0	0	0	0	0	0	0	0	0	0	0	0	0	3	0	0	0	679	395	1459	425	0	0	0	0	735	6	0	0	0	0	0	0	0	0	0	0	0	0	0	0	0	0	0	0	0	0	0	0	0	0	0	0	18	278	0	0	0	0	0	0	0	0	0	0	0	0	0	0	0	0	746	100	219	78	9	0	0	0	0	14	0	0	0	0	0	0	8	0	0	0	0	0	35	0	0	0	0	0	0	0	0	0	0	6	18	13	0	0	0	0	0	0	0	0	0	0
Lachnospiraceae_ND3007_group	0	0	0	64	57	0	0	0	0	0	143	48	39	32	42	0	62	27	0	43	0	0	0	0	0	0	0	0	30	188	0	13	16	87	153	20	113	33	0	0	0	0	0	46	0	0	0	0	0	0	0	0	0	0	0	0	0	29	37	14	0	16	6	0	0	0	0	0	0	272	122	207	42	26	0	0	0	33	0	15	0	10	0	0	0	0	0	0	0	0	148	31	34	34	42	0	0	0	0	0	70	128	104	91	18	0	0	0	0	0	0	0	0	0	0	0	0	0	0	0	99	0	109	69	74	140	214	0	0	0	0	0	17	72	63	24	70	15	0	0	0	0	0	0	0	0	0	0	105	67	0	20	19	0	35	0	0	0	0	0	40	0	23	57	33	59	52	20	83	25	57	102	70	25	56	0	0	30	0	0	15	0	37	58	7	0	62	98	35	17	22	38	0	0	0	29	18	30	64	0	14	0	0	15	6
Faecalitalea	0	0	12	0	0	0	0	14	0	0	0	0	0	5	15	0	0	0	0	0	0	0	0	136	0	0	0	0	10	31	28	21	28	0	19	3	26	0	180	0	0	0	0	0	0	0	0	0	0	26	18	0	0	10	0	0	0	0	0	0	0	0	0	0	0	0	0	0	0	0	0	0	0	0	0	0	0	0	0	0	0	0	215	55	124	0	0	0	0	0	0	0	0	0	0	0	0	0	0	0	0	0	0	0	0	29	0	38	28	9	17	10	0	0	15	0	0	0	0	0	0	0	0	0	0	0	0	0	0	0	0	0	47	0	21	19	13	10	12	0	11	0	22	25	47	87	47	46	0	0	0	0	0	0	10	22	15	10	28	346	261	575	414	0	0	0	0	0	24	28	0	18	8	118	67	51	54	0	0	14	34	0	90	137	14	26	165	186	126	65	305	219	0	0	0	0	0	14	30	0	0	0	0	0	0
Clostridia_vadinBB60_group	0	0	0	11	0	4	7	5	13	25	0	0	0	0	0	23	0	71	0	0	0	0	0	0	0	0	0	0	0	0	0	0	0	0	21	0	5	0	0	0	3	2	2	0	28	20	30	322	253	0	0	4	0	0	0	0	0	0	0	0	0	0	0	12	10	0	0	0	12	0	0	0	0	0	0	0	0	0	0	17	12	0	918	100	88	0	0	0	0	20	0	0	0	0	0	0	0	0	0	0	0	0	0	0	0	137	173	41	38	0	0	0	11	0	0	66	57	443	172	10	0	0	0	0	0	0	0	0	0	0	0	0	4	0	0	0	0	0	57	13	55	25	15	0	0	0	0	0	96	83	12	119	0	12	64	17	25	17	0	33	0	8	35	89	44	68	118	27	108	0	0	0	0	0	0	59	98	0	0	0	0	0	0	0	0	0	0	0	0	0	0	0	65	72	83	23	11	0	0	0	0	0	3	0	0
Muribaculaceae	0	0	0	296	291	0	0	0	0	0	437	432	77	303	117	0	39	0	0	0	0	0	0	0	0	0	0	0	0	0	0	0	0	0	0	0	0	0	0	0	0	0	0	0	0	0	0	0	0	0	0	42	0	0	0	0	0	0	0	0	0	0	0	0	0	26	0	0	3	0	0	0	0	0	0	0	0	0	0	0	0	0	84	67	43	0	0	0	0	0	0	0	0	0	0	0	0	0	0	0	0	0	0	0	0	0	0	0	0	0	0	0	0	0	0	0	0	0	0	0	0	0	0	0	0	0	0	0	0	0	0	0	0	0	0	0	0	0	0	0	0	0	0	0	0	0	0	0	0	0	0	0	0	18	14	54	0	0	0	0	0	0	0	25	16	36	42	70	0	0	0	0	0	0	0	0	0	0	0	1984	142	81	0	0	0	0	0	0	0	0	0	0	0	0	0	0	0	0	0	0	0	0	0	0	0
Hungatella	0	0	0	11	0	0	0	0	0	0	0	0	0	0	0	530	0	45	11	0	29	0	0	0	0	0	0	0	0	0	55	0	159	0	0	0	0	0	0	8	0	0	0	0	23	25	20	13	37	0	0	0	0	0	0	0	0	0	0	15	0	0	21	0	0	0	0	0	0	47	15	46	0	0	0	0	0	0	11	24	29	0	21	0	0	11	30	12	0	49	0	0	0	0	0	0	0	0	0	0	0	15	0	0	0	0	0	0	134	14	6	29	17	58	11	0	0	15	36	79	118	0	119	261	138	191	263	29	149	34	0	116	31	14	28	17	0	14	44	11	11	24	22	8	0	35	11	0	0	0	0	0	0	6	0	37	71	0	296	89	0	33	0	26	10	0	0	8	22	0	0	0	0	0	0	200	22	0	0	0	0	13	0	12	0	0	0	0	0	0	0	0	0	0	0	0	16	0	0	0	0	0	0	0	0
Coprobacter	0	0	0	0	0	0	0	0	0	0	0	0	0	0	0	0	20	20	0	0	0	0	0	0	0	0	0	0	0	0	0	0	0	0	0	0	0	0	0	81	263	80	45	40	100	101	119	175	107	0	0	0	0	0	0	0	0	0	0	0	0	0	0	0	0	0	0	0	0	0	0	0	0	0	0	0	0	0	0	0	0	0	0	0	0	0	0	0	0	0	11	0	0	0	6	0	0	0	0	0	0	0	0	0	0	52	63	22	56	0	0	0	0	0	0	3	0	6	26	122	0	0	0	0	0	0	0	0	0	0	0	0	0	0	0	0	0	0	0	0	0	0	0	0	0	0	0	0	8	8	13	21	0	0	0	11	30	0	0	0	0	0	0	13	10	0	6	8	0	156	106	279	105	59	131	0	0	219	638	0	0	0	0	0	0	0	0	0	0	0	0	0	162	119	116	222	156	0	0	0	0	0	0	0	0
[Eubacterium]_ventriosum_group	0	0	0	0	0	0	0	0	0	0	136	16	0	32	15	0	0	0	0	0	0	0	0	91	0	0	0	0	149	82	34	80	57	14	0	0	11	33	18	0	0	0	0	0	0	0	0	25	0	0	0	0	0	0	0	0	0	0	0	0	0	0	0	0	0	0	0	0	0	89	73	37	293	117	7	0	0	15	0	23	0	20	10	0	0	0	0	0	0	0	174	37	60	64	33	0	0	0	0	0	17	11	17	17	8	0	0	0	15	0	17	7	0	0	0	0	0	0	0	0	0	0	104	39	17	32	18	0	0	0	0	0	60	0	16	13	17	35	0	0	0	0	0	17	33	104	38	108	42	30	42	97	71	31	0	0	0	0	0	0	0	0	0	0	0	12	3	10	118	34	25	54	92	103	42	0	31	38	0	0	0	0	0	0	0	0	0	19	32	24	16	19	0	0	0	8	0	49	43	0	10	10	0	28	13
Lachnospiraceae_UCG-001	0	55	0	19	5	16	0	0	0	0	77	138	66	86	138	21	52	12	0	45	0	0	0	8	0	0	0	0	68	110	20	84	40	21	182	0	578	62	57	0	0	0	0	0	0	0	0	0	0	0	0	0	0	0	0	0	0	0	0	0	0	0	0	0	0	0	0	0	0	0	0	0	29	87	0	0	0	0	0	0	0	0	0	0	0	0	0	0	0	0	275	78	197	278	22	0	0	0	0	0	0	0	0	0	0	0	0	0	0	0	0	0	0	0	0	12	0	0	0	0	31	9	0	0	0	0	12	0	0	0	0	0	0	27	20	27	48	13	0	0	0	0	0	0	0	0	0	0	40	48	13	41	11	0	0	0	0	0	0	7	0	0	0	0	0	0	0	0	0	0	21	0	0	0	50	0	16	0	0	16	26	17	0	0	0	0	0	24	17	0	0	42	0	0	0	0	0	0	0	0	79	19	0	71	40
Erysipelotrichaceae	0	0	0	0	0	8	5	33	23	0	0	0	0	0	0	0	0	0	0	0	0	0	0	0	0	0	0	0	0	0	0	0	0	0	0	0	0	0	84	17	44	66	57	0	0	0	0	0	0	0	0	0	0	0	0	0	0	0	0	0	0	0	0	0	0	0	0	0	0	0	0	0	0	0	0	0	0	0	0	0	0	0	0	0	0	0	0	0	0	0	0	0	0	0	0	0	0	0	0	0	0	0	0	0	0	103	40	321	70	0	0	0	0	0	0	0	0	0	0	0	19	0	0	81	25	20	171	0	0	0	0	0	0	0	0	0	0	0	70	40	63	68	101	0	0	0	0	0	0	0	0	0	0	0	0	0	0	0	0	143	111	462	455	0	0	0	0	0	0	0	0	0	0	0	0	676	210	0	0	0	0	0	0	0	0	0	0	0	0	0	0	0	0	0	0	0	0	0	0	0	0	0	0	0	0
Adlercreutzia	0	14	0	0	0	0	10	40	9	0	27	0	0	1	0	0	0	0	0	0	0	0	0	40	0	6	0	0	124	43	47	67	118	19	32	4	33	172	26	31	132	150	18	0	0	0	0	0	0	0	0	12	0	0	0	0	0	0	0	0	0	0	0	0	5	7	13	10	0	0	0	0	0	0	0	0	0	0	0	0	0	0	8	18	25	4	0	0	7	0	0	0	0	0	0	0	0	0	0	0	0	0	0	0	0	13	7	0	0	32	82	39	43	101	178	0	0	0	0	0	0	0	0	0	0	0	0	0	0	0	0	0	90	35	114	62	64	53	83	51	26	17	45	0	0	0	0	0	0	0	0	0	0	0	0	9	0	34	174	85	52	67	17	0	0	0	0	0	0	17	21	86	90	14	58	26	15	5	0	0	0	14	6	0	0	3	26	0	0	0	0	0	7	2	7	5	2	19	11	0	0	0	0	0	0
Mogibacterium	0	0	0	0	0	0	0	0	0	0	0	0	0	0	0	0	0	0	0	0	0	0	0	0	0	0	0	0	0	0	0	0	0	0	0	0	0	0	0	0	0	0	0	0	0	0	0	0	0	0	0	25	0	0	0	0	0	0	0	0	0	0	0	46	32	22	32	28	64	0	0	0	0	0	0	0	0	0	0	0	0	0	0	0	0	0	0	0	0	0	0	0	0	0	0	35	0	0	10	12	0	0	0	0	0	0	0	0	0	0	0	0	0	0	0	108	78	72	241	227	0	0	0	0	0	0	0	0	0	0	0	0	0	0	0	0	0	0	0	0	0	0	0	0	0	0	0	0	0	0	0	0	0	58	67	67	123	0	0	0	0	0	0	103	34	64	21	157	0	0	0	0	0	0	0	104	81	0	0	0	0	0	0	0	0	0	0	0	0	0	0	0	97	153	202	105	169	0	0	0	110	232	110	80	73
Romboutsia	0	0	0	0	0	0	0	0	0	0	0	0	0	0	0	0	0	0	0	0	0	0	0	0	0	0	0	0	0	35	0	0	0	0	0	0	0	0	0	0	0	0	0	0	0	0	0	0	0	0	0	51	0	0	0	0	0	0	0	0	0	0	0	120	57	39	49	104	94	0	0	0	0	0	0	0	0	0	104	0	0	17	0	0	0	0	0	0	0	0	0	0	0	0	0	1422	319	325	84	163	0	0	0	0	0	0	0	0	0	0	0	0	0	0	0	0	0	0	0	0	0	0	0	0	0	0	0	0	0	0	0	0	0	0	0	0	0	0	0	0	13	0	8	0	0	0	0	0	0	0	0	0	0	0	0	0	0	0	0	0	0	0	0	0	0	0	0	0	0	0	0	0	0	33	32	55	49	0	0	0	0	0	0	0	0	0	0	0	0	0	0	0	0	0	0	0	0	0	0	0	0	0	0	0	0
UC5-1-2E3	0	0	0	84	35	20	40	16	38	21	0	0	0	0	0	0	0	0	0	0	0	0	0	0	0	0	0	0	0	0	0	0	0	0	0	0	0	0	95	1073	486	60	71	0	91	31	36	62	117	13	13	0	0	0	14	0	33	0	0	0	0	0	0	0	0	0	0	0	0	0	0	18	0	0	0	18	42	0	0	0	0	0	41	85	81	0	40	20	30	87	0	0	0	0	0	0	0	0	0	0	0	0	0	0	0	0	0	0	0	0	0	0	0	0	0	0	0	0	0	0	22	0	0	0	0	0	132	0	0	0	0	0	0	0	0	0	0	0	0	0	0	0	0	0	0	0	0	0	0	0	0	0	0	0	0	0	0	0	0	0	0	0	0	0	0	0	0	0	0	0	0	0	0	0	0	0	0	0	0	0	0	0	6	32	0	0	18	0	0	0	8	0	0	0	0	0	0	0	0	0	0	0	0	0	0
CAG-352	0	0	0	0	0	9	0	25	30	0	0	0	0	0	0	0	0	0	0	0	0	0	0	0	0	0	0	0	0	0	0	0	0	0	0	0	0	0	46	0	0	0	22	0	0	0	0	0	0	38	31	0	0	33	0	24	0	0	0	0	0	0	0	0	0	0	0	0	0	0	0	0	0	0	0	0	0	0	0	0	0	0	1518	166	294	0	0	0	0	0	0	0	0	0	0	0	0	0	0	0	0	0	0	0	0	85	15	16	0	0	0	0	0	0	0	24	0	0	51	7	0	0	0	0	0	0	0	0	0	0	0	0	0	0	0	0	0	0	0	0	0	0	0	0	0	0	0	0	40	73	66	235	99	0	0	0	0	0	0	0	0	0	0	0	0	0	0	0	0	0	0	0	0	0	0	0	0	0	0	0	0	0	0	0	0	0	0	0	0	0	0	0	0	0	0	0	0	0	0	0	64	0	18	38	0
Terrisporobacter	0	0	0	0	0	0	0	0	0	0	0	0	0	0	0	0	0	0	0	0	0	0	0	0	0	0	77	0	155	180	22	53	741	0	0	0	0	0	0	276	15	0	0	0	0	0	0	0	0	0	0	0	0	0	0	0	0	0	0	0	0	0	0	0	0	0	0	0	0	0	0	0	0	0	0	0	68	0	0	0	0	0	0	0	0	0	0	0	0	0	0	0	0	0	0	0	150	0	1080	164	0	0	0	0	0	0	0	0	0	0	0	0	0	0	0	0	0	0	0	0	0	0	0	0	0	0	0	0	0	0	0	0	0	0	0	0	0	0	0	0	0	0	0	0	0	0	0	0	0	0	0	0	0	0	0	0	0	0	0	0	0	0	0	0	0	0	0	0	0	0	0	0	0	0	0	0	0	0	0	0	0	0	0	0	0	0	0	0	0	0	0	0	0	0	0	0	0	0	0	0	0	0	0	0	0
UCG-005	0	0	0	0	0	42	84	191	79	61	0	0	0	0	0	78	100	103	0	0	0	0	0	0	0	0	0	0	20	18	33	0	0	0	153	0	0	0	106	0	0	17	23	0	0	0	0	0	12	0	0	0	0	0	0	0	0	0	0	0	0	0	0	18	0	0	4	14	12	0	0	0	0	0	0	0	0	26	53	38	36	0	46	0	0	0	115	47	41	66	13	0	0	0	0	0	0	0	0	0	0	0	0	0	0	0	0	0	0	0	0	0	0	0	0	9	30	0	0	9	0	0	0	0	0	0	0	0	0	0	0	0	0	0	0	0	0	0	21	0	10	0	0	0	0	0	0	0	112	171	190	107	97	0	68	13	17	14	0	0	0	0	0	28	0	15	15	42	131	13	0	13	0	0	0	15	17	0	0	0	0	0	0	0	0	0	0	0	0	0	0	0	0	0	0	6	0	0	0	0	0	0	0	0	0
Sellimonas	0	0	0	0	0	11	0	24	20	0	0	0	0	0	0	0	0	0	0	0	0	0	0	0	0	0	0	0	0	0	0	0	0	0	0	0	0	0	120	309	564	111	81	0	81	15	16	39	54	12	14	0	0	0	0	0	21	0	0	0	0	0	0	0	0	0	0	0	0	0	0	0	0	0	0	0	0	0	25	12	0	0	0	0	0	0	0	0	0	0	0	0	0	0	0	0	0	0	0	0	28	31	16	51	117	0	0	0	0	0	0	0	0	0	0	0	0	0	0	0	140	0	0	10	17	0	89	54	25	0	0	0	96	29	33	17	16	15	0	0	0	0	0	0	0	0	0	0	0	0	0	0	0	0	0	0	0	0	13	10	0	0	0	0	0	0	0	0	0	0	0	0	0	0	0	0	0	0	0	0	0	0	0	40	0	0	95	38	103	84	0	0	0	0	0	0	0	0	0	0	0	0	0	0	0
Lachnospiraceae_NC2004_group	23	31	0	18	27	0	25	29	0	0	0	22	15	0	18	54	38	131	17	0	0	0	0	0	0	24	0	0	27	46	38	26	68	0	35	0	33	0	168	0	91	71	26	0	0	0	0	0	24	0	0	0	0	0	0	0	0	0	0	0	0	0	0	0	0	0	9	5	0	0	0	0	0	0	0	0	0	0	0	0	0	0	27	0	0	0	0	0	0	0	0	0	0	0	0	0	0	0	0	0	0	53	0	0	12	9	0	0	0	0	14	0	0	13	8	40	21	6	29	0	0	0	23	13	0	16	55	0	0	0	0	0	56	0	0	0	0	0	0	39	54	0	53	0	0	11	0	18	11	0	16	12	24	0	15	0	0	28	50	61	38	17	27	34	0	54	22	12	53	0	0	48	27	0	62	0	0	11	0	13	0	15	0	0	0	0	0	0	0	20	0	0	0	21	0	0	0	0	0	0	7	0	9	0	10
Haemophilus	0	0	0	0	0	0	0	0	0	0	3	0	0	0	0	2	6	0	0	6	0	0	0	0	0	0	0	0	39	162	0	195	51	0	0	0	0	0	0	0	0	0	0	0	0	0	0	0	0	0	0	0	0	0	0	0	0	0	0	0	0	0	0	0	0	0	0	0	0	0	0	0	0	0	0	0	10	0	0	0	0	0	0	0	0	0	0	0	0	0	124	25	120	102	28	0	0	68	39	0	0	0	0	0	0	0	0	0	0	0	0	0	0	0	0	0	0	0	0	0	6	0	0	20	0	0	173	0	0	0	0	0	0	46	0	4	454	304	0	0	0	0	0	20	0	0	0	0	0	0	0	0	5	0	0	0	0	0	0	0	0	0	0	0	0	0	0	0	0	70	16	0	29	15	0	0	0	0	0	0	0	0	166	8	8	0	14	0	0	0	0	0	0	0	0	0	0	39	43	0	0	0	0	0	0
CAG-56	0	0	0	0	0	0	0	0	0	0	0	0	0	0	0	0	0	0	0	0	0	0	0	0	0	0	0	0	46	105	37	48	84	0	0	0	0	0	0	0	0	0	0	0	38	42	93	70	20	0	0	0	0	0	0	0	0	0	0	0	0	0	0	0	0	0	0	0	0	0	0	0	0	0	0	0	0	0	0	0	0	0	0	0	0	0	0	0	0	0	112	44	106	98	80	0	0	0	0	0	0	10	0	19	0	0	0	0	0	0	0	0	0	0	0	0	0	0	0	0	0	0	0	0	0	0	0	0	0	0	0	0	0	0	0	0	0	0	0	0	0	0	0	0	0	0	0	0	33	45	0	17	228	0	0	11	0	0	0	0	0	0	0	0	0	15	0	0	0	0	0	0	0	0	0	0	0	0	0	117	344	26	0	0	0	0	0	164	39	16	66	209	0	0	0	0	0	0	0	0	0	0	0	17	0
UCG-010	0	0	0	0	0	8	6	15	0	0	0	0	0	0	0	124	67	204	0	0	0	0	0	0	0	0	0	0	0	0	0	0	0	0	5	0	0	0	22	0	9	3	0	0	25	0	0	144	154	0	0	0	0	0	0	0	0	0	0	0	0	0	0	7	0	0	0	0	11	0	0	0	0	0	0	0	0	0	0	0	0	0	467	129	188	0	0	0	0	0	0	0	0	0	0	0	0	0	0	0	0	0	0	0	0	0	0	8	0	0	0	0	8	0	0	9	0	17	5	0	0	0	0	0	0	0	0	0	0	0	0	0	0	0	0	0	0	0	49	48	64	48	69	0	0	0	0	0	29	10	14	28	43	0	33	0	0	0	0	8	0	0	0	41	0	30	7	22	54	0	0	0	0	0	0	34	36	0	0	0	0	0	0	0	0	0	0	0	0	0	0	0	0	18	19	10	16	0	0	0	0	0	0	0	0
UCG-003	24	42	0	0	0	72	60	25	21	64	13	10	8	13	0	0	10	0	0	158	20	0	0	0	0	20	0	0	17	22	0	129	17	9	0	0	0	0	0	0	0	0	0	11	0	47	22	6	22	0	0	11	0	0	0	0	0	0	0	0	0	0	0	83	0	0	0	0	18	0	0	0	0	0	5	18	16	14	31	29	0	0	0	0	0	0	0	0	0	0	32	33	0	39	18	0	0	0	0	0	0	0	0	0	0	0	0	0	0	0	0	0	0	0	0	16	13	0	0	0	0	0	0	0	0	0	0	0	0	0	0	0	0	0	0	0	0	0	18	19	0	0	9	0	0	0	0	0	29	33	31	16	16	0	17	0	0	0	0	0	0	0	0	157	90	152	101	88	61	11	0	22	0	0	0	0	0	0	0	43	0	0	0	0	0	0	0	0	0	0	13	0	41	16	11	17	40	14	0	0	13	0	0	0	0
Anaerotruncus	19	24	0	24	29	15	30	41	33	32	0	9	0	0	13	0	0	0	0	0	0	0	0	25	0	15	0	0	0	0	0	5	0	0	0	0	0	0	12	0	79	85	50	0	10	9	8	33	25	31	14	20	3	0	0	0	0	0	0	0	0	0	6	69	14	26	27	13	48	0	0	0	0	0	0	0	0	0	0	0	0	0	0	0	0	17	0	0	14	16	15	0	0	0	0	0	0	0	0	0	0	0	0	0	0	0	9	24	4	18	7	22	22	30	127	0	0	0	0	22	0	0	17	33	0	31	29	17	13	0	0	0	10	0	20	9	0	0	37	20	38	32	43	0	0	0	0	0	0	0	0	0	0	0	0	0	0	0	0	21	14	52	55	12	9	44	31	10	36	0	0	0	0	0	0	34	0	0	0	0	0	0	0	0	0	0	8	0	0	0	0	0	49	94	137	61	35	0	0	0	0	0	0	0	0
Ligilactobacillus	42	65	481	0	0	0	0	0	0	0	0	0	0	0	0	0	0	0	0	0	0	0	0	0	0	32	0	14	0	0	0	0	0	0	0	0	0	0	0	0	0	0	0	0	0	0	0	0	0	0	0	0	0	0	0	0	0	0	0	0	0	0	0	0	0	0	0	0	0	0	0	0	0	0	0	0	0	0	0	0	0	0	0	0	0	0	0	0	0	0	0	0	0	0	0	7	0	0	0	0	0	0	0	0	0	4	0	0	0	0	0	0	0	0	0	0	0	0	0	0	0	41	0	0	0	0	0	0	0	0	0	0	0	0	0	0	0	0	138	8	233	92	141	0	0	0	0	0	0	0	0	0	0	0	0	0	0	0	0	93	80	59	10	0	0	0	0	0	0	0	0	0	0	0	0	0	0	0	0	0	17	0	0	0	0	0	0	0	0	0	0	0	93	95	55	126	269	0	0	0	0	0	0	0	0
Proteus	0	0	0	0	0	0	0	0	0	0	0	0	0	0	0	0	0	0	0	0	0	0	0	0	0	0	0	0	0	0	0	0	0	0	0	0	0	0	0	0	0	0	0	0	0	0	0	0	0	0	0	0	0	0	0	0	0	0	0	0	0	0	0	0	0	0	0	0	0	0	0	0	0	0	0	0	0	0	0	0	0	0	0	0	0	0	0	0	0	0	0	0	0	0	0	535	112	478	329	409	0	0	0	0	0	0	0	0	14	0	0	0	0	0	0	0	0	0	0	0	181	0	0	0	0	0	0	0	0	0	0	0	0	0	0	0	0	0	0	0	0	0	0	0	0	0	0	0	0	0	0	0	0	0	0	0	0	0	0	0	0	0	0	0	0	0	0	0	0	0	0	0	0	0	0	0	0	0	0	0	9	0	0	0	0	0	0	5	4	0	62	3	0	0	0	0	0	0	0	0	0	0	0	0	0
Lachnospiraceae_UCG-004	0	0	0	0	0	25	0	0	0	0	0	0	0	0	0	0	0	0	42	209	6	38	0	0	0	0	0	0	84	71	0	114	12	126	0	65	0	0	0	0	0	0	0	18	0	0	0	0	0	0	0	0	0	0	0	0	0	44	55	14	0	53	7	0	0	0	0	0	0	0	0	0	0	0	0	0	62	52	0	0	0	0	0	0	0	0	0	0	0	0	61	43	38	64	42	0	0	0	0	0	0	18	71	27	42	0	0	0	0	0	0	0	0	0	0	0	29	0	0	0	80	0	33	0	0	0	49	0	0	0	0	0	0	0	0	0	149	0	0	0	0	0	0	0	0	0	0	0	73	25	0	9	0	0	0	0	0	0	0	0	0	0	0	0	0	0	0	0	0	17	0	0	0	0	0	0	0	0	0	0	0	0	0	0	0	0	0	0	0	0	0	0	0	0	0	0	0	0	0	0	0	0	0	0	0
Prevotella	0	10	0	0	0	0	0	0	0	0	0	0	0	0	0	0	0	13	0	0	0	0	0	0	0	0	0	0	0	0	0	0	0	0	0	0	0	0	0	0	0	0	0	0	0	0	0	0	0	0	0	0	0	0	0	0	0	0	0	0	0	0	0	0	0	0	0	0	0	0	0	0	0	0	0	0	0	0	0	0	0	0	0	0	0	0	0	0	0	0	0	0	0	0	0	0	0	0	0	0	0	0	0	0	0	0	0	73	0	0	0	0	0	102	0	0	0	0	0	0	0	0	0	0	0	0	0	0	0	0	0	0	0	0	0	6	0	0	0	0	11	7	33	0	0	0	0	0	0	0	0	0	0	102	232	231	7	0	0	0	0	0	0	126	261	147	411	153	0	0	0	0	0	0	0	0	0	0	0	0	0	0	0	0	0	0	0	0	0	0	0	0	0	0	0	0	0	0	0	0	0	0	0	0	0
Gastranaerophilales	0	0	0	0	0	0	0	0	0	0	0	0	0	0	0	0	0	0	0	17	0	0	0	0	0	0	0	0	0	0	0	0	0	40	0	0	0	0	0	0	0	0	0	0	10	20	204	30	39	190	141	0	10	25	22	37	0	0	0	0	0	0	0	0	0	0	0	0	0	0	0	0	0	0	0	0	0	0	0	0	0	0	85	14	15	0	11	115	0	0	11	0	0	0	0	0	0	0	0	0	0	0	0	0	0	19	11	0	0	0	0	0	0	0	0	0	0	0	0	0	0	0	0	0	0	0	0	0	0	0	0	0	0	0	0	0	0	0	0	0	0	0	0	7	0	0	0	0	56	59	102	0	0	33	51	134	18	4	0	0	10	0	120	0	11	13	156	0	0	0	0	0	0	0	0	4	20	0	0	0	25	0	0	0	0	0	0	0	0	0	0	0	0	0	0	0	0	0	0	0	0	0	0	0	0
Peptococcus	6	0	0	0	0	0	0	0	0	0	46	41	29	34	94	0	10	0	0	0	0	0	0	0	0	0	0	0	0	0	0	14	0	0	0	0	0	0	0	0	0	0	0	0	0	0	0	0	0	0	0	14	0	0	0	0	0	0	0	0	0	0	0	17	15	0	20	24	22	0	0	0	0	0	0	0	0	23	0	0	0	0	54	16	14	19	33	20	0	13	0	0	0	0	0	0	0	0	0	0	0	0	0	0	0	0	0	0	0	0	0	0	0	0	0	0	0	0	0	0	0	0	0	0	0	0	0	0	0	0	0	0	25	38	57	45	28	17	90	27	44	0	39	0	0	0	0	0	56	68	49	75	74	18	54	22	10	0	0	0	0	0	68	60	22	75	30	42	31	0	0	0	0	0	0	0	0	0	0	6	0	0	0	0	0	0	0	0	0	0	0	0	0	0	0	0	0	14	0	0	19	0	0	6	8
Eggerthella	4	8	8	0	8	0	12	25	0	0	12	6	0	0	25	7	0	0	9	55	19	0	60	21	0	9	0	15	18	0	10	26	24	0	0	0	0	0	0	0	0	10	0	0	0	10	4	0	0	6	0	0	0	0	0	0	0	9	8	5	0	0	13	0	0	0	0	0	0	12	9	7	13	0	0	0	0	0	23	0	0	0	37	61	92	0	12	0	4	11	0	0	0	0	0	0	0	0	0	0	0	0	0	0	11	5	0	0	0	0	0	5	0	7	10	0	0	0	0	0	0	0	17	49	11	35	39	23	39	11	0	29	71	0	106	20	44	60	30	17	48	45	38	0	0	18	5	17	0	0	0	0	0	0	0	0	0	8	53	0	10	20	12	0	0	0	0	0	0	0	0	14	0	0	8	38	19	0	0	0	0	0	0	0	0	0	0	11	15	6	27	12	0	0	0	0	0	0	0	0	0	3	0	0	0
Family_XIII_AD3011_group	0	4	0	0	0	0	0	0	26	12	0	0	0	10	8	21	26	57	0	0	0	0	0	22	0	6	0	0	9	0	9	10	5	0	91	0	30	44	42	0	8	7	0	0	0	0	6	0	6	0	0	9	0	0	0	0	0	0	0	0	0	0	0	0	0	8	7	0	13	0	0	5	6	0	0	0	10	0	0	7	13	0	31	0	31	0	0	0	0	0	0	0	0	0	0	0	0	0	0	0	0	0	0	0	0	0	0	16	0	0	0	0	0	0	0	0	0	0	0	0	8	0	53	52	84	35	71	0	0	0	0	0	0	12	20	0	8	0	14	0	12	11	12	0	0	0	0	0	0	15	5	19	34	9	24	13	29	0	0	36	15	67	32	51	0	38	24	58	29	0	0	0	0	0	0	6	19	0	0	0	0	24	0	5	0	0	4	0	0	0	0	0	0	0	8	0	0	0	0	0	50	33	18	21	40
Prevotellaceae_NK3B31_group	0	0	0	0	0	0	0	0	0	0	0	0	0	0	0	0	0	0	0	0	0	0	0	0	0	0	0	0	0	0	0	0	0	0	0	0	0	0	0	0	0	0	0	0	0	0	0	0	0	0	0	0	0	0	0	0	0	0	0	0	0	0	0	0	0	0	0	0	0	0	0	0	0	0	0	0	0	0	0	0	0	0	0	0	0	0	0	0	0	0	0	0	0	0	0	0	0	0	0	0	0	0	0	0	0	0	0	0	0	0	0	0	0	0	0	0	0	0	0	0	0	0	0	0	0	0	0	0	0	0	0	0	0	0	0	0	0	0	0	0	0	0	0	0	0	0	0	0	231	277	440	387	125	0	0	0	0	0	0	0	0	0	0	0	0	0	0	0	0	0	0	0	0	0	0	0	0	0	0	0	0	0	0	0	0	0	0	0	0	0	0	0	0	0	0	0	0	0	0	0	0	0	0	0	0
RF39	0	0	0	0	0	20	36	0	162	39	0	0	0	0	0	186	92	30	0	0	0	0	0	0	0	0	0	0	0	0	0	0	0	0	0	0	0	0	0	0	0	0	0	0	29	7	14	13	25	0	0	0	0	0	0	0	0	0	0	0	0	0	0	0	0	0	0	0	0	0	0	0	0	0	0	0	0	0	0	0	0	0	48	60	113	0	0	0	0	0	0	0	0	0	0	0	0	0	0	0	0	0	0	0	0	0	0	11	5	0	0	0	0	0	0	0	0	0	0	0	0	0	0	0	0	0	0	0	0	0	0	0	0	0	0	0	0	0	0	0	0	0	0	0	0	0	0	0	27	8	46	14	75	0	0	0	0	0	0	0	0	0	0	0	0	0	0	0	23	0	0	0	0	0	0	0	0	0	0	0	0	0	0	0	0	0	0	0	0	0	0	0	72	46	19	46	30	0	0	0	0	0	0	0	0
Limosilactobacillus	0	0	0	0	0	0	0	0	0	0	0	0	0	0	0	0	0	0	0	0	0	49	192	0	0	0	0	0	54	28	53	89	26	0	0	0	0	0	0	0	0	0	0	0	0	0	0	0	0	0	0	15	0	0	0	0	0	0	0	0	0	0	0	12	10	16	32	26	16	0	0	0	0	0	0	0	0	0	0	0	0	0	0	0	0	0	0	0	0	0	0	0	0	0	0	0	0	0	0	0	209	71	51	91	18	0	0	0	0	0	0	0	0	0	0	0	8	0	0	7	0	0	0	0	0	0	0	0	0	0	0	0	0	0	0	0	0	5	0	0	0	0	0	0	0	0	0	0	0	0	0	0	0	0	0	0	0	0	0	0	0	0	0	0	0	0	0	0	7	0	0	0	0	0	7	0	0	0	0	0	0	0	0	0	0	0	0	0	0	0	0	0	0	0	0	0	18	0	0	0	0	0	0	0	0
Actinomyces	0	3	0	0	0	0	0	0	0	0	0	9	0	0	0	24	0	13	0	0	0	0	40	0	0	0	27	0	0	0	0	11	0	0	0	0	0	0	0	0	0	0	0	0	0	0	0	0	0	0	0	0	0	0	0	0	0	0	0	0	0	0	0	0	0	0	0	0	0	11	0	5	13	5	0	0	0	0	0	0	0	0	0	0	0	0	0	0	0	5	0	0	0	0	0	286	27	36	28	179	0	0	0	0	0	0	0	0	0	0	0	0	0	0	0	0	0	0	0	0	20	0	0	15	8	9	21	11	0	0	0	0	0	0	0	0	0	9	0	0	0	0	0	0	0	0	0	0	0	0	0	0	5	0	0	0	2	5	36	0	0	0	0	0	0	0	0	0	0	2	12	15	16	11	0	0	0	0	0	3	0	0	0	0	0	0	56	0	0	0	0	3	16	14	34	20	20	0	0	0	0	0	0	0	0
Izemoplasmatales	0	0	0	0	0	49	0	5	7	24	0	0	0	0	0	29	5	43	0	0	0	0	0	0	0	0	0	0	0	0	0	0	0	0	0	0	0	0	7	0	0	0	0	0	0	0	0	5	7	0	0	0	0	0	0	0	0	0	0	0	0	0	0	0	0	0	0	0	0	0	0	0	0	0	0	0	0	0	0	0	0	0	96	15	37	0	0	0	0	0	0	0	0	0	0	0	0	0	0	0	0	0	0	0	0	104	35	8	14	0	0	0	0	0	0	0	0	0	0	0	0	0	0	0	0	0	0	0	0	0	0	0	0	0	0	0	0	0	0	0	12	0	0	0	0	0	0	0	0	0	0	0	0	0	119	42	0	0	0	0	0	0	0	0	0	0	0	0	62	0	0	0	0	0	0	0	0	0	0	0	0	0	0	0	0	0	0	0	0	0	0	0	84	86	118	44	26	0	0	0	0	0	0	0	0
Sarcina	0	0	0	0	0	61	139	449	171	47	0	0	0	0	0	0	0	0	0	0	0	0	0	0	0	0	0	0	0	0	0	0	0	0	0	0	0	0	0	0	0	0	0	0	0	0	0	0	0	0	0	0	0	0	0	0	0	0	0	0	0	0	0	0	0	0	0	0	0	0	0	0	0	0	0	0	0	0	0	0	0	0	0	9	43	0	0	0	0	0	0	0	0	0	0	0	0	0	0	0	0	0	0	0	0	0	0	0	0	0	0	0	0	0	0	0	0	0	0	0	0	0	0	0	0	0	0	0	0	0	0	0	0	0	0	0	0	0	0	0	0	0	0	0	0	0	0	0	0	0	0	0	0	0	0	0	0	0	0	0	0	0	0	0	0	0	0	0	0	0	0	0	0	0	0	0	0	0	0	0	0	0	0	0	0	0	0	0	0	0	0	0	0	0	0	0	0	0	0	0	0	0	0	0	0
Fusobacterium	0	0	0	0	0	0	0	0	0	0	0	0	0	0	0	0	0	0	0	0	0	0	0	0	6	0	0	0	4	0	0	9	0	0	0	0	0	0	0	0	0	0	0	0	0	0	0	0	0	0	0	0	0	0	0	0	0	0	0	0	0	0	0	0	0	0	0	0	0	0	0	0	0	0	0	0	0	0	0	0	23	0	0	0	0	0	0	0	0	0	0	0	0	0	0	25	6	0	187	12	0	0	0	0	0	0	0	0	0	0	0	0	0	0	0	0	0	0	0	0	0	0	0	0	0	0	0	0	0	0	0	0	0	0	0	0	0	0	0	0	0	18	0	0	0	0	0	0	0	0	0	0	0	15	0	12	6	0	0	0	0	0	0	15	93	82	304	79	0	0	0	0	0	0	0	0	0	0	0	0	0	0	0	0	0	0	0	0	0	0	0	0	0	0	0	0	0	0	0	0	0	0	0	0	0
Victivallaceae	0	0	0	0	0	0	0	0	0	0	0	0	0	0	0	0	0	0	0	0	0	0	0	0	0	0	0	0	0	0	0	0	0	0	0	0	0	0	0	0	0	0	0	0	0	0	0	0	0	0	0	0	0	0	0	0	0	0	0	0	0	0	0	0	0	0	0	0	0	0	0	0	0	0	0	0	0	0	0	0	0	0	38	0	11	0	0	0	0	0	0	0	0	0	0	0	0	0	0	0	0	0	0	0	0	17	8	0	0	0	0	0	0	0	0	0	0	0	0	0	0	0	0	0	0	0	0	0	0	0	0	0	0	0	0	0	0	0	0	0	0	0	4	0	0	0	0	0	20	36	15	35	0	16	62	22	80	0	0	0	0	0	0	0	34	0	95	0	10	0	0	0	0	0	0	0	0	0	0	0	0	0	0	0	0	0	0	0	0	0	0	0	71	74	96	22	22	0	0	0	0	0	0	0	0
[Eubacterium]_nodatum_group	0	0	0	0	0	0	0	0	0	0	11	0	7	0	20	0	0	0	0	0	0	0	0	41	0	0	0	0	0	0	0	0	0	0	6	0	32	13	0	0	8	0	0	0	0	0	0	0	0	12	4	0	0	5	0	0	2	0	0	0	0	0	0	0	0	0	0	0	8	31	0	0	51	11	0	0	0	0	0	0	0	0	12	0	0	4	0	0	0	11	0	0	0	0	0	0	0	0	0	0	0	0	0	0	0	0	0	0	0	13	0	11	20	52	41	8	7	0	0	6	0	0	0	0	0	0	0	7	18	0	0	15	0	0	0	0	0	0	0	11	22	14	14	0	0	0	0	0	0	0	0	0	10	0	0	0	0	39	46	41	19	13	0	0	0	0	0	0	0	0	0	0	0	0	0	0	0	0	0	6	0	0	0	41	0	3	16	0	0	0	0	0	0	0	0	0	0	0	0	0	0	0	0	0	0
Senegalimassilia	0	0	0	0	0	0	0	0	0	0	0	0	0	0	0	85	73	176	0	0	0	0	0	0	0	0	0	0	0	0	0	0	0	0	0	0	0	0	0	0	0	0	0	0	0	0	0	0	0	0	0	0	0	0	0	0	0	0	0	0	0	0	0	10	0	0	0	0	18	0	0	0	0	0	0	0	0	0	0	0	0	0	0	0	0	0	0	0	0	0	0	0	0	0	0	0	0	0	0	0	0	0	0	0	0	0	0	0	0	0	0	0	0	0	0	16	20	18	43	60	0	0	0	0	0	0	0	0	0	0	0	0	0	0	0	0	0	0	0	0	0	0	0	0	0	0	0	0	0	0	0	0	0	0	9	13	16	0	0	0	0	0	0	0	0	0	0	0	0	0	0	0	0	0	0	0	0	0	0	42	31	139	0	0	0	0	0	0	0	0	0	0	0	0	0	0	0	0	0	0	0	0	0	0	0
[Eubacterium]_ruminantium_group	0	0	0	131	86	0	0	0	0	0	0	0	0	0	0	0	12	14	0	0	43	0	0	0	0	0	0	0	0	0	0	0	0	0	0	0	0	0	0	0	0	0	0	0	0	0	0	0	0	0	0	0	0	0	0	0	0	0	0	0	0	0	0	0	0	0	0	0	0	0	0	0	0	0	0	0	0	0	0	16	26	0	0	0	0	0	0	0	0	0	0	0	0	0	0	0	0	0	0	0	0	0	0	0	0	0	0	0	0	0	0	0	0	0	0	0	0	0	0	0	0	0	0	0	0	0	0	0	0	0	0	0	0	0	14	0	0	0	0	0	0	0	0	0	0	0	0	0	0	0	0	0	0	0	0	0	0	0	0	0	0	0	0	0	0	0	0	0	39	37	0	160	0	0	0	0	0	0	0	0	0	0	0	0	0	0	0	0	0	0	0	0	0	0	0	0	0	0	0	0	115	49	0	0	12
Clostridioides	0	0	0	0	0	0	0	0	0	0	0	0	0	0	0	0	0	0	0	0	0	0	0	0	0	0	0	0	0	0	0	0	0	0	0	0	0	0	0	0	0	0	0	0	0	0	0	0	0	0	0	0	0	0	0	0	0	0	0	0	0	0	0	0	0	0	0	0	0	0	0	0	0	0	0	0	0	0	0	0	7	0	0	0	0	0	0	0	0	0	0	0	0	0	0	0	0	0	0	0	0	0	0	0	0	0	0	0	0	0	0	0	0	0	0	0	0	0	0	0	0	0	0	0	0	0	0	123	113	42	22	385	0	0	0	0	0	0	0	0	0	0	0	0	0	0	0	0	0	0	0	0	0	0	0	0	0	0	0	0	0	0	0	0	0	0	0	0	0	0	0	0	0	0	0	16	13	0	0	0	0	0	0	0	0	0	0	0	0	0	0	0	0	0	0	0	0	0	0	0	0	0	0	0	0
Lacticaseibacillus	0	0	0	0	0	0	0	0	0	0	0	0	0	0	0	0	0	16	0	0	0	28	3	0	9	0	58	45	0	0	9	58	14	0	0	0	0	0	0	0	0	0	0	0	0	0	0	0	0	3	0	12	0	0	0	0	0	0	0	0	0	0	0	5	0	7	17	20	40	21	0	12	8	10	0	0	0	0	0	0	0	0	0	0	0	0	0	0	0	0	0	0	0	0	0	0	0	0	0	0	0	0	0	0	0	0	0	0	0	0	0	0	0	0	0	0	0	0	0	0	39	0	0	0	8	13	28	0	0	0	0	0	0	0	0	0	0	0	31	7	37	18	49	0	0	0	0	0	0	0	0	0	0	0	0	0	0	0	0	0	0	0	0	0	0	0	0	0	0	0	0	0	0	0	0	0	0	0	0	0	0	0	0	0	0	0	0	0	0	0	0	0	0	0	0	0	0	10	20	0	30	0	5	0	18
Weissella	0	0	0	0	0	0	0	0	0	0	0	0	0	0	0	0	0	0	0	0	0	0	0	0	0	0	0	0	0	0	0	0	0	0	0	0	0	0	0	0	0	0	0	0	0	0	0	0	0	0	0	0	0	0	0	0	0	0	0	0	0	0	0	0	0	0	0	0	0	0	0	0	0	0	0	0	0	0	0	0	0	0	0	0	0	0	0	0	0	0	368	37	22	41	0	0	0	0	0	0	0	0	0	236	0	0	0	0	0	0	0	0	0	0	0	0	0	0	0	0	0	0	0	0	0	0	0	0	0	0	0	0	0	0	0	0	0	0	0	0	0	0	0	0	0	0	0	0	0	0	0	0	0	0	0	0	0	0	0	0	0	0	0	0	0	0	0	0	0	0	0	0	0	0	0	0	0	0	0	0	0	0	0	0	0	0	0	0	0	0	0	0	0	0	0	0	0	0	0	0	0	0	0	0	0
Lachnospiraceae_FCS020_group	0	0	0	0	0	0	21	0	0	0	0	0	0	0	0	0	4	8	0	0	0	7	0	0	0	0	0	0	56	59	22	24	14	8	0	0	6	17	0	0	0	0	0	0	0	0	0	0	0	0	0	0	0	0	0	0	0	0	0	0	0	0	0	0	0	0	0	0	0	25	8	31	35	11	0	0	0	0	0	0	0	0	0	0	0	0	0	0	0	0	24	0	13	0	31	0	0	0	0	0	10	8	0	13	0	0	0	0	0	0	0	0	0	0	0	0	0	0	0	0	0	0	0	0	0	0	39	0	0	0	0	0	31	18	37	16	0	26	0	0	0	0	0	0	0	0	0	0	0	0	0	0	0	0	10	0	0	0	25	0	0	0	0	0	0	0	0	0	0	0	0	0	0	0	0	0	0	0	0	0	0	0	0	0	0	0	0	0	0	0	0	23	0	0	0	0	0	0	10	0	0	0	0	7	0
Holdemania	0	0	4	9	7	3	0	0	7	5	0	0	0	0	0	0	0	0	0	0	0	0	0	0	0	0	0	0	8	10	12	25	6	14	24	0	8	0	16	7	38	37	17	0	8	10	13	7	17	11	11	0	0	0	0	0	5	7	0	0	0	0	5	0	0	0	0	0	0	17	0	8	0	0	0	0	0	0	0	0	0	0	18	18	0	0	0	0	0	6	0	0	0	0	0	0	0	0	0	0	0	0	0	0	0	0	0	0	0	0	0	7	7	0	13	8	0	0	0	3	0	0	0	0	0	0	0	0	0	0	0	12	0	0	19	11	10	0	0	0	5	2	0	0	5	9	7	13	0	0	0	0	13	3	0	0	0	6	7	9	8	22	16	5	0	0	0	0	0	0	0	0	0	0	0	0	0	4	0	5	0	0	0	0	0	0	0	0	0	0	0	0	0	0	0	0	0	12	7	0	0	0	7	3	3
DTU089	0	0	0	0	0	0	0	0	0	0	0	0	0	0	0	0	12	29	0	0	0	0	0	18	0	0	0	0	0	7	0	0	0	0	14	0	5	0	13	0	42	8	0	0	0	0	0	0	0	0	0	0	0	0	0	0	0	0	0	0	0	5	0	0	0	0	0	0	0	51	11	37	16	18	0	0	0	0	18	0	0	0	0	0	0	0	0	0	0	0	0	0	0	0	0	0	0	0	0	0	0	9	11	0	21	0	0	0	0	0	0	0	0	0	0	0	0	0	0	0	62	0	10	15	10	20	42	0	0	0	0	0	11	0	16	0	0	0	0	0	0	0	0	0	0	0	0	0	0	0	0	0	0	0	0	0	0	0	0	22	16	33	14	0	0	0	0	0	0	0	0	8	0	0	4	0	0	0	0	0	0	0	0	0	0	0	0	0	0	0	0	0	10	0	14	10	6	0	0	0	7	0	0	0	0
Victivallis	0	0	0	0	0	0	0	0	0	0	0	0	0	0	0	0	0	0	0	0	0	0	0	0	0	0	0	0	0	0	0	0	0	0	0	0	0	0	0	0	0	0	0	0	0	0	13	0	0	0	0	0	0	0	0	0	0	0	0	0	0	0	0	0	0	0	0	0	0	0	0	0	0	0	0	0	0	0	0	0	0	0	0	0	0	0	0	0	0	0	0	0	0	0	0	0	0	0	0	0	0	0	0	0	0	165	172	25	49	0	0	0	0	0	0	0	0	0	0	0	0	0	0	0	0	0	0	0	0	0	0	0	0	0	0	0	0	0	0	0	10	0	0	0	0	0	0	0	0	0	16	0	0	10	7	12	20	0	0	0	0	0	0	0	0	0	0	0	0	0	0	0	0	0	0	0	0	0	0	0	0	0	0	0	0	0	0	0	0	0	0	0	27	25	48	15	22	0	0	0	0	0	0	0	0
Family_XIII_UCG-001	0	0	0	0	0	0	0	0	0	0	0	0	0	0	0	0	0	0	0	0	0	0	0	0	0	0	0	0	13	18	11	0	0	7	0	0	16	37	30	0	0	33	0	0	0	0	0	0	0	0	0	0	0	0	0	0	0	0	0	0	0	0	11	0	0	0	0	0	0	17	0	0	28	8	0	0	0	0	13	0	0	0	0	0	0	0	0	0	0	0	10	0	0	0	0	0	0	0	0	0	0	0	0	0	0	0	0	0	0	0	0	0	0	0	0	0	0	0	0	0	0	0	0	0	0	0	0	0	0	0	0	0	13	0	10	4	0	0	0	0	0	0	0	0	0	0	0	0	0	0	0	0	0	0	0	17	0	0	0	0	10	7	7	0	4	0	0	10	11	11	0	15	43	0	30	0	8	0	0	0	0	4	0	0	0	0	0	0	0	0	0	0	0	0	0	0	0	0	0	0	42	50	16	29	31
Coprobacillus	0	0	0	0	0	0	0	0	25	0	6	0	0	0	0	0	0	0	0	0	0	0	0	21	0	0	0	0	0	0	14	8	18	0	0	0	0	0	0	0	0	0	0	0	0	0	0	0	0	0	0	0	0	0	0	0	0	0	0	0	0	0	0	0	0	0	0	0	0	0	0	0	0	0	0	0	0	0	15	0	11	0	0	0	0	0	0	0	0	0	0	0	0	0	0	0	0	0	0	0	0	0	0	5	11	0	0	0	0	0	0	6	0	42	0	0	0	0	0	0	0	0	0	0	0	0	9	23	0	0	0	20	0	0	0	0	0	0	2	18	8	30	4	0	13	40	12	41	0	0	0	0	0	0	0	23	101	0	0	9	0	13	5	0	0	0	0	0	5	0	0	0	0	0	0	41	0	0	0	0	0	0	0	0	0	0	0	0	0	0	0	0	0	0	0	0	0	0	8	0	0	0	0	0	0
Ruminiclostridium	0	0	0	0	0	0	0	10	12	11	0	0	0	0	0	12	0	32	0	0	0	0	0	0	0	0	0	0	0	0	0	0	0	0	0	0	0	0	26	0	46	0	6	0	8	0	0	13	5	8	3	18	0	0	0	0	0	0	0	0	0	0	0	14	8	7	13	11	20	0	0	0	0	0	0	12	0	0	0	0	0	0	0	0	0	0	0	0	4	0	0	0	0	0	0	0	0	0	0	0	0	0	0	0	0	10	0	12	0	0	0	0	11	0	0	5	0	12	0	0	0	0	0	0	0	0	0	0	0	0	0	0	0	0	0	0	0	0	0	0	0	0	0	0	0	0	0	0	0	0	10	15	14	0	0	6	8	0	0	8	5	0	19	0	0	0	0	0	40	0	0	0	0	0	0	29	24	0	0	0	0	0	0	0	0	0	0	0	0	0	0	0	12	11	25	8	6	0	0	0	0	0	0	0	0
Enterococcus	0	0	0	0	0	0	0	0	0	0	0	0	0	0	0	0	0	0	0	0	0	0	8	0	0	0	0	0	0	0	0	0	0	0	0	0	0	0	0	0	0	0	0	0	0	0	0	0	0	0	0	0	0	0	0	0	0	0	0	0	0	0	0	0	0	0	0	0	0	0	0	0	0	0	0	3	6	0	0	0	0	0	0	0	0	0	0	0	0	0	0	0	0	0	0	326	57	54	36	42	0	0	0	0	0	0	0	0	0	0	0	0	0	0	0	0	0	0	0	0	0	0	0	0	0	0	0	0	0	0	0	0	0	0	0	0	0	0	0	0	0	0	0	0	0	0	0	0	0	0	0	0	0	0	0	0	0	0	0	0	0	0	0	0	0	0	0	0	0	0	0	0	20	0	0	0	0	0	0	0	0	0	0	0	0	0	0	0	17	0	0	0	0	0	0	0	0	0	0	0	0	8	0	0	11
Merdibacter	0	0	0	0	0	0	0	0	0	0	0	0	0	0	0	0	0	0	0	0	0	0	0	0	0	0	0	0	0	0	0	0	0	0	0	0	0	0	0	0	54	48	47	0	14	14	0	15	15	0	0	0	0	0	0	0	0	0	0	0	0	0	0	0	0	0	0	0	0	13	4	0	0	0	0	0	0	0	0	0	0	0	0	0	0	0	8	13	0	32	0	0	0	0	0	0	0	0	0	0	0	0	0	0	0	10	4	18	15	0	0	0	0	0	0	0	0	0	0	0	0	0	0	0	0	0	0	0	0	0	0	0	33	12	43	16	0	0	0	0	0	0	0	0	0	0	0	0	0	0	0	0	0	0	0	0	0	0	0	0	0	0	0	0	0	0	0	0	0	0	0	0	0	0	0	90	31	0	0	0	0	0	0	0	0	0	0	17	12	10	0	0	0	0	0	0	0	0	0	0	0	0	0	0	0
Hydrogenoanaerobacterium	0	0	0	0	0	0	0	0	0	0	0	0	0	0	0	0	0	11	0	0	0	0	0	0	0	0	0	0	0	0	0	0	0	0	0	0	0	0	0	0	0	0	0	0	0	0	0	0	0	0	0	0	0	0	0	0	0	0	0	0	0	0	0	0	0	0	0	0	0	0	0	0	0	0	0	0	0	0	0	0	0	0	71	74	38	0	0	0	0	0	0	0	0	0	0	0	0	0	0	0	0	0	0	0	0	12	12	0	3	0	0	0	0	0	0	0	0	41	29	0	0	0	0	0	0	0	0	0	0	0	0	0	0	0	0	0	0	0	0	0	0	9	0	0	0	0	0	0	8	0	0	0	0	0	8	0	13	0	0	0	0	0	0	5	0	8	6	0	0	0	0	0	0	0	0	46	80	0	0	0	0	0	0	0	0	0	0	0	0	0	0	0	5	20	38	15	19	0	0	0	0	0	0	0	0
[Eubacterium]_fissicatena_group	0	0	0	0	0	0	0	0	0	0	0	0	0	0	0	47	37	110	0	0	0	0	0	0	0	0	0	0	0	0	0	0	0	0	2	0	0	0	43	0	0	5	0	0	0	0	0	0	0	0	0	0	0	0	0	0	0	0	0	0	0	0	0	0	0	0	1	2	28	1	1	0	0	0	0	0	3	0	0	0	0	0	0	0	0	0	0	0	0	0	10	0	0	0	0	0	0	0	0	0	0	0	0	0	0	0	0	0	0	0	0	0	0	0	0	0	0	0	0	0	1	0	7	2	0	8	13	7	9	0	4	5	9	3	0	0	0	4	36	21	61	20	17	0	10	0	0	0	0	0	0	0	0	0	0	0	0	7	0	0	0	0	0	0	0	0	0	0	0	0	0	0	0	0	0	2	21	0	0	0	0	0	0	0	0	0	0	0	0	0	0	0	0	0	10	0	0	0	0	0	0	0	0	0	0
Sanguibacteroides	0	0	0	0	0	0	0	0	0	0	0	0	0	0	0	0	0	5	0	0	0	0	0	0	0	0	0	0	0	0	0	0	0	0	0	0	0	0	0	0	0	0	0	0	0	0	0	0	0	0	0	0	0	0	0	0	0	0	0	0	0	0	0	0	0	0	0	0	0	0	0	0	0	0	0	0	0	0	0	0	0	0	0	0	0	0	0	0	0	0	0	0	0	0	0	0	0	0	0	0	0	0	0	0	0	150	66	102	60	0	0	0	0	0	0	0	0	0	0	0	0	0	0	0	0	0	0	0	0	0	0	0	0	0	0	0	0	0	0	0	0	0	0	0	0	0	0	0	7	0	0	22	32	6	21	12	16	0	0	0	0	0	0	17	6	0	11	22	0	0	0	0	0	0	0	0	0	0	0	0	0	0	0	0	0	0	0	0	0	0	0	0	0	0	0	0	0	0	0	0	0	0	0	0	0
Anaerostignum	0	0	0	0	0	0	0	0	0	0	0	21	17	0	0	0	0	0	0	0	0	0	0	0	0	28	0	0	0	0	0	0	0	18	0	11	0	0	0	93	48	10	0	0	0	0	0	0	0	0	0	0	0	0	0	0	0	0	0	0	0	0	0	0	0	0	0	0	0	0	0	0	0	0	0	0	0	0	0	0	0	0	0	0	0	0	0	0	0	0	0	0	0	0	0	0	0	0	0	26	0	0	0	0	15	0	0	0	0	0	0	0	0	0	0	0	0	0	0	0	0	0	0	0	0	0	0	17	0	0	0	0	0	0	0	0	0	0	0	0	0	0	0	0	0	0	0	0	0	0	0	0	0	0	0	0	0	0	0	76	0	0	7	0	0	0	0	0	0	0	0	0	0	0	0	0	0	36	15	0	16	15	0	0	0	0	0	0	0	0	0	0	0	0	0	0	0	40	30	0	0	0	0	0	0
Slackia	0	14	0	0	0	0	0	0	0	0	9	0	0	0	12	0	0	0	0	0	0	0	0	158	0	25	0	0	0	0	0	0	0	0	0	0	0	0	0	0	0	0	0	0	0	0	0	0	0	0	0	19	0	0	0	0	0	0	0	0	0	0	0	18	0	18	14	0	25	0	0	0	0	0	0	0	0	0	0	0	0	0	0	0	0	0	0	0	0	0	49	24	21	0	27	0	0	0	0	0	0	0	0	0	0	0	0	0	0	0	0	0	0	0	0	0	0	0	0	0	0	0	0	0	0	0	0	0	0	0	0	0	0	0	0	0	0	0	0	0	0	0	0	0	0	0	0	0	0	0	23	0	0	0	0	0	0	0	0	0	0	0	0	0	0	0	0	8	13	0	0	0	0	0	0	0	0	0	0	0	0	0	0	0	0	0	0	0	0	0	0	0	0	10	7	6	16	0	0	0	0	0	0	0	0
Peptoclostridium	0	0	0	0	0	0	0	0	0	0	0	0	0	0	0	0	0	0	0	0	0	0	0	0	0	0	0	0	0	0	0	0	0	0	0	0	0	0	0	0	0	0	0	0	0	0	0	0	0	0	0	0	0	0	0	0	0	0	0	0	0	0	0	0	0	0	0	0	0	0	0	0	0	0	0	0	0	0	0	0	0	0	0	0	0	0	0	0	0	0	0	0	0	0	0	0	0	0	0	0	0	0	0	0	0	0	0	0	0	0	0	0	0	0	0	0	0	0	0	0	0	0	0	0	0	0	0	0	0	0	0	0	0	0	0	0	0	0	0	0	0	0	0	0	0	0	0	0	0	0	0	0	0	0	0	0	0	0	0	0	0	0	0	45	15	34	15	387	0	0	0	0	0	0	0	0	0	0	0	0	0	0	0	0	0	0	0	0	0	0	0	0	0	0	0	0	0	0	0	0	0	0	0	0	0
Catenibacterium	0	0	0	0	0	0	0	0	0	0	0	0	0	0	0	0	0	0	0	0	0	0	0	0	0	0	0	0	0	0	0	0	0	0	0	0	0	0	0	0	0	0	0	0	0	0	0	0	0	0	0	38	0	0	0	0	0	0	0	0	0	0	0	30	35	27	69	39	46	0	0	0	0	0	0	0	0	0	0	0	0	0	0	0	0	0	0	0	0	0	0	0	0	0	0	0	0	0	0	0	0	0	0	0	0	0	0	0	0	0	0	0	0	0	0	29	45	37	27	27	0	0	0	0	0	0	0	0	0	0	0	0	0	0	0	0	0	0	0	0	0	0	0	0	0	0	0	0	0	0	0	0	0	0	0	0	0	0	0	0	0	0	0	0	0	0	0	0	0	0	0	0	0	0	0	0	0	0	0	0	0	0	0	0	0	0	0	0	0	0	0	0	0	0	0	0	0	0	0	0	0	0	0	0	0
Granulicatella	0	0	0	0	0	0	0	0	0	0	0	0	0	0	0	0	0	0	0	0	0	0	0	0	8	0	0	0	0	0	0	24	0	0	0	0	0	0	0	0	0	0	0	0	0	0	0	0	0	0	0	0	0	0	0	0	0	0	0	0	0	0	0	0	0	0	0	0	0	9	0	0	0	0	0	0	0	0	0	0	0	0	0	0	0	0	0	0	0	0	0	0	0	0	0	195	0	49	22	56	0	0	0	0	0	0	0	0	0	0	0	0	0	0	0	0	0	0	0	0	0	0	0	0	0	0	30	0	0	0	0	0	0	0	0	0	0	10	0	0	0	0	0	0	0	0	0	13	0	0	0	0	0	0	0	0	0	0	0	0	0	0	0	0	0	0	0	0	0	0	0	11	0	0	0	0	4	0	0	0	7	0	0	0	0	0	7	0	0	0	0	0	0	0	0	0	0	0	0	0	0	0	0	0	0
Clostridium_sensu_stricto_13	0	0	0	0	0	0	0	0	0	0	0	0	0	0	0	0	0	0	0	0	0	0	0	0	0	0	0	0	0	0	0	0	0	0	0	0	0	0	0	0	0	0	0	0	0	0	0	0	0	0	0	32	0	0	0	0	0	0	0	0	0	0	0	21	8	68	37	0	20	0	0	0	0	0	0	0	0	0	0	0	0	0	0	0	0	0	0	0	0	0	0	0	0	0	0	0	71	0	0	0	0	0	0	0	0	0	0	0	0	0	0	0	0	0	0	0	0	0	0	0	60	0	0	0	0	0	0	11	0	0	0	67	0	0	0	0	0	0	0	0	0	0	0	0	0	0	0	0	0	0	0	0	0	0	0	0	0	0	0	0	0	0	0	0	0	0	0	0	0	0	0	0	0	0	0	0	0	0	0	0	0	0	0	0	0	0	0	0	0	0	0	0	0	0	0	0	0	0	0	0	0	0	0	0	0
Lactococcus	0	0	0	0	0	0	0	0	0	0	0	0	0	0	0	0	3	0	0	0	0	0	0	0	0	0	0	0	41	0	0	51	0	0	0	0	0	0	0	0	0	0	4	0	0	0	0	0	0	0	0	0	0	0	0	0	0	0	0	0	0	0	0	0	0	0	0	0	0	0	0	0	0	0	0	0	0	0	25	0	4	5	0	0	0	0	0	0	0	0	0	0	0	0	0	0	0	0	0	0	0	0	0	0	0	0	0	0	0	0	0	0	0	0	0	0	0	0	0	0	6	25	1	11	0	0	0	0	0	0	0	0	0	6	0	0	0	20	144	0	0	0	8	0	0	0	0	0	0	0	0	0	0	0	0	0	0	0	0	0	0	0	0	0	0	0	0	0	0	0	0	0	0	0	11	0	0	0	0	0	0	0	0	0	0	0	0	0	0	0	0	0	0	0	0	0	0	0	0	0	0	0	0	0	0
Eubacterium	0	0	0	0	0	0	3	0	0	0	0	0	0	0	0	0	0	0	0	0	0	0	0	0	0	0	0	0	0	0	0	0	0	0	0	0	0	0	0	0	0	0	0	0	0	0	0	0	0	0	0	11	0	0	0	0	0	0	0	0	0	0	0	0	8	8	5	15	31	0	0	0	0	0	0	0	0	0	12	0	6	0	0	0	0	0	0	0	0	0	0	0	0	0	0	0	0	0	0	0	0	0	0	0	3	10	5	19	14	0	0	0	0	0	0	0	0	0	14	15	0	0	0	0	0	0	0	0	0	0	0	0	0	0	0	0	0	0	12	6	14	5	13	0	0	0	0	0	0	0	0	0	0	0	0	0	0	0	24	0	0	0	0	9	0	11	0	0	0	0	0	0	0	0	0	50	10	0	0	0	0	0	0	0	0	0	0	0	0	0	0	0	5	0	12	4	4	0	0	0	0	0	0	0	0
Coriobacteriaceae_UCG-003	0	0	0	0	0	0	0	0	0	0	0	0	0	0	0	92	91	165	0	0	0	0	0	0	0	0	0	0	0	0	0	0	0	0	0	0	0	0	0	0	0	0	0	0	0	0	0	0	0	0	0	0	0	0	0	0	0	0	0	0	0	0	0	0	0	0	0	0	0	0	0	0	0	0	0	0	0	0	0	0	0	0	0	0	0	0	0	0	0	0	0	0	0	0	0	0	0	0	0	0	0	0	0	0	0	0	0	0	0	0	0	0	0	0	0	0	0	0	0	0	0	0	0	0	0	0	0	0	0	0	0	0	0	0	0	0	0	0	0	0	0	0	0	0	0	0	0	0	0	0	0	0	0	0	0	0	0	0	0	0	0	0	0	0	0	0	0	0	0	0	0	0	0	0	0	0	0	0	0	0	0	0	0	0	0	0	0	0	0	0	0	0	0	0	0	0	0	0	0	0	0	0	0	0	0
[Eubacterium]_brachy_group	0	0	0	0	0	0	0	7	0	0	0	0	0	0	10	0	7	13	0	0	0	0	0	0	0	0	0	0	0	0	0	0	0	0	13	0	18	61	12	0	10	0	0	0	14	0	0	0	0	0	0	0	0	0	0	0	0	0	0	0	0	0	0	0	0	0	0	0	0	0	0	0	12	0	0	0	0	0	6	0	0	4	0	0	0	0	0	0	0	0	0	3	0	0	0	0	0	0	0	0	0	0	0	0	0	0	0	0	0	0	0	0	0	0	0	0	0	0	0	0	0	0	0	0	0	0	44	0	11	0	0	0	0	0	5	0	6	0	0	0	0	0	25	0	0	11	0	0	0	0	0	0	0	0	9	0	0	0	0	0	0	0	8	0	0	0	0	0	0	0	0	0	0	0	0	0	0	0	0	0	0	0	0	0	0	0	0	10	0	0	0	6	0	0	0	0	0	0	0	0	0	0	0	0	0
Lachnospiraceae_UCG-010	0	0	0	0	0	0	0	0	0	0	0	0	0	0	0	0	0	0	0	0	0	0	0	0	0	0	0	0	0	0	0	0	0	11	0	0	0	0	0	0	0	0	0	0	0	0	0	0	0	0	0	0	0	0	0	0	0	0	0	0	0	0	0	0	0	0	0	0	0	0	0	0	0	0	0	0	0	0	0	0	0	0	70	24	20	0	0	0	0	0	0	0	0	0	0	0	0	0	0	0	0	0	0	0	0	48	15	66	14	0	0	0	0	0	0	0	0	0	0	0	0	0	0	0	0	0	0	0	0	0	0	0	0	0	0	0	0	0	0	0	0	0	0	0	0	0	0	0	0	0	0	0	0	0	0	0	0	0	0	0	0	0	0	0	0	0	0	0	0	0	0	0	0	0	0	33	22	0	0	0	0	0	0	0	0	0	0	0	0	0	0	0	0	0	0	0	0	0	0	0	0	0	0	0	0
Fournierella	0	0	0	0	0	0	0	0	0	0	0	0	0	0	0	1	0	0	0	0	0	0	0	0	0	0	0	0	0	0	0	0	0	0	0	0	0	0	0	0	83	16	7	0	0	0	0	0	0	0	0	0	0	0	0	0	0	0	0	0	0	0	0	0	0	0	0	0	0	0	0	0	0	0	0	0	1	0	0	0	0	0	24	0	7	0	14	19	0	22	0	0	0	0	0	0	0	0	0	0	0	2	0	0	0	0	0	0	0	0	0	0	0	0	0	0	0	0	0	0	0	0	0	0	0	0	0	0	0	0	0	0	27	18	36	17	16	0	0	1	0	1	0	0	0	0	0	0	0	0	0	0	0	0	0	0	0	1	0	0	0	0	0	0	0	0	0	0	0	0	0	0	0	0	0	0	0	0	0	0	0	0	0	0	0	0	0	0	0	0	0	0	0	0	0	0	0	4	0	1	0	0	0	0	0
Howardella	0	0	0	0	0	0	0	0	0	0	0	0	0	0	0	0	0	0	0	0	0	0	0	0	0	0	0	0	0	0	0	0	0	0	0	0	0	0	0	0	0	0	0	0	0	0	0	0	0	0	0	0	0	0	0	0	0	0	0	0	0	0	0	0	0	0	0	0	0	0	0	0	0	0	0	0	0	0	0	0	0	0	0	0	0	0	0	0	0	0	0	0	0	0	0	0	0	0	0	0	0	0	0	0	0	0	0	0	0	0	0	0	0	0	0	9	0	16	34	34	0	0	0	0	0	0	0	0	0	0	0	0	0	0	0	0	0	0	28	11	19	18	21	0	0	0	0	0	0	0	0	0	0	0	0	0	0	0	0	0	0	0	0	24	0	0	0	7	0	0	0	0	0	0	0	0	0	0	0	0	0	4	0	0	0	0	0	0	0	0	0	0	0	0	0	0	0	0	0	0	26	10	18	15	21
Prevotella_7	24	11	0	0	0	0	0	0	0	0	0	0	0	0	0	0	0	0	0	240	0	0	0	0	0	5	0	0	0	0	0	0	0	0	0	0	0	0	0	0	0	0	0	0	0	0	0	0	0	0	0	0	0	0	0	0	0	0	0	0	0	0	0	0	0	0	0	0	0	0	0	0	0	0	0	0	0	0	0	0	0	0	0	0	0	0	0	0	0	0	0	0	0	0	0	0	0	0	0	0	0	0	0	0	0	0	0	0	0	0	0	0	0	0	0	0	0	0	0	0	0	0	0	0	0	0	0	0	0	0	0	0	0	0	0	0	0	0	0	0	0	0	0	0	0	0	0	0	0	0	0	0	0	0	0	0	0	0	0	0	0	0	0	0	0	0	0	0	0	0	0	0	0	0	0	0	0	0	0	0	0	0	0	0	0	0	0	0	0	0	0	0	0	0	0	0	0	0	0	0	0	0	0	0	0
Oscillibacter	0	0	0	6	0	0	0	0	0	0	3	0	13	0	0	0	0	0	0	0	0	0	0	0	0	0	0	0	0	0	0	0	0	0	0	0	0	0	0	0	0	0	0	0	0	0	0	0	0	0	0	0	0	0	0	0	0	0	22	22	0	22	15	0	0	0	0	0	0	0	0	0	0	0	0	0	0	0	0	0	0	0	0	0	0	15	19	15	9	15	0	0	0	0	0	0	0	0	0	0	11	0	0	0	0	0	0	0	0	11	6	0	8	0	0	0	0	0	0	0	0	0	0	0	0	0	0	0	0	0	0	0	0	0	17	0	0	0	0	0	0	0	0	0	7	11	15	0	0	0	0	0	0	0	0	0	0	0	0	0	0	0	0	0	0	0	0	0	4	0	0	0	0	0	0	0	0	0	0	0	0	0	0	0	0	0	0	0	0	0	0	0	0	0	10	0	0	0	0	0	0	0	0	0	0
Cloacibacillus	0	0	0	0	0	0	0	0	0	0	0	0	0	0	0	0	0	0	0	0	0	0	0	0	0	0	0	0	0	0	0	0	0	0	0	0	0	0	0	0	0	0	0	0	0	0	0	0	0	0	0	0	0	0	0	0	0	0	0	0	0	0	0	0	0	0	0	0	6	0	0	0	0	0	0	0	0	0	0	0	0	0	0	0	0	0	0	0	0	0	0	0	0	0	0	0	0	0	0	0	0	0	0	0	0	5	3	13	6	0	0	0	0	0	0	0	0	0	0	0	0	0	0	0	0	0	0	0	0	0	0	0	0	0	0	0	0	0	24	21	30	23	52	0	0	0	0	0	0	0	0	0	0	0	0	0	0	0	0	0	0	0	0	10	0	13	0	0	0	0	0	0	0	0	0	0	0	0	0	0	0	0	0	0	0	0	0	0	0	0	0	0	0	11	8	24	18	0	0	0	0	0	0	0	0
Enterorhabdus	0	0	0	0	0	0	0	0	0	0	0	0	0	0	0	51	29	67	0	0	0	0	0	0	0	0	0	0	0	0	0	0	0	0	0	0	0	0	0	0	0	0	0	0	0	0	0	0	0	0	0	0	0	0	0	0	0	0	0	0	0	0	0	0	0	0	0	0	0	0	0	0	0	0	0	0	0	0	0	0	0	0	0	0	0	0	0	0	0	0	0	0	0	0	0	0	0	0	0	0	0	0	0	0	0	0	0	0	0	0	0	0	0	0	0	0	0	0	0	0	0	0	0	0	0	0	0	0	0	0	0	0	0	0	0	0	0	0	0	0	0	0	0	0	0	0	0	0	13	17	17	30	28	0	14	0	0	0	0	0	0	0	0	0	0	0	0	0	0	0	0	0	0	0	0	0	0	0	0	0	0	0	0	0	0	0	0	0	0	0	0	0	0	0	0	0	0	0	0	0	0	0	0	0	0
Anaerobiospirillum	0	0	0	0	0	0	0	0	0	0	0	0	0	0	0	0	0	0	0	0	0	0	0	0	0	0	0	0	0	0	0	0	0	0	0	0	0	0	0	0	0	0	0	0	0	0	0	0	0	0	0	0	0	0	0	0	0	0	0	0	0	0	0	0	0	0	0	0	0	0	0	0	0	0	0	0	0	0	0	0	0	0	0	0	0	0	0	0	0	0	0	0	0	0	0	0	0	0	0	0	0	0	0	0	0	0	0	0	0	0	0	0	0	0	0	0	0	0	0	0	0	0	0	0	0	0	0	0	0	0	0	0	0	0	0	0	0	0	0	0	0	0	0	0	0	0	0	0	0	0	0	0	0	0	0	0	0	0	0	0	0	0	0	11	52	42	138	22	0	0	0	0	0	0	0	0	0	0	0	0	0	0	0	0	0	0	0	0	0	0	0	0	0	0	0	0	0	0	0	0	0	0	0	0	0
Megamonas	0	0	0	0	0	0	0	0	0	0	0	0	0	0	0	0	0	0	0	0	0	0	0	0	0	0	0	0	0	0	0	0	0	0	0	0	0	0	0	0	0	0	0	0	0	0	0	0	0	0	0	0	0	0	0	0	0	0	0	0	0	0	0	0	0	0	0	0	0	0	0	0	0	0	0	0	0	0	0	0	0	0	0	0	0	0	0	0	0	0	0	0	0	0	0	0	0	0	0	0	0	0	0	0	0	0	0	0	0	0	0	0	0	0	0	0	0	0	0	0	0	0	0	0	0	0	0	0	0	0	0	0	0	0	0	0	0	0	0	0	0	0	0	0	0	0	0	0	64	29	115	39	8	0	0	0	0	0	0	0	0	0	0	0	0	0	0	0	0	0	0	0	0	0	0	0	0	0	0	0	0	0	0	0	0	0	0	0	0	0	0	0	0	0	0	0	0	0	0	0	0	0	0	0	0
Rothia	0	0	10	0	0	0	0	0	0	0	0	2	0	0	0	0	0	0	0	0	0	0	0	0	18	0	0	3	0	0	0	0	0	0	0	0	0	0	0	0	0	0	0	0	0	0	0	0	0	0	0	0	0	0	0	0	0	0	0	0	0	0	0	0	0	0	0	0	0	0	0	0	0	0	0	0	0	0	0	0	0	0	0	0	0	0	0	0	0	0	5	0	12	0	0	104	0	14	11	0	0	0	0	0	0	0	0	0	0	0	0	0	0	0	0	0	0	0	0	0	6	0	0	0	0	0	0	0	0	0	0	0	0	0	0	0	0	0	0	0	0	0	0	0	3	0	19	8	0	0	0	0	0	0	0	0	0	0	0	0	0	0	0	0	0	0	0	0	0	0	0	0	0	0	0	0	0	0	0	0	0	0	9	15	3	0	12	0	0	0	0	0	0	0	0	0	0	0	0	0	0	0	0	0	0
Gordonibacter	0	0	0	0	0	0	0	0	0	0	0	0	4	0	0	0	0	0	0	0	0	0	0	0	0	0	0	0	7	10	12	7	0	0	13	0	20	23	0	0	0	12	0	0	0	0	5	0	0	0	0	0	0	0	0	0	0	0	0	0	0	0	0	0	0	0	0	0	0	0	0	0	0	0	0	0	0	0	0	0	0	0	0	0	0	0	0	0	0	0	0	0	0	0	0	0	0	0	0	0	0	7	0	0	10	0	0	0	0	0	0	0	0	0	0	0	0	0	0	0	0	0	0	0	0	0	0	0	0	0	0	0	0	0	0	0	0	0	0	0	12	0	10	0	0	0	0	6	0	0	0	0	0	0	0	0	0	1	23	0	8	6	0	0	0	0	0	0	0	5	0	6	9	0	0	16	0	0	0	0	0	0	0	0	0	0	11	0	0	0	0	0	0	0	0	0	0	0	0	0	0	0	0	0	0
Oxalobacter	0	0	0	0	0	0	3	7	0	0	0	0	0	0	0	0	0	7	0	0	0	0	0	0	0	0	0	0	0	0	0	0	0	0	0	0	0	0	0	0	0	0	0	0	23	0	8	10	11	0	0	0	0	0	0	0	0	0	0	0	0	0	0	0	0	0	0	0	0	0	0	0	0	0	0	0	0	10	32	31	0	13	0	0	0	0	0	0	0	0	0	0	0	0	0	0	0	0	0	0	0	0	0	0	0	0	0	0	0	0	0	0	0	0	0	0	0	0	0	0	0	0	0	0	0	0	0	0	0	0	0	0	0	0	0	0	0	0	0	0	0	0	0	0	0	0	0	0	0	0	3	0	0	0	0	0	0	22	0	0	0	0	0	0	0	12	7	5	0	0	0	0	0	0	0	0	0	0	0	7	0	0	0	0	0	0	0	0	0	0	0	0	0	0	0	0	0	0	0	0	0	0	0	0	0
DTU014	0	0	0	0	0	11	0	21	18	18	0	0	0	0	0	0	0	0	0	0	0	0	0	0	0	0	0	0	0	0	0	0	0	0	0	0	0	0	0	0	0	0	0	0	8	0	0	0	11	0	0	0	0	0	0	0	0	0	0	0	0	0	0	0	0	0	0	0	0	0	0	0	0	0	0	0	0	0	0	0	0	0	23	0	0	0	5	4	0	6	0	0	0	0	0	0	0	0	0	0	0	0	0	0	0	0	0	0	0	0	0	0	0	0	0	0	0	0	0	0	0	0	0	0	0	0	0	0	0	0	0	0	0	0	0	0	0	0	0	0	0	0	0	0	0	0	0	0	0	0	0	0	0	0	0	0	5	0	0	10	0	15	0	0	0	0	0	0	13	0	0	0	0	0	0	0	20	0	0	0	0	0	0	0	0	0	0	0	0	0	0	0	9	5	0	0	8	0	0	0	0	0	0	0	0
[Clostridium]_methylpentosum_group	0	0	0	0	0	0	0	0	0	0	0	0	0	0	0	0	0	0	0	0	0	0	0	0	0	0	0	0	29	9	0	3	10	0	0	0	0	0	7	0	0	0	4	0	0	0	0	0	0	0	0	0	0	0	0	0	0	0	0	0	0	0	0	0	0	0	0	0	0	0	0	0	0	0	0	0	0	0	0	0	0	0	8	0	0	0	0	0	0	0	0	0	0	0	0	0	0	0	0	0	0	0	0	0	0	0	0	0	0	0	0	0	0	0	0	0	0	0	0	0	0	0	0	0	0	0	0	0	0	0	0	0	31	14	30	19	0	0	0	0	0	0	0	0	0	0	0	0	0	0	0	0	0	0	0	0	0	0	0	0	0	0	0	0	0	0	0	0	38	0	0	0	0	0	0	0	0	0	0	0	0	0	0	0	0	0	0	0	0	0	0	0	0	0	0	0	0	0	0	0	0	0	0	0	0
Harryflintia	0	0	0	0	0	0	0	0	0	6	0	0	0	0	0	0	0	0	0	0	0	0	0	0	0	0	0	0	0	0	0	0	0	0	0	0	0	0	0	0	0	0	0	0	0	0	0	0	0	0	0	0	0	0	0	0	0	0	0	0	0	0	0	0	0	0	0	0	0	0	0	0	0	0	7	0	0	0	0	0	0	0	0	4	0	0	0	0	0	0	0	0	0	0	0	0	0	0	0	0	0	0	0	0	0	0	0	0	0	0	0	0	0	0	0	8	0	0	0	0	11	0	16	14	9	23	93	0	0	0	0	0	0	0	0	0	0	0	0	0	0	0	0	0	0	0	0	0	0	0	0	0	0	0	0	0	0	0	0	0	0	0	0	0	0	0	0	0	0	0	0	0	0	0	0	0	0	0	0	0	0	0	0	0	0	0	0	0	0	0	0	0	0	0	0	0	0	0	0	0	0	0	0	0	0
Defluviitaleaceae_UCG-011	0	0	0	0	0	0	0	0	0	4	0	0	0	0	0	0	0	0	0	0	0	0	0	0	0	0	0	0	0	0	0	0	0	0	0	0	0	0	0	0	0	0	0	0	0	0	0	5	0	3	0	0	0	0	0	0	0	0	0	0	0	0	0	0	0	0	0	0	0	0	0	0	0	0	0	0	0	0	0	0	0	0	28	0	0	0	0	0	0	0	0	0	0	0	0	0	0	0	0	0	0	0	0	0	0	0	0	0	0	0	0	0	0	0	0	0	0	0	0	0	0	0	0	0	10	19	6	0	0	0	0	0	17	8	13	7	6	0	0	0	0	0	0	0	0	0	0	0	0	0	0	0	0	0	0	0	0	0	0	9	0	0	0	0	0	0	0	0	0	0	0	0	0	0	0	24	6	0	0	0	0	0	0	0	0	0	0	0	0	0	0	0	0	0	0	0	0	0	0	0	0	0	7	7	9
NK4A214_group	0	0	0	10	9	0	0	0	0	0	0	0	0	0	0	0	0	0	0	0	0	0	0	0	0	0	0	0	0	0	0	0	0	0	0	0	0	0	0	0	0	0	0	0	0	0	0	0	0	0	0	0	0	0	0	0	0	0	0	0	0	0	0	0	0	0	0	0	0	0	0	0	0	0	0	0	0	0	0	0	0	0	0	0	0	0	0	0	0	0	0	0	0	0	0	0	0	0	0	0	0	0	0	0	0	0	0	0	0	0	0	0	0	0	0	0	0	0	0	0	0	0	0	0	0	0	0	0	0	0	0	0	0	0	0	0	0	0	0	0	0	0	0	0	0	0	0	0	62	57	0	0	49	0	0	0	0	0	0	0	0	0	0	0	0	0	0	0	0	0	0	0	0	0	0	0	0	0	0	0	0	0	0	0	0	0	0	0	0	0	0	0	0	0	0	0	0	0	0	0	0	0	0	0	0
Catenibacillus	0	0	0	0	0	0	0	0	0	0	0	0	0	0	0	0	0	0	0	0	0	0	0	0	0	0	0	0	0	0	0	0	0	0	0	0	0	0	7	12	64	21	8	0	0	0	0	0	0	0	0	0	0	0	0	0	0	0	0	0	0	0	0	0	0	0	0	0	0	0	0	0	0	0	0	0	0	0	0	0	0	0	0	0	0	0	0	0	0	0	0	0	0	0	0	0	0	0	0	0	0	0	0	0	0	0	0	0	0	0	0	0	0	0	0	0	0	0	0	0	0	0	0	0	0	0	0	0	0	0	0	0	11	0	8	7	0	0	0	0	0	0	0	0	0	0	0	0	0	0	0	0	0	0	0	0	0	0	0	0	0	0	0	0	0	0	0	0	0	0	0	0	0	0	0	0	0	0	0	0	0	0	0	0	0	0	9	0	0	0	9	8	0	0	0	0	0	0	0	0	0	0	0	0	0
Marvinbryantia	0	0	0	0	0	0	0	0	0	0	0	0	0	0	0	0	0	0	0	0	0	0	0	0	0	0	0	0	0	0	0	0	0	0	0	0	0	0	0	0	99	0	0	0	0	0	0	0	0	0	22	0	0	0	23	0	0	0	0	0	0	0	0	0	0	0	0	0	0	0	0	0	0	0	0	0	0	0	0	0	0	0	0	0	0	0	0	0	0	0	0	0	0	0	0	0	0	0	0	0	0	0	0	0	0	0	0	0	0	0	0	0	0	0	0	0	0	0	0	0	0	0	0	0	0	0	0	0	0	0	0	0	0	0	0	0	0	0	0	0	0	0	0	0	0	0	0	0	0	0	0	0	0	0	0	0	0	0	0	0	0	0	0	0	0	0	0	0	0	0	0	0	0	0	0	0	0	0	0	0	0	0	0	0	0	0	0	0	0	0	0	0	0	0	0	0	0	16	0	0	0	0	0	0	0
Lachnospiraceae	0	0	0	0	0	0	0	0	0	0	0	0	0	0	0	7	0	0	0	0	0	0	0	0	0	0	0	0	0	0	0	0	0	0	0	0	33	12	0	0	0	0	0	0	0	0	0	0	0	0	0	0	0	0	0	0	0	0	0	0	0	0	0	0	11	0	0	15	0	0	0	0	0	0	0	0	0	0	0	0	0	0	0	0	0	0	0	0	0	0	12	0	19	0	10	0	0	0	0	0	0	0	0	0	0	0	0	0	0	0	0	0	0	0	0	0	0	0	0	0	0	0	0	0	0	0	0	0	0	0	0	0	0	0	0	0	0	0	0	0	0	0	0	0	0	0	0	0	0	0	0	0	0	0	0	0	0	0	0	0	0	0	0	0	0	0	0	35	0	0	0	0	0	0	0	0	0	0	0	0	0	0	0	0	0	0	0	0	0	0	0	0	0	0	0	0	0	0	0	0	0	0	0	0	0
Succinivibrio	0	0	0	0	0	0	0	0	0	0	0	0	0	0	0	0	0	0	0	0	0	0	0	0	0	0	0	0	0	0	0	0	0	0	0	0	0	0	0	0	0	0	0	0	0	0	0	0	0	0	0	0	0	0	0	0	0	0	0	0	0	0	0	0	0	0	0	0	0	0	0	0	0	0	0	0	0	0	0	0	0	0	0	0	0	0	0	0	0	0	0	0	0	0	0	0	0	0	0	0	0	0	0	0	0	0	0	0	0	0	0	0	0	0	0	0	0	0	0	0	0	0	0	0	0	0	0	0	0	0	0	0	0	0	0	0	0	0	0	0	0	0	0	0	0	0	0	0	0	0	0	0	0	3	57	10	0	0	0	0	0	0	0	14	13	21	27	9	0	0	0	0	0	0	0	0	0	0	0	0	0	0	0	0	0	0	0	0	0	0	0	0	0	0	0	0	0	0	0	0	0	0	0	0	0
Atopobium	0	0	0	0	0	0	0	0	0	0	0	0	0	0	0	0	0	0	0	0	0	0	0	0	0	0	0	0	0	0	0	0	4	0	0	0	0	0	0	0	0	0	0	0	0	0	0	0	0	0	0	0	0	0	0	0	0	0	0	0	0	0	0	0	0	0	0	0	0	0	0	0	0	0	0	0	0	0	0	0	0	0	0	0	0	0	0	0	0	0	0	0	0	0	0	59	0	14	5	45	0	0	0	0	0	0	0	0	0	0	0	0	0	0	0	0	0	0	0	0	0	0	0	0	0	0	0	0	0	0	0	0	0	0	0	0	0	0	0	0	0	0	0	0	0	0	0	0	0	0	0	0	0	0	0	0	0	0	0	0	0	0	0	0	0	0	0	0	0	0	0	0	0	0	0	0	0	0	0	0	0	0	0	0	0	0	0	0	0	0	0	0	0	0	0	0	0	0	0	0	0	0	0	0	0
Fenollaria	0	0	0	0	0	0	0	0	0	0	0	0	0	0	0	0	0	0	0	0	0	0	0	0	0	0	0	0	0	0	0	0	0	0	0	0	0	0	0	0	0	0	0	0	0	0	0	0	0	0	0	0	0	0	0	0	0	0	0	0	0	0	0	0	0	0	0	0	0	0	0	0	0	0	0	0	0	0	0	0	0	0	0	0	0	0	0	0	0	0	0	0	0	0	0	0	0	0	0	0	0	0	0	0	0	0	0	87	0	0	0	0	0	26	0	0	0	0	0	0	0	0	0	0	0	0	0	0	0	0	0	0	0	0	0	0	0	0	0	0	0	0	0	0	0	0	0	0	0	0	0	0	0	0	0	0	0	0	0	12	0	0	0	0	0	0	0	0	0	0	0	0	0	0	0	0	0	0	0	0	0	0	0	0	0	0	0	0	0	0	0	0	0	0	0	0	0	0	0	0	0	0	0	0	0
[Bacteroides]_pectinophilus_group	0	0	0	0	0	0	0	0	0	0	0	0	0	0	0	0	18	0	0	0	0	0	0	0	0	0	0	0	0	0	0	0	0	0	0	0	0	0	0	0	0	0	0	0	0	0	0	0	0	0	0	0	0	0	0	0	0	0	0	0	0	0	0	0	0	0	0	0	0	0	0	0	0	0	0	0	0	0	0	0	0	0	0	0	0	0	0	0	0	0	0	0	0	0	0	0	0	0	0	0	0	0	0	0	0	0	0	0	0	0	0	0	0	0	0	0	0	0	0	0	0	0	0	0	0	0	0	0	0	0	0	0	0	0	0	0	0	0	0	0	0	0	0	0	0	0	0	0	0	0	0	0	0	0	0	0	0	0	0	0	0	0	0	0	0	0	0	0	0	0	0	0	0	0	0	0	0	0	0	0	0	0	0	0	0	0	0	0	0	0	0	0	0	0	0	0	0	0	0	0	23	5	15	0	60
Anaerofustis	0	0	0	0	0	0	0	2	0	0	0	0	0	0	0	0	0	0	0	0	0	0	0	0	0	0	0	0	0	0	0	0	0	0	0	0	0	6	9	0	0	6	0	0	0	0	0	0	0	0	0	0	0	0	0	0	0	0	0	0	0	0	0	0	0	0	0	0	0	10	0	0	0	0	0	0	0	0	0	4	0	0	14	6	12	5	0	0	0	0	0	0	0	0	0	0	0	0	0	0	0	0	0	0	0	0	0	0	0	0	0	0	0	0	3	0	0	0	0	0	0	0	0	0	0	0	3	0	0	0	0	0	0	0	0	0	0	0	0	0	0	0	0	0	0	0	0	0	0	0	0	0	0	0	0	0	0	0	5	4	5	9	6	0	0	0	0	0	8	0	0	0	0	0	0	0	0	0	0	0	0	0	0	0	0	0	0	0	0	0	0	0	0	0	0	0	0	0	0	0	0	0	0	0	0
Enterobacter	0	0	0	0	0	0	0	0	0	0	0	0	0	0	0	0	0	0	0	0	0	0	0	0	0	0	57	0	0	0	0	0	0	0	0	0	0	0	0	0	0	0	0	0	0	0	0	0	0	0	0	0	0	0	0	0	0	0	0	0	0	0	0	0	0	0	0	0	0	0	0	0	0	0	0	0	0	0	0	0	0	0	0	0	0	0	25	0	0	0	0	0	0	0	0	0	0	0	8	0	0	0	0	0	0	0	0	0	0	24	0	0	0	0	0	0	0	0	0	0	0	0	0	0	0	0	0	0	0	0	0	0	0	0	0	0	0	0	0	0	0	0	0	0	0	0	0	0	0	0	0	0	0	0	0	0	0	0	0	0	0	0	0	0	0	0	0	0	0	0	0	0	0	0	0	0	0	0	0	0	0	0	0	0	0	0	0	0	0	0	0	0	0	0	0	0	0	0	0	0	0	0	0	0	0
Staphylococcus	0	0	0	0	0	0	0	0	0	0	0	0	0	0	0	0	0	0	0	0	0	0	0	0	16	0	0	0	0	0	0	0	0	0	0	0	0	0	0	0	0	0	0	0	0	0	0	0	0	0	0	0	0	0	0	0	0	0	0	0	0	0	0	0	0	0	0	0	0	0	0	0	0	0	0	0	0	0	0	0	0	0	0	0	0	0	0	0	0	0	0	0	0	0	0	0	0	0	0	0	0	0	0	0	0	0	0	0	0	0	0	0	0	0	0	0	0	0	0	0	0	0	0	0	0	0	0	0	0	0	0	0	0	0	0	0	0	0	0	0	0	0	0	0	0	0	0	0	0	0	0	0	0	0	0	0	0	0	0	0	0	0	0	0	0	0	0	0	0	0	0	0	0	0	0	0	0	0	0	0	0	0	23	50	0	19	0	0	0	0	0	0	0	0	0	0	0	0	0	0	0	0	0	0	0
Christensenellaceae	0	0	0	0	0	0	0	0	0	0	0	0	0	0	0	0	0	0	0	0	0	0	0	0	0	0	0	0	0	0	0	0	0	0	0	0	0	0	0	0	0	0	0	0	0	0	0	0	0	0	0	0	0	0	0	0	0	0	0	0	0	0	0	0	0	0	0	0	0	0	0	0	0	0	0	0	0	0	0	0	0	0	0	0	0	0	0	0	0	0	0	0	0	0	0	0	0	0	0	0	0	0	0	0	0	0	0	0	0	0	0	0	0	0	0	0	0	0	0	0	0	0	0	0	0	0	0	0	0	0	0	0	0	0	0	0	0	0	26	0	18	14	39	0	0	0	0	0	0	0	0	0	0	0	0	0	10	0	0	0	0	0	0	0	0	0	0	0	0	0	0	0	0	0	0	0	0	0	0	0	0	0	0	0	0	0	0	0	0	0	0	0	0	0	0	0	0	0	0	0	0	0	0	0	0
Cellulosilyticum	0	0	0	0	0	0	0	0	0	0	0	0	0	0	0	0	0	0	0	0	0	0	0	0	0	0	0	0	0	0	0	0	0	0	0	0	0	0	0	0	0	0	0	0	0	0	0	0	0	0	0	0	0	0	0	0	0	0	0	0	0	0	0	0	0	0	0	0	0	0	0	0	0	0	0	0	0	0	0	0	0	0	0	0	0	0	0	0	0	0	0	0	0	0	0	98	0	0	0	0	0	0	0	0	0	0	0	0	0	0	0	0	0	0	0	0	0	0	0	0	0	0	0	0	0	0	0	0	0	0	0	0	0	0	0	0	0	0	0	0	0	0	0	0	0	0	0	0	0	0	0	0	0	0	0	0	0	0	0	0	0	0	0	0	0	0	0	0	0	0	0	0	0	0	0	0	0	0	0	0	0	0	0	0	0	0	0	0	0	0	0	0	0	0	0	0	0	0	0	0	0	0	0	0	0
Paludicola	0	0	0	0	0	0	0	0	0	0	0	0	0	0	0	0	0	0	0	0	0	0	0	0	0	0	0	0	0	0	0	0	0	0	0	0	0	0	9	0	15	0	0	0	0	0	0	0	0	0	0	0	0	0	0	0	0	0	0	0	0	0	0	0	0	0	0	0	0	0	0	0	0	0	0	0	0	0	0	0	0	0	0	0	0	0	0	0	0	0	0	0	0	0	0	0	0	0	0	0	0	0	0	0	0	0	0	0	0	0	0	0	0	0	0	0	0	0	0	0	0	0	0	0	0	0	0	14	0	0	0	49	0	0	0	0	0	0	0	0	0	0	0	0	0	0	0	0	0	0	0	0	0	0	0	0	0	0	0	0	0	0	0	0	0	0	0	0	0	0	0	0	0	0	0	0	0	0	0	0	0	0	0	0	0	0	0	0	0	0	0	0	0	0	0	0	0	0	0	0	0	0	0	0	0
GCA-900066755	0	0	0	0	0	0	0	0	0	0	0	0	0	0	0	0	0	0	0	0	0	0	0	0	0	0	0	0	0	0	0	0	0	0	0	0	0	0	0	0	0	0	0	0	0	0	0	0	0	0	0	0	0	0	0	0	0	0	0	0	0	0	0	0	0	0	0	0	18	0	0	0	0	0	0	0	0	0	0	0	0	0	0	0	0	0	0	11	0	27	0	0	0	0	0	0	0	0	0	0	0	0	0	0	0	0	0	0	0	0	0	0	0	0	0	0	0	0	0	0	0	0	0	0	0	0	0	0	0	0	0	0	0	0	0	0	0	0	0	0	0	0	0	0	0	0	0	0	0	0	0	0	0	0	0	0	0	0	0	0	15	10	0	0	0	0	0	0	0	0	0	0	0	0	0	0	0	0	0	0	0	0	0	0	0	0	0	0	0	0	0	0	0	0	0	0	0	0	0	0	0	0	0	0	0
Allisonella	0	0	0	0	0	0	0	0	0	0	0	0	0	0	0	0	0	0	0	0	0	0	0	0	0	0	0	0	0	0	0	0	0	0	0	0	0	0	0	0	0	0	0	0	0	0	0	0	0	0	0	10	0	0	0	0	0	0	0	0	0	0	0	0	0	0	12	16	0	0	0	0	0	0	0	0	0	0	0	0	0	0	0	0	0	0	0	0	0	0	0	0	0	0	0	0	0	0	0	0	0	0	0	0	0	0	0	0	0	0	0	0	0	0	0	0	0	0	0	0	0	0	0	0	0	0	0	0	0	0	0	0	0	0	0	0	0	0	0	0	0	0	0	0	0	0	0	0	0	0	0	0	0	18	0	23	0	0	0	0	0	0	0	0	0	0	0	0	0	0	0	0	0	0	0	0	0	0	0	0	0	0	0	0	0	0	0	0	0	0	0	0	0	0	0	0	0	0	0	0	0	0	0	0	0
Prevotellaceae_UCG-001	0	0	0	0	0	0	0	0	0	0	0	0	0	0	0	0	0	10	0	0	0	0	0	0	0	0	0	0	0	0	0	0	0	0	0	0	0	0	0	0	0	0	0	0	0	0	0	0	0	0	0	0	0	0	0	0	0	0	0	0	0	0	0	0	0	0	0	0	0	0	0	0	0	0	0	0	0	0	0	0	0	0	0	0	0	0	0	0	0	0	0	0	0	0	0	0	0	0	0	0	0	0	0	0	0	0	0	68	0	0	0	0	0	0	0	0	0	0	0	0	0	0	0	0	0	0	0	0	0	0	0	0	0	0	0	0	0	0	0	0	0	0	0	0	0	0	0	0	0	0	0	0	0	0	0	0	0	0	0	0	0	0	0	0	0	0	0	0	0	0	0	0	0	0	0	0	0	0	0	0	0	0	0	0	0	0	0	0	0	0	0	0	0	0	0	0	0	0	0	0	0	0	0	0	0
UCG-008	0	0	0	0	0	10	0	0	0	0	0	0	0	0	0	0	0	0	0	0	0	0	0	0	0	0	0	0	0	0	0	0	0	0	0	0	0	0	0	0	0	0	0	0	0	0	0	0	0	0	0	0	0	0	12	0	0	0	0	0	0	0	0	0	0	0	0	0	0	0	0	0	0	0	0	0	0	0	0	0	0	0	0	0	0	0	0	0	0	0	0	0	0	0	0	0	0	0	0	0	0	0	0	0	0	0	0	0	0	0	0	0	0	0	0	0	0	0	0	0	0	0	0	0	0	0	0	0	0	0	0	0	0	0	0	0	0	0	0	0	0	0	0	0	0	0	0	0	12	0	11	10	0	0	0	0	0	0	0	0	0	0	0	0	0	0	0	0	0	0	0	0	0	0	0	0	0	0	0	0	23	0	0	0	0	0	0	0	0	0	0	0	0	0	0	0	0	0	0	0	0	0	0	0	0
Campylobacter	0	0	0	0	0	0	0	0	0	0	0	0	0	0	0	0	0	0	0	0	0	0	0	0	0	0	0	0	0	0	7	13	7	0	0	0	0	0	0	0	0	0	0	0	0	0	0	0	0	0	0	0	0	0	0	0	0	0	0	0	0	0	0	0	0	0	0	0	0	0	0	0	0	0	0	0	0	0	0	0	0	0	0	0	0	0	0	0	0	0	0	0	0	0	0	0	0	0	11	0	0	0	0	0	0	0	0	0	0	0	0	0	0	14	0	0	0	0	0	0	0	0	0	0	0	0	0	0	0	0	0	0	0	0	0	0	0	0	0	0	0	0	0	0	0	0	0	0	0	0	0	0	0	0	0	0	0	0	0	24	0	0	0	0	0	0	0	0	0	0	0	0	0	0	0	0	0	0	0	0	0	0	0	0	0	0	0	0	0	0	0	0	0	0	0	0	0	0	0	0	0	0	0	0	0
Dielma	0	0	0	0	0	0	0	0	0	0	0	0	0	0	0	0	0	0	0	0	0	0	0	0	0	0	0	0	0	0	0	0	0	0	0	0	0	0	0	6	0	0	0	0	0	0	0	0	0	0	0	0	0	0	0	0	0	0	0	0	0	0	0	0	0	0	0	0	0	0	0	0	0	0	0	0	0	0	0	0	11	0	0	0	0	0	0	0	0	0	0	0	0	0	0	0	0	0	0	0	0	0	0	0	0	0	0	0	0	0	0	11	0	0	0	0	0	0	0	0	0	0	0	0	0	0	0	0	0	0	0	0	0	0	0	0	0	0	7	0	0	0	0	0	0	0	0	0	0	0	0	0	0	0	0	0	0	0	0	0	0	0	0	0	0	0	0	0	0	0	0	0	0	0	0	0	0	0	0	0	0	0	0	0	0	0	0	0	0	0	28	12	0	0	0	0	0	0	0	0	0	0	0	0	0
Lawsonella	0	0	0	0	0	0	0	0	0	0	0	0	0	0	0	0	0	0	0	0	0	0	0	0	0	0	0	0	0	0	0	0	0	0	0	0	0	0	0	0	0	0	0	0	0	0	0	0	0	0	0	0	0	0	0	0	0	0	0	0	0	0	0	0	0	0	0	0	0	0	0	0	0	0	0	0	0	0	0	0	0	0	0	0	0	0	0	0	0	0	0	0	0	0	0	0	0	0	0	0	0	0	0	0	0	0	0	0	0	0	0	0	0	0	0	0	0	0	0	0	0	0	0	0	0	0	0	0	0	0	0	0	0	0	0	0	0	0	0	0	0	0	0	0	0	0	0	0	0	0	0	0	0	0	0	0	0	0	0	0	0	0	0	0	0	0	0	0	0	0	0	0	0	0	0	0	0	0	0	0	0	0	0	0	0	0	0	0	0	0	0	0	5	13	13	17	24	0	0	0	0	0	0	0	0
Paeniclostridium	0	0	0	0	0	0	0	0	0	0	0	0	0	0	0	0	0	0	0	0	0	0	0	0	0	0	0	0	0	0	0	0	0	0	0	0	0	0	0	0	0	0	0	0	0	0	0	0	0	0	0	0	0	0	0	0	0	0	0	0	0	0	0	0	0	0	0	0	0	0	0	0	0	0	0	0	0	0	0	0	0	0	0	0	0	0	0	0	0	0	0	0	0	0	0	0	0	0	0	0	0	0	0	0	0	0	0	0	0	0	0	0	0	0	0	0	0	0	0	0	0	0	0	0	0	0	0	0	0	0	0	0	0	0	0	0	0	0	0	0	0	0	0	0	0	0	0	0	0	0	0	0	0	0	0	0	0	0	0	0	0	0	0	0	0	0	0	0	0	0	17	0	53	0	0	0	0	0	0	0	0	0	0	0	0	0	0	0	0	0	0	0	0	0	0	0	0	0	0	0	0	0	0	0	0
Mailhella	0	0	0	0	0	0	0	0	0	0	0	0	0	0	0	22	15	30	0	0	0	0	0	0	0	0	0	0	0	0	0	0	0	0	0	0	0	0	0	0	0	0	0	0	0	0	0	0	0	0	0	0	0	0	0	0	0	0	0	0	0	0	0	0	0	0	0	0	0	0	0	0	0	0	0	0	0	0	0	0	0	0	0	0	0	0	0	0	0	0	0	0	0	0	0	0	0	0	0	0	0	0	0	0	0	0	0	0	0	0	0	0	0	0	0	0	0	0	0	0	0	0	0	0	0	0	0	0	0	0	0	0	0	0	0	0	0	0	0	0	0	0	0	0	0	0	0	0	0	0	0	0	0	0	0	0	0	0	0	0	0	0	0	0	0	0	0	0	0	0	0	0	0	0	0	0	0	0	0	0	0	0	0	0	0	0	0	0	0	0	0	0	0	0	0	0	0	0	0	0	0	0	0	0	0
Peptoniphilus	0	0	2	0	0	0	0	0	0	0	0	0	0	0	0	0	0	0	0	0	0	0	0	0	0	0	0	0	0	0	0	0	0	0	0	0	0	0	0	0	0	0	0	0	0	0	0	0	0	0	0	0	0	0	0	0	0	0	0	0	0	0	0	0	0	0	0	0	0	0	0	0	0	0	0	0	0	0	0	0	0	0	0	0	0	0	0	0	0	0	0	0	0	0	0	0	0	0	0	0	0	0	0	0	0	0	0	13	0	0	0	0	0	51	0	0	0	0	0	0	0	0	0	0	0	0	0	0	0	0	0	0	0	0	0	0	0	0	0	0	0	0	0	0	0	0	0	0	0	0	0	0	0	0	0	0	0	0	0	0	0	0	0	0	0	0	0	0	0	0	0	0	0	0	0	0	0	0	0	0	0	0	0	0	0	0	0	0	0	0	0	0	0	0	0	0	0	0	0	0	0	0	0	0	0
Rikenella	0	0	0	0	0	0	0	0	0	0	8	0	0	0	0	0	0	0	0	0	0	0	0	0	0	0	0	0	0	0	0	0	0	0	0	0	0	0	0	0	0	0	0	0	0	0	0	0	0	0	0	0	0	0	0	0	0	0	0	0	0	0	0	0	0	0	0	0	0	0	0	0	0	0	0	0	0	0	0	0	0	0	0	0	0	0	0	0	0	0	0	0	0	0	0	0	0	0	0	0	0	0	0	0	0	0	0	0	0	0	0	0	0	0	0	0	0	0	0	0	0	0	0	0	0	0	0	0	0	0	0	0	0	0	0	0	0	0	0	0	0	0	0	0	0	0	0	0	10	0	17	9	13	0	0	5	4	0	0	0	0	0	0	0	0	0	0	0	0	0	0	0	0	0	0	0	0	0	0	0	0	0	0	0	0	0	0	0	0	0	0	0	0	0	0	0	0	0	0	0	0	0	0	0	0
Stomatobaculum	0	0	0	0	0	0	0	0	0	0	0	0	0	0	0	0	0	0	0	0	0	0	0	0	0	0	0	0	0	0	0	0	0	0	0	0	0	0	0	0	0	0	0	0	0	0	0	0	0	0	0	0	0	0	0	0	0	0	0	0	0	0	0	0	0	0	0	0	0	0	0	0	0	0	0	0	0	0	0	0	0	0	0	0	0	0	0	0	0	0	0	0	0	0	0	41	0	10	0	15	0	0	0	0	0	0	0	0	0	0	0	0	0	0	0	0	0	0	0	0	0	0	0	0	0	0	0	0	0	0	0	0	0	0	0	0	0	0	0	0	0	0	0	0	0	0	0	0	0	0	0	0	0	0	0	0	0	0	0	0	0	0	0	0	0	0	0	0	0	0	0	0	0	0	0	0	0	0	0	0	0	0	0	0	0	0	0	0	0	0	0	0	0	0	0	0	0	0	0	0	0	0	0	0	0
Anaeroglobus	0	0	0	0	0	0	0	0	0	0	0	0	0	0	0	0	0	0	0	0	0	0	0	0	0	0	0	0	0	0	0	0	0	0	0	0	0	0	0	0	0	0	0	0	0	0	0	0	0	0	0	0	0	0	0	0	0	0	0	0	0	0	0	0	0	0	0	0	0	0	0	0	0	0	0	0	0	0	0	0	0	0	0	0	0	0	0	0	0	0	0	0	0	0	0	0	0	0	59	0	0	0	0	0	0	0	0	0	0	0	0	0	0	0	0	0	0	0	0	0	0	0	0	0	0	0	0	0	0	0	0	0	0	0	0	0	0	0	0	0	0	0	0	0	0	0	0	0	0	0	0	0	0	0	0	0	0	0	0	0	0	0	0	0	0	0	0	0	0	0	0	0	0	0	0	0	0	0	0	0	0	0	0	0	0	0	0	0	0	0	0	0	0	0	0	0	0	0	0	0	0	0	0	0	0
Christensenella	0	0	0	0	0	0	0	0	0	0	0	0	0	0	0	0	0	0	0	0	0	0	0	0	0	0	0	0	0	0	0	0	0	0	0	0	0	0	0	0	0	0	0	0	0	0	0	0	0	0	0	0	0	0	0	0	0	0	0	0	0	0	0	10	0	0	0	0	0	0	0	0	0	0	0	0	0	0	0	0	0	0	0	0	0	0	0	0	0	0	0	0	0	0	0	0	0	0	0	0	0	0	0	0	0	0	0	0	0	0	0	0	0	0	0	0	0	0	0	11	0	0	0	0	0	0	0	0	0	0	0	0	0	0	0	0	0	0	0	0	10	6	0	0	0	0	0	0	0	0	0	0	0	0	0	0	0	0	0	0	0	0	0	0	0	0	0	0	0	0	0	0	0	0	0	0	0	0	0	0	0	0	0	0	0	0	0	0	0	0	0	0	0	0	0	0	7	0	0	0	8	0	0	0	7
Lachnospiraceae_NK4B4_group	0	0	0	0	0	0	0	0	0	0	0	0	0	0	0	0	0	0	0	0	0	0	0	0	0	0	0	0	0	0	0	0	0	0	0	0	0	0	0	0	0	0	0	0	0	0	0	0	0	0	0	0	0	0	0	0	0	0	0	0	0	0	0	0	0	0	0	0	0	0	0	0	0	0	0	0	0	0	0	0	0	0	0	0	0	0	0	0	0	0	0	0	0	0	0	0	0	0	0	0	0	0	0	0	0	0	0	0	0	0	0	0	0	0	0	0	0	0	0	0	0	0	0	0	0	0	0	0	0	0	0	0	0	0	0	0	0	0	0	0	0	0	0	0	0	0	0	0	17	13	0	10	9	0	0	0	0	0	0	0	0	0	0	0	0	0	0	10	0	0	0	0	0	0	0	0	0	0	0	0	0	0	0	0	0	0	0	0	0	0	0	0	0	0	0	0	0	0	0	0	0	0	0	0	0
Tuzzerella	0	0	0	0	0	0	0	0	0	0	0	0	0	0	0	0	0	0	0	0	0	0	0	0	0	0	0	0	0	0	0	0	0	0	0	0	0	0	0	0	0	0	0	0	0	0	0	0	0	0	0	0	0	0	0	0	0	8	8	13	0	16	0	0	0	0	0	0	0	0	0	0	0	0	0	0	0	0	0	0	0	0	0	0	0	0	0	0	0	0	0	0	0	0	0	0	0	0	0	0	0	0	0	0	0	0	0	0	0	0	0	0	0	0	0	0	0	0	0	0	0	0	0	0	0	0	0	0	0	0	0	0	0	0	0	0	10	0	0	0	0	0	0	0	0	0	0	0	0	0	0	0	0	0	0	0	0	0	0	0	0	0	0	0	0	0	0	0	0	0	0	0	0	0	0	0	0	0	0	0	0	0	0	0	0	0	0	0	0	4	0	0	0	0	0	0	0	0	0	0	0	0	0	0	0
Murimonas	0	0	0	0	0	0	0	0	0	0	0	0	0	0	0	0	0	0	0	0	0	0	0	0	0	0	0	0	0	0	0	0	0	0	0	0	0	0	0	0	10	0	0	0	0	0	0	0	0	0	0	0	0	0	0	0	0	0	0	0	0	0	0	0	0	0	0	0	0	0	0	0	0	0	0	0	0	0	0	0	0	0	0	0	0	0	0	0	0	0	0	0	0	0	0	0	0	0	0	0	0	0	0	0	0	0	0	0	0	0	0	0	0	0	0	0	0	0	0	0	0	0	0	0	0	0	0	0	0	0	0	0	0	0	0	0	0	0	0	0	0	0	0	0	0	0	0	0	0	0	0	0	0	0	0	0	0	0	0	0	0	0	0	0	0	0	0	0	0	0	0	0	0	0	0	23	24	0	0	0	0	0	0	0	0	0	0	0	0	0	0	0	0	0	0	0	0	0	0	0	0	0	0	0	0
Mobiluncus	0	0	0	0	0	0	0	0	0	0	0	0	0	0	0	0	0	0	0	0	0	0	0	0	0	0	0	0	0	0	0	0	0	0	0	0	0	0	0	0	0	0	0	0	0	0	0	0	0	0	0	0	0	0	0	0	0	0	0	0	0	0	0	0	0	0	0	0	0	0	0	0	0	0	0	0	0	0	0	0	0	0	0	0	0	0	0	0	0	0	0	0	0	0	0	0	0	0	0	0	0	0	0	0	0	0	0	46	0	0	0	0	0	0	0	0	0	0	0	0	0	0	0	0	0	0	0	0	0	0	0	0	0	0	0	0	0	0	0	0	0	0	0	0	0	0	0	0	0	0	0	0	0	0	0	0	0	0	0	0	0	0	0	0	0	0	0	0	0	0	0	0	0	0	0	0	0	0	0	0	0	0	0	0	0	0	0	0	0	0	0	0	0	0	0	0	0	0	0	0	0	0	0	0	0
Syntrophomonas	0	0	0	0	0	0	0	0	0	0	0	0	0	0	0	0	0	0	0	0	0	0	0	0	0	0	0	0	0	0	0	0	0	0	0	0	0	0	0	0	0	0	0	0	0	0	0	0	0	0	0	0	0	0	0	0	0	0	0	0	0	0	0	0	0	0	0	0	0	0	0	0	0	0	0	0	0	0	0	0	0	0	0	0	0	0	0	0	0	0	0	0	0	0	0	0	0	0	0	0	0	0	0	0	0	0	0	0	0	0	0	0	0	0	0	0	0	0	0	0	0	0	0	0	0	0	0	0	0	0	0	0	0	0	0	0	0	0	0	0	0	0	0	0	0	0	0	0	0	0	0	0	0	0	0	0	0	0	0	0	0	0	0	0	0	0	0	0	0	0	0	0	0	0	0	0	0	0	0	0	0	0	0	0	0	0	0	0	0	0	0	0	0	14	0	18	12	0	0	0	0	0	0	0	0
Phocea	0	0	0	0	0	0	0	0	0	0	0	0	0	0	0	0	0	0	0	0	0	0	0	0	0	0	0	0	0	0	0	0	0	0	0	0	0	0	0	0	19	0	0	0	0	0	0	0	0	0	0	0	0	0	0	0	0	0	0	0	0	0	0	0	0	0	0	0	0	0	0	9	4	2	0	0	0	0	0	0	0	0	0	0	0	0	0	0	0	0	0	0	0	0	0	0	0	0	0	0	0	0	0	0	0	0	0	0	0	0	0	0	0	0	0	0	0	0	0	0	0	0	0	0	0	0	0	0	0	0	0	0	0	0	0	0	0	9	0	0	0	0	0	0	0	0	0	0	0	0	0	0	0	0	0	0	0	0	0	0	0	0	0	0	0	0	0	0	0	0	0	0	0	0	0	0	0	0	0	0	0	0	0	0	0	0	0	0	0	0	0	0	0	0	0	0	0	0	0	0	0	0	0	0	0
Robinsoniella	0	0	0	0	0	0	0	0	0	0	0	0	0	0	0	0	0	0	0	0	0	0	0	0	0	0	0	0	0	0	0	0	0	0	0	0	0	0	0	0	0	0	0	0	0	0	0	0	0	0	0	0	0	0	0	0	0	0	0	0	0	0	0	0	0	0	0	0	0	0	0	0	0	0	0	0	0	0	0	0	0	0	0	0	0	0	0	0	0	0	0	0	0	0	0	0	0	0	0	0	0	0	0	0	0	0	0	0	0	0	0	0	0	0	0	0	0	0	0	0	0	0	0	0	0	0	0	0	0	0	0	0	0	0	0	0	0	0	0	0	0	0	0	0	0	0	0	0	0	0	0	0	0	0	0	0	0	0	0	0	0	0	0	0	0	0	0	0	0	0	0	0	0	0	0	42	0	0	0	0	0	0	0	0	0	0	0	0	0	0	0	0	0	0	0	0	0	0	0	0	0	0	0	0	0
Lachnoanaerobaculum	0	0	0	0	0	0	0	0	0	0	0	0	0	0	0	0	0	0	0	0	0	0	0	0	0	0	0	0	0	0	0	0	0	0	0	0	0	0	0	0	0	0	0	0	0	0	0	0	0	0	0	0	0	0	0	0	0	0	0	0	0	0	0	0	0	0	0	0	0	0	0	0	0	0	0	0	0	0	0	0	0	0	0	0	0	0	0	0	0	0	0	0	0	0	0	39	0	0	0	0	0	0	0	0	0	0	0	0	0	0	0	0	0	0	0	0	0	0	0	0	0	0	0	0	0	0	0	0	0	0	0	0	0	0	0	0	0	0	0	0	0	0	0	0	0	0	0	0	0	0	0	0	0	0	0	0	0	0	0	0	0	0	0	0	0	0	0	0	0	0	0	0	0	0	0	0	0	0	0	0	0	0	0	0	0	0	0	0	0	0	0	0	0	0	0	0	0	0	0	0	0	0	0	0	0
Gemella	0	0	0	0	0	0	0	0	0	0	0	0	0	0	0	0	0	0	0	0	0	0	0	0	0	0	0	0	0	0	0	0	0	0	0	0	0	0	0	0	0	0	0	0	0	0	0	0	0	0	0	0	0	0	0	0	0	0	0	0	0	0	0	0	0	0	0	0	0	0	0	0	0	0	0	0	0	0	0	0	0	0	0	0	0	0	0	0	0	0	0	0	0	0	0	37	0	0	0	0	0	0	0	0	0	0	0	0	0	0	0	0	0	0	0	0	0	0	0	0	0	0	0	0	0	0	0	0	0	0	0	0	0	0	0	0	0	0	0	0	0	0	0	0	0	0	0	0	0	0	0	0	0	0	0	0	0	0	0	0	0	0	0	0	0	0	0	0	0	0	0	0	0	0	0	0	0	0	0	0	0	0	0	0	0	0	0	0	0	0	0	0	0	0	0	0	0	0	0	0	0	0	0	0	0
Muribaculum	0	0	0	0	0	0	0	0	0	0	21	16	0	0	0	0	0	0	0	0	0	0	0	0	0	0	0	0	0	0	0	0	0	0	0	0	0	0	0	0	0	0	0	0	0	0	0	0	0	0	0	0	0	0	0	0	0	0	0	0	0	0	0	0	0	0	0	0	0	0	0	0	0	0	0	0	0	0	0	0	0	0	0	0	0	0	0	0	0	0	0	0	0	0	0	0	0	0	0	0	0	0	0	0	0	0	0	0	0	0	0	0	0	0	0	0	0	0	0	0	0	0	0	0	0	0	0	0	0	0	0	0	0	0	0	0	0	0	0	0	0	0	0	0	0	0	0	0	0	0	0	0	0	0	0	0	0	0	0	0	0	0	0	0	0	0	0	0	0	0	0	0	0	0	0	0	0	0	0	0	0	0	0	0	0	0	0	0	0	0	0	0	0	0	0	0	0	0	0	0	0	0	0	0	0
Oribacterium	0	0	0	0	0	0	0	0	0	0	0	0	0	0	0	0	0	0	0	0	0	0	0	0	0	0	0	0	0	0	0	0	0	0	0	0	0	0	0	0	0	0	0	0	0	0	0	0	0	0	0	0	0	0	0	0	0	0	0	0	0	0	0	0	0	0	0	0	0	0	0	0	0	0	0	0	0	0	0	0	0	0	0	0	0	0	0	0	0	0	0	0	0	0	0	35	0	0	0	0	0	0	0	0	0	0	0	0	0	0	0	0	0	0	0	0	0	0	0	0	0	0	0	0	0	0	0	0	0	0	0	0	0	0	0	0	0	0	0	0	0	0	0	0	0	0	0	0	0	0	0	0	0	0	0	0	0	0	0	0	0	0	0	0	0	0	0	0	0	0	0	0	0	0	0	0	0	0	0	0	0	0	0	0	0	0	0	0	0	0	0	0	0	0	0	0	0	0	0	0	0	0	0	0	0
Libanicoccus	0	0	0	0	0	0	0	0	0	0	0	0	0	0	0	0	0	0	0	0	0	0	0	0	0	0	0	0	0	0	0	0	0	0	0	0	0	0	0	0	0	0	0	0	0	0	0	0	0	0	0	0	0	0	0	0	0	0	0	0	0	0	0	13	0	5	0	0	11	0	0	0	0	0	0	0	0	0	0	0	0	0	0	0	0	0	0	0	0	0	0	0	0	0	0	0	0	0	0	0	0	0	0	0	0	5	0	0	0	0	0	0	0	0	0	0	0	0	0	0	0	0	0	0	0	0	0	0	0	0	0	0	0	0	0	0	0	0	0	0	0	0	0	0	0	0	0	0	0	0	0	0	0	0	0	0	0	0	0	0	0	0	0	0	0	0	0	0	0	0	0	0	0	0	0	0	0	0	0	0	0	0	0	0	0	0	0	0	0	0	0	0	0	0	0	0	0	0	0	0	0	0	0	0	0
Faecalicoccus	0	0	0	0	0	0	0	0	0	0	0	0	0	0	0	0	0	0	0	0	0	0	0	0	0	0	0	0	0	0	0	0	0	0	0	0	0	0	0	0	0	0	0	0	0	0	0	0	0	0	0	0	0	0	0	0	0	0	0	0	0	0	0	0	0	0	0	0	0	0	0	0	0	0	0	0	0	0	0	0	0	0	0	0	0	0	0	0	0	0	0	0	0	0	0	0	0	0	0	0	0	0	0	0	0	0	0	0	0	0	0	0	0	0	0	0	0	0	0	0	0	0	0	0	0	0	0	0	0	0	0	0	0	0	0	0	0	0	0	0	0	0	0	0	0	0	0	0	0	0	0	0	0	0	0	0	0	0	0	0	0	0	0	0	0	0	0	0	0	0	0	10	14	8	0	0	0	0	0	0	0	0	0	0	0	0	0	0	0	0	0	0	0	0	0	0	0	0	0	0	0	0	0	0	0
Succinatimonas	0	0	0	0	0	0	0	0	0	0	0	0	0	0	0	0	0	0	0	0	0	0	0	0	0	0	0	0	0	0	0	0	0	0	0	0	0	0	0	0	0	0	0	0	0	0	0	0	0	0	0	0	0	0	0	0	0	0	0	0	0	0	0	0	0	0	0	0	0	0	0	0	0	0	0	0	0	0	0	0	0	0	0	0	0	0	0	0	0	0	0	0	0	0	0	0	0	0	0	0	0	0	0	0	0	0	0	0	0	0	0	0	0	0	0	0	0	0	0	0	0	0	0	0	0	0	0	0	0	0	0	0	0	0	0	0	0	0	0	0	0	0	0	0	0	0	0	0	8	12	7	4	0	0	0	0	0	0	0	0	0	0	0	0	0	0	0	0	0	0	0	0	0	0	0	0	0	0	0	0	0	0	0	0	0	0	0	0	0	0	0	0	0	0	0	0	0	0	0	0	0	0	0	0	0
Lachnospiraceae_UCG-003	0	0	0	0	0	0	0	0	0	0	0	0	0	0	0	0	0	0	0	0	0	0	0	0	0	0	0	0	0	0	15	15	0	0	0	0	0	0	0	0	0	0	0	0	0	0	0	0	0	0	0	0	0	0	0	0	0	0	0	0	0	0	0	0	0	0	0	0	0	0	0	0	0	0	0	0	0	0	0	0	0	0	0	0	0	0	0	0	0	0	0	0	0	0	0	0	0	0	0	0	0	0	0	0	0	0	0	0	0	0	0	0	0	0	0	0	0	0	0	0	0	0	0	0	0	0	0	0	0	0	0	0	0	0	0	0	0	0	0	0	0	0	0	0	0	0	0	0	0	0	0	0	0	0	0	0	0	0	0	0	0	0	0	0	0	0	0	0	0	0	0	0	0	0	0	0	0	0	0	0	0	0	0	0	0	0	0	0	0	0	0	0	0	0	0	0	0	0	0	0	0	0	0	0	0
Pediococcus	0	0	0	0	0	0	0	0	0	0	0	0	0	0	0	0	0	0	0	0	0	0	0	0	0	0	0	0	0	0	0	0	0	0	0	0	0	0	0	0	0	0	0	0	0	0	0	0	0	0	0	0	0	0	0	0	0	0	0	0	0	0	0	0	0	0	0	0	0	0	0	0	0	0	0	0	0	0	0	0	0	0	0	0	0	0	0	0	0	0	0	0	0	0	0	0	0	0	0	0	24	0	0	0	6	0	0	0	0	0	0	0	0	0	0	0	0	0	0	0	0	0	0	0	0	0	0	0	0	0	0	0	0	0	0	0	0	0	0	0	0	0	0	0	0	0	0	0	0	0	0	0	0	0	0	0	0	0	0	0	0	0	0	0	0	0	0	0	0	0	0	0	0	0	0	0	0	0	0	0	0	0	0	0	0	0	0	0	0	0	0	0	0	0	0	0	0	0	0	0	0	0	0	0	0
Alloscardovia	0	0	0	0	0	0	0	0	0	0	0	0	0	0	0	0	0	0	0	0	0	0	0	0	0	0	0	0	0	0	0	0	0	0	0	0	0	0	0	0	0	0	0	0	0	0	0	0	0	0	0	0	0	0	0	0	0	0	0	0	0	0	0	0	0	0	0	0	0	0	0	0	0	0	0	0	0	0	0	0	0	0	0	0	0	0	0	0	0	0	0	0	0	0	0	0	0	0	0	0	0	0	0	0	0	0	0	0	0	0	0	0	0	0	0	0	0	0	0	0	0	0	0	0	0	0	0	0	0	0	0	0	0	0	0	0	0	0	0	0	0	0	0	0	0	0	0	0	0	0	0	0	0	0	0	0	0	0	0	0	0	9	0	0	0	0	0	0	0	0	0	0	0	0	0	0	0	0	0	0	0	0	0	0	0	0	0	0	0	0	0	0	7	0	0	0	10	0	0	0	0	0	0	0	0
Morganella	0	0	0	0	0	0	0	0	0	0	0	0	0	0	0	0	0	0	0	0	0	0	0	0	0	0	0	0	0	0	0	0	0	0	0	0	0	0	0	24	0	0	0	0	0	0	0	0	0	0	0	0	0	0	0	0	0	0	0	0	0	0	0	0	0	0	0	0	0	0	0	0	0	0	0	0	0	0	0	0	0	0	0	0	0	0	0	0	0	0	0	0	0	0	0	0	0	0	0	0	0	0	0	0	0	0	0	0	0	0	0	0	0	0	0	0	0	0	0	0	0	0	0	0	0	0	0	0	0	0	0	0	0	0	0	0	0	0	0	0	0	0	0	0	0	0	0	0	0	0	0	0	0	0	0	0	0	0	0	0	0	0	0	0	0	0	0	0	0	0	0	0	0	0	0	0	0	0	0	0	0	0	0	0	0	0	0	0	0	0	0	0	0	0	0	0	0	0	0	0	0	0	0	0	0
Olsenella	0	0	0	0	0	0	0	0	0	0	0	0	0	0	0	0	0	0	0	0	0	0	0	0	0	0	0	0	0	0	0	0	0	0	0	0	0	0	0	0	0	0	0	0	0	0	0	0	0	0	0	0	0	0	0	0	0	0	0	0	0	0	0	0	0	0	0	0	0	0	0	0	0	0	0	0	0	0	0	0	0	0	0	0	0	0	0	0	0	0	0	0	0	0	0	0	0	0	0	0	0	0	0	0	0	0	0	0	0	0	0	0	0	0	0	0	0	0	0	10	0	0	0	0	0	0	0	0	0	0	0	0	0	0	0	0	0	0	0	0	0	0	0	0	0	0	0	0	0	0	0	0	0	0	0	0	0	0	0	0	0	0	0	0	0	0	12	0	0	0	0	0	0	0	0	0	0	0	0	0	0	0	0	0	0	0	0	0	0	0	0	0	0	0	0	0	0	0	0	0	0	0	0	0	0
Solobacterium	0	0	0	0	0	0	0	0	0	0	0	0	0	0	0	0	0	0	0	0	0	0	0	0	0	0	0	0	0	0	0	0	0	0	0	0	3	0	0	0	0	0	0	0	0	0	0	0	0	0	0	0	0	0	0	0	0	0	0	0	0	0	0	0	0	0	0	0	0	0	0	0	0	0	0	0	0	0	0	0	0	0	0	0	0	0	0	0	0	0	0	0	0	0	0	16	0	0	0	3	0	0	0	0	0	0	0	0	0	0	0	0	0	0	0	0	0	0	0	0	0	0	0	0	0	0	0	0	0	0	0	0	0	0	0	0	0	0	0	0	0	0	0	0	0	0	0	0	0	0	0	0	0	0	0	0	0	0	0	0	0	0	0	0	0	0	0	0	0	0	0	0	0	0	0	0	0	0	0	0	0	0	0	0	0	0	0	0	0	0	0	0	0	0	0	0	0	0	0	0	0	0	0	0	0
Anaerococcus	0	0	0	0	0	0	0	0	0	0	0	0	0	0	0	0	0	0	0	0	0	0	0	0	0	0	0	0	0	0	0	0	0	0	0	0	0	0	0	0	0	0	0	0	0	0	0	0	0	0	0	0	0	0	0	0	0	0	0	0	0	0	0	0	0	0	0	0	0	0	0	0	0	0	0	0	0	0	0	0	0	0	0	0	0	0	0	0	0	0	0	0	0	0	0	0	0	0	0	0	0	0	0	0	0	0	0	17	0	0	0	0	0	0	0	0	0	0	0	0	0	0	0	0	0	0	0	0	0	0	0	0	0	0	0	0	0	0	0	0	0	0	0	0	0	0	0	0	0	0	0	0	0	0	0	0	0	0	0	0	0	0	0	0	0	0	0	0	0	0	0	0	0	0	0	0	0	0	0	0	0	0	0	0	0	0	0	0	0	0	0	0	0	0	0	0	0	0	0	0	0	0	0	0	0
Catabacter	0	0	0	0	0	0	0	0	0	0	0	0	0	0	0	0	0	0	0	0	0	0	0	0	0	0	0	0	0	0	0	0	0	0	0	0	0	0	0	0	0	0	0	0	0	0	0	0	0	0	0	0	0	0	0	0	0	0	0	0	0	0	0	0	0	0	0	0	0	0	0	0	0	0	0	0	0	0	0	0	0	0	0	0	0	0	0	0	0	0	0	0	0	0	0	0	0	0	0	0	0	0	0	0	0	0	0	0	0	0	0	0	0	0	0	0	0	0	0	0	0	0	0	0	0	0	0	0	0	0	0	0	0	0	0	0	0	0	0	0	0	0	0	0	0	0	0	0	0	0	0	0	0	0	0	0	0	0	0	0	0	0	0	0	0	0	0	0	0	0	0	0	0	0	0	0	17	0	0	0	0	0	0	0	0	0	0	0	0	0	0	0	0	0	0	0	0	0	0	0	0	0	0	0	0
Epulopiscium	0	0	0	0	0	0	0	0	0	0	0	0	0	0	0	0	0	0	0	0	0	0	0	0	0	0	0	0	0	0	0	0	0	0	0	0	0	0	0	0	0	0	0	0	0	0	0	0	0	0	0	0	0	0	0	0	0	0	0	0	0	0	0	0	0	0	0	0	0	0	0	0	0	0	0	0	0	0	0	0	0	0	0	0	0	0	0	0	0	0	0	0	0	0	0	0	0	0	0	16	0	0	0	0	0	0	0	0	0	0	0	0	0	0	0	0	0	0	0	0	0	0	0	0	0	0	0	0	0	0	0	0	0	0	0	0	0	0	0	0	0	0	0	0	0	0	0	0	0	0	0	0	0	0	0	0	0	0	0	0	0	0	0	0	0	0	0	0	0	0	0	0	0	0	0	0	0	0	0	0	0	0	0	0	0	0	0	0	0	0	0	0	0	0	0	0	0	0	0	0	0	0	0	0	0
Lachnospiraceae_UCG-002	0	0	0	0	0	0	0	0	0	0	0	0	0	0	0	0	0	0	0	0	0	0	0	0	0	0	0	0	0	0	0	0	0	0	0	0	0	0	0	0	0	0	0	0	0	0	0	0	0	0	0	0	0	0	0	0	0	0	0	0	0	0	0	0	0	0	0	0	0	0	0	0	0	0	0	0	0	0	0	0	0	0	0	0	0	0	0	0	0	0	0	0	0	0	0	0	0	0	0	0	0	0	0	0	0	0	0	0	0	0	0	0	0	0	0	0	0	0	0	0	0	0	0	0	0	0	0	0	0	0	0	0	0	0	0	0	0	0	0	0	0	0	0	0	0	0	0	0	0	0	0	0	0	0	0	0	0	0	0	0	0	0	0	4	0	0	0	0	0	0	0	0	0	0	0	0	10	0	0	0	0	0	0	0	0	0	0	0	0	0	0	0	0	0	0	0	0	0	0	0	0	0	0	0	0
Pseudoflavonifractor	0	0	0	0	0	0	0	0	0	0	0	0	0	0	0	0	0	0	0	0	0	0	0	0	0	0	0	0	0	0	0	0	0	0	0	0	0	0	0	0	0	0	0	0	0	0	0	0	0	0	0	0	0	0	0	0	0	0	0	0	0	0	0	0	0	0	0	0	0	0	0	0	0	0	0	0	0	0	0	0	0	0	0	0	0	14	0	0	0	0	0	0	0	0	0	0	0	0	0	0	0	0	0	0	0	0	0	0	0	0	0	0	0	0	0	0	0	0	0	0	0	0	0	0	0	0	0	0	0	0	0	0	0	0	0	0	0	0	0	0	0	0	0	0	0	0	0	0	0	0	0	0	0	0	0	0	0	0	0	0	0	0	0	0	0	0	0	0	0	0	0	0	0	0	0	0	0	0	0	0	0	0	0	0	0	0	0	0	0	0	0	0	0	0	0	0	0	0	0	0	0	0	0	0	0
Peptostreptococcus	0	0	0	0	0	0	0	0	0	0	0	0	0	0	0	0	0	0	0	0	0	0	0	0	0	0	0	0	0	0	0	0	0	0	0	0	0	0	0	0	0	0	0	0	0	0	0	0	0	0	0	0	0	0	0	0	0	0	0	0	0	0	0	0	0	0	0	0	0	0	0	0	0	0	0	0	0	0	0	0	0	0	0	0	0	0	0	0	0	0	0	0	0	0	0	0	0	0	0	0	0	0	0	0	0	0	0	0	0	0	0	0	0	13	0	0	0	0	0	0	0	0	0	0	0	0	0	0	0	0	0	0	0	0	0	0	0	0	0	0	0	0	0	0	0	0	0	0	0	0	0	0	0	0	0	0	0	0	0	0	0	0	0	0	0	0	0	0	0	0	0	0	0	0	0	0	0	0	0	0	0	0	0	0	0	0	0	0	0	0	0	0	0	0	0	0	0	0	0	0	0	0	0	0	0
Sedimentibacter	0	0	0	0	0	0	0	0	0	0	0	0	0	0	0	0	0	0	0	0	0	0	0	0	0	0	0	0	0	0	0	0	0	0	0	0	0	0	0	0	0	0	0	0	0	0	0	0	0	0	0	0	0	0	0	0	0	0	0	0	0	0	0	0	0	0	0	0	0	0	0	0	0	0	0	0	0	0	0	0	0	0	0	0	0	0	0	0	0	0	0	0	0	0	0	0	0	0	0	0	0	0	0	0	0	0	0	0	0	0	0	0	0	0	0	0	0	0	0	0	0	0	0	0	0	0	0	0	0	0	0	0	0	0	0	0	0	0	0	0	0	0	0	0	0	0	0	0	0	0	0	0	0	0	0	0	0	0	0	0	0	0	0	0	0	0	0	0	13	0	0	0	0	0	0	0	0	0	0	0	0	0	0	0	0	0	0	0	0	0	0	0	0	0	0	0	0	0	0	0	0	0	0	0	0
Scardovia	0	0	0	0	0	0	0	0	0	0	0	0	0	0	0	0	0	0	0	0	0	0	0	0	0	0	0	0	0	0	0	0	0	0	0	0	0	0	0	0	0	0	0	0	0	0	0	0	0	0	0	0	0	0	0	0	0	0	0	0	0	0	0	0	0	0	0	0	0	0	0	0	0	0	0	0	0	0	0	0	0	0	0	0	0	0	0	0	0	0	0	0	0	0	0	0	0	0	0	0	0	0	0	0	3	0	0	0	0	0	0	0	0	0	0	0	0	0	0	0	0	0	0	0	0	0	0	0	0	0	0	0	0	0	0	0	0	0	0	0	0	0	0	0	0	0	0	0	0	0	0	0	0	0	0	0	0	0	0	0	0	0	0	0	0	0	0	0	0	0	0	0	0	0	0	0	0	0	0	0	8	0	0	0	0	0	0	0	0	0	0	0	0	0	0	0	0	0	0	0	0	0	0	0	0
Fastidiosipila	0	0	0	0	0	0	0	0	0	0	0	0	0	0	0	0	0	0	0	0	0	0	0	0	0	0	0	0	0	0	0	0	0	0	0	0	0	0	0	0	0	0	0	0	0	0	0	0	0	0	0	0	0	0	0	0	0	0	0	0	0	0	0	0	0	0	0	0	0	0	0	0	0	0	0	0	0	0	0	0	0	0	0	0	0	0	0	0	0	0	0	0	0	0	0	0	0	0	0	0	0	0	0	0	0	0	0	0	0	0	0	0	0	10	0	0	0	0	0	0	0	0	0	0	0	0	0	0	0	0	0	0	0	0	0	0	0	0	0	0	0	0	0	0	0	0	0	0	0	0	0	0	0	0	0	0	0	0	0	0	0	0	0	0	0	0	0	0	0	0	0	0	0	0	0	0	0	0	0	0	0	0	0	0	0	0	0	0	0	0	0	0	0	0	0	0	0	0	0	0	0	0	0	0	0
Oscillospira	0	0	0	0	0	0	0	0	0	0	0	0	0	0	0	0	0	0	0	0	0	0	0	0	0	0	0	0	0	0	0	0	0	0	0	0	0	0	0	0	0	0	0	0	0	0	0	0	0	0	0	0	0	0	0	0	0	0	0	0	0	0	0	0	0	0	0	0	0	0	0	0	0	0	0	0	0	0	0	0	0	0	0	0	0	0	0	0	0	0	0	0	0	0	0	0	0	0	0	0	0	0	0	0	0	0	0	0	0	0	0	0	0	0	0	0	0	0	0	0	0	0	0	0	0	0	0	0	0	0	0	0	0	0	0	0	0	0	0	0	0	0	0	0	0	0	0	0	6	4	0	0	0	0	0	0	0	0	0	0	0	0	0	0	0	0	0	0	0	0	0	0	0	0	0	0	0	0	0	0	0	0	0	0	0	0	0	0	0	0	0	0	0	0	0	0	0	0	0	0	0	0	0	0	0
Parvimonas	0	0	0	0	0	0	0	0	0	0	0	0	0	0	0	0	0	0	0	0	0	0	0	0	0	0	0	0	0	0	0	0	0	0	0	0	0	0	0	0	0	0	0	0	0	0	0	0	0	0	0	0	0	0	0	0	0	0	0	0	0	0	0	0	0	0	0	0	0	0	0	0	0	0	0	0	0	0	0	0	0	0	0	0	0	0	0	0	0	0	0	0	0	0	0	0	0	0	0	0	0	0	0	0	0	0	0	0	0	0	0	0	0	0	0	0	0	0	0	0	0	0	0	0	0	0	0	0	0	0	0	0	0	0	0	0	0	0	0	0	0	0	0	0	0	0	0	0	0	0	0	0	0	0	0	0	10	0	0	0	0	0	0	0	0	0	0	0	0	0	0	0	0	0	0	0	0	0	0	0	0	0	0	0	0	0	0	0	0	0	0	0	0	0	0	0	0	0	0	0	0	0	0	0	0
Pseudomonas	0	0	0	0	0	0	0	0	0	0	0	0	0	0	0	0	0	0	0	0	0	0	0	0	0	0	0	0	0	0	0	0	0	0	0	0	0	0	0	0	0	0	10	0	0	0	0	0	0	0	0	0	0	0	0	0	0	0	0	0	0	0	0	0	0	0	0	0	0	0	0	0	0	0	0	0	0	0	0	0	0	0	0	0	0	0	0	0	0	0	0	0	0	0	0	0	0	0	0	0	0	0	0	0	0	0	0	0	0	0	0	0	0	0	0	0	0	0	0	0	0	0	0	0	0	0	0	0	0	0	0	0	0	0	0	0	0	0	0	0	0	0	0	0	0	0	0	0	0	0	0	0	0	0	0	0	0	0	0	0	0	0	0	0	0	0	0	0	0	0	0	0	0	0	0	0	0	0	0	0	0	0	0	0	0	0	0	0	0	0	0	0	0	0	0	0	0	0	0	0	0	0	0	0	0
UCG-007	0	0	0	0	0	0	0	0	0	0	0	0	0	0	0	0	0	0	0	0	0	0	0	0	0	0	0	0	0	0	0	0	0	0	0	0	0	0	0	0	0	0	0	0	0	0	0	0	0	0	0	0	0	0	0	0	0	0	0	0	0	0	0	0	0	0	0	0	0	0	0	0	0	0	0	0	0	0	0	0	0	0	10	0	0	0	0	0	0	0	0	0	0	0	0	0	0	0	0	0	0	0	0	0	0	0	0	0	0	0	0	0	0	0	0	0	0	0	0	0	0	0	0	0	0	0	0	0	0	0	0	0	0	0	0	0	0	0	0	0	0	0	0	0	0	0	0	0	0	0	0	0	0	0	0	0	0	0	0	0	0	0	0	0	0	0	0	0	0	0	0	0	0	0	0	0	0	0	0	0	0	0	0	0	0	0	0	0	0	0	0	0	0	0	0	0	0	0	0	0	0	0	0	0	0
