"feature"	"metadata"	"value"	"name"	"coef"	"null_hypothesis"	"stderr"	"pval_individual"	"qval_individual"	"pval_joint"	"qval_joint"	"error"	"model"	"N"	"N_not_zero"
"Oscillospirales"	"TimeNW"	"TimeNW"	"TimeNW"	-4.18284278525247	-0.000160221854067387	0.824150425169438	0.000176088827629877	0.106181563060816	0.000352146647984538	0.116912687130866	NA	"abundance"	205	23
"Oscillospirales"	"Location"	"Center"	"LocationCenter"	-12.0000981239744	-0.121937143647197	2.68820564269336	0.000538738755855325	0.16242973489038	0.00107718727226359	0.178813087195756	NA	"abundance"	205	23
"Puniceicoccaceae"	"FIScore"	"FIScore"	"FIScore"	2.07132985693575	0	0.676866629112309	0.00221208220015152	0.444628522230455	0.00221208220015152	0.244803763483435	NA	"prevalence"	205	12
"Marinifilaceae"	"Location"	"Center"	"LocationCenter"	2.74026410753539	-0.121937143647197	0.864649834406737	0.00500185818432865	0.603224097030035	0.00997869778336116	0.662585532815181	NA	"abundance"	205	129
"Puniceicoccaceae"	"Age"	"Age"	"Age"	-3.36853831927934	0	1.19582864826263	0.00484885349091765	0.603224097030035	0.00484885349091765	0.402454839746165	NA	"prevalence"	205	12
"Peptococcaceae"	"Age"	"Age"	"Age"	0.674276459217959	-0.0820118149228786	0.245693678831844	0.00920136369379222	0.616491367484079	0.018318062293759	0.675732964614221	NA	"abundance"	205	80
"Barnesiellaceae"	"Location"	"Center"	"LocationCenter"	11.163058080955	0	4.23744686787897	0.00842903430330494	0.616491367484079	0.0167870199873236	0.675732964614221	NA	"prevalence"	205	106
"Gastranaerophilales"	"Age"	"Age"	"Age"	1.34503334275	0	0.50546638317533	0.00779147722883536	0.616491367484079	0.0155222473402633	0.675732964614221	NA	"prevalence"	205	38
"RF39"	"Sex"	"Female"	"SexFemale"	-6.60551821073336	0	2.49962852850765	0.00822721799459232	0.616491367484079	0.0163867488732541	0.675732964614221	NA	"prevalence"	205	28
"Acidaminococcaceae"	"Age"	"Age"	"Age"	3.10735633591137	0	1.23792678297146	0.0120686949064266	0.679404131743707	0.0239917364161088	0.742654215897702	NA	"prevalence"	205	133
"Eubacteriaceae"	"Location"	"Center"	"LocationCenter"	4.37756704648755	0	1.77872356613215	0.0138522502754766	0.679404131743707	0.0275126157132588	0.742654215897702	NA	"prevalence"	205	30
"Unknown"	"Age"	"Age"	"Age"	0.94330992626314	0	0.379018642406724	0.0128167125573774	0.679404131743707	0.0254691569939764	0.742654215897702	NA	"prevalence"	205	150
"Victivallaceae"	"Sex"	"Female"	"SexFemale"	-6.53749222433079	0	2.67821686375532	0.0146471869198477	0.679404131743707	0.0290798337550305	0.742654215897702	NA	"prevalence"	205	25
"[Eubacterium]_coprostanoligenes_group"	"Sex"	"Female"	"SexFemale"	0.929547921041831	0.00616454503043335	0.445422501478791	0.0558331275148787	0.773793790303777	0.108548916901665	0.799987109869034	NA	"abundance"	205	186
"Actinomycetaceae"	"Age"	"Age"	"Age"	-0.774512422641029	-0.0820118149228786	0.34424437325009	0.0664135829804166	0.773793790303777	0.128416401956537	0.799987109869034	NA	"abundance"	205	42
"Akkermansiaceae"	"Age"	"Age"	"Age"	-0.884371293355076	-0.0820118149228786	0.489321601263329	0.116386875834413	0.773793790303777	0.21922784680233	0.799987109869034	NA	"abundance"	205	141
"Akkermansiaceae"	"Location"	"Center"	"LocationCenter"	2.24779635065515	-0.121937143647197	1.04494921362216	0.0397392684733233	0.773793790303777	0.0405231385871363	0.799987109869034	NA	"abundance"	205	141
"Anaerofustaceae"	"Age"	"Age"	"Age"	1.0336651381364	-0.0820118149228786	0.446670712384336	0.0571394477742111	0.773793790303777	0.11101397905648	0.799987109869034	NA	"abundance"	205	18
"Anaerofustaceae"	"Location"	"Center"	"LocationCenter"	-2.1030116910642	-0.121937143647197	0.880202813349828	0.0824399775132955	0.773793790303777	0.158083605134198	0.799987109869034	NA	"abundance"	205	18
"Anaerovoracaceae"	"FIScore"	"FIScore"	"FIScore"	0.262600612848374	-0.111118035382895	0.202540832150564	0.0980325568491774	0.773793790303777	0.186454731495968	0.799987109869034	NA	"abundance"	205	137
"Barnesiellaceae"	"TimeNW"	"TimeNW"	"TimeNW"	-0.8726288567171	-0.000160221854067387	0.398456333117229	0.0593295458621271	0.773793790303777	0.115139096712048	0.799987109869034	NA	"abundance"	205	106
"Bifidobacteriaceae"	"Age"	"Age"	"Age"	-0.883448081630307	-0.0820118149228786	0.477910123052967	0.110616988706009	0.773793790303777	0.208997859221633	0.799987109869034	NA	"abundance"	205	126
"Butyricicoccaceae"	"Sex"	"Female"	"SexFemale"	0.85190252470019	0.00616454503043335	0.34958054991395	0.0322508386155202	0.773793790303777	0.0634615606396361	0.799987109869034	NA	"abundance"	205	152
"Carnobacteriaceae"	"Age"	"Age"	"Age"	0.882600318136887	-0.0820118149228786	0.539149529285418	0.119250479855597	0.773793790303777	0.224280282765404	0.799987109869034	NA	"abundance"	205	14
"Christensenellaceae"	"Location"	"Center"	"LocationCenter"	1.18394949398719	-0.121937143647197	0.729040046714702	0.114827149668538	0.773793790303777	0.216469025036075	0.799987109869034	NA	"abundance"	205	156
"Clostridia_UCG-014"	"Sex"	"Female"	"SexFemale"	-1.87097812648345	0.00616454503043335	1.09474543243609	0.106928474485908	0.773793790303777	0.202423250315932	0.799987109869034	NA	"abundance"	205	90
"Clostridia_vadinBB60_group"	"Location"	"Center"	"LocationCenter"	1.76975164494524	-0.121937143647197	0.755258906535674	0.0370020462394683	0.773793790303777	0.0726349410530288	0.799987109869034	NA	"abundance"	205	70
"Clostridia_vadinBB60_group"	"Sex"	"Female"	"SexFemale"	-1.43431977696016	0.00616454503043335	0.712138416769148	0.0658189015185701	0.773793790303777	0.127305675240029	0.799987109869034	NA	"abundance"	205	70
"Desulfovibrionaceae"	"Location"	"Center"	"LocationCenter"	0.959507025868285	-0.121937143647197	0.480340600312243	0.0777041307529367	0.773793790303777	0.115338937521469	0.799987109869034	NA	"abundance"	205	169
"Eggerthellaceae"	"Sex"	"Female"	"SexFemale"	0.792545885904378	0.00616454503043335	0.411277159639558	0.0777291398161163	0.773793790303777	0.149416460455679	0.799987109869034	NA	"abundance"	205	158
"Enterobacteriaceae"	"Age"	"Age"	"Age"	0.756902266545651	-0.0820118149228786	0.431782831374174	0.0634674783065271	0.773793790303777	0.122906835810465	0.799987109869034	NA	"abundance"	205	178
"Izemoplasmatales"	"Location"	"Center"	"LocationCenter"	2.01517899663975	-0.121937143647197	0.800356879140542	0.0877801974642766	0.773793790303777	0.167855031861686	0.799987109869034	NA	"abundance"	205	26
"Lachnospiraceae"	"Age"	"Age"	"Age"	0.198794430661665	-0.0820118149228786	0.118052236556923	0.0650082505021527	0.773793790303777	0.0650082505021527	0.799987109869034	NA	"abundance"	205	205
"Monoglobaceae"	"Sex"	"Female"	"SexFemale"	1.12839495202124	0.00616454503043335	0.425431482422421	0.0183637913569458	0.773793790303777	0.0363903538808901	0.799987109869034	NA	"abundance"	205	168
"Oscillospirales"	"Age"	"Age"	"Age"	-0.459637656939157	-0.0820118149228786	0.179569592083703	0.079038892258036	0.773793790303777	0.151830638026695	0.799987109869034	NA	"abundance"	205	23
"Peptostreptococcaceae"	"TimeNW"	"TimeNW"	"TimeNW"	-0.601006108685964	-0.000160221854067387	0.306783358007912	0.0996484075486722	0.773793790303777	0.189367009970358	0.799987109869034	NA	"abundance"	205	155
"Porphyromonadaceae"	"FIScore"	"FIScore"	"FIScore"	1.28562057769467	-0.111118035382895	0.775745062623326	0.100343128491077	0.773793790303777	0.190617513546777	0.799987109869034	NA	"abundance"	205	26
"Prevotellaceae"	"Age"	"Age"	"Age"	0.602625717729687	-0.0820118149228786	0.370988397348068	0.0874922650318279	0.773793790303777	0.167329633623256	0.799987109869034	NA	"abundance"	205	94
"Pseudomonadaceae"	"Age"	"Age"	"Age"	1.46882118503772	-0.0820118149228786	0.806125547137323	0.113979076272395	0.773793790303777	0.214966922716882	0.799987109869034	NA	"abundance"	205	17
"Rikenellaceae"	"Sex"	"Female"	"SexFemale"	-0.638855856567253	0.00616454503043335	0.357822902619212	0.102656818840153	0.773793790303777	0.194775215225926	0.799987109869034	NA	"abundance"	205	184
"Ruminococcaceae"	"TimeNW"	"TimeNW"	"TimeNW"	-0.442058873687086	-0.000160221854067387	0.194307153604189	0.103193642190214	0.773793790303777	0.195738356591946	0.799987109869034	NA	"abundance"	205	202
"Sutterellaceae"	"FIScore"	"FIScore"	"FIScore"	0.460737672630176	-0.111118035382895	0.276030950221729	0.0592992340051478	0.773793790303777	0.0883076597991151	0.799987109869034	NA	"abundance"	205	122
"Sutterellaceae"	"Location"	"Center"	"LocationCenter"	-1.37484823988042	-0.121937143647197	0.561902260198111	0.071567721363417	0.773793790303777	0.138013503985682	0.799987109869034	NA	"abundance"	205	122
"UCG-010"	"Age"	"Age"	"Age"	0.778404535296052	-0.0820118149228786	0.39833443157355	0.0590012040545954	0.773793790303777	0.114521266029299	0.799987109869034	NA	"abundance"	205	46
"UCG-010"	"Sex"	"Female"	"SexFemale"	-1.4830900748738	0.00616454503043335	0.815867181759112	0.100878742653711	0.773793790303777	0.191580964588029	0.799987109869034	NA	"abundance"	205	46
"uncultured"	"Location"	"Center"	"LocationCenter"	1.70837364404187	-0.121937143647197	0.792284079808208	0.0588059345016812	0.773793790303777	0.103458110031471	0.799987109869034	NA	"abundance"	205	66
"[Eubacterium]_coprostanoligenes_group"	"Location"	"Center"	"LocationCenter"	2.69747199392025	0	1.59827365212772	0.0914609550503504	0.773793790303777	0.174556803801979	0.799987109869034	NA	"prevalence"	205	186
"[Eubacterium]_coprostanoligenes_group"	"TimeNW"	"TimeNW"	"TimeNW"	-1.09043604040314	0	0.602327224745047	0.0702381961247131	0.773793790303777	0.135542988054573	0.799987109869034	NA	"prevalence"	205	186
"Acidaminococcaceae"	"Location"	"Center"	"LocationCenter"	5.03146918925798	0	2.22634782407118	0.0238233944697287	0.773793790303777	0.0470792348153972	0.799987109869034	NA	"prevalence"	205	133
"Acidaminococcaceae"	"TimeNW"	"TimeNW"	"TimeNW"	1.3138727315999	0	0.839973489993681	0.117774464724258	0.773793790303777	0.221678104907431	0.799987109869034	NA	"prevalence"	205	133
"Akkermansiaceae"	"Location"	"Center"	"LocationCenter"	3.20974543282193	0	1.3849440153616	0.0204711023084293	0.773793790303777	0.0405231385871363	0.799987109869034	NA	"prevalence"	205	141
"Anaerovoracaceae"	"Sex"	"Female"	"SexFemale"	0.874285780315387	0	0.522214669176346	0.094093563913672	0.773793790303777	0.179333529057368	0.799987109869034	NA	"prevalence"	205	137
"Bifidobacteriaceae"	"Sex"	"Female"	"SexFemale"	2.57611324374078	0	1.54309738277241	0.0950296024767052	0.773793790303777	0.18102857960653	0.799987109869034	NA	"prevalence"	205	126
"Carnobacteriaceae"	"Location"	"Center"	"LocationCenter"	-1.30932114456477	0	0.837378225877955	0.11791250288388	0.773793790303777	0.221921647431418	0.799987109869034	NA	"prevalence"	205	14
"Clostridiaceae"	"Age"	"Age"	"Age"	1.15489374787988	0	0.510568295574244	0.0236988235927196	0.773793790303777	0.0468360129457603	0.799987109869034	NA	"prevalence"	205	105
"Coriobacteriaceae"	"Location"	"Center"	"LocationCenter"	4.09102197773876	0	2.11652849815995	0.0532494467866787	0.773793790303777	0.10366338999027	0.799987109869034	NA	"prevalence"	205	124
"Defluviitaleaceae"	"FIScore"	"FIScore"	"FIScore"	0.90592408069333	0	0.441316954788164	0.0400944770535332	0.773793790303777	0.0785813870168701	0.799987109869034	NA	"prevalence"	205	18
"Defluviitaleaceae"	"Location"	"Center"	"LocationCenter"	-1.74783866717331	0	1.04457116641794	0.094276214170639	0.773793790303777	0.17966442378293	0.799987109869034	NA	"prevalence"	205	18
"Desulfovibrionaceae"	"Age"	"Age"	"Age"	1.4441660659683	0	0.878444877984213	0.100175570648967	0.773793790303777	0.190315996343088	0.799987109869034	NA	"prevalence"	205	169
"Desulfovibrionaceae"	"Location"	"Center"	"LocationCenter"	3.19580679914511	0	1.69542776989646	0.0594357743999983	0.773793790303777	0.115338937521469	0.799987109869034	NA	"prevalence"	205	169
"Desulfovibrionaceae"	"Sex"	"Female"	"SexFemale"	-3.59727990845383	0	1.84286257559049	0.0509374211592379	0.773793790303777	0.0992802214441221	0.799987109869034	NA	"prevalence"	205	169
"Desulfovibrionaceae"	"TimeNW"	"TimeNW"	"TimeNW"	1.6472558811062	0	0.868413813595751	0.0578469568797994	0.773793790303777	0.112347643339346	0.799987109869034	NA	"prevalence"	205	169
"DTU014"	"Sex"	"Female"	"SexFemale"	-2.99316724242556	0	1.70796895519351	0.0796927335612309	0.773793790303777	0.15303453534	0.799987109869034	NA	"prevalence"	205	18
"Enterococcaceae"	"Age"	"Age"	"Age"	2.25448164830238	0	1.12450141077551	0.0449767084481282	0.773793790303777	0.0449767084481282	0.799987109869034	NA	"prevalence"	205	12
"Enterococcaceae"	"Location"	"Center"	"LocationCenter"	-3.89368330347133	0	2.25651821761067	0.0844325268918746	0.773793790303777	0.0844325268918746	0.799987109869034	NA	"prevalence"	205	12
"Erysipelotrichaceae"	"TimeNW"	"TimeNW"	"TimeNW"	-0.773003050410951	0	0.350199600948665	0.0272916178553745	0.773793790303777	0.0538384033055852	0.799987109869034	NA	"prevalence"	205	174
"Eubacteriaceae"	"Age"	"Age"	"Age"	-1.26288218106052	0	0.705501454892968	0.0734460328446973	0.773793790303777	0.14149774594877	0.799987109869034	NA	"prevalence"	205	30
"Fusobacteriaceae"	"Age"	"Age"	"Age"	1.72017756262545	0	0.899086876578345	0.0557161128260823	0.773793790303777	0.108327940423716	0.799987109869034	NA	"prevalence"	205	23
"Gastranaerophilales"	"Location"	"Center"	"LocationCenter"	1.6066623270822	0	1.01479389878958	0.113366764822012	0.773793790303777	0.213881506277815	0.799987109869034	NA	"prevalence"	205	38
"Gastranaerophilales"	"Sex"	"Female"	"SexFemale"	-2.14479306921883	0	0.940663675120936	0.0226026518762562	0.773793790303777	0.0446944238806732	0.799987109869034	NA	"prevalence"	205	38
"Hungateiclostridiaceae"	"Location"	"Center"	"LocationCenter"	2.22834772610464	0	1.26869635800481	0.0790188628716267	0.773793790303777	0.151793745053728	0.799987109869034	NA	"prevalence"	205	44
"Izemoplasmatales"	"Sex"	"Female"	"SexFemale"	-3.12564655772023	0	1.64163059726283	0.0569116200997382	0.773793790303777	0.1105843076971	0.799987109869034	NA	"prevalence"	205	26
"Marinifilaceae"	"Age"	"Age"	"Age"	2.08205678244979	0	1.17727239191041	0.0769701794944176	0.773793790303777	0.148015950457432	0.799987109869034	NA	"prevalence"	205	129
"Marinifilaceae"	"Sex"	"Female"	"SexFemale"	-3.79703469933298	0	2.29319430882723	0.0977655466676618	0.773793790303777	0.185972991220097	0.799987109869034	NA	"prevalence"	205	129
"Monoglobaceae"	"FIScore"	"FIScore"	"FIScore"	-0.9445543696602	0	0.602685821069535	0.117058199467352	0.773793790303777	0.220413776872165	0.799987109869034	NA	"prevalence"	205	168
"Oscillospirales"	"Location"	"Center"	"LocationCenter"	3.89548201541706	0	1.92569729190991	0.0430840495618858	0.773793790303777	0.00107718727226359	0.178813087195756	NA	"prevalence"	205	23
"Oxalobacteraceae"	"Sex"	"Female"	"SexFemale"	-2.45992171270729	0	1.47592000542402	0.0955732857787659	0.773793790303777	0.182012318602982	0.799987109869034	NA	"prevalence"	205	17
"Pasteurellaceae"	"Sex"	"Female"	"SexFemale"	1.93734027406554	0	1.10935381409561	0.0807469840764549	0.773793790303777	0.154973892715467	0.799987109869034	NA	"prevalence"	205	35
"Peptococcaceae"	"Age"	"Age"	"Age"	0.870985322652238	0	0.542165412782545	0.108165476988912	0.773793790303777	0.018318062293759	0.675732964614221	NA	"prevalence"	205	80
"Porphyromonadaceae"	"Location"	"Center"	"LocationCenter"	2.37766128721926	0	1.09136275370665	0.0293601432041797	0.773793790303777	0.0578582683993894	0.799987109869034	NA	"prevalence"	205	26
"Porphyromonadaceae"	"TimeNW"	"TimeNW"	"TimeNW"	0.890232690279059	0	0.449132227992135	0.0474661308711138	0.773793790303777	0.0926792281623538	0.799987109869034	NA	"prevalence"	205	26
"Prevotellaceae"	"Location"	"Center"	"LocationCenter"	5.11929592873499	0	2.38792330665793	0.0320467017486662	0.773793790303777	0.0630664124043645	0.799987109869034	NA	"prevalence"	205	94
"Prevotellaceae"	"TimeNW"	"TimeNW"	"TimeNW"	1.56290040571138	0	0.935043022024328	0.0946280255804757	0.773793790303777	0.180301587935692	0.799987109869034	NA	"prevalence"	205	94
"Ruminococcaceae"	"Age"	"Age"	"Age"	-1.57125431295516	0	0.972327871217909	0.106100434227107	0.773793790303777	0.200943566311032	0.799987109869034	NA	"prevalence"	205	202
"Selenomonadaceae"	"Sex"	"Female"	"SexFemale"	-3.2771604441925	0	2.11035353734393	0.120447883223716	0.773793790303777	0.120447883223716	0.799987109869034	NA	"prevalence"	205	12
"Sutterellaceae"	"FIScore"	"FIScore"	"FIScore"	-1.40553090361548	0	0.701702747448987	0.0451741833188186	0.773793790303777	0.0883076597991151	0.799987109869034	NA	"prevalence"	205	122
"Sutterellaceae"	"Location"	"Center"	"LocationCenter"	2.66855311455406	0	1.71925421187653	0.120624570959461	0.773793790303777	0.138013503985682	0.799987109869034	NA	"prevalence"	205	122
"Sutterellaceae"	"TimeNW"	"TimeNW"	"TimeNW"	1.27665527717893	0	0.814664350605688	0.11709281860848	0.773793790303777	0.220474909047281	0.799987109869034	NA	"prevalence"	205	122
"UCG-010"	"Location"	"Center"	"LocationCenter"	2.00417148953855	0	1.22454073828035	0.101699030980168	0.773793790303777	0.19305536905803	0.799987109869034	NA	"prevalence"	205	46
"uncultured"	"Location"	"Center"	"LocationCenter"	3.46775769559412	0	1.79325993313548	0.0531410400864714	0.773793790303777	0.103458110031471	0.799987109869034	NA	"prevalence"	205	66
"Veillonellaceae"	"Age"	"Age"	"Age"	-1.48603630586511	0	0.732430197739646	0.0424672698000857	0.773793790303777	0.0831310705958982	0.799987109869034	NA	"prevalence"	205	111
"Veillonellaceae"	"Sex"	"Female"	"SexFemale"	3.19967171489823	0	1.48683473539993	0.0313971761503047	0.773793790303777	0.0618085696303961	0.799987109869034	NA	"prevalence"	205	111
"Veillonellaceae"	"TimeNW"	"TimeNW"	"TimeNW"	-1.06576657697057	0	0.679425892443251	0.116734610529756	0.773793790303777	0.219842251763979	0.799987109869034	NA	"prevalence"	205	111
"Victivallaceae"	"Location"	"Center"	"LocationCenter"	5.79513544350174	0	2.87233570632404	0.0436361694195919	0.773793790303777	0.0853682235575685	0.799987109869034	NA	"prevalence"	205	25
"Bacteroidaceae"	"Location"	"Center"	"LocationCenter"	0.865050695010908	-0.121937143647197	0.533112352493866	0.129727922389541	0.777277541115654	0.129727922389541	0.799987109869034	NA	"abundance"	205	200
"Coriobacteriales_Incertae_Sedis"	"Sex"	"Female"	"SexFemale"	1.28883237884964	0.00616454503043335	0.787308733296828	0.125417734421713	0.777277541115654	0.235105860735951	0.804692224374597	NA	"abundance"	205	80
"Eubacteriaceae"	"FIScore"	"FIScore"	"FIScore"	0.53942771034443	-0.111118035382895	0.312151959256198	0.122552011466118	0.777277541115654	0.230085027417844	0.799987109869034	NA	"abundance"	205	30
"Eubacteriaceae"	"TimeNW"	"TimeNW"	"TimeNW"	-2.87048856361933	-0.000160221854067387	1.38397608454226	0.130814313755426	0.777277541115654	0.244516242827549	0.811793926187462	NA	"abundance"	205	30
"Lachnospiraceae"	"Location"	"Center"	"LocationCenter"	-0.799288057934573	-0.121937143647197	0.245324428787737	0.1255261565305	0.777277541115654	0.1255261565305	0.799987109869034	NA	"abundance"	205	205
"Peptostreptococcaceae"	"Sex"	"Female"	"SexFemale"	1.02706012247247	0.00616454503043335	0.645846404766074	0.127594924225921	0.777277541115654	0.238909383763623	0.806475198840679	NA	"abundance"	205	155
"Prevotellaceae"	"FIScore"	"FIScore"	"FIScore"	-0.564270169623527	-0.111118035382895	0.273306294961354	0.128498464919937	0.777277541115654	0.240485074353094	0.806475198840679	NA	"abundance"	205	94
"Family_XI"	"TimeNW"	"TimeNW"	"TimeNW"	0.686599879984395	0	0.455216783217803	0.13147978307429	0.777277541115654	0.13147978307429	0.799987109869034	NA	"prevalence"	205	5
"Atopobiaceae"	"FIScore"	"FIScore"	"FIScore"	-1.19232537305906	0	0.796704713513446	0.134504854268511	0.787441040037982	0.250918152715228	0.81994776944795	NA	"prevalence"	205	17
"Coriobacteriaceae"	"TimeNW"	"TimeNW"	"TimeNW"	0.659281001121406	-0.000160221854067387	0.391134899676462	0.136018398273921	0.788645136145906	0.253535791878839	0.81994776944795	NA	"abundance"	205	124
"Izemoplasmatales"	"TimeNW"	"TimeNW"	"TimeNW"	0.699872990976414	-0.000160221854067387	0.387016156776713	0.140377902693046	0.795912342714756	0.261049849821594	0.81994776944795	NA	"abundance"	205	26
"Anaerofustaceae"	"FIScore"	"FIScore"	"FIScore"	0.83885489810241	0	0.571632043409824	0.142247282192102	0.795912342714756	0.264260275093165	0.81994776944795	NA	"prevalence"	205	18
"Muribaculaceae"	"Age"	"Age"	"Age"	1.50386840319015	0	1.02190399073209	0.141119806260428	0.795912342714756	0.262324812801875	0.81994776944795	NA	"prevalence"	205	25
"Ruminococcaceae"	"TimeNW"	"TimeNW"	"TimeNW"	-0.921479024649122	0	0.628414479449426	0.142551464366822	0.795912342714756	0.195738356591946	0.799987109869034	NA	"prevalence"	205	202
"Erysipelatoclostridiaceae"	"FIScore"	"FIScore"	"FIScore"	-0.459121981628402	-0.111118035382895	0.217627399430131	0.145992134144987	0.807644558618597	0.270670565057766	0.832061366659057	NA	"abundance"	205	179
"Anaerofustaceae"	"Sex"	"Female"	"SexFemale"	-1.09272745902576	0.00616454503043335	0.632257568534727	0.171134470873745	0.818503971673752	0.312981934626253	0.857630959791328	NA	"abundance"	205	18
"Bacteroidaceae"	"FIScore"	"FIScore"	"FIScore"	0.220535365777902	-0.111118035382895	0.218836943068167	0.164679407906008	0.818503971673752	0.302239508423742	0.857630959791328	NA	"abundance"	205	200
"Clostridiaceae"	"Age"	"Age"	"Age"	0.570667884887942	-0.0820118149228786	0.466674766852639	0.177482094051666	0.818503971673752	0.0468360129457603	0.799987109869034	NA	"abundance"	205	105
"Clostridiaceae"	"Location"	"Center"	"LocationCenter"	-1.46801206679098	-0.121937143647197	0.922227444260826	0.180667201238348	0.818503971673752	0.328693764873398	0.857630959791328	NA	"abundance"	205	105
"Coriobacteriaceae"	"Age"	"Age"	"Age"	-0.611397878673873	-0.0820118149228786	0.380057706144095	0.184034058928765	0.818503971673752	0.334199583011734	0.857630959791328	NA	"abundance"	205	124
"Desulfovibrionaceae"	"TimeNW"	"TimeNW"	"TimeNW"	0.373957864600006	-0.000160221854067387	0.207356054579447	0.182313838217293	0.818503971673752	0.112347643339346	0.799987109869034	NA	"abundance"	205	169
"Enterobacteriaceae"	"FIScore"	"FIScore"	"FIScore"	0.429999642880665	-0.111118035382895	0.371553133026034	0.161878782407231	0.818503971673752	0.297552824620814	0.857630959791328	NA	"abundance"	205	178
"Erysipelatoclostridiaceae"	"Age"	"Age"	"Age"	0.30444279635212	-0.0820118149228786	0.25745520644495	0.157437168392284	0.818503971673752	0.290087874793187	0.857630959791328	NA	"abundance"	205	179
"Erysipelatoclostridiaceae"	"Location"	"Center"	"LocationCenter"	-0.98320256134865	-0.121937143647197	0.526778491957904	0.181003026263113	0.818503971673752	0.329243957009822	0.857630959791328	NA	"abundance"	205	179
"Marinifilaceae"	"Age"	"Age"	"Age"	-0.631043410985686	-0.0820118149228786	0.400272702610048	0.189237194817728	0.818503971673752	0.148015950457432	0.799987109869034	NA	"abundance"	205	129
"Pasteurellaceae"	"TimeNW"	"TimeNW"	"TimeNW"	-0.754183029269098	-0.000160221854067387	0.421987726954812	0.149387843167447	0.818503971673752	0.276458958648673	0.842058479553755	NA	"abundance"	205	35
"Porphyromonadaceae"	"Sex"	"Female"	"SexFemale"	3.30557942356109	0.00616454503043335	2.34853274343566	0.184707215776399	0.818503971673752	0.335297675992929	0.857630959791328	NA	"abundance"	205	26
"UCG-010"	"FIScore"	"FIScore"	"FIScore"	-0.563187806352778	-0.111118035382895	0.311258871454994	0.187363152001009	0.818503971673752	0.339621353274264	0.857630959791328	NA	"abundance"	205	46
"Veillonellaceae"	"Location"	"Center"	"LocationCenter"	-1.40246138811097	-0.121937143647197	0.888718903741914	0.191391475963514	0.818503971673752	0.346152254855536	0.857630959791328	NA	"abundance"	205	111
"Veillonellaceae"	"TimeNW"	"TimeNW"	"TimeNW"	-0.655256457966239	-0.000160221854067387	0.441063397872503	0.179764838163112	0.818503971673752	0.219842251763979	0.799987109869034	NA	"abundance"	205	111
"Acidaminococcaceae"	"FIScore"	"FIScore"	"FIScore"	1.30031127195957	0	0.943839545684917	0.168301321335331	0.818503971673752	0.308277307907444	0.857630959791328	NA	"prevalence"	205	133
"Bifidobacteriaceae"	"Age"	"Age"	"Age"	-0.999018233041206	0	0.762467162633	0.190113212904291	0.818503971673752	0.208997859221633	0.799987109869034	NA	"prevalence"	205	126
"Butyricicoccaceae"	"TimeNW"	"TimeNW"	"TimeNW"	-0.62125561483312	0	0.466065593156026	0.182538718947311	0.818503971673752	0.331757053979697	0.857630959791328	NA	"prevalence"	205	152
"Clostridia_UCG-014"	"TimeNW"	"TimeNW"	"TimeNW"	-0.951214582916789	0	0.696640846536772	0.172117817639407	0.818503971673752	0.314611092129861	0.857630959791328	NA	"prevalence"	205	90
"Clostridia_vadinBB60_group"	"Location"	"Center"	"LocationCenter"	1.80393208112189	0	1.26238844889039	0.153009017567615	0.818503971673752	0.0726349410530288	0.799987109869034	NA	"prevalence"	205	70
"Clostridiaceae"	"TimeNW"	"TimeNW"	"TimeNW"	0.635741083134083	0	0.45490889494818	0.16225936765523	0.818503971673752	0.298190632918584	0.857630959791328	NA	"prevalence"	205	105
"Coriobacteriales_Incertae_Sedis"	"TimeNW"	"TimeNW"	"TimeNW"	1.03690817214379	0	0.733624499080807	0.157536821698972	0.818503971673752	0.290255793206931	0.857630959791328	NA	"prevalence"	205	80
"Desulfovibrionaceae"	"FIScore"	"FIScore"	"FIScore"	1.05880469506129	0	0.779628947833445	0.174435772009964	0.818503971673752	0.318443705463216	0.857630959791328	NA	"prevalence"	205	169
"DTU014"	"FIScore"	"FIScore"	"FIScore"	1.02518405173583	0	0.725997063933856	0.157919059828421	0.818503971673752	0.290899690199749	0.857630959791328	NA	"prevalence"	205	18
"Erysipelatoclostridiaceae"	"TimeNW"	"TimeNW"	"TimeNW"	-0.501247851270253	0	0.373521468318123	0.17961158584881	0.818503971673752	0.326962849926496	0.857630959791328	NA	"prevalence"	205	179
"Family_XI"	"Age"	"Age"	"Age"	0.796817407876003	0	0.578698044786468	0.168538855222236	0.818503971673752	0.168538855222236	0.799987109869034	NA	"prevalence"	205	5
"Lactobacillaceae"	"FIScore"	"FIScore"	"FIScore"	0.767029207368937	0	0.580434177777303	0.186343060384777	0.818503971673752	0.33796238461599	0.857630959791328	NA	"prevalence"	205	92
"Lactobacillaceae"	"TimeNW"	"TimeNW"	"TimeNW"	0.932305962019433	0	0.666582632157724	0.1619223920898	0.818503971673752	0.297625923119517	0.857630959791328	NA	"prevalence"	205	92
"Marinifilaceae"	"TimeNW"	"TimeNW"	"TimeNW"	-1.44712314666394	0	1.10088422547846	0.18867468903724	0.818503971673752	0.341751239791181	0.857630959791328	NA	"prevalence"	205	129
"Muribaculaceae"	"FIScore"	"FIScore"	"FIScore"	-1.53621863334599	0	1.13938898960944	0.177567426215018	0.818503971673752	0.32360466157741	0.857630959791328	NA	"prevalence"	205	25
"Peptostreptococcaceae"	"Age"	"Age"	"Age"	-0.778418630810763	0	0.57735940320608	0.17758143197763	0.818503971673752	0.323627698972035	0.857630959791328	NA	"prevalence"	205	155
"Prevotellaceae"	"FIScore"	"FIScore"	"FIScore"	1.35273459323512	0	0.945374119453172	0.152459251307731	0.818503971673752	0.240485074353094	0.806475198840679	NA	"prevalence"	205	94
"Akkermansiaceae"	"TimeNW"	"TimeNW"	"TimeNW"	0.616613953431516	-0.000160221854067387	0.509596536110907	0.259153769611935	0.844275313405612	0.451146862919794	0.871694245196911	NA	"abundance"	205	141
"Anaerovoracaceae"	"Age"	"Age"	"Age"	-0.390137122596939	-0.0820118149228786	0.234397809915529	0.226669160654247	0.844275313405612	0.401959412916794	0.871694245196911	NA	"abundance"	205	137
"Anaerovoracaceae"	"Sex"	"Female"	"SexFemale"	0.661189832432301	0.00616454503043335	0.495554598677924	0.205307968346899	0.844275313405612	0.179333529057368	0.799987109869034	NA	"abundance"	205	137
"Atopobiaceae"	"TimeNW"	"TimeNW"	"TimeNW"	1.58946142193347	-0.000160221854067387	0.520949370323804	0.21733712046515	0.844275313405612	0.387438816998217	0.871694245196911	NA	"abundance"	205	17
"Bacteroidaceae"	"Age"	"Age"	"Age"	-0.399114701152356	-0.0820118149228786	0.254419474286195	0.242726115485065	0.844275313405612	0.426536263831661	0.871694245196911	NA	"abundance"	205	200
"Coriobacteriaceae"	"Sex"	"Female"	"SexFemale"	0.906111198846663	0.00616454503043335	0.771480322851776	0.255159404949517	0.844275313405612	0.445212487964843	0.871694245196911	NA	"abundance"	205	124
"Coriobacteriales_Incertae_Sedis"	"TimeNW"	"TimeNW"	"TimeNW"	0.449947244967953	-0.000160221854067387	0.342108808797109	0.257298939263306	0.844275313405612	0.290255793206931	0.857630959791328	NA	"abundance"	205	80
"DTU014"	"TimeNW"	"TimeNW"	"TimeNW"	0.616912321795675	-0.000160221854067387	0.354651022177239	0.260400793013341	0.844275313405612	0.452993013024706	0.871694245196911	NA	"abundance"	205	18
"Erysipelotrichaceae"	"Sex"	"Female"	"SexFemale"	0.824357990935737	0.00616454503043335	0.703717070604182	0.25683174715224	0.844275313405612	0.447700947959208	0.871694245196911	NA	"abundance"	205	174
"Eubacteriaceae"	"Location"	"Center"	"LocationCenter"	-3.44989445434794	-0.121937143647197	2.25046401083062	0.229294363442889	0.844275313405612	0.0275126157132588	0.742654215897702	NA	"abundance"	205	30
"Eubacteriaceae"	"Sex"	"Female"	"SexFemale"	0.847148462680604	0.00616454503043335	0.659624004151833	0.25918355800359	0.844275313405612	0.451190999267779	0.871694245196911	NA	"abundance"	205	30
"Hungateiclostridiaceae"	"TimeNW"	"TimeNW"	"TimeNW"	0.369642409305121	-0.000160221854067387	0.199188254700339	0.200462947481519	0.844275313405612	0.36074050165006	0.871694245196911	NA	"abundance"	205	44
"Marinifilaceae"	"FIScore"	"FIScore"	"FIScore"	0.283215126260371	-0.111118035382895	0.326300702094027	0.24914841458397	0.844275313405612	0.436221896678234	0.871694245196911	NA	"abundance"	205	129
"Marinifilaceae"	"Sex"	"Female"	"SexFemale"	-0.950118933884846	0.00616454503043335	0.826374682460668	0.261585810966182	0.844275313405612	0.185972991220097	0.799987109869034	NA	"abundance"	205	129
"Monoglobaceae"	"Location"	"Center"	"LocationCenter"	-0.748947164841954	-0.121937143647197	0.432632217824334	0.267110016572095	0.844275313405612	0.462872272191045	0.871694245196911	NA	"abundance"	205	168
"Peptococcaceae"	"FIScore"	"FIScore"	"FIScore"	-0.355212184320278	-0.111118035382895	0.184480211993539	0.246797677801033	0.844275313405612	0.432686261834084	0.871694245196911	NA	"abundance"	205	80
"Porphyromonadaceae"	"Location"	"Center"	"LocationCenter"	2.05154754035107	-0.121937143647197	1.77384948476965	0.249592755331886	0.844275313405612	0.0578582683993894	0.799987109869034	NA	"abundance"	205	26
"Prevotellaceae"	"TimeNW"	"TimeNW"	"TimeNW"	-0.414824167505412	-0.000160221854067387	0.309602821130781	0.254824706505106	0.844275313405612	0.180301587935692	0.799987109869034	NA	"abundance"	205	94
"Pseudomonadaceae"	"FIScore"	"FIScore"	"FIScore"	-1.80384197913181	-0.111118035382895	1.31234227793531	0.249278682542544	0.844275313405612	0.413747974607876	0.871694245196911	NA	"abundance"	205	17
"UCG-010"	"TimeNW"	"TimeNW"	"TimeNW"	0.556612441863076	-0.000160221854067387	0.440731166688112	0.262389069342978	0.844275313405612	0.455930114975281	0.871694245196911	NA	"abundance"	205	46
"Veillonellaceae"	"Age"	"Age"	"Age"	-0.63397030637874	-0.0820118149228786	0.441287438974712	0.228399110154341	0.844275313405612	0.0831310705958982	0.799987109869034	NA	"abundance"	205	111
"[Clostridium]_methylpentosum_group"	"Location"	"Center"	"LocationCenter"	-2.34002402194398	0	1.87706129001443	0.212528680769922	0.844275313405612	0.212528680769922	0.799987109869034	NA	"prevalence"	205	12
"[Eubacterium]_coprostanoligenes_group"	"Sex"	"Female"	"SexFemale"	-1.72694143861634	0	1.54769986261523	0.264502793296959	0.844275313405612	0.108548916901665	0.799987109869034	NA	"prevalence"	205	186
"Anaerovoracaceae"	"TimeNW"	"TimeNW"	"TimeNW"	-0.292001923299876	0	0.255708827759523	0.253482562104752	0.844275313405612	0.442711714918314	0.871694245196911	NA	"prevalence"	205	137
"Atopobiaceae"	"Sex"	"Female"	"SexFemale"	2.12109253104607	0	1.76064650209893	0.228309991811565	0.844275313405612	0.404494531262132	0.871694245196911	NA	"prevalence"	205	17
"Bifidobacteriaceae"	"TimeNW"	"TimeNW"	"TimeNW"	0.831160559341259	0	0.692972595223507	0.230367271793473	0.844275313405612	0.407665463673378	0.871694245196911	NA	"prevalence"	205	126
"Butyricicoccaceae"	"Location"	"Center"	"LocationCenter"	-1.1652618406225	0	1.04770170256962	0.266048882713743	0.844275313405612	0.461315757434255	0.871694245196911	NA	"prevalence"	205	152
"Clostridiaceae"	"Location"	"Center"	"LocationCenter"	-1.21312038182682	0	0.990852327222341	0.22083151200657	0.844275313405612	0.328693764873398	0.857630959791328	NA	"prevalence"	205	105
"Clostridiaceae"	"Sex"	"Female"	"SexFemale"	1.1876774653902	0	0.938541180553486	0.205709859510851	0.844275313405612	0.369103172721729	0.871694245196911	NA	"prevalence"	205	105
"Coriobacteriales_Incertae_Sedis"	"FIScore"	"FIScore"	"FIScore"	0.821661658018785	0	0.709999175842015	0.247161541791628	0.844275313405612	0.433234255842441	0.871694245196911	NA	"prevalence"	205	80
"Defluviitaleaceae"	"TimeNW"	"TimeNW"	"TimeNW"	-0.824189789023751	0	0.658060453076579	0.210404843997499	0.844275313405612	0.376539489617386	0.871694245196911	NA	"prevalence"	205	18
"Eggerthellaceae"	"Age"	"Age"	"Age"	-0.428704048007717	0	0.357604356829096	0.230597081644518	0.844275313405612	0.408019149226067	0.871694245196911	NA	"prevalence"	205	158
"Enterococcaceae"	"TimeNW"	"TimeNW"	"TimeNW"	0.882948340694304	0	0.702506813784045	0.208806589617339	0.844275313405612	0.208806589617339	0.799987109869034	NA	"prevalence"	205	12
"Fusobacteriaceae"	"Sex"	"Female"	"SexFemale"	2.19523857814855	0	1.88980594549273	0.245389382272125	0.844275313405612	0.430562815612354	0.871694245196911	NA	"prevalence"	205	23
"Izemoplasmatales"	"FIScore"	"FIScore"	"FIScore"	0.874320279616127	0	0.724920167957011	0.227782091250386	0.844275313405612	0.403679501406372	0.871694245196911	NA	"prevalence"	205	26
"Marinifilaceae"	"Location"	"Center"	"LocationCenter"	2.58734921076202	0	2.34097902929913	0.269054581999859	0.844275313405612	0.00997869778336116	0.662585532815181	NA	"prevalence"	205	129
"Oxalobacteraceae"	"Age"	"Age"	"Age"	0.805901253124808	0	0.730945289275045	0.27022410528571	0.844275313405612	0.467427143493958	0.871694245196911	NA	"prevalence"	205	17
"Pasteurellaceae"	"FIScore"	"FIScore"	"FIScore"	-0.655357739768677	0	0.511124486185918	0.199776665557068	0.844275313405612	0.359642615013035	0.871694245196911	NA	"prevalence"	205	35
"Pasteurellaceae"	"Location"	"Center"	"LocationCenter"	-1.20504194005421	0	1.08736044334754	0.267763897053649	0.844275313405612	0.46383028954194	0.871694245196911	NA	"prevalence"	205	35
"Pseudomonadaceae"	"FIScore"	"FIScore"	"FIScore"	0.544030774524637	0	0.457445035213146	0.234329035817523	0.844275313405612	0.413747974607876	0.871694245196911	NA	"prevalence"	205	17
"Staphylococcaceae"	"Age"	"Age"	"Age"	-7.95942085935215	0	7.12939707811999	0.264241233842827	0.844275313405612	0.264241233842827	0.81994776944795	NA	"prevalence"	205	4
"Staphylococcaceae"	"Sex"	"Female"	"SexFemale"	2.56011194332062	0	2.24799721436637	0.254769375964738	0.844275313405612	0.254769375964738	0.81994776944795	NA	"prevalence"	205	4
"Streptococcaceae"	"Sex"	"Female"	"SexFemale"	1.38143129978369	0	1.16819552507397	0.236993756452432	0.844275313405612	0.417821472307429	0.871694245196911	NA	"prevalence"	205	153
"Synergistaceae"	"Age"	"Age"	"Age"	-1.48198098218956	0	1.2359981927546	0.230521921466683	0.844275313405612	0.230521921466683	0.799987109869034	NA	"prevalence"	205	16
"Synergistaceae"	"FIScore"	"FIScore"	"FIScore"	1.2764672184946	0	1.06642298280117	0.231321573938034	0.844275313405612	0.231321573938034	0.799987109869034	NA	"prevalence"	205	16
"Tannerellaceae"	"FIScore"	"FIScore"	"FIScore"	-1.60023269055576	0	1.28353037047248	0.212491693475873	0.844275313405612	0.379830667155501	0.871694245196911	NA	"prevalence"	205	186
"Tannerellaceae"	"Location"	"Center"	"LocationCenter"	3.36144322518003	0	2.71124622182589	0.215043898292249	0.844275313405612	0.38384391839177	0.871694245196911	NA	"prevalence"	205	186
"Tannerellaceae"	"Sex"	"Female"	"SexFemale"	-3.91501578995062	0	3.47098264638045	0.259350659191126	0.844275313405612	0.451438553959381	0.871694245196911	NA	"prevalence"	205	186
"uncultured"	"Age"	"Age"	"Age"	0.943850319419123	0	0.790493949258515	0.232477698855852	0.844275313405612	0.410909517246392	0.871694245196911	NA	"prevalence"	205	66
"Unknown"	"Sex"	"Female"	"SexFemale"	-0.970040393240391	0	0.766939942637095	0.205936133729518	0.844275313405612	0.369462576283574	0.871694245196911	NA	"prevalence"	205	150
"Victivallaceae"	"Age"	"Age"	"Age"	1.27619457669867	0	1.1347059187093	0.260719607428224	0.844275313405612	0.453464501158921	0.871694245196911	NA	"prevalence"	205	25
"Victivallaceae"	"FIScore"	"FIScore"	"FIScore"	0.927795833335251	0	0.811325291506678	0.252807854712027	0.844275313405612	0.441703898019956	0.871694245196911	NA	"prevalence"	205	25
"Coriobacteriales_Incertae_Sedis"	"FIScore"	"FIScore"	"FIScore"	0.230147348949688	-0.111118035382895	0.29062952318937	0.272133657628858	0.84585873994949	0.433234255842441	0.871694245196911	NA	"abundance"	205	80
"Peptostreptococcaceae"	"FIScore"	"FIScore"	"FIScore"	0.209999227223377	-0.111118035382895	0.282735456461834	0.280042444215268	0.848628147289276	0.481661117868475	0.871694245196911	NA	"abundance"	205	155
"Actinomycetaceae"	"TimeNW"	"TimeNW"	"TimeNW"	0.419633124954732	0	0.389849210585978	0.281749050626191	0.848628147289276	0.484115573723622	0.871694245196911	NA	"prevalence"	205	42
"Christensenellaceae"	"Age"	"Age"	"Age"	0.657576128546752	0	0.605337362448477	0.277347637449051	0.848628147289276	0.477773562899532	0.871694245196911	NA	"prevalence"	205	156
"Christensenellaceae"	"FIScore"	"FIScore"	"FIScore"	0.584367774628854	0	0.537325298423511	0.276794104778841	0.848628147289276	0.476973233117362	0.871694245196911	NA	"prevalence"	205	156
"Izemoplasmatales"	"Age"	"Age"	"Age"	-0.856695221354946	0	0.797756244017715	0.282876049096425	0.848628147289276	0.485733239040448	0.871694245196911	NA	"prevalence"	205	26
"Oscillospiraceae"	"FIScore"	"FIScore"	"FIScore"	-0.233266205542864	0	0.216759929517262	0.281860161867705	0.848628147289276	0.484275172887321	0.871694245196911	NA	"prevalence"	205	199
"Pasteurellaceae"	"Age"	"Age"	"Age"	0.595309863544755	0	0.552208794904974	0.28101049602249	0.848628147289276	0.483054093170175	0.871694245196911	NA	"prevalence"	205	35
"Streptococcaceae"	"TimeNW"	"TimeNW"	"TimeNW"	-0.588609889237854	0	0.550986056682108	0.285392177507437	0.851938034836556	0.489335660032437	0.873437844789081	NA	"prevalence"	205	153
"Barnesiellaceae"	"FIScore"	"FIScore"	"FIScore"	0.208780274673781	-0.111118035382895	0.283362831586456	0.288702242550373	0.857573656442735	0.494055500247132	0.877146663540363	NA	"abundance"	205	106
"Fusobacteriaceae"	"TimeNW"	"TimeNW"	"TimeNW"	4.12498541260641	-0.000160221854067387	0.662286978114427	0.29270845949564	0.862810454551506	0.499738676730969	0.878522795635888	NA	"abundance"	205	23
"Pseudomonadaceae"	"TimeNW"	"TimeNW"	"TimeNW"	-0.736783905624421	0	0.701130576015319	0.293326937285338	0.862810454551506	0.500613182433479	0.878522795635888	NA	"prevalence"	205	17
"Sutterellaceae"	"Sex"	"Female"	"SexFemale"	1.64612358746257	0	1.57142933118736	0.294853965331736	0.863091947063284	0.502769069791623	0.878522795635888	NA	"prevalence"	205	122
"Desulfovibrionaceae"	"Sex"	"Female"	"SexFemale"	-0.462222931453695	0.00616454503043335	0.429901196265378	0.304377520634501	0.869476177566483	0.0992802214441221	0.799987109869034	NA	"abundance"	205	169
"[Clostridium]_methylpentosum_group"	"FIScore"	"FIScore"	"FIScore"	0.764813922834128	0	0.744971286540721	0.30459216065036	0.869476177566483	0.30459216065036	0.857630959791328	NA	"prevalence"	205	12
"[Eubacterium]_coprostanoligenes_group"	"Age"	"Age"	"Age"	-0.726840613517572	0	0.710246037044306	0.306135515779653	0.869476177566483	0.518552077537633	0.887419019291206	NA	"prevalence"	205	186
"Clostridia_vadinBB60_group"	"Sex"	"Female"	"SexFemale"	-1.19439724181036	0	1.1695260290016	0.307128401030947	0.869476177566483	0.127305675240029	0.799987109869034	NA	"prevalence"	205	70
"Micrococcaceae"	"Location"	"Center"	"LocationCenter"	-1.46329982659599	0	1.41886582718081	0.302392394240136	0.869476177566483	0.51334362838599	0.883057433285745	NA	"prevalence"	205	17
"Oscillospirales"	"Sex"	"Female"	"SexFemale"	-1.44799802735587	0	1.3953266009249	0.299387178766337	0.869476177566483	0.509141674723007	0.883057433285745	NA	"prevalence"	205	23
"Oxalobacteraceae"	"FIScore"	"FIScore"	"FIScore"	-0.677349310094597	0	0.655999722446519	0.301816823564151	0.869476177566483	0.512540252141948	0.883057433285745	NA	"prevalence"	205	17
"Gastranaerophilales"	"FIScore"	"FIScore"	"FIScore"	-0.441989189760253	-0.111118035382895	0.286729297547743	0.311836910392038	0.870544708177774	0.526431562101225	0.89628348009029	NA	"abundance"	205	38
"Gastranaerophilales"	"Sex"	"Female"	"SexFemale"	0.868318969928818	0.00616454503043335	0.773596079790748	0.311670551002616	0.870544708177774	0.0446944238806732	0.799987109869034	NA	"abundance"	205	38
"Oxalobacteraceae"	"FIScore"	"FIScore"	"FIScore"	0.490475272516325	-0.111118035382895	0.427572721144921	0.310876451356996	0.870544708177774	0.512540252141948	0.883057433285745	NA	"abundance"	205	17
"RF39"	"Age"	"Age"	"Age"	-1.26666509275691	0	1.25974303202494	0.314658642688175	0.874374016317831	0.530307223957985	0.898275501806382	NA	"prevalence"	205	28
"Clostridia_vadinBB60_group"	"TimeNW"	"TimeNW"	"TimeNW"	-0.592598306187592	0	0.593354660200375	0.317927785138749	0.879405754305805	0.534777493714267	0.901249380269729	NA	"prevalence"	205	70
"Acidaminococcaceae"	"FIScore"	"FIScore"	"FIScore"	0.109075878156994	-0.111118035382895	0.205126527699029	0.326583296315643	0.885036155864681	0.308277307907444	0.857630959791328	NA	"abundance"	205	133
"Acidaminococcaceae"	"Location"	"Center"	"LocationCenter"	0.567285860298294	-0.121937143647197	0.603016501718362	0.325728945019056	0.885036155864681	0.0470792348153972	0.799987109869034	NA	"abundance"	205	133
"Barnesiellaceae"	"TimeNW"	"TimeNW"	"TimeNW"	-1.04762332538916	0	1.0660560516662	0.325750472619796	0.885036155864681	0.115139096712048	0.799987109869034	NA	"prevalence"	205	106
"Morganellaceae"	"Location"	"Center"	"LocationCenter"	-1.66029306329788	0	1.69084662844146	0.326134325256858	0.885036155864681	0.54590505240297	0.914328177940858	NA	"prevalence"	205	13
"UCG-010"	"Sex"	"Female"	"SexFemale"	-1.07391408677893	0	1.09965132502226	0.328769649939782	0.885036155864681	0.191580964588029	0.799987109869034	NA	"prevalence"	205	46
"Victivallaceae"	"TimeNW"	"TimeNW"	"TimeNW"	-1.377150870988	0	1.40891846448151	0.328345184203878	0.885036155864681	0.548879808417878	0.914328177940858	NA	"prevalence"	205	25
"Anaerovoracaceae"	"Location"	"Center"	"LocationCenter"	0.441729008092395	-0.121937143647197	0.47873293077857	0.343072322010362	0.887539884698862	0.568446025891142	0.916541643658518	NA	"abundance"	205	137
"Clostridiaceae"	"FIScore"	"FIScore"	"FIScore"	-0.458818302606214	-0.111118035382895	0.348297092743864	0.33685271700059	0.887539884698862	0.560235681050501	0.916541643658518	NA	"abundance"	205	105
"Erysipelotrichaceae"	"TimeNW"	"TimeNW"	"TimeNW"	0.388465497583206	-0.000160221854067387	0.370208769212443	0.3459490681223	0.887539884698862	0.0538384033055852	0.799987109869034	NA	"abundance"	205	174
"Fusobacteriaceae"	"FIScore"	"FIScore"	"FIScore"	-2.50250561093712	-0.111118035382895	0.80655135878429	0.338799332444833	0.887539884698862	0.562813677224601	0.916541643658518	NA	"abundance"	205	23
"Lactobacillaceae"	"TimeNW"	"TimeNW"	"TimeNW"	0.400741795339211	-0.000160221854067387	0.369947056361766	0.337516580760688	0.887539884698862	0.297625923119517	0.857630959791328	NA	"abundance"	205	92
"Rikenellaceae"	"TimeNW"	"TimeNW"	"TimeNW"	-0.237388957844733	-0.000160221854067387	0.171504944279008	0.343263771278379	0.887539884698862	0.568697525884502	0.916541643658518	NA	"abundance"	205	184
"Streptococcaceae"	"Sex"	"Female"	"SexFemale"	-0.942440335407554	0.00616454503043335	0.960904673700962	0.332001004778574	0.887539884698862	0.417821472307429	0.871694245196911	NA	"abundance"	205	153
"[Eubacterium]_coprostanoligenes_group"	"FIScore"	"FIScore"	"FIScore"	-0.594114069419885	0	0.622141381695454	0.339602855163937	0.887539884698862	0.563875611092376	0.916541643658518	NA	"prevalence"	205	186
"Enterobacteriaceae"	"FIScore"	"FIScore"	"FIScore"	0.441786389072387	0	0.466015132887853	0.343125037468239	0.887539884698862	0.297552824620814	0.857630959791328	NA	"prevalence"	205	178
"Porphyromonadaceae"	"Age"	"Age"	"Age"	-0.433505564290129	0	0.461314508024231	0.347362210263568	0.887539884698862	0.574063915407945	0.920720869156704	NA	"prevalence"	205	26
"Puniceicoccaceae"	"TimeNW"	"TimeNW"	"TimeNW"	-0.865572874401401	0	0.91553293364353	0.344439072920789	0.887539884698862	0.344439072920789	0.857630959791328	NA	"prevalence"	205	12
"Unknown"	"Location"	"Center"	"LocationCenter"	-0.718991270819448	0	0.758492817483893	0.34316967277628	0.887539884698862	0.56857392123918	0.916541643658518	NA	"prevalence"	205	150
"[Eubacterium]_coprostanoligenes_group"	"Location"	"Center"	"LocationCenter"	-0.664915851624447	-0.121937143647197	0.457918131767763	0.350970711666111	0.892976114492257	0.174556803801979	0.799987109869034	NA	"abundance"	205	186
"Clostridiaceae"	"TimeNW"	"TimeNW"	"TimeNW"	-0.392281832234649	-0.000160221854067387	0.382735575887582	0.354844268521048	0.892976952307266	0.298190632918584	0.857630959791328	NA	"abundance"	205	105
"Akkermansiaceae"	"Age"	"Age"	"Age"	-0.58082619157185	0	0.628504915784329	0.355413712361101	0.892976952307266	0.21922784680233	0.799987109869034	NA	"prevalence"	205	141
"Family_XI"	"FIScore"	"FIScore"	"FIScore"	0.450264719124891	0	0.484825423667488	0.35303672398944	0.892976952307266	0.35303672398944	0.868208832329585	NA	"prevalence"	205	5
"Clostridia_vadinBB60_group"	"FIScore"	"FIScore"	"FIScore"	-0.393943223454901	-0.111118035382895	0.288983647853814	0.357815803685432	0.89528186565276	0.587599458003812	0.9378991348907	NA	"abundance"	205	70
"Peptostreptococcaceae"	"Sex"	"Female"	"SexFemale"	1.06293268358919	0	1.16569906795005	0.361852207094873	0.90164000362896	0.238909383763623	0.806475198840679	NA	"prevalence"	205	155
"Puniceicoccaceae"	"Sex"	"Female"	"SexFemale"	-1.38815852552404	0	1.53060775261261	0.364442282623523	0.904356775399112	0.364442282623523	0.871694245196911	NA	"prevalence"	205	12
"Acidaminococcaceae"	"TimeNW"	"TimeNW"	"TimeNW"	0.219000664023511	-0.000160221854067387	0.245174140277845	0.47182217996153	0.904510440334849	0.221678104907431	0.799987109869034	NA	"abundance"	205	133
"Actinomycetaceae"	"Location"	"Center"	"LocationCenter"	-0.731563720263593	-0.121937143647197	0.711621939615975	0.448458069535789	0.904510440334849	0.695801498939812	0.954028210022717	NA	"abundance"	205	42
"Actinomycetaceae"	"Sex"	"Female"	"SexFemale"	0.635391606526656	0.00616454503043335	0.679826757166217	0.366325258377226	0.904510440334849	0.598456321829311	0.947693586226617	NA	"abundance"	205	42
"Anaerofustaceae"	"TimeNW"	"TimeNW"	"TimeNW"	-0.370210849375991	-0.000160221854067387	0.343348003697532	0.398945369303699	0.904510440334849	0.638733330918533	0.951452998430528	NA	"abundance"	205	18
"Bacteroidaceae"	"TimeNW"	"TimeNW"	"TimeNW"	-0.223446130429486	-0.000160221854067387	0.247180099604076	0.463095878254147	0.904510440334849	0.463095878254147	0.871694245196911	NA	"abundance"	205	200
"Barnesiellaceae"	"Age"	"Age"	"Age"	-0.355961327291821	-0.0820118149228786	0.378587909174855	0.482793570324616	0.904510440334849	0.732497509102442	0.954646428047616	NA	"abundance"	205	106
"Bifidobacteriaceae"	"Sex"	"Female"	"SexFemale"	0.719542266170639	0.00616454503043335	1.01153411278603	0.485650867284432	0.904510440334849	0.18102857960653	0.799987109869034	NA	"abundance"	205	126
"Butyricicoccaceae"	"FIScore"	"FIScore"	"FIScore"	-0.240944109601482	-0.111118035382895	0.160097533716443	0.478930688053787	0.904510440334849	0.7284867721479	0.954646428047616	NA	"abundance"	205	152
"Clostridia_UCG-014"	"Age"	"Age"	"Age"	0.379154605192646	-0.0820118149228786	0.522739458414115	0.390397044347467	0.904510440334849	0.628384236459696	0.951452998430528	NA	"abundance"	205	90
"Clostridia_vadinBB60_group"	"Age"	"Age"	"Age"	0.194664184196765	-0.0820118149228786	0.352301704832323	0.450709260811661	0.904510440334849	0.698279683841928	0.954028210022717	NA	"abundance"	205	70
"Clostridia_vadinBB60_group"	"TimeNW"	"TimeNW"	"TimeNW"	0.40602852786821	-0.000160221854067387	0.419947515872865	0.37936548256721	0.904510440334849	0.534777493714267	0.901249380269729	NA	"abundance"	205	70
"Clostridiaceae"	"Sex"	"Female"	"SexFemale"	0.70234807019643	0.00616454503043335	0.845434478849885	0.417183613495525	0.904510440334849	0.369103172721729	0.871694245196911	NA	"abundance"	205	105
"Eggerthellaceae"	"TimeNW"	"TimeNW"	"TimeNW"	0.225740210708111	-0.000160221854067387	0.194194534834728	0.39585784996755	0.904510440334849	0.635012262554169	0.951452998430528	NA	"abundance"	205	158
"Fusobacteriaceae"	"Age"	"Age"	"Age"	1.23616617998958	-0.0820118149228786	0.856843206745443	0.381006286128053	0.904510440334849	0.108327940423716	0.799987109869034	NA	"abundance"	205	23
"Fusobacteriaceae"	"Location"	"Center"	"LocationCenter"	4.14041236018241	-0.121937143647197	1.20359982992525	0.404021824222223	0.904510440334849	0.644810013996593	0.951452998430528	NA	"abundance"	205	23
"Hungateiclostridiaceae"	"FIScore"	"FIScore"	"FIScore"	0.0478319769141361	-0.111118035382895	0.15368400221444	0.385767950557066	0.904510440334849	0.622718989437133	0.951452998430528	NA	"abundance"	205	44
"Lactobacillaceae"	"Age"	"Age"	"Age"	-0.481615920400638	-0.0820118149228786	0.456536411151621	0.395778756908907	0.904510440334849	0.634916689397454	0.951452998430528	NA	"abundance"	205	92
"Lactobacillaceae"	"FIScore"	"FIScore"	"FIScore"	-0.40960918129567	-0.111118035382895	0.419881727804264	0.488926337794417	0.904510440334849	0.33796238461599	0.857630959791328	NA	"abundance"	205	92
"Lactobacillaceae"	"Location"	"Center"	"LocationCenter"	0.704813028620592	-0.121937143647197	0.896753082739881	0.396261883929983	0.904510440334849	0.635500287204227	0.951452998430528	NA	"abundance"	205	92
"Monoglobaceae"	"Age"	"Age"	"Age"	0.0882410494459919	-0.0820118149228786	0.2091614851052	0.446463679402565	0.904510440334849	0.693597541779454	0.954028210022717	NA	"abundance"	205	168
"Monoglobaceae"	"TimeNW"	"TimeNW"	"TimeNW"	-0.194326898319516	-0.000160221854067387	0.198700991726291	0.467841332558255	0.904510440334849	0.713114652087948	0.954646428047616	NA	"abundance"	205	168
"Oscillospiraceae"	"FIScore"	"FIScore"	"FIScore"	-0.230398248737645	-0.111118035382895	0.128096697587375	0.446349657515871	0.904510440334849	0.484275172887321	0.871694245196911	NA	"abundance"	205	199
"Oscillospiraceae"	"Sex"	"Female"	"SexFemale"	-0.245077398135074	0.00616454503043335	0.292113192895504	0.44151365552973	0.904510440334849	0.44151365552973	0.871694245196911	NA	"abundance"	205	199
"Peptostreptococcaceae"	"Age"	"Age"	"Age"	-0.376661989266382	-0.0820118149228786	0.344293442960375	0.406229539600291	0.904510440334849	0.323627698972035	0.857630959791328	NA	"abundance"	205	155
"Porphyromonadaceae"	"Age"	"Age"	"Age"	-0.780202709019983	-0.0820118149228786	0.864968625478329	0.436510233817709	0.904510440334849	0.574063915407945	0.920720869156704	NA	"abundance"	205	26
"Prevotellaceae"	"Location"	"Center"	"LocationCenter"	-0.860766829604412	-0.121937143647197	0.830247673298474	0.417956077237745	0.904510440334849	0.0630664124043645	0.799987109869034	NA	"abundance"	205	94
"Pseudomonadaceae"	"Sex"	"Female"	"SexFemale"	-1.76889487879517	0.00616454503043335	2.10380446134131	0.42954372749687	0.904510440334849	0.674579641161834	0.954028210022717	NA	"abundance"	205	17
"Pseudomonadaceae"	"TimeNW"	"TimeNW"	"TimeNW"	2.27494428205205	-0.000160221854067387	2.48001860201445	0.388146903160435	0.904510440334849	0.500613182433479	0.878522795635888	NA	"abundance"	205	17
"RF39"	"FIScore"	"FIScore"	"FIScore"	-0.424867737304658	-0.111118035382895	0.351977443766537	0.475479447926457	0.904510440334849	0.724878190452466	0.954646428047616	NA	"abundance"	205	28
"RF39"	"TimeNW"	"TimeNW"	"TimeNW"	0.846416911404394	-0.000160221854067387	0.818051563544333	0.407169431808021	0.904510440334849	0.648551917417175	0.952739984878328	NA	"abundance"	205	28
"Rikenellaceae"	"Location"	"Center"	"LocationCenter"	0.311125001179424	-0.121937143647197	0.373074850837137	0.399908868935725	0.904510440334849	0.639890634417999	0.951452998430528	NA	"abundance"	205	184
"Streptococcaceae"	"Location"	"Center"	"LocationCenter"	-0.848641651730548	-0.121937143647197	0.942930806255308	0.4690749929942	0.904510440334849	0.718118636935891	0.954646428047616	NA	"abundance"	205	153
"Sutterellaceae"	"Sex"	"Female"	"SexFemale"	0.403287319084219	0.00616454503043335	0.562443677025856	0.489005644360134	0.904510440334849	0.502769069791623	0.878522795635888	NA	"abundance"	205	122
"Tannerellaceae"	"Age"	"Age"	"Age"	0.0783360612250811	-0.0820118149228786	0.187743212324987	0.432898361408176	0.904510440334849	0.678395731506468	0.954028210022717	NA	"abundance"	205	186
"Tannerellaceae"	"FIScore"	"FIScore"	"FIScore"	0.0229536837100705	-0.111118035382895	0.169329044860484	0.479383703579535	0.904510440334849	0.379830667155501	0.871694245196911	NA	"abundance"	205	186
"Tannerellaceae"	"Location"	"Center"	"LocationCenter"	0.299850982681451	-0.121937143647197	0.396229022169568	0.42425095821231	0.904510440334849	0.38384391839177	0.871694245196911	NA	"abundance"	205	186
"Tannerellaceae"	"TimeNW"	"TimeNW"	"TimeNW"	-0.202720912499574	-0.000160221854067387	0.182732667661877	0.429885496378487	0.904510440334849	0.674969452760395	0.954028210022717	NA	"abundance"	205	186
"uncultured"	"Age"	"Age"	"Age"	0.190005585695913	-0.0820118149228786	0.309327933763789	0.406100977173893	0.904510440334849	0.410909517246392	0.871694245196911	NA	"abundance"	205	66
"uncultured"	"TimeNW"	"TimeNW"	"TimeNW"	-0.48707086654948	-0.000160221854067387	0.530165192683311	0.397632430143905	0.904510440334849	0.637153310785662	0.951452998430528	NA	"abundance"	205	66
"Unknown"	"TimeNW"	"TimeNW"	"TimeNW"	0.236516882574466	-0.000160221854067387	0.279790027592438	0.474736435026444	0.904510440334849	0.724098187311271	0.954646428047616	NA	"abundance"	205	150
"Veillonellaceae"	"Sex"	"Female"	"SexFemale"	0.804408326434238	0.00616454503043335	1.08004595369933	0.464579857270132	0.904510440334849	0.0618085696303961	0.799987109869034	NA	"abundance"	205	111
"Victivallaceae"	"TimeNW"	"TimeNW"	"TimeNW"	-1.51002403312129	-0.000160221854067387	1.79405792495335	0.461532192213053	0.904510440334849	0.548879808417878	0.914328177940858	NA	"abundance"	205	25
"[Clostridium]_methylpentosum_group"	"TimeNW"	"TimeNW"	"TimeNW"	-0.985363524470954	0	1.17941806941956	0.403455464823413	0.904510440334849	0.403455464823413	0.871694245196911	NA	"prevalence"	205	12
"Acidaminococcaceae"	"Sex"	"Female"	"SexFemale"	-1.49206194401164	0	1.88662000129464	0.429022707384777	0.904510440334849	0.67398493131779	0.954028210022717	NA	"prevalence"	205	133
"Anaerovoracaceae"	"FIScore"	"FIScore"	"FIScore"	0.175804376784373	0	0.24090070673167	0.465525029221867	0.904510440334849	0.186454731495968	0.799987109869034	NA	"prevalence"	205	137
"Bacteroidaceae"	"FIScore"	"FIScore"	"FIScore"	0.480389327678338	0	0.560174725445098	0.391129662118656	0.904510440334849	0.302239508423742	0.857630959791328	NA	"prevalence"	205	200
"Butyricicoccaceae"	"Age"	"Age"	"Age"	0.348325586664765	0	0.457186237802853	0.446125705914401	0.904510440334849	0.693223266351179	0.954028210022717	NA	"prevalence"	205	152
"Butyricicoccaceae"	"Sex"	"Female"	"SexFemale"	0.772361747798886	0	0.940994534350144	0.411764173809961	0.904510440334849	0.0634615606396361	0.799987109869034	NA	"prevalence"	205	152
"Christensenellaceae"	"Sex"	"Female"	"SexFemale"	-1.06741343289153	0	1.20063950987348	0.373982978055575	0.904510440334849	0.608102688235834	0.950197246565611	NA	"prevalence"	205	156
"Clostridia_UCG-014"	"FIScore"	"FIScore"	"FIScore"	0.468158330458772	0	0.601035389396302	0.436026993716027	0.904510440334849	0.681934448183018	0.954028210022717	NA	"prevalence"	205	90
"Clostridia_UCG-014"	"Sex"	"Female"	"SexFemale"	-1.11525077296301	0	1.41886446675106	0.431857865729571	0.904510440334849	0.202423250315932	0.799987109869034	NA	"prevalence"	205	90
"Coriobacteriaceae"	"FIScore"	"FIScore"	"FIScore"	0.729599323674486	0	0.827168253965954	0.377752668310437	0.904510440334849	0.612808258205219	0.950711877215574	NA	"prevalence"	205	124
"Coriobacteriales_Incertae_Sedis"	"Sex"	"Female"	"SexFemale"	1.10791964835527	0	1.55720630106066	0.476787433124984	0.904510440334849	0.235105860735951	0.804692224374597	NA	"prevalence"	205	80
"Defluviitaleaceae"	"Age"	"Age"	"Age"	0.383908964184326	0	0.547917474630763	0.483509406983756	0.904510440334849	0.733237467325729	0.954646428047616	NA	"prevalence"	205	18
"Defluviitaleaceae"	"Sex"	"Female"	"SexFemale"	-0.765875066986477	0	1.06365532445958	0.47149997005615	0.904510440334849	0.720687718349349	0.954646428047616	NA	"prevalence"	205	18
"Enterococcaceae"	"FIScore"	"FIScore"	"FIScore"	0.537110240238161	0	0.745293725897567	0.471113060903534	0.904510440334849	0.471113060903534	0.871694245196911	NA	"prevalence"	205	12
"Enterococcaceae"	"Sex"	"Female"	"SexFemale"	1.36393669734149	0	1.85400914185412	0.461932276036241	0.904510440334849	0.461932276036241	0.871694245196911	NA	"prevalence"	205	12
"Eubacteriaceae"	"FIScore"	"FIScore"	"FIScore"	0.442977761053626	0	0.580592301641417	0.445477946297579	0.904510440334849	0.230085027417844	0.799987109869034	NA	"prevalence"	205	30
"Eubacteriaceae"	"TimeNW"	"TimeNW"	"TimeNW"	-0.787664665484623	0	0.927998859123552	0.396005044107501	0.904510440334849	0.244516242827549	0.811793926187462	NA	"prevalence"	205	30
"Family_XI"	"Location"	"Center"	"LocationCenter"	1.1985941480374	0	1.40146889669488	0.392417550215746	0.904510440334849	0.392417550215746	0.871694245196911	NA	"prevalence"	205	5
"Fusobacteriaceae"	"FIScore"	"FIScore"	"FIScore"	-0.599599226143227	0	0.852249035771641	0.481713484639613	0.904510440334849	0.562813677224601	0.916541643658518	NA	"prevalence"	205	23
"Fusobacteriaceae"	"TimeNW"	"TimeNW"	"TimeNW"	0.537349356202824	0	0.772491191155636	0.48667573032595	0.904510440334849	0.499738676730969	0.878522795635888	NA	"prevalence"	205	23
"Hungateiclostridiaceae"	"Age"	"Age"	"Age"	-0.431390638743308	0	0.538941060314259	0.42345520803611	0.904510440334849	0.667596102859315	0.954028210022717	NA	"prevalence"	205	44
"Micrococcaceae"	"TimeNW"	"TimeNW"	"TimeNW"	0.45497572427166	0	0.617167739786619	0.461001062018633	0.904510440334849	0.709480144854958	0.954646428047616	NA	"prevalence"	205	17
"Monoglobaceae"	"Sex"	"Female"	"SexFemale"	1.09406058449073	0	1.36441338500328	0.422637309990369	0.904510440334849	0.0363903538808901	0.799987109869034	NA	"prevalence"	205	168
"Monoglobaceae"	"TimeNW"	"TimeNW"	"TimeNW"	-0.477227204365568	0	0.652263046519562	0.464383207962958	0.904510440334849	0.713114652087948	0.954646428047616	NA	"prevalence"	205	168
"Morganellaceae"	"Sex"	"Female"	"SexFemale"	-1.15369204288647	0	1.59206326591392	0.468665467056455	0.904510440334849	0.717683614101664	0.954646428047616	NA	"prevalence"	205	13
"Muribaculaceae"	"Location"	"Center"	"LocationCenter"	1.4916577637195	0	2.11433206296034	0.480500163720689	0.904510440334849	0.730119920105769	0.954646428047616	NA	"prevalence"	205	25
"Muribaculaceae"	"TimeNW"	"TimeNW"	"TimeNW"	0.745368373561149	0	0.868166316003537	0.390586174460027	0.904510440334849	0.628614789240735	0.951452998430528	NA	"prevalence"	205	25
"Oscillospirales"	"Age"	"Age"	"Age"	-0.467201039804554	0	0.660433299422246	0.479308037332028	0.904510440334849	0.151830638026695	0.799987109869034	NA	"prevalence"	205	23
"Oxalobacteraceae"	"TimeNW"	"TimeNW"	"TimeNW"	0.535477302399174	0	0.704279849813947	0.447063968745949	0.904510440334849	0.694261745341019	0.954028210022717	NA	"prevalence"	205	17
"Pasteurellaceae"	"TimeNW"	"TimeNW"	"TimeNW"	0.421906689592073	0	0.480449103495461	0.379861972525551	0.904510440334849	0.276458958648673	0.842058479553755	NA	"prevalence"	205	35
"Porphyromonadaceae"	"FIScore"	"FIScore"	"FIScore"	0.285814963452287	0	0.411919659088714	0.487769418709987	0.904510440334849	0.190617513546777	0.799987109869034	NA	"prevalence"	205	26
"Pseudomonadaceae"	"Age"	"Age"	"Age"	0.417371264487015	0	0.487282679124039	0.391705785273076	0.904510440334849	0.214966922716882	0.799987109869034	NA	"prevalence"	205	17
"RF39"	"Location"	"Center"	"LocationCenter"	1.93268341493106	0	2.63012288092316	0.462445299307937	0.904510440334849	0.711034943763867	0.954646428047616	NA	"prevalence"	205	28
"Selenomonadaceae"	"FIScore"	"FIScore"	"FIScore"	-0.693893127864662	0	0.965502633399825	0.472334473640776	0.904510440334849	0.472334473640776	0.871694245196911	NA	"prevalence"	205	12
"Streptococcaceae"	"Age"	"Age"	"Age"	-0.477169591269859	0	0.588745363407977	0.417661184645315	0.904510440334849	0.660881504131302	0.954028210022717	NA	"prevalence"	205	153
"UCG-010"	"Age"	"Age"	"Age"	-0.450070262933814	0	0.542331561082031	0.406606480421504	0.904510440334849	0.114521266029299	0.799987109869034	NA	"prevalence"	205	46
"UCG-010"	"FIScore"	"FIScore"	"FIScore"	-0.398187264492447	0	0.484438045604709	0.411101344586025	0.904510440334849	0.339621353274264	0.857630959791328	NA	"prevalence"	205	46
"uncultured"	"Sex"	"Female"	"SexFemale"	1.36470308281583	0	1.63089309656312	0.402714739269876	0.904510440334849	0.643250317314548	0.951452998430528	NA	"prevalence"	205	66
"Unknown"	"FIScore"	"FIScore"	"FIScore"	-0.250059675943402	0	0.33023076797446	0.448913836687718	0.904510440334849	0.696304040605748	0.954028210022717	NA	"prevalence"	205	150
"Veillonellaceae"	"FIScore"	"FIScore"	"FIScore"	-0.431198680258615	0	0.622657147141749	0.488614709315415	0.904510440334849	0.738485084471442	0.956595139101421	NA	"prevalence"	205	111
"Veillonellaceae"	"Location"	"Center"	"LocationCenter"	-1.33682563995308	0	1.48873560966845	0.369206655843193	0.904510440334849	0.346152254855536	0.857630959791328	NA	"prevalence"	205	111
"Coriobacteriaceae"	"FIScore"	"FIScore"	"FIScore"	0.105257957421629	-0.111118035382895	0.305065828448083	0.493591675565334	0.904668025428257	0.612808258205219	0.950711877215574	NA	"abundance"	205	124
"uncultured"	"FIScore"	"FIScore"	"FIScore"	-0.320431353864949	-0.111118035382895	0.286252095412754	0.491189819789516	0.904668025428257	0.741112200514175	0.956595139101421	NA	"abundance"	205	66
"Oscillospirales"	"FIScore"	"FIScore"	"FIScore"	-0.414922922509411	0	0.605835521011793	0.493421427876743	0.904668025428257	0.743378150265562	0.956595139101421	NA	"prevalence"	205	23
"Tannerellaceae"	"Sex"	"Female"	"SexFemale"	0.27569413714844	0.00616454503043335	0.37701826223794	0.497033563987963	0.908215876014368	0.451438553959381	0.871694245196911	NA	"abundance"	205	186
"Anaerofustaceae"	"Sex"	"Female"	"SexFemale"	-0.841994671176478	0	1.2447315498039	0.498757013492838	0.908611719444656	0.312981934626253	0.857630959791328	NA	"prevalence"	205	18
"Butyricicoccaceae"	"Location"	"Center"	"LocationCenter"	-0.454380053195062	-0.121937143647197	0.354862319184099	0.505842090064944	0.91094979387288	0.461315757434255	0.871694245196911	NA	"abundance"	205	152
"Pseudomonadaceae"	"Sex"	"Female"	"SexFemale"	-0.67735566419327	0	1.01442554375427	0.504310175887191	0.91094979387288	0.674579641161834	0.954028210022717	NA	"prevalence"	205	17
"Rikenellaceae"	"Age"	"Age"	"Age"	0.677028026889686	0	1.01175183144943	0.50339078951104	0.91094979387288	0.753379292057532	0.96572171800425	NA	"prevalence"	205	184
"Streptococcaceae"	"Location"	"Center"	"LocationCenter"	-0.829680182958004	0	1.2477353727843	0.506083218818267	0.91094979387288	0.718118636935891	0.954646428047616	NA	"prevalence"	205	153
"Akkermansiaceae"	"FIScore"	"FIScore"	"FIScore"	0.17922242638895	-0.111118035382895	0.439842091189464	0.517297628028887	0.925609702378097	0.766998420093461	0.975645499889	NA	"abundance"	205	141
"Erysipelotrichaceae"	"FIScore"	"FIScore"	"FIScore"	0.231719319417055	0	0.35720074217026	0.516526516470219	0.925609702378097	0.766253390723578	0.975645499889	NA	"prevalence"	205	174
"Butyricicoccaceae"	"TimeNW"	"TimeNW"	"TimeNW"	0.156803717464985	-0.000160221854067387	0.167546153692261	0.521604474192186	0.930175639271258	0.331757053979697	0.857630959791328	NA	"abundance"	205	152
"Unknown"	"Sex"	"Female"	"SexFemale"	0.389768072330767	0.00616454503043335	0.594267176334812	0.522934563371404	0.930175639271258	0.369462576283574	0.871694245196911	NA	"abundance"	205	150
"Akkermansiaceae"	"Sex"	"Female"	"SexFemale"	0.779332942482897	0	1.22752188422792	0.52550463700927	0.931997929754675	0.774854150500295	0.981876251779	NA	"prevalence"	205	141
"Acidaminococcaceae"	"Sex"	"Female"	"SexFemale"	-0.318403713587818	0.00616454503043335	0.50468128507844	0.534442933673491	0.932738632107923	0.67398493131779	0.954028210022717	NA	"abundance"	205	133
"Barnesiellaceae"	"Location"	"Center"	"LocationCenter"	-0.690442399832153	-0.121937143647197	0.88035413205961	0.550252449243899	0.932738632107923	0.0167870199873236	0.675732964614221	NA	"abundance"	205	106
"Desulfovibrionaceae"	"FIScore"	"FIScore"	"FIScore"	0.0162020970662033	-0.111118035382895	0.189603810708639	0.540331222966801	0.932738632107923	0.318443705463216	0.857630959791328	NA	"abundance"	205	169
"DTU014"	"Age"	"Age"	"Age"	0.111110652232575	-0.0820118149228786	0.253231090318821	0.537648542070493	0.932738632107923	0.782075732063226	0.98547987888283	NA	"abundance"	205	18
"Izemoplasmatales"	"Age"	"Age"	"Age"	0.13994500704217	-0.0820118149228786	0.318455174548811	0.532128429416327	0.932738632107923	0.485733239040448	0.871694245196911	NA	"abundance"	205	26
"Unknown"	"Age"	"Age"	"Age"	0.119776542394159	-0.0820118149228786	0.312215106745238	0.528542787232865	0.932738632107923	0.0254691569939764	0.742654215897702	NA	"abundance"	205	150
"Victivallaceae"	"FIScore"	"FIScore"	"FIScore"	0.307796045129057	-0.111118035382895	0.607616398770807	0.544849747181661	0.932738632107923	0.441703898019956	0.871694245196911	NA	"abundance"	205	25
"Victivallaceae"	"Location"	"Center"	"LocationCenter"	1.62485453547585	-0.121937143647197	2.64919982380686	0.552218394133546	0.932738632107923	0.0853682235575685	0.799987109869034	NA	"abundance"	205	25
"Actinomycetaceae"	"Age"	"Age"	"Age"	-0.261183764192114	0	0.427408146739882	0.541141672759352	0.932738632107923	0.128416401956537	0.799987109869034	NA	"prevalence"	205	42
"Clostridia_vadinBB60_group"	"Age"	"Age"	"Age"	-0.363375431375254	0	0.607171803166996	0.549524917795393	0.932738632107923	0.698279683841928	0.954028210022717	NA	"prevalence"	205	70
"Clostridia_vadinBB60_group"	"FIScore"	"FIScore"	"FIScore"	0.311140364898298	0	0.513301189584945	0.544411466283318	0.932738632107923	0.587599458003812	0.9378991348907	NA	"prevalence"	205	70
"DTU014"	"Age"	"Age"	"Age"	0.467441269240049	0	0.75010891114488	0.533176405976761	0.932738632107923	0.782075732063226	0.98547987888283	NA	"prevalence"	205	18
"DTU014"	"Location"	"Center"	"LocationCenter"	1.02265791013721	0	1.6477979490003	0.53484905942817	0.932738632107923	0.783634602485142	0.98547987888283	NA	"prevalence"	205	18
"Erysipelatoclostridiaceae"	"Location"	"Center"	"LocationCenter"	-0.534808514306463	0	0.864882862699827	0.536338403896909	0.932738632107923	0.329243957009822	0.857630959791328	NA	"prevalence"	205	179
"Family_XI"	"Sex"	"Female"	"SexFemale"	-0.734870360515529	0	1.23184319198599	0.550800107193288	0.932738632107923	0.550800107193288	0.914328177940858	NA	"prevalence"	205	5
"Peptostreptococcaceae"	"TimeNW"	"TimeNW"	"TimeNW"	-0.321983597176916	0	0.537876450838519	0.549426320714953	0.932738632107923	0.189367009970358	0.799987109869034	NA	"prevalence"	205	155
"RF39"	"TimeNW"	"TimeNW"	"TimeNW"	0.658856155619971	0	1.09151101811309	0.546097363796436	0.932738632107923	0.648551917417175	0.952739984878328	NA	"prevalence"	205	28
"DTU014"	"Location"	"Center"	"LocationCenter"	-0.650149950290082	-0.121937143647197	0.692153017245086	0.556357184547517	0.937104419782549	0.783634602485142	0.98547987888283	NA	"abundance"	205	18
"Carnobacteriaceae"	"Sex"	"Female"	"SexFemale"	0.506444748898509	0	0.866664629320561	0.558977662030161	0.938895627309713	0.805499297411617	0.998294839472973	NA	"prevalence"	205	14
"Morganellaceae"	"FIScore"	"FIScore"	"FIScore"	0.397804242441874	0	0.690775749796592	0.564695997753889	0.945865796237764	0.810510425628517	0.998294839472973	NA	"prevalence"	205	13
"Pseudomonadaceae"	"Location"	"Center"	"LocationCenter"	1.04241525185852	-0.121937143647197	1.87303256377225	0.568389744197847	0.948137930022297	0.8137125870864	0.998294839472973	NA	"abundance"	205	17
"Morganellaceae"	"Age"	"Age"	"Age"	0.460976049543986	0	0.809817945435127	0.569197231622009	0.948137930022297	0.814408974757859	0.998294839472973	NA	"prevalence"	205	13
"Anaerofustaceae"	"Age"	"Age"	"Age"	0.347833118875757	0	0.614330933180009	0.571258997768498	0.94895089711957	0.11101397905648	0.799987109869034	NA	"prevalence"	205	18
"Eggerthellaceae"	"Location"	"Center"	"LocationCenter"	0.430838108379905	0	0.764994857200071	0.573304928832155	0.94973316507085	0.817931316241067	0.998357341882479	NA	"prevalence"	205	158
"Acidaminococcaceae"	"Age"	"Age"	"Age"	-0.237000192182212	-0.0820118149228786	0.26601244567687	0.579464513583735	0.957307127920527	0.0239917364161088	0.742654215897702	NA	"abundance"	205	133
"Defluviitaleaceae"	"Location"	"Center"	"LocationCenter"	0.422071807744553	-0.121937143647197	0.627490312443816	0.581854587612451	0.958629279591006	0.17966442378293	0.799987109869034	NA	"abundance"	205	18
"[Eubacterium]_coprostanoligenes_group"	"Age"	"Age"	"Age"	0.0351997250845168	-0.0820118149228786	0.22001933434064	0.612179520318858	0.960657113030816	0.518552077537633	0.887419019291206	NA	"abundance"	205	186
"Atopobiaceae"	"Age"	"Age"	"Age"	0.292644388080583	-0.0820118149228786	0.431317538160047	0.613000551366453	0.960657113030816	0.85023142675733	0.9999994830444	NA	"abundance"	205	17
"Bifidobacteriaceae"	"Location"	"Center"	"LocationCenter"	0.433137971040906	-0.121937143647197	0.968942072705727	0.58781731297514	0.960657113030816	0.830105432516967	0.9999994830444	NA	"abundance"	205	126
"Erysipelotrichaceae"	"FIScore"	"FIScore"	"FIScore"	-0.264470776480577	-0.111118035382895	0.28949708016133	0.609850295926756	0.960657113030816	0.766253390723578	0.975645499889	NA	"abundance"	205	174
"Muribaculaceae"	"Location"	"Center"	"LocationCenter"	-2.37775090935585	-0.121937143647197	4.04944019959274	0.615547071756371	0.960657113030816	0.730119920105769	0.954646428047616	NA	"abundance"	205	25
"Oscillospiraceae"	"Age"	"Age"	"Age"	0.00903277447804454	-0.0820118149228786	0.146471414111684	0.599444738275872	0.960657113030816	0.599444738275872	0.947693586226617	NA	"abundance"	205	199
"Oxalobacteraceae"	"Sex"	"Female"	"SexFemale"	0.889497738181405	0.00616454503043335	1.41660282740422	0.605697877737949	0.960657113030816	0.182012318602982	0.799987109869034	NA	"abundance"	205	17
"Oxalobacteraceae"	"TimeNW"	"TimeNW"	"TimeNW"	-0.393303217679024	-0.000160221854067387	0.666167776270832	0.619727391325021	0.960657113030816	0.694261745341019	0.954028210022717	NA	"abundance"	205	17
"Rikenellaceae"	"FIScore"	"FIScore"	"FIScore"	-0.00995620596759982	-0.111118035382895	0.162521665564319	0.591309113777771	0.960657113030816	0.832971759518889	0.9999994830444	NA	"abundance"	205	184
"Streptococcaceae"	"TimeNW"	"TimeNW"	"TimeNW"	-0.240936604152291	-0.000160221854067387	0.432116191957225	0.604365116421262	0.960657113030816	0.489335660032437	0.873437844789081	NA	"abundance"	205	153
"Anaerofustaceae"	"TimeNW"	"TimeNW"	"TimeNW"	-0.353498040549506	0	0.664497642499354	0.594741322745738	0.960657113030816	0.638733330918533	0.951452998430528	NA	"prevalence"	205	18
"Eggerthellaceae"	"TimeNW"	"TimeNW"	"TimeNW"	0.194350701838387	0	0.376489500379823	0.605702076552832	0.960657113030816	0.635012262554169	0.951452998430528	NA	"prevalence"	205	158
"Enterobacteriaceae"	"TimeNW"	"TimeNW"	"TimeNW"	-0.237239167033161	0	0.44468851488646	0.593690865784199	0.960657113030816	0.834912887452806	0.9999994830444	NA	"prevalence"	205	178
"Erysipelatoclostridiaceae"	"FIScore"	"FIScore"	"FIScore"	-0.190568087514307	0	0.353770860898443	0.59011001681421	0.960657113030816	0.270670565057766	0.832061366659057	NA	"prevalence"	205	179
"Erysipelotrichaceae"	"Age"	"Age"	"Age"	-0.188746929103482	0	0.370701684845067	0.610639209857439	0.960657113030816	0.848398175099561	0.9999994830444	NA	"prevalence"	205	174
"Erysipelotrichaceae"	"Location"	"Center"	"LocationCenter"	-0.427214351783398	0	0.795624571187151	0.591298906454377	0.960657113030816	0.832963416134612	0.9999994830444	NA	"prevalence"	205	174
"Hungateiclostridiaceae"	"Sex"	"Female"	"SexFemale"	-0.555508924682222	0	1.11226166507097	0.617468838733192	0.960657113030816	0.853669910659867	0.9999994830444	NA	"prevalence"	205	44
"Izemoplasmatales"	"Location"	"Center"	"LocationCenter"	0.844700086798684	0	1.69623109976825	0.618493599759268	0.960657113030816	0.167855031861686	0.799987109869034	NA	"prevalence"	205	26
"Prevotellaceae"	"Sex"	"Female"	"SexFemale"	1.06284527551174	0	2.03047964063438	0.600664321136299	0.960657113030816	0.840531015586467	0.9999994830444	NA	"prevalence"	205	94
"RF39"	"FIScore"	"FIScore"	"FIScore"	-0.468604857473122	0	0.91701762092958	0.60934429658457	0.960657113030816	0.724878190452466	0.954646428047616	NA	"prevalence"	205	28
"Staphylococcaceae"	"FIScore"	"FIScore"	"FIScore"	0.984257259265163	0	1.916716657691	0.607593125839963	0.960657113030816	0.607593125839963	0.950197246565611	NA	"prevalence"	205	4
"Streptococcaceae"	"FIScore"	"FIScore"	"FIScore"	0.248313757005825	0	0.498483866829983	0.618386777694294	0.960657113030816	0.854371348561456	0.9999994830444	NA	"prevalence"	205	153
"Synergistaceae"	"TimeNW"	"TimeNW"	"TimeNW"	-0.83922746447219	0	1.64353374090075	0.609614498549624	0.960657113030816	0.609614498549624	0.950197246565611	NA	"prevalence"	205	16
"Oxalobacteraceae"	"Location"	"Center"	"LocationCenter"	0.759343959467027	0	1.55219429372451	0.624695315853287	0.965875065280852	0.859146394057536	0.9999994830444	NA	"prevalence"	205	17
"Bacteroidaceae"	"Age"	"Age"	"Age"	-0.133703221530156	0	0.274858115580546	0.626652038667934	0.966422453495561	0.426536263831661	0.871694245196911	NA	"prevalence"	205	200
"Marinifilaceae"	"FIScore"	"FIScore"	"FIScore"	0.464131384396312	0	0.960873620244267	0.629073992139872	0.967682697092711	0.436221896678234	0.871694245196911	NA	"prevalence"	205	129
"Marinifilaceae"	"TimeNW"	"TimeNW"	"TimeNW"	0.251594740575987	-0.000160221854067387	0.498256855805377	0.632456855731175	0.970410900778368	0.341751239791181	0.857630959791328	NA	"abundance"	205	129
"Actinomycetaceae"	"FIScore"	"FIScore"	"FIScore"	0.0327651646544077	-0.111118035382895	0.298208641306001	0.642454712023703	0.973653858072039	0.872161367045946	0.9999994830444	NA	"abundance"	205	42
"Peptococcaceae"	"Location"	"Center"	"LocationCenter"	0.143817637132832	-0.121937143647197	0.460970188994384	0.645873206017937	0.973653858072039	0.874594213783985	0.9999994830444	NA	"abundance"	205	80
"Peptostreptococcaceae"	"Location"	"Center"	"LocationCenter"	-0.470777274788861	-0.121937143647197	0.658161295617945	0.63700348018786	0.973653858072039	0.868233526604275	0.9999994830444	NA	"abundance"	205	155
"Barnesiellaceae"	"Sex"	"Female"	"SexFemale"	-1.02079208959019	0	2.21593149593284	0.645042205370176	0.973653858072039	0.874004964031531	0.9999994830444	NA	"prevalence"	205	106
"Coriobacteriaceae"	"Age"	"Age"	"Age"	0.436037823022465	0	0.937613408312571	0.641895110533193	0.973653858072039	0.334199583011734	0.857630959791328	NA	"prevalence"	205	124
"Micrococcaceae"	"Age"	"Age"	"Age"	0.301684117964316	0	0.656003336127425	0.64560092994698	0.973653858072039	0.874401299145554	0.9999994830444	NA	"prevalence"	205	17
"uncultured"	"FIScore"	"FIScore"	"FIScore"	0.316068121590862	0	0.674981481623383	0.639597299798732	0.973653858072039	0.741112200514175	0.956595139101421	NA	"prevalence"	205	66
"Atopobiaceae"	"Location"	"Center"	"LocationCenter"	0.826694475690332	-0.121937143647197	1.05426753801441	0.650247325674035	0.975527667684621	0.877673066801835	0.9999994830444	NA	"abundance"	205	17
"Peptococcaceae"	"TimeNW"	"TimeNW"	"TimeNW"	-0.226798111490787	0	0.500355939391836	0.650351778456414	0.975527667684621	0.877746121171407	0.9999994830444	NA	"prevalence"	205	80
"Tannerellaceae"	"Age"	"Age"	"Age"	0.542039831559263	0	1.20280799548157	0.652245175148527	0.975940051152759	0.678395731506468	0.954028210022717	NA	"prevalence"	205	186
"Bifidobacteriaceae"	"FIScore"	"FIScore"	"FIScore"	-0.294214249058272	-0.111118035382895	0.41637016824318	0.665720328606472	0.985152268885402	0.888257101293035	0.9999994830444	NA	"abundance"	205	126
"DTU014"	"Sex"	"Female"	"SexFemale"	-0.346276878260493	0.00616454503043335	0.721053016839373	0.667720732049884	0.985152268885402	0.15303453534	0.799987109869034	NA	"abundance"	205	18
"Eggerthellaceae"	"FIScore"	"FIScore"	"FIScore"	-0.196943666063239	-0.111118035382895	0.182054158909768	0.668204441084791	0.985152268885402	0.889911707084144	0.9999994830444	NA	"abundance"	205	158
"Enterobacteriaceae"	"TimeNW"	"TimeNW"	"TimeNW"	0.197532869082246	-0.000160221854067387	0.419293923137981	0.662492783118157	0.985152268885402	0.834912887452806	0.9999994830444	NA	"abundance"	205	178
"Gastranaerophilales"	"Age"	"Age"	"Age"	0.128276377292992	-0.0820118149228786	0.458272189896428	0.663202549720718	0.985152268885402	0.0155222473402633	0.675732964614221	NA	"abundance"	205	38
"Sutterellaceae"	"TimeNW"	"TimeNW"	"TimeNW"	-0.129261856064657	-0.000160221854067387	0.242364267108403	0.666852619316218	0.985152268885402	0.220474909047281	0.799987109869034	NA	"abundance"	205	122
"Eubacteriaceae"	"Age"	"Age"	"Age"	0.0413810853224226	-0.0820118149228786	0.267955445331499	0.670717807903845	0.986445946746387	0.14149774594877	0.799987109869034	NA	"abundance"	205	30
"Hungateiclostridiaceae"	"Sex"	"Female"	"SexFemale"	0.177360656786529	0.00616454503043335	0.389016298297886	0.681408201243634	0.98647094615736	0.853669910659867	0.9999994830444	NA	"abundance"	205	44
"Lachnospiraceae"	"TimeNW"	"TimeNW"	"TimeNW"	-0.0889379947501804	-0.000160221854067387	0.114476668406144	0.67603704157893	0.98647094615736	0.67603704157893	0.954028210022717	NA	"abundance"	205	205
"Oscillospiraceae"	"TimeNW"	"TimeNW"	"TimeNW"	-0.096115783104786	-0.000160221854067387	0.141194678446743	0.673541369729738	0.98647094615736	0.673541369729738	0.954028210022717	NA	"abundance"	205	199
"uncultured"	"Sex"	"Female"	"SexFemale"	-0.314513223973605	0.00616454503043335	0.764326178156016	0.682645442748616	0.98647094615736	0.643250317314548	0.951452998430528	NA	"abundance"	205	66
"Coriobacteriaceae"	"TimeNW"	"TimeNW"	"TimeNW"	0.365474577838861	0	0.89586446203614	0.683304916817729	0.98647094615736	0.253535791878839	0.81994776944795	NA	"prevalence"	205	124
"Enterobacteriaceae"	"Sex"	"Female"	"SexFemale"	0.378955777414775	0	0.926530235747137	0.68253577137033	0.98647094615736	0.899216463540568	0.9999994830444	NA	"prevalence"	205	178
"Peptococcaceae"	"Sex"	"Female"	"SexFemale"	-0.43407402092558	0	1.03354829992635	0.674496950078213	0.98647094615736	0.894047764491614	0.9999994830444	NA	"prevalence"	205	80
"Staphylococcaceae"	"TimeNW"	"TimeNW"	"TimeNW"	0.535390224807796	0	1.31463848647476	0.683822314251702	0.98647094615736	0.683822314251702	0.954028210022717	NA	"prevalence"	205	4
"Anaerovoracaceae"	"Age"	"Age"	"Age"	0.104758775789024	0	0.260911622583682	0.68804425342177	0.990192565186939	0.401959412916794	0.871694245196911	NA	"prevalence"	205	137
"Desulfovibrionaceae"	"Age"	"Age"	"Age"	0.0103268511806877	-0.0820118149228786	0.212011924961599	0.692977789493742	0.991994190256338	0.190315996343088	0.799987109869034	NA	"abundance"	205	169
"Streptococcaceae"	"FIScore"	"FIScore"	"FIScore"	0.0658416866141237	-0.111118035382895	0.444335346990794	0.694356070767226	0.991994190256338	0.854371348561456	0.9999994830444	NA	"abundance"	205	153
"Micrococcaceae"	"FIScore"	"FIScore"	"FIScore"	0.230820342005644	0	0.590495343539064	0.695876521523103	0.991994190256338	0.907508909839112	0.9999994830444	NA	"prevalence"	205	17
"Pseudomonadaceae"	"Location"	"Center"	"LocationCenter"	0.386130997440769	0	0.984027075594831	0.694763607235354	0.991994190256338	0.8137125870864	0.998294839472973	NA	"prevalence"	205	17
"Oscillospiraceae"	"Location"	"Center"	"LocationCenter"	0.0575405525607868	-0.121937143647197	0.307661616220077	0.698067012545357	0.992769831520873	0.698067012545357	0.954028210022717	NA	"abundance"	205	199
"Erysipelotrichaceae"	"Sex"	"Female"	"SexFemale"	-0.295649547801688	0	0.766993211626227	0.699892440729991	0.99302386296514	0.447700947959208	0.871694245196911	NA	"prevalence"	205	174
"Anaerofustaceae"	"FIScore"	"FIScore"	"FIScore"	-0.0256525326399872	-0.111118035382895	0.223186355036478	0.732269408464628	0.999983138201455	0.264260275093165	0.81994776944795	NA	"abundance"	205	18
"Anaerovoracaceae"	"TimeNW"	"TimeNW"	"TimeNW"	-0.112754553732115	-0.000160221854067387	0.247598002307779	0.709158747604699	0.999983138201455	0.442711714918314	0.871694245196911	NA	"abundance"	205	137
"Carnobacteriaceae"	"FIScore"	"FIScore"	"FIScore"	-0.32226193859678	-0.111118035382895	0.53806507153076	0.707199605906657	0.999983138201455	0.914267929218783	0.9999994830444	NA	"abundance"	205	14
"Defluviitaleaceae"	"FIScore"	"FIScore"	"FIScore"	0.0234207910620478	-0.111118035382895	0.273499072197892	0.711889195477245	0.999983138201455	0.0785813870168701	0.799987109869034	NA	"abundance"	205	18
"Erysipelatoclostridiaceae"	"TimeNW"	"TimeNW"	"TimeNW"	-0.11680992716741	-0.000160221854067387	0.266125309002579	0.712171667644258	0.999983138201455	0.326962849926496	0.857630959791328	NA	"abundance"	205	179
"Monoglobaceae"	"FIScore"	"FIScore"	"FIScore"	-0.185569762178482	-0.111118035382895	0.205172842580002	0.734919965762948	0.999983138201455	0.220413776872165	0.799987109869034	NA	"abundance"	205	168
"Muribaculaceae"	"Age"	"Age"	"Age"	0.626378404991074	-0.0820118149228786	1.86231276898232	0.72779621432093	0.999983138201455	0.262324812801875	0.81994776944795	NA	"abundance"	205	25
"Muribaculaceae"	"Sex"	"Female"	"SexFemale"	-1.4722133937836	0.00616454503043335	4.03044614337854	0.736926555849793	0.999983138201455	0.930792362982948	0.9999994830444	NA	"abundance"	205	25
"Oscillospirales"	"FIScore"	"FIScore"	"FIScore"	-0.0419333667402863	-0.111118035382895	0.174891877476434	0.722092284608047	0.999983138201455	0.743378150265562	0.956595139101421	NA	"abundance"	205	23
"Pasteurellaceae"	"Age"	"Age"	"Age"	-0.273389788314874	-0.0820118149228786	0.548612360367057	0.73874467736748	0.999983138201455	0.483054093170175	0.871694245196911	NA	"abundance"	205	35
"Peptococcaceae"	"Sex"	"Female"	"SexFemale"	-0.154235905305845	0.00616454503043335	0.45421473578179	0.733389300510049	0.999983138201455	0.894047764491614	0.9999994830444	NA	"abundance"	205	80
"Peptococcaceae"	"TimeNW"	"TimeNW"	"TimeNW"	0.101392668440053	-0.000160221854067387	0.228442654945498	0.724431102964093	0.999983138201455	0.877746121171407	0.9999994830444	NA	"abundance"	205	80
"Sutterellaceae"	"Age"	"Age"	"Age"	-0.179341377016465	-0.0820118149228786	0.287123866789831	0.742939379625625	0.999983138201455	0.933919837452741	0.9999994830444	NA	"abundance"	205	122
"Anaerovoracaceae"	"Location"	"Center"	"LocationCenter"	0.193318057938268	0	0.542604104835883	0.72163217257164	0.999983138201455	0.568446025891142	0.916541643658518	NA	"prevalence"	205	137
"Butyricicoccaceae"	"FIScore"	"FIScore"	"FIScore"	-0.153203728900147	0	0.417310812230208	0.713528466525445	0.999983138201455	0.7284867721479	0.954646428047616	NA	"prevalence"	205	152
"Carnobacteriaceae"	"FIScore"	"FIScore"	"FIScore"	0.13072180010107	0	0.393894398825121	0.739987297837775	0.999983138201455	0.914267929218783	0.9999994830444	NA	"prevalence"	205	14
"Eggerthellaceae"	"FIScore"	"FIScore"	"FIScore"	-0.109806357198226	0	0.328096793788083	0.737868968115946	0.999983138201455	0.889911707084144	0.9999994830444	NA	"prevalence"	205	158
"Eggerthellaceae"	"Sex"	"Female"	"SexFemale"	0.265401235315843	0	0.732468602083412	0.717099437241661	0.999983138201455	0.149416460455679	0.799987109869034	NA	"prevalence"	205	158
"Erysipelatoclostridiaceae"	"Age"	"Age"	"Age"	0.146326621199169	0	0.404666277719663	0.717652266427318	0.999983138201455	0.290087874793187	0.857630959791328	NA	"prevalence"	205	179
"Gastranaerophilales"	"TimeNW"	"TimeNW"	"TimeNW"	-0.170278625890065	0	0.482504798193872	0.724159242598591	0.999983138201455	0.923911876556217	0.9999994830444	NA	"prevalence"	205	38
"Hungateiclostridiaceae"	"FIScore"	"FIScore"	"FIScore"	0.165215185482619	0	0.474392218483549	0.727639625913332	0.999983138201455	0.622718989437133	0.951452998430528	NA	"prevalence"	205	44
"Monoglobaceae"	"Location"	"Center"	"LocationCenter"	-0.460331738149468	0	1.40054040325397	0.742396429486313	0.999983138201455	0.462872272191045	0.871694245196911	NA	"prevalence"	205	168
"Muribaculaceae"	"Sex"	"Female"	"SexFemale"	0.629582221740496	0	1.91768513750891	0.742682403411944	0.999983138201455	0.930792362982948	0.9999994830444	NA	"prevalence"	205	25
"[Eubacterium]_coprostanoligenes_group"	"FIScore"	"FIScore"	"FIScore"	-0.140935493119273	-0.111118035382895	0.187893219977885	0.883245862404324	0.99999984417832	0.563875611092376	0.916541643658518	NA	"abundance"	205	186
"[Eubacterium]_coprostanoligenes_group"	"TimeNW"	"TimeNW"	"TimeNW"	0.0229641222246185	-0.000160221854067387	0.235723554296012	0.936853372127593	0.99999984417832	0.135542988054573	0.799987109869034	NA	"abundance"	205	186
"Actinomycetaceae"	"TimeNW"	"TimeNW"	"TimeNW"	0.0164184677203004	-0.000160221854067387	0.258447543965657	0.95871371007916	0.99999984417832	0.484115573723622	0.871694245196911	NA	"abundance"	205	42
"Akkermansiaceae"	"Sex"	"Female"	"SexFemale"	0.133756125673789	0.00616454503043335	1.03071194073576	0.901468955362912	0.99999984417832	0.774854150500295	0.981876251779	NA	"abundance"	205	141
"Atopobiaceae"	"FIScore"	"FIScore"	"FIScore"	-0.153603495478676	-0.111118035382895	1.47121824209838	0.983974475418778	0.99999984417832	0.250918152715228	0.81994776944795	NA	"abundance"	205	17
"Atopobiaceae"	"Sex"	"Female"	"SexFemale"	1.17813710468423	0.00616454503043335	4.32196628651021	0.855156562812438	0.99999984417832	0.404494531262132	0.871694245196911	NA	"abundance"	205	17
"Bacteroidaceae"	"Sex"	"Female"	"SexFemale"	-0.134384896755221	0.00616454503043335	0.510309443508105	0.787732523920292	0.99999984417832	0.787732523920292	0.986895086571838	NA	"abundance"	205	200
"Barnesiellaceae"	"Sex"	"Female"	"SexFemale"	-0.0968229800241812	0.00616454503043335	0.727750955597931	0.888601467473609	0.99999984417832	0.874004964031531	0.9999994830444	NA	"abundance"	205	106
"Bifidobacteriaceae"	"TimeNW"	"TimeNW"	"TimeNW"	-0.057878345639698	-0.000160221854067387	0.429866202358236	0.90035050608427	0.99999984417832	0.407665463673378	0.871694245196911	NA	"abundance"	205	126
"Butyricicoccaceae"	"Age"	"Age"	"Age"	-0.0768974740804973	-0.0820118149228786	0.172998558520387	0.978371222448862	0.99999984417832	0.693223266351179	0.954028210022717	NA	"abundance"	205	152
"Carnobacteriaceae"	"Location"	"Center"	"LocationCenter"	-0.397688423821199	-0.121937143647197	1.00732483896728	0.800037070861322	0.99999984417832	0.221921647431418	0.799987109869034	NA	"abundance"	205	14
"Carnobacteriaceae"	"Sex"	"Female"	"SexFemale"	-0.0712069406524404	0.00616454503043335	1.0505879459625	0.942902888792885	0.99999984417832	0.805499297411617	0.998294839472973	NA	"abundance"	205	14
"Carnobacteriaceae"	"TimeNW"	"TimeNW"	"TimeNW"	0.0448269786252518	-0.000160221854067387	0.46817326051065	0.929597400166708	0.99999984417832	0.993294873415863	0.9999994830444	NA	"abundance"	205	14
"Christensenellaceae"	"Age"	"Age"	"Age"	-0.188524055149733	-0.0820118149228786	0.34938400747396	0.764574937817957	0.99999984417832	0.477773562899532	0.871694245196911	NA	"abundance"	205	156
"Christensenellaceae"	"FIScore"	"FIScore"	"FIScore"	-0.106330818559711	-0.111118035382895	0.302524163298888	0.987758307677858	0.99999984417832	0.476973233117362	0.871694245196911	NA	"abundance"	205	156
"Christensenellaceae"	"Sex"	"Female"	"SexFemale"	0.0175176562393847	0.00616454503043335	0.721667729526097	0.987859815724619	0.99999984417832	0.608102688235834	0.950197246565611	NA	"abundance"	205	156
"Christensenellaceae"	"TimeNW"	"TimeNW"	"TimeNW"	0.0632516192395804	-0.000160221854067387	0.366362851829192	0.874804524334235	0.99999984417832	0.950145705656933	0.9999994830444	NA	"abundance"	205	156
"Clostridia_UCG-014"	"FIScore"	"FIScore"	"FIScore"	-0.240316051685721	-0.111118035382895	0.423919329857639	0.765527623108235	0.99999984417832	0.681934448183018	0.954028210022717	NA	"abundance"	205	90
"Clostridia_UCG-014"	"Location"	"Center"	"LocationCenter"	-0.0354509646678466	-0.121937143647197	1.00900054934945	0.936564875295203	0.99999984417832	0.984060740941608	0.9999994830444	NA	"abundance"	205	90
"Clostridia_UCG-014"	"TimeNW"	"TimeNW"	"TimeNW"	-0.163251439312504	-0.000160221854067387	0.565462963444949	0.783151713305193	0.99999984417832	0.314611092129861	0.857630959791328	NA	"abundance"	205	90
"Coriobacteriaceae"	"Location"	"Center"	"LocationCenter"	0.137185449417298	-0.121937143647197	0.798965036950921	0.763646371269703	0.99999984417832	0.10366338999027	0.799987109869034	NA	"abundance"	205	124
"Coriobacteriales_Incertae_Sedis"	"Age"	"Age"	"Age"	-0.101440808007266	-0.0820118149228786	0.359567082110728	0.957893618605357	0.99999984417832	0.980201644487668	0.9999994830444	NA	"abundance"	205	80
"Coriobacteriales_Incertae_Sedis"	"Location"	"Center"	"LocationCenter"	0.0660488240620655	-0.121937143647197	0.71291862009267	0.812437502052487	0.99999984417832	0.964820309363689	0.9999994830444	NA	"abundance"	205	80
"Defluviitaleaceae"	"Age"	"Age"	"Age"	-0.145224227663269	-0.0820118149228786	0.374905982216119	0.882026578855746	0.99999984417832	0.733237467325729	0.954646428047616	NA	"abundance"	205	18
"Defluviitaleaceae"	"Sex"	"Female"	"SexFemale"	-0.0585286989031212	0.00616454503043335	0.550945420137435	0.928122214144339	0.99999984417832	0.720687718349349	0.954646428047616	NA	"abundance"	205	18
"Defluviitaleaceae"	"TimeNW"	"TimeNW"	"TimeNW"	-0.10298034542815	-0.000160221854067387	0.372572385267033	0.820818304799275	0.99999984417832	0.376539489617386	0.871694245196911	NA	"abundance"	205	18
"DTU014"	"FIScore"	"FIScore"	"FIScore"	-0.12106143550966	-0.111118035382895	0.310410274625592	0.977175955316646	0.99999984417832	0.290899690199749	0.857630959791328	NA	"abundance"	205	18
"Eggerthellaceae"	"Age"	"Age"	"Age"	-0.0927368674562841	-0.0820118149228786	0.208988691837592	0.961385717905335	0.99999984417832	0.408019149226067	0.871694245196911	NA	"abundance"	205	158
"Eggerthellaceae"	"Location"	"Center"	"LocationCenter"	-0.197410603142783	-0.121937143647197	0.431049926114354	0.890282372523095	0.99999984417832	0.817931316241067	0.998357341882479	NA	"abundance"	205	158
"Enterobacteriaceae"	"Location"	"Center"	"LocationCenter"	-0.319712071157004	-0.121937143647197	0.900912633689489	0.836307820149637	0.99999984417832	0.973204870255836	0.9999994830444	NA	"abundance"	205	178
"Enterobacteriaceae"	"Sex"	"Female"	"SexFemale"	-0.0664373920740274	0.00616454503043335	0.870143628667426	0.93353590689229	0.99999984417832	0.899216463540568	0.9999994830444	NA	"abundance"	205	178
"Erysipelatoclostridiaceae"	"Sex"	"Female"	"SexFemale"	-0.0780259084992069	0.00616454503043335	0.517336730276126	0.872586069571939	0.99999984417832	0.970441529432868	0.9999994830444	NA	"abundance"	205	179
"Erysipelotrichaceae"	"Age"	"Age"	"Age"	0.00707700100648817	-0.0820118149228786	0.337782373629245	0.801115597401533	0.99999984417832	0.848398175099561	0.9999994830444	NA	"abundance"	205	174
"Erysipelotrichaceae"	"Location"	"Center"	"LocationCenter"	0.106232141097825	-0.121937143647197	0.701908543979284	0.768760071742884	0.99999984417832	0.832963416134612	0.9999994830444	NA	"abundance"	205	174
"Fusobacteriaceae"	"Sex"	"Female"	"SexFemale"	0.735184636535319	0.00616454503043335	3.14464381034225	0.867305725106237	0.99999984417832	0.430562815612354	0.871694245196911	NA	"abundance"	205	23
"Gastranaerophilales"	"Location"	"Center"	"LocationCenter"	-0.364201199678827	-0.121937143647197	0.730352861932545	0.775191395821514	0.99999984417832	0.213881506277815	0.799987109869034	NA	"abundance"	205	38
"Gastranaerophilales"	"TimeNW"	"TimeNW"	"TimeNW"	-0.0232845659327532	-0.000160221854067387	0.35709406203641	0.953882485330468	0.99999984417832	0.923911876556217	0.9999994830444	NA	"abundance"	205	38
"Hungateiclostridiaceae"	"Age"	"Age"	"Age"	-0.0974734898845234	-0.0820118149228786	0.166954632789496	0.934128234709941	0.99999984417832	0.667596102859315	0.954028210022717	NA	"abundance"	205	44
"Hungateiclostridiaceae"	"Location"	"Center"	"LocationCenter"	-0.149283214620685	-0.121937143647197	0.438817146308321	0.961707114540484	0.99999984417832	0.151793745053728	0.799987109869034	NA	"abundance"	205	44
"Izemoplasmatales"	"FIScore"	"FIScore"	"FIScore"	-0.0169274289487327	-0.111118035382895	0.276494868983436	0.768401334337664	0.99999984417832	0.403679501406372	0.871694245196911	NA	"abundance"	205	26
"Izemoplasmatales"	"Sex"	"Female"	"SexFemale"	-0.201366208029564	0.00616454503043335	0.863577751850939	0.81677102078047	0.99999984417832	0.1105843076971	0.799987109869034	NA	"abundance"	205	26
"Lachnospiraceae"	"FIScore"	"FIScore"	"FIScore"	-0.115905252206079	-0.111118035382895	0.102166463009082	0.971444981064562	0.99999984417832	0.971444981064562	0.9999994830444	NA	"abundance"	205	205
"Lachnospiraceae"	"Sex"	"Female"	"SexFemale"	0.0408647353154784	0.00616454503043335	0.236721631581396	0.898076979321028	0.99999984417832	0.898076979321028	0.9999994830444	NA	"abundance"	205	205
"Lactobacillaceae"	"Sex"	"Female"	"SexFemale"	-0.211470692126641	0.00616454503043335	1.05707940281029	0.837909292876207	0.99999984417832	0.973726602664109	0.9999994830444	NA	"abundance"	205	92
"Micrococcaceae"	"Age"	"Age"	"Age"	-0.193805065821287	-0.0820118149228786	0.421835002310764	0.82719745345441	0.99999984417832	0.874401299145554	0.9999994830444	NA	"abundance"	205	17
"Micrococcaceae"	"FIScore"	"FIScore"	"FIScore"	-0.30808334193944	-0.111118035382895	0.660075190207618	0.800105125798394	0.99999984417832	0.907508909839112	0.9999994830444	NA	"abundance"	205	17
"Micrococcaceae"	"Location"	"Center"	"LocationCenter"	0.308934175471507	-0.121937143647197	1.42440213310878	0.810441443548992	0.99999984417832	0.51334362838599	0.883057433285745	NA	"abundance"	205	17
"Micrococcaceae"	"Sex"	"Female"	"SexFemale"	-0.0428878998110443	0.00616454503043335	1.15912067407341	0.971808298927411	0.99999984417832	0.998423983412088	0.9999994830444	NA	"abundance"	205	17
"Micrococcaceae"	"TimeNW"	"TimeNW"	"TimeNW"	0.089734605156537	-0.000160221854067387	0.574376184616422	0.8949176753321	0.99999984417832	0.709480144854958	0.954646428047616	NA	"abundance"	205	17
"Morganellaceae"	"Age"	"Age"	"Age"	-4.72061534827565	-0.0820118149228786	16.3204429294554	0.999999819717001	0.99999984417832	0.814408974757859	0.998294839472973	NA	"abundance"	205	13
"Morganellaceae"	"FIScore"	"FIScore"	"FIScore"	-14.4990586597231	-0.111118035382895	37.7276462841452	0.999999814332186	0.99999984417832	0.810510425628517	0.998294839472973	NA	"abundance"	205	13
"Morganellaceae"	"Location"	"Center"	"LocationCenter"	31.5664227194732	-0.121937143647197	76.5088137632227	0.999999812828093	0.99999984417832	0.54590505240297	0.914328177940858	NA	"abundance"	205	13
"Morganellaceae"	"Sex"	"Female"	"SexFemale"	-0.675852735000113	0.00616454503043335	11.1553226496373	0.99999984417832	0.99999984417832	0.717683614101664	0.954646428047616	NA	"abundance"	205	13
"Morganellaceae"	"TimeNW"	"TimeNW"	"TimeNW"	-6.04232942726681	-0.000160221854067387	14.9074974973004	0.999999811003692	0.99999984417832	0.997713112132277	0.9999994830444	NA	"abundance"	205	13
"Muribaculaceae"	"FIScore"	"FIScore"	"FIScore"	-0.065419347599965	-0.111118035382895	2.05076024587604	0.98359592453424	0.99999984417832	0.32360466157741	0.857630959791328	NA	"abundance"	205	25
"Muribaculaceae"	"TimeNW"	"TimeNW"	"TimeNW"	0.0762661586764141	-0.000160221854067387	1.44876100850244	0.961354027739264	0.99999984417832	0.628614789240735	0.951452998430528	NA	"abundance"	205	25
"Oscillospirales"	"Sex"	"Female"	"SexFemale"	-0.102412927239831	0.00616454503043335	0.44550396767127	0.814520417950403	0.99999984417832	0.509141674723007	0.883057433285745	NA	"abundance"	205	23
"Oxalobacteraceae"	"Age"	"Age"	"Age"	-0.149547100768866	-0.0820118149228786	0.931751562789288	0.949681896463905	0.99999984417832	0.467427143493958	0.871694245196911	NA	"abundance"	205	17
"Oxalobacteraceae"	"Location"	"Center"	"LocationCenter"	-0.248856761912568	-0.121937143647197	0.940915774366681	0.912395284320198	0.99999984417832	0.859146394057536	0.9999994830444	NA	"abundance"	205	17
"Pasteurellaceae"	"FIScore"	"FIScore"	"FIScore"	0.00962892309859703	-0.111118035382895	0.479052765653328	0.811842015787913	0.99999984417832	0.359642615013035	0.871694245196911	NA	"abundance"	205	35
"Pasteurellaceae"	"Location"	"Center"	"LocationCenter"	-0.457816858891868	-0.121937143647197	1.0255088512732	0.763290713510118	0.99999984417832	0.46383028954194	0.871694245196911	NA	"abundance"	205	35
"Pasteurellaceae"	"Sex"	"Female"	"SexFemale"	0.292988120548347	0.00616454503043335	1.16089047067893	0.809380521787327	0.99999984417832	0.154973892715467	0.799987109869034	NA	"abundance"	205	35
"Porphyromonadaceae"	"TimeNW"	"TimeNW"	"TimeNW"	0.20811897759785	-0.000160221854067387	0.667593716451953	0.766651873514632	0.99999984417832	0.0926792281623538	0.799987109869034	NA	"abundance"	205	26
"Prevotellaceae"	"Sex"	"Female"	"SexFemale"	0.136724038955631	0.00616454503043335	0.790669016717436	0.869923404855993	0.99999984417832	0.840531015586467	0.9999994830444	NA	"abundance"	205	94
"RF39"	"Age"	"Age"	"Age"	-0.0015233468204335	-0.0820118149228786	0.514234446472387	0.890136649080382	0.99999984417832	0.530307223957985	0.898275501806382	NA	"abundance"	205	28
"RF39"	"Location"	"Center"	"LocationCenter"	0.0381503204781188	-0.121937143647197	1.04306323646318	0.899546613518005	0.99999984417832	0.711034943763867	0.954646428047616	NA	"abundance"	205	28
"RF39"	"Sex"	"Female"	"SexFemale"	-0.921677219642663	0.00616454503043335	2.692817740651	0.762855660952483	0.99999984417832	0.0163867488732541	0.675732964614221	NA	"abundance"	205	28
"Rikenellaceae"	"Age"	"Age"	"Age"	-0.139786719154446	-0.0820118149228786	0.179726379809399	0.769866596761721	0.99999984417832	0.753379292057532	0.96572171800425	NA	"abundance"	205	184
"Ruminococcaceae"	"Age"	"Age"	"Age"	-0.0871261557652599	-0.0820118149228786	0.199997237971157	0.980795716483937	0.99999984417832	0.200943566311032	0.799987109869034	NA	"abundance"	205	202
"Ruminococcaceae"	"FIScore"	"FIScore"	"FIScore"	-0.0805424235352248	-0.111118035382895	0.173257619077564	0.872185845738792	0.99999984417832	0.983663541970492	0.9999994830444	NA	"abundance"	205	202
"Ruminococcaceae"	"Location"	"Center"	"LocationCenter"	-0.247329892105743	-0.121937143647197	0.415828285213689	0.81487319728065	0.99999984417832	0.81487319728065	0.998294839472973	NA	"abundance"	205	202
"Ruminococcaceae"	"Sex"	"Female"	"SexFemale"	-0.0285356452546117	0.00616454503043335	0.401107933819214	0.933288196984153	0.99999984417832	0.933288196984153	0.9999994830444	NA	"abundance"	205	202
"Streptococcaceae"	"Age"	"Age"	"Age"	-0.173802385815103	-0.0820118149228786	0.471396615788528	0.846625295043813	0.99999984417832	0.660881504131302	0.954028210022717	NA	"abundance"	205	153
"UCG-010"	"Location"	"Center"	"LocationCenter"	-0.318363630528553	-0.121937143647197	0.92743837966576	0.843883493109657	0.99999984417832	0.19305536905803	0.799987109869034	NA	"abundance"	205	46
"Unknown"	"FIScore"	"FIScore"	"FIScore"	-0.0693501901059003	-0.111118035382895	0.257282455527583	0.875696386267243	0.99999984417832	0.696304040605748	0.954028210022717	NA	"abundance"	205	150
"Unknown"	"Location"	"Center"	"LocationCenter"	-0.0945910726737101	-0.121937143647197	0.625838759605136	0.969149641320224	0.99999984417832	0.56857392123918	0.916541643658518	NA	"abundance"	205	150
"Veillonellaceae"	"FIScore"	"FIScore"	"FIScore"	-0.180063765433177	-0.111118035382895	0.447464375175691	0.879324401761643	0.99999984417832	0.738485084471442	0.956595139101421	NA	"abundance"	205	111
"Victivallaceae"	"Age"	"Age"	"Age"	-0.0718265990060822	-0.0820118149228786	0.89908358552074	0.99165544195586	0.99999984417832	0.453464501158921	0.871694245196911	NA	"abundance"	205	25
"Victivallaceae"	"Sex"	"Female"	"SexFemale"	-0.239934249496623	0.00616454503043335	2.21094923157974	0.91785047692026	0.99999984417832	0.0290798337550305	0.742654215897702	NA	"abundance"	205	25
"[Clostridium]_methylpentosum_group"	"Age"	"Age"	"Age"	-0.120238903923828	0	0.898729603442031	0.893570508847098	0.99999984417832	0.893570508847098	0.9999994830444	NA	"prevalence"	205	12
"[Clostridium]_methylpentosum_group"	"Sex"	"Female"	"SexFemale"	-0.284720715967236	0	1.82805673755708	0.876229704676138	0.99999984417832	0.876229704676138	0.9999994830444	NA	"prevalence"	205	12
"Actinomycetaceae"	"FIScore"	"FIScore"	"FIScore"	-0.107715109086041	0	0.373581446618382	0.773093385840254	0.99999984417832	0.872161367045946	0.9999994830444	NA	"prevalence"	205	42
"Actinomycetaceae"	"Location"	"Center"	"LocationCenter"	-0.00318090367929933	0	0.881132635623307	0.997119629531469	0.99999984417832	0.695801498939812	0.954028210022717	NA	"prevalence"	205	42
"Actinomycetaceae"	"Sex"	"Female"	"SexFemale"	0.0961798848739746	0	0.850869482757152	0.910001080591631	0.99999984417832	0.598456321829311	0.947693586226617	NA	"prevalence"	205	42
"Akkermansiaceae"	"FIScore"	"FIScore"	"FIScore"	0.0936624758744503	0	0.518590300708684	0.856673885231448	0.99999984417832	0.766998420093461	0.975645499889	NA	"prevalence"	205	141
"Akkermansiaceae"	"TimeNW"	"TimeNW"	"TimeNW"	0.123932162176754	0	0.593636320714099	0.834629491557531	0.99999984417832	0.451146862919794	0.871694245196911	NA	"prevalence"	205	141
"Anaerofustaceae"	"Location"	"Center"	"LocationCenter"	0.25868422419688	0	1.24973436317587	0.836016600651783	0.99999984417832	0.158083605134198	0.799987109869034	NA	"prevalence"	205	18
"Atopobiaceae"	"Age"	"Age"	"Age"	-0.245926857436298	0	0.798881091542687	0.758204747650718	0.99999984417832	0.85023142675733	0.9999994830444	NA	"prevalence"	205	17
"Atopobiaceae"	"Location"	"Center"	"LocationCenter"	0.401708408831639	0	1.65872680753453	0.808641648855261	0.99999984417832	0.877673066801835	0.9999994830444	NA	"prevalence"	205	17
"Atopobiaceae"	"TimeNW"	"TimeNW"	"TimeNW"	0.171857992333687	0	0.787841172603658	0.827321694731371	0.99999984417832	0.387438816998217	0.871694245196911	NA	"prevalence"	205	17
"Barnesiellaceae"	"Age"	"Age"	"Age"	0.353591655702525	0	1.1986470263409	0.767999753853882	0.99999984417832	0.732497509102442	0.954646428047616	NA	"prevalence"	205	106
"Barnesiellaceae"	"FIScore"	"FIScore"	"FIScore"	-0.0569452577034802	0	0.877320806154604	0.948247143117603	0.99999984417832	0.494055500247132	0.877146663540363	NA	"prevalence"	205	106
"Bifidobacteriaceae"	"FIScore"	"FIScore"	"FIScore"	0.174733277837843	0	0.621491102395643	0.778594051440169	0.99999984417832	0.888257101293035	0.9999994830444	NA	"prevalence"	205	126
"Bifidobacteriaceae"	"Location"	"Center"	"LocationCenter"	-0.199969372021201	0	1.52916639569943	0.895957109568321	0.99999984417832	0.830105432516967	0.9999994830444	NA	"prevalence"	205	126
"Carnobacteriaceae"	"Age"	"Age"	"Age"	0.00314304361736022	0	0.434722241649912	0.994231341560435	0.99999984417832	0.224280282765404	0.799987109869034	NA	"prevalence"	205	14
"Carnobacteriaceae"	"TimeNW"	"TimeNW"	"TimeNW"	0.0385909283565961	0	0.375368035591344	0.918115162672584	0.99999984417832	0.993294873415863	0.9999994830444	NA	"prevalence"	205	14
"Christensenellaceae"	"Location"	"Center"	"LocationCenter"	-0.040220697203109	0	1.2007685139496	0.973279218247393	0.99999984417832	0.216469025036075	0.799987109869034	NA	"prevalence"	205	156
"Christensenellaceae"	"TimeNW"	"TimeNW"	"TimeNW"	-0.162184960307008	0	0.571885346938792	0.776719247710271	0.99999984417832	0.950145705656933	0.9999994830444	NA	"prevalence"	205	156
"Clostridia_UCG-014"	"Age"	"Age"	"Age"	0.178322893338276	0	0.693219017281542	0.796994360852156	0.99999984417832	0.628384236459696	0.951452998430528	NA	"prevalence"	205	90
"Clostridia_UCG-014"	"Location"	"Center"	"LocationCenter"	-0.224795041258208	0	1.41471267428272	0.873749221553322	0.99999984417832	0.984060740941608	0.9999994830444	NA	"prevalence"	205	90
"Clostridiaceae"	"FIScore"	"FIScore"	"FIScore"	0.133586496862235	0	0.417169920315574	0.748800936158915	0.99999984417832	0.560235681050501	0.916541643658518	NA	"prevalence"	205	105
"Coriobacteriaceae"	"Sex"	"Female"	"SexFemale"	-0.345507397840318	0	1.84692013916154	0.851604031256532	0.99999984417832	0.445212487964843	0.871694245196911	NA	"prevalence"	205	124
"Coriobacteriales_Incertae_Sedis"	"Age"	"Age"	"Age"	-0.132570936597162	0	0.747831749311608	0.859293370759113	0.99999984417832	0.980201644487668	0.9999994830444	NA	"prevalence"	205	80
"Coriobacteriales_Incertae_Sedis"	"Location"	"Center"	"LocationCenter"	-0.0278984661151095	0	1.55991042747115	0.98573086737745	0.99999984417832	0.964820309363689	0.9999994830444	NA	"prevalence"	205	80
"Corynebacteriaceae"	"FIScore"	"FIScore"	"FIScore"	8.12358724412645	0	1841.80009989089	0.996480799504247	0.99999984417832	0.996480799504247	0.9999994830444	NA	"prevalence"	205	5
"Corynebacteriaceae"	"Location"	"Center"	"LocationCenter"	14.2048285677482	0	11336.805009184	0.999000264146004	0.99999984417832	0.999000264146004	0.9999994830444	NA	"prevalence"	205	5
"Corynebacteriaceae"	"Sex"	"Female"	"SexFemale"	-6.80516538092181	0	14409.7348608463	0.99962318972266	0.99999984417832	0.99962318972266	0.9999994830444	NA	"prevalence"	205	5
"Corynebacteriaceae"	"TimeNW"	"TimeNW"	"TimeNW"	-2.66583386411805	0	8265.92610974298	0.999742675216699	0.99999984417832	0.999742675216699	0.9999994830444	NA	"prevalence"	205	5
"DTU014"	"TimeNW"	"TimeNW"	"TimeNW"	-0.0988852862042946	0	0.815039879478145	0.903433062487006	0.99999984417832	0.452993013024706	0.871694245196911	NA	"prevalence"	205	18
"Enterobacteriaceae"	"Age"	"Age"	"Age"	0.0340469055433116	0	0.486206051951251	0.944173226446658	0.99999984417832	0.122906835810465	0.799987109869034	NA	"prevalence"	205	178
"Enterobacteriaceae"	"Location"	"Center"	"LocationCenter"	0.073284003388766	0	0.958285356789017	0.939041924484341	0.99999984417832	0.973204870255836	0.9999994830444	NA	"prevalence"	205	178
"Erysipelatoclostridiaceae"	"Sex"	"Female"	"SexFemale"	0.173858034370916	0	0.800554201697637	0.828074229485129	0.99999984417832	0.970441529432868	0.9999994830444	NA	"prevalence"	205	179
"Eubacteriaceae"	"Sex"	"Female"	"SexFemale"	-0.22788757626476	0	1.42620306311438	0.873049490578472	0.99999984417832	0.451190999267779	0.871694245196911	NA	"prevalence"	205	30
"Fusobacteriaceae"	"Location"	"Center"	"LocationCenter"	-0.172005123128118	0	1.77932377286844	0.922989404718814	0.99999984417832	0.644810013996593	0.951452998430528	NA	"prevalence"	205	23
"Gastranaerophilales"	"FIScore"	"FIScore"	"FIScore"	-0.0787805058244394	0	0.400702772120312	0.844135998745255	0.99999984417832	0.526431562101225	0.89628348009029	NA	"prevalence"	205	38
"Hungateiclostridiaceae"	"TimeNW"	"TimeNW"	"TimeNW"	0.123238424337093	0	0.545495526354761	0.82126353521441	0.99999984417832	0.36074050165006	0.871694245196911	NA	"prevalence"	205	44
"Izemoplasmatales"	"TimeNW"	"TimeNW"	"TimeNW"	0.215390917401475	0	0.778926983894287	0.782146701233989	0.99999984417832	0.261049849821594	0.81994776944795	NA	"prevalence"	205	26
"Lactobacillaceae"	"Age"	"Age"	"Age"	0.214887102746371	0	0.670401003696312	0.748562670317888	0.99999984417832	0.634916689397454	0.951452998430528	NA	"prevalence"	205	92
"Lactobacillaceae"	"Location"	"Center"	"LocationCenter"	0.127148933991992	0	1.38363174753591	0.926781409781067	0.99999984417832	0.635500287204227	0.951452998430528	NA	"prevalence"	205	92
"Lactobacillaceae"	"Sex"	"Female"	"SexFemale"	0.0916009932885011	0	1.36618708979474	0.946542977129804	0.99999984417832	0.973726602664109	0.9999994830444	NA	"prevalence"	205	92
"Micrococcaceae"	"Sex"	"Female"	"SexFemale"	-0.0668114417491951	0	1.34224317590851	0.960300924596254	0.99999984417832	0.998423983412088	0.9999994830444	NA	"prevalence"	205	17
"Monoglobaceae"	"Age"	"Age"	"Age"	0.0998893190017121	0	0.64425359459603	0.876784592686978	0.99999984417832	0.693597541779454	0.954028210022717	NA	"prevalence"	205	168
"Morganellaceae"	"TimeNW"	"TimeNW"	"TimeNW"	-0.0455723133456895	0	0.759903486349734	0.952178583587231	0.99999984417832	0.997713112132277	0.9999994830444	NA	"prevalence"	205	13
"Oscillospirales"	"TimeNW"	"TimeNW"	"TimeNW"	0.0550418890494301	0	0.779729985347972	0.943723304479329	0.99999984417832	0.000352146647984538	0.116912687130866	NA	"prevalence"	205	23
"Peptococcaceae"	"FIScore"	"FIScore"	"FIScore"	-0.138903675483348	0	0.446822962339563	0.755899756042084	0.99999984417832	0.432686261834084	0.871694245196911	NA	"prevalence"	205	80
"Peptococcaceae"	"Location"	"Center"	"LocationCenter"	-0.0237574732360623	0	1.05987176184477	0.982116578143347	0.99999984417832	0.874594213783985	0.9999994830444	NA	"prevalence"	205	80
"Peptostreptococcaceae"	"FIScore"	"FIScore"	"FIScore"	-0.0769374890448386	0	0.500872392842643	0.87791964338628	0.99999984417832	0.481661117868475	0.871694245196911	NA	"prevalence"	205	155
"Peptostreptococcaceae"	"Location"	"Center"	"LocationCenter"	0.0129745467534869	0	1.22640230092782	0.991559052501956	0.99999984417832	0.868233526604275	0.9999994830444	NA	"prevalence"	205	155
"Porphyromonadaceae"	"Sex"	"Female"	"SexFemale"	-0.227502847944214	0	0.974306810639319	0.815371410265392	0.99999984417832	0.335297675992929	0.857630959791328	NA	"prevalence"	205	26
"Prevotellaceae"	"Age"	"Age"	"Age"	-0.334206491440886	0	1.0491722864106	0.750073079880834	0.99999984417832	0.167329633623256	0.799987109869034	NA	"prevalence"	205	94
"Puniceicoccaceae"	"Location"	"Center"	"LocationCenter"	13.1379818392368	0	132.139578680644	0.920800808565773	0.99999984417832	0.920800808565773	0.9999994830444	NA	"prevalence"	205	12
"Rikenellaceae"	"FIScore"	"FIScore"	"FIScore"	-0.134961380276637	0	0.871197034487789	0.876888426140601	0.99999984417832	0.832971759518889	0.9999994830444	NA	"prevalence"	205	184
"Rikenellaceae"	"Location"	"Center"	"LocationCenter"	0.000825274660148317	0	1.95183637843407	0.999662638786012	0.99999984417832	0.639890634417999	0.951452998430528	NA	"prevalence"	205	184
"Rikenellaceae"	"Sex"	"Female"	"SexFemale"	-0.309153861463163	0	1.97243272981635	0.875451856878621	0.99999984417832	0.194775215225926	0.799987109869034	NA	"prevalence"	205	184
"Rikenellaceae"	"TimeNW"	"TimeNW"	"TimeNW"	-0.145668411840682	0	0.904221227301706	0.872016058164141	0.99999984417832	0.568697525884502	0.916541643658518	NA	"prevalence"	205	184
"Ruminococcaceae"	"FIScore"	"FIScore"	"FIScore"	0.0546973301803196	0	0.859369467446751	0.949250341793266	0.99999984417832	0.983663541970492	0.9999994830444	NA	"prevalence"	205	202
"Selenomonadaceae"	"Age"	"Age"	"Age"	0.295590226467167	0	1.11750049978803	0.791386843549224	0.99999984417832	0.791386843549224	0.987745985181739	NA	"prevalence"	205	12
"Selenomonadaceae"	"Location"	"Center"	"LocationCenter"	0.207838301714479	0	2.13521813487083	0.922457816394296	0.99999984417832	0.922457816394296	0.9999994830444	NA	"prevalence"	205	12
"Selenomonadaceae"	"TimeNW"	"TimeNW"	"TimeNW"	0.0315832491848297	0	1.05542200439954	0.976127059817379	0.99999984417832	0.976127059817379	0.9999994830444	NA	"prevalence"	205	12
"Staphylococcaceae"	"Location"	"Center"	"LocationCenter"	-12.144835143803	0	361.475243398091	0.973197739383786	0.99999984417832	0.973197739383786	0.9999994830444	NA	"prevalence"	205	4
"Succinivibrionaceae"	"Age"	"Age"	"Age"	52.1605769781858	0	585.892992181833	0.929060070491929	0.99999984417832	0.929060070491929	0.9999994830444	NA	"prevalence"	205	12
"Succinivibrionaceae"	"FIScore"	"FIScore"	"FIScore"	-34.9381270170574	0	528.554582549868	0.947297202995215	0.99999984417832	0.947297202995215	0.9999994830444	NA	"prevalence"	205	12
"Succinivibrionaceae"	"Location"	"Center"	"LocationCenter"	32.3778390283756	0	1629.49064339237	0.984147145515885	0.99999984417832	0.984147145515885	0.9999994830444	NA	"prevalence"	205	12
"Succinivibrionaceae"	"Sex"	"Female"	"SexFemale"	-19.4706495151674	0	496.427069616774	0.968713735763574	0.99999984417832	0.968713735763574	0.9999994830444	NA	"prevalence"	205	12
"Succinivibrionaceae"	"TimeNW"	"TimeNW"	"TimeNW"	-1.71490534819306	0	1612.11189112871	0.999151239904605	0.99999984417832	0.999151239904605	0.9999994830444	NA	"prevalence"	205	12
"Sutterellaceae"	"Age"	"Age"	"Age"	0.19964678919342	0	0.76962072569775	0.795319439381509	0.99999984417832	0.933919837452741	0.9999994830444	NA	"prevalence"	205	122
"Synergistaceae"	"Location"	"Center"	"LocationCenter"	13.3579717951361	0	181.740832054997	0.941408153710391	0.99999984417832	0.941408153710391	0.9999994830444	NA	"prevalence"	205	16
"Synergistaceae"	"Sex"	"Female"	"SexFemale"	0.238787745999955	0	2.64564485367629	0.928083056207211	0.99999984417832	0.928083056207211	0.9999994830444	NA	"prevalence"	205	16
"Syntrophomonadaceae"	"FIScore"	"FIScore"	"FIScore"	12.4083014005214	0	866879.516123473	0.999988579275518	0.99999984417832	0.999988579275518	0.9999994830444	NA	"prevalence"	205	3
"Syntrophomonadaceae"	"Location"	"Center"	"LocationCenter"	3.43742379048077	0	5305421.53566195	0.9999994830444	0.99999984417832	0.9999994830444	0.9999994830444	NA	"prevalence"	205	3
"Syntrophomonadaceae"	"TimeNW"	"TimeNW"	"TimeNW"	-11.4176256554535	0	3870530.78474201	0.999997646331282	0.99999984417832	0.999997646331282	0.9999994830444	NA	"prevalence"	205	3
"Tannerellaceae"	"TimeNW"	"TimeNW"	"TimeNW"	-0.155222516630695	0	1.08220240493313	0.885948967176617	0.99999984417832	0.674969452760395	0.954028210022717	NA	"prevalence"	205	186
"UCG-010"	"TimeNW"	"TimeNW"	"TimeNW"	0.105638409748224	0	0.551724269536549	0.848157717533775	0.99999984417832	0.455930114975281	0.871694245196911	NA	"prevalence"	205	46
"uncultured"	"TimeNW"	"TimeNW"	"TimeNW"	-0.165640670449165	0	0.77817048321378	0.831436862988613	0.99999984417832	0.637153310785662	0.951452998430528	NA	"prevalence"	205	66
"Unknown"	"TimeNW"	"TimeNW"	"TimeNW"	0.094574246583026	0	0.36717155938373	0.796734858285921	0.99999984417832	0.724098187311271	0.954646428047616	NA	"prevalence"	205	150
"[Clostridium]_methylpentosum_group"	"Age"	"Age"	"Age"	1.67766294239776	NA	2.22238523290095	0.474939725285235	NA	0.893570508847098	0.9999994830444	"Model may not have converged with 1 eigenvalue close to zero: 3.0e-10"	"abundance"	205	12
"[Clostridium]_methylpentosum_group"	"FIScore"	"FIScore"	"FIScore"	0.413033813142198	NA	2.14533429053118	0.852796227527182	NA	0.30459216065036	0.857630959791328	"Model may not have converged with 1 eigenvalue close to zero: 3.0e-10"	"abundance"	205	12
"[Clostridium]_methylpentosum_group"	"Location"	"Center"	"LocationCenter"	NA	NA	NA	NA	NA	0.212528680769922	0.799987109869034	"Model may not have converged with 1 eigenvalue close to zero: 3.0e-10"	"abundance"	205	12
"[Clostridium]_methylpentosum_group"	"Sex"	"Female"	"SexFemale"	2.30005406429552	NA	2.53441136765854	0.394294901938345	NA	0.876229704676138	0.9999994830444	"Model may not have converged with 1 eigenvalue close to zero: 3.0e-10"	"abundance"	205	12
"[Clostridium]_methylpentosum_group"	"TimeNW"	"TimeNW"	"TimeNW"	0.455131676986293	NA	4.75597155990417	0.926443314019935	NA	0.403455464823413	0.871694245196911	"Model may not have converged with 1 eigenvalue close to zero: 3.0e-10"	"abundance"	205	12
"Campylobacteraceae"	"Age"	"Age"	"Age"	NA	NA	NA	NA	NA	NA	NA	"No data points have the baseline factor level"	"abundance"	205	6
"Campylobacteraceae"	"FIScore"	"FIScore"	"FIScore"	NA	NA	NA	NA	NA	NA	NA	"No data points have the baseline factor level"	"abundance"	205	6
"Campylobacteraceae"	"Location"	"Center"	"LocationCenter"	NA	NA	NA	NA	NA	NA	NA	"No data points have the baseline factor level"	"abundance"	205	6
"Campylobacteraceae"	"Sex"	"Female"	"SexFemale"	NA	NA	NA	NA	NA	NA	NA	"No data points have the baseline factor level"	"abundance"	205	6
"Campylobacteraceae"	"TimeNW"	"TimeNW"	"TimeNW"	NA	NA	NA	NA	NA	NA	NA	"No data points have the baseline factor level"	"abundance"	205	6
"Corynebacteriaceae"	"Age"	"Age"	"Age"	NA	NA	NA	NA	NA	NA	NA	"No data points have the baseline factor level"	"abundance"	205	5
"Corynebacteriaceae"	"FIScore"	"FIScore"	"FIScore"	NA	NA	NA	NA	NA	0.996480799504247	0.9999994830444	"No data points have the baseline factor level"	"abundance"	205	5
"Corynebacteriaceae"	"Location"	"Center"	"LocationCenter"	NA	NA	NA	NA	NA	0.999000264146004	0.9999994830444	"No data points have the baseline factor level"	"abundance"	205	5
"Corynebacteriaceae"	"Sex"	"Female"	"SexFemale"	NA	NA	NA	NA	NA	0.99962318972266	0.9999994830444	"No data points have the baseline factor level"	"abundance"	205	5
"Corynebacteriaceae"	"TimeNW"	"TimeNW"	"TimeNW"	NA	NA	NA	NA	NA	0.999742675216699	0.9999994830444	"No data points have the baseline factor level"	"abundance"	205	5
"Enterococcaceae"	"Age"	"Age"	"Age"	-1.17434750496555	NA	3.48265918377473	0.747450309660128	NA	0.0449767084481282	0.799987109869034	"Model may not have converged with 1 eigenvalue close to zero: 1.5e-10"	"abundance"	205	12
"Enterococcaceae"	"FIScore"	"FIScore"	"FIScore"	-1.32443831110487	NA	1.29230527012972	0.344958483443255	NA	0.471113060903534	0.871694245196911	"Model may not have converged with 1 eigenvalue close to zero: 1.5e-10"	"abundance"	205	12
"Enterococcaceae"	"Location"	"Center"	"LocationCenter"	-0.287689038297817	NA	3.83185491042111	0.942593080121054	NA	0.0844325268918746	0.799987109869034	"Model may not have converged with 1 eigenvalue close to zero: 1.5e-10"	"abundance"	205	12
"Enterococcaceae"	"Sex"	"Female"	"SexFemale"	0.275137365751657	NA	2.74052485589064	0.923300698213308	NA	0.461932276036241	0.871694245196911	"Model may not have converged with 1 eigenvalue close to zero: 1.5e-10"	"abundance"	205	12
"Enterococcaceae"	"TimeNW"	"TimeNW"	"TimeNW"	-0.906154020433781	NA	1.93409310506665	0.655952749854218	NA	0.208806589617339	0.799987109869034	"Model may not have converged with 1 eigenvalue close to zero: 1.5e-10"	"abundance"	205	12
"Family_XI"	"Age"	"Age"	"Age"	NA	NA	NA	NA	NA	0.168538855222236	0.799987109869034	"number of levels of each grouping factor must be < number of observations (problems: Individual)"	"abundance"	205	5
"Family_XI"	"FIScore"	"FIScore"	"FIScore"	NA	NA	NA	NA	NA	0.35303672398944	0.868208832329585	"number of levels of each grouping factor must be < number of observations (problems: Individual)"	"abundance"	205	5
"Family_XI"	"Location"	"Center"	"LocationCenter"	NA	NA	NA	NA	NA	0.392417550215746	0.871694245196911	"number of levels of each grouping factor must be < number of observations (problems: Individual)"	"abundance"	205	5
"Family_XI"	"Sex"	"Female"	"SexFemale"	NA	NA	NA	NA	NA	0.550800107193288	0.914328177940858	"number of levels of each grouping factor must be < number of observations (problems: Individual)"	"abundance"	205	5
"Family_XI"	"TimeNW"	"TimeNW"	"TimeNW"	NA	NA	NA	NA	NA	0.13147978307429	0.799987109869034	"number of levels of each grouping factor must be < number of observations (problems: Individual)"	"abundance"	205	5
"Puniceicoccaceae"	"Age"	"Age"	"Age"	NA	NA	NA	NA	NA	0.00484885349091765	0.402454839746165	"No data points have the baseline factor level"	"abundance"	205	12
"Puniceicoccaceae"	"FIScore"	"FIScore"	"FIScore"	NA	NA	NA	NA	NA	0.00221208220015152	0.244803763483435	"No data points have the baseline factor level"	"abundance"	205	12
"Puniceicoccaceae"	"Location"	"Center"	"LocationCenter"	NA	NA	NA	NA	NA	0.920800808565773	0.9999994830444	"No data points have the baseline factor level"	"abundance"	205	12
"Puniceicoccaceae"	"Sex"	"Female"	"SexFemale"	NA	NA	NA	NA	NA	0.364442282623523	0.871694245196911	"No data points have the baseline factor level"	"abundance"	205	12
"Puniceicoccaceae"	"TimeNW"	"TimeNW"	"TimeNW"	NA	NA	NA	NA	NA	0.344439072920789	0.857630959791328	"No data points have the baseline factor level"	"abundance"	205	12
"Selenomonadaceae"	"Age"	"Age"	"Age"	-32.6965786002228	NA	28.2760819872162	0.999999913228544	NA	0.791386843549224	0.987745985181739	"convergence code 4 from Nelder_Mead: failure to converge in 100000 evaluations"	"abundance"	205	12
"Selenomonadaceae"	"FIScore"	"FIScore"	"FIScore"	NA	NA	NA	NA	NA	0.472334473640776	0.871694245196911	"convergence code 4 from Nelder_Mead: failure to converge in 100000 evaluations"	"abundance"	205	12
"Selenomonadaceae"	"Location"	"Center"	"LocationCenter"	NA	NA	NA	NA	NA	0.922457816394296	0.9999994830444	"convergence code 4 from Nelder_Mead: failure to converge in 100000 evaluations"	"abundance"	205	12
"Selenomonadaceae"	"Sex"	"Female"	"SexFemale"	31.8192431494394	NA	25.6572871522284	0.999999912135706	NA	0.120447883223716	0.799987109869034	"convergence code 4 from Nelder_Mead: failure to converge in 100000 evaluations"	"abundance"	205	12
"Selenomonadaceae"	"TimeNW"	"TimeNW"	"TimeNW"	-27.8347282396681	NA	23.963361708255	0.99999991325644	NA	0.976127059817379	0.9999994830444	"convergence code 4 from Nelder_Mead: failure to converge in 100000 evaluations"	"abundance"	205	12
"Staphylococcaceae"	"Age"	"Age"	"Age"	NA	NA	NA	NA	NA	0.264241233842827	0.81994776944795	"contrasts can be applied only to factors with 2 or more levels"	"abundance"	205	4
"Staphylococcaceae"	"FIScore"	"FIScore"	"FIScore"	NA	NA	NA	NA	NA	0.607593125839963	0.950197246565611	"contrasts can be applied only to factors with 2 or more levels"	"abundance"	205	4
"Staphylococcaceae"	"Location"	"Center"	"LocationCenter"	NA	NA	NA	NA	NA	0.973197739383786	0.9999994830444	"contrasts can be applied only to factors with 2 or more levels"	"abundance"	205	4
"Staphylococcaceae"	"Sex"	"Female"	"SexFemale"	NA	NA	NA	NA	NA	0.254769375964738	0.81994776944795	"contrasts can be applied only to factors with 2 or more levels"	"abundance"	205	4
"Staphylococcaceae"	"TimeNW"	"TimeNW"	"TimeNW"	NA	NA	NA	NA	NA	0.683822314251702	0.954028210022717	"contrasts can be applied only to factors with 2 or more levels"	"abundance"	205	4
"Succinivibrionaceae"	"Age"	"Age"	"Age"	NA	NA	NA	NA	NA	0.929060070491929	0.9999994830444	"No data points have the baseline factor level"	"abundance"	205	12
"Succinivibrionaceae"	"FIScore"	"FIScore"	"FIScore"	NA	NA	NA	NA	NA	0.947297202995215	0.9999994830444	"No data points have the baseline factor level"	"abundance"	205	12
"Succinivibrionaceae"	"Location"	"Center"	"LocationCenter"	NA	NA	NA	NA	NA	0.984147145515885	0.9999994830444	"No data points have the baseline factor level"	"abundance"	205	12
"Succinivibrionaceae"	"Sex"	"Female"	"SexFemale"	NA	NA	NA	NA	NA	0.968713735763574	0.9999994830444	"No data points have the baseline factor level"	"abundance"	205	12
"Succinivibrionaceae"	"TimeNW"	"TimeNW"	"TimeNW"	NA	NA	NA	NA	NA	0.999151239904605	0.9999994830444	"No data points have the baseline factor level"	"abundance"	205	12
"Synergistaceae"	"Age"	"Age"	"Age"	NA	NA	NA	NA	NA	0.230521921466683	0.799987109869034	"No data points have the baseline factor level"	"abundance"	205	16
"Synergistaceae"	"FIScore"	"FIScore"	"FIScore"	NA	NA	NA	NA	NA	0.231321573938034	0.799987109869034	"No data points have the baseline factor level"	"abundance"	205	16
"Synergistaceae"	"Location"	"Center"	"LocationCenter"	NA	NA	NA	NA	NA	0.941408153710391	0.9999994830444	"No data points have the baseline factor level"	"abundance"	205	16
"Synergistaceae"	"Sex"	"Female"	"SexFemale"	NA	NA	NA	NA	NA	0.928083056207211	0.9999994830444	"No data points have the baseline factor level"	"abundance"	205	16
"Synergistaceae"	"TimeNW"	"TimeNW"	"TimeNW"	NA	NA	NA	NA	NA	0.609614498549624	0.950197246565611	"No data points have the baseline factor level"	"abundance"	205	16
"Syntrophomonadaceae"	"Age"	"Age"	"Age"	NA	NA	NA	NA	NA	NA	NA	"No data points have the baseline factor level"	"abundance"	205	3
"Syntrophomonadaceae"	"FIScore"	"FIScore"	"FIScore"	NA	NA	NA	NA	NA	0.999988579275518	0.9999994830444	"No data points have the baseline factor level"	"abundance"	205	3
"Syntrophomonadaceae"	"Location"	"Center"	"LocationCenter"	NA	NA	NA	NA	NA	0.9999994830444	0.9999994830444	"No data points have the baseline factor level"	"abundance"	205	3
"Syntrophomonadaceae"	"Sex"	"Female"	"SexFemale"	NA	NA	NA	NA	NA	NA	NA	"No data points have the baseline factor level"	"abundance"	205	3
"Syntrophomonadaceae"	"TimeNW"	"TimeNW"	"TimeNW"	NA	NA	NA	NA	NA	0.999997646331282	0.9999994830444	"No data points have the baseline factor level"	"abundance"	205	3
"Bacteroidaceae"	"Location"	"Center"	"LocationCenter"	3.22311932299421	0	0.405338158912879	1.83999060463526e-15	NA	0.129727922389541	0.799987109869034	"A large coefficient (>15 in absolute value) or small p-value
                (< 10^-10) was obtained from a feature present in >95% of
                samples. Check this is intended."	"prevalence"	205	200
"Bacteroidaceae"	"Sex"	"Female"	"SexFemale"	-9.95660580751464	0	1.06090241976943	6.28958487818935e-21	NA	0.787732523920292	0.986895086571838	"A large coefficient (>15 in absolute value) or small p-value
                (< 10^-10) was obtained from a feature present in >95% of
                samples. Check this is intended."	"prevalence"	205	200
"Bacteroidaceae"	"TimeNW"	"TimeNW"	"TimeNW"	3.04630023635706	0	0.364692324833862	6.65116409521638e-17	NA	0.463095878254147	0.871694245196911	"A large coefficient (>15 in absolute value) or small p-value
                (< 10^-10) was obtained from a feature present in >95% of
                samples. Check this is intended."	"prevalence"	205	200
"Campylobacteraceae"	"Age"	"Age"	"Age"	0.880943540578446	0	0.856621490223364	0.303765001939079	NA	NA	NA	"Model is nearly unidentifiable: large eigenvalue ratio
 - Rescale variables?"	"prevalence"	205	6
"Campylobacteraceae"	"FIScore"	"FIScore"	"FIScore"	-1.36929104296329	0	1.01451780263998	0.177113382210922	NA	NA	NA	"Model is nearly unidentifiable: large eigenvalue ratio
 - Rescale variables?"	"prevalence"	205	6
"Campylobacteraceae"	"Location"	"Center"	"LocationCenter"	-1.18810578965422	0	1.41667062420471	0.401659812163828	NA	NA	NA	"Model is nearly unidentifiable: large eigenvalue ratio
 - Rescale variables?"	"prevalence"	205	6
"Campylobacteraceae"	"Sex"	"Female"	"SexFemale"	97.8569102960368	0	617.495690301462	0.874083436559194	NA	NA	NA	"Model is nearly unidentifiable: large eigenvalue ratio
 - Rescale variables?"	"prevalence"	205	6
"Campylobacteraceae"	"TimeNW"	"TimeNW"	"TimeNW"	-0.529552754398443	0	0.822007674482586	0.519433595677544	NA	NA	NA	"Model is nearly unidentifiable: large eigenvalue ratio
 - Rescale variables?"	"prevalence"	205	6
"Corynebacteriaceae"	"Age"	"Age"	"Age"	-43.8301269576891	0	3737.39557736522	0.990643061653599	NA	NA	NA	"A large coefficient (>15 in absolute value) or small
                p-value (< 10^-10) was obtained from a feature present
                in <5% of samples. Check this is intended."	"prevalence"	205	5
"Lachnospiraceae"	"Age"	"Age"	"Age"	NA	0	NA	NA	NA	0.0650082505021527	0.799987109869034	"All logistic values are the same"	"prevalence"	205	205
"Lachnospiraceae"	"FIScore"	"FIScore"	"FIScore"	NA	0	NA	NA	NA	0.971444981064562	0.9999994830444	"All logistic values are the same"	"prevalence"	205	205
"Lachnospiraceae"	"Location"	"Center"	"LocationCenter"	NA	0	NA	NA	NA	0.1255261565305	0.799987109869034	"All logistic values are the same"	"prevalence"	205	205
"Lachnospiraceae"	"Sex"	"Female"	"SexFemale"	NA	0	NA	NA	NA	0.898076979321028	0.9999994830444	"All logistic values are the same"	"prevalence"	205	205
"Lachnospiraceae"	"TimeNW"	"TimeNW"	"TimeNW"	NA	0	NA	NA	NA	0.67603704157893	0.954028210022717	"All logistic values are the same"	"prevalence"	205	205
"Oscillospiraceae"	"Age"	"Age"	"Age"	-1.67030942161313	0	0.190490675679105	1.81130285008202e-18	NA	0.599444738275872	0.947693586226617	"A large coefficient (>15 in absolute value) or small p-value
                (< 10^-10) was obtained from a feature present in >95% of
                samples. Check this is intended."	"prevalence"	205	199
"Oscillospiraceae"	"Location"	"Center"	"LocationCenter"	4.10048644190593	0	0.188200621299964	3.02540658453302e-105	NA	0.698067012545357	0.954028210022717	"A large coefficient (>15 in absolute value) or small p-value
                (< 10^-10) was obtained from a feature present in >95% of
                samples. Check this is intended."	"prevalence"	205	199
"Oscillospiraceae"	"Sex"	"Female"	"SexFemale"	-9.72522977368128	0	1.26507617534044	1.5007799931727e-14	NA	0.44151365552973	0.871694245196911	"A large coefficient (>15 in absolute value) or small p-value
                (< 10^-10) was obtained from a feature present in >95% of
                samples. Check this is intended."	"prevalence"	205	199
"Oscillospiraceae"	"TimeNW"	"TimeNW"	"TimeNW"	2.4213621910956	0	0.203280914249156	1.03217684552776e-32	NA	0.673541369729738	0.954028210022717	"A large coefficient (>15 in absolute value) or small p-value
                (< 10^-10) was obtained from a feature present in >95% of
                samples. Check this is intended."	"prevalence"	205	199
"Ruminococcaceae"	"Location"	"Center"	"LocationCenter"	36.2262631250583	0	6514042.28227472	0.999995562758915	NA	0.81487319728065	0.998294839472973	"A large coefficient (>15 in absolute value) or small p-value
                (< 10^-10) was obtained from a feature present in >95% of
                samples. Check this is intended."	"prevalence"	205	202
"Ruminococcaceae"	"Sex"	"Female"	"SexFemale"	-43.1310484881761	0	8947246.21897775	0.999996153721845	NA	0.933288196984153	0.9999994830444	"A large coefficient (>15 in absolute value) or small p-value
                (< 10^-10) was obtained from a feature present in >95% of
                samples. Check this is intended."	"prevalence"	205	202
"Syntrophomonadaceae"	"Age"	"Age"	"Age"	-57.9136508958105	0	1762531.83927292	0.999973782937209	NA	NA	NA	"A large coefficient (>15 in absolute value) or small
                p-value (< 10^-10) was obtained from a feature present
                in <5% of samples. Check this is intended."	"prevalence"	205	3
"Syntrophomonadaceae"	"Sex"	"Female"	"SexFemale"	-25.3884668737686	0	5720026.30850142	0.999996458571229	NA	NA	NA	"A large coefficient (>15 in absolute value) or small
                p-value (< 10^-10) was obtained from a feature present
                in <5% of samples. Check this is intended."	"prevalence"	205	3
