feature	Bacteroides	Unknown	Parabacteroides	Odoribacter	Escherichia-Shigella	Akkermansia	Blautia	Alistipes	[Ruminococcus]_torques_group	Faecalibacterium	[Ruminococcus]_gnavus_group	Streptococcus	Bifidobacterium	Agathobacter	Cetobacterium	Collinsella	Clostridium_sensu_stricto_1	Barnesiella	[Eubacterium]_coprostanoligenes_group	Christensenellaceae_R-7_group	Tannerellaceae	Anaerostipes	[Eubacterium]_hallii_group	UCG-002	Roseburia	Phascolarctobacterium	Ruminococcus	Incertae_Sedis	Dorea	Klebsiella	Prevotella_9	Clostridia_UCG-014	Parasutterella	Dialister	uncultured	Intestinibacter	[Ruminococcus]_gauvreauii_group	Subdoligranulum	Lactobacillus	Lachnoclostridium	Monoglobus	Lachnospira	Alloprevotella	Bilophila	Paraprevotella	Coprococcus	Eisenbergiella	Veillonella	[Eubacterium]_eligens_group	Butyricimonas	Holdemanella	UBA1819	Butyricicoccus	Desulfovibrio	[Eubacterium]_siraeum_group	Fusicatenibacter	Tyzzerella	Erysipelotrichaceae_UCG-003	Colidextribacter	Acidaminococcus	Negativibacillus	CAG-873	Frisingicoccus	[Eubacterium]_xylanophilum_group	Sutterella	Megasphaera	Erysipelatoclostridium	[Clostridium]_innocuum_group	Flavonifractor	Candidatus_Stoquefichus	Rikenellaceae_RC9_gut_group	HT002	Succiniclasticum	Turicibacter	Porphyromonas	Lachnospiraceae_ND3007_group	Faecalitalea	Clostridia_vadinBB60_group	Muribaculaceae	Hungatella	Coprobacter	[Eubacterium]_ventriosum_group	Lachnospiraceae_UCG-001	Erysipelotrichaceae	Adlercreutzia	Mogibacterium	Romboutsia	UC5-1-2E3	CAG-352	Terrisporobacter	UCG-005	Sellimonas	Lachnospiraceae_NC2004_group	Haemophilus	CAG-56	UCG-010	UCG-003	Anaerotruncus	Ligilactobacillus	Proteus	Lachnospiraceae_UCG-004	Prevotella	Gastranaerophilales	Peptococcus	Eggerthella	Family_XIII_AD3011_group	Prevotellaceae_NK3B31_group	RF39	Limosilactobacillus	Actinomyces	Izemoplasmatales	Sarcina	Fusobacterium	Victivallaceae	[Eubacterium]_nodatum_group	Senegalimassilia	[Eubacterium]_ruminantium_group	Clostridioides	Lacticaseibacillus	Weissella	Lachnospiraceae_FCS020_group	Holdemania	DTU089	Victivallis	Family_XIII_UCG-001	Coprobacillus	Ruminiclostridium	Enterococcus	Merdibacter	Hydrogenoanaerobacterium	[Eubacterium]_fissicatena_group	Sanguibacteroides	Anaerostignum	Slackia	Peptoclostridium	Catenibacterium	Granulicatella	Clostridium_sensu_stricto_13	Lactococcus	Eubacterium	Coriobacteriaceae_UCG-003	[Eubacterium]_brachy_group	Lachnospiraceae_UCG-010	Fournierella	Howardella	Prevotella_7	Oscillibacter	Cloacibacillus	Enterorhabdus	Anaerobiospirillum	Megamonas	Rothia	Gordonibacter	Oxalobacter	DTU014	[Clostridium]_methylpentosum_group	Harryflintia	Defluviitaleaceae_UCG-011	NK4A214_group	Catenibacillus	Marvinbryantia	Lachnospiraceae	Succinivibrio	Atopobium	Fenollaria	[Bacteroides]_pectinophilus_group	Anaerofustis	Enterobacter	Staphylococcus	Christensenellaceae	Paludicola	GCA-900066755	Allisonella	Prevotellaceae_UCG-001	UCG-008	Campylobacter	Dielma	Lawsonella	Paeniclostridium	Mailhella	Peptoniphilus	Rikenella	Stomatobaculum	Christensenella	Lachnospiraceae_NK4B4_group	Tuzzerella	Murimonas	Syntrophomonas	Phocea	Muribaculum	Libanicoccus	Faecalicoccus	Succinatimonas	Lachnospiraceae_UCG-003	Pediococcus	Alloscardovia	Olsenella	Solobacterium	Lachnospiraceae_UCG-002	Scardovia	Oscillospira
NW001-1	-1.24839518702515	-4.36111013191462	-4.1339665889868	NA	NA	-3.25850271474573	-4.95894243288682	-4.54390493360798	-8.4537071246364	-10.3281762425525	NA	-7.41063840274451	NA	-9.41063840274451	NA	-4.73655001155037	NA	NA	-7.15825124111023	NA	-7.4537071246364	NA	-5.79766152585376	-7.26928255349897	-10.1761731491075	-5.02642602960281	NA	-8.4537071246364	-8.79766152585376	-10.1761731491075	NA	NA	NA	-12.4981012439949	NA	-9.49810124399485	-9.25017373055127	-7.94351239231721	NA	-8.03866962535755	-9.9131387432737	NA	NA	-6.35854989159606	NA	NA	NA	NA	NA	NA	NA	NA	NA	-7.00624814766518	NA	-10.9131387432737	NA	NA	-7.26928255349897	-3.19889322560757	-9.49810124399485	NA	-11.1761731491075	NA	-6.83988976124306	NA	NA	NA	NA	NA	NA	NA	NA	NA	NA	NA	NA	NA	NA	NA	NA	NA	NA	NA	NA	NA	NA	NA	NA	NA	NA	NA	-8.97453928793784	NA	NA	NA	-8.9131387432737	-9.25017373055127	-8.10578382121609	NA	NA	NA	NA	-10.9131387432737	-11.4981012439949	NA	NA	NA	NA	NA	NA	NA	NA	NA	NA	NA	NA	NA	NA	NA	NA	NA	NA	NA	NA	NA	NA	NA	NA	NA	NA	NA	NA	NA	NA	NA	NA	NA	NA	NA	NA	NA	NA	NA	NA	-8.9131387432737	NA	NA	NA	NA	NA	NA	NA	NA	NA	NA	NA	NA	NA	NA	NA	NA	NA	NA	NA	NA	NA	NA	NA	NA	NA	NA	NA	NA	NA	NA	NA	NA	NA	NA	NA	NA	NA	NA	NA	NA	NA	NA	NA	NA	NA	NA	NA	NA	NA	NA	NA	NA	NA	NA	NA
NW001-3	-1.92529786395553	-4.07658820402634	-4.24870741888157	NA	NA	-2.48288207023321	-5.71061152319838	-5.56816725817818	-8.11660388287422	-9.85356947704043	NA	-6.71061152319838	-11.8535694770404	NA	NA	-4.79828704153924	NA	NA	-7.85356947704043	-9.11660388287422	-7.53164138215306	NA	-5.49601747242234	-6.4727476930995	-11.4385319777616	-4.42172369007503	NA	-9.73809225962049	-9.73809225962049	-9.11660388287422	NA	NA	NA	-11.4385319777616	NA	NA	-10.4385319777616	-9.63117705570398	NA	-7.63117705570398	-8.91497002170457	-10.631177055704	NA	-6.00390375012486	NA	NA	NA	NA	NA	NA	NA	NA	NA	-6.09868197487696	NA	NA	-9.11660388287422	NA	-7.13475122958448	-2.51297753788803	-11.1166038828742	NA	-8.79467578798686	NA	-7.190604464318	NA	NA	NA	NA	NA	NA	NA	NA	NA	NA	NA	NA	NA	NA	NA	NA	NA	-7.65717226423692	NA	-9.63117705570398	NA	NA	NA	NA	NA	NA	NA	-8.48433566737471	NA	NA	NA	-8.04621455498282	-8.85356947704043	-7.41616416473313	NA	NA	-10.1166038828742	NA	NA	-10.4385319777616	-11.4385319777616	NA	NA	NA	-11.8535694770404	NA	NA	NA	NA	NA	NA	NA	NA	NA	NA	NA	NA	NA	NA	NA	NA	NA	NA	NA	NA	NA	NA	NA	-9.63117705570398	NA	NA	NA	NA	NA	NA	NA	NA	NA	NA	NA	-9.97910035912428	NA	NA	NA	NA	NA	NA	NA	NA	NA	NA	NA	NA	NA	NA	NA	NA	NA	NA	NA	NA	NA	NA	NA	NA	NA	NA	NA	NA	NA	NA	NA	NA	NA	NA	NA	NA	NA	NA	NA	NA	NA	NA	NA	NA	NA	NA	NA	NA	NA	NA	NA	NA	NA	NA	NA
NW001-4	-5.89283607223547	-3.60581359229631	-9.05702470412863	NA	-8.86437962618624	-1.19018735804056	-5.20974359765827	-8.86437962618624	-8.24966978207103	-10.1639399080451	-9.40494800754894	-6.74543855346273	NA	NA	NA	-5.68945394368556	-11.8643796261862	NA	NA	-9.7769167849359	NA	-9.40494800754894	-7.15013410852012	NA	NA	NA	NA	-11.8643796261862	-7.93364228862335	-1.61971848142204	NA	NA	NA	NA	-10.0570247041286	NA	-10.1639399080451	-9.86437962618624	NA	-8.22052343641151	-11.0570247041286	NA	NA	-8.37252652985656	NA	NA	NA	NA	NA	NA	NA	-11.0570247041286	-9.34081767012923	-7.17787909900302	NA	-10.5424515312989	NA	NA	-9.7769167849359	NA	NA	NA	-11.0570247041286	NA	NA	NA	NA	NA	NA	NA	NA	NA	NA	NA	NA	NA	-10.2794171254651	NA	NA	NA	NA	NA	NA	NA	NA	NA	NA	NA	NA	NA	NA	NA	NA	NA	NA	NA	NA	NA	-4.9544865424162	NA	NA	NA	NA	NA	-10.8643796261862	NA	NA	NA	NA	NA	NA	NA	NA	NA	NA	NA	NA	NA	NA	NA	NA	-11.8643796261862	NA	NA	NA	NA	NA	NA	NA	NA	NA	NA	NA	NA	NA	NA	NA	NA	NA	NA	NA	NA	NA	NA	NA	NA	NA	NA	NA	NA	NA	-10.5424515312989	NA	NA	NA	NA	NA	NA	NA	NA	NA	NA	NA	NA	NA	NA	NA	NA	NA	NA	NA	NA	NA	NA	NA	NA	NA	NA	NA	NA	-12.8643796261862	NA	NA	NA	NA	NA	NA	NA	NA	NA	NA	NA	NA	NA	NA	NA	NA	NA	NA	NA	NA
NW002-1	NA	-3.25420247795229	-6.18198044003463	NA	-4.1503940969768	-4.62995182867556	-4.19140369392125	-4.95958801869818	-5.6020360140801	-5.42264703283997	-8.95958801869818	-3.94357570070955	-9.86005234514727	-6.74457512772733	NA	NA	NA	NA	-3.74041949823602	-6.74457512772733	-1.75257369852065	-9.12308675098106	-6.21235408907815	-8.48154072189354	NA	NA	-6.05269742308966	NA	NA	NA	NA	NA	-7.35755200461808	NA	NA	-6.69012734370495	NA	-7.5381242502599	NA	NA	-7.8362056031929	-7.02547595435464	NA	NA	NA	-9.12308675098106	-8.09451759878429	-6.11589124957686	NA	-9.06650322261469	NA	-9.37462551797702	-6.97252707440568	NA	NA	-9.18198044003463	NA	-9.06650322261469	-7.42709293787116	NA	-5.52853820143071	NA	NA	-8.72254882139733	NA	NA	-9.5190154273122	-7.21235408907815	-7.5381242502599	NA	NA	-8.86005234514727	NA	NA	NA	-7.76694294075579	NA	-10.3075113221185	-5.55748957512684	-10.3075113221185	NA	NA	-9.5190154273122	NA	NA	NA	NA	-7.37462551797702	NA	NA	NA	NA	-9.59701793931347	NA	NA	NA	NA	-9.18198044003463	NA	NA	NA	NA	NA	NA	NA	NA	NA	NA	NA	NA	NA	NA	NA	NA	NA	NA	-6.73351993921834	NA	NA	NA	NA	-10.5970179393135	NA	NA	NA	NA	NA	NA	NA	NA	NA	NA	NA	NA	NA	NA	NA	NA	NA	NA	NA	NA	NA	NA	NA	NA	-11.1819804400346	NA	NA	NA	NA	NA	NA	NA	NA	NA	NA	NA	-10.4450148458684	NA	NA	NA	NA	NA	NA	NA	NA	NA	NA	NA	NA	NA	NA	NA	NA	NA	NA	NA	NA	NA	NA	NA	NA	NA	NA	NA	NA	NA	NA	NA	NA	NA	NA	NA	NA	NA	NA	NA	NA	NA	NA
NW002-2	NA	-3.02016997240366	-7.32699117490082	NA	-4.83513807857114	-4.8298046342681	-3.74202867417966	-3.92896010092766	-5.28259705554236	-7.59002558073461	-8.82449083437163	-3.70006538107597	-7.02931062626013	-5.50256273948427	NA	NA	NA	NA	-4.74704674894629	-7.00506308001345	-2.07748262563775	-9.91195367562197	-4.79301260289847	-7.21151395748088	NA	NA	-5.99309043834738	NA	NA	NA	NA	NA	-6.82449083437163	NA	NA	-8.10459875356437	NA	-6.93467375212206	NA	NA	-8.1570661734585	-7.07906366145723	NA	NA	NA	NA	-7.21151395748088	-5.77240232322318	NA	-8.10459875356437	NA	-9.59002558073461	-8.26809748584725	NA	NA	-10.3269911749008	NA	-8.91195367562197	-6.50256273948427	NA	-6.93467375212206	NA	NA	-8.0539726804944	NA	NA	-9.91195367562197	-6.91195367562197	-7.18403322105877	NA	NA	NA	NA	NA	NA	-7.07906366145723	NA	NA	-4.72707833271369	NA	NA	NA	-10.5900255807346	NA	NA	NA	NA	-7.78267065867701	NA	NA	NA	NA	-8.1570661734585	NA	NA	NA	NA	-8.0539726804944	NA	NA	NA	NA	NA	NA	-9.91195367562197	NA	NA	NA	NA	NA	NA	NA	NA	NA	NA	NA	-6.48568892091988	NA	NA	NA	NA	-10.1045987535644	NA	NA	NA	NA	NA	NA	NA	NA	NA	NA	NA	NA	NA	NA	NA	NA	NA	NA	NA	NA	NA	NA	NA	NA	NA	NA	NA	NA	NA	NA	NA	NA	NA	NA	NA	NA	-9.74202867417966	NA	NA	NA	NA	NA	NA	NA	NA	NA	NA	NA	NA	NA	NA	NA	NA	NA	NA	NA	NA	NA	NA	NA	NA	NA	NA	NA	NA	NA	NA	NA	NA	NA	NA	NA	NA	NA	NA	NA	NA	NA	NA
NW003-1	-1.96696655406709	-3.87672862509827	-3.67149432522218	-2.34353764811534	-7.80871020166961	-4.50460910375413	-4.3842123731417	-3.38303418194442	-5.0603996339094	-6.04168737364723	NA	NA	NA	-7.41278152533848	NA	NA	NA	NA	-9.55413737458402	NA	NA	-7.51231719888939	-8.88671271367089	-8.2492827930556	-4.93079378213501	NA	-8.02689037171915	-7.94116049769326	-9.0566377151132	NA	NA	-10.319672120947	NA	-6.3842123731417	-8.99774402605963	-10.471675214392	NA	-8.99774402605963	NA	-8.64160021583436	-8.88671271367089	-8.64160021583436	NA	-6.6303729604111	NA	NA	-7.18216859719706	NA	-6.51231719888939	NA	NA	-9.11803825977734	NA	NA	NA	-8.08701136415672	NA	NA	-9.39367270239077	NA	-7.73470962022584	NA	-9.319672120947	-8.83424529377675	NA	NA	NA	-10.8342452937768	-9.47167521439204	-8.51231719888939	NA	NA	NA	NA	NA	NA	NA	-11.6416002158344	NA	NA	NA	NA	-9.64160021583436	-10.6416002158344	NA	NA	NA	-9.319672120947	-10.471675214392	NA	-8.2492827930556	-10.1821685971971	NA	NA	NA	-10.6416002158344	-7.47167521439204	-9.73470962022584	NA	NA	-8.99774402605963	NA	NA	NA	NA	NA	NA	-9.319672120947	NA	NA	-8.02689037171915	-7.71086287827147	NA	NA	NA	NA	NA	NA	NA	NA	NA	-12.0566377151132	NA	NA	NA	NA	NA	NA	NA	NA	NA	NA	NA	NA	NA	NA	NA	NA	NA	NA	NA	NA	NA	NA	NA	NA	NA	NA	NA	NA	NA	NA	NA	NA	-10.1821685971971	NA	NA	NA	NA	NA	NA	NA	NA	NA	NA	NA	NA	NA	NA	NA	NA	NA	NA	NA	-10.319672120947	NA	NA	NA	NA	NA	NA	NA	NA	NA	NA	NA	NA	NA	NA	NA	NA	NA	NA	NA	NA	NA	NA	NA	NA	NA	NA
NW003-2	-2.31162455844192	-3.88309809948676	-3.55775649437544	-2.10498204619739	-5.47172691740568	-3.84455971340861	-4.38275328758341	-3.38275328758341	-5.08168379759371	-6.78633167148719	NA	NA	NA	-6.09011241966429	NA	NA	NA	NA	-9.63068080102699	-9.3896727015232	NA	-6.79549167077266	-8.33522491750082	-9.33522491750082	-6.67225990477839	NA	-8.09011241966429	-8.56655046360728	-9.33522491750082	NA	NA	-10.1832218240558	NA	-7.17124918238969	-9.09011241966429	-11.5051499189431	NA	NA	NA	-8.25722240549955	-8.06774460663583	-8.41768707769279	NA	-6.61437898869789	NA	NA	-6.56655046360728	NA	-7.78633167148719	NA	NA	-8.7325604150462	NA	NA	NA	-8.30875270613963	-11.2827574976067	NA	-8.30875270613963	NA	-8.96082940271932	NA	-9.3896727015232	-8.96082940271932	NA	NA	NA	-11.0901124196643	-10.0901124196643	-9.44625622988956	NA	NA	NA	NA	NA	NA	NA	-11.2827574976067	NA	NA	NA	NA	NA	-11.7681843247769	-10.7681843247769	NA	NA	-8.76818432477693	NA	NA	-7.69779499688553	NA	-9.44625622988956	NA	NA	-11.5051499189431	-8.18322182405577	-9.18322182405577	NA	NA	NA	NA	NA	NA	-10.5051499189431	NA	NA	-8.92018741822198	NA	NA	NA	-6.97117134694078	NA	NA	NA	NA	NA	NA	NA	NA	-9.69779499688553	NA	NA	NA	NA	NA	NA	NA	NA	NA	NA	NA	NA	NA	NA	NA	NA	NA	NA	-12.5051499189431	NA	NA	NA	NA	NA	NA	NA	NA	NA	NA	NA	NA	NA	-12.5051499189431	NA	NA	NA	NA	NA	NA	NA	NA	NA	NA	NA	NA	NA	NA	NA	NA	NA	NA	NA	NA	NA	NA	NA	NA	NA	NA	NA	NA	NA	NA	NA	NA	NA	NA	NA	NA	NA	NA	NA	NA	NA	NA	NA	NA	NA	NA	NA
NW003-3	-3.07725643190972	-4.73338792329149	-5.11458196759854	-1.89260512887792	-6.06877827798541	-2.7615774688446	-5.99731591542879	-2.57893031754611	-4.90136013215368	-7.24859931557022	NA	NA	NA	-7.71122627336733	NA	NA	NA	NA	-8.71122627336733	-8.18613522862357	NA	-7.31389077582194	-7.52961946687738	-7.27436241163531	NA	NA	-7.00268908752764	-6.84960975752325	-8.5452163219284	NA	NA	-7.57692518165574	NA	-7.74685018309805	-9.74685018309805	-8.51418942630777	NA	NA	NA	NA	-10.8988532765431	-9.67646085520665	NA	-7.41056679523362	NA	NA	-7.64251352328331	NA	-7.41056679523362	NA	NA	-8.36833855984432	NA	NA	NA	-8.5452163219284	NA	NA	-9.5452163219284	NA	-7.4394216579058	NA	-7.36833855984432	NA	NA	NA	-11.2614233559278	-10.2614233559278	-9.5452163219284	-9.42492208821069	NA	NA	NA	NA	NA	NA	-10.2614233559278	-11.7468501830981	NA	NA	NA	NA	NA	-9.02438415862696	-8.74685018309805	NA	NA	-10.0687782779854	-9.42492208821069	NA	-6.49134944994966	-9.48381577726426	-9.21079728285784	NA	NA	-10.1618876823769	-9.42492208821069	-8.71122627336733	NA	NA	NA	NA	NA	NA	-9.42492208821069	NA	NA	NA	NA	NA	-11.7468501830981	-5.25820664324427	NA	NA	NA	NA	NA	NA	NA	NA	NA	NA	NA	NA	NA	NA	-10.7468501830981	NA	NA	NA	NA	NA	NA	NA	NA	NA	NA	NA	NA	NA	NA	-11.2614233559278	NA	NA	NA	NA	NA	NA	NA	NA	NA	NA	NA	-11.2614233559278	-9.67646085520665	NA	NA	NA	NA	NA	NA	NA	NA	NA	NA	NA	-13.0687782779854	NA	NA	NA	NA	NA	NA	NA	NA	NA	NA	NA	NA	NA	NA	NA	NA	NA	NA	NA	NA	NA	NA	NA	NA	NA	NA	NA	NA	NA	NA	NA	NA	NA	NA
NW003-4	-2.23759644019558	-4.63834971346818	-3.29152670258495	-2.58372646179284	-4.55325777668059	-3.26476664136106	-8.93445182098764	-3.10646893754331	-4.18128899929363	-7.44570463552578	NA	NA	NA	-6.10074557198308	NA	NA	NA	NA	-10.8886481313745	-8.981757535766	NA	-6.81183253432368	-8.39679503504484	-8.53109612675643	-9.7187231299322	NA	-7.67919476574556	-7.78012367459634	-8.46238337667242	NA	NA	-6.78012367459634	NA	-7.54879812848989	-9.42921651273722	NA	NA	NA	NA	NA	-11.3036856306534	NA	NA	-7.01828341179111	NA	NA	-6.32640570715344	NA	-8.60324591251226	NA	NA	-7.2592915112949	NA	NA	NA	-9.64072061793093	NA	NA	NA	NA	-7.73890101186983	NA	-7.2592915112949	NA	NA	NA	NA	NA	-8.56672003648715	-9.18820841323342	NA	NA	NA	NA	NA	NA	NA	-10.1882084132334	NA	NA	NA	NA	NA	-9.3650861753175	-10.7187231299322	NA	NA	-8.64072061793093	-8.981757535766	NA	-7.58486738319741	-9.56672003648715	NA	NA	NA	NA	-9.49633070859575	-8.84425401201606	NA	NA	NA	NA	NA	NA	NA	-9.18820841323342	NA	-6.54879812848989	NA	NA	-11.0812932093169	-6.47079561648862	NA	NA	NA	NA	NA	NA	NA	NA	NA	-11.0812932093169	NA	NA	NA	-9.24479194159979	-10.3036856306534	NA	NA	NA	NA	NA	NA	NA	NA	NA	NA	NA	NA	NA	NA	NA	NA	NA	NA	NA	NA	NA	NA	NA	NA	NA	NA	NA	-9.7187231299322	NA	NA	NA	NA	NA	NA	NA	NA	NA	NA	NA	NA	NA	NA	NA	NA	NA	NA	NA	NA	NA	NA	NA	NA	NA	NA	NA	NA	NA	NA	NA	NA	NA	NA	NA	NA	NA	NA	NA	NA	NA	NA	NA	NA	NA	NA
NW003-5	-2.00664684447296	-4.83446586909028	-3.37116931128539	-2.2326524673689	-6.02643536985298	-4.09986728946799	-7.99966846029019	-3.511592054706	-3.11128333353374	-8.10985137804061	NA	NA	NA	-5.86796278107837	NA	NA	NA	NA	-10.180240705932	-9.99966846029019	NA	-8.80172908267828	-9.56356934548352	-10.9172063000982	-6.60331552427627	NA	-8.80172908267828	-8.66086654683843	-9.18024070593201	NA	NA	-6.93738418203585	NA	-7.82034476084563	-10.6276996829032	NA	NA	NA	NA	-9.69481387876177	-10.3866915833994	-10.7652032066532	NA	-7.0103157044897	NA	NA	-6.69481387876177	NA	-6.67774036540283	NA	NA	-8.33224379937706	NA	NA	NA	-9.50216880081937	NA	NA	-10.3866915833994	NA	-7.6441878056918	NA	-7.93738418203585	-10.9172063000982	NA	NA	NA	NA	-9.22915030641296	-9.44327511176581	NA	NA	NA	NA	-11.7652032066532	NA	NA	-9.44327511176581	NA	NA	NA	NA	NA	NA	NA	NA	NA	-9.69481387876177	NA	NA	-8.15639396397764	NA	NA	NA	NA	NA	-8.08713130154053	-9.08713130154053	NA	NA	NA	NA	NA	NA	NA	-10.5021688008194	NA	-8.80172908267828	NA	NA	-9.50216880081937	-8.53254244986289	NA	NA	NA	NA	NA	NA	NA	NA	NA	-11.7652032066532	NA	NA	NA	NA	-10.6276996829032	NA	NA	NA	NA	NA	NA	NA	NA	NA	NA	NA	NA	NA	NA	NA	NA	NA	NA	NA	NA	NA	NA	NA	NA	NA	NA	NA	-9.91720630009822	NA	-11.5021688008194	-12.0871313015405	NA	NA	NA	NA	NA	NA	NA	NA	NA	NA	NA	NA	NA	NA	NA	NA	NA	NA	NA	NA	NA	NA	NA	NA	NA	NA	NA	NA	NA	NA	NA	NA	NA	NA	NA	NA	NA	NA	NA	NA	NA	NA	NA
NW005-1	-1.54062955268459	-3.54045160695006	-3.66062206527436	-9.16802997579888	-11.7182270583594	-11.3556569789746	-3.38667026227422	-5.36823504505412	-4.34567289040202	-6.32101083616776	-8.41705752363879	-8.52558198041696	-8.54830205691704	-5.55691518722175	NA	-6.09095375278023	NA	NA	-8.91087213630175	-9.43811913916662	-4.86024606323178	-6.54830205691704	-7.22180123223986	-8.69269196625222	-5.12256995684196	-5.7442222668923	-5.86737049766516	-9.35565697897465	-7.27765446697337	NA	NA	-13.525581980417	-10.3556569789746	NA	-10.2776544669734	-11.0661503617797	-5.59780401833462	-7.78411499401581	NA	-10.0661503617797	-8.31612861478801	-7.61869138480844	NA	-8.09931722571486	NA	-9.06615036177966	-10.8251422622759	NA	-6.32101083616776	-9.52558198041696	NA	-10.8251422622759	-8.9406194796958	-8.69269196625222	NA	-6.11619104427926	-10.6186913848084	NA	-7.70540301800177	NA	NA	NA	NA	-8.18573197753233	-10.3556569789746	NA	-8.2036538855296	-12.9406194796958	-8.57138567003008	NA	-10.525581980417	-11.9406194796958	NA	NA	NA	-7.36571064363857	NA	NA	-5.75409251091636	NA	NA	-7.43811913916662	-8.25879543972206	NA	-9.77069447825349	NA	NA	NA	NA	NA	NA	NA	NA	-12.9406194796958	NA	NA	-10.8251422622759	NA	NA	NA	NA	NA	NA	-9.00202002435995	-10.9406194796958	NA	NA	NA	NA	NA	NA	NA	NA	NA	-11.0661503617797	NA	NA	NA	NA	NA	NA	NA	NA	NA	NA	-11.9406194796958	NA	NA	NA	NA	NA	NA	NA	-11.3556569789746	NA	NA	NA	NA	NA	NA	NA	NA	NA	NA	NA	NA	-12.9406194796958	NA	NA	NA	NA	NA	NA	NA	NA	NA	NA	NA	NA	NA	NA	NA	NA	NA	NA	NA	NA	NA	NA	NA	NA	NA	NA	NA	NA	NA	NA	NA	NA	NA	NA	-11.525581980417	NA	NA	NA	NA	NA	NA	NA	-10.1332645576382	NA	NA	NA	NA	NA	NA	NA	NA	NA	NA	NA
NW005-2	-2.14821780804129	-3.32239228248496	-4.80758699718734	-8.24445085891936	NA	NA	-2.92428322189644	-4.47529839069426	-5.12222259950835	-5.30279484515017	NA	-6.04741401185981	-7.82064315001279	-4.68911352730748	NA	-6.28911990825309	NA	NA	-9.35407535009386	-7.12626943257105	-5.7011360555567	-6.34461502084479	-6.68313962626285	-6.14257124490015	-4.99467254978783	-6.38283434307528	-6.14257124490015	-8.60200286353744	-6.65948835819821	NA	NA	-8.84711536137398	NA	NA	-10.4320778620951	NA	-5.20539808235559	-5.00581310739303	NA	-9.51454002228711	-6.92957752156595	-9.07844090748043	NA	NA	NA	-8.43207786209513	NA	-10.2800747686501	-6.25327470930637	-9.35407535009386	NA	-9.01704036281629	-8.24445085891936	-7.35407535009386	-11.2800747686501	-6.50397078057692	-9.28007476865008	NA	-7.09420822333875	NA	NA	NA	-9.79464794147984	-7.01704036281629	-11.6020028635374	NA	-9.51454002228711	-10.7946479414798	-8.69511226792893	NA	NA	-9.35407535009386	NA	NA	NA	-8.01704036281629	NA	NA	-4.84711536137398	NA	NA	-9.60200286353744	-6.49347840675928	NA	NA	NA	NA	NA	NA	NA	NA	NA	-9.14257124490015	NA	NA	NA	-10.2800747686501	-10.4320778620951	NA	NA	NA	NA	NA	-8.24445085891936	-11.0170403628163	NA	NA	NA	NA	-10.4320778620951	NA	NA	NA	NA	NA	NA	NA	NA	NA	NA	NA	NA	NA	NA	NA	NA	NA	NA	NA	NA	NA	NA	-9.20968544075869	NA	NA	NA	NA	NA	NA	NA	NA	NA	NA	NA	NA	NA	NA	NA	NA	NA	NA	-12.6020028635374	NA	NA	NA	NA	NA	NA	NA	NA	NA	NA	NA	NA	NA	NA	NA	NA	NA	NA	NA	NA	NA	NA	NA	NA	NA	NA	NA	NA	NA	NA	NA	NA	NA	NA	NA	NA	NA	-9.60200286353744	NA	NA	NA	NA	NA	NA	NA	NA	NA	NA	NA
NW005-3	-1.73422723627164	-3.80752274559538	-4.46970474877843	-7.89969258952325	NA	NA	-3.12125035938088	-4.06680257535851	-4.96109313418739	-6.15075435369097	-8.7476894960782	-6.6773001681868	-9.7476894960782	-4.38662300728388	NA	-7.18697454160372	NA	NA	-8.82169007752198	-7.54605563490855	-5.21163659583799	-6.42576140119084	-5.84079890046968	-5.49976198263461	-6.44026097088595	-5.79349318569133	-5.59388415999916	-8.21163659583799	-7.09233766746565	NA	NA	NA	NA	NA	-9.36917787282447	NA	-4.68160030562043	-6.82169007752198	NA	-10.0696175909656	-7.09233766746565	-8.89969258952325	NA	-9.06961759096556	NA	-9.48465509024441	-9.89969258952325	NA	-6.23672757680082	-8.6773001681868	NA	NA	-9.26226266890796	-7.23672757680082	NA	-6.87979303208555	NA	NA	-8.26226266890796	NA	NA	NA	NA	-7.98215474971522	-8.26226266890796	NA	-9.48465509024441	NA	-8.98215474971522	NA	-11.0696175909656	-10.7476894960782	NA	NA	NA	-7.78421537210331	NA	NA	-6.80283105027066	NA	NA	NA	-7.02522347160711	NA	NA	NA	NA	NA	NA	NA	NA	NA	-9.16272699535704	NA	NA	NA	-10.0696175909656	NA	NA	NA	NA	NA	NA	-8.21163659583799	NA	NA	NA	NA	NA	NA	NA	NA	NA	NA	-10.262262668908	NA	NA	NA	NA	NA	NA	NA	NA	NA	NA	NA	NA	NA	NA	NA	NA	NA	-8.98215474971522	NA	NA	NA	NA	NA	NA	NA	NA	NA	NA	NA	NA	NA	-9.36917787282447	NA	NA	NA	NA	NA	-11.0696175909656	NA	NA	NA	NA	NA	NA	NA	NA	NA	NA	NA	NA	NA	NA	NA	NA	NA	NA	NA	NA	NA	NA	NA	NA	NA	NA	NA	NA	NA	NA	NA	NA	NA	NA	NA	NA	NA	NA	NA	NA	NA	NA	NA	NA	NA	NA	NA	NA
NW005-4	-2.18702130257578	-3.50947776042121	-4.41488282814057	-7.51477206009073	-7.33544836064616	NA	-3.15825535873981	-3.96742385116935	-3.36622070944098	-6.60223490134106	-7.41241034246105	-7.01727240061991	-8.14280328270377	-4.69234181757102	NA	-6.68337166406647	NA	NA	-8.43230989989875	-7.45248778183638	-5.2099174785623	-7.60223490134106	-7.2803068064537	-5.70741713803312	-5.54153896965351	-6.30761415244944	-5.76934488717632	-10.1428032827038	-6.90179518319997	NA	NA	-10.4323098998988	NA	NA	-9.2803068064537	NA	-5.94402341858927	-5.96561028079742	NA	-8.74425390621349	-6.31683268247882	-10.1428032827038	NA	-9.90179518319997	NA	-8.79487997928346	-9.43230989989875	NA	-5.98018308188469	-8.60223490134106	NA	NA	-8.60223490134106	-6.83405057656414	NA	-6.87431444677787	NA	NA	-7.12650147037467	NA	NA	NA	-9.60223490134106	-7.19284396520336	NA	NA	-8.51477206009072	-10.0172724006199	-8.17597014663897	NA	NA	NA	NA	NA	NA	-8.60223490134106	-11.2803068064537	NA	-5.35906091786811	NA	NA	-8.60223490134106	-7.17597014663897	NA	-13.6022349013411	NA	NA	NA	NA	NA	NA	NA	NA	NA	NA	NA	-9.90179518319997	NA	NA	NA	NA	NA	NA	-8.51477206009072	NA	-10.2803068064537	NA	NA	NA	NA	NA	NA	NA	NA	NA	NA	NA	NA	NA	NA	NA	NA	NA	NA	NA	NA	NA	NA	NA	NA	NA	NA	NA	NA	NA	NA	NA	NA	NA	NA	NA	NA	NA	NA	NA	NA	NA	NA	NA	NA	NA	NA	NA	NA	NA	NA	NA	NA	NA	NA	NA	NA	NA	NA	NA	NA	NA	NA	NA	NA	NA	NA	NA	NA	NA	NA	NA	NA	NA	NA	NA	NA	NA	NA	NA	NA	NA	NA	NA	NA	NA	NA	NA	NA	NA	NA	NA	NA	NA	NA	NA
NW005-5	-2.28484386726748	-3.52451963325419	-5.23549001888745	-8.01899819899068	NA	-11.6278074416662	-3.08554939189929	-4.28795743878158	-3.52347078185147	-5.36477303583241	NA	-5.02195757447123	-6.56603124407952	-5.26323500937035	NA	-4.54672351297857	NA	NA	-7.8836463460958	-7.47400210558717	-6.77981053511126	-6.85170345359304	-6.06099228765531	-5.49440831624901	-7.4578824402239	-6.16183297716214	-5.66433331769132	-8.14238061449597	-6.53188302166767	NA	NA	-9.04284494094505	NA	NA	-8.49030391791627	-12.3647730358324	-4.48212998647057	-5.39514668487593	NA	-9.24929581841248	-6.97245561305365	-12.9497355365536	NA	NA	NA	-8.27731019458207	NA	NA	-7.01899819899068	-9.94973553655357	NA	-9.77981053511126	-9.091754541426	-8.33502569243836	NA	-6.34982269436644	NA	NA	-7.39514668487593	NA	NA	NA	-10.2492958184125	-7.60988553366895	NA	NA	-7.57469610520665	-10.3647730358324	-9.04284494094505	NA	NA	-9.1948480343901	NA	NA	-12.9497355365536	-8.55741811377481	-10.0428449409451	NA	-7.07937081697017	NA	NA	-10.0428449409451	-6.8412110797754	NA	NA	NA	NA	NA	NA	NA	NA	NA	-9.77981053511126	NA	NA	NA	NA	-10.2492958184125	NA	NA	NA	NA	NA	-7.39514668487593	-9.30587934677885	-10.9497355365536	NA	NA	NA	NA	NA	NA	NA	NA	-9.62780744166621	NA	NA	NA	NA	NA	NA	NA	NA	NA	NA	NA	NA	NA	NA	NA	NA	NA	NA	-10.3647730358324	NA	NA	NA	NA	NA	NA	NA	-10.6278074416662	NA	NA	NA	NA	NA	NA	NA	NA	NA	NA	NA	NA	NA	NA	NA	NA	NA	NA	NA	NA	NA	NA	NA	NA	NA	NA	NA	NA	NA	NA	NA	NA	NA	NA	NA	NA	NA	NA	NA	NA	NA	NA	NA	NA	NA	NA	NA	NA	NA	NA	NA	NA	NA	NA	NA	NA	NA	NA	NA
NW006-1	-2.80066553073282	-3.71460069505803	-5.76160805495146	-8.23965535175611	-7.48222565503019	-4.41280425407271	-6.38404526109128	-5.33276475614759	-3.98092108335594	-8.42251940890592	-7.79908276037013	NA	NA	-7.8770852723714	NA	-4.48476784959264	NA	NA	-3.5026897575899	-3.20675687123548	-4.49242142213607	-8.27442076991678	-8.31004467964751	-6.38404526109128	-10.8246178524773	-7.95954743256337	-6.11627293625083	-6.6432880877627	-6.60960496150641	NA	-10.1725411558976	-6.45206368451993	NA	NA	-5.67777646414799	NA	-6.82461785247726	-9.63197277453487	NA	-8.67777646414799	-8.42251940890592	NA	-9.31004467964751	-10.0470102738137	-5.60960496150641	-7.32819202635777	NA	NA	NA	-8.82461785247726	-5.48222565503019	-7.44214821565485	NA	-6.68945826919563	-8.93153305639378	NA	NA	-7.01726293041966	NA	NA	NA	NA	-7.04701027381371	NA	-8.82461785247726	NA	NA	NA	-12.0470102738137	-8.72508217892635	NA	NA	NA	NA	-10.1725411558976	NA	NA	-9.10841081847786	NA	-4.58212422508431	NA	NA	-9.23965535175611	NA	NA	NA	NA	NA	NA	NA	-7.34657055567262	NA	-7.8770852723714	-12.6319727745349	NA	-6.67777646414799	NA	NA	NA	NA	NA	NA	NA	NA	-10.8246178524773	-9.23965535175611	NA	-6.09281396342684	NA	-9.04701027381371	-8.7739917794073	NA	NA	NA	NA	-7.22258183839717	NA	NA	NA	NA	NA	NA	NA	NA	NA	NA	-10.0470102738137	NA	NA	NA	-8.07738392285723	NA	NA	NA	NA	NA	NA	NA	NA	NA	-7.10841081847786	NA	NA	-13.6319727745349	NA	NA	NA	NA	-7.95954743256337	NA	NA	NA	NA	NA	NA	NA	NA	NA	NA	NA	NA	-10.8246178524773	NA	NA	NA	NA	NA	NA	NA	NA	NA	NA	NA	NA	NA	NA	NA	NA	NA	-9.17254115589757	NA	NA	NA	NA	NA	NA	NA	NA	NA	NA	NA	NA	NA	NA	NA	NA	NA	NA	NA	NA	NA
NW006-2	-5.09655704225857	-2.92903853852335	-6.78621692164642	-10.9330583099757	-8.53095986640434	-10.9330583099757	-4.72360494434674	-6.66359763498246	-4.9755416412972	-3.8777758744745	NA	NA	NA	-3.767433445967	NA	-4.16298440399754	-9.74041323203329	NA	-3.55553788912501	-4.38726640653521	NA	-8.01249277747009	-5.36103486496203	-6.13308291828368	-8.74041323203329	-6.97222890725637	-6.64238114907277	-6.16298440399754	-5.38726640653521	NA	-4.37846945829805	NA	NA	NA	-5.27688885876211	NA	-5.99894624563215	-5.51641155783519	NA	NA	-6.57048823059098	-7.98552572986983	-6.74041323203329	-9.41848513714593	-8.61113021508833	-5.24455820514612	NA	NA	-9.49248571858971	-10.9330583099757	-4.61113021508833	NA	-7.14050038984617	-6.22471339374925	-7.61113021508833	-8.34809580925453	NA	-6.79789872669405	-10.7404132320333	NA	-10.570488230591	NA	-8.21685127597628	-10.0399735138922	-10.4184851371459	NA	NA	NA	NA	-8.83352263642477	NA	NA	NA	-11.7404132320333	NA	-7.78621692164642	NA	NA	-8.45501101317105	NA	-9.41848513714593	NA	-8.0399735138922	NA	NA	NA	NA	NA	NA	NA	-7.09655704225857	NA	-8.49248571858971	-11.1554507313121	NA	-7.67432404157552	-10.4184851371459	NA	NA	NA	NA	NA	NA	-10.4184851371459	NA	-9.0399735138922	NA	-7.21685127597628	NA	NA	-11.4184851371459	NA	NA	NA	NA	-7.55058867315328	-10.1554507313121	NA	NA	NA	-11.7404132320333	NA	-10.1554507313121	NA	NA	NA	NA	NA	NA	NA	-8.53095986640434	NA	NA	NA	NA	NA	NA	NA	-12.1554507313121	NA	-7.2326185918346	-10.9330583099757	NA	NA	NA	NA	NA	NA	-8.88243223690572	NA	NA	NA	NA	NA	NA	NA	NA	NA	NA	NA	NA	NA	NA	NA	NA	-9.57048823059098	NA	NA	NA	NA	NA	NA	NA	NA	NA	NA	NA	NA	NA	-9.83352263642477	NA	NA	NA	NA	NA	NA	NA	NA	NA	NA	NA	NA	NA	NA	NA	NA	NA	NA	NA	NA	NA
NW006-3	-3.56526955400807	-3.48421775148532	-7.40747830820161	-9.20189417455172	-5.26231496023703	-6.02198508453678	-4.88222205360472	-5.92576976927748	-5.32537722798672	-6.89811342637462	-7.95396666110813	NA	-8.58718433043651	-8.42053446102706	NA	-3.45286279251152	-11.8799660796644	NA	-2.92112340442112	-3.20542068581849	-8.15750005519327	-6.36900416038698	-6.43370984977479	-5.41399161516029	NA	-8.47397371998852	-6.60198133236459	-5.76726594691499	-5.5544357480968	NA	-9.95396666110813	-6.86204417166709	NA	NA	-4.98757505375095	NA	-6.17952636152326	-7.91649195568947	NA	NA	-7.2246142510518	-11.2018941745517	-8.87996607966436	-8.24769786416484	-9.80957675177296	-7.00222182971535	NA	NA	-10.6169316738306	-9.50145445641063	-4.4876486568856	-9.39453925249411	-8.95396666110813	-6.60943713728364	-8.61693167383056	-8.13580498409395	NA	-7.20189417455172	-9.2950035789432	NA	-11.2018941745517	NA	-7.2950035789432	-8.67833221849471	-10.2018941745517	NA	NA	-9.24769786416484	NA	-8.2246142510518	NA	NA	NA	NA	-10.8799660796644	-9.44700667238825	NA	-8.05214705504704	NA	-8.71004107822204	-9.87996607966436	NA	-10.6169316738306	NA	NA	NA	NA	NA	NA	NA	-7.5153936473685	NA	-7.16847117301427	NA	NA	-6.52946883258022	NA	NA	NA	NA	NA	-10.5014544564106	NA	NA	NA	-8.36900416038698	NA	-9.2950035789432	NA	-10.5014544564106	-8.77562941984962	NA	NA	NA	NA	-6.74246255591442	-10.3945392524941	NA	-10.2018941745517	NA	-11.2018941745517	NA	-9.34391317942415	NA	NA	NA	-9.20189417455172	NA	NA	-10.7424625559144	-7.42053446102706	-11.8799660796644	NA	NA	NA	NA	NA	NA	NA	NA	-6.8355719603059	-10.5014544564106	NA	NA	NA	NA	NA	NA	-8.13580498409395	NA	NA	NA	NA	-11.3945392524941	NA	NA	NA	NA	NA	NA	NA	NA	NA	NA	NA	NA	NA	NA	NA	NA	NA	NA	NA	-10.8799660796644	NA	NA	NA	NA	NA	-9.2950035789432	NA	NA	NA	NA	NA	NA	NA	NA	NA	NA	NA	NA	NA	NA	NA	NA	NA	NA	NA	NA	NA
NW007-1	-0.79943455835802	-4.17774065485866	-5.15863183191095	NA	-9.05292239073984	NA	-8.21893234217877	-5.39657525678192	-6.90405900482536	-9.48902150554651	NA	NA	-2.84686360324381	-9.57648434679685	NA	NA	NA	NA	NA	NA	-7.15021959209475	-9.18416692401809	-5.43182610396497	NA	NA	-5.30035994152261	NA	NA	NA	NA	NA	NA	-4.95443252734048	-7.66959375118833	NA	-8.25455625190949	NA	NA	NA	-9.40655934535454	-10.7691294247392	NA	NA	-7.62228803640998	NA	NA	NA	NA	-9.66959375118833	NA	NA	NA	NA	NA	NA	-9.9915218460757	NA	-11.2545562519095	NA	NA	NA	NA	NA	NA	NA	-4.39160900388857	NA	NA	-9.32855683335327	NA	NA	NA	NA	NA	NA	NA	NA	NA	NA	-10.1170527281596	NA	NA	NA	NA	NA	NA	NA	NA	NA	NA	NA	NA	-9.48902150554651	NA	NA	NA	NA	NA	NA	NA	-8.18416692401809	NA	NA	NA	-10.4065593453545	NA	NA	NA	NA	NA	NA	NA	NA	NA	NA	NA	NA	NA	NA	NA	NA	NA	NA	NA	NA	NA	NA	NA	NA	NA	NA	NA	NA	NA	NA	NA	NA	NA	NA	NA	NA	NA	NA	NA	NA	NA	NA	NA	NA	NA	NA	NA	NA	NA	NA	NA	NA	NA	NA	NA	NA	NA	NA	NA	NA	NA	NA	NA	NA	NA	NA	NA	NA	NA	NA	NA	NA	NA	NA	NA	NA	NA	NA	NA	NA	NA	NA	NA	NA	NA	NA	NA	NA	NA	NA	NA	NA	NA	NA	NA	NA
NW007-2	-1.72306731122559	-2.9895867109067	-5.70999740475923	NA	-9.34420342450023	NA	-5.54546163274734	NA	-5.82587811680937	-6.51977498908369	NA	NA	-2.485704312994	-6.60723783033403	NA	NA	NA	NA	NA	NA	-9.28530973544667	-5.95188600172147	-4.43731282889172	NA	-11.3442034245002	-5.95762237127062	-8.75924092377908	NA	-8.14780621169673	NA	NA	NA	-3.33764357865066	-6.1089869628062	NA	NA	NA	NA	NA	NA	-8.40560396916438	NA	NA	-7.55412649387447	NA	NA	NA	NA	-6.85235032817056	NA	NA	NA	-9.34420342450023	NA	NA	-8.2567405832499	NA	-9.92916592522139	NA	NA	NA	NA	NA	NA	NA	-4.82325741665023	NA	NA	-7.77941880571671	NA	NA	NA	NA	NA	NA	-8.50290117051929	NA	NA	NA	NA	NA	NA	-8.43731282889171	NA	NA	NA	NA	NA	NA	NA	NA	NA	NA	-11.3442034245002	NA	NA	-6.62538517704429	NA	NA	NA	-6.22180679314051	NA	-9.84170308397105	NA	-8.14780621169673	NA	NA	NA	NA	NA	NA	NA	NA	NA	NA	NA	NA	NA	NA	NA	NA	NA	NA	NA	NA	NA	NA	NA	NA	NA	NA	NA	NA	NA	NA	NA	NA	NA	NA	NA	NA	NA	NA	NA	NA	-6.02227532961287	NA	NA	NA	NA	NA	NA	NA	NA	NA	NA	NA	NA	NA	NA	NA	NA	NA	NA	NA	NA	NA	NA	NA	NA	NA	NA	NA	NA	NA	NA	NA	NA	NA	NA	NA	NA	NA	NA	NA	NA	NA	NA	NA	NA	NA	NA	NA	NA	NA	NA	NA	NA	NA	NA	NA
NW007-4	-1.32328564168292	-5.24115887496935	-3.7688252293591	NA	NA	NA	-4.9022243547763	-3.81901098652732	-5.01958130541446	-4.46260121721919	NA	NA	-2.69082271735783	-5.28163794432442	NA	NA	NA	NA	NA	NA	-5.4759596000742	-7.4692649475002	-5.67725798977603	NA	NA	-6.49623199510047	-7.86660044504558	-9.63918994894251	NA	NA	NA	NA	-5.44936539006249	-8.63918994894251	NA	-7.55172710769217	NA	NA	-8.58029625988894	NA	NA	-9.52371273152257	NA	-8.0948694327187	NA	NA	NA	NA	-6.45596812488674	NA	NA	-9.9022243547763	NA	NA	NA	NA	NA	-9.9022243547763	NA	NA	NA	NA	NA	NA	NA	-8.17975833030521	NA	NA	-7.01469908403471	NA	NA	NA	NA	NA	NA	NA	NA	NA	NA	-8.36617145453609	NA	NA	NA	NA	NA	NA	NA	NA	NA	NA	NA	NA	NA	NA	NA	NA	-8.9022243547763	NA	NA	NA	-10.6391899489425	NA	NA	NA	-8.97622493622008	NA	NA	NA	NA	NA	NA	NA	NA	NA	NA	NA	-7.79788769496157	NA	NA	NA	NA	NA	NA	NA	NA	NA	NA	NA	NA	NA	NA	NA	NA	NA	NA	NA	NA	NA	NA	NA	NA	NA	NA	NA	NA	NA	NA	NA	NA	NA	NA	NA	NA	NA	NA	NA	NA	NA	NA	NA	NA	NA	NA	NA	NA	NA	NA	NA	NA	NA	NA	NA	NA	NA	NA	NA	NA	NA	NA	NA	NA	NA	NA	NA	NA	NA	NA	NA	NA	NA	NA	NA	NA	NA	NA	NA	NA	NA	NA	NA	NA
NW007-5	-1.95374188757455	-4.62792891581575	NA	NA	NA	NA	-5.15416897741421	NA	-4.20116645695138	NA	NA	-9.38067750722289	-1.76803012956457	-8.46994484531997	NA	NA	NA	NA	NA	NA	NA	-6.76714585430496	-3.84711415900837	NA	NA	NA	NA	NA	-9.63221627421885	NA	NA	NA	-3.04582323789125	NA	-9.77660618355402	NA	NA	NA	-3.27382671077266	NA	NA	NA	NA	NA	NA	NA	NA	NA	NA	NA	NA	NA	-7.98013957763916	NA	NA	-11.0245336969976	NA	NA	NA	NA	NA	NA	NA	NA	NA	NA	NA	NA	-8.07033738661073	NA	NA	NA	NA	NA	NA	NA	NA	NA	NA	NA	NA	NA	NA	NA	NA	NA	NA	NA	NA	NA	NA	NA	NA	NA	NA	NA	NA	NA	NA	NA	-8.77660618355402	NA	NA	NA	NA	NA	NA	NA	-8.4098238528824	NA	NA	NA	NA	NA	NA	NA	NA	NA	-9.21717877494001	NA	-11.21717877494	NA	NA	NA	NA	NA	NA	NA	NA	NA	NA	NA	NA	NA	NA	NA	NA	NA	NA	NA	NA	NA	NA	NA	NA	NA	NA	NA	NA	NA	NA	NA	NA	NA	NA	NA	NA	NA	NA	NA	NA	NA	NA	NA	NA	NA	NA	NA	NA	NA	NA	NA	NA	NA	NA	NA	NA	NA	NA	NA	NA	NA	NA	NA	NA	NA	NA	NA	NA	NA	NA	NA	NA	NA	NA	NA	NA	NA	NA	NA	NA
NW007-6	-3.23499640878107	-5.80901407530634	-9.71246558694809	NA	NA	NA	-6.10196799411979	-9.8193807908646	-3.6587336030103	-10.5198205090057	NA	-9.66183951387812	-2.82589802092468	-9.76493300684222	NA	NA	-12.5198205090057	NA	NA	NA	-7.61292991339717	NA	-7.5540362243436	NA	NA	NA	NA	NA	-8.68693049484095	NA	NA	NA	-10.6129299133972	NA	-7.62500274569775	-10.8193807908646	NA	NA	-0.746784355612298	NA	NA	NA	NA	-8.79190005444249	NA	NA	NA	-12.5198205090057	NA	NA	NA	-13.5198205090057	-8.63717745964385	NA	NA	NA	NA	-12.1978924141183	NA	NA	NA	NA	NA	NA	NA	NA	NA	NA	-8.66183951387812	NA	NA	NA	NA	NA	NA	NA	NA	NA	NA	NA	NA	NA	NA	NA	NA	NA	NA	NA	NA	NA	NA	NA	NA	NA	NA	NA	NA	NA	NA	NA	NA	NA	NA	NA	-8.61292991339717	NA	NA	NA	-6.93485800828454	-9.19789241411833	NA	NA	NA	NA	NA	NA	NA	NA	-12.9348580082845	NA	NA	NA	NA	NA	NA	NA	NA	-11.5198205090057	NA	NA	NA	NA	NA	NA	NA	NA	NA	NA	NA	NA	NA	NA	NA	NA	NA	NA	NA	NA	NA	NA	NA	NA	NA	NA	NA	NA	NA	NA	NA	NA	NA	NA	NA	NA	NA	NA	NA	NA	NA	NA	NA	NA	NA	NA	NA	NA	NA	NA	NA	NA	NA	NA	NA	NA	NA	NA	NA	NA	NA	NA	NA	NA	NA	NA	NA	NA	NA	NA	NA	NA	NA
NW008-1	-2.80572904467941	-3.3831282513241	-6.47862841163986	-8.15508926684651	-5.40402347563545	NA	-2.25637992156914	-4.96526470796649	-4.20422097417739	-4.70977875645386	-8.03170685134123	-9.57012676612535	-4.69800158867751	-6.21425133931465	NA	-3.9981033211117	-11.377481688183	NA	-5.96809075204526	-8.12955417473937	NA	-7.60489218428603	-6.07980113954227	-8.91805006954566	-6.85391973212595	NA	-8.31858799912939	-7.2759436617209	-6.09207946932071	NA	-5.43496718284372	NA	NA	-5.26895723140479	-10.377481688183	-6.18765712930294	-7.58740475755719	-7.34773434478891	NA	-9.50301257026682	-8.53617943420202	NA	NA	-9.00824787851724	NA	-6.88562859185328	NA	NA	NA	NA	NA	-6.70505634621146	-6.30423270615232	NA	NA	NA	NA	NA	NA	NA	NA	NA	NA	NA	NA	NA	-10.6405160940168	-9.64051609401675	NA	NA	NA	NA	-4.48468592246023	NA	NA	NA	-6.87498134765377	NA	NA	NA	NA	-7.45464954870542	-10.9624441889041	NA	-8.64051609401675	NA	NA	NA	NA	NA	NA	NA	NA	NA	NA	NA	NA	-9.31858799912939	NA	NA	NA	NA	NA	NA	-9.57012676612535	-9.50301257026682	NA	NA	NA	NA	NA	NA	NA	NA	-8.60489218428603	NA	NA	NA	NA	NA	NA	NA	-9.7925191874618	NA	NA	-9.57012676612535	NA	NA	NA	NA	NA	NA	NA	-6.65866344072701	NA	NA	NA	NA	NA	NA	NA	NA	NA	NA	NA	NA	NA	NA	NA	NA	NA	NA	NA	NA	NA	NA	NA	NA	NA	NA	NA	NA	NA	NA	NA	NA	NA	NA	NA	NA	NA	NA	NA	NA	NA	NA	NA	NA	NA	NA	NA	NA	NA	NA	NA	NA	NA	NA	NA	NA	NA	NA	NA	NA	NA	NA	NA	NA	NA	NA	NA
NW010-1	-1.57355857997704	-1.86009581497521	-6.84233696834564	NA	-3.95979797575047	NA	-4.61819157590544	-6.61556610649861	-6.55394698823495	NA	-6.05351799772546	-4.97738692850949	-10.911498992853	NA	NA	NA	-9.01841419676954	NA	-11.2594222962733	NA	NA	NA	-7.1796951038026	NA	-9.67445979555218	NA	NA	-12.7188539149106	NA	-4.1235964334616	NA	NA	NA	NA	-8.61032945813247	NA	-6.44739088700626	NA	NA	-4.27902303092924	NA	NA	NA	-7.25124836482764	-4.67993492561833	NA	NA	-6.36570708941255	NA	NA	NA	NA	NA	NA	NA	NA	-10.911498992853	NA	-7.57930256251184	NA	NA	NA	NA	NA	NA	NA	-7.84848919532723	-9.50940054928169	NA	-11.2594222962733	NA	NA	NA	-9.36130191029255	NA	NA	NA	NA	NA	NA	NA	NA	NA	NA	NA	NA	NA	NA	NA	NA	NA	NA	NA	NA	NA	NA	NA	NA	NA	NA	NA	NA	NA	NA	NA	NA	NA	NA	NA	NA	NA	NA	-12.1338914141895	NA	NA	NA	NA	NA	-11.5489289134683	NA	NA	NA	NA	NA	NA	NA	NA	NA	NA	NA	NA	NA	NA	NA	NA	NA	-11.7188539149106	NA	NA	NA	NA	NA	NA	NA	NA	NA	NA	NA	NA	NA	NA	-10.5489289134683	NA	NA	NA	NA	NA	NA	NA	NA	NA	NA	NA	NA	NA	NA	NA	NA	-10.7188539149106	NA	NA	NA	NA	NA	NA	NA	NA	NA	NA	NA	NA	NA	NA	NA	NA	NA	NA	NA	NA	NA	NA	NA	NA	NA	NA	NA	NA	NA	NA	NA	NA
NW010-2	-1.22802010486493	-4.38591255081235	-4.11372067365246	NA	NA	-3.4309433818647	-4.82836933901703	-5.07263776768441	-7.97567603779733	-10.0345697268509	NA	-7.29760413268469	NA	-7.55344303711428	NA	-4.41985988273569	NA	NA	-7.39071353707617	-11.2976041326847	-7.24449279622513	NA	-5.86464472540858	-7.14379879660565	-7.94710688560056	-4.96489619904408	NA	-8.19326747286995	-9.0345697268509	-10.6195322275721	NA	NA	NA	NA	NA	-9.37160471412847	-9.61953222757205	-8.66533591718518	NA	-8.29760413268469	NA	NA	NA	-6.50059115484854	NA	NA	NA	NA	NA	NA	NA	NA	NA	-7.22721480479329	NA	NA	-9.22721480479329	NA	-6.99017560749244	-3.1724490013624	-10.1601006089348	NA	-9.71264163196353	NA	-7.81217730551445	NA	NA	NA	-10.4496072261297	NA	NA	NA	NA	NA	NA	NA	NA	NA	NA	NA	NA	NA	NA	NA	-11.0345697268509	NA	NA	NA	NA	NA	NA	NA	-9.0345697268509	NA	NA	NA	-9.29760413268469	-9.71264163196353	-8.61953222757205	NA	NA	NA	NA	NA	-10.4496072261297	-11.0345697268509	NA	NA	NA	NA	NA	NA	NA	NA	NA	NA	NA	NA	NA	NA	NA	NA	NA	NA	NA	NA	NA	NA	NA	NA	NA	NA	-8.81217730551445	-8.97567603779733	NA	NA	NA	NA	NA	NA	NA	NA	NA	NA	NA	-11.2976041326847	NA	NA	NA	NA	NA	NA	NA	NA	NA	NA	NA	NA	NA	NA	NA	NA	NA	NA	NA	NA	NA	NA	NA	NA	NA	NA	NA	NA	NA	NA	NA	NA	NA	NA	NA	NA	NA	NA	NA	NA	NA	NA	NA	NA	NA	NA	NA	NA	NA	NA	NA	NA	NA	NA	NA
NW010-4	-6.84909854455578	-1.39518594091188	-11.8148828292179	NA	-2.96782548312653	NA	-5.3760909766396	-8.0335231156932	-5.97567904112092	NA	-8.0335231156932	-4.90498974544782	-10.2299203284967	NA	NA	NA	-9.17102663944314	NA	NA	NA	NA	NA	-11.4929547343305	NA	NA	NA	NA	NA	NA	-4.61766613610781	NA	NA	NA	NA	-7.45733082459978	-4.26413604383462	-7.83760290571795	NA	NA	-3.93223977985602	NA	NA	NA	-6.83760290571795	-8.35545121058056	NA	NA	-2.49521070827087	NA	NA	NA	NA	-11.0075279071603	NA	NA	NA	-8.81488282921786	NA	-7.00752790716026	NA	NA	NA	NA	NA	NA	NA	-8.95690183409029	-8.72741998796752	-9.22992032849671	NA	NA	NA	NA	-6.65501149243947	NA	NA	NA	NA	NA	NA	NA	NA	NA	NA	NA	NA	NA	NA	NA	-7.54809628852296	NA	NA	NA	NA	NA	NA	NA	NA	NA	NA	NA	NA	NA	NA	NA	NA	NA	NA	NA	-9.05999532705439	NA	NA	NA	NA	NA	NA	NA	NA	-7.95690183409029	NA	NA	NA	NA	NA	NA	NA	NA	NA	NA	NA	NA	NA	NA	NA	NA	NA	NA	NA	NA	NA	NA	NA	NA	NA	NA	NA	NA	NA	NA	NA	NA	NA	NA	NA	NA	NA	NA	NA	NA	NA	NA	NA	NA	NA	NA	NA	NA	-7.98199281505312	NA	NA	NA	NA	NA	NA	NA	NA	NA	NA	NA	NA	NA	NA	NA	NA	NA	NA	NA	NA	NA	NA	NA	NA	NA	NA	NA	NA	NA	NA	NA	NA	NA
NW010-5	-9.14626719657585	-1.39243468169221	NA	NA	-3.36490748305119	NA	-3.91643644357554	NA	-4.86671770395903	NA	-5.24953646718755	-6.6260103852425	-7.39419471001943	NA	NA	NA	NA	NA	NA	NA	NA	NA	-5.17987558921866	NA	NA	NA	NA	NA	NA	-5.27007339819024	NA	NA	NA	NA	-8.07226661513207	NA	-6.05434470713481	NA	NA	-5.97634219513353	NA	NA	NA	-8.69375499187834	-10.2242697085771	NA	NA	-2.04380796770659	NA	NA	NA	-10.5868397879618	-9.80923220929827	NA	NA	NA	NA	NA	-7.16537601952355	NA	NA	NA	NA	NA	NA	NA	-5.64600186042997	-7.24444759051475	NA	NA	NA	NA	NA	-9.93476309138213	NA	NA	NA	NA	NA	NA	NA	NA	NA	NA	NA	NA	NA	NA	NA	NA	NA	NA	NA	NA	NA	NA	NA	NA	-9.58683978796183	NA	NA	NA	NA	NA	-9.48730411441091	NA	NA	NA	NA	NA	NA	NA	NA	NA	NA	NA	NA	NA	-7.90234161368976	NA	NA	NA	NA	NA	NA	NA	NA	NA	NA	NA	NA	NA	NA	NA	NA	NA	NA	NA	NA	NA	NA	NA	NA	NA	NA	NA	NA	NA	NA	NA	NA	-11.8092322092983	NA	NA	NA	NA	NA	NA	NA	NA	NA	NA	NA	NA	NA	NA	NA	NA	NA	NA	NA	NA	NA	NA	NA	NA	NA	NA	NA	NA	NA	NA	NA	NA	NA	NA	NA	NA	NA	NA	NA	NA	NA	NA	NA	NA	NA	NA	NA	NA	NA
NW011-1	-1.69829690434432	-2.8004481137033	-6.44110660351897	NA	-11.0638240262355	NA	-6.07204453304052	-5.10329546702496	-8.61636504926433	-3.76503243014612	NA	-7.4898326433354	-5.45716645441507	-4.13847189477949	NA	NA	-4.40042765006518	NA	-5.2355432653234	-8.45716645441507	NA	-8.33343108599283	-7.59251830730996	-6.78854602464701	-4.91407690673087	NA	-6.28008166139989	-8.03140254854317	-6.58074113953361	NA	NA	NA	-6.13955135239879	-7.04752221390645	-9.71590072281524	-5.33096283040208	-9.99969368881583	-6.79533519030965	-8.3138022792439	-10.8228159267318	-6.65289092528944	-7.08862741723612	NA	NA	NA	-6.9458268168371	NA	-5.63147194165454	-8.43579280362251	NA	NA	NA	-7.21947489669574	NA	NA	-8.54597572137293	NA	-9.2378534260106	-10.9382931441517	NA	-9.87939945509812	NA	NA	-9.76836814270938	NA	-7.76836814270938	-10.3533306434305	NA	-11.7159007228152	NA	NA	-8.03140254854317	NA	-10.2013275499855	NA	-9.61636504926433	-11.2013275499855	NA	NA	NA	NA	-7.30408712441068	-8.43579280362251	NA	-7.56905933448597	NA	NA	NA	NA	-7.24713123959861	-10.2013275499855	NA	-9.76836814270938	-9.2378534260106	-8.99969368881583	NA	-10.4357928036225	NA	NA	NA	-8.13093822209409	NA	NA	NA	-10.3533306434305	-11.3533306434305	NA	NA	-8.76836814270938	NA	NA	NA	-12.5232556448728	NA	NA	NA	NA	NA	NA	NA	-8.71590072281524	-11.5232556448728	NA	NA	-10.8228159267318	NA	NA	NA	NA	NA	NA	NA	NA	NA	NA	NA	NA	NA	-9.16570364025476	NA	NA	NA	NA	NA	NA	NA	NA	NA	NA	NA	NA	NA	-11.7159007228152	NA	NA	-9.66527464974527	NA	NA	NA	NA	NA	NA	NA	NA	NA	NA	NA	NA	NA	NA	NA	NA	NA	NA	NA	NA	NA	NA	NA	NA	NA	NA	NA	NA	NA	NA	NA	NA	NA	NA	NA	NA	NA	NA	NA	NA	NA	NA	NA	NA	NA
NW011-2	-1.54013693103523	-2.97626918991103	-6.76958963386427	NA	-11.8623467747841	-8.65289340915518	-5.77753838697976	-4.95846492904795	-7.50479477016604	-3.6203636250898	NA	-9.05499185272652	-5.57925842176012	-4.50589480456237	NA	NA	-5.24579793100514	NA	-5.75643826621297	-9.00436577965655	NA	-9.13442632022093	-7.71259965527944	-6.7590589663721	-4.82205705375841	NA	-6.02629641972606	-8.54041867989676	-7.22572215424048	NA	NA	NA	-7.18992143281263	-6.00125986878873	-9.86234677478413	-5.74340570206062	-9.73306375783916	-6.20771074625616	-9.16190705664303	-10.0549918527265	-6.55856602660702	-5.97970372542228	NA	-12.0549918527265	NA	-7.10079554233965	NA	-6.40291515614683	-6.50919994928604	NA	NA	NA	-6.63352808428824	NA	NA	-7.49602456053831	NA	-9.81795265542567	NA	NA	-8.95545617917561	NA	NA	-8.32318796367609	NA	-7.32318796367609	-10.277384274063	NA	-9.2184905850094	NA	NA	-9.95545617917561	NA	-9.81795265542567	NA	-7.30775792310649	-9.90815046439725	NA	NA	NA	NA	-8.50479477016604	-8.08098706125947	NA	-9.43608202008203	NA	-9.73306375783916	NA	NA	-7.37049367845445	-10.6924217733418	NA	-9.33878481872711	-7.5224967718995	-8.148101257118	NA	-10.4029151561468	NA	NA	NA	-8.71259965527944	NA	NA	NA	NA	NA	NA	NA	-10.0549918527265	NA	NA	NA	NA	NA	NA	NA	NA	NA	NA	NA	-8.97970372542228	-11.5404186798968	-12.0549918527265	NA	-10.6924217733418	NA	NA	NA	NA	NA	NA	NA	NA	NA	NA	NA	NA	NA	NA	NA	NA	NA	NA	NA	NA	NA	NA	NA	NA	NA	NA	NA	-11.5404186798968	NA	NA	-11.6924217733418	NA	NA	NA	NA	NA	NA	NA	NA	NA	NA	NA	NA	NA	NA	NA	NA	NA	NA	NA	NA	NA	NA	NA	NA	NA	NA	NA	NA	NA	NA	NA	NA	NA	NA	NA	NA	NA	NA	NA	NA	NA	NA	NA	NA	NA
NW011-4	-1.14635686683372	-3.58470406900692	-5.27914826323433	NA	-10.2766414076238	-5.54569960108532	-5.44938692812845	-4.31857208808967	-6.42419859603761	-4.2753896114143	NA	-7.03717547292837	-4.57620168948266	-5.5099284700635	NA	NA	-7.42419859603761	NA	-6.03717547292837	-8.17977986837117	NA	-7.67838208428914	-6.1291537953012	-7.16116419020382	-5.90353458881083	NA	NA	-7.53967581345755	-7.07152697771914	-7.95471331273639	NA	NA	-7.67838208428914	-6.43533915364281	-8.63921148700846	-6.4750228551153	-10.2766414076238	-7.95471331273639	-8.19863889562248	NA	-8.35910356781573	-7.00362291321734	NA	-7.86160390834491	NA	-7.34853432610554	NA	-7.92300445300905	-9.08901440444798	NA	NA	-12.4465664090661	-9.27664140762375	NA	NA	-8.23711304343712	-10.2766414076238	-10.2766414076238	-11.6392114870085	NA	-7.39128397356488	NA	NA	-11.1246383141787	NA	-5.72546722035888	-8.80271021929134	NA	-11.2766414076238	NA	NA	-8.80271021929134	NA	NA	-12.1246383141787	NA	-9.63921148700846	NA	NA	-8.66520669554141	NA	-9.35910356781573	-10.1246383141787	NA	-8.89197755738843	NA	NA	NA	NA	-9.98713479042877	-9.40217228970761	NA	-9.19863889562248	NA	-9.23711304343712	NA	NA	NA	NA	NA	NA	NA	NA	NA	-11.1246383141787	-11.2766414076238	NA	NA	-8.71864595450287	NA	NA	NA	NA	NA	NA	NA	NA	NA	-11.2766414076238	NA	-9.98713479042877	-10.8616039083449	NA	NA	-10.9871347904288	-10.6392114870085	NA	NA	NA	NA	NA	NA	NA	NA	NA	NA	NA	NA	NA	NA	NA	NA	NA	NA	NA	NA	NA	NA	NA	NA	NA	NA	-10.8616039083449	NA	NA	NA	NA	NA	NA	NA	NA	NA	NA	NA	NA	NA	NA	NA	NA	NA	NA	NA	NA	NA	NA	-11.6392114870085	NA	NA	NA	NA	NA	NA	NA	NA	NA	NA	NA	NA	NA	NA	NA	NA	NA	-10.5396758134575	NA	NA	NA	NA	NA	NA	NA
NW011-5	-1.39027385643277	-3.51381703084012	-6.18406471950625	NA	-11.42507281901	-9.24064824787261	-6.51381703084012	-5.28087809266115	-7.84011031828888	-4.36192290639251	NA	-6.24787981710369	-3.18449828676447	-6.20150985396566	NA	NA	-5.36094248159032	NA	-5.48576074570914	-8.97761384203882	NA	-7.73475731814266	-6.84558544835504	-7.47511350150964	-5.87327718222408	NA	-10.3609424815903	-8.84011031828888	-6.64133045417439	NA	NA	NA	-4.96564120037274	-8.49218701486858	-11.42507281901	-7.02031829299306	-11.2995419369262	-8.25514781756773	-6.77076227159815	-11.42507281901	-8.28459159546021	-6.31085725015402	NA	NA	NA	-6.77597998086917	NA	-5.63420601974101	-9.3299155859697	NA	NA	NA	-6.31085725015402	NA	NA	-8.01413971806393	NA	-8.75522142070237	-11.714579436205	NA	-7.48362500136515	NA	NA	-10.0771495155897	NA	-6.21207909567584	-9.15658398308414	NA	-9.56257634275998	NA	NA	-7.40068866038308	NA	NA	NA	-11.1840647195062	-10.4921870148686	NA	NA	NA	NA	-8.56257634275998	-8.49218701486858	NA	-8.81841524718956	NA	NA	NA	NA	-9.15658398308414	NA	NA	-10.1840647195062	-7.27717412389773	-9.29954193692618	NA	-7.87327718222408	-12.56257634276	NA	NA	-8.0516144234826	NA	NA	-11.0771495155897	-10.1840647195062	-11.56257634276	NA	NA	-8.40877100668094	-11.42507281901	NA	NA	-11.714579436205	NA	NA	NA	NA	NA	-9.02652344251977	NA	-10.2995419369262	-10.2406482478726	NA	NA	NA	-11.8845044376473	NA	NA	NA	NA	NA	NA	NA	NA	NA	NA	-10.2995419369262	NA	-9.21207909567584	NA	NA	NA	NA	NA	NA	NA	NA	NA	NA	NA	NA	NA	-12.0771495155897	NA	NA	-13.2995419369262	NA	NA	NA	NA	NA	NA	NA	NA	NA	NA	NA	NA	NA	NA	NA	NA	NA	NA	NA	-11.1840647195062	NA	NA	NA	NA	NA	NA	NA	NA	NA	NA	NA	NA	NA	NA	NA	NA	NA	-10.9776138420388	NA	NA	NA	NA	NA	NA	NA
NW011-6	-1.02542423372288	-3.61628909156279	-6.80047905906674	NA	-9.98810606224251	-7.61371054746102	-6.61371054746102	-5.08121546663399	-9.12828372029077	-3.92281460199079	-10.2835619457687	-7.92281460199079	-4.28766634410142	-4.78009755906872	NA	NA	-4.88345877802333	NA	-5.99815972690644	-8.76571364090607	NA	-7.76571364090607	-7.3942654101749	-7.12094174494961	-5.8788074197517	NA	-10.8361029687975	-8.96163385088132	-7.96163385088132	NA	NA	NA	-7.09194187322705	-8.20383475329795	-10.0425538462649	-7.30836533676926	-10.0991373746313	-6.93563864234838	-11.0425538462649	NA	-9.25114046807631	-6.89750351346161	NA	-11.0425538462649	NA	-8.11363694432637	-11.4210654695186	-6.5581182214977	-9.53354019877703	NA	NA	NA	-10.742993564406	NA	NA	-9.57306856296367	NA	NA	NA	NA	-9.18840471272834	NA	NA	-13.742993564406	NA	-8.5141748739101	-10.6555307231556	-12.1580310636848	-10.1580310636848	NA	NA	-10.0991373746313	NA	-10.6555307231556	NA	-10.742993564406	-9.93563864234838	NA	NA	-7.43011060912163	NA	-8.91010355024124	-9.42106546951862	NA	-7.86035051504414	NA	NA	NA	NA	-5.20966383210015	NA	NA	-8.65553072315564	-9.07056822243449	-8.35067614162722	NA	-10.6555307231556	NA	NA	NA	-11.1580310636848	NA	NA	NA	-10.1580310636848	-12.4210654695186	NA	NA	-10.0425538462649	NA	NA	NA	NA	NA	NA	NA	NA	NA	-10.9356386423484	NA	-10.9356386423484	-12.1580310636848	NA	NA	NA	-10.5730685629637	NA	NA	NA	NA	NA	NA	NA	NA	NA	NA	NA	NA	NA	NA	NA	NA	NA	NA	NA	NA	NA	NA	NA	NA	NA	NA	NA	NA	NA	-11.4210654695186	NA	NA	NA	NA	NA	NA	NA	-12.742993564406	NA	NA	NA	NA	NA	NA	NA	NA	NA	NA	NA	-11.9356386423484	NA	NA	NA	NA	NA	NA	NA	NA	NA	NA	NA	NA	NA	NA	NA	NA	NA	NA	NA	NA	NA	NA	NA	NA	NA
NW012-1	-2.19867069598489	-3.14085791702086	-4.0297873737781	-10.1600514822542	-9.30444139158934	NA	-4.4543368220724	-7.00547444514529	-6.19922207953484	-4.46358066631602	NA	-11.7450139829753	-10.9674064043118	-5.25316088664565	NA	-9.50797478567447	-5.54955388942587	-6.87994356306143	-5.38244390359062	NA	NA	-6.59236697296485	-6.34291553940398	-10.9674064043118	-4.26812315520326	NA	-6.22145202691831	-8.07663547406653	-5.99012648081185	NA	NA	-10.4649060637826	-3.59744561300261	-3.77018971120172	-8.02880694897591	-6.04061625126555	-6.57508898153301	-8.28558236433803	NA	-9.9085127152582	-7.85192918689183	-6.97494007699718	NA	NA	-4.32716146808943	-8.55236890503293	NA	-10.3824439035906	NA	-10.3044413915893	NA	-11.0929372863956	-7.59817259464605	NA	NA	-8.19481690041484	-8.0132100939249	-6.16866461255887	-8.42308588808796	NA	NA	NA	NA	NA	NA	NA	NA	NA	NA	NA	NA	NA	NA	-10.4649060637826	NA	-8.1094254091842	NA	NA	NA	NA	NA	-10.7450139829753	-10.1600514822542	NA	-10.3044413915893	NA	NA	NA	NA	NA	NA	NA	NA	NA	NA	NA	-11.3824439035906	NA	NA	NA	-7.57508898153301	NA	-9.23044081014556	NA	NA	NA	NA	NA	NA	NA	NA	NA	NA	NA	NA	NA	NA	NA	NA	NA	-11.5523689050329	-10.7450139829753	NA	NA	-11.7450139829753	NA	NA	NA	NA	NA	NA	NA	-10.3824439035906	NA	NA	NA	NA	NA	NA	NA	NA	NA	-11.0929372863956	NA	NA	NA	NA	NA	NA	NA	NA	NA	NA	NA	NA	NA	NA	NA	NA	NA	NA	NA	NA	NA	NA	NA	NA	NA	NA	NA	NA	NA	NA	NA	NA	NA	NA	NA	NA	NA	NA	NA	NA	NA	NA	NA	NA	NA	NA	NA	NA	NA	NA	NA	NA	NA	NA	NA	NA	NA	NA
NW012-3	-2.3264352506105	-2.88900147576232	-6.69308126578706	-4.77756542356425	-9.04587032437919	NA	-4.34993668499001	-5.10557657050346	-5.14679923322997	-5.38187957749276	NA	NA	-9.12604067306317	-3.91436092575644	NA	-6.12089736978721	-5.9791992847339	-5.62596706992853	-5.02410250929695	-6.02170401324843	NA	-5.48383422050754	-5.87594532293688	-7.23295587697968	-8.30112737962126	NA	-5.67036118928698	-5.46090782365803	-6.16256654908829	NA	NA	-8.55488397186705	NA	-5.20004125450695	-8.06549913112812	-5.92889420288583	-5.96530484307552	-10.2553236900081	NA	-8.34843309439962	-7.64061384589293	-5.31868575100557	NA	NA	-6.95154294183103	-7.39734269488056	NA	NA	NA	NA	NA	-8.00739617656455	-8.06549913112812	NA	-6.44796876795053	-8.82905893530604	-6.84593275387044	-5.60068766148017	-9.12604067306317	NA	-10.9333955951208	NA	-7.95154294183103	-7.14679923322997	NA	NA	NA	-13.2553236900081	-14.2553236900081	NA	NA	NA	NA	NA	NA	-6.99793584731549	-10.0073961765646	-9.86300626722938	NA	NA	NA	NA	-6.74752904980944	NA	-9.25532369000814	NA	NA	NA	NA	NA	-6.99793584731549	NA	-9.12604067306317	NA	NA	-11.9333955951208	NA	NA	NA	NA	NA	NA	NA	NA	NA	-7.74752904980944	NA	NA	NA	NA	NA	NA	NA	NA	-11.670361189287	NA	NA	NA	NA	NA	NA	-9.67036118928698	-10.4479687679505	NA	NA	NA	NA	NA	NA	NA	-13.2553236900081	NA	NA	NA	NA	NA	NA	NA	NA	NA	NA	-10.554883971867	NA	NA	NA	NA	NA	NA	NA	NA	NA	NA	-10.554883971867	NA	NA	NA	NA	NA	NA	NA	NA	NA	NA	NA	NA	NA	NA	NA	NA	NA	NA	NA	NA	NA	NA	NA	NA	NA	NA	NA	NA	NA	NA	NA	NA	NA	NA	NA	NA	NA	NA	NA	NA	NA	NA	NA	NA	NA	NA	NA	NA
NW012-4	-1.00620667498148	-2.42136265617563	-3.87028730487151	-9.67118720479182	-6.40815279895802	NA	-5.80823995677089	-8.90565245842884	-6.73572745698653	-6.48532065948048	NA	-11.9931152996792	-10.9931152996792	-6.35649067913553	NA	-9.60079787690042	-6.42325969134823	-7.42325969134823	-9.90565245842884	NA	NA	-7.88459084290101	-8.70771308081693	NA	-7.58372436354148	NA	-9.99311529967918	-10.9931152996792	-7.9270261092214	NA	NA	NA	-5.11659835311418	-6.83324396290079	-10.9931152996792	-6.68023234439482	-6.86383228273421	NA	NA	NA	-9.18576037762157	-5.29614777344489	NA	NA	-4.80329074079916	NA	NA	NA	NA	-9.82319029823686	NA	NA	-8.94872118032072	NA	NA	-9.13513430455161	-7.78366193405023	-7.63556329506109	-9.18576037762157	NA	NA	NA	NA	NA	NA	NA	NA	NA	-9.99311529967918	NA	NA	NA	NA	-10.8231902982369	NA	-9.67118720479182	-12.408152798958	NA	NA	NA	NA	NA	NA	NA	-11.9931152996792	NA	NA	NA	NA	NA	NA	NA	NA	NA	NA	NA	NA	NA	NA	NA	-7.97074748665072	NA	NA	NA	NA	NA	NA	NA	NA	NA	NA	NA	NA	NA	NA	NA	NA	NA	NA	NA	NA	NA	NA	NA	NA	NA	NA	NA	NA	NA	NA	NA	-10.5336836810419	NA	NA	NA	NA	NA	NA	NA	NA	NA	NA	NA	NA	NA	NA	NA	NA	NA	NA	NA	NA	NA	NA	NA	NA	NA	NA	NA	NA	NA	NA	NA	NA	NA	NA	NA	NA	NA	NA	NA	NA	NA	NA	NA	NA	NA	NA	NA	NA	NA	NA	NA	NA	NA	NA	NA	NA	NA	NA	NA	NA	NA	NA	NA	NA	NA	NA	NA	NA
NW012-5	-2.10511797611038	-3.4953805701115	-6.64998694132041	-8.13431707893508	-8.75816859304983	NA	-3.15508954117935	-6.18508019261696	-4.39773523129085	-5.73470962022584	-10.045049740838	-10.296588507834	-9.40350371175047	-3.73107836977897	NA	-6.74053869902804	-7.85601591644797	-5.93068271588599	-5.00240540342949	-11.1039434298916	NA	-5.88155100855511	-5.54679887331016	-11.6889059306127	-7.80626288125087	NA	-5.25636403022445	-6.83715688919666	-5.57256196937525	-10.3669778357254	NA	-10.045049740838	-7.26264117591062	-4.27845457910872	-8.19705283428304	-6.98154679853183	-6.00591134693103	-8.80626288125087	NA	NA	-6.37149331684784	-7.90754621708805	NA	NA	-6.25845337894718	-6.75816859304983	NA	NA	NA	-10.8815510085551	NA	-9.98846621247162	-7.98846621247162	NA	-6.92072160583579	-8.78201533500419	-6.20912566658361	-4.96951710967063	-10.6889059306127	NA	NA	NA	-8.83092493548514	-9.44097841716913	NA	NA	-11.3669778357254	-10.7820153350042	NA	-10.2294743119754	NA	NA	NA	NA	NA	-7.86872696819753	-9.98846621247162	-12.3669778357254	NA	NA	NA	-11.2294743119754	-5.51398024811204	NA	-9.64451181125426	NA	NA	NA	NA	NA	NA	NA	-9.64451181125426	NA	NA	NA	NA	NA	NA	NA	NA	NA	NA	NA	NA	-9.78201533500419	NA	NA	NA	NA	NA	NA	NA	NA	-9.68890593061271	NA	NA	NA	NA	NA	-12.1039434298916	-11.6889059306127	-12.3669778357254	NA	-10.6889059306127	NA	NA	NA	NA	NA	NA	NA	NA	NA	NA	NA	NA	NA	NA	NA	NA	-10.5189809291704	NA	NA	NA	NA	NA	NA	NA	NA	NA	NA	-10.3669778357254	NA	NA	NA	NA	NA	NA	NA	NA	-9.64451181125426	NA	NA	NA	NA	NA	NA	NA	NA	NA	NA	NA	NA	NA	NA	NA	NA	NA	NA	NA	NA	NA	NA	NA	NA	NA	NA	NA	NA	NA	NA	NA	NA	NA	NA	NA	-13.1039434298916	NA	NA	NA
NW012-6	-3.26974093610811	-3.60688455597042	-7.34965577181783	NA	-8.42120903284286	-11.4964971601471	-2.89340073070071	-7.36133757686546	-4.25536520821237	-7.20581999924418	-9.05592456876112	-10.3038520822047	-8.37311474464182	-2.83777562080845	NA	-5.84852486190014	-5.89871061906836	-7.79605744200601	-5.92881265085778	-11.4964971601471	NA	-5.10663538909465	-4.00349952187648	-9.09439871657575	-7.73399647387375	NA	-5.79605744200601	-6.3038520822047	-4.77637507614431	NA	NA	-8.78029012614769	-8.0370655415098	-6.66722746166105	-7.38498884493011	-7.96400207932008	-4.89234109419263	-7.71888958148355	NA	NA	-7.27042908066725	-9.65999589242998	NA	NA	-7.21638924095436	-5.3038520822047	NA	NA	NA	NA	NA	-9.78029012614769	-7.4964971601471	NA	-9.09439871657575	-6.070232405445	-7.33806779754262	-3.93534562069701	NA	NA	NA	NA	-8.13392708076239	-7.63142674023321	NA	NA	-9.71888958148355	-11.4964971601471	NA	-7.894461146067	NA	NA	NA	-11.4964971601471	NA	-9.25945796284625	NA	NA	NA	NA	NA	-9.25945796284625	-8.34965577181783	NA	-6.8775873275026	NA	NA	NA	NA	NA	NA	NA	NA	NA	NA	NA	NA	NA	NA	NA	NA	NA	NA	NA	NA	-8.8444204635674	NA	NA	NA	NA	NA	NA	NA	NA	-10.6034123640636	NA	NA	NA	NA	NA	-10.2163892409544	NA	NA	NA	-9.09439871657575	NA	NA	NA	NA	NA	NA	NA	NA	NA	NA	NA	NA	NA	NA	NA	NA	-8.37311474464182	NA	NA	NA	NA	NA	NA	NA	NA	NA	NA	-9.78029012614769	NA	NA	NA	NA	NA	NA	NA	NA	-10.7188895814835	NA	NA	NA	NA	-11.7188895814835	NA	NA	NA	NA	NA	NA	NA	NA	NA	NA	NA	NA	NA	NA	NA	NA	NA	NA	NA	NA	NA	NA	NA	NA	NA	NA	NA	NA	NA	NA	NA	NA	NA	NA
NW013-1	-1.50850877945363	-2.72141095251075	NA	-7.92874364299541	-8.45230559905242	-3.79409411630062	-4.05249363972673	-5.39160966736487	-6.74494646697154	-6.6257571117615	-11.6449506769948	-12.8673430983313	NA	-9.40791147969397	NA	-6.35954845813257	NA	-4.51419627283318	-6.94451095885372	-6.04291466291472	NA	-9.75186588091133	-5.99697837874786	-5.65140569913212	-8.75186588091133	NA	-8.99287398041512	-6.69075436660794	NA	NA	NA	-7.39702316355123	NA	-7.18551905835752	-6.33336452632891	NA	NA	-7.72438514448922	NA	NA	-7.02604084435032	-10.7518658809113	NA	-7.61941558488768	NA	NA	-8.20437808560883	NA	-10.6449506769948	NA	NA	-7.29243426227403	-7.38621640859465	NA	-6.3808432364958	-8.64495067699482	NA	NA	-8.05998817627366	NA	-6.3808432364958	NA	-8.00936210320369	-7.99287398041512	NA	NA	-8.40791147969397	-7.20437808560883	NA	-5.40791147969397	NA	NA	NA	NA	NA	NA	-6.96045250272275	NA	NA	NA	NA	-10.2823805976101	-8.61941558488768	-8.05998817627366	-9.75186588091133	NA	NA	-7.88244999072147	-8.92874364299541	NA	-7.72438514448922	-7.5454150034439	-7.05998817627366	NA	NA	-9.99287398041512	NA	-10.8673430983313	NA	NA	NA	NA	NA	NA	NA	-9.05998817627366	NA	NA	NA	NA	-11.6449506769948	NA	NA	NA	NA	NA	NA	NA	NA	NA	NA	-10.4523055990524	-10.7518658809113	NA	-9.5454150034439	NA	-9.75186588091133	NA	NA	NA	-9.02604084435032	NA	NA	NA	NA	NA	NA	NA	NA	NA	NA	-10.8673430983313	NA	NA	NA	NA	NA	NA	NA	NA	NA	NA	NA	NA	NA	-11.6449506769948	NA	NA	NA	-11.6449506769948	NA	NA	NA	NA	NA	NA	-11.2823805976101	NA	NA	NA	-11.2823805976101	NA	NA	NA	NA	NA	NA	NA	NA	NA	NA	NA	NA	NA	NA	NA	NA	NA	NA	NA	NA	NA	NA	NA	NA	NA	NA	NA	NA	NA	NA
NW013-2	-0.716990254095183	-2.76859097886979	NA	NA	-4.95342814305022	-10.2580026711873	-10.2580026711873	-6.63690638441244	-5.7101022646877	-5.83612079086642	-6.93607457629995	NA	NA	NA	NA	NA	NA	-6.1377084374696	NA	NA	NA	NA	NA	NA	NA	NA	NA	-8.24240581613629	NA	NA	NA	NA	NA	NA	NA	NA	-9.87467403163581	NA	NA	-6.10560759430258	-10.5336371138007	NA	NA	-8.75919681421587	NA	NA	-8.61163962580201	NA	NA	NA	NA	-7.05364417268113	-10.9742097051867	NA	NA	NA	-10.7815646272443	NA	-8.12335314449253	NA	NA	NA	-8.51477808654943	NA	NA	NA	NA	-7.00020491371967	-7.09506410006111	-5.73990547560711	NA	NA	NA	NA	NA	NA	NA	NA	NA	-11.7815646272443	-8.4417146243597	NA	NA	-10.694101785994	-9.82736831685745	NA	NA	-4.7141302664878	NA	-6.67304017046616	NA	-6.51010159933995	NA	NA	NA	NA	NA	NA	NA	NA	NA	NA	NA	NA	NA	NA	NA	NA	NA	NA	NA	NA	NA	NA	NA	NA	NA	NA	NA	NA	NA	-11.9742097051867	NA	NA	NA	NA	NA	NA	NA	NA	NA	NA	-8.24240581613629	NA	NA	NA	NA	NA	NA	NA	NA	NA	NA	NA	NA	NA	NA	NA	NA	NA	NA	NA	NA	NA	NA	NA	NA	NA	NA	-11.1966021265232	NA	NA	NA	NA	NA	NA	NA	NA	NA	NA	NA	NA	NA	NA	NA	NA	-12.1966021265232	NA	NA	NA	NA	NA	NA	NA	NA	NA	NA	NA	NA	NA	NA	NA	NA	NA	NA	NA	NA	NA	NA	NA	NA
NW013-3	-1.40974193316866	-2.24064073143386	NA	-9.07099747885308	-11.5993764512079	-14.299816169349	-4.91179888400383	-5.61857775757116	-4.23103789136355	-5.60111150257862	-5.82611041972955	NA	-8.5184564558243	NA	NA	-12.4924612472914	NA	-5.40045924642585	-6.98240355558409	-11.1298911679067	NA	-9.27744835632051	NA	-6.54827211025987	NA	NA	NA	-5.93787239561372	NA	NA	NA	NA	NA	NA	-10.09036280372	NA	-10.170533152404	NA	NA	-6.18087509662546	-4.80096696281724	NA	NA	-7.84038455071167	NA	NA	-8.44183517422139	NA	NA	NA	NA	-6.54827211025987	-9.34561985896209	NA	-10.170533152404	NA	-8.69990332716184	NA	-7.29981616934896	NA	-11.5993764512079	NA	-9.12989116790665	NA	NA	NA	-9.41717311998712	-5.59418378198755	-7.42945144976556	-4.8230699654095	NA	NA	NA	NA	NA	NA	NA	-13.7148536686278	NA	NA	-7.26089718005666	NA	NA	-9.84038455071167	-8.25542204999051	NA	NA	-6.37500366574318	NA	-11.3929255737404	NA	-6.16026481695017	-8.79202152915027	NA	NA	-12.1298911679067	NA	-8.99603542117186	NA	NA	NA	NA	NA	NA	NA	-12.299816169349	NA	NA	NA	NA	NA	NA	NA	NA	-12.299816169349	NA	NA	NA	NA	NA	NA	-10.0518886559054	-9.9074987465702	NA	NA	NA	-9.77625421329195	NA	-9.54492866718549	NA	NA	NA	-9.71485366862781	NA	NA	NA	NA	NA	NA	NA	NA	-11.9778880744616	NA	-8.92477673800204	NA	NA	NA	NA	NA	NA	NA	NA	NA	NA	NA	NA	NA	NA	NA	-9.29981616934896	-8.67045954926935	NA	NA	NA	NA	NA	NA	NA	NA	NA	-11.3929255737404	NA	NA	NA	NA	NA	NA	NA	NA	NA	NA	NA	NA	NA	NA	NA	-11.9778880744616	NA	-11.0518886559054	NA	NA	NA	NA	NA	NA	NA	NA	NA	NA	NA	NA
NW013-4	-1.30395520736604	-2.80636114612579	NA	-9.5030612342203	NA	NA	-3.7856484374755	-4.74612007328886	-4.53994284814412	-6.26686301335882	-7.91809873349915	NA	-9.34551995723382	-6.12668535531056	NA	-7.37061093819665	NA	-4.46372034258813	-7.17007795082394	-9.07421793541643	NA	-5.91809873349915	-6.59617063861178	-5.59247615505404	NA	NA	NA	-6.1482185168602	NA	NA	NA	-6.89972020418429	NA	NA	-8.37061093819665	NA	NA	NA	NA	-8.5310756103899	-6.53816503517622	NA	NA	-10.2966103567529	NA	NA	-6.94611310966874	NA	NA	NA	NA	-5.87258407424678	-10.2966103567529	NA	-7.64891210068376	-9.29661035675288	NA	NA	-8.01367639348138	NA	-8.27276361479851	NA	-8.2035009523614	NA	NA	NA	-8.44861345019793	-7.20350095236139	-10.2966103567529	-5.76055745651267	NA	NA	NA	NA	NA	NA	NA	-13.2035009523614	NA	NA	-7.88157285747403	NA	NA	-8.15910683300294	-6.97468226186551	NA	NA	-8.29661035675288	NA	NA	-10.1160381111111	-7.40908508601129	-8.05375383285671	NA	NA	-12.6185384516402	NA	-7.79411001622369	NA	NA	NA	NA	NA	NA	-10.881572857474	-11.3961460303038	NA	NA	NA	NA	NA	NA	NA	NA	NA	NA	NA	NA	NA	NA	NA	-8.99404758673244	-11.2035009523614	NA	-9.15910683300294	NA	NA	NA	-8.61853845164024	NA	-11.881572857474	NA	-10.881572857474	NA	NA	NA	NA	NA	NA	NA	NA	NA	NA	-10.2035009523614	NA	NA	NA	NA	NA	NA	NA	NA	-10.6185384516402	NA	NA	NA	NA	NA	NA	-9.81118352958263	NA	NA	NA	NA	NA	NA	-11.6185384516402	NA	NA	NA	NA	NA	NA	NA	NA	NA	NA	NA	NA	NA	NA	NA	NA	NA	NA	NA	NA	NA	NA	NA	NA	NA	NA	NA	NA	NA	NA	NA	NA	NA	NA
NW013-5	-0.918920793670338	-3.81292571782349	NA	-8.75641732786712	-11.0194517337009	NA	-3.80028321323875	-5.57650823785218	-5.33856481298122	-4.10536563668819	-8.3871835182014	NA	NA	-5.58315661386155	NA	-7.45873677922643	NA	-5.25657144078391	-7.53402490653067	-9.01945173370091	NA	-5.72666998447307	-7.01046295047366	-7.31901201555982	NA	NA	-8.09345231514469	-7.34137982858827	NA	NA	NA	-9.3871835182014	NA	NA	-7.94906240580951	NA	NA	NA	NA	NA	-6.52759863737124	NA	NA	-10.5340249065307	NA	NA	-7.72666998447307	NA	NA	NA	NA	-6.3930125970036	-10.7564173278671	NA	-5.14416313547822	-8.81781787253126	NA	NA	NA	NA	-8.91511507388618	NA	-8.58649232642481	NA	NA	NA	-10.0934523151447	-7.69752363881355	NA	-5.90258797601001	NA	NA	NA	NA	NA	NA	NA	-13.3413798285883	NA	NA	-8.8495267322586	NA	NA	-8.50848981442353	-10.171454827146	NA	NA	-8.19163270908359	-9.88194820995098	NA	-9.81781787253126	-8.00152982570365	-9.64094011044718	NA	NA	NA	NA	-8.69752363881355	NA	NA	NA	NA	NA	NA	NA	NA	NA	NA	NA	NA	NA	NA	NA	NA	NA	NA	NA	NA	NA	NA	NA	-10.2539169873379	NA	NA	NA	NA	-11.7564173278671	NA	-8.78679097691064	NA	NA	NA	NA	NA	NA	NA	NA	NA	-12.3413798285883	NA	NA	NA	NA	-11.5340249065307	NA	NA	NA	NA	NA	NA	NA	NA	NA	NA	NA	-12.3413798285883	NA	NA	NA	-11.3413798285883	NA	NA	NA	NA	NA	NA	NA	NA	NA	NA	NA	NA	NA	NA	NA	NA	NA	NA	NA	NA	NA	NA	NA	NA	NA	NA	NA	NA	NA	NA	NA	NA	NA	NA	NA	NA	NA	NA	NA	NA	NA
NW014-1	-1.55107965766218	-2.64177796795391	-4.37926808313695	-8.353272874604	-8.89759339082781	-8.09023846877021	-4.70119617802431	-6.18793514265734	-7.14270588866434	-4.12940906605089	NA	NA	NA	-2.93084762992828	NA	-8.12500388693089	NA	-6.76831037388285	-9.02312427291167	NA	NA	-6.78211617340788	-6.12500388693089	NA	-7.39509305029863	-6.81013054957747	-7.52835958116209	-7.70119617802431	-6.21576935085407	NA	NA	NA	-5.38452380858844	-5.83150420037004	-8.83869970177424	NA	-8.19715367268672	-7.29273133266895	NA	NA	-9.16062779666161	-6.55181855398608	NA	-7.78211617340788	NA	-7.3740314347708	NA	NA	NA	NA	NA	-10.482555891549	-8.19715367268672	-7.33280877204429	NA	-7.48255589154897	-7.43816177219052	-6.89759339082781	-10.0231242729117	NA	NA	NA	NA	NA	NA	NA	NA	NA	NA	NA	NA	NA	NA	NA	NA	-7.95899393549196	NA	NA	NA	NA	-8.16062779666161	NA	NA	NA	NA	NA	NA	NA	NA	NA	NA	NA	NA	NA	NA	NA	-10.0231242729117	NA	NA	NA	-9.31263089010666	NA	NA	NA	NA	NA	NA	NA	NA	NA	NA	NA	NA	NA	NA	NA	NA	NA	NA	NA	NA	NA	NA	NA	NA	NA	NA	NA	NA	NA	NA	NA	NA	NA	NA	NA	NA	NA	NA	NA	NA	NA	NA	NA	NA	NA	NA	NA	NA	NA	NA	NA	NA	NA	NA	NA	NA	NA	NA	NA	NA	NA	NA	NA	NA	NA	NA	NA	NA	NA	NA	NA	NA	NA	NA	NA	NA	NA	NA	NA	NA	NA	NA	NA	NA	NA	NA	NA	NA	NA	NA	NA	NA	NA	NA	NA	NA	NA	NA	NA	NA
NW015-1	-1.68283182804985	-3.1515773427156	-3.38204167472887	-7.05228936339499	-9.20840856531227	-3.50085222250852	-4.40400092730501	-4.73777874007011	-9.53033666019964	-5.71198273919278	-14.3376915822572	-10.8782599636199	NA	NA	NA	NA	-9.58280408009377	-4.59454018814474	-7.09928684293216	-8.10887289176136	-8.29329746289879	-10.0897640688137	-6.53679168233694	-4.98454475675916	NA	NA	-6.64420462475792	-8.29329746289879	-8.10887289176136	NA	NA	-4.7773587480448	NA	NA	-6.8219917439732	NA	NA	-8.05228936339499	NA	-7.30426858071979	-7.43080098664872	-8.81412962620023	NA	NA	NA	NA	-8.29329746289879	NA	NA	-9.94537415947848	NA	-10.1677665808149	-9.47971058712967	NA	-5.57946836753052	NA	-5.58280408009377	NA	-10.7527290815361	NA	NA	NA	-7.56950725748031	-7.58280408009377	-7.27160239179947	NA	-8.55633186873258	NA	NA	-8.18794446275256	NA	NA	NA	NA	NA	NA	NA	-9.53033666019964	NA	-9.81412962620023	-7.69383539248252	NA	NA	NA	NA	NA	NA	-7.82989694205854	NA	NA	NA	-7.99784157937262	NA	NA	-9.08976406881366	-9.69383539248252	NA	-11.0157634873699	NA	NA	NA	NA	-11.0157634873699	NA	NA	NA	NA	-9.47971058712967	NA	NA	NA	NA	NA	NA	NA	NA	NA	NA	NA	NA	NA	-11.3376915822572	NA	NA	NA	NA	-11.3376915822572	NA	-10.5303366601996	NA	NA	NA	NA	NA	NA	NA	NA	NA	NA	NA	NA	-10.5303366601996	NA	NA	NA	NA	NA	NA	NA	NA	NA	NA	NA	-9.81412962620023	-11.3376915822572	NA	NA	NA	NA	NA	NA	NA	NA	NA	NA	NA	NA	NA	NA	NA	NA	NA	NA	NA	NA	NA	NA	NA	NA	NA	NA	NA	NA	NA	NA	NA	NA	NA	NA	NA	NA	NA	NA	NA	NA	NA	NA	NA	NA	NA	NA
NW015-2	-2.33562561199856	-2.71073049268161	-3.37628469317884	-8.40111654615878	NA	-5.00118593927014	-3.31365370490844	-4.40865021884419	-8.04747959154408	-4.88104357618165	-12.5710415476011	-9.40111654615878	NA	NA	NA	NA	NA	-4.23788619729047	-7.14477679289899	-11.2491134527137	-8.07918845127142	-7.89861620562959	-6.24911345271373	-4.98607904687993	NA	NA	-5.62267431601641	-8.57104154760109	-7.00118593927014	NA	NA	-6.47300946464056	NA	NA	-7.03188273649306	NA	NA	-5.02029476221785	NA	-7.66415095199257	-6.45210047487758	-6.81615404543762	NA	NA	NA	NA	-8.24911345271373	NA	NA	-9.87060182946	NA	-9.40111654615878	-8.36158818197214	NA	-5.30425500690619	NA	-5.47828440668124	NA	NA	NA	NA	NA	-8.28563932873884	-6.20471933335527	-8.04747959154408	NA	-7.87060182946	NA	NA	-8.57104154760109	NA	NA	NA	NA	NA	NA	NA	-9.24911345271373	NA	-8.92718535782637	-6.9128300648493	NA	NA	NA	NA	NA	NA	-8.61684523721422	NA	NA	NA	-9.66415095199257	NA	NA	-8.17872412482233	NA	-8.01645269592345	-10.4011165461588	NA	NA	NA	NA	-9.24911345271373	NA	-10.2491134527137	NA	NA	-10.7636866255435	NA	NA	NA	NA	NA	NA	NA	NA	NA	NA	NA	NA	NA	-10.2491134527137	NA	NA	NA	NA	NA	NA	-9.76368662554349	NA	NA	NA	NA	NA	NA	NA	NA	NA	NA	NA	NA	NA	NA	NA	NA	NA	NA	NA	NA	NA	NA	NA	NA	NA	NA	NA	NA	NA	NA	NA	NA	NA	NA	NA	NA	NA	NA	NA	NA	NA	NA	NA	NA	NA	NA	NA	NA	NA	NA	NA	NA	NA	NA	NA	NA	NA	NA	NA	NA	NA	NA	NA	NA	NA	NA	NA	NA	NA	NA	NA	NA
NW015-3	-1.78312665580836	-2.79451226891395	-3.176530309062	-6.78965634026055	NA	NA	-3.75990899686649	-4.65638980939708	-8.90255039666648	-4.11328215162292	-8.68495896159385	-9.57392764920511	NA	NA	NA	NA	NA	-4.54745543784392	-7.27353271586739	-12.0068870564812	-9.28442103201012	-8.15889014992626	-7.49592513720384	-5.91518722234441	NA	NA	-6.50863618895339	-8.86938353273128	-8.74385265064742	NA	NA	-5.74761456944362	NA	NA	-6.7363581141005	NA	NA	-6.04341293250633	NA	-7.57392764920511	-7.16894381459019	-6.86938353273128	NA	NA	NA	NA	-8.90255039666648	NA	NA	-9.04341293250633	NA	-10.4219245557601	-9.62837543322749	NA	-5.34297321436524	NA	-6.26811921968102	NA	-9.52146022931097	NA	NA	NA	-7.470834156241	-6.44007190247032	-5.91096263648268	NA	-9.28442103201012	NA	NA	-8.62837543322749	NA	NA	NA	NA	NA	NA	NA	-9.42192455576006	NA	-10.0068870564812	-7.43399738806063	NA	NA	NA	NA	NA	NA	-9.15889014992626	NA	NA	NA	-10.3288151513686	NA	NA	-7.78965634026055	NA	-9.86938353273128	-11.3288151513686	NA	NA	NA	NA	-6.65638980939708	NA	-12.3288151513686	-11.7438526506474	NA	-10.521460229311	NA	NA	NA	NA	NA	NA	NA	NA	NA	NA	NA	NA	NA	-10.6283754332275	NA	-10.6283754332275	NA	NA	NA	NA	NA	NA	NA	NA	NA	NA	NA	NA	NA	NA	NA	NA	NA	NA	NA	NA	NA	NA	NA	NA	NA	NA	NA	NA	-12.0068870564812	-11.3288151513686	NA	NA	NA	NA	NA	NA	NA	NA	NA	NA	NA	NA	NA	NA	NA	NA	NA	NA	NA	NA	NA	NA	NA	NA	NA	NA	NA	NA	NA	NA	NA	NA	NA	NA	NA	NA	NA	NA	NA	NA	NA	NA	NA	NA	NA	NA	NA
NW015-5	-1.65922584421664	-3.54237372326126	-3.49699123582661	-6.51010987409031	-7.52125043169551	NA	-4.56813681932634	-3.7429440421484	-10.0730460684815	-5.80796383399881	-10.2105495922314	-9.83203796897767	NA	NA	NA	NA	-11.9475151863976	-3.71949821586728	-6.5381242502599	-8.67449669199119	-7.57828137673189	-9.14016026434	-7.24707546825651	-4.25519028698841	-10.4450148458684	NA	-6.04463765329571	-8.83203796897767	-8.60174034955588	NA	NA	-5.45566209006793	NA	NA	-5.85299758761332	NA	NA	-6.0936858345405	NA	-7.71229872470358	-7.63765992381082	-10.6255870915102	NA	NA	NA	NA	-8.67449669199119	NA	NA	-9.36255268567645	NA	-10.3625526856764	-10.3625526856764	NA	-5.51288695876088	NA	-5.83899072961944	NA	NA	NA	NA	NA	-6.69327389902182	-7.57828137673189	-6.90312106703915	NA	-8.57828137673189	NA	NA	-9.36255268567645	NA	NA	NA	NA	NA	NA	NA	-6.20156080900415	NA	-10.8320379689777	-7.08126657528643	-9.88862149734404	NA	NA	NA	NA	NA	-8.57828137673189	NA	NA	NA	-9.24707546825652	NA	NA	-8.4031946701738	-7.36255268567645	-11.9475151863976	-9.48808356776031	NA	NA	NA	NA	-9.62558709151024	NA	NA	NA	NA	-10.8320379689777	NA	NA	-12.2105495922314	NA	NA	NA	NA	NA	NA	NA	NA	NA	NA	-11.7251227650612	NA	NA	NA	NA	-10.8320379689777	NA	-10.6255870915102	NA	NA	NA	NA	NA	NA	NA	NA	NA	NA	NA	NA	NA	NA	NA	NA	NA	NA	NA	NA	NA	NA	NA	NA	-11.2105495922314	NA	NA	NA	-12.2105495922314	NA	NA	NA	NA	NA	NA	NA	NA	NA	NA	NA	NA	NA	NA	NA	NA	NA	NA	NA	NA	NA	NA	NA	NA	NA	NA	NA	NA	NA	NA	NA	NA	NA	NA	NA	NA	NA	NA	NA	NA	NA	NA	NA
NW015-6	-2.04233889291571	-3.04106070107088	-3.42192507316671	-6.62755716795558	-11.3341491130783	-6.26090013104763	-4.07257651026253	-3.94278616935575	-9.14652210990249	-5.61533086562232	-12.9191116137994	-10.256146601077	NA	NA	NA	NA	NA	-3.43933134977032	-6.41131697360072	-9.14652210990249	-7.35432699501589	-8.57333677695769	-6.67752562722966	-4.57629615243823	NA	NA	-5.75253005543148	-9.07780935981848	-8.52679419102066	NA	NA	-4.81407614310113	NA	NA	-5.8820222950642	NA	NA	-6.2048660961333	NA	-7.25614660107699	-7.56155960918134	-8.5498778041337	NA	NA	NA	NA	-9.29462074889163	NA	NA	-9.18214601963321	NA	-9.37479109757561	-10.8036343963795	NA	-6.02834068355418	NA	-6.24668627182793	NA	-10.9191116137994	NA	NA	NA	-6.93421850618963	-7.83164877254908	-6.71617155512915	NA	-9.07780935981848	NA	NA	-9.07780935981848	NA	NA	NA	NA	NA	NA	NA	-6.52108053982627	NA	-9.29462074889163	-7.76260712811943	NA	NA	NA	NA	NA	NA	-7.63370939493717	NA	NA	-10.9191116137994	-8.74918661235711	-9.91911161379942	NA	-10.1821460196332	-7.23728757382568	-10.0446424958833	-9.86021792474585	NA	NA	NA	NA	-9.21867189565833	NA	NA	-11.9191116137994	NA	-9.86021792474585	NA	NA	-11.696719192463	NA	NA	NA	NA	NA	NA	NA	NA	NA	NA	-10.4166112732702	NA	NA	NA	NA	-12.1821460196332	NA	-10.5971835189121	NA	NA	NA	NA	NA	NA	NA	NA	NA	NA	NA	NA	NA	NA	NA	NA	NA	NA	NA	NA	NA	NA	NA	NA	-11.0446424958833	-11.0446424958833	NA	NA	NA	NA	NA	NA	NA	NA	NA	NA	NA	NA	NA	NA	NA	NA	NA	NA	NA	NA	NA	NA	NA	NA	NA	NA	NA	NA	NA	NA	NA	NA	NA	NA	NA	NA	NA	NA	NA	NA	NA	NA	NA	NA	NA	NA
NW016-1	-1.46890679376266	-2.08025153942772	-3.30464811354368	-3.87809531335039	-5.85614348599828	NA	-5.20803326675078	-5.26153081524341	-8.86585864083149	NA	NA	-11.4903495057393	NA	NA	NA	-9.37487228831935	NA	-5.01191692517193	-10.7533839115731	NA	NA	-9.21733101133287	-10.4903495057393	-8.46060216234524	NA	-6.26153081524341	-8.2424219922957	-9.90538700501813	NA	-11.7533839115731	NA	-6.96678754968227	NA	NA	-8.21733101133287	NA	NA	NA	NA	-6.05850371877389	-9.43145581668572	NA	-7.36106648879432	-6.21733101133287	-8.52072315478281	NA	-8.71776000184236	NA	NA	-6.59957857549405	NA	-8.68299458368168	-9.21733101133287	NA	NA	NA	NA	NA	-8.94602898951548	NA	-6.76242905117609	NA	NA	NA	-7.63236851061172	NA	NA	-11.0753120064604	NA	NA	NA	-12.4903495057393	NA	NA	NA	NA	-9.37487228831935	NA	NA	NA	NA	NA	NA	NA	NA	NA	NA	-10.3748722883194	-8.82738449301686	NA	NA	-10.4903495057393	NA	NA	NA	NA	NA	-9.12111569607357	NA	NA	NA	NA	-6.5054563981295	NA	-11.4903495057393	NA	NA	NA	NA	NA	NA	NA	NA	NA	-10.4903495057393	NA	NA	NA	-12.4903495057393	NA	NA	-10.6158803878231	NA	NA	NA	NA	-11.0753120064604	NA	NA	NA	NA	NA	NA	NA	NA	NA	NA	NA	NA	NA	NA	NA	NA	NA	NA	NA	NA	NA	NA	NA	NA	NA	NA	NA	NA	NA	NA	-12.4903495057393	NA	NA	NA	NA	NA	NA	NA	NA	NA	NA	NA	NA	NA	NA	NA	NA	NA	NA	NA	NA	NA	NA	NA	NA	NA	NA	NA	NA	NA	NA	NA	NA	NA	NA	NA	NA	NA	NA	NA	NA	NA	NA	NA
NW016-2-1	-1.25044147939053	-3.17210134073101	-3.28034404864765	-4.4251343544073	-10.8476663902331	NA	-4.37915547768491	-5.70470843639103	-8.62527396889663	NA	NA	-11.0175913916754	NA	NA	NA	-11.695663296788	NA	-4.22480109737432	-10.4326288909542	NA	NA	-7.24940706689846	-9.37373520190066	-9.84766639023307	NA	-6.04604783772461	-7.95150220121761	-10.2102364696178	NA	NA	NA	-7.47843258056735	NA	NA	-9.06339508128851	NA	NA	NA	NA	-5.04031146817547	-9.06339508128851	NA	-4.28797064812235	-6.14722667209198	-7.21023646961778	NA	-8.88830837473042	NA	NA	-7.35937990892359	NA	-9.93012855042505	-9.11070079606687	NA	NA	NA	NA	NA	-8.97319727231693	NA	-6.69566329678802	NA	-9.69566329678802	-7.59132663697329	-7.35937990892359	NA	-12.4326288909542	-11.695663296788	NA	-9.93012855042505	NA	NA	NA	NA	NA	NA	-9.84766639023307	NA	NA	NA	NA	NA	NA	NA	NA	NA	NA	-10.3171516735343	-9.06339508128851	NA	NA	-10.2102364696178	NA	NA	NA	NA	NA	-10.2102364696178	NA	NA	NA	NA	-6.87804003927659	NA	NA	NA	NA	NA	NA	NA	NA	NA	NA	NA	-12.0175913916754	NA	NA	NA	NA	NA	NA	-10.5581597730381	NA	NA	NA	NA	-12.4326288909542	NA	NA	NA	NA	NA	NA	NA	NA	NA	NA	NA	NA	NA	NA	NA	NA	NA	NA	NA	NA	NA	NA	NA	NA	NA	NA	NA	NA	NA	NA	NA	NA	NA	-9.55815977303809	NA	NA	NA	NA	NA	NA	NA	NA	NA	NA	NA	NA	NA	NA	NA	NA	NA	NA	NA	NA	NA	NA	NA	NA	NA	NA	NA	NA	NA	NA	NA	NA	NA	NA	NA	NA	NA	NA	NA	NA
NW016-2-2	-2.33146521830574	-3.84840235237081	-3.09362671738383	-7.37902893624608	-10.1633002451906	-2.90591240249799	-7.2998022450955	-4.37467253120194	-9.37902893624608	-6.53880938028285	NA	-6.03860449774132	-7.77863639495532	-10.7482627459118	NA	-8.35594532313304	-7.15331615661802	-7.56504092185603	-6.03860449774132	NA	-5.68217355545402	NA	-9.80966329057594	-6.63973828913363	-9.63278552849186	-6.71851540251774	-6.59175826023181	-8.26713605617518	-8.01129715174559	-10.8737936279957	-3.09124209693862	NA	-7.61897972896683	NA	-9.63278552849186	NA	NA	-10.8737936279957	NA	NA	NA	NA	-5.8453852128099	-11.333225246633	-6.59851562640711	-8.52587032457535	NA	-9.80966329057594	-7.3219979912097	-6.53232534671265	-10.6327855284919	NA	NA	-5.97567324201487	NA	NA	NA	NA	NA	-5.85749181566655	-11.0112971517456	NA	NA	-10.333225246633	NA	-4.59851562640711	NA	NA	NA	NA	NA	-5.02261246497342	NA	-11.1633002451906	NA	NA	NA	-12.333225246633	-8.94090782385419	NA	NA	NA	NA	NA	-10.7482627459118	-9.68936905685823	-8.66079990466146	NA	NA	NA	NA	NA	NA	NA	NA	NA	-10.8737936279957	-10.0112971517456	NA	NA	NA	NA	NA	-10.5258703245753	NA	-11.1633002451906	NA	NA	-10.4263346510244	NA	NA	NA	NA	NA	NA	NA	NA	NA	-10.7482627459118	NA	NA	NA	NA	NA	NA	NA	-10.1633002451906	NA	NA	NA	NA	NA	NA	-10.0852977331894	NA	-9.08529773318937	NA	-9.33322524663295	NA	-10.8737936279957	NA	NA	NA	NA	NA	NA	NA	NA	NA	NA	NA	NA	NA	NA	NA	NA	NA	NA	NA	NA	NA	NA	NA	NA	NA	NA	NA	NA	NA	NA	NA	NA	-11.0112971517456	NA	NA	NA	NA	NA	NA	NA	NA	NA	NA	NA	NA	NA	NA	NA	NA	NA	NA	NA	NA	NA	NA	NA	NA	NA	NA	NA	NA
NW016-2-3	-0.79409976950143	-3.08766930923508	-3.3912855258455	-6.1857013921956	NA	NA	-5.04274343835356	-6.41311188829868	NA	NA	NA	NA	NA	NA	NA	NA	NA	-6.24710193685975	-8.96330897085915	NA	NA	-7.24710193685975	-9.4487357980294	-7.31123227427946	NA	-7.68320105166642	-8.60073889147445	NA	NA	NA	NA	-9.1857013921956	NA	NA	NA	NA	NA	NA	NA	-5.81646758252988	-6.86377329730824	NA	-4.46688314473966	-9.4487357980294	-5.52273637947317	NA	NA	NA	NA	NA	NA	NA	NA	NA	NA	NA	NA	NA	NA	NA	-8.60073889147445	NA	NA	NA	-6.07022417477567	NA	NA	NA	NA	NA	NA	NA	NA	NA	NA	NA	NA	NA	NA	NA	NA	NA	NA	NA	NA	NA	NA	NA	NA	NA	NA	NA	NA	NA	NA	NA	NA	-10.1857013921956	NA	NA	NA	NA	-8.4487357980294	NA	NA	NA	NA	NA	NA	NA	NA	NA	NA	NA	NA	NA	NA	NA	NA	NA	NA	NA	NA	NA	NA	NA	NA	NA	NA	NA	NA	NA	NA	NA	NA	NA	NA	NA	NA	NA	NA	NA	NA	NA	NA	NA	NA	NA	NA	NA	NA	NA	NA	NA	NA	NA	NA	NA	NA	NA	NA	NA	NA	NA	NA	NA	NA	NA	NA	NA	NA	NA	NA	NA	NA	NA	NA	NA	NA	NA	NA	NA	NA	NA	NA	NA	NA	NA	NA	NA	NA	NA	NA	NA	NA	NA	NA	NA	NA	NA	NA
NW016-3	-1.0077295087373	-3.09835332036875	-3.93660225037214	-5.9192201721439	-9.84349284598066	-5.84349284598066	-3.82314420058885	-5.63049912264646	-9.60248474647686	NA	NA	NA	NA	NA	NA	-9.98099636973059	NA	-4.75217767923471	-9.49556954256035	NA	NA	-7.65906827484323	-8.44494346949038	-8.91060704183919	NA	-5.8191086873537	-10.1329994631756	-10.4955695425603	NA	NA	NA	-10.1329994631756	NA	NA	NA	NA	NA	NA	NA	-5.45743441367358	-8.01752224575571	NA	-4.49556954256035	-8.17364144767299	-6.0455366219253	NA	-10.9809963697306	NA	NA	-7.68821462050274	NA	NA	-10.302924464618	NA	NA	NA	-9.60248474647686	NA	NA	NA	-8.77936250856094	NA	-9.98099636973059	-7.34872815423108	-6.68821462050274	NA	NA	-11.302924464618	NA	-12.302924464618	NA	NA	NA	NA	NA	NA	-9.98099636973059	NA	NA	NA	NA	NA	NA	NA	NA	NA	NA	NA	-8.2585303452595	NA	NA	NA	NA	NA	NA	NA	NA	NA	NA	NA	NA	NA	-8.65906827484323	NA	NA	NA	NA	NA	NA	NA	NA	NA	NA	NA	-10.9809963697306	NA	NA	NA	NA	NA	NA	NA	NA	NA	NA	NA	NA	NA	NA	NA	NA	NA	NA	NA	NA	NA	NA	NA	NA	NA	NA	NA	NA	NA	NA	NA	NA	NA	NA	NA	NA	NA	NA	NA	NA	NA	NA	NA	NA	NA	NA	NA	NA	NA	NA	NA	NA	NA	NA	NA	NA	NA	NA	NA	NA	NA	NA	NA	NA	NA	NA	NA	NA	NA	NA	NA	NA	NA	NA	NA	NA	NA	NA	NA	NA	NA	NA	NA	NA	NA	NA
NW016-4-1	-2.53328035989761	-2.52534908626139	-5.19333217375044	-8.40404279003926	NA	-1.26812668076184	-4.11506511695318	-7.68581375845464	-10.0363110055388	NA	NA	-9.65779938228504	NA	NA	NA	-8.89880748178883	NA	-5.40987186884145	-8.71438291065141	NA	NA	-8.22895608348117	-8.40404279003926	-8.60335159826266	-9.65779938228504	-7.45134850481761	-9.18831409898382	-10.1883140989838	NA	NA	NA	-9.18831409898382	NA	NA	-11.0363110055388	NA	NA	NA	NA	-5.34143081273958	-6.24971464364796	NA	-6.61677211402499	-6.78838349209518	-6.24971464364796	NA	NA	NA	NA	NA	NA	-8.55088417836853	-9.55088417836853	NA	NA	NA	NA	NA	-8.50025810529856	NA	-8.83467714436912	NA	-8.65779938228504	-7.60335159826266	-9.65779938228504	NA	NA	NA	NA	NA	NA	NA	NA	NA	NA	NA	NA	NA	NA	NA	NA	NA	NA	NA	NA	NA	NA	-9.55088417836853	NA	NA	NA	NA	NA	NA	NA	NA	NA	NA	NA	NA	NA	NA	-8.89880748178883	NA	NA	NA	NA	NA	NA	NA	NA	NA	NA	NA	NA	NA	NA	NA	NA	NA	NA	NA	NA	NA	NA	NA	NA	NA	NA	NA	NA	NA	NA	NA	NA	NA	NA	NA	NA	NA	NA	NA	NA	NA	NA	NA	NA	NA	NA	NA	NA	NA	NA	NA	NA	NA	NA	NA	NA	NA	-8.83467714436912	NA	NA	NA	NA	NA	NA	NA	NA	NA	NA	NA	NA	NA	-9.77327659970497	NA	NA	NA	NA	NA	NA	NA	NA	NA	NA	NA	NA	NA	NA	NA	NA	NA	NA	NA	NA	NA	NA	NA	NA	NA	NA
NW016-4-2	-1.247032385553	-3.17780860051815	-3.61381471622462	-7.6539373445548	-9.48792739311587	-2.94136840469606	-4.27677972894705	-6.57686112153616	NA	NA	NA	-11.2041344271153	NA	NA	NA	-9.36763315939816	NA	-4.29210052823081	-9.3110496310318	NA	NA	-8.15350835404532	-8.39677950505768	-10.3110496310318	-8.12884629981105	-5.68956125428553	-11.0114893491729	NA	NA	NA	NA	-9.20413442711528	NA	NA	NA	-12.4265268484517	NA	NA	NA	-5.43028876724793	-8.6539373445548	NA	-4.77786967241319	-6.84156434773057	-6.18494086188197	NA	NA	NA	NA	-10.1045987535644	NA	-11.0114893491729	NA	NA	NA	NA	-10.0114893491729	NA	NA	NA	-9.61917192639413	NA	-10.0114893491729	-8.17859933500815	-7.92402650792255	NA	NA	NA	NA	-11.6895612542855	NA	NA	NA	NA	NA	NA	NA	NA	NA	NA	NA	NA	NA	NA	NA	NA	NA	NA	-9.42652684845173	NA	NA	NA	NA	NA	NA	NA	NA	NA	NA	NA	NA	NA	-8.80203598354394	NA	NA	NA	NA	NA	NA	NA	NA	NA	NA	NA	NA	NA	NA	NA	NA	NA	NA	NA	NA	NA	NA	NA	NA	NA	NA	NA	NA	NA	NA	NA	NA	NA	NA	NA	NA	NA	NA	NA	NA	NA	NA	NA	NA	NA	NA	NA	NA	NA	NA	NA	NA	NA	NA	NA	NA	NA	NA	NA	NA	NA	NA	NA	NA	NA	NA	NA	NA	NA	NA	NA	NA	NA	NA	NA	NA	NA	NA	NA	NA	NA	NA	NA	NA	NA	NA	NA	NA	NA	NA	NA	NA	NA	NA	NA	NA	NA	NA
NW016-5	-6.93397082351354	-3.40306867091778	-7.7453612588063	NA	-9.13238438191554	-0.429190665200075	-3.5086435534379	-11.4177866007778	-9.83282410005664	NA	NA	-9.37339248141934	NA	NA	NA	-10.7173468826367	NA	-7.81787375859067	-9.06023459615971	NA	NA	-7.08686972266318	-7.97484310492906	-9.20833323514884	-10.0958585058904	-11.2478615993355	-10.025469177999	-9.37339248141934	NA	NA	NA	-12.0958585058904	NA	NA	NA	-11.8328241000566	NA	NA	NA	-6.80307675666258	-7.78842998069818	NA	-8.86319774910016	-12.4177866007778	NA	NA	-10.1698590873342	NA	NA	NA	NA	-8.48704926321491	-9.02546917799903	NA	NA	NA	-9.20833323514884	NA	-9.46359029039092	NA	-9.24786159933548	NA	-9.9583549821405	-8.28850358383283	NA	NA	NA	NA	NA	NA	NA	NA	NA	NA	NA	NA	NA	NA	NA	NA	NA	NA	NA	NA	NA	NA	NA	-9.37339248141934	NA	NA	NA	-10.025469177999	NA	NA	NA	NA	NA	NA	NA	NA	NA	NA	NA	NA	NA	NA	NA	NA	NA	NA	NA	NA	NA	NA	-13.4177866007778	NA	NA	NA	NA	NA	NA	-12.0958585058904	NA	NA	NA	NA	NA	NA	NA	NA	NA	NA	NA	NA	NA	NA	NA	NA	NA	NA	NA	NA	NA	NA	NA	NA	NA	NA	NA	NA	NA	NA	NA	NA	NA	NA	NA	NA	NA	NA	NA	NA	NA	NA	NA	NA	NA	NA	NA	NA	NA	NA	NA	NA	NA	NA	NA	NA	NA	NA	NA	NA	NA	NA	NA	NA	NA	NA	NA	NA	NA	NA	NA	NA	NA	NA	NA	NA	NA	NA	NA
NW018-1	-0.960036721228237	-4.24145346412051	-3.88222961957291	NA	-11.6617144854771	-4.63301905247667	-4.9553418115823	-4.28667505413021	-5.57122395152923	-4.86358988947307	-9.18366718867249	-10.6617144854771	-7.5864263581729	-5.81801771635581	NA	-7.5864263581729	NA	NA	-8.42467528817629	-9.82521321776001	NA	-6.07246462635288	-10.0096377888974	NA	-5.94550745147773	NA	-7.75482388986862	-12.1471413126474	-7.9144805558571	NA	NA	NA	-10.5621788119262	-5.79311237459299	-9.11151740291665	-7.37103732457421	-7.66171448547713	-6.66171448547713	NA	-8.24025071703886	-8.68770969401008	-6.37103732457421	NA	-7.31932228803006	NA	-8.71418190537127	NA	NA	NA	NA	NA	NA	-7.00963778889744	NA	-12.1471413126474	-6.85435956341953	-7.36054495075657	-7.71418190537127	-8.68770969401008	NA	NA	NA	NA	NA	-7.27924484865472	NA	NA	NA	-9.07675198475598	NA	NA	NA	NA	NA	NA	-9.61108841240716	NA	NA	NA	NA	NA	NA	NA	NA	NA	NA	NA	NA	NA	NA	NA	NA	NA	NA	NA	NA	NA	NA	NA	NA	-9.00963778889744	NA	NA	NA	-11.2991444060924	NA	NA	NA	NA	NA	NA	NA	NA	NA	NA	NA	NA	NA	NA	NA	NA	-11.6617144854771	NA	NA	NA	NA	NA	NA	NA	NA	NA	NA	NA	NA	NA	NA	NA	NA	NA	NA	NA	NA	NA	NA	NA	NA	NA	NA	NA	NA	NA	NA	NA	NA	NA	NA	NA	NA	NA	NA	NA	NA	NA	NA	NA	NA	NA	NA	NA	NA	NA	NA	NA	NA	NA	NA	NA	NA	NA	NA	NA	NA	NA	NA	NA	-11.4690694075347	NA	NA	NA	NA	NA	NA	NA	NA	NA	NA	NA	NA	NA	NA	NA
NW018-2	-1.14789678780605	-3.867242024507	-4.46759505992975	NA	NA	-4.9845574605331	-5.52633402808222	-4.37239832210317	-6.37587889083813	-3.78859507820686	NA	NA	-6.62642235248873	-5.00058757035205	NA	-5.38286532115424	NA	NA	-6.81197800564481	-10.7474377534501	NA	-6.95042477561395	-9.26201092627986	NA	-7.56157120813876	NA	-6.56951996125425	NA	-8.09208592483754	NA	NA	NA	NA	-6.00327665787969	-8.23647583417272	-9.06936584833746	-7.91961872883278	-6.71181384371938	NA	-7.85991248270851	-7.2880061348128	-4.71401475191265	NA	NA	NA	-8.89944084689515	NA	NA	NA	NA	NA	NA	-6.61815473650513	NA	NA	-6.69432641699054	-6.83096110901238	-7.98190300708712	-7.98190300708712	NA	NA	NA	NA	NA	-6.49193702030171	NA	NA	NA	-7.80257930764256	NA	NA	NA	NA	NA	NA	-8.85991248270851	NA	NA	NA	NA	NA	NA	NA	NA	NA	NA	NA	NA	NA	NA	NA	NA	NA	NA	NA	NA	NA	NA	NA	NA	-8.2880061348128	NA	NA	NA	-11.0693658483375	NA	NA	NA	NA	NA	NA	NA	NA	NA	NA	NA	NA	NA	NA	NA	NA	NA	NA	NA	NA	NA	NA	NA	NA	NA	NA	NA	NA	NA	NA	NA	NA	NA	NA	NA	NA	NA	NA	NA	NA	NA	-9.60993422970016	NA	NA	NA	NA	NA	NA	NA	NA	NA	NA	NA	NA	NA	NA	NA	NA	NA	NA	NA	NA	NA	NA	NA	NA	NA	NA	NA	NA	NA	NA	NA	NA	NA	NA	NA	NA	NA	NA	-11.0693658483375	NA	NA	NA	NA	NA	NA	NA	NA	NA	NA	NA	NA	NA	NA	NA
NW018-3-1	-0.918062107588275	-3.90803674216015	-4.6093619761593	NA	NA	-4.5016244894956	-6.19597044972402	-3.57121254269776	-6.12370016323386	-5.58166398742072	NA	-10.6853552904629	-5.91006157763764	-6.78588216641691	NA	-6.72045909141886	NA	NA	-7.22592367182565	-9.99347758582528	NA	-7.24624365620524	-10.9263633899667	NA	-9.13786749516045	NA	-7.19597044972402	-10.9263633899667	-6.89394191227436	NA	NA	NA	NA	-6.5529049944393	-8.71336966663254	-9.17634164297509	-7.74193881882931	-6.57844008654643	NA	-7.64432802220289	-9.2983321673537	-6.19597044972402	NA	-7.97640407246633	NA	-8.5031519592422	NA	NA	NA	NA	NA	-10.9263633899667	-6.14739026927896	-10.385795008604	NA	-7.43159869821716	-7.4432805032648	-8.45505767104115	-6.68535529046294	NA	NA	NA	NA	NA	-6.67154949093791	NA	NA	NA	-6.96794249371814	NA	NA	NA	NA	NA	NA	-10.5784400865464	NA	NA	NA	-10.4789044129955	NA	NA	NA	NA	NA	NA	NA	NA	NA	NA	NA	NA	NA	NA	NA	NA	NA	NA	NA	NA	-10.5784400865464	NA	NA	NA	-12.0638669137167	NA	NA	NA	NA	NA	NA	NA	NA	NA	NA	NA	NA	NA	NA	NA	NA	NA	NA	NA	NA	NA	NA	NA	NA	NA	NA	NA	NA	NA	NA	NA	NA	NA	NA	NA	NA	NA	NA	NA	NA	NA	-9.92636338996674	NA	NA	NA	NA	NA	NA	NA	NA	NA	NA	NA	NA	NA	NA	NA	NA	NA	NA	NA	NA	NA	NA	NA	NA	NA	NA	NA	NA	NA	NA	NA	NA	NA	NA	NA	NA	NA	NA	-10.6853552904629	NA	NA	NA	NA	NA	NA	NA	NA	NA	NA	NA	NA	NA	NA	NA
NW018-3-2	-1.01719106183415	-4.87459570897847	-3.41364573022113	NA	NA	-4.56048711855041	-6.21897865469353	-4.04591394572065	-6.26204737658541	-4.23676796813706	NA	NA	-6.53385199204694	-4.99658623335708	NA	-6.66258530616914	NA	NA	-7.80394115541468	NA	NA	-6.26204737658541	NA	NA	-7.2475478068903	NA	-7.64347648322144	NA	-7.53385199204694	NA	NA	NA	NA	-7.08404907460742	-7.80394115541468	-6.91412407316511	-6.91412407316511	-6.2475478068903	NA	-8.30644149594387	-8.36784204060801	-6.2049034694818	NA	NA	NA	NA	NA	NA	NA	NA	NA	NA	-7.05851398250028	-9.89140399666502	NA	-6.58762324848792	-9.08404907460742	-8.64347648322144	-7.84700987730657	NA	NA	NA	NA	NA	-5.78287953988685	NA	NA	NA	-8.9845134010565	NA	NA	NA	NA	NA	NA	NA	NA	NA	NA	NA	NA	NA	NA	NA	NA	NA	NA	NA	NA	NA	NA	NA	NA	NA	NA	NA	NA	NA	NA	NA	NA	NA	NA	NA	NA	NA	NA	NA	NA	NA	NA	NA	NA	NA	NA	NA	NA	NA	NA	NA	NA	NA	NA	NA	NA	NA	NA	NA	NA	NA	NA	NA	NA	NA	NA	NA	NA	NA	NA	NA	NA	NA	NA	NA	NA	NA	NA	NA	NA	NA	NA	NA	NA	NA	NA	NA	NA	NA	NA	NA	NA	NA	NA	NA	NA	NA	NA	NA	NA	NA	NA	NA	NA	NA	NA	NA	NA	NA	NA	NA	NA	NA	NA	NA	NA	NA	NA	NA	NA	NA	NA	NA	NA	NA	NA	NA	NA	NA	NA	NA	NA
NW018-4	-1.06044414061697	-3.93308304182594	-4.88306925746361	NA	-11.3772105303886	-3.70883202147976	-6.10241641109228	-3.7405859098449	-5.9271776097535	-5.40977839284498	NA	-10.8626373575588	-6.47720632036527	-5.46688902937976	NA	-7.18456545244616	NA	NA	-6.58465261025903	-9.7922480296674	NA	-7.07604099566799	NA	NA	-7.42967795028269	NA	-8.30192240308432	-10.8626373575588	-8.07604099566799	NA	NA	NA	NA	-6.00963976994548	-9.23036914205928	NA	-7.1401713330877	-6.24792751344359	NA	-7.61470984411521	-8.20728552894624	-5.07342978221145	NA	-8.30192240308432	NA	-8.37721053038855	-10.8626373575588	NA	NA	NA	NA	-10.1845654524462	-7.04501410004736	NA	NA	-6.46346626373897	-6.35801696515524	-7.39014958609605	-7.33907540150178	NA	NA	NA	-9.72513383380886	NA	-7.07604099566799	NA	NA	NA	-10.8626373575588	NA	NA	NA	NA	NA	NA	-10.1845654524462	NA	NA	NA	NA	NA	NA	NA	NA	NA	NA	NA	NA	NA	NA	NA	NA	NA	NA	NA	NA	NA	NA	NA	NA	-8.45664499788296	NA	NA	NA	NA	NA	NA	NA	NA	NA	NA	NA	NA	NA	NA	NA	NA	NA	NA	NA	NA	NA	-11.8626373575588	NA	NA	NA	NA	NA	NA	NA	NA	NA	NA	NA	NA	NA	NA	NA	NA	NA	NA	NA	NA	NA	NA	NA	-9.72513383380886	NA	NA	NA	NA	NA	NA	NA	NA	NA	NA	NA	NA	NA	NA	NA	NA	NA	NA	NA	NA	NA	NA	NA	NA	NA	NA	NA	NA	NA	NA	NA	NA	NA	NA	NA	NA	NA	NA	-10.1845654524462	NA	NA	NA	NA	NA	NA	NA	NA	NA	NA	NA	NA	NA	NA	NA
NW018-5	-1.01896619752564	-3.86501832295475	-4.36486421003795	NA	NA	-3.44335382515666	-5.85883217853852	-3.78911488747813	-5.89816459093662	-6.06311399708822	-9.44732637022993	NA	-6.85530911197482	-6.5981512724777	NA	-6.82743007939938	NA	NA	-6.20387233336565	-9.53478921148027	NA	-6.60405187391738	NA	NA	-9.89093302170554	NA	-8.49039509212181	-9.94982671075911	-6.92007936736506	NA	NA	NA	NA	-5.46332684892364	-9.53478921148027	NA	-6.97254678725919	-6.71461024906508	NA	-7.56900492681818	-9.62789861587175	-7.15974978013334	NA	-11.2128611165929	NA	-9.14247178870151	NA	NA	NA	NA	NA	-10.1424717887015	-8.09184571563154	NA	NA	-7.4262647547021	-6.18606105724919	-8.30597052098439	-6.58642197989559	NA	NA	NA	NA	NA	-8.65214616211843	NA	NA	NA	-7.24016846258864	NA	NA	NA	NA	NA	-9.7799017093168	-11.9498267107591	NA	NA	NA	-10.1424717887015	NA	NA	NA	NA	NA	NA	NA	NA	NA	NA	NA	NA	NA	NA	NA	NA	NA	-11.9498267107591	NA	NA	-11.7274342894227	NA	NA	NA	-10.8343494933392	NA	NA	NA	NA	NA	NA	NA	NA	NA	NA	NA	NA	NA	NA	NA	NA	-12.2128611165929	NA	NA	-11.075357592843	NA	NA	NA	NA	NA	NA	NA	NA	NA	NA	NA	NA	NA	NA	NA	NA	NA	NA	NA	NA	NA	-10.6278986158717	NA	NA	NA	NA	NA	NA	NA	NA	NA	NA	NA	NA	NA	NA	NA	NA	NA	NA	NA	NA	NA	NA	NA	NA	NA	NA	NA	NA	NA	NA	NA	NA	NA	NA	NA	NA	NA	NA	NA	NA	NA	NA	NA	NA	NA	NA	NA	NA	NA	NA	NA	NA	NA	NA
NW019-1	-2.34958661442298	-3.50906036209639	-2.74787026811424	-6.92461009111287	-10.4771511141416	-3.16064329503853	-7.2547586928052	-3.39606718545401	-7.35061870821271	-6.54483792165322	NA	-5.90830827878376	-7.45330437218728	-9.92461009111287	NA	-8.27551725297199	-5.70808467680841	-5.9874369285683	-5.90022593248591	NA	-4.79720192178834	NA	-9.68360199160907	-6.92461009111287	NA	-6.51985556509588	-4.69404373833072	-8.86047975369315	NA	-8.76933186563496	-6.60925465014899	NA	-7.87624706955147	NA	-8.62915420758669	NA	NA	-9.92461009111287	NA	NA	NA	NA	-6.67668257766928	-11.799079209029	-7.395357022978	-8.62915420758669	NA	NA	-8.00900227840324	-6.6358488601607	-10.4771511141416	-10.9246100911129	NA	-6.56386274733497	NA	NA	NA	NA	-9.62915420758669	-6.17947056550096	-9.47715111414164	NA	NA	-11.0621136148628	NA	-5.36445098139228	NA	NA	NA	NA	NA	-5.5543189746641	NA	-9.02648970513208	NA	NA	NA	-10.799079209029	NA	NA	NA	NA	NA	NA	NA	-8.86047975369315	-7.47715111414164	NA	NA	NA	-10.2141167083079	NA	NA	NA	NA	-11.5766867876926	-8.00900227840324	-8.27551725297199	NA	NA	NA	NA	NA	-10.2965788684998	NA	NA	NA	NA	-10.799079209029	NA	NA	NA	NA	NA	NA	-11.0621136148628	NA	NA	-12.0621136148628	NA	NA	NA	NA	NA	NA	NA	-10.5766867876926	NA	NA	NA	NA	NA	NA	-10.2141167083079	NA	-9.47715111414164	NA	-9.9917242869714	NA	NA	NA	NA	NA	NA	NA	NA	NA	NA	NA	NA	NA	NA	NA	NA	NA	NA	NA	NA	NA	NA	NA	NA	NA	NA	NA	NA	NA	NA	NA	NA	NA	NA	NA	NA	NA	NA	NA	NA	NA	NA	NA	NA	NA	-11.0621136148628	NA	NA	NA	NA	NA	NA	-10.6836019916091	NA	NA	NA	NA	NA	NA	NA	NA	NA	NA
NW019-2-1	-2.16695904529044	-3.64597846929713	-2.59164306220587	-6.65663695079586	NA	-3.0994491161763	-8.1130152454556	-3.62190792068086	-8.63238940454918	-7.031485359959	NA	-6.19942999727307	-8.36935499871538	-10.0798483815204	NA	-7.47319080969992	-6.49488588079924	-7.19942999727307	-5.84579304265837	NA	-5.47319080969992	NA	NA	-7.031485359959	NA	-6.90992338007809	-5.57927806808962	-9.29135248671411	-8.8388402820166	NA	-4.83537642671303	NA	-8.32982663452875	NA	-8.8388402820166	NA	NA	NA	NA	NA	NA	NA	-6.55059531338553	NA	-7.56200007665778	-8.21735190527033	NA	NA	-7.25387778129545	-6.42033892743419	-9.29135248671411	-10.3693549987154	NA	-6.00012118904966	NA	NA	NA	NA	-10.0798483815204	-5.96185117212195	-10.5392800001577	NA	NA	NA	NA	-5.04742690382802	NA	-11.5392800001577	NA	NA	NA	-5.36435431765702	NA	-8.89542381038297	NA	NA	NA	-10.2173519052703	NA	NA	NA	NA	NA	NA	-11.2173519052703	-8.5392800001577	-7.70638998599295	NA	NA	NA	NA	NA	NA	NA	NA	NA	NA	-9.73192507810009	NA	NA	NA	NA	NA	-9.63238940454918	NA	NA	NA	NA	-10.2173519052703	NA	NA	NA	NA	NA	NA	NA	NA	NA	NA	NA	NA	NA	NA	NA	NA	NA	-10.5392800001577	NA	NA	NA	NA	NA	NA	NA	NA	-8.40999698321273	NA	-10.5392800001577	NA	-10.5392800001577	NA	NA	NA	NA	NA	NA	NA	NA	NA	NA	NA	NA	NA	NA	NA	NA	NA	NA	NA	NA	NA	-10.0798483815204	NA	NA	NA	NA	NA	NA	NA	NA	NA	NA	NA	NA	NA	NA	NA	NA	NA	NA	NA	NA	NA	NA	NA	NA	NA	NA	NA	NA	NA	NA	NA	NA	NA	NA	NA	NA	NA	NA	NA
NW019-2-2	-2.40009233180975	-3.87002599251296	-3.18810665406303	-7.15286211610175	-9.64114859741123	-2.76941444721633	-6.60162023322459	-4.17626254868183	-9.05618609669008	-6.2336447708178	NA	-5.74498440839577	-6.60162023322459	NA	NA	-7.74498440839577	-6.53494919357931	-8.56314608540996	-6.2336447708178	NA	-5.39322108396765	NA	-9.05618609669008	-7.12457307167033	-10.4891455039662	-8.25648474717591	-6.21861656158546	-8.25648474717591	-7.70254914207538	NA	-3.83379367535363	NA	-7.48914550396618	NA	-7.95309260372597	NA	NA	NA	NA	NA	NA	NA	-5.82238891208138	-11.0037186767959	-7.05618609669008	-8.22611109813239	NA	-11.0037186767959	-6.73425800180271	-6.61140125401718	-9.48914550396618	NA	NA	-6.30327895865485	NA	-11.4891455039662	NA	NA	NA	-6.15286211610175	NA	NA	NA	-10.0037186767959	NA	-4.2953737605695	NA	NA	NA	NA	NA	-4.37853169846529	NA	-9.90418300324503	NA	NA	NA	NA	-9.11063388071245	NA	NA	NA	NA	NA	-11.0037186767959	-9.35164198021625	-8.5256713799913	NA	NA	NA	NA	NA	NA	NA	NA	NA	NA	-9.11063388071245	NA	NA	NA	NA	NA	NA	NA	-10.8110735988535	NA	NA	-9.81107359885354	NA	NA	NA	NA	NA	NA	NA	NA	NA	-11.0037186767959	NA	NA	NA	NA	NA	NA	NA	-11.0037186767959	NA	NA	NA	NA	NA	NA	-9.64114859741123	NA	-9.05618609669008	NA	-7.72361075760321	NA	-10.8110735988535	NA	NA	NA	NA	NA	NA	NA	NA	NA	NA	NA	NA	NA	NA	NA	NA	NA	NA	NA	NA	NA	NA	NA	NA	NA	NA	NA	NA	NA	NA	NA	NA	NA	NA	NA	NA	NA	NA	NA	NA	NA	NA	NA	NA	NA	NA	NA	NA	NA	NA	-11.4891455039662	NA	NA	NA	NA	NA	NA	NA	NA	NA	NA
NW019-3	-1.95426791861951	-3.99352224583369	-2.8903413554732	-6.83888557228056	-10.2983171909179	-2.96690257429877	-7.81003070960837	-3.94370047732432	-9.18283997349792	-7.00063664227717	NA	-6.45143390467362	-6.86832935017304	-11.4682421923602	NA	-9.07592476958141	-6.49096226886025	-7.07592476958141	-6.63535217819543	NA	-5.00881057372287	NA	-9.3389591754152	-7.08453789988612	-9.3389591754152	-7.66088727030257	-6.07592476958141	-7.82438600258545	-9.11069018774209	NA	-4.95451459640773	NA	-7.91365334068253	NA	-8.85353234824496	NA	NA	NA	NA	NA	NA	NA	-6.22506820888722	NA	-6.80290627517499	-7.91365334068253	NA	-11.6608872703026	-6.15990316222076	-5.93296681573937	-9.07592476958141	NA	NA	-6.55535285613021	NA	NA	NA	NA	NA	-5.91365334068253	-10.6608872703026	NA	NA	-10.2983171909179	NA	-5.25149633416486	NA	NA	NA	NA	NA	-4.62432114107114	NA	-10.4682421923602	NA	NA	NA	NA	NA	NA	NA	NA	NA	NA	-10.7678024742191	-9.46824219236017	-8.85353234824496	NA	NA	NA	-12.4682421923602	NA	-11.2983171909179	NA	NA	NA	NA	-9.7133546901967	NA	NA	NA	NA	NA	-10.1463140974728	NA	-11.6608872703026	NA	NA	-9.46824219236017	NA	NA	NA	NA	NA	NA	NA	NA	NA	-10.3807793511098	NA	NA	NA	NA	NA	NA	NA	-10.7678024742191	NA	NA	NA	-14.4682421923602	NA	NA	-10.6608872703026	NA	-8.359717735582	NA	-9.25878882673122	NA	-12.1463140974728	NA	NA	NA	NA	NA	NA	NA	NA	NA	NA	NA	NA	NA	NA	NA	NA	NA	NA	NA	NA	NA	NA	NA	NA	NA	NA	NA	NA	NA	NA	NA	NA	-10.883279691639	NA	NA	NA	NA	NA	NA	NA	NA	NA	NA	NA	NA	NA	NA	NA	NA	NA	NA	NA	NA	NA	NA	NA	NA	NA	NA	NA	NA
NW019-4	-1.75911734853007	-3.68383670592793	-2.9117584443168	-7.39944508643068	-10.4328680879681	-3.44418340119597	-7.45558816446822	-3.98888854536688	-8.28312096846345	-8.09301808508351	NA	-5.88212130258489	-8.02347715183043	-10.9734364693308	NA	-8.30358507102317	-6.11093999308077	-6.65150837444348	-6.07531608335005	-12.847905587247	-5.42443946589755	NA	-10.5259774923596	-6.60631960067722	-9.00660333326604	-7.47867177758126	-5.51997875173817	-8.50213075040525	-8.81815824385293	NA	-4.90734727887306	NA	-8.84790558724698	NA	-9.14746586910589	NA	NA	-10.847905587247	NA	NA	NA	NA	-6.60631960067722	-11.4328680879681	-6.52597749235962	-7.55022503860629	NA	NA	-6.22829694371893	-5.98992459211941	-10.5259774923596	-10.9734364693308	NA	-6.11998513268378	NA	NA	NA	NA	-10.3454052467178	-5.85543925993239	-10.6255131659105	NA	NA	-11.1109399930808	NA	-5.44702615096479	NA	NA	NA	NA	NA	-5.65150837444348	NA	-10.3454052467178	NA	NA	NA	NA	NA	NA	NA	NA	NA	NA	-11.1109399930808	-9.62551316591053	-7.73242836982704	NA	NA	NA	-10.6255131659105	NA	-12.1109399930808	NA	NA	NA	NA	-10.732428369827	NA	NA	NA	NA	NA	-9.84790558724698	NA	NA	NA	NA	-9.73242836982704	NA	NA	NA	NA	NA	NA	NA	NA	NA	-10.1109399930808	NA	NA	NA	NA	NA	NA	NA	-10.9734364693308	NA	NA	NA	-13.4328680879681	NA	NA	NA	NA	-9.14746586910589	NA	NA	NA	-10.5259774923596	NA	NA	NA	NA	NA	NA	NA	NA	NA	NA	NA	NA	NA	NA	NA	NA	NA	NA	NA	NA	NA	-10.5259774923596	NA	NA	NA	NA	NA	NA	NA	NA	NA	NA	-10.4328680879681	NA	NA	NA	NA	NA	NA	NA	NA	NA	NA	NA	NA	NA	NA	NA	NA	NA	NA	NA	NA	NA	NA	NA	NA	NA	NA	NA	NA
NW019-5	-2.49033904718933	-3.16784095491235	-2.9401033398068	-6.22994645685457	-10.2512569631	-2.65702123612208	-8.97114904390725	-3.23577553565677	-6.58287845419119	-8.43412102024979	NA	-6.25555710053361	-8.21730963117665	-12.0586118851576	NA	-7.83621946382114	-5.46118003247422	-5.97114904390725	-5.84591286002498	NA	-3.95882576545712	NA	NA	-6.06992719838542	NA	-7.10441557477071	-5.7336813021087	-8.41475569538286	NA	-10.4736493844364	-9.25125696309998	NA	-8.59918026652029	NA	-8.91565393131554	NA	NA	NA	NA	NA	NA	NA	-8.810684371714	NA	-8.41475569538286	-10.7366837902702	NA	NA	-8.12001242982173	-6.13182173211136	-10.1841427672414	-10.1841427672414	NA	-7.15975860861449	NA	NA	NA	NA	-10.8362194638211	-6.59918026652029	-10.9431346677377	NA	NA	NA	NA	-5.45128157140798	NA	NA	-11.6435743858787	NA	NA	-8.13577974568005	NA	-10.2512569631	NA	NA	NA	-11.0586118851576	-13.0586118851576	NA	NA	NA	NA	NA	NA	-8.64357438587874	-8.08898553420111	NA	NA	NA	-11.0586118851576	NA	NA	NA	NA	-11.1841427672414	-10.4736493844364	-9.05861188515759	NA	NA	NA	NA	NA	-10.1841427672414	NA	-10.9431346677377	NA	NA	-10.6435743858787	NA	NA	NA	NA	NA	-11.6435743858787	-10.4736493844364	NA	NA	-9.32164629099138	NA	NA	NA	NA	NA	NA	NA	-10.3216462909914	NA	NA	NA	-9.83621946382114	NA	NA	-9.99971819610402	NA	-9.12001242982173	NA	-10.3216462909914	NA	-9.68937807549187	NA	NA	NA	NA	NA	NA	NA	-12.0586118851576	NA	NA	NA	NA	NA	NA	NA	NA	NA	NA	NA	NA	NA	NA	NA	NA	NA	NA	NA	NA	NA	NA	NA	-10.4736493844364	NA	NA	NA	NA	NA	NA	NA	NA	NA	NA	NA	NA	NA	NA	NA	NA	NA	NA	-11.1841427672414	NA	NA	NA	NA	NA	NA	NA	NA	NA	NA
NW020-1	-5.07232114416929	-2.64755801118073	NA	NA	NA	-10.9240701855853	-2.78153761728107	-5.27062794698142	-4.0191847258672	-3.54108598049379	-6.30936034147014	-6.76756569990535	-7.98547073024949	-5.28021399581062	NA	-4.37204157422627	NA	NA	-7.37974966936153	-6.53748913235573	-3.63405133865273	-5.53175276280658	-5.46190877419247	NA	-5.76083983671704	NA	-5.23058322808602	-9.5090326863065	-8.46463856694805	NA	NA	-7.14271047206068	-6.76756569990535	-4.06920180232511	NA	-6.95444383462886	-6.72767297278184	-6.95444383462886	NA	-7.79478716864038	-7.40050822952833	-8.44294349584873	NA	NA	NA	NA	-7.80859296816541	-10.1871045914191	NA	NA	NA	-9.01717958997683	-7.49780543088325	NA	NA	-5.65105169117893	-9.18710459141914	NA	NA	NA	-6.47560968476905	NA	-8.92407018558534	-7.68885372389131	NA	NA	-9.0496010676692	-9.80859296816541	-9.0827679316044	-9.22363046744425	NA	NA	NA	NA	NA	-6.42156984505616	NA	NA	NA	-8.95444383462886	NA	-8.0332992553401	NA	NA	NA	NA	NA	NA	NA	NA	NA	NA	NA	NA	NA	NA	NA	NA	NA	NA	NA	NA	NA	NA	-10.9240701855853	NA	NA	NA	NA	-11.0496010676692	NA	NA	NA	NA	-9.55483637591963	NA	NA	NA	-10.1167152635277	NA	-9.86517649653178	-10.4215698450562	-8.83660734433501	NA	-10.4215698450562	NA	NA	NA	-10.8085929681654	NA	-14.5090326863065	NA	NA	NA	NA	NA	-11.3391076848642	NA	NA	NA	NA	NA	NA	NA	NA	NA	NA	NA	NA	NA	NA	NA	NA	NA	NA	NA	NA	NA	NA	NA	NA	NA	NA	NA	NA	NA	-11.1871045914191	NA	NA	NA	NA	NA	NA	NA	NA	NA	NA	NA	NA	NA	NA	NA	NA	NA	NA	NA	NA	NA	NA	NA	NA	NA	NA	NA	NA	NA	NA	NA	NA	NA	NA
NW020-2	-3.75350711277013	-2.78085760091509	NA	NA	NA	-10.488216732996	-3.26421505879787	-4.18443598481887	-3.83537175999399	-3.34738696222297	-7.44382261363752	-6.94905792188794	-6.76029627843277	-4.69380086664586	NA	-4.04527323714724	NA	NA	-5.9259743087749	-7.84436054322125	-4.05358850535925	-6.08733729671379	-5.58734992501522	NA	-7.68086181093837	NA	-5.61785201341257	-7.33846961349129	-8.02878511435867	NA	NA	-8.27876336736702	-5.56340422939019	-4.94518491274073	NA	-6.72003240821904	-7.358933716051	-8.09589931021721	NA	-9.24028921955239	-7.33846961349129	-5.28854438815961	NA	NA	NA	NA	NA	NA	-10.1662886381086	NA	NA	NA	-6.98042209279727	NA	NA	-5.59339896968803	-10.3182917315537	NA	-8.27876336736702	NA	-8.06195197829387	NA	-9.90325423227481	-7.76029627843277	NA	NA	-8.6302357378684	NA	-9.78777701485488	-9.90325423227481	NA	NA	NA	NA	NA	-6.55747939543308	NA	NA	NA	-9.58132613738745	NA	-7.29839217411595	NA	NA	NA	NA	NA	NA	NA	NA	NA	NA	NA	NA	NA	NA	NA	NA	NA	NA	NA	NA	NA	NA	-10.3182917315537	NA	NA	NA	NA	NA	NA	NA	NA	NA	NA	NA	NA	NA	NA	NA	-10.488216732996	NA	-10.0287851143587	NA	NA	NA	NA	NA	-11.488216732996	NA	-13.488216732996	NA	NA	NA	NA	NA	NA	NA	NA	NA	NA	NA	NA	NA	NA	NA	NA	NA	NA	NA	NA	NA	NA	NA	NA	NA	NA	NA	NA	NA	NA	NA	NA	NA	NA	NA	NA	NA	NA	NA	NA	NA	NA	NA	NA	NA	NA	NA	NA	NA	NA	NA	NA	NA	NA	NA	NA	NA	NA	NA	NA	NA	NA	NA	NA	NA	NA	NA	NA	NA	NA
NW020-3	-3.96933674038823	-2.89474082983021	NA	NA	-10.2822196956726	-10.034292182229	-3.33823978132885	-4.53738585817304	-4.52900294649363	-3.48942940137152	-7.09239513679257	-7.00609529039835	-6.69725719495143	-5.26262896731471	NA	-4.12740158662048	NA	NA	-6.72763084399495	-6.82278807703529	-2.68091316955075	-6.74306088456456	-5.96933674038823	NA	-7.43672964472821	NA	-6.01075666776821	-7.79036659934291	-8.42423870054501	NA	NA	-6.58177997753149	-5.7161656575015	-4.46523607241721	NA	-7.43672964472821	-6.89851540319853	-6.59571916848937	NA	-8.37532910006407	-7.60979435370109	-5.91589748142677	NA	NA	NA	NA	-9.19475685442225	NA	NA	NA	NA	NA	-8.09239513679257	NA	NA	-5.89420241032745	-9.47486477361498	NA	-7.96029160078522	NA	-6.83927619982386	NA	NA	-7.85595494097049	NA	NA	-9.75865773961557	-10.9602916007852	-8.96029160078522	NA	NA	NA	NA	NA	NA	-6.58873273817326	NA	NA	NA	-8.75865773961557	NA	-9.07276633004364	NA	NA	NA	NA	NA	-10.1122946942303	NA	NA	NA	NA	NA	NA	NA	NA	NA	NA	NA	NA	NA	NA	NA	NA	-11.474864773615	-11.9602916007852	NA	NA	NA	-11.9602916007852	NA	NA	NA	NA	NA	NA	NA	NA	-10.6972571949514	NA	-9.32802338528571	-11.2822196956726	-9.07276633004364	NA	NA	NA	NA	NA	NA	NA	NA	NA	NA	NA	NA	NA	NA	NA	NA	NA	NA	NA	NA	NA	NA	NA	NA	NA	NA	NA	NA	NA	NA	NA	NA	NA	NA	NA	NA	NA	NA	NA	NA	NA	NA	NA	NA	NA	NA	NA	NA	NA	NA	NA	NA	NA	NA	NA	NA	NA	NA	NA	NA	NA	NA	NA	NA	NA	-11.1122946942303	NA	NA	NA	NA	NA	NA	NA	NA	NA	NA	NA	NA
NW020-5	-3.67436668251614	-2.43309760816659	NA	NA	-12.7282925640472	-5.25255913308085	-2.94693285052258	-5.66489748275873	-4.6852652804527	-2.84374043006001	-6.66759663235969	-8.02785284590615	-7.71706530862399	-3.77700784908027	NA	-4.66624642632675	NA	NA	-7.27708145221491	-7.48988782472216	-7.43367181515562	-5.67572451324309	-5.30202780934515	NA	-7.46150602335234	NA	-6.07008108129545	-6.27708145221491	-8.6408297227969	NA	NA	-8.25255913308085	-7.61976810726907	-4.29054049172364	NA	-8.01404704638112	-7.15086373601149	-9.51883919841829	NA	-9.92093764198964	-6.45682953614287	-10.4803650506037	NA	NA	NA	NA	-10.1433300633261	NA	-11.4063644691599	NA	NA	-10.9209376419896	-6.65683020149062	NA	NA	-5.72829256404724	-10.0278528459062	NA	-10.5583675626049	NA	-9.37074055942916	NA	-8.46150602335234	-9.48036505060366	NA	NA	-8.04179203686402	-9.59900954710228	-10.3359751412685	-7.87031156891967	NA	NA	NA	NA	NA	-9.33597514126848	NA	NA	NA	NA	NA	-6.53353570962499	-9.87031156891967	NA	NA	NA	NA	NA	NA	NA	NA	NA	NA	NA	NA	NA	NA	NA	NA	NA	NA	NA	NA	NA	-11.0278528459062	-12.1433300633261	NA	NA	NA	-11.0278528459062	NA	NA	NA	NA	-9.05586722207575	NA	NA	NA	-11.7282925640472	NA	-9.59900954710228	NA	-10.7282925640472	NA	-9.92093764198964	NA	NA	NA	NA	NA	NA	NA	NA	NA	NA	NA	NA	NA	NA	NA	NA	-11.1433300633261	NA	NA	NA	NA	NA	NA	NA	NA	NA	NA	NA	NA	NA	NA	NA	NA	NA	NA	NA	NA	NA	NA	NA	NA	NA	NA	NA	NA	NA	NA	NA	NA	NA	NA	NA	NA	NA	NA	NA	NA	NA	NA	NA	NA	NA	NA	-12.7282925640472	NA	NA	NA	NA	NA	NA	NA	NA	NA	NA	NA	NA
NW020-6	-1.60684827796285	-2.93859945533586	NA	NA	NA	-4.72177600193075	-3.92671685067192	-5.32470504918135	-5.19759313127801	-3.53293013859121	-6.65888829597536	-8.04013748179792	-8.95372272998044	-4.38988352082504	NA	-6.10386307940831	-7.52200648955497	NA	-8.23024036517786	-8.88813438835287	-5.85642552862553	-6.52823844326649	-6.13681350120959	NA	-5.9748460215462	NA	-6.85642552862553	-7.30317188763171	-9.05805938979518	NA	NA	-8.52200648955497	-5.73252905822762	-4.92260660561001	NA	-8.85642552862553	-7.61180315990562	-10.3799874846825	NA	-9.47309688907403	-7.07620673650544	-7.58557161833244	NA	NA	NA	NA	NA	-9.98767006190378	-8.25070446773758	NA	NA	-12.0580593897952	-7.10386307940831	NA	NA	-6.33013893523198	-10.2925246434322	NA	-9.85642552862553	NA	-10.2100624832402	NA	-10.3799874846825	-6.41998555261446	NA	NA	-8.2925246434322	NA	-10.2100624832402	-9.52200648955497	NA	NA	NA	NA	NA	-9.67954776654145	NA	NA	NA	NA	NA	-7.50962276509914	-7.93704398883382	NA	NA	NA	NA	NA	NA	NA	NA	NA	NA	NA	NA	NA	NA	NA	NA	NA	NA	NA	NA	NA	NA	NA	NA	NA	NA	-12.0580593897952	NA	NA	NA	NA	-10.9205558660452	NA	NA	NA	-11.0580593897952	NA	-10.9205558660452	NA	-10.2100624832402	NA	-11.3799874846825	NA	NA	NA	NA	NA	NA	NA	NA	NA	NA	NA	NA	NA	NA	NA	NA	NA	NA	NA	NA	NA	NA	NA	NA	NA	NA	NA	NA	NA	NA	NA	NA	NA	NA	NA	NA	NA	NA	NA	NA	NA	NA	NA	NA	NA	NA	NA	NA	NA	NA	NA	NA	NA	NA	NA	NA	NA	NA	NA	NA	NA	NA	NA	-13.3799874846825	NA	NA	NA	NA	NA	NA	NA	NA	NA	NA	NA	NA
NW021-3	-0.876900561260516	-4.16681791014251	-2.25169850896179	NA	-3.53550410354017	-6.02603180240328	-8.67187654527146	-5.72572651921571	-7.1900075375144	-9.07042592176173	-7.63503977709109	NA	NA	-8.22607679222193	NA	NA	NA	-8.38011042089435	-9.17230553578094	-9.28193002695544	NA	-8.74849782687437	NA	-9.44239469914869	-7.96000193206808	-8.24445532153678	-9.62296694479051	-9.28193002695544	-10.0704259217617	-7.54117285362686	NA	NA	NA	NA	NA	NA	NA	-9.13754011762027	NA	-10.2819300269554	-8.8860013506243	NA	NA	-11.529857540399	NA	NA	-10.0704259217617	NA	-8.77497003823556	-8.97526868872139	NA	-10.7225026183414	-9.72250261834142	NA	-7.30103884990315	NA	NA	NA	-9.52985754039903	NA	-10.006295584342	NA	-10.4423946991487	-10.9448950396779	NA	NA	-10.9448950396779	NA	NA	NA	NA	NA	NA	NA	NA	NA	NA	NA	NA	NA	NA	-11.7225026183414	NA	NA	NA	NA	NA	NA	NA	NA	NA	NA	NA	NA	NA	NA	-12.2079294455117	NA	NA	NA	NA	NA	NA	NA	NA	NA	NA	NA	NA	NA	NA	NA	NA	NA	NA	NA	NA	NA	NA	NA	NA	NA	NA	NA	NA	NA	NA	NA	NA	NA	NA	NA	NA	NA	NA	NA	NA	NA	NA	NA	NA	NA	NA	NA	NA	NA	NA	NA	NA	NA	NA	NA	NA	NA	NA	NA	-11.7225026183414	NA	NA	NA	NA	NA	NA	NA	NA	NA	NA	NA	NA	NA	NA	NA	NA	NA	NA	NA	NA	NA	NA	NA	NA	NA	NA	NA	NA	NA	NA	NA	NA	NA	NA	NA	NA	NA	NA	NA	NA	NA	NA	NA	NA
NW021-5	-1.15629676006424	-3.29019724388721	-2.85376010666188	NA	-2.78890322235532	-8.89294028814117	-6.63420601974101	-5.87586677478223	-5.12791077555709	-7.11533270947762	-7.76169575486292	NA	NA	-10.1977948696696	NA	-12.2852577109199	NA	-7.09543315203992	-8.7306688592423	-8.89294028814117	NA	-9.11533270947762	-9.33106140053306	-9.47790278886233	-7.65590109084032	-7.21916852046216	-8.89294028814117	-8.26288989789148	-10.1977948696696	-5.42107156626565	NA	NA	NA	NA	NA	-9.24086359156148	NA	-6.37236837468997	NA	-10.3783671153114	-8.61283236894844	NA	NA	-8.96332961603257	NA	NA	NA	NA	-7.46507874850475	-8.15597469397497	NA	-10.7002952101988	-9.82582609228264	NA	-8.58481799277884	NA	NA	NA	-9.96332961603257	NA	-10.4779027888623	NA	NA	NA	NA	NA	NA	NA	-10.1153327094776	NA	NA	NA	NA	NA	NA	NA	NA	NA	NA	NA	NA	NA	NA	NA	NA	NA	NA	-10.1153327094776	NA	NA	NA	NA	NA	NA	NA	NA	-10.1153327094776	NA	NA	NA	NA	NA	NA	NA	NA	NA	NA	NA	NA	NA	NA	NA	NA	NA	NA	NA	NA	NA	NA	NA	NA	NA	NA	NA	NA	NA	-10.7002952101988	-12.7002952101988	NA	NA	NA	NA	NA	NA	NA	NA	NA	NA	NA	NA	NA	NA	NA	NA	NA	NA	NA	NA	NA	NA	NA	NA	NA	NA	NA	NA	NA	NA	NA	NA	NA	NA	NA	NA	NA	NA	NA	NA	NA	NA	NA	NA	NA	NA	NA	NA	NA	NA	NA	NA	NA	NA	NA	NA	NA	NA	NA	NA	NA	NA	NA	NA	NA	NA	NA	NA	NA	NA	NA	NA	NA
NW021-6	-1.76844685982733	-2.55101208421461	-4.20523724737288	NA	-1.87761161882587	-7.7178311747891	-5.77720972186803	-5.27114804889379	-6.82403057862102	-7.83408424328495	-4.98833103086946	-10.4089930793422	NA	-10.2390680778999	NA	-11.824030578621	-12.4089930793422	-7.17377661764815	NA	-9.60163815728457	NA	-7.76513688956745	-9.21259586653868	-10.6016381572846	-8.16106556589859	-6.68561654992393	-6.23573236533661	-7.11743863349834	-9.82403057862102	-5.30920695964171	NA	NA	NA	NA	NA	-8.29351586192224	NA	-7.27971006239721	NA	NA	-7.38662526631372	NA	NA	-8.32153023809184	NA	NA	NA	NA	-10.7460280666197	-8.60163815728457	NA	NA	-8.84420846055865	NA	-8.94956146070488	NA	-12.4089930793422	NA	-9.78450221443438	NA	-9.37924573594813	NA	-10.1866006580057	-11.672027485176	NA	NA	-9.26603512550014	-11.9939555800633	-12.9939555800633	NA	NA	NA	NA	NA	NA	NA	NA	NA	NA	NA	NA	NA	NA	NA	NA	NA	NA	-9.60163815728457	NA	-8.90649273881299	NA	NA	NA	-11.672027485176	NA	NA	-10.9939555800633	NA	NA	NA	-9.03975926967646	NA	NA	NA	NA	-11.672027485176	NA	NA	NA	NA	NA	NA	NA	NA	NA	NA	NA	NA	NA	NA	NA	NA	NA	NA	NA	NA	NA	-12.4089930793422	NA	NA	-13.4089930793422	NA	NA	NA	NA	NA	NA	NA	NA	NA	NA	NA	NA	-14.9939555800633	NA	NA	NA	NA	NA	NA	NA	NA	NA	NA	NA	NA	NA	NA	NA	NA	NA	NA	NA	NA	NA	NA	NA	NA	NA	NA	NA	NA	NA	NA	NA	NA	NA	NA	NA	NA	NA	NA	NA	NA	NA	NA	NA	NA	NA	NA	NA	NA	NA	NA	NA	NA	NA	NA	NA	NA	NA
NW022-1	-1.74910659478269	-1.85003096125006	-3.6886466315107	-9.83000248075624	-7.72764076312656	-11.9174653220066	-5.78818230506161	-6.20321980434046	-5.9118407728127	-3.89371096870716	-9.45803370336928	NA	-6.49961280712068	-5.49961280712068	NA	-5.85137613154881	NA	-6.34003649397083	-6.89509750897813	NA	-9.27360913223186	-8.27360913223186	-8.13610560848192	-9.45803370336928	-5.82470818108673	-6.01057472639806	-6.18275570178074	-8.63206310314433	-6.16257781984311	NA	NA	NA	NA	-5.44173189104018	-9.39390336594957	-9.52514789922782	-9.45803370336928	NA	NA	-9.45803370336928	-8.52514789922782	-6.2954135025502	NA	-6.73755623199165	NA	NA	-10.9174653220066	-8.70801195637763	NA	NA	NA	NA	-8.70801195637763	NA	NA	-8.13610560848192	-10.110110399949	NA	NA	NA	-8.36287647032894	NA	NA	NA	NA	NA	-11.9174653220066	NA	NA	NA	-9.05948432687901	NA	NA	-11.110110399949	NA	-8.87307120264813	NA	NA	NA	NA	NA	-10.0105747263981	NA	NA	NA	NA	NA	NA	NA	NA	-9.21702560386549	NA	NA	NA	NA	NA	-10.110110399949	NA	NA	NA	-8.21702560386549	NA	NA	-9.39390336594957	NA	NA	NA	NA	NA	NA	NA	NA	NA	NA	NA	NA	NA	NA	NA	NA	NA	NA	NA	NA	NA	NA	NA	NA	NA	NA	NA	NA	NA	NA	NA	NA	NA	NA	NA	NA	NA	NA	NA	NA	NA	NA	NA	NA	NA	NA	NA	NA	NA	-10.5955372271192	NA	NA	NA	NA	NA	NA	NA	NA	NA	NA	NA	NA	NA	NA	NA	NA	NA	NA	NA	NA	NA	NA	NA	NA	NA	NA	NA	NA	NA	NA	NA	NA	NA	NA	NA	NA	NA	NA	NA	NA	NA	NA	NA	NA	NA	NA	NA
NW022-4	-2.82768096799005	-3.77678131433202	-5.55117418726487	-8.37714478748982	-7.82162606466115	-10.0292214840695	-4.61579503469666	-6.09062202873366	-6.21208554121933	-5.06398690223019	-13.4215389068483	-8.74911356487678	-2.84647244226962	-4.00157872900039	NA	-2.81976811844057	-7.5760488559039	-5.24162981683334	-5.77408048039336	-7.69361845228508	-8.42153890684828	-5.82534915070387	-5.9296858105186	-7.99527415214618	-8.72109918870719	-8.1927202163524	-5.56978986543222	-6.74205880734283	-3.78400835532297	NA	NA	NA	NA	-5.7994870873919	-6.28198755444948	-7.49080156928539	-9.02922148406952	NA	NA	NA	-8.53889585748644	NA	NA	-8.4673425964614	NA	-8.25161390540596	-8.56355791172071	NA	NA	-9.42153890684828	NA	-8.83657640612712	NA	NA	NA	-8.61418398479067	-12.4215389068483	NA	NA	NA	-7.47902440150904	NA	NA	NA	NA	NA	-8.99527415214618	-9.02922148406952	NA	-11.6141839847907	-6.16887347439803	NA	NA	-6.49080156928539	NA	NA	NA	NA	NA	-10.962107288211	NA	NA	NA	NA	NA	NA	-7.72109918870718	NA	NA	NA	-8.69361845228508	-9.77768271707355	NA	NA	NA	NA	-9.4673425964614	NA	NA	NA	NA	NA	NA	NA	-9.89797695079126	NA	NA	NA	NA	NA	NA	NA	NA	NA	NA	NA	NA	NA	NA	NA	NA	NA	-10.251613905406	NA	-10.7210991887072	-10.5146483112398	NA	NA	NA	NA	NA	NA	NA	NA	NA	NA	NA	NA	-9.77768271707355	-10.8365764061271	NA	-11.8365764061271	NA	NA	NA	NA	NA	NA	NA	NA	NA	NA	NA	-9.42153890684828	NA	NA	NA	NA	NA	NA	NA	NA	NA	NA	NA	NA	NA	NA	NA	NA	NA	NA	NA	NA	NA	NA	NA	NA	NA	NA	NA	NA	NA	NA	NA	NA	NA	NA	NA	NA	NA	NA	NA	NA	NA	NA	NA	NA	NA	NA	NA
NW022-5-1	-1.78848697217964	-3.8547457019808	-3.94558493274746	-6.69368326924829	-7.91269305119008	-7.79903626939451	-5.23980404376678	-4.76394560492615	-5.19957419897824	-4.91861788514719	NA	-10.2584678880318	-4.2754743133375	-3.79494351476063	NA	-4.62426186829081	-9.52150229386561	-4.24910578482812	-6.62426186829081	-8.75596754750263	-6.52150229386561	-6.14299067061188	-6.76661479170214	-7.50358038586834	-7.30427157764494	-6.74539830579244	-5.86043681405866	-7.88923407836609	-5.16395028924752	NA	NA	NA	NA	-4.88053438341571	-9.14299067061188	-9.03607546669536	-9.38399877011567	NA	NA	NA	-9.31986843269596	-10.1429906706119	NA	-8.59550287530938	NA	-8.0885428865895	-8.84343038875297	-10.1429906706119	NA	-8.9854493936254	NA	-9.38399877011567	-9.14299067061188	NA	NA	-8.63397702312402	-10.1429906706119	NA	NA	NA	-8.17100504678147	NA	NA	NA	NA	NA	-10.5215022938656	-8.93653979314445	NA	NA	-5.84343038875297	NA	NA	-10.5215022938656	NA	-9.93653979314445	NA	-9.75596754750263	NA	-9.25846788803181	NA	-9.31986843269596	NA	NA	NA	NA	NA	NA	NA	NA	-8.59550287530938	-10.2584678880318	NA	NA	NA	NA	-8.9854493936254	NA	NA	NA	NA	NA	NA	NA	NA	-11.0360754666954	NA	NA	NA	NA	NA	NA	NA	NA	NA	NA	-9.84343038875297	NA	NA	NA	NA	NA	NA	NA	NA	NA	NA	NA	NA	NA	NA	NA	NA	NA	NA	NA	NA	NA	NA	NA	NA	NA	NA	NA	NA	NA	NA	NA	NA	NA	NA	NA	NA	-8.88923407836609	NA	NA	NA	NA	NA	NA	NA	NA	NA	NA	NA	NA	-11.843430388753	NA	NA	NA	NA	NA	NA	NA	NA	NA	NA	NA	NA	NA	NA	NA	NA	NA	NA	NA	NA	NA	NA	NA	NA	NA	NA	NA	NA	NA	NA	NA	NA	NA	NA
NW022-5-2	-1.07001887865629	-3.98573834786704	-3.18324619905118	-6.59562924488405	-5.8140980982844	-6.29077466335563	-7.46069966479794	-4.42465691487241	-5.36920131031244	-7.5492363393996	NA	NA	-5.62419839708082	-5.66814174466842	NA	-6.25310424538957	-8.49546508295862	-4.71091003027415	-8.56761486871445	-7.53108899268934	-6.29842823589906	-6.84178983215345	-8.64356372194775	-6.29842823589906	-7.8530170875767	-7.8530170875767	-8.46069966479794	-9.32945513151969	-7.5492363393996	NA	NA	NA	NA	-10.0456621655191	-11.8530170875767	-8.89882077718982	-10.6830920861344	NA	NA	NA	-12.2680545868555	-10.5310889926893	NA	-8.32945513151969	NA	-10.3935854689394	-7.1948056048249	-10.1525773694356	NA	-7.23830724346149	NA	-8.4267523328746	-10.6830920861344	-7.70326996807202	NA	-9.46069966479794	NA	NA	NA	NA	-9.60508957413311	NA	NA	-10.5310889926893	-8.8530170875767	NA	NA	-7.92227975001381	NA	NA	-5.95819932426876	NA	NA	-9.20916089780197	NA	NA	NA	-10.2680545868555	NA	-8.99503609244913	NA	NA	NA	NA	NA	NA	NA	NA	NA	NA	-8.68309208613439	NA	NA	NA	NA	NA	NA	NA	NA	NA	NA	NA	NA	NA	NA	-10.1525773694356	NA	NA	NA	NA	NA	NA	-9.32945513151969	NA	NA	NA	-9.15257736943561	-11.0456621655191	NA	NA	NA	NA	NA	NA	NA	-10.3935854689394	NA	NA	NA	NA	NA	NA	NA	NA	NA	NA	NA	NA	-11.8530170875767	-11.2680545868555	NA	NA	NA	NA	NA	NA	NA	NA	NA	NA	NA	NA	NA	NA	NA	NA	NA	NA	NA	NA	NA	NA	NA	NA	NA	NA	NA	NA	NA	NA	NA	NA	NA	NA	NA	NA	-10.3935854689394	NA	NA	NA	NA	NA	NA	NA	NA	NA	NA	NA	NA	NA	NA	NA	NA	NA	NA	NA	NA	NA	NA	NA	NA
NW022-6	-2.11445245471018	-1.31545019063808	-3.73446190253054	-9.41144264784764	-9.19571395679221	-8.04371086334716	-5.0324836079239	-5.83036358161371	-6.06185821005741	-4.98842842784597	-10.5582840361769	NA	-5.85388630446714	-5.61744610864506	NA	-4.93727878553023	NA	-6.46477215025377	-9.55828403617691	NA	-10.1177114447909	-7.44677572095992	-7.36563895823452	-10.458748362626	-8.458748362626	-8.23635594128955	NA	-8.72178276845979	-5.83036358161371	-5.46175711249834	NA	NA	NA	-6.88182318097026	-9.50765796310695	-9.61075145607105	-8.87378586190484	NA	NA	NA	-9.55828403617691	-9.04371086334716	NA	-7.29954976777675	NA	-8.34327114520606	NA	-9.27817611698418	NA	-9.90620733959722	NA	-11.0437108633472	-8.97332153545576	NA	NA	-7.99059952688759	-9.84207700217751	NA	NA	NA	-8.66519924009343	NA	NA	-10.2781761169842	NA	NA	-12.0437108633472	NA	NA	NA	-9.90620733959722	NA	NA	-10.1177114447909	NA	-11.0437108633472	NA	NA	NA	NA	NA	-10.0437108633472	NA	NA	NA	NA	-10.2781761169842	NA	NA	NA	NA	NA	NA	NA	NA	NA	NA	NA	NA	NA	NA	NA	NA	NA	NA	NA	NA	NA	NA	NA	NA	NA	NA	NA	NA	NA	NA	NA	NA	NA	NA	NA	NA	NA	NA	NA	NA	NA	NA	NA	NA	NA	NA	NA	NA	NA	NA	NA	-12.0437108633472	NA	NA	-12.3656389582345	NA	NA	NA	NA	NA	NA	NA	NA	NA	NA	NA	-10.6651992400934	NA	NA	NA	NA	NA	NA	NA	NA	NA	NA	NA	NA	NA	NA	NA	NA	NA	NA	NA	NA	NA	NA	NA	NA	NA	NA	NA	NA	NA	NA	NA	NA	NA	NA	NA	NA	NA	NA	NA	NA	NA	NA	NA	NA	NA	NA	NA
NW023-1	-1.46611906450109	-3.85852874831555	-4.63397896354361	-2.55273338094298	-13.3988505542797	-9.09142202908746	-6.42386244228778	-5.2379706924404	-4.38650536385987	-8.15092304083612	NA	NA	NA	-6.67365473705304	NA	NA	-11.2613470305298	-8.7320939623949	-6.30503688087697	-4.82596088585912	-6.00825164872724	-6.81991184118632	-8.45399210847216	-9.07692245939234	-8.29451389446497	NA	-8.3988505542797	-6.98606902894123	NA	NA	NA	-6.90059968675188	-11.3988505542797	NA	-7.24910343477502	NA	NA	-8.74349872566715	NA	-9.43537643030482	-7.68185965987476	-11.9134237271095	NA	-8.90059968675188	NA	-7.05189366490082	-9.12086580697994	NA	-6.22093276208386	-8.24504521820067	NA	-9.67638452980861	NA	-10.020338931026	-9.29451389446497	NA	NA	NA	-10.8627976540395	NA	-10.9134237271095	NA	-7.58635232894614	NA	NA	NA	-7.87528859822269	-10.9658911470036	-10.4728511357235	-7.68185965987476	NA	NA	-5.94599158956589	NA	NA	NA	-7.9725857995776	-5.87842830575326	-9.3284612263883	-11.3284612263883	NA	-12.3988505542797	NA	NA	-12.7207786491671	NA	NA	-10.363226644549	-5.1528225737516	NA	-10.1972166931101	NA	-10.9658911470036	NA	NA	-6.8534999094574	NA	NA	NA	NA	NA	NA	-9.31138771302936	-9.9658911470036	-10.5113252835381	-10.7665823387802	NA	-10.1358161484459	NA	NA	-9.13581614844591	NA	NA	-10.4728511357235	-12.1358161484459	NA	NA	NA	NA	NA	NA	-11.5508536477248	NA	NA	NA	NA	NA	NA	NA	-9.57103152966238	NA	NA	NA	NA	NA	NA	NA	NA	NA	NA	NA	NA	-9.5914956322221	-11.1358161484459	NA	NA	NA	NA	NA	NA	NA	NA	NA	NA	-11.1972166931101	-12.7207786491671	NA	-10.9134237271095	NA	NA	NA	NA	NA	NA	NA	NA	-11.9134237271095	NA	NA	NA	NA	NA	NA	NA	NA	NA	NA	NA	NA	NA	NA	NA	NA	NA	NA	NA	NA	NA	NA	NA	NA	NA	NA	NA	NA	NA	NA	NA	NA	NA	NA
NW023-3	-2.41617927051207	-3.78768438244721	-3.29130550301069	-1.5845597382839	-10.4844201318249	NA	-5.73667469890544	-5.91153046340431	-5.30119830776912	-6.1105399573028	NA	NA	NA	-7.29327864447288	NA	NA	NA	-9.03375872281532	-8.1245241867385	-4.45026312109283	-5.52094600785	-7.11518632215917	-8.39131072743341	-6.75468610688976	-8.74745453765868	NA	-9.99899330465465	-7.2723696547099	NA	NA	NA	-7.44879622209417	-10.3038478861831	NA	-6.96504597273131	NA	NA	-6.61652366783223	NA	-10.2213857259911	-8.10590850857116	-9.93187910879611	NA	-8.30384788618307	NA	-7.53332973230583	-10.3913107274334	NA	-6.81388189939766	-8.74745453765868	NA	-9.63642322526994	NA	-8.66339027287021	-9.74745453765868	NA	NA	NA	NA	NA	NA	NA	-7.54582067648903	NA	NA	NA	-9.5839558053758	NA	-9.26202771048844	-8.46057338987052	NA	NA	-6.56476224014249	NA	NA	NA	-8.60995101390875	-7.74745453765868	-8.32522153697563	NA	NA	NA	NA	NA	-10.2213857259911	NA	NA	-7.9819197912957	-7.01627129608648	NA	NA	NA	NA	NA	NA	-7.38008347201015	NA	NA	NA	NA	NA	NA	-10.5839558053758	-10.3913107274334	-8.46057338987052	NA	NA	-8.48442013182489	NA	NA	-10.4844201318249	-11.2213857259911	NA	NA	NA	NA	NA	NA	NA	NA	NA	-10.2213857259911	NA	NA	NA	NA	NA	NA	NA	-8.18185736180446	NA	NA	NA	NA	NA	NA	NA	NA	NA	NA	NA	NA	-9.80634822671225	NA	NA	NA	NA	NA	NA	NA	NA	NA	NA	NA	NA	NA	-12.3913107274334	NA	NA	NA	NA	NA	NA	NA	NA	NA	-11.8063482267122	NA	NA	NA	NA	NA	NA	NA	NA	NA	NA	NA	NA	NA	NA	NA	NA	NA	NA	NA	NA	NA	NA	NA	NA	NA	NA	NA	NA	NA	NA	NA	NA	NA	NA
NW023-4	-2.02888017507569	-4.00960575352348	-4.01895033845535	-1.8389909624238	-8.83991075527669	-9.64726567733429	-6.9870150493089	-5.76812007220868	-4.22219967221582	-8.20669308594831	NA	NA	NA	-6.67983353979072	NA	NA	NA	-9.24516723376295	-8.187834058697	-4.37914144990388	-4.97686233294801	-8.28469559794959	-8.41022648003344	-8.4546205993919	-9.28469559794959	NA	-10.7541808812508	-6.90003174771426	NA	NA	NA	-5.93498434654868	-10.8696580986707	NA	-6.28469559794959	NA	NA	-8.62173058522716	NA	NA	-8.13269250450454	-10.1326925045045	NA	-8.41022648003344	NA	-8.20669308594831	-10.3671577581416	NA	-8.30487347988722	-8.7821952574204	NA	-8.26479604051188	NA	-8.90003174771426	-9.32533758244693	NA	NA	NA	-10.2846955979496	NA	-11.6472656773343	NA	-7.08829838514608	NA	NA	NA	-8.43225278636344	-10.9951889807546	NA	-7.43225278636344	NA	NA	-5.62489786430584	NA	NA	NA	-7.50042428900502	-7.9951889807546	-9.0283558446898	NA	NA	NA	NA	NA	-9.81076440961717	NA	NA	-8.11477059650727	-6.25494825455553	NA	NA	NA	NA	NA	NA	-6.90003174771426	NA	NA	NA	NA	NA	NA	-10.5477300037834	-10.6472656773343	-7.93105864333489	-9.50042428900502	NA	-7.63444163697671	NA	NA	-9.24516723376295	-9.0283558446898	NA	-10.9951889807546	NA	NA	NA	NA	NA	NA	NA	NA	NA	NA	NA	NA	NA	NA	NA	-9.20669308594831	NA	NA	NA	NA	NA	NA	NA	NA	NA	NA	NA	NA	-10.1326925045045	-11.6472656773343	NA	NA	NA	NA	NA	NA	NA	NA	NA	NA	NA	NA	NA	NA	NA	NA	NA	NA	NA	NA	NA	NA	-10.8696580986707	NA	NA	NA	NA	NA	NA	NA	NA	NA	NA	NA	NA	NA	NA	NA	NA	NA	NA	NA	NA	NA	NA	NA	NA	NA	NA	NA	NA	NA	NA	NA	NA	NA	NA
NW023-6	-2.13802987993162	-3.19435209568746	-5.48330984658673	-6.30736105751665	-6.55128664040274	-1.95137379821561	-6.18941980014523	-3.1132973592387	-6.90036087730322	NA	NA	-11.7992141538463	NA	-9.68373693642639	NA	-6.78426381238035	-10.2142516531252	-4.33160860376333	-10.7992141538463	-7.40689673106756	NA	-4.6647878336254	-9.99185923178872	NA	NA	-6.60281694104282	NA	-5.9832972182853	NA	-6.14100267109453	NA	-5.74393171834513	NA	NA	-7.28614457160695	-9.09877443570523	-9.74032046479276	-9.13624914112389	NA	-8.29671381331714	-8.95791189986538	NA	NA	NA	NA	NA	-7.89232355823781	NA	NA	-6.74755203402383	NA	-8.31808746410971	-9.4299803441806	NA	NA	NA	-6.82958780288984	NA	-9.79921415384632	NA	-10.3841766545675	NA	-9.79921415384632	NA	NA	NA	-9.62928915240401	-10.2142516531252	NA	-8.74032046479276	NA	NA	NA	NA	NA	NA	NA	NA	NA	-10.9247450359302	NA	NA	NA	NA	-12.3841766545675	NA	NA	NA	NA	NA	NA	NA	NA	NA	NA	NA	NA	-10.2967138133171	NA	NA	NA	NA	NA	-10.1362491411239	NA	NA	NA	NA	NA	NA	NA	NA	NA	NA	-12.3841766545675	NA	NA	NA	NA	NA	NA	NA	NA	NA	NA	NA	NA	NA	NA	NA	NA	NA	NA	NA	NA	NA	NA	NA	NA	NA	NA	NA	NA	NA	NA	NA	-10.477286058959	NA	NA	NA	NA	NA	NA	NA	NA	NA	NA	NA	NA	NA	NA	NA	NA	NA	NA	NA	-12.0622485596801	NA	NA	NA	NA	NA	NA	NA	NA	NA	NA	NA	NA	NA	NA	NA	NA	NA	NA	NA	NA	NA	NA	NA	NA	NA	NA	NA	NA	NA	NA	NA	NA	NA	NA
NW025-1	-1.47387864931892	-3.54054258924426	-3.65858982014094	-4.89137001027214	-6.84171212396483	-3.2061235501737	-5.83090536900825	-3.63725129577524	-7.26763793938641	NA	NA	-10.3120320587449	NA	-10.5750664645787	NA	-6.33475213524495	NA	-5.11563484594136	-8.80953171821568	-6.12881023468909	NA	-7.80953171821568	-9.50467713668726	NA	-7.38919991926732	-6.44578344763369	-8.50467713668726	-8.03901356433845	NA	NA	NA	-5.79896247650549	NA	NA	-8.57506646457866	-9.25313836969129	NA	-6.47072980476392	NA	-7.06410454530128	-9.19655484132493	NA	NA	NA	NA	NA	-6.86357155792857	NA	-7.47072980476392	-7.32713895113507	NA	-8.01435151010418	-10.896994559466	NA	-5.63960671677337	NA	-8.76771154252105	NA	-7.40514146313634	NA	-9.80953171821568	NA	-7.63020801877112	NA	NA	NA	NA	-9.14210705730255	-7.78847010268785	-8.9901039638575	NA	NA	NA	NA	NA	NA	NA	NA	NA	-8.9901039638575	NA	NA	NA	NA	NA	NA	NA	-8.57506646457866	NA	NA	-7.05150450852164	NA	NA	NA	NA	NA	NA	NA	NA	NA	NA	NA	-10.4375629408287	-8.85260044010757	-10.3120320587449	NA	NA	NA	NA	NA	NA	NA	NA	NA	NA	NA	NA	NA	NA	NA	NA	NA	NA	NA	NA	NA	NA	NA	-10.896994559466	NA	NA	NA	NA	NA	NA	NA	NA	NA	NA	NA	NA	NA	NA	-10.0896396374084	NA	NA	-9.64906704602243	NA	NA	NA	NA	NA	NA	NA	-11.5750664645787	NA	NA	NA	NA	NA	NA	NA	NA	NA	NA	NA	NA	-9.25313836969129	NA	NA	NA	NA	NA	NA	NA	NA	NA	NA	NA	NA	NA	NA	NA	NA	NA	NA	NA	NA	NA	NA	NA	NA	NA	NA	NA	NA	NA	NA	NA	NA	NA
NW025-2	-2.04291877697247	-3.12638995788537	-3.84772701691973	-6.52806756571814	-6.01765201836204	-3.10204420565241	-5.1753334240496	-3.8364370037005	-5.33412568315729	NA	-10.3250805435543	-10.839653716384	NA	-8.47708363699933	NA	-5.13921399824295	NA	-4.67546508449087	-8.12344668238463	-6.87882431366472	NA	-5.69281232805477	-8.94656892030055	NA	-9.94656892030055	-5.44733629360528	-7.89212113627818	-6.97458329647015	NA	NA	NA	-5.71037069943908	NA	NA	-7.13921399824295	-9.74011804283313	-9.83965371638404	-6.21238041080492	NA	-7.28945663382356	-7.91908818387845	NA	NA	NA	NA	NA	-5.95352168094232	NA	-8.15515554211197	-7.60261451908319	NA	-7.69281232805477	-9.06204613772049	NA	-5.18348426517047	NA	-7.78902764331407	NA	-6.85259277209154	NA	-8.51772562149668	NA	-7.17127520747525	NA	NA	NA	-8.51772562149668	-9.06204613772049	-8.00315244866692	-8.55954579719131	NA	NA	NA	NA	NA	NA	NA	NA	NA	-10.0620461377205	NA	NA	NA	NA	NA	NA	NA	-9.32508054355428	NA	NA	-8.09241978676401	NA	NA	NA	NA	NA	NA	NA	NA	NA	NA	NA	-6.80151858749727	-9.32508054355428	NA	NA	NA	NA	NA	NA	NA	NA	NA	NA	NA	NA	NA	NA	NA	NA	NA	NA	NA	NA	NA	NA	NA	NA	-9.94656892030055	NA	NA	NA	NA	NA	NA	NA	NA	NA	NA	NA	NA	NA	NA	-9.39908112499806	NA	NA	-9.74011804283313	NA	NA	NA	NA	NA	NA	NA	-11.6470086384416	NA	NA	NA	NA	NA	NA	NA	NA	NA	NA	NA	NA	NA	NA	NA	NA	-10.1875770198043	NA	NA	NA	NA	NA	NA	NA	NA	NA	NA	NA	NA	NA	NA	NA	NA	NA	NA	NA	NA	NA	NA	NA	NA	NA	NA	NA	NA	NA
NW025-3	-1.20953240844044	-4.30853099876586	-3.89842426254357	-5.5285387996571	-7.67776480843158	-3.32744890696278	-4.18673399484909	-3.7944949091616	-5.71523951385024	NA	-8.71523951385024	-10.9631670272938	NA	-9.3193108375191	NA	-7.5202235314451	NA	-4.13344429220777	-9.71523951385024	-7.89707783683606	NA	-5.00316509522575	-9.87570418604349	NA	NA	-6.54531451240793	-11.1558121052362	-7.45537238709513	NA	NA	NA	NA	NA	NA	NA	-11.9631670272938	-11.9631670272938	-7.29074168532233	NA	-8.08052397793199	-7.71523951385024	NA	NA	NA	NA	NA	-7.29074168532233	NA	NA	-6.54531451240793	NA	-7.98588710379391	-9.71523951385024	NA	-9.05627643168531	NA	-8.71523951385024	NA	-10.0562764316853	NA	NA	NA	-8.3193108375191	NA	NA	NA	NA	NA	-8.91877290793537	-9.15581210523622	NA	NA	NA	NA	NA	NA	NA	NA	NA	NA	NA	NA	NA	NA	-11.1558121052362	NA	NA	-9.05627643168531	NA	NA	-8.60561502267574	NA	NA	NA	NA	NA	NA	-10.1558121052362	NA	NA	NA	NA	NA	NA	-11.9631670272938	NA	NA	NA	NA	NA	NA	NA	NA	NA	NA	NA	NA	NA	NA	NA	NA	NA	NA	NA	NA	NA	-11.9631670272938	NA	NA	NA	NA	NA	NA	NA	NA	NA	NA	NA	NA	NA	NA	NA	NA	NA	NA	NA	-10.7932420258515	NA	NA	NA	NA	NA	NA	NA	NA	NA	NA	NA	NA	NA	NA	NA	NA	NA	NA	NA	NA	NA	NA	NA	NA	NA	NA	NA	NA	NA	NA	NA	NA	NA	NA	NA	NA	NA	NA	NA	NA	NA	NA	NA	NA	NA	NA	NA	NA	NA	NA	NA	NA	NA	NA
NW025-4	-1.32717678734136	-3.49287720292195	-5.49831108897257	-6.88994815567134	-8.64126904281462	-2.75374377207303	-5.59396332803626	-3.65789536140203	-5.44487183001111	NA	NA	-10.7408047163655	NA	-9.64126904281462	NA	-6.4713440413723	NA	-4.77667016892254	-8.90430344864841	-6.08872801978584	NA	-7.97830403009219	-9.37823463698082	NA	-7.9935707867455	-5.92977413616453	-8.54815963842313	-7.80669265202199	NA	NA	NA	-5.83048321535674	NA	NA	-8.69017864329556	-9.05630654209346	-10.847719920282	NA	NA	-6.52025364185325	-8.90430344864841	NA	NA	NA	NA	NA	-5.49016791566396	NA	-10.0245976823661	-8.15584221564438	NA	-7.25353888953151	-8.96319713770198	NA	-7.54815963842313	NA	-8.31934094792725	NA	-7.80669265202199	NA	-10.6412690428146	NA	-7.88994815567134	NA	NA	NA	-11.2262315435358	NA	-9.79327213625967	-10.1558422156444	NA	NA	NA	-8.87573429645164	NA	NA	NA	-10.2262315435358	NA	-8.93344979430793	NA	NA	NA	NA	NA	NA	NA	-8.10521614257441	NA	NA	-8.50376551906468	NA	NA	NA	NA	NA	NA	-10.5481596384231	NA	NA	NA	NA	NA	-10.847719920282	-11.0887280197858	NA	NA	NA	NA	-12.2262315435358	NA	NA	NA	NA	-11.0887280197858	NA	NA	NA	NA	NA	NA	-11.963197137702	NA	NA	NA	NA	NA	NA	-9.54815963842313	NA	NA	NA	NA	NA	NA	NA	NA	NA	NA	NA	NA	NA	NA	-10.0887280197858	NA	NA	-10.6412690428146	NA	NA	NA	NA	NA	NA	NA	-11.963197137702	NA	NA	NA	NA	NA	NA	NA	NA	NA	NA	NA	NA	NA	NA	NA	NA	-9.79327213625967	NA	NA	NA	NA	NA	NA	NA	NA	NA	NA	NA	NA	NA	NA	NA	NA	NA	NA	NA	NA	NA	NA	NA	NA	NA	NA	NA	NA	NA
NW026-1	-2.93129324439824	-2.64671050584254	-4.51380009339308	-5.13076591144866	NA	-11.4504380323957	-3.98079621515614	-4.03786818559044	-5.85052519020852	-4.30450588657514	-11.2805130309533	-5.57699391988028	-12.8654755316745	-5.95858493606598	NA	-7.00749453654692	-11.8654755316745	-5.04317026815092	-5.58935112640026	-7.50792352705641	NA	-5.79580200386768	-6.72251757783245	-7.8654755316745	-5.04317026815092	-5.20488532613997	-6.03681010337148	-8.72251757783245	-5.47889447844488	-6.60494798145128	NA	-9.28051303095334	NA	NA	-9.69555053023218	NA	-5.95458300550848	-5.8730092043599	NA	-9.92687607633864	-6.82108141231604	-6.31601171217473	NA	-8.54354743678713	-5.44481348320177	NA	NA	NA	-8.56779498303381	-8.20251051895207	NA	-10.643083110338	-8.04104709625795	NA	NA	-6.17431362712141	-8.56779498303381	NA	-8.99100641375835	NA	NA	NA	NA	-6.56169478349739	-6.37897566983903	NA	-12.4504380323957	-10.3629751911453	-11.4504380323957	-10.1285099375083	NA	NA	NA	NA	NA	-7.2409846667667	NA	NA	NA	NA	-10.9910064137584	-7.00749453654692	-6.34715022398363	NA	NA	NA	NA	NA	NA	NA	-10.7499983142546	NA	NA	-7.49624172200878	-7.64308311033805	NA	-9.45043803239565	-10.5435474367871	NA	NA	-8.51970069483277	NA	-10.9910064137584	NA	NA	NA	NA	NA	NA	NA	NA	NA	NA	NA	NA	NA	NA	NA	NA	-5.92687607633864	-9.8654755316745	NA	NA	NA	-11.1285099375083	NA	NA	NA	NA	NA	-11.1285099375083	NA	NA	-8.83572818828045	NA	NA	NA	NA	NA	NA	NA	NA	NA	NA	NA	NA	NA	NA	NA	NA	NA	-12.1285099375083	NA	NA	NA	NA	NA	NA	NA	NA	NA	-10.8654755316745	NA	NA	NA	NA	NA	NA	NA	NA	NA	NA	NA	NA	NA	NA	NA	NA	NA	NA	NA	NA	NA	NA	NA	NA	NA	NA	NA	NA	NA	NA	NA	NA	NA	NA	NA	NA	NA	NA	NA
NW026-2	-1.72328617318728	-2.9111747711128	-4.29380403517631	-8.10816801575328	NA	NA	-4.32680830222862	-4.76993810853682	-6.10816801575328	-4.01685284900734	NA	-6.7221095834462	-10.9826371336694	-5.09186620342418	NA	-6.79941530961365	NA	-6.77318376804047	-7.30081309369568	-9.17528221161182	NA	-6.51231719888939	-6.70961863926301	-8.39767463294827	-5.01301078271294	-5.08781937036148	-6.67278187108264	-8.48013679314024	-5.93097501384693	-6.05980499419188	NA	NA	NA	NA	-10.1081680157533	NA	-6.70961863926301	-7.6134033240037	NA	NA	-8.52320551503213	-5.3387809438947	NA	-8.35814626876163	-5.24117014726828	-10.1081680157533	NA	NA	-7.70961863926301	-8.10816801575328	NA	NA	-9.17528221161182	NA	NA	-6.82613264798943	-8.14133487968848	NA	-10.2456715395032	NA	NA	NA	NA	-7.31967212094699	-5.55079134670403	NA	NA	NA	NA	NA	NA	NA	NA	NA	NA	-8.61340332400371	NA	NA	NA	NA	NA	-8.35814626876163	-7.28219741552833	NA	NA	NA	NA	NA	NA	NA	NA	NA	NA	-8.92374344461586	-8.10816801575328	NA	-8.52320551503213	NA	NA	NA	-8.14133487968848	NA	NA	NA	NA	NA	NA	NA	NA	NA	NA	NA	NA	NA	NA	NA	NA	NA	NA	-8.35814626876163	NA	NA	NA	NA	NA	NA	NA	NA	NA	NA	NA	NA	NA	-8.98263713366942	NA	NA	NA	NA	NA	NA	NA	-11.9826371336694	NA	NA	NA	NA	NA	NA	NA	NA	NA	NA	NA	NA	NA	NA	NA	NA	NA	NA	NA	NA	NA	NA	NA	NA	NA	NA	NA	NA	NA	NA	NA	NA	NA	NA	NA	NA	NA	NA	NA	NA	NA	NA	NA	NA	NA	NA	NA	NA	NA	NA	NA	NA	NA	NA	NA	NA	NA	NA	NA
NW026-3	-2.29249279169634	-2.36796034549536	-5.20006859037682	-8.13638529991856	NA	NA	-3.94907822024801	-5.63697424331261	-5.94620145949244	-4.08011708027181	-8.66981749999963	-5.07225496249884	-11.3327825127221	-5.53836664637195	NA	-6.18982455888002	NA	-6.40204517515917	-5.91774501344322	-9.83028217219288	NA	-5.99888177616862	-6.80922055666505	-9.0108544178347	-4.19323116032327	-6.02292725013527	-7.20349949577709	-8.24531967147172	-5.89537720041476	-4.32342040951837	NA	NA	NA	NA	-10.2173052953021	NA	-6.07854122534627	-7.85165582298544	NA	-10.3327825127221	-6.66035717075056	-7.87335089408476	NA	-8.70829164781427	-6.02900176454496	-10.0108544178347	NA	NA	-8.33278251272206	-9.7478200120009	NA	-10.3327825127221	-7.34788940511227	NA	NA	-7.21730529530212	-8.27388882366849	NA	-9.91774501344322	NA	NA	NA	NA	-7.27388882366849	-5.9404650899433	NA	NA	NA	NA	-10.5958169185559	NA	NA	NA	NA	NA	-8.83028217219288	NA	NA	NA	NA	NA	-8.0108544178347	-6.29569319398684	NA	NA	NA	NA	NA	NA	NA	NA	NA	NA	-7.0108544178347	-7.18982455888002	NA	NA	NA	NA	NA	-8.66981749999963	NA	NA	NA	NA	NA	NA	NA	NA	NA	NA	NA	NA	NA	NA	NA	NA	NA	NA	-9.45831339480592	-10.2173052953021	NA	NA	NA	NA	NA	NA	NA	NA	NA	NA	NA	NA	-9.52542759066446	NA	NA	NA	NA	NA	NA	NA	NA	NA	NA	NA	NA	NA	NA	NA	NA	NA	-10.3327825127221	NA	NA	NA	NA	NA	NA	NA	NA	NA	-9.66981749999963	NA	NA	NA	NA	NA	NA	NA	NA	NA	NA	NA	NA	NA	NA	NA	NA	NA	NA	NA	NA	NA	NA	NA	NA	NA	NA	NA	NA	NA	NA	NA	NA	NA	NA	NA	NA	NA	NA	NA
NW026-4	-1.61560287728572	-2.6586715991776	-4.33628338786443	-7.73376251575897	-9.272921326867	NA	-5.39333807725422	-5.62546290041208	-6.7730754397838	-4.56901775342234	-8.91536932224892	-5.81759410656244	NA	-5.83412947428874	NA	-8.4655664048094	-6.65086950741063	-7.91536932224892	-7.04410263637112	-9.31872501648013	NA	-6.62186963568807	-7.88060390408824	-9.22852720750855	-3.90769247761546	-5.09799564436632	-7.0061347861721	-9.88060390408824	-7.04410263637112	-5.50473700209008	NA	NA	-10.6879588261458	NA	-7.84665657216491	NA	-7.50473700209008	-7.30713704220492	NA	NA	-7.01553348417435	-7.08309676798699	NA	-8.91536932224892	-5.46234969212586	-10.5724816087259	NA	-9.95099323197964	-7.272921326867	-8.62906513709228	NA	NA	-8.34218398930412	NA	NA	-8.57248160872591	-8.74935937080999	NA	NA	NA	NA	NA	NA	-7.23949832532955	-5.0061347861721	NA	NA	NA	NA	-9.95099323197964	NA	NA	NA	NA	NA	-9.18545848561666	NA	NA	NA	NA	NA	-8.272921326867	-6.1539802541435	NA	NA	NA	NA	NA	NA	NA	NA	NA	NA	-7.60049598489551	-7.65821148275179	NA	-8.98751910800475	NA	NA	NA	-8.272921326867	NA	NA	NA	NA	NA	NA	NA	NA	NA	NA	NA	NA	NA	NA	NA	NA	NA	NA	-8.91536932224892	NA	NA	NA	NA	NA	NA	NA	NA	NA	NA	NA	NA	NA	NA	NA	NA	NA	NA	NA	NA	NA	NA	NA	NA	NA	NA	NA	NA	NA	NA	NA	NA	NA	NA	NA	NA	NA	NA	NA	NA	NA	NA	NA	NA	NA	NA	NA	NA	NA	NA	NA	NA	NA	NA	NA	NA	NA	NA	NA	NA	NA	NA	NA	NA	NA	NA	NA	NA	NA	NA	NA	NA	NA	NA	NA	NA	NA	NA	NA	NA	NA
NW026-5	-1.22104848569697	-3.30723278609136	-3.70109237367852	-7.69955020887012	-10.3999899270112	NA	-4.33989449274789	-5.22784026045438	-5.48245208720318	-5.09823971406148	-5.45357096721605	-6.89748958648203	-11.9849524277324	-6.1948754971066	NA	-6.35559580765276	-8.89748958648203	-5.89748958648203	-6.39498924595284	-9.24798683356616	NA	-6.74973596603833	-7.29379052317929	-10.8694752103124	-5.56991492845352	-5.83859589742846	-9.39998992701121	-8.01532607677589	-5.68727187909168	-6.76901502853322	NA	NA	NA	NA	-10.1104833098162	NA	-6.54754711542507	-7.76256000639592	NA	NA	-8.84199447389032	-10.7625600063959	NA	-9.71193393332595	-6.20797115471828	-8.56991492845352	NA	-12.5699149284535	-10.2479868335662	-10.1104833098162	NA	NA	-9.9260587386788	NA	NA	-6.76901502853322	NA	NA	NA	NA	NA	NA	NA	-9.44063191150856	-6.13946237678799	NA	-8.89748958648203	-11.7625600063959	-10.9849524277324	-10.3999899270112	NA	NA	NA	NA	NA	-9.17759750567476	NA	NA	NA	NA	-11.9849524277324	-9.52552080909507	-10.1104833098162	NA	NA	NA	NA	NA	NA	NA	NA	NA	NA	-9.76256000639592	-8.24798683356616	NA	-10.3999899270112	NA	NA	NA	-9.17759750567476	NA	NA	NA	NA	NA	NA	NA	NA	NA	NA	NA	NA	NA	NA	NA	NA	NA	NA	NA	-9.61571861806665	NA	NA	NA	NA	NA	NA	NA	NA	NA	NA	NA	NA	-9.81502742629005	NA	NA	NA	NA	NA	NA	NA	NA	NA	NA	NA	NA	NA	NA	NA	NA	NA	NA	NA	NA	NA	NA	NA	NA	NA	NA	NA	-11.2479868335662	NA	NA	NA	NA	NA	NA	NA	NA	NA	NA	NA	NA	NA	NA	NA	NA	NA	NA	NA	NA	NA	NA	NA	NA	NA	NA	NA	NA	NA	NA	NA	NA	NA	NA	NA	NA	NA	NA	NA
NW027-1	-11.2028772877676	-1.96281987145051	NA	NA	-2.61675924430076	-13.9033170059087	NA	NA	NA	NA	-4.22032242222703	-4.10971369662931	-8.7134924470287	NA	NA	NA	-2.08373663075371	NA	NA	NA	NA	NA	NA	NA	NA	NA	NA	-9.12195729238405	NA	-12.9033170059087	NA	NA	NA	NA	NA	-8.7134924470287	NA	NA	NA	NA	NA	NA	NA	NA	NA	NA	NA	-5.73088949726323	NA	NA	NA	NA	NA	NA	NA	NA	NA	NA	NA	NA	NA	NA	NA	NA	NA	-8.94912069552184	-4.01838335795895	-6.9964264103002	NA	NA	NA	NA	NA	-5.10727739707894	NA	NA	NA	NA	NA	NA	NA	NA	NA	NA	NA	-9.77403398896375	-4.4296112562893	NA	NA	NA	NA	NA	NA	NA	NA	NA	NA	NA	-12.0959620838511	-5.83992192462021	NA	NA	NA	NA	NA	NA	NA	NA	NA	-6.74344566913033	NA	NA	-10.259460816134	NA	NA	NA	NA	NA	NA	NA	NA	NA	NA	NA	NA	NA	NA	-6.55458885167764	NA	NA	NA	NA	NA	NA	NA	NA	-7.2959866921591	NA	NA	NA	NA	NA	NA	NA	NA	NA	NA	NA	NA	NA	NA	-8.20287728776762	NA	NA	NA	NA	NA	NA	NA	NA	NA	NA	NA	-9.02067395654687	NA	NA	NA	NA	NA	NA	NA	NA	NA	NA	NA	NA	NA	NA	NA	NA	NA	NA	-9.54576500129063	NA	NA	NA	NA	NA	NA	NA	NA	NA	NA	NA	NA	NA	NA	-10.9033170059087	NA	NA	NA
NW027-2	NA	-2.75357162471195	NA	NA	-2.85053335459904	NA	NA	NA	NA	NA	-1.26122538360192	-6.95831618022898	-9.3429800304643	NA	NA	NA	-2.30304555929655	NA	NA	NA	NA	NA	NA	NA	NA	NA	NA	-9.29051261057016	NA	-10.0104046913774	NA	NA	NA	NA	NA	NA	NA	NA	NA	NA	NA	NA	NA	NA	NA	NA	NA	-7.3429800304643	NA	NA	NA	NA	NA	NA	NA	NA	NA	NA	NA	NA	NA	NA	NA	NA	NA	-10.0104046913774	-6.0157184912739	-7.81246531376552	NA	NA	NA	NA	NA	-6.41136700544455	NA	NA	NA	NA	NA	NA	NA	NA	NA	NA	NA	NA	-5.7804549188629	NA	NA	-6.86904884213189	NA	NA	NA	NA	NA	NA	NA	NA	NA	-7.29051261057016	NA	NA	NA	NA	NA	NA	NA	NA	NA	-9.3429800304643	NA	NA	-11.5129050319066	NA	NA	NA	NA	NA	NA	NA	NA	NA	NA	NA	NA	NA	NA	-8.26497751846303	NA	NA	NA	NA	NA	NA	NA	NA	NA	-7.94812041312309	NA	NA	NA	NA	NA	NA	NA	NA	NA	NA	NA	NA	NA	NA	NA	NA	NA	NA	NA	NA	NA	NA	NA	NA	NA	NA	NA	NA	NA	NA	NA	NA	NA	NA	NA	NA	NA	NA	NA	NA	NA	NA	NA	NA	NA	NA	NA	NA	NA	NA	NA	NA	NA	NA	NA	NA	NA	NA	NA	NA	NA	NA	NA
NW027-3	NA	-3.35935327558217	NA	NA	-4.46201140694591	NA	NA	NA	NA	NA	-0.614703451562087	-7.4548159055417	-9.43344225474914	NA	NA	NA	-4.06215673337348	NA	NA	NA	NA	NA	NA	NA	NA	NA	NA	NA	NA	-3.58230564066362	NA	NA	NA	NA	NA	-11.6464359780833	NA	NA	NA	NA	NA	NA	NA	NA	NA	NA	NA	-6.6546564848883	NA	NA	NA	NA	NA	NA	NA	NA	NA	NA	NA	NA	NA	NA	NA	NA	NA	-11.7839395018333	-7.06694860742833	-8.80208684854353	NA	NA	NA	NA	NA	-8.08349978369218	NA	NA	NA	NA	NA	NA	NA	NA	NA	NA	NA	NA	-6.76157168880482	NA	NA	NA	NA	NA	NA	-9.01840475547029	NA	NA	NA	NA	NA	-6.20500078873988	NA	NA	NA	NA	NA	NA	NA	NA	NA	-9.93594259527832	NA	NA	NA	NA	NA	NA	NA	NA	NA	NA	NA	NA	NA	NA	NA	NA	NA	-9.35098009455716	NA	NA	NA	NA	NA	NA	NA	NA	-9.49115775260542	NA	NA	NA	NA	NA	NA	NA	NA	NA	NA	NA	NA	NA	NA	-11.298512674663	NA	NA	NA	NA	NA	NA	NA	NA	NA	NA	NA	-11.298512674663	NA	NA	NA	NA	NA	NA	NA	NA	NA	NA	NA	NA	NA	NA	NA	NA	NA	NA	-11.7839395018333	NA	NA	NA	NA	NA	NA	NA	NA	NA	NA	NA	NA	NA	NA	NA	NA	NA	NA
NW027-5	-11.9833499276765	-2.02148685360756	NA	NA	-5.34569000386564	-12.2057423490129	NA	NA	NA	NA	-2.78227622766348	-10.6207798482917	NA	NA	NA	NA	-1.79458448670102	NA	NA	NA	NA	NA	NA	NA	NA	NA	NA	NA	NA	-2.56941983192359	NA	NA	NA	-10.5427773362905	-8.93272385460649	NA	NA	NA	NA	NA	NA	NA	NA	NA	NA	NA	NA	-7.85996751217117	NA	NA	NA	NA	NA	NA	NA	NA	NA	NA	NA	NA	NA	NA	NA	NA	NA	-9.58125148410511	-9.83650853934719	-10.090265131593	NA	NA	NA	NA	NA	-4.373907322128	NA	NA	NA	NA	NA	NA	NA	NA	NA	NA	NA	-11.4687767548467	-8.3983874269553	NA	NA	-4.71388925268323	NA	NA	NA	-9.50530263087181	NA	NA	NA	NA	NA	-6.42876107599882	NA	NA	NA	NA	NA	NA	NA	NA	NA	-9.98334992767646	NA	NA	-7.24381038984643	NA	NA	NA	NA	NA	NA	NA	NA	NA	NA	NA	NA	NA	NA	-9.62077984829175	NA	NA	NA	NA	NA	NA	NA	NA	-10.3312732310968	NA	NA	NA	NA	NA	NA	NA	NA	NA	NA	NA	NA	NA	NA	-11.3312732310968	NA	NA	NA	NA	NA	NA	NA	NA	NA	NA	NA	-12.4687767548467	NA	NA	NA	-11.7907048497341	NA	NA	NA	NA	NA	NA	NA	-11.3312732310968	NA	NA	NA	NA	NA	NA	NA	NA	NA	NA	NA	NA	NA	NA	NA	NA	NA	NA	NA	NA	NA	NA	NA	NA	NA
NW027-6	-11.8676219525199	-2.80812726573176	NA	NA	-5.17026821425252	NA	NA	NA	NA	NA	-0.637868484809237	-7.93951487100165	-10.9500841127118	NA	NA	NA	-4.3545523702805	NA	NA	NA	NA	NA	NA	NA	NA	NA	NA	-10.5139849979052	NA	-4.36512161199068	NA	NA	NA	-8.99315283460373	-8.14272919065423	-6.47912624069351	NA	NA	NA	NA	NA	NA	NA	NA	NA	NA	NA	-6.372211036777	NA	NA	NA	NA	NA	NA	NA	NA	NA	NA	NA	NA	NA	NA	NA	NA	NA	-8.1920569030178	-7.99315283460373	-7.85763786394724	NA	NA	NA	NA	NA	-6.72466399867782	NA	NA	NA	NA	NA	NA	NA	NA	NA	NA	NA	-11.452584453241	-7.6888187997311	NA	NA	-7.67999494934409	NA	NA	NA	NA	NA	NA	NA	NA	NA	-6.36158992102043	NA	NA	NA	NA	NA	NA	NA	NA	NA	-7.55373117669792	NA	NA	-11.452584453241	NA	NA	NA	NA	NA	NA	NA	NA	NA	NA	NA	NA	NA	NA	-9.64522953118342	NA	NA	NA	NA	-10.3371072358211	NA	NA	NA	-9.23019203190457	NA	NA	NA	NA	NA	NA	NA	NA	NA	NA	NA	NA	NA	NA	NA	NA	NA	NA	NA	NA	NA	NA	NA	NA	NA	NA	-9.5456938576325	NA	NA	NA	NA	NA	NA	NA	NA	NA	NA	NA	NA	NA	NA	NA	NA	NA	NA	-11.1306563583537	NA	NA	NA	NA	NA	NA	NA	NA	NA	NA	NA	NA	NA	NA	-13.452584453241	NA	NA	NA
NW028-1	-1.01026271661822	-3.84303389753542	-5.27092231526411	NA	-4.62354720737439	-10.2558154228739	-4.57962325097948	NA	-6.71976252263369	-6.46921906098309	-10.1627060184824	-7.44846050081629	-3.17189293932881	-9.11831189912396	NA	NA	NA	NA	-7.35535109642481	NA	NA	-6.84077792359505	-6.34892482726538	NA	-6.9728814596024	NA	NA	NA	-6.00283468170403	NA	NA	NA	NA	-6.26183921050167	-6.92430127915734	-5.10742358298123	NA	-7.57774351776126	-6.46921906098309	-8.07524317723208	-8.1854260949825	-9.9927810170401	NA	NA	NA	NA	NA	NA	NA	NA	NA	-11.5777435177613	-9.84077792359505	NA	NA	-7.1854260949825	NA	NA	NA	NA	NA	NA	NA	-5.72391416590416	NA	NA	NA	NA	-9.16270601848242	NA	NA	-6.64700618019837	NA	NA	NA	-8.03342300153745	NA	NA	NA	NA	NA	-10.0752431772321	NA	NA	NA	NA	NA	NA	NA	NA	NA	-9.35535109642481	NA	NA	NA	NA	NA	NA	NA	NA	NA	NA	NA	NA	NA	NA	NA	NA	-6.45534688640153	NA	NA	NA	NA	NA	NA	NA	NA	NA	NA	NA	-10.8407779235951	NA	NA	NA	NA	NA	NA	NA	NA	NA	NA	NA	NA	NA	NA	NA	NA	NA	NA	NA	NA	NA	NA	NA	NA	NA	-10.7032743998451	NA	NA	NA	NA	NA	NA	NA	NA	NA	NA	NA	NA	NA	NA	NA	NA	NA	NA	NA	NA	NA	NA	NA	NA	NA	NA	NA	NA	NA	NA	NA	NA	NA	NA	NA	NA	NA	NA	NA	NA	NA	NA	NA	NA	NA	NA	NA	-9.57774351776126	NA	NA	NA	NA	NA	NA
NW028-2	-1.24936330283775	-3.44598194071127	-6.27790347099536	NA	-3.33314741296977	-10.6236783078371	-4.26808250018434	NA	-5.70614046802907	-7.06568285471621	NA	-6.03205207683493	-4.56478461878353	-8.50820109041716	NA	NA	NA	NA	-7.33417169064211	NA	NA	-6.1788934651642	-6.28580866908071	NA	-6.83940699889253	NA	NA	-10.6236783078371	-4.45152864128027	NA	NA	NA	NA	-6.1788934651642	-8.30175021294973	-4.52447663012999	NA	-6.23136088505833	-7.83940699889253	-9.03871580711594	-7.9862483872218	-7.28580866908071	NA	NA	NA	NA	NA	NA	NA	NA	NA	-9.33417169064211	-10.2086408085583	NA	NA	-7.19369046709228	NA	NA	NA	NA	NA	NA	NA	-6.14974711950468	NA	NA	-12.2086408085583	-10.7936033092794	-8.79360330927941	NA	NA	-7.45375330639478	NA	NA	-12.2086408085583	-6.79360330927941	NA	NA	NA	-9.88671271367089	NA	-10.3341716906421	NA	NA	NA	NA	NA	NA	NA	NA	NA	-8.83940699889253	-8.06568285471621	NA	-10.471675214392	NA	NA	NA	NA	NA	-9.62367830783709	NA	NA	NA	NA	NA	NA	NA	-7.64385618977472	NA	NA	NA	NA	NA	NA	NA	NA	NA	NA	NA	-10.7936033092794	NA	-10.6236783078371	NA	NA	NA	NA	NA	NA	NA	NA	NA	NA	NA	NA	NA	NA	NA	NA	NA	NA	NA	NA	-12.7936033092794	NA	NA	NA	NA	NA	NA	NA	NA	-10.9862483872218	NA	NA	NA	NA	NA	NA	NA	NA	NA	NA	NA	NA	NA	NA	NA	NA	NA	NA	NA	NA	NA	NA	NA	NA	NA	NA	NA	NA	NA	NA	NA	NA	NA	NA	NA	NA	NA	NA	NA	NA	NA	NA	NA	NA	NA	NA	NA	NA
NW028-3	-1.51380278297433	-3.2805983815605	-5.48366254196253	NA	-4.1628319709325	NA	-4.76769402909136	NA	-7.09631677655273	-4.82214181311374	NA	-4.57129681628786	-2.99510452519443	-8.56838522086795	NA	NA	NA	NA	-7.43511869000449	NA	NA	-6.01478689105613	-6.52258153125483	NA	-6.43511869000449	NA	-11.5225815312548	NA	-5.78111454485368	NA	NA	NA	NA	-4.69603304396392	-6.50021371822638	-5.79466107669163	NA	-7.37283441175015	-7.27465401781124	-9.93761903053367	-7.37283441175015	-8.03072843492516	NA	NA	NA	NA	NA	NA	NA	NA	NA	NA	-8.76769402909136	NA	NA	-5.78111454485368	NA	NA	NA	NA	NA	NA	NA	-6.47818741189638	NA	NA	NA	NA	NA	NA	NA	-6.45649234079706	NA	NA	NA	-6.82214181311374	NA	NA	NA	NA	NA	-9.43511869000449	NA	NA	NA	NA	NA	NA	NA	NA	NA	-9.52258153125483	NA	NA	NA	NA	NA	NA	NA	NA	-7.37283441175015	NA	NA	NA	NA	NA	NA	NA	-7.85015618928333	NA	NA	NA	NA	NA	NA	NA	NA	NA	NA	NA	NA	NA	-10.0631499126175	NA	NA	NA	NA	NA	NA	NA	NA	NA	NA	NA	NA	NA	NA	NA	NA	NA	NA	NA	NA	NA	NA	NA	NA	NA	NA	NA	NA	NA	NA	NA	NA	NA	NA	NA	NA	NA	NA	NA	NA	NA	NA	NA	NA	NA	NA	NA	NA	NA	NA	NA	NA	NA	NA	NA	NA	NA	NA	NA	NA	NA	NA	NA	NA	NA	NA	NA	NA	NA	NA	NA	NA	NA	NA	NA	NA	NA	NA
NW028-4	-1.54677693985448	-3.6502136852916	-7.24430719776489	NA	-3.90734377451625	NA	-4.84481054938182	NA	-5.95292816623713	-5.45870682834781	NA	-6.05768590745026	-3.36422811150616	-4.70116487273836	NA	NA	NA	NA	-6.45870682834781	NA	NA	-6.25811299728992	-6.15119779337341	NA	-7.41939390432298	NA	NA	NA	-4.82412639521008	NA	NA	NA	NA	-5.42327733881021	-5.63212322830871	-5.04566337920105	NA	-7.07590966606917	-5.70116487273836	-9.05166211982249	-8.67315049656876	-9.87108987418067	NA	NA	NA	NA	NA	NA	NA	NA	NA	-11.6366246205436	-10.1511977933734	NA	NA	-5.85526490701899	-11.3735902147099	NA	NA	NA	NA	NA	NA	-5.80373460637891	NA	NA	NA	-11.6366246205436	-9.71062520198743	NA	NA	-5.48281928446461	NA	NA	NA	-7.45075807523232	NA	NA	NA	NA	NA	-9.87108987418067	NA	NA	NA	NA	NA	NA	NA	NA	NA	-8.28612737345952	NA	NA	-9.71062520198743	NA	NA	NA	NA	NA	-9.20366521326754	NA	NA	NA	NA	NA	NA	NA	-7.45075807523232	NA	NA	NA	NA	NA	NA	NA	NA	NA	NA	-6.07590966606917	-10.2581129972899	NA	NA	NA	NA	-11.6366246205436	NA	NA	NA	NA	NA	NA	NA	NA	NA	NA	NA	NA	NA	NA	NA	NA	NA	NA	NA	NA	NA	NA	NA	NA	NA	NA	NA	NA	NA	NA	NA	NA	NA	NA	NA	NA	NA	NA	NA	NA	NA	NA	NA	NA	NA	NA	NA	NA	NA	NA	NA	NA	NA	NA	NA	NA	NA	NA	NA	NA	NA	NA	NA	NA	NA	NA	NA	NA	NA	NA	NA	NA	NA	NA	NA
NW028-5	-2.16780332287709	-3.78846232619385	-8.68391802674009	NA	-1.99263365751728	NA	-4.75941803153819	NA	-5.21416911711728	-6.62806479200657	NA	-4.89018638854646	-3.95170596254452	-6.12449061812607	NA	NA	NA	NA	-6.04920249082183	NA	NA	-5.25588850724192	-5.80256252323871	NA	-7.53952811740491	NA	NA	NA	-4.5831173859526	NA	NA	NA	NA	-5.13742967383357	-4.93749210332482	-4.74697019727539	NA	-6.14394298079224	-9.60991744529631	-9.02495494457516	-8.64644332132142	NA	NA	NA	NA	NA	NA	NA	NA	NA	NA	-8.68391802674009	-11.1244906181261	NA	NA	-6.93184554018367	NA	NA	NA	NA	NA	NA	NA	NA	NA	NA	NA	-10.4724139215464	-10.6099174452963	NA	NA	-6.79229418778488	NA	NA	NA	-9.76192053874136	NA	NA	NA	NA	NA	-10.9318455401837	NA	NA	NA	NA	NA	NA	NA	NA	NA	-7.06148082060027	-10.3468830394625	NA	NA	NA	NA	NA	NA	NA	-8.53952811740491	NA	NA	NA	-10.4724139215464	NA	NA	NA	-9.76192053874136	NA	NA	NA	NA	NA	NA	NA	NA	NA	NA	NA	NA	NA	-9.53952811740491	NA	NA	-10.4724139215464	NA	NA	NA	NA	NA	NA	-10.0249549445752	NA	NA	NA	NA	NA	NA	-12.3468830394625	NA	NA	NA	NA	NA	NA	NA	NA	NA	NA	NA	NA	-10.6099174452963	NA	NA	NA	NA	NA	NA	NA	NA	NA	NA	NA	NA	NA	NA	NA	NA	NA	NA	NA	NA	NA	NA	NA	NA	NA	NA	NA	NA	NA	NA	NA	NA	NA	NA	NA	NA	NA	NA	NA	NA	NA	-11.3468830394625	NA	NA	NA	NA	-12.3468830394625	NA
NW029-1	-2.26224367744794	-3.75834506441117	-5.52886321828841	-1.63592679419465	-5.82783016473246	-6.23865541272439	-8.1849867479308	-3.57193194018029	-6.04601033478199	-8.72998284133431	NA	NA	NA	-6.41279266545361	NA	-8.12156136778917	NA	-8.9882948369257	-8.8533652568396	-5.77197692999894	-4.80429465027167	NA	-10.2012885602599	-7.00966848771827	NA	NA	-9.07575767817604	-8.43190148840132	-10.9602804607561	NA	NA	-10.9602804607561	NA	NA	-9.07575767817604	NA	-10.1371582228402	NA	NA	NA	NA	NA	-7.48081108888227	-8.01686398912248	-9.13715822284019	NA	-10.2012885602599	NA	-8.70652386851032	-6.1529255386985	NA	-10.5732573376469	NA	-6.56796303797735	-9.41279266545361	NA	NA	NA	NA	NA	-11.3387920840098	NA	-5.30536908247239	NA	NA	NA	NA	NA	-9.70652386851032	-9.30316817427912	NA	NA	-6.20539295859264	NA	-5.25345241465247	NA	-9.80273918376963	-7.56268809593667	NA	NA	-8.96028046075611	NA	NA	-7.97421965171398	-10.9602804607561	NA	NA	NA	-8.2513292427595	NA	NA	NA	-11.4907951774549	NA	NA	NA	NA	NA	-12.6607201788972	NA	NA	NA	-10.4127926654536	NA	-12.3387920840098	NA	NA	NA	NA	NA	-7.96028046075611	NA	NA	-10.5732573376469	NA	NA	NA	NA	NA	NA	NA	NA	NA	-7.29439796465138	NA	NA	-11.3387920840098	NA	-11.3387920840098	-11.075757678176	NA	-7.43190148840132	NA	NA	NA	NA	NA	NA	NA	-11.3387920840098	NA	NA	-9.07575767817604	NA	NA	NA	NA	-12.3387920840098	NA	NA	NA	NA	NA	NA	NA	NA	NA	NA	NA	NA	NA	NA	NA	NA	NA	NA	NA	NA	NA	NA	NA	NA	NA	NA	NA	NA	NA	NA	NA	NA	NA	NA	NA	NA	NA	NA	NA	NA	NA	NA	-12.3387920840098	NA	NA	NA	NA	NA	NA	NA	NA	NA	NA
NW029-2	-1.54409118028709	-3.93722398623785	-3.96516086274097	-2.49623539281874	-5.874067803948	-6.48704468083875	-9.94647629947605	-3.4822308791057	-7.04525445395422	-8.39008295095166	NA	NA	NA	-7.36151379875489	NA	-9.94647629947605	NA	-8.27905163856292	-9.51037718466937	-6.73015839254928	-5.42291434341903	NA	NA	-6.8841920212217	NA	NA	-10.712011045839	-8.05665921722647	NA	NA	NA	-10.5745075220891	NA	NA	-8.64162171794763	NA	NA	NA	NA	-7.62454820458869	NA	NA	-6.00051613918894	-7.74853692186414	-8.22658421866878	NA	-10.4489766400052	NA	-10.5745075220891	-6.14519589182813	NA	-9.71201104583903	NA	-6.29247215432524	-8.25257942720173	NA	NA	NA	NA	NA	-12.0339391407264	NA	-5.53808411383922	NA	NA	NA	NA	NA	-8.86401413928408	-9.27905163856292	NA	NA	-6.3334994225853	NA	-5.40823029766192	NA	NA	-6.59931091308966	NA	NA	-8.05665921722647	NA	NA	-8.71201104583903	-11.2265842186688	NA	NA	NA	-10.1270485451179	NA	NA	NA	NA	NA	NA	NA	NA	-10.8640141392841	NA	NA	NA	NA	-10.5745075220891	NA	NA	NA	NA	NA	NA	NA	-8.90465612378142	NA	NA	-11.0339391407264	NA	NA	NA	NA	NA	NA	NA	NA	NA	-6.60767438602429	NA	NA	NA	NA	-12.0339391407264	-10.4489766400052	NA	-7.98954502136793	NA	NA	NA	NA	NA	NA	NA	-11.712011045839	NA	NA	-10.1270485451179	NA	NA	NA	NA	-12.4489766400052	NA	NA	NA	NA	NA	NA	NA	NA	NA	NA	NA	NA	NA	NA	NA	NA	NA	NA	NA	NA	NA	NA	NA	NA	NA	NA	NA	NA	NA	NA	NA	NA	NA	NA	NA	NA	NA	NA	NA	NA	NA	NA	NA	NA	NA	NA	NA	NA	NA	NA	NA	NA	NA
NW029-3	-2.47444062740176	-3.33574648826464	-4.62790025306632	-2.31800417123297	-4.11429891930389	-8.42718187458825	-9.141779655726	-3.26101879194213	-4.85922579917278	-10.9677502559509	NA	NA	NA	-8.49644453702536	NA	NA	NA	-9.42718187458825	-8.16039533389334	-6.31343970853906	-4.68908961496776	NA	NA	-8.78332568481352	NA	NA	NA	-8.49644453702536	NA	NA	NA	-9.141779655726	NA	NA	-8.42718187458825	NA	NA	NA	NA	NA	NA	NA	-7.98423837873952	-8.12340112641114	-9.33971903333791	NA	NA	NA	-9.52029127897973	-6.52029127897973	NA	-8.90361991853123	NA	-5.76184595740307	-10.1052537797009	NA	NA	NA	-10.1792543611447	NA	-11.6198269525306	NA	-4.95957632450525	NA	NA	NA	NA	-12.4271818745882	-8.61982695253064	-8.06962986997016	NA	NA	-6.31865741781008	NA	-3.91641770667035	NA	-9.17925436114466	-9.06962986997016	NA	NA	-9.96775025595095	NA	NA	-6.10075238746594	NA	NA	NA	NA	-10.4271818745882	NA	NA	NA	NA	NA	NA	-11.4271818745882	NA	-9.84221937386709	NA	NA	NA	-8.23735731570823	NA	NA	NA	-10.4271818745882	NA	-10.9677502559509	NA	NA	-11.4271818745882	NA	NA	NA	NA	NA	NA	NA	NA	NA	NA	NA	NA	-9.78332568481352	NA	NA	-10.8422193738671	NA	-10.2572568731459	NA	NA	-7.75475653261675	NA	NA	NA	NA	NA	NA	NA	-10.1792543611447	NA	NA	-8.38278775522979	NA	NA	NA	NA	-10.7267421564472	NA	NA	NA	NA	NA	NA	NA	NA	NA	NA	NA	NA	NA	NA	NA	NA	-7.98423837873952	NA	NA	NA	NA	NA	NA	NA	NA	-8.33971903333791	NA	NA	NA	NA	NA	NA	-10.7267421564472	NA	NA	NA	NA	NA	NA	NA	NA	NA	NA	NA	NA	NA	NA	NA	NA	NA	NA	NA	NA
NW029-5	-1.59622078610323	-3.60543327857701	-4.65951653394675	-2.94836723158468	-4.47848125531021	NA	-6.09503688072669	-3.2657939342371	-6.46294040441444	-7.70145249111416	-9.17718592208056	NA	NA	-5.92925840863697	NA	-7.50476058010906	NA	-9.04790290513559	-8.71775430344326	-6.76779498594286	-4.85300537546182	NA	-8.71775430344326	-8.1327918027221	NA	NA	-10.5922234213594	-9.04790290513559	-9.31920492695299	NA	NA	-9.65362396602355	NA	NA	-9.1327918027221	NA	-8.27029532647204	NA	NA	-8.92925840863697	NA	NA	-4.87112423265222	-7.96773255645161	-7.91039938138566	NA	NA	NA	-9.17718592208056	-6.40239886247939	NA	-9.00726092063825	-11.5922234213594	-7.12190348657937	-8.56247607796535	NA	NA	NA	NA	NA	NA	NA	-7.18850123530839	-10.0897230808302	NA	NA	NA	-7.66939128188186	NA	-10.0072609206382	NA	NA	-6.08972308083022	NA	-5.44586689105549	NA	-9.36983100002295	-8.92925840863697	NA	-7.11109673162279	-8.36983100002295	-10.270295326472	NA	-8.04790290513559	NA	NA	NA	NA	NA	NA	NA	NA	NA	NA	NA	NA	NA	-12.1771859220806	NA	-10.369831000023	NA	NA	NA	NA	NA	NA	NA	-11.8552578271932	NA	NA	-10.369831000023	NA	NA	NA	NA	NA	NA	NA	NA	NA	NA	NA	NA	-8.56247607796535	NA	NA	NA	NA	-10.270295326472	-12.5922234213594	NA	-8.27029532647204	NA	NA	NA	NA	NA	NA	NA	-10.369831000023	NA	NA	-10.369831000023	NA	NA	NA	NA	-11.5922234213594	NA	NA	NA	NA	NA	NA	NA	NA	NA	NA	NA	NA	NA	NA	NA	NA	NA	NA	NA	NA	NA	NA	NA	NA	NA	NA	NA	NA	NA	NA	NA	NA	NA	NA	NA	NA	NA	NA	NA	NA	NA	NA	NA	NA	NA	NA	NA	NA	NA	NA	NA	NA	NA
NW030-1	-0.80240693610443	-4.40096324394513	-4.78332448759646	-8.32413265871138	NA	-6.15762232168184	-4.60027205216854	-4.59100913083957	-5.29752092846406	-4.18001684361868	NA	NA	NA	NA	NA	NA	NA	NA	-8.59331929152677	-11.0713665883314	NA	-6.27880866820189	-6.81263231993125	NA	-6.33956269928099	NA	-10.1782817922479	NA	-6.70879650894671	-4.59100913083957	NA	NA	NA	-5.88436807353016	-11.2937590096679	-8.79125866913868	-8.26401166627381	-10.878721510389	NA	-7.45245675568692	-8.29375900966786	-9.55679341550166	NA	-8.07136658833142	NA	-10.7087965089467	-8.09736179686436	NA	-11.5567934155017	NA	NA	-10.0713665883314	-9.63079399694544	NA	NA	-8.9718309147805	-7.77019705361085	-10.4192898917517	-8.32413265871138	NA	NA	NA	NA	-11.0713665883314	-8.9718309147805	NA	NA	-11.2937590096679	-6.95985827311443	NA	NA	NA	NA	NA	NA	NA	-10.7087965089467	NA	NA	-10.0713665883314	NA	NA	NA	NA	-8.87872151038902	NA	NA	NA	NA	NA	NA	NA	NA	NA	NA	NA	NA	-9.70879650894671	NA	NA	NA	NA	NA	NA	NA	NA	NA	NA	NA	NA	NA	NA	NA	NA	-10.1782817922479	NA	NA	NA	NA	NA	NA	NA	NA	NA	NA	NA	NA	NA	NA	NA	NA	NA	NA	NA	NA	NA	NA	NA	NA	NA	NA	NA	NA	NA	NA	NA	-10.4192898917517	NA	NA	NA	NA	NA	NA	NA	NA	NA	NA	NA	NA	NA	NA	NA	NA	NA	NA	NA	NA	-9.29375900966786	NA	NA	NA	NA	NA	NA	NA	NA	NA	NA	NA	NA	NA	NA	NA	NA	NA	NA	NA	NA	NA	NA	NA	NA	NA	NA	NA	NA	NA	NA	NA	NA	NA
NW030-2	-1.03812377985148	-4.47040467706564	-4.53966733950275	-7.66304975500804	NA	-6.02746118121691	-4.30801334830873	-5.13055467418102	-4.47605124020678	-3.44249868049576	NA	NA	NA	NA	NA	NA	NA	NA	-7.915815825388	NA	NA	-5.77691771956631	-6.37237259410511	NA	-9.14847658217828	NA	-8.76996495892455	-9.22247716362205	-5.60621853241136	-5.14397518994334	NA	-10.4704046770656	NA	-5.49886112311487	-11.4704046770656	-8.18500245820339	-6.25123615660348	-9.47040467706564	NA	-7.6375146629009	-7.915815825388	-7.82654848729092	NA	-8.26095131143669	NA	-9.56351408145712	-8.56351408145712	NA	NA	NA	NA	NA	-7.88544217634448	NA	NA	-9.30047967562333	-7.40431548660787	NA	-8.14847658217828	NA	NA	NA	NA	NA	-8.66304975500804	NA	-10.0109730584283	-11.8854421763445	-7.44803686403719	NA	NA	NA	NA	NA	NA	NA	-9.3829418358153	NA	NA	-10.8854421763445	NA	-9.3829418358153	NA	NA	-7.11285267244756	NA	NA	NA	NA	NA	NA	NA	-9.66304975500804	NA	NA	NA	NA	-10.663049755008	NA	NA	NA	NA	NA	NA	NA	NA	NA	NA	NA	NA	NA	NA	NA	NA	NA	NA	NA	NA	NA	NA	NA	NA	NA	NA	NA	NA	NA	NA	NA	NA	NA	NA	NA	NA	NA	NA	NA	NA	NA	NA	NA	NA	NA	NA	NA	NA	-10.8854421763445	NA	NA	NA	NA	NA	NA	NA	NA	NA	NA	NA	NA	NA	NA	NA	NA	NA	NA	NA	NA	NA	NA	NA	NA	NA	NA	NA	NA	NA	NA	NA	NA	NA	NA	NA	NA	NA	NA	NA	NA	NA	NA	NA	NA	NA	NA	NA	NA	NA	NA	NA	NA	NA	NA
NW030-4	-1.11161199061791	-4.26063122562414	-4.78146338892558	-7.833719626057	NA	-2.60837388733121	-5.32982873598317	-4.11340527244096	-5.12421202739754	-5.51179153116964	-9.17949446289873	NA	NA	NA	NA	NA	NA	NA	-8.27260386729021	-11.4425288687325	NA	-7.37213954084113	-6.76445696361989	NA	-9.12060077384517	NA	NA	-9.85756636801137	-7.14974711950468	-5.06055339017523	NA	NA	NA	-5.96355706369959	NA	-7.76445696361989	-8.24089500756288	-9.12060077384517	NA	-5.99627263884296	-9.44252886873253	-9.95710204156229	NA	-7.90647596849232	NA	-9.67699412236955	-6.99627263884296	NA	NA	NA	NA	-10.9571020415623	-9.67699412236955	NA	NA	-9.67699412236955	-8.33819220891779	NA	-8.51652945017631	NA	NA	NA	-10.7644569636199	NA	-9.95710204156229	NA	NA	-9.37213954084113	-7.12060077384517	NA	NA	NA	NA	NA	NA	NA	-10.4425288687325	NA	NA	-8.90647596849232	NA	-10.9571020415623	NA	NA	-8.47905474475764	NA	NA	NA	NA	NA	NA	NA	NA	NA	NA	NA	NA	-9.30502534498259	NA	NA	NA	NA	NA	NA	-11.4425288687325	NA	NA	NA	NA	NA	NA	NA	NA	NA	-10.3050253449826	NA	NA	NA	NA	NA	NA	-10.9571020415623	NA	NA	NA	-11.1794944628987	NA	NA	NA	NA	NA	NA	NA	NA	NA	NA	NA	NA	NA	NA	NA	NA	NA	NA	NA	NA	NA	NA	NA	NA	NA	NA	NA	NA	NA	NA	NA	NA	NA	NA	NA	NA	NA	NA	NA	NA	NA	NA	NA	NA	NA	NA	NA	NA	NA	NA	-10.3050253449826	NA	NA	NA	NA	NA	NA	NA	NA	NA	NA	NA	NA	NA	NA	NA	NA	NA	NA	NA	NA	NA	NA	NA	NA
NW030-5-1	-0.781841402734616	-4.31204294621904	-4.02372105094725	-7.40276611663297	NA	-6.66857760713734	-6.1145211480019	-4.34331765155223	-5.33171636527346	-4.13022604870777	NA	NA	NA	NA	NA	NA	NA	NA	-8.43078049280257	-9.05881171541561	NA	-8.05881171541561	-7.69381489863636	-11.7812777398867	-7.51824333405291	NA	-9.29585091271646	-8.7812777398867	-7.33502150999714	-4.57964387871705	NA	NA	NA	-6.93328083333175	NA	-9.01574299352372	-7.72816640342714	-8.29585091271646	NA	-6.81780361591181	-10.0157429935237	-7.36173884837291	NA	-7.76335583188944	NA	NA	-9.01574299352372	NA	NA	NA	NA	-12.5182433340529	NA	NA	NA	-8.17246849721118	-8.12592591127415	NA	-7.37528538021086	NA	NA	NA	NA	-10.6437742161368	-7.25771578382969	NA	NA	NA	-7.64377421613676	NA	NA	NA	NA	NA	NA	NA	NA	-10.6437742161368	NA	-10.0157429935237	NA	NA	NA	NA	-8.67694108007196	NA	NA	NA	NA	NA	NA	NA	NA	NA	NA	-11.1032058347741	NA	-9.64377421613676	NA	NA	NA	NA	NA	NA	NA	NA	NA	NA	NA	NA	NA	NA	NA	NA	-9.7812777398867	NA	NA	NA	NA	NA	NA	-11.2958509127165	NA	NA	NA	NA	-10.6437742161368	NA	NA	NA	NA	NA	NA	NA	NA	NA	NA	NA	NA	NA	NA	NA	NA	NA	NA	NA	-11.1032058347741	NA	NA	NA	NA	NA	NA	NA	NA	NA	NA	NA	NA	NA	NA	NA	NA	NA	NA	NA	NA	NA	NA	NA	NA	NA	NA	NA	NA	NA	NA	NA	NA	NA	NA	NA	NA	NA	NA	NA	NA	NA	NA	NA	NA	NA	NA	NA	NA	NA	NA	NA	NA	NA	NA
NW030-5-2	-1.1531343021601	-4.3537769609267	-4.45006061311333	-7.65211823549645	NA	-2.8049338860122	-5.81717748176695	-4.35179659679846	-4.43950683495259	-6.99120688154199	-8.90737529073852	-9.46925417834664	-10.6916465996831	NA	NA	NA	NA	NA	-8.65211823549645	-8.8615716011254	NA	-6.62316686180032	-6.42694337348867	-10.4021399824881	NA	NA	NA	-8.05421667906779	-6.80628916562421	-7.05421667906779	NA	NA	NA	-8.02868158696066	NA	-6.3537769609267	-9.61364408768181	-9.16113188298431	NA	-6.79548241066763	-8.65211823549645	NA	NA	-8.81717748176695	NA	-10.4021399824881	-6.1891462591539	NA	NA	NA	NA	NA	NA	NA	NA	NA	-9.10668409896193	NA	NA	NA	NA	NA	-9.77410875987506	-11.539643506238	NA	NA	NA	NA	-10.4021399824881	NA	NA	NA	NA	NA	-4.33997116140167	NA	NA	NA	NA	-8.00359060599783	NA	NA	NA	NA	-7.2033601183736	NA	NA	NA	NA	NA	NA	NA	-10.1611318829843	NA	NA	NA	NA	-8.95468100551688	NA	NA	NA	-7.1891462591539	NA	NA	-11.0542166790678	NA	NA	NA	NA	NA	NA	NA	NA	NA	-8.16113188298431	NA	NA	NA	NA	NA	NA	NA	NA	NA	NA	-8.46925417834664	NA	NA	NA	NA	NA	NA	NA	NA	NA	NA	NA	NA	NA	NA	NA	NA	NA	NA	NA	NA	NA	NA	NA	NA	NA	NA	NA	NA	NA	NA	NA	NA	NA	NA	NA	NA	NA	NA	-9.16113188298431	NA	NA	NA	NA	NA	NA	NA	NA	NA	NA	-10.0542166790678	NA	NA	NA	NA	-8.1891462591539	NA	NA	NA	NA	NA	NA	NA	NA	NA	NA	NA	NA	NA	NA	NA	NA	NA	NA	NA	NA
NW030-6	-0.782618344584373	-3.11010864410959	-5.1575536891349	-8.87829296888652	NA	-4.09555334608316	-5.3253205824098	-4.94880094434087	-4.98156223949822	-8.03875764107977	NA	-11.8042923874427	NA	NA	NA	NA	NA	NA	-8.48236429255538	-8.91676711670116	NA	NA	NA	-10.6667888636928	NA	NA	NA	-8.37133298016664	-7.0072794096066	-6.18958254332753	NA	NA	NA	-5.17202417194323	NA	-10.1262204823301	-10.8042923874427	-9.66678886369281	NA	-7.78637047944548	-9.87829296888652	NA	NA	-9.08182636297165	NA	-9.54125798160895	-7.24357743296826	NA	NA	NA	NA	-9.60265852627309	-10.9562954808878	NA	-9.87829296888652	NA	-6.45379514035861	NA	-9.3188655602725	NA	-10.5412579816089	NA	-10.3188655602725	NA	NA	NA	NA	-9.80429238744274	-7.97647336282542	NA	NA	NA	NA	NA	-11.5412579816089	NA	-10.2193298867216	NA	NA	-10.6667888636928	NA	NA	NA	NA	-6.65048705136371	NA	NA	NA	NA	NA	NA	NA	-11.1262204823301	NA	NA	NA	NA	-7.13753579555794	NA	NA	NA	NA	NA	NA	-10.8042923874427	NA	NA	NA	NA	NA	NA	NA	NA	NA	-8.76866847771202	NA	NA	NA	NA	NA	NA	-10.425780764189	NA	NA	NA	NA	NA	NA	NA	NA	NA	NA	NA	NA	NA	NA	NA	NA	NA	NA	NA	NA	NA	NA	NA	NA	NA	NA	NA	NA	NA	NA	NA	NA	NA	NA	NA	NA	NA	NA	NA	NA	NA	NA	NA	NA	-12.5412579816089	NA	NA	NA	NA	NA	NA	NA	NA	NA	NA	NA	NA	NA	NA	NA	NA	NA	NA	NA	NA	NA	NA	NA	NA	NA	NA	NA	NA	NA	NA	NA	NA	NA	NA
NW031-1	-1.62185793531232	-4.39584440429975	-3.93641278566246	-5.49345520092618	-7.90849270020502	-9.49345520092618	-4.75360709822685	-5.7110466359988	-6.17152710603881	-7.31713242828571	NA	-1.71498376672634	-9.55234888997975	NA	NA	-9.43687167255981	NA	-7.98756427119622	-6.53739854851377	-6.79746138781628	-8.4093909361377	-10.2304207950924	-7.49345520092618	-6.21844815342631	-9.88938387725732	NA	-8.11494357767245	-7.29182133975653	NA	-7.85190917183865	-8.16003146720098	-11.5523488899797	-8.07122220024313	-6.1373113907009	-7.04984854945056	NA	-9.6778797720636	-8.96738638925859	NA	-7.29182133975653	-9.04984854945056	-10.6778797720636	NA	NA	-7.3299564686433	-8.55234888997975	NA	NA	-8.77975938608282	-8.30442137653616	NA	NA	-10.5523488899797	-9.09291727134245	-7.55234888997975	NA	NA	NA	-9.1373113907009	NA	-8.92785802507195	NA	NA	NA	-10.9673863892586	NA	NA	-10.6778797720636	NA	NA	NA	NA	NA	NA	NA	NA	NA	-8.09291727134245	NA	NA	-12.5523488899797	NA	-10.5523488899797	NA	NA	-7.38242388853743	NA	NA	-9.55234888997975	NA	-10.9673863892586	NA	-8.81538329581354	NA	NA	-10.9673863892586	-10.1373113907009	NA	NA	NA	NA	NA	NA	NA	NA	NA	NA	NA	NA	NA	NA	NA	NA	NA	-11.1373113907009	-10.1373113907009	NA	NA	NA	NA	NA	-11.1373113907009	NA	NA	NA	NA	-11.8153832958135	NA	NA	NA	NA	NA	NA	NA	NA	-9.27933039557333	NA	NA	NA	NA	NA	NA	NA	NA	-10.9673863892586	NA	NA	NA	NA	NA	NA	NA	NA	NA	NA	NA	-11.1373113907009	NA	NA	NA	NA	NA	NA	NA	NA	NA	NA	NA	NA	NA	NA	NA	NA	NA	NA	NA	NA	NA	NA	NA	NA	NA	NA	NA	NA	NA	NA	NA	NA	NA	NA	NA	NA	NA	NA	NA	NA	NA	NA	NA	NA
NW031-2	-2.04072454614494	-4.08358208527411	-4.30007390517087	-4.30203809205139	-7.3622427262573	-4.21249560675262	-5.14219424538916	-5.5880546681349	-6.60250582443244	-6.17781815511988	NA	-1.98917986055849	-9.73421150364426	NA	NA	-8.46412234027652	NA	-7.49974625000724	-6.3138797046959	-5.39960957872179	-8.12123462675351	NA	-7.5178935967175	-5.09035531386954	-8.77728022553615	NA	-8.57374683145101	-7.98878433072986	NA	-9.42935692211584	-7.3622427262573	NA	-7.29811238883759	-5.68212299249581	-6.97618429395023	NA	-9.014319422837	-9.29811238883759	NA	-6.15633842770943	-8.3954095901925	NA	NA	NA	-8.0937538903314	-7.79930653186615	-8.57374683145101	NA	-7.75558515443683	-7.14924900292311	NA	-8.65174934345229	-8.77728022553615	-9.73421150364426	-8.12123462675351	NA	NA	NA	NA	NA	-9.91478374928608	NA	NA	NA	-9.3622427262573	NA	NA	-10.3622427262573	NA	NA	NA	NA	NA	NA	NA	NA	NA	-7.98878433072986	NA	NA	NA	NA	NA	NA	NA	-7.53627212603235	NA	NA	NA	NA	-8.91478374928608	NA	-9.42935692211584	NA	NA	NA	-10.1212346267535	NA	NA	NA	-8.96369334976703	NA	NA	NA	NA	NA	NA	NA	-10.8216743448946	NA	NA	NA	NA	NA	-11.014319422837	-9.49974625000724	NA	NA	NA	NA	NA	NA	NA	NA	NA	NA	NA	NA	NA	NA	NA	NA	NA	NA	NA	-8.32982124856493	NA	NA	NA	NA	NA	NA	NA	NA	NA	NA	NA	NA	NA	NA	NA	NA	NA	NA	NA	NA	NA	NA	NA	NA	NA	NA	NA	NA	NA	NA	NA	NA	NA	NA	NA	NA	NA	NA	NA	NA	NA	NA	NA	NA	NA	NA	NA	NA	NA	NA	NA	NA	NA	NA	NA	NA	NA	NA	NA	NA	NA	NA	NA	NA	NA
NW031-3	-1.69417154053615	-5.39104464365705	-3.60264249426428	-3.99754030592784	-8.14593214582051	-6.08703845676695	-6.60161162959671	-4.42894125141558	-4.14894089569285	-10.2454678193714	NA	-2.66965848079392	-9.52926078537202	NA	NA	-8.40896655165431	NA	-6.09862643104216	-6.27803568182786	-4.16560212596065	-5.7766983361548	NA	-9.52926078537202	-5.07268316378988	NA	NA	-9.29793523926557	-7.01939973989158	NA	NA	NA	-13.052822741429	-9.09862643104216	-7.94429828465087	-8.62655798672694	NA	NA	-9.73089464654167	NA	-6.94429828465087	-10.4678602407079	-10.5933911227917	NA	NA	-10.4678602407079	-10.7308946465417	-7.64343180529133	NA	-8.07554281792912	-7.28463841665211	NA	-7.42346612134942	NA	-8.73089464654167	-12.052822741429	NA	NA	NA	NA	NA	-10.7308946465417	NA	NA	NA	-10.3523830232879	NA	NA	-9.66050531865027	NA	NA	NA	NA	NA	NA	NA	NA	NA	-5.26165985287402	NA	-10.1459321458205	-11.4678602407079	NA	NA	NA	NA	-7.88289773998672	NA	NA	NA	NA	NA	NA	-11.4678602407079	NA	NA	-9.9653599001787	NA	NA	NA	NA	NA	NA	NA	NA	NA	NA	NA	NA	NA	NA	NA	NA	NA	NA	NA	-9.88289773998672	NA	NA	NA	NA	NA	NA	NA	NA	NA	NA	-10.4678602407079	NA	NA	-8.69527073681095	NA	NA	NA	NA	NA	-8.84336937580008	NA	NA	NA	NA	NA	NA	NA	NA	-10.052822741429	NA	NA	NA	NA	NA	NA	NA	NA	NA	NA	NA	NA	NA	NA	NA	NA	NA	NA	NA	NA	NA	NA	NA	NA	NA	NA	NA	NA	NA	NA	NA	NA	NA	NA	NA	NA	NA	NA	NA	NA	NA	NA	NA	NA	NA	NA	NA	NA	NA	NA	NA	NA	NA	NA	NA	NA
NW031-4	-1.7620534868255	-5.59731240633146	-3.33732487605653	-4.98222991723397	-7.01356788376697	-4.13555840814558	-5.77593802318627	-4.54002666571424	-4.71919551140017	NA	NA	-2.25435445620071	-8.55059590742443	NA	NA	-7.44166153587126	NA	-6.088594929175	-6.72317536231272	-5.65696721122483	-5.41566632733832	-10.2230212493959	-8.79675649469382	-6.16232531770837	NA	NA	-12.2230212493959	-6.48155426299478	NA	-10.2230212493959	NA	-10.9010931545086	-10.0530962479536	-7.23433656262376	-7.68386243828789	NA	NA	-9.83070382661716	NA	-8.26882493900905	-10.6380587486748	NA	NA	NA	NA	-9.83070382661716	-7.91924050121882	NA	-9.97509373595234	-7.847981818049	NA	-7.16773881389473	NA	NA	NA	NA	NA	NA	NA	NA	-10.3161306537874	NA	NA	NA	NA	NA	NA	-8.83070382661716	NA	NA	NA	NA	NA	NA	NA	NA	NA	-6.79675649469382	NA	-9.05309624795361	-9.52258153125483	NA	NA	NA	NA	-6.31013191316596	NA	NA	-8.55059590742443	NA	NA	NA	-9.36504025426835	NA	NA	-11.9010931545086	NA	NA	NA	NA	NA	NA	NA	NA	NA	NA	NA	NA	NA	NA	NA	NA	NA	NA	NA	-8.79675649469382	NA	NA	NA	NA	NA	NA	NA	NA	NA	NA	NA	NA	NA	-9.36504025426835	NA	NA	NA	NA	NA	-9.46813374723245	NA	NA	NA	-10.4156663273383	NA	NA	NA	NA	-9.13555840814558	NA	NA	NA	NA	NA	NA	NA	NA	NA	NA	NA	NA	NA	NA	NA	NA	NA	NA	NA	NA	NA	NA	NA	NA	NA	NA	NA	NA	NA	NA	NA	NA	NA	NA	NA	NA	NA	NA	NA	NA	NA	NA	NA	NA	NA	NA	NA	NA	NA	NA	NA	NA	NA	NA	NA	NA
NW031-5	-1.6673436625053	-5.86308495575175	-4.02514171386072	-4.46163652122086	-8.24641359530325	-2.17347517081141	-6.64757892000054	-4.42124739712919	-7.87920462111502	-11.3549380520814	NA	-3.77656536072062	-10.5475831300238	NA	NA	-6.92867329737932	NA	-4.59838172955733	-8.52204803791668	-5.69315995430943	-5.51573426398448	NA	NA	-5.29965561658023	NA	NA	NA	-8.35493805208142	NA	-10.4480474564729	NA	-10.6544983339403	NA	-8.12611936158554	-8.62701759751822	NA	NA	-10.4480474564729	NA	-9.49695705695385	NA	NA	NA	NA	NA	-8.99738604746334	-7.47229500271958	NA	-10.7699755513603	-6.62701759751822	NA	-6.17006270917314	NA	-7.9798986207345	NA	NA	NA	NA	NA	NA	NA	NA	NA	NA	-10.1070105386378	NA	NA	-9.03300995719406	NA	NA	NA	NA	NA	NA	NA	NA	NA	-11.0330099571941	NA	-8.05115730390432	-7.42420071451853	NA	NA	NA	NA	-6.52838956479051	NA	NA	-11.5475831300238	NA	-11.1850130506391	NA	NA	NA	NA	NA	NA	-9.89550643344412	NA	NA	NA	NA	NA	NA	NA	NA	NA	NA	-11.5475831300238	NA	NA	NA	NA	NA	-11.7699755513603	-8.4480474564729	NA	NA	NA	NA	NA	-12.7699755513603	NA	NA	NA	NA	NA	NA	NA	NA	NA	NA	NA	NA	NA	-9.60005054991795	NA	NA	NA	-10.4480474564729	NA	NA	NA	NA	-9.26747521083108	NA	NA	NA	NA	NA	NA	NA	NA	NA	NA	NA	NA	NA	NA	NA	NA	NA	NA	NA	NA	NA	NA	NA	NA	NA	NA	NA	NA	NA	NA	NA	NA	NA	NA	NA	NA	NA	NA	-10.8955064334441	NA	NA	NA	NA	NA	NA	NA	NA	NA	NA	NA	NA	-11.0330099571941	NA	NA	NA	NA
NW032-1	NA	-2.36478058550773	NA	NA	-6.67957921633698	-2.12888661770057	-2.27617706024312	NA	-4.50514578922292	-6.59092159651659	-9.36989471720437	-5.1746903073137	NA	NA	NA	NA	NA	NA	-8.33747323951199	-10.3698947172044	NA	-8.65940133439935	-5.42844689955948	NA	NA	-9.12888661770057	NA	-6.27473748416403	-8.61987297021272	NA	NA	NA	NA	NA	-6.79590333430422	-4.05618712912198	-7.82932633584167	NA	NA	-4.91046309856707	-6.44562204336761	-7.41993539970396	NA	NA	NA	-10.6594013343994	-8.12888661770057	NA	-10.8293263358417	NA	NA	-7.99643632167693	-8.21461649172646	NA	NA	-7.25947072751072	NA	NA	NA	NA	-7.76323714538389	NA	NA	-8.97134534071409	NA	NA	-6.97134534071409	-6.5073982409543	NA	NA	NA	NA	NA	NA	NA	-7.19996971576206	NA	NA	NA	-6.94668328647982	NA	NA	-8.87513002545479	-9.58139882239808	NA	NA	NA	-9.36989471720437	NA	NA	NA	-6.7000433188967	NA	-11.2443638351205	NA	NA	NA	NA	NA	-6.32948044875846	-7.5073982409543	NA	NA	NA	NA	-10.8293263358417	NA	NA	NA	-9.5073982409543	NA	NA	NA	NA	NA	NA	NA	NA	-8.54392411697942	NA	NA	NA	-7.87513002545479	NA	NA	NA	NA	NA	NA	NA	-13.8293263358417	NA	NA	NA	NA	NA	NA	-7.92243574023315	-11.2443638351205	NA	NA	NA	NA	NA	NA	NA	NA	NA	NA	NA	NA	-11.2443638351205	NA	NA	NA	NA	-10.3698947172044	NA	NA	NA	NA	NA	NA	NA	NA	NA	NA	NA	NA	NA	NA	NA	NA	NA	NA	NA	NA	NA	NA	NA	NA	NA	NA	NA	NA	NA	NA	NA	NA	NA	NA	NA	NA	NA	NA	NA	NA	NA	NA	NA	NA
NW032-2	-0.449243276303097	-3.79194157533804	NA	NA	-7.41824487144009	-9.03715470408459	-4.30535081503416	NA	-7.98652863101462	-6.96186657678035	NA	-5.00530583804525	NA	NA	NA	NA	NA	NA	NA	NA	NA	-9.84450962614219	-8.1440699080011	NA	NA	-8.84450962614219	NA	NA	NA	NA	NA	NA	NA	NA	NA	-5.77842043568442	NA	NA	NA	-5.85582493937003	-6.3687761951758	-6.35265652981252	NA	NA	NA	NA	NA	-7.84450962614219	-9.84450962614219	NA	NA	-10.5225815312548	-8.08962212397872	NA	NA	-9.52258153125483	NA	NA	NA	NA	NA	NA	NA	NA	NA	NA	NA	-7.3850780075049	NA	NA	NA	NA	NA	NA	NA	NA	NA	NA	NA	NA	NA	NA	-9.67458462469988	NA	NA	NA	NA	NA	NA	NA	NA	NA	NA	NA	NA	NA	NA	NA	-7.48695762152411	NA	NA	NA	NA	NA	NA	NA	NA	NA	NA	NA	NA	NA	NA	NA	NA	NA	NA	NA	NA	NA	NA	NA	NA	NA	NA	NA	NA	NA	NA	NA	NA	NA	NA	NA	NA	NA	NA	NA	-8.20065343636747	NA	NA	NA	NA	NA	NA	NA	NA	NA	NA	NA	NA	NA	NA	NA	NA	NA	NA	NA	NA	NA	NA	NA	NA	NA	NA	NA	NA	NA	NA	NA	NA	NA	NA	NA	NA	NA	NA	NA	NA	NA	NA	NA	NA	NA	NA	NA	NA	NA	NA	NA	NA	NA	NA	NA	NA	NA	NA	NA	NA	NA	NA
NW032-3	-0.975066707860246	-2.99366292998097	NA	NA	-11.4714211964249	-3.77098147828377	-4.44905338339641	NA	-6.51722488603799	-5.7254668190314	NA	-6.78959715645112	NA	NA	NA	NA	NA	-4.5867418799065	-7.80845618370243	-5.64699276100832	NA	-5.54463104337864	-8.12564635958313	NA	-10.2490287750884	-6.2298352098551	NA	-8.44167385303081	-8.47142119642486	NA	NA	NA	NA	NA	NA	-6.90663657764134	-10.7344556022587	NA	NA	-7.99029450668824	-7.75260294896891	-8.59695207850872	NA	-6.24260250592898	NA	-10.056383697146	-7.68134426579909	NA	NA	NA	NA	-8.10218738675914	-9.19840270201844	NA	-10.056383697146	NA	-8.30149619498255	NA	-8.66406627436726	NA	-9.10218738675914	NA	NA	-8.77098147828377	NA	NA	-10.1494931015375	-9.41252750737129	-6.75260294896891	NA	NA	NA	NA	NA	NA	-7.28819937236909	NA	NA	NA	-7.16156593383807	NA	-7.35594397900493	NA	NA	NA	NA	NA	NA	NA	NA	NA	NA	-9.53282174108901	NA	NA	NA	NA	-9.96892085589568	NA	NA	-9.01198957778756	NA	NA	NA	-9.96892085589568	-8.32846324258282	NA	NA	NA	NA	NA	NA	NA	NA	NA	NA	NA	NA	NA	NA	NA	NA	-10.7344556022587	NA	NA	NA	NA	NA	NA	NA	-11.2490287750884	NA	NA	NA	NA	NA	NA	NA	-14.056383697146	NA	NA	NA	NA	NA	NA	NA	NA	NA	NA	NA	NA	NA	NA	NA	NA	NA	-10.056383697146	NA	NA	NA	NA	NA	NA	NA	NA	NA	NA	NA	NA	NA	NA	NA	NA	NA	NA	NA	NA	NA	NA	NA	NA	NA	NA	NA	NA	NA	NA	NA	NA	NA	NA	NA	NA	NA	NA	NA	NA	NA	NA	NA	NA
NW032-4-1	-0.909840375999763	-3.74176891392706	NA	NA	-8.31972462554316	-4.72223502694584	-5.10936475970161	NA	-4.96299117132484	-6.70707039095295	NA	-6.18756866697659	NA	NA	NA	NA	NA	-4.14236303525906	-8.11663276016565	-6.15353234297717	NA	-5.23028954196121	-9.38843737562717	NA	-9.31972462554316	-6.41059902555133	NA	-7.81525204268237	-8.08777789749346	NA	NA	NA	NA	NA	-9.74598938024525	-5.99444532115616	-10.1610268795241	NA	-10.8390987846367	-9.31972462554316	-7.28655776160796	NA	NA	-6.69070694474406	NA	-9.79179306985838	-4.3612056301519	NA	NA	NA	NA	-5.92581041783007	-9.04554966210416	NA	NA	NA	-9.10213319047053	NA	-9.7015952608868	NA	-8.46058716138301	NA	NA	-10.1610268795241	NA	NA	-9.49806186680167	-8.55616482136524	-7.92581041783007	NA	NA	NA	NA	NA	NA	-8.63746492346709	NA	NA	NA	-6.71808338367537	NA	-9.46058716138301	NA	-8.40613937736063	NA	NA	NA	NA	NA	NA	NA	-11.4240612853579	-11.0455496621042	-10.4240612853579	NA	NA	NA	-9.7015952608868	NA	NA	NA	NA	NA	NA	-9.13127953613005	-9.04554966210416	NA	NA	NA	-10.8390987846367	NA	NA	NA	NA	NA	NA	NA	NA	NA	NA	NA	NA	-10.8390987846367	NA	NA	NA	NA	NA	NA	NA	-13.7459893802453	NA	NA	NA	NA	NA	NA	NA	-11.286557761608	NA	NA	NA	NA	NA	NA	NA	NA	NA	NA	NA	NA	NA	NA	NA	NA	NA	-10.9386344581877	NA	NA	NA	NA	NA	NA	NA	NA	NA	NA	NA	NA	NA	NA	NA	NA	NA	NA	NA	NA	NA	NA	NA	NA	NA	NA	NA	NA	NA	NA	NA	NA	NA	NA	NA	NA	NA	NA	NA	NA	NA	NA	NA	NA
NW032-4-2	-0.879045655449594	-3.55170736918223	NA	NA	NA	-3.92320344176781	-4.97885147131773	NA	-5.44211555032191	-5.64722998022652	NA	-6.70564666645184	NA	NA	NA	NA	NA	-4.02366778933914	-8.10094794766942	-5.82361000380613	NA	-5.41993875947723	-8.71761930811792	NA	NA	-6.04330932180148	NA	-7.59108690218899	-8.76652890859886	NA	NA	NA	NA	NA	-6.84315019020178	-5.88641764410595	-10.3025818088391	NA	NA	NA	-8.16507828508914	-9.45458490228412	NA	-6.30258180883907	NA	-10.1650782850891	-9.03954740300528	-12.6245099037264	-9.67031359333956	NA	NA	-7.45458490228412	-10.2321924809477	NA	NA	NA	-8.35772336303154	NA	NA	NA	-8.64722998022652	NA	NA	-8.41505653809749	NA	NA	-10.0395474030053	-7.92407018558534	-7.59108690218899	NA	NA	NA	NA	NA	NA	-8.41505653809749	NA	NA	NA	-7.51598544694827	NA	-10.5370470624761	NA	-9.98065371395171	NA	NA	NA	NA	NA	NA	NA	-10.5370470624761	NA	NA	NA	NA	NA	NA	NA	NA	NA	NA	NA	NA	-11.1650782850891	-8.23219248094768	NA	NA	NA	-11.6245099037264	NA	NA	NA	NA	NA	NA	NA	NA	-11.6245099037264	NA	NA	NA	-11.3025818088391	NA	NA	NA	NA	NA	NA	NA	NA	NA	NA	NA	NA	NA	NA	NA	NA	NA	NA	NA	NA	NA	NA	NA	NA	NA	NA	NA	NA	NA	NA	NA	NA	NA	-11.4545849022841	-11.3025818088391	NA	NA	NA	NA	NA	NA	NA	NA	NA	NA	NA	NA	NA	NA	NA	NA	NA	NA	NA	NA	NA	NA	NA	NA	NA	NA	NA	NA	NA	NA	NA	NA	NA	NA	NA	NA	NA	NA	NA	NA	NA	NA	NA
NW032-4-3	-0.831209395517367	-3.7003955389051	NA	NA	-11.2945765696556	-4.23845996527264	-5.19735476194297	NA	-5.68213333251237	-5.18123509657969	NA	-6.63307251406148	NA	NA	NA	NA	NA	-4.15817692804801	-8.50316319146705	-4.93297015007623	NA	-5.67083574117798	-8.63746428317864	NA	-12.4100537870756	-6.64186946229864	NA	-7.44042743611909	-9.24012878563326	NA	NA	NA	NA	NA	-7.30851576061351	-6.32259094582523	-9.67308819290936	NA	NA	-8.78556292216778	-8.24012878563326	-11.2945765696556	NA	-6.18444465305558	NA	-9.56875153309463	-7.36565966771712	NA	-10.4714543317397	NA	NA	-7.21365657427207	-9.82509128635441	NA	NA	NA	-7.71889188252249	NA	NA	NA	-9.13703529266915	NA	NA	-8.552072791948	NA	NA	-10.9075534465464	-8.56875153309463	-7.41005378707557	NA	NA	NA	NA	NA	NA	-7.86573327085176	NA	NA	NA	-7.41758745976098	NA	-9.99501628779672	NA	-10.6730881929094	NA	NA	NA	NA	NA	NA	NA	NA	-10.9950162877967	NA	NA	NA	NA	-10.0408199774098	NA	NA	NA	NA	NA	NA	-9.86573327085176	-9.86573327085176	NA	NA	NA	-11.8250912863544	NA	NA	NA	NA	NA	NA	NA	NA	-11.2945765696556	NA	NA	NA	-10.6730881929094	NA	NA	NA	NA	NA	NA	NA	-11.9950162877967	NA	NA	NA	NA	NA	NA	NA	NA	NA	NA	NA	NA	NA	NA	NA	NA	NA	NA	NA	NA	NA	NA	NA	NA	NA	-10.4714543317397	-10.7470887743531	NA	NA	NA	NA	NA	NA	NA	NA	NA	NA	NA	NA	NA	NA	NA	NA	NA	NA	NA	NA	NA	NA	NA	NA	NA	NA	NA	NA	NA	NA	NA	NA	NA	NA	NA	NA	NA	NA	NA	NA	NA	NA	NA
NW032-5	-1.52478087145701	-3.21493524671156	NA	NA	-10.959096342282	-4.18365066817911	-3.20922691488512	NA	-4.638070213689	-6.80529100620293	NA	-4.6941846492075	-11.4736695151117	NA	NA	NA	NA	-5.16858493038778	-8.95909634228197	-6.88014500088714	NA	-3.77570908103309	-5.3786493226833	NA	-7.45447594987841	-6.58753747967	NA	-6.72260372390066	-9.28102443716933	NA	NA	NA	NA	NA	-7.58753747967	-5.78117855008612	-8.92347243255124	NA	NA	-7.05220574667345	-6.89300715182419	-10.4230434420418	NA	-6.74964297665302	NA	-7.7418656260613	-8.66631459305412	-11.6960619364482	-10.4230434420418	NA	NA	-6.68483468102492	-8.5128401123924	NA	NA	-10.111099435727	-9.75746248111232	NA	NA	NA	-8.80529100620293	NA	NA	-10.111099435727	NA	NA	-9.15174142022436	-6.87163350103163	-9.19356159591899	NA	NA	NA	NA	NA	NA	-7.53955745076818	NA	NA	NA	-7.24210544787703	NA	-11.111099435727	-11.6960619364482	-7.86317192228343	NA	NA	NA	-8.23663031781087	NA	NA	NA	-8.80529100620293	-9.49966472364467	-7.8463962095326	NA	NA	NA	-10.4230434420418	NA	NA	-9.66631459305412	NA	NA	NA	-9.99562221830708	-9.13127731766465	NA	NA	NA	-10.8887070143906	NA	NA	NA	NA	NA	NA	NA	NA	-10.4736695151117	NA	-9.99562221830708	NA	-9.88870701439057	NA	NA	-12.111099435727	NA	NA	NA	NA	-11.5805847190282	NA	NA	NA	NA	NA	-10.3741338415608	NA	NA	NA	NA	-9.82159281853203	NA	NA	NA	NA	NA	NA	NA	NA	NA	NA	NA	NA	NA	NA	-8.7418656260613	-12.6960619364482	NA	NA	NA	NA	NA	NA	NA	NA	-13.6960619364482	NA	NA	NA	NA	NA	NA	NA	NA	NA	NA	NA	NA	NA	NA	NA	NA	NA	NA	NA	NA	NA	NA	NA	NA	NA	NA	NA	NA	NA	NA	NA	NA	NA	NA
NW033-1	-0.747328997001102	-3.67891033219776	-4.03218466395247	NA	-5.58961398091748	NA	-6.71787465575691	-8.08214904135387	-5.22947012878678	NA	-9.31480979814415	-8.65945796953159	-4.4705748103854	-9.54927505178117	NA	NA	NA	-5.49463083572896	-8.42728452740256	NA	NA	NA	-8.08214904135387	NA	NA	NA	-11.4668128915892	-9.63673789303151	NA	NA	NA	NA	NA	-8.93629817489042	-9.35133567416926	-5.12498523926413	-6.87518666058703	NA	NA	-6.69422338769227	-10.9362981748904	-9.93629817489042	NA	NA	NA	NA	-5.48699077352683	NA	NA	NA	NA	-5.86855356825458	NA	NA	NA	NA	-10.8293829709739	NA	-9.27918588841342	NA	NA	NA	-9.42728452740256	NA	NA	NA	-8.8293829709739	-7.43706554819514	-7.1368920059483	-11.3148097981441	NA	NA	NA	NA	NA	NA	NA	NA	NA	-9.77875689790394	NA	NA	NA	NA	NA	NA	NA	NA	NA	NA	NA	-8.88185039086804	NA	NA	NA	NA	NA	-10.5492750517812	NA	NA	NA	NA	NA	NA	-10.1131759369745	NA	NA	NA	NA	-11.1773062743942	NA	NA	NA	NA	-11.8293829709739	NA	NA	-7.69422338769227	NA	NA	NA	NA	NA	NA	NA	-10.1131759369745	NA	NA	NA	NA	-11.8293829709739	NA	-10.5492750517812	NA	NA	NA	NA	-11.1773062743942	NA	NA	NA	NA	NA	NA	NA	NA	NA	NA	NA	NA	NA	NA	NA	NA	NA	NA	NA	NA	NA	NA	NA	NA	NA	NA	NA	NA	NA	NA	NA	NA	-10.8293829709739	NA	NA	NA	NA	NA	NA	NA	NA	NA	NA	NA	NA	NA	NA	NA	NA	NA	NA	NA	NA	NA	NA	NA	NA	NA	NA	NA	NA	NA	NA
NW033-2	-1.09800241317119	-2.71013031862236	-3.57328914457943	NA	-6.24746923443507	NA	-5.25996017861827	-5.50256582084422	-4.61039470119462	NA	-8.93552522812033	-9.25745332300769	-4.49664098688712	-9.96794670581271	NA	NA	NA	-5.38025441233598	-8.31885386767184	NA	NA	-12.42737832445	-9.90381636839299	NA	NA	NA	-10.5204877288415	NA	NA	NA	NA	NA	NA	-8.33991548319967	NA	-5.99692577278447	-5.87278947277237	NA	NA	-6.86513590022893	-10.7269386063089	NA	NA	NA	NA	NA	-5.66915510972328	NA	NA	NA	NA	-6.96794670581271	NA	NA	NA	NA	-9.56939732932243	NA	-8.29809530750504	NA	NA	NA	-8.67249082228654	-10.9679467058127	NA	NA	-8.72693860630891	-7.68591133804886	-6.56319217979572	-10.3399154831997	NA	NA	NA	NA	NA	NA	NA	NA	NA	-7.20820980398784	NA	NA	NA	NA	NA	NA	NA	NA	NA	NA	NA	-9.78352213467528	NA	NA	NA	NA	NA	-10.7269386063089	NA	NA	NA	NA	NA	NA	-9.14197610558776	NA	NA	NA	NA	NA	NA	NA	NA	NA	-10.2574533230077	NA	NA	-7.60719936203482	NA	NA	NA	NA	NA	NA	NA	NA	NA	NA	NA	NA	-11.2574533230077	NA	NA	NA	NA	NA	NA	NA	NA	NA	NA	-10.9679467058127	NA	NA	NA	NA	NA	NA	NA	NA	NA	NA	NA	NA	NA	NA	NA	NA	NA	NA	NA	NA	NA	NA	NA	NA	NA	NA	NA	NA	NA	NA	NA	NA	NA	NA	NA	NA	NA	NA	NA	NA	NA	NA	NA	NA	NA	NA	NA	NA	NA	NA	NA	NA	NA	NA	NA	NA	NA	NA	NA
NW033-3	-2.37249890928505	-2.14251811010163	-3.86217381914776	NA	-1.62669969360148	NA	-3.78486809298031	-9.63035814392468	-5.51349438623378	NA	-5.89159030712449	NA	-11.3673237380909	NA	NA	NA	NA	-8.17092652528738	NA	NA	NA	-10.7823612373697	-7.08192151922864	NA	NA	NA	NA	-11.3673237380909	NA	NA	NA	NA	NA	-5.40925441855681	NA	NA	-5.76246167993203	NA	NA	-7.46043314248237	-8.70435872536846	-9.86482339756171	NA	NA	NA	NA	-8.78236123736973	NA	NA	NA	NA	NA	NA	NA	NA	NA	NA	NA	-10.6303581439247	NA	NA	NA	NA	NA	NA	NA	-10.3673237380909	NA	-8.46043314248237	NA	NA	NA	NA	NA	NA	NA	NA	NA	NA	-8.86482339756171	NA	NA	NA	NA	NA	NA	NA	NA	NA	NA	NA	NA	NA	NA	NA	NA	NA	NA	NA	NA	NA	NA	NA	NA	-10.4928546201747	NA	NA	NA	NA	NA	NA	NA	NA	NA	NA	NA	NA	-8.55996881603328	NA	NA	NA	NA	NA	NA	NA	NA	NA	NA	NA	NA	NA	NA	NA	NA	NA	NA	NA	NA	NA	NA	NA	NA	NA	NA	NA	NA	NA	NA	NA	NA	NA	NA	NA	NA	NA	NA	NA	NA	NA	NA	NA	NA	NA	NA	NA	NA	NA	NA	NA	NA	NA	NA	NA	NA	NA	NA	NA	NA	NA	NA	NA	NA	NA	NA	NA	NA	NA	NA	NA	NA	NA	NA	NA	NA	NA	NA	NA	NA	NA	NA	NA
NW033-4	-5.84819550178424	-1.86859718575463	-7.10488838074421	NA	-0.983436658884039	NA	-3.27706935612689	NA	-6.59792839202432	NA	-6.06741367532554	-9.15118203301814	-7.6523761760467	-10.3528158941878	NA	NA	NA	-10.8673890670175	NA	NA	NA	NA	-7.16694934887646	NA	NA	NA	NA	NA	NA	NA	NA	NA	NA	-5.94682353451195	NA	NA	-5.35281589418779	NA	NA	-7.97430427093406	NA	NA	NA	NA	NA	NA	-9.21531237043786	NA	NA	NA	NA	NA	NA	NA	NA	NA	NA	NA	NA	NA	NA	NA	NA	NA	NA	NA	-10.5048189876328	-8.6303498697167	-10.2153123704379	NA	NA	NA	NA	NA	NA	NA	NA	NA	NA	NA	NA	NA	NA	NA	NA	NA	NA	NA	NA	NA	NA	NA	NA	NA	NA	NA	NA	NA	NA	NA	NA	NA	NA	NA	NA	NA	NA	NA	NA	NA	NA	NA	NA	NA	NA	NA	NA	-9.21531237043786	NA	NA	NA	NA	NA	NA	NA	NA	NA	NA	NA	NA	-11.6747439890752	NA	NA	NA	NA	NA	NA	NA	NA	NA	NA	NA	NA	NA	NA	NA	NA	NA	NA	NA	NA	NA	NA	NA	NA	NA	NA	NA	NA	NA	NA	NA	NA	NA	NA	NA	NA	NA	NA	NA	NA	NA	NA	NA	NA	NA	NA	NA	NA	NA	NA	NA	NA	NA	NA	NA	NA	NA	NA	NA	NA	NA	NA	NA	NA	NA	NA	NA	NA	NA	NA
NW033-5	-0.828496986411132	-3.26458699464561	-3.76297401142224	NA	-5.01304822764964	NA	-6.58400387037692	-8.8050030564135	-3.59660390715655	NA	-8.06026011165557	-8.71067567386535	-8.25956891987898	-9.62213899926369	NA	NA	NA	-6.14409170245905	-9.13181337268061	NA	NA	NA	-10.3706002322677	NA	NA	NA	NA	-9.10756582643393	NA	NA	NA	NA	NA	-9.76652890859886	NA	NA	-6.04867213738036	NA	NA	-7.52260332571278	-12.0144564220424	NA	NA	NA	NA	NA	-6.45986757036481	NA	NA	NA	NA	-5.16583348161311	NA	NA	NA	NA	-10.0144564220424	NA	-8.82463186316243	NA	NA	NA	-8.30021090437633	NA	NA	NA	-8.63941699069552	-8.34203108007095	-6.77605168271737	-11.2071014999848	NA	NA	NA	NA	NA	NA	NA	NA	NA	-8.15647542691488	NA	NA	NA	NA	NA	NA	NA	NA	NA	NA	NA	NA	NA	NA	NA	NA	NA	NA	NA	NA	NA	NA	NA	NA	-10.1564754269149	NA	NA	NA	NA	NA	NA	NA	NA	NA	-11.1075658264339	NA	NA	-6.42574178646019	NA	NA	NA	-11.4294939213213	NA	NA	NA	-10.6925283271551	NA	NA	NA	NA	-12.6925283271551	NA	NA	NA	NA	NA	NA	-8.94836723158468	NA	NA	NA	NA	NA	NA	NA	NA	NA	NA	NA	NA	NA	NA	NA	NA	NA	NA	NA	NA	NA	NA	NA	NA	NA	NA	NA	NA	NA	NA	NA	NA	-9.39974657792724	NA	NA	NA	NA	NA	NA	NA	NA	NA	NA	NA	NA	NA	NA	NA	NA	NA	NA	NA	NA	NA	NA	NA	NA	NA	NA	NA	NA	NA	NA
NW034-1	-1.77935753566067	-2.66368037436392	-2.51536069147171	NA	-8.55783185814176	NA	-5.08405921643744	-4.07978456133711	-4.32922456702217	-6.6733090755617	NA	-5.80353165297028	NA	NA	NA	NA	-8.70807449372237	NA	-5.66688280640226	NA	-8.54206454228344	-7.7527435430561	-5.83921430555167	-6.95188433229127	-9.18298344897861	-8.09984221367837	-6.16174465260428	-7.53424503782414	-6.36518678019936	NA	NA	-8.45091665422525	-5.64988473005037	NA	-7.25184530712342	-6.74821388457559	NA	-8.17080873503251	NA	NA	-9.31073899617699	-8.0543992429172	NA	-7.6733090755617	NA	NA	-10.2076455032129	-13.4806639976193	-6.34452730963327	NA	NA	-9.54206454228344	-9.33770604377726	NA	-8.97816365709012	-9.15873590273194	NA	NA	-7.40029058115528	NA	-8.23273648417571	NA	-10.6733090755617	-8.70807449372237	NA	NA	-10.9781636570901	NA	-9.06562649834046	-11.0656264983405	NA	-6.95710204156229	NA	NA	NA	-10.9781636570901	-9.51103764666282	-13.0656264983405	NA	-10.1114301879536	NA	-9.15873590273194	NA	NA	-8.57377340201078	NA	NA	NA	NA	NA	NA	-8.4806639976193	-9.25827157628285	NA	NA	NA	NA	-11.7436984034531	NA	NA	NA	NA	NA	-10.4217703085657	-8.91587937883577	NA	NA	NA	NA	NA	NA	NA	NA	NA	NA	NA	NA	NA	NA	NA	-10.1114301879536	NA	-11.6061948797032	NA	-11.3651867801994	NA	NA	NA	-10.021232378982	NA	-11.8957014968981	NA	NA	NA	NA	NA	NA	NA	NA	NA	NA	NA	NA	-10.310738996177	NA	NA	NA	NA	NA	NA	NA	NA	NA	NA	NA	-10.1114301879536	NA	-10.9781636570901	NA	-11.6061948797032	NA	NA	NA	NA	NA	NA	NA	NA	NA	NA	NA	NA	NA	NA	NA	NA	NA	NA	NA	NA	NA	NA	NA	NA	NA	NA	NA	NA	NA	NA	NA	NA	NA	NA	NA	NA	NA	NA	NA	NA	NA
NW034-2-1	-2.32524350952647	-2.02992615021278	-2.24169093571176	NA	-8.70731249046825	NA	-4.84798757811179	-4.09419502514704	-5.15854264137048	-5.32244125217236	NA	-5.33556527417225	NA	NA	NA	NA	-9.52444843331844	NA	-6.01589904811646	NA	-8.07127580515283	-7.40897121589851	-8.16187835393374	-7.89439804306875	-8.33180335537605	-7.65937801340455	-7.70731249046825	-8.55921385147912	-6.88334285455975	NA	NA	-9.188845401534	-5.20423885565738	NA	-9.70731249046825	-5.72200900167496	NA	-7.54172642475028	NA	-11.331803355376	-7.23728575659176	-7.14197879649603	NA	-9.74684085465489	NA	NA	NA	-10.0587848609696	-6.32430881882912	NA	NA	-10.1618783539337	-8.42491275976753	NA	-11.2163261379561	-10.1094109340396	-11.1094109340396	NA	-7.89439804306875	NA	-8.45733423745991	NA	NA	-8.5073749199595	NA	NA	-12.331803355376	NA	-12.331803355376	NA	NA	-8.63136363723495	NA	NA	NA	-8.74684085465489	NA	NA	NA	-11.1094109340396	NA	NA	-10.1618783539337	NA	-9.78748283915224	NA	NA	NA	NA	NA	NA	-10.0587848609696	NA	-9.39320390004019	NA	NA	NA	NA	NA	NA	NA	NA	NA	-9.66883834265362	NA	-11.331803355376	NA	NA	NA	NA	NA	NA	NA	NA	NA	NA	NA	NA	NA	NA	-10.7468408546549	NA	NA	NA	NA	NA	NA	NA	-11.331803355376	NA	-13.331803355376	NA	NA	NA	NA	NA	NA	NA	-12.331803355376	NA	NA	NA	NA	-10.7468408546549	NA	NA	NA	NA	NA	NA	NA	NA	NA	NA	NA	-11.1094109340396	NA	-11.9167658560972	NA	NA	NA	NA	NA	NA	NA	NA	NA	NA	NA	NA	NA	NA	NA	NA	NA	NA	NA	NA	NA	NA	NA	NA	NA	NA	NA	NA	NA	NA	NA	NA	NA	NA	NA	NA	NA	NA	NA	NA	NA	NA	NA
NW034-2-2	-2.01557175990167	-2.27293833087596	-2.5267038642179	NA	-8.39665288143828	NA	-5.05220734998949	-3.77435422944415	-5.20527477032965	-6.77435422944415	NA	-6.49734688105775	NA	NA	NA	NA	-8.87238631240468	NA	-5.60325963325526	NA	-8.53253630952005	-8.55045821751732	-6.03949629823994	-6.32163952702144	-13.8723863124047	-7.62445879896109	-7.5236581581736	-6.90660202774259	-7.36459167220598	NA	NA	-10.4129546937674	-4.55384350270196	NA	-7.4715068761225	-8.14446585784148	NA	-7.01440531727711	NA	NA	-7.88370162563251	-8.01440531727711	NA	-7.08448375301325	NA	NA	-9.66293294677573	NA	-7.17889935490535	NA	NA	-8.82799219304623	-8.28742381168352	NA	-9.58698409354243	-10.6244587989611	NA	NA	-6.73283496000589	NA	-7.45453379751878	NA	-9.44612155770258	-9.87238631240468	NA	NA	-10.9654957167962	-10.4800688896259	-8.48006888962592	NA	NA	-11.4129546937674	NA	NA	NA	-8.89510638890476	-10.4800688896259	NA	NA	-10.0650313903471	NA	-10.8723863124047	-10.5504582175173	NA	-8.03949629823994	NA	NA	NA	NA	NA	NA	-9.82799219304623	NA	NA	NA	NA	NA	-10.5504582175173	NA	NA	NA	NA	NA	-9.03949629823994	-8.14446585784148	-10.5504582175173	NA	NA	NA	NA	NA	NA	NA	NA	NA	NA	-11.0650313903471	NA	NA	NA	-9.66293294677573	-10.6244587989611	-10.8723863124047	NA	-11.5504582175173	NA	NA	NA	-9.44612155770258	NA	NA	NA	NA	NA	NA	NA	NA	NA	NA	NA	NA	-12.5504582175173	NA	-9.70246131096237	NA	NA	-10.7849234711543	NA	NA	NA	NA	NA	NA	NA	NA	-9.96549571679616	NA	-11.1719465942636	NA	-11.8723863124047	NA	NA	NA	NA	NA	NA	NA	NA	NA	NA	NA	NA	NA	NA	NA	NA	NA	NA	NA	NA	NA	NA	NA	NA	NA	NA	NA	NA	NA	NA	NA	NA	NA	NA	NA	NA	NA	NA	NA	NA	NA
NW034-3	-1.36930822180119	-2.51073870589663	-2.65963528048458	NA	-9.52044010708893	NA	-4.56096499446833	-4.34869467002225	-5.69215934617678	-6.27943200758513	NA	-8.77041836009728	NA	NA	NA	NA	-9.27943200758513	NA	-6.13124878529689	NA	-8.2116874009493	-7.47207708552753	-6.81496479905054	-7.94644872418878	-9.77041836009728	-8.2116874009493	-7.59616743325217	-8.19851201220157	-6.89240888447589	NA	NA	-11.3949092250051	-4.84801476511743	NA	-8.57048078958852	-7.21832049328175	NA	-7.45630976966921	NA	-10.9798717257262	-8.45630976966921	-8.10950700614282	NA	-8.58755430294747	NA	NA	NA	NA	-6.81496479905054	NA	NA	-10.3949092250051	-10.1725168036686	NA	-9.12189073059865	-9.3360155359515	-10.9798717257262	NA	-8.09722867636438	NA	-9.62231972110814	NA	-11.2794320075851	-10.4563097696692	NA	NA	-11.1725168036686	-13.3949092250051	-11.2794320075851	NA	NA	-11.1725168036686	NA	NA	NA	-10.3949092250051	-10.7319442122826	NA	NA	-10.8924088844759	NA	-11.2794320075851	-10.2249842235628	NA	-9.02567541533935	NA	NA	NA	NA	NA	NA	-10.8924088844759	NA	-12.9798717257262	NA	NA	NA	-11.8099467242839	NA	NA	NA	-12.3949092250051	NA	-9.48801862939655	-10.6579436308389	NA	NA	NA	NA	NA	NA	NA	NA	NA	NA	NA	NA	NA	NA	NA	-10.9798717257262	-11.5204401070889	NA	NA	-12.9798717257262	NA	NA	NA	-10.9798717257262	NA	NA	NA	NA	NA	NA	NA	NA	NA	NA	NA	NA	NA	NA	-10.8924088844759	NA	NA	NA	NA	NA	NA	NA	NA	NA	NA	NA	-10.7319442122826	NA	-12.1725168036686	NA	-12.1725168036686	NA	NA	NA	NA	NA	NA	NA	NA	NA	NA	NA	NA	NA	NA	NA	NA	NA	NA	NA	NA	NA	NA	NA	NA	NA	NA	NA	NA	NA	NA	NA	NA	NA	NA	NA	NA	NA	NA	NA	NA	NA
NW034-4	-2.19735330952431	-1.97502248522653	-3.08340257808649	NA	-11.5836469446753	NA	-3.98596680095941	-4.54034619031112	-4.69490369577704	-5.96599582524797	NA	-7.03521031997926	NA	NA	NA	NA	-8.02293199020082	NA	-6.28718953730406	NA	-8.04759404443509	-5.76602368716387	-5.80228723115064	-8.81811219831232	-7.47094681192594	-6.40572915247946	-7.67675634906678	-9.09822011750506	-6.98671180228807	NA	NA	-7.02905809299766	-5.07585230447661	NA	-7.95137872917579	-6.60636702117539	NA	-6.59723600942326	NA	-9.95137872917579	-7.25452334838374	-7.07268502539792	NA	-7.49618410342496	NA	NA	NA	-8.38201308350565	-5.80491270055747	NA	NA	-10.5836469446753	-8.60179429138556	NA	NA	-8.20513532142157	-11.7356500381204	NA	-8.5836469446753	NA	-9.69612167393371	NA	-11.9055750395627	-8.11115917321256	NA	NA	-12.0982201175051	NA	-10.7356500381204	NA	NA	NA	NA	NA	NA	-8.7762920226177	-11.2051353214216	NA	NA	NA	NA	-10.8181121983123	-9.32061253884151	NA	-8.90557503956266	NA	NA	NA	NA	NA	NA	-10.9055750395627	NA	-6.07902655227175	NA	NA	NA	NA	NA	NA	-7.6864065191005	NA	NA	-10.0982201175051	-9.44614342092537	-11.9055750395627	NA	NA	NA	NA	NA	NA	NA	NA	NA	NA	NA	NA	NA	NA	NA	-11.5836469446753	NA	NA	NA	NA	NA	NA	NA	NA	NA	NA	NA	NA	NA	NA	NA	NA	NA	NA	NA	-12.3206125388415	NA	-10.9055750395627	NA	NA	NA	NA	NA	NA	NA	NA	NA	NA	NA	NA	NA	-12.3206125388415	NA	NA	NA	NA	NA	NA	NA	NA	NA	NA	NA	NA	NA	NA	NA	NA	NA	NA	NA	NA	NA	NA	NA	NA	NA	NA	NA	-11.5836469446753	NA	NA	NA	NA	NA	NA	NA	NA	NA	NA	NA	NA	NA	NA	NA
NW034-5	-2.03763883481424	-1.92002470756867	-2.49072872603228	NA	-8.12510167606458	NA	-4.93732300980947	-4.64100800319302	-7.11271795160875	-6.45170121067584	NA	-5.54221350358128	NA	NA	NA	NA	-9.22819516902869	NA	-7.07619207558364	NA	-8.12510167606458	-6.21159320169156	-5.80566313320292	-7.30360257168671	-9.89561982994181	-8.60804323984523	-8.52365105255486	-8.12510167606458	-7.28264295305106	NA	NA	-7.01729838653007	-4.65440774386421	NA	-7.30360257168671	-6.7256948284995	NA	-5.930514620388	NA	-11.398120170471	-6.86934050514297	-10.6611545763048	NA	-9.00580274769224	NA	NA	NA	-9.85379965424719	-9.89561982994181	NA	NA	-10.0761920755836	-8.13759262024778	NA	NA	-9.10043962183031	-9.33922648141743	NA	-8.64323266830753	NA	-7.47528803099346	NA	-11.6611545763048	-10.3392264814174	NA	NA	NA	-11.6611545763048	-10.0288863608053	NA	NA	-10.8956198299418	NA	NA	NA	-11.0761920755836	-11.6611545763048	NA	NA	-11.1757277491346	NA	-9.85379965424719	-11.2826429530511	NA	-9.25516221662896	NA	NA	NA	NA	NA	NA	-11.0761920755836	NA	-6.73515515774857	NA	NA	NA	NA	NA	NA	NA	NA	NA	-10.8956198299418	-9.07619207558364	NA	NA	NA	-12.6611545763048	-11.8131576697498	NA	NA	NA	NA	NA	NA	NA	NA	NA	NA	-10.2826429530511	NA	NA	NA	NA	NA	NA	NA	NA	NA	-12.9830826711922	NA	NA	NA	NA	NA	-11.6611545763048	NA	-10.6611545763048	NA	NA	NA	NA	NA	NA	NA	NA	NA	NA	NA	NA	NA	NA	NA	NA	NA	NA	NA	NA	NA	NA	NA	NA	NA	NA	NA	NA	NA	NA	NA	NA	NA	NA	NA	NA	NA	NA	NA	NA	NA	NA	NA	NA	NA	NA	NA	NA	NA	-11.8131576697498	NA	NA	NA	NA	NA	NA	NA	NA	NA	NA	NA	NA
NW035-1	-4.16295401966258	-2.69084857099017	-5.56952994019322	-6.17574017461842	-9.48488211454994	-3.15396523643532	-8.6181486454134	-7.12940145995155	-6.18002753302152	NA	-10.4848821145499	-5.31731638598155	-3.32501077777155	NA	NA	-3.23528061711554	-7.15449244091438	NA	-6.05270870295707	-5.25946200051592	-6.41752684674818	NA	NA	-5.48753656799592	-10.6654543601918	NA	-6.8649858237194	-6.60656067113819	-10.112913337163	NA	NA	-4.5265852944176	NA	NA	-5.38252039692026	-9.92848876602555	NA	-9.52795083644182	NA	-9.04878299974327	NA	NA	NA	-11.2504168609129	NA	-10.0487829997433	-6.35317643533812	NA	NA	-10.5723449558003	-4.59649698779349	-6.92848876602555	-9.28694273693803	-7.7268549048559	-8.71436396067271	NA	NA	-6.20165754899306	NA	NA	-8.40241995435797	NA	-8.92848876602555	-8.79098524227562	NA	NA	NA	-8.2147929511822	NA	-8.98738245507912	-4.29622055052604	NA	-5.97243211361315	-7.4225978362956	NA	NA	-10.9873824550791	-8.73945494163554	NA	-9.11291333716298	NA	NA	NA	-8.44306193885531	-8.19730552445335	NA	NA	NA	NA	NA	-10.1800275330215	NA	NA	NA	NA	-8.95763511168507	-10.402419954358	-9.36289159017133	-7.46382049902211	NA	NA	NA	NA	-8.0804918594706	-9.66545436019176	-10.7649900337427	NA	NA	NA	NA	NA	NA	NA	NA	NA	NA	NA	NA	-9.6181486454134	NA	NA	NA	NA	NA	NA	-13.5723449558003	NA	NA	NA	NA	-9.40241995435797	NA	NA	NA	NA	NA	NA	NA	-7.40241995435797	-10.9873824550791	NA	NA	NA	NA	-9.76499003374268	NA	NA	-9.98738245507912	NA	NA	NA	NA	NA	NA	NA	NA	NA	NA	NA	NA	NA	NA	NA	NA	NA	NA	NA	NA	NA	-9.87190523765919	NA	NA	NA	NA	NA	NA	-11.7649900337427	NA	NA	NA	NA	NA	NA	NA	NA	NA	NA	NA	NA	NA	NA	NA	NA	NA	NA	NA	NA	NA	NA	NA	NA
NW035-2	-3.11382275044861	-2.37851162325373	-5.89984049685131	-4.81405579356021	-7.5077946401987	-3.61604753085072	-7.542984068661	-6.88283407154562	-5.92283213947754	-8.32824521986798	NA	-6.77430961476745	-3.33593961165798	NA	NA	-3.99256979452451	-7.1685885538795	NA	-5.30163348962066	-4.97294098777558	-6.35145261102931	NA	-8.63490655810203	-4.20511442990461	-7.95209673398274	NA	-7.00019102218378	-6.94031956620638	NA	NA	NA	-6.29787157082446	NA	-10.8828340715456	-5.56090597665826	NA	NA	-8.52528206692754	NA	NA	-11.5609059766583	NA	NA	-10.7129090701033	NA	NA	-7.08841820519552	NA	NA	-9.63490655810203	-7.56090597665826	-7.77430961476745	-9.71290907010331	-7.25347745146601	-7.42340245290832	NA	NA	-6.08841820519552	NA	NA	-7.37503943134692	NA	-8.59743185268337	-9.18239435340453	NA	NA	NA	-8.15491361698242	-8.45656931684352	-10.075479149488	-4.69054125707485	NA	-5.9759434759371	-6.32059164732455	NA	NA	NA	-10.1823943534045	NA	-10.4234024529083	NA	NA	NA	-8.56090597665826	-8.21040872957412	NA	NA	NA	NA	NA	NA	NA	-8.59743185268337	NA	NA	-8.29787157082446	-9.63490655810203	-9.56090597665826	-10.8828340715456	NA	NA	NA	NA	-9.12794656938215	-9.79537123029528	NA	NA	NA	NA	NA	NA	NA	NA	NA	-10.4234024529083	NA	NA	NA	-11.075479149488	NA	NA	NA	NA	NA	NA	-9.71290907010331	NA	NA	NA	NA	-9.49051664876686	NA	NA	NA	NA	NA	NA	NA	NA	-11.2978715708245	NA	NA	NA	-13.8828340715456	-10.4234024529083	NA	NA	-9.49051664876686	NA	NA	NA	NA	NA	NA	NA	NA	NA	NA	NA	NA	NA	NA	NA	NA	NA	NA	NA	NA	NA	NA	NA	NA	NA	NA	NA	NA	NA	NA	NA	NA	NA	NA	NA	NA	NA	NA	NA	NA	NA	NA	NA	NA	NA	NA	NA	NA	NA	NA	NA	NA	NA
NW035-4-1	-3.70844509508737	-2.4960598471063	-5.74125124017061	-4.18641684427642	-7.99279000716658	-2.96936566165525	-9.2807707701306	-6.70141097563882	-7.66264140547425	-10.4591080113891	NA	-6.07404032768974	-3.80541436648659	NA	NA	-4.03196060444726	-5.13907944941723	NA	-6.82439247547086	-5.31901823948757	-6.60374771642068	NA	-9.15244667315506	-4.56237728200082	NA	NA	-6.73549197088193	-6.82439247547086	NA	NA	NA	-4.67086191227922	NA	-11.8996806027751	-5.4239471718087	-8.84905452970513	NA	-9.95214802266923	NA	-10.6195726835824	NA	NA	NA	NA	NA	NA	-7.7070355248327	NA	NA	-10.0065958066916	-5.4032547766556	-8.72975560133278	-10.6195726835824	-8.09232568071749	-10.2476039061954	NA	NA	-7.37611864671808	NA	NA	-8.18347356877569	NA	-7.71835083806053	-9.75283921444582	NA	NA	NA	-8.84905452970513	NA	-9.34948352021462	-4.32009527950839	NA	-5.61692310516841	-6.23536031044066	NA	NA	-11.2476039061954	-8.92567581130804	NA	-11.2476039061954	NA	NA	NA	-8.72975560133278	-10.0065958066916	NA	-11.0065958066916	NA	NA	NA	-11.3851074299453	NA	-8.95214802266923	NA	NA	-8.7070355248327	NA	-9.45910801138911	-6.84284938017842	NA	NA	-11.2476039061954	NA	-9.2476039061954	-9.12207302411155	-11.1220730241115	NA	NA	NA	NA	-11.1220730241115	NA	NA	NA	-10.2476039061954	NA	NA	NA	-9.49758215920375	NA	NA	-12.3851074299453	NA	-11.3851074299453	NA	-11.7070355248327	NA	NA	NA	NA	-8.77629818726981	NA	NA	NA	NA	NA	NA	NA	NA	-10.8996806027751	NA	NA	NA	NA	-10.4591080113891	NA	NA	-9.80014492922418	NA	NA	NA	NA	-11.1220730241115	NA	NA	NA	NA	NA	NA	NA	NA	NA	NA	NA	NA	NA	NA	NA	NA	-10.5371105233904	NA	NA	NA	NA	NA	NA	NA	NA	NA	NA	NA	NA	NA	-11.3851074299453	NA	NA	NA	NA	NA	NA	NA	NA	NA	NA	NA	NA	NA	NA	NA	NA	NA
NW035-4-2	-2.9317508220028	-2.29045177520419	-6.00132930539294	-4.7322785003836	-8.85188191685165	-2.46579012010519	-8.98020601382719	-5.85572398314604	-7.34038157807151	-10.236545767087	-8.85188191685165	-6.99707983239158	-3.90264503053353	-11.0845426736419	NA	-4.78808526627068	-5.27718775158432	NA	-7.35118833302809	-5.72699066902384	-6.02709240145802	NA	-8.59911584647168	-5.81775613294702	NA	NA	-8.21664620964927	-7.13968422783438	NA	NA	NA	-6.11645192159667	NA	-10.4995801729208	-5.96352727268056	-8.85188191685165	NA	-9.49958017292077	NA	-8.52382771916744	NA	NA	NA	-10.7060310503882	NA	NA	-6.8140137312612	NA	NA	-9.31900792727894	-6.08454267364192	-7.32965517147845	-9.70603105038819	-7.37304776699183	-10.1585432550857	NA	NA	-8.62511105500462	NA	NA	-8.34038157807151	NA	-8.57358075436454	-11.236545767087	-11.236545767087	NA	NA	-7.66500378212814	-9.70603105038819	-11.8215082678081	-4.51316923766872	NA	-5.6449195360848	-6.84422834430821	-10.236545767087	NA	NA	-9.76261457875456	NA	-9.82150826780813	NA	NA	NA	-8.31900792727894	-10.3190079272789	NA	NA	NA	NA	NA	NA	NA	NA	NA	NA	-8.82150826780813	NA	-9.40647076852928	-7.88290881247227	NA	NA	-11.5991158464717	NA	NA	-8.91461767219961	-10.947039149892	NA	NA	NA	NA	NA	NA	-10.236545767087	NA	-10.5991158464717	NA	NA	NA	-10.236545767087	NA	NA	-13.4064707685293	NA	NA	NA	-9.49958017292077	NA	NA	NA	-11.236545767087	-10.0845426736419	NA	NA	NA	NA	NA	NA	NA	NA	-12.0845426736419	NA	NA	NA	-14.4064707685293	-10.236545767087	NA	NA	-9.88290881247227	NA	NA	NA	NA	NA	NA	NA	NA	NA	NA	NA	NA	NA	NA	NA	NA	NA	NA	NA	NA	NA	-10.5991158464717	NA	NA	NA	NA	NA	NA	NA	NA	NA	NA	NA	NA	NA	-11.8215082678081	NA	NA	NA	NA	NA	NA	NA	NA	NA	NA	NA	NA	NA	NA	NA	NA	NA
NW035-5	-4.79706336094188	-2.09275005593672	-7.03730765823553	-4.34298971041519	-8.14728050026066	-3.00216806397097	-8.57667329251658	-6.86885404400989	-7.28979214472841	-10.2205294822913	NA	-5.6995834744413	-3.16841432586879	NA	NA	-4.27021660639165	-5.13838044093743	NA	-6.52008976415021	-5.67363502240366	-6.52472121288185	NA	NA	-4.45455280146603	NA	NA	-5.53636530386304	-6.93512726342905	NA	NA	NA	-5.67620896606749	NA	-9.99813706095485	-4.87771402093011	-9.2205294822913	NA	-9.89860138740394	NA	-9.44793997839437	NA	NA	NA	-10.8986013874039	NA	NA	-7.80549198301246	NA	NA	-9.85129567262558	-6.07757152844926	-7.98531302059727	-10.9981370609549	-7.85129567262558	-9.761097863654	NA	NA	-7.3216762057482	NA	NA	-9.16163579323773	NA	-8.46564198012783	-10.4835638881251	-11.3460603643752	NA	NA	-8.13306664104096	NA	-10.6355669815701	-5.42394903182787	NA	-6.32975855204606	-5.97260196884771	-6.68655091028895	NA	-10.3460603643752	-10.8986013874039	NA	-10.3460603643752	NA	NA	NA	-8.14728050026066	-9.31363888668278	NA	-11.8054919830125	NA	NA	NA	NA	NA	-9.07757152844926	NA	NA	-8.69696752623429	-11.6355669815701	-9.37922722831036	-7.66594063061366	NA	NA	-9.761097863654	NA	-9.52008976415021	-9.55756446956887	-11.2205294822913	NA	NA	NA	NA	NA	NA	NA	-12.8054919830125	-10.9981370609549	NA	NA	NA	-9.19078213889725	NA	NA	NA	NA	NA	NA	-12.8054919830125	NA	NA	NA	NA	-10.7180291417621	NA	NA	NA	NA	NA	NA	NA	-11.8054919830125	-11.1050522648714	NA	-10.1616357932377	NA	NA	-10.4131745602337	NA	NA	-9.10505226487136	NA	NA	NA	NA	-11.4835638881251	NA	NA	NA	NA	NA	NA	NA	NA	NA	NA	NA	NA	NA	NA	NA	NA	-9.52008976415021	NA	NA	NA	NA	NA	NA	NA	NA	NA	NA	NA	NA	NA	NA	NA	NA	NA	NA	NA	NA	NA	NA	NA	NA	NA	NA	NA	NA	NA	NA	NA
NW036-1	-0.866302828610739	-4.00583407894469	-3.50650504828008	NA	NA	-6.15186587407601	-3.6442090995223	-4.92589356246376	-6.28311040735426	-5.13626901902499	-13.9973559250204	-5.96393292348293	NA	NA	NA	-9.67542783013302	NA	NA	-8.7494284115768	-9.09046532941186	NA	-8.38264608090517	-7.55441242917165	NA	-7.13937492989281	-4.87841485229687	NA	NA	NA	NA	NA	NA	NA	NA	NA	-9.13937492989281	-5.89406811660836	NA	NA	-8.44276707334274	-9.67542783013302	-10.1900010029628	NA	-6.90989308377004	NA	NA	-8.90989308377004	NA	-8.41239342429922	NA	NA	NA	-10.675427830133	NA	-6.31787582551494	NA	-9.47379396896337	NA	-8.47379396896337	NA	NA	NA	NA	NA	NA	NA	-9.13937492989281	NA	-9.47379396896337	NA	NA	NA	NA	NA	NA	NA	-9.35349973524566	NA	NA	-10.9973559250204	NA	-9.90989308377004	NA	NA	NA	NA	NA	NA	NA	NA	NA	NA	NA	-9.67542783013302	NA	NA	NA	NA	NA	NA	NA	NA	-11.1900010029628	NA	NA	NA	NA	NA	NA	NA	NA	NA	NA	NA	NA	NA	NA	NA	NA	NA	NA	NA	NA	NA	NA	NA	NA	NA	NA	NA	NA	NA	NA	NA	NA	NA	NA	NA	NA	NA	NA	NA	NA	NA	NA	NA	NA	NA	NA	NA	NA	NA	NA	NA	NA	NA	NA	NA	NA	NA	NA	NA	NA	NA	NA	NA	NA	NA	NA	NA	NA	NA	NA	NA	NA	NA	NA	NA	NA	NA	NA	NA	NA	NA	NA	NA	NA	NA	NA	NA	NA	NA	NA	NA	NA	NA	NA	NA	NA	NA	NA
NW036-2	-1.25611007628396	-3.31754965437679	-3.47860225181515	NA	NA	-4.80823220699853	-3.84917509775223	-4.8950370345358	-5.07759886165604	-4.00338675685716	-12.4912267906802	-7.16929869579285	-10.3213017892379	NA	NA	-9.24329927723662	NA	NA	-7.44683267132175	-8.96766483462319	NA	-8.28177342505126	-7.81880144870871	-8.20582457181796	-6.12490457643439	-5.01549335971381	-10.9062642899591	-7.81880144870871	NA	NA	NA	NA	NA	NA	NA	-6.10752249820616	-5.71643973107903	NA	NA	-7.70986707715555	-8.73633928851674	-8.90626428995905	NA	-6.93663793900257	NA	NA	-8.96766483462319	NA	NA	NA	NA	-9.40376394942987	-8.79078707253912	NA	-7.73633928851674	NA	-9.49122679068021	NA	-7.76330633611701	NA	NA	NA	NA	NA	NA	NA	-9.24329927723662	-10.1692986957928	-8.90626428995905	NA	NA	NA	NA	NA	NA	NA	-7.93663793900257	NA	NA	NA	NA	-8.44683267132175	NA	NA	NA	NA	NA	NA	NA	NA	NA	NA	NA	NA	NA	NA	NA	NA	NA	NA	NA	NA	NA	NA	NA	NA	NA	NA	NA	NA	NA	NA	NA	NA	NA	NA	NA	NA	NA	NA	NA	-11.1692986957928	NA	NA	NA	-9.79078707253912	NA	NA	NA	NA	-10.1692986957928	NA	NA	NA	NA	NA	NA	NA	NA	NA	NA	NA	NA	NA	NA	NA	-10.6838718686226	NA	NA	NA	NA	-11.9062642899591	NA	NA	NA	NA	NA	NA	NA	NA	NA	NA	NA	NA	NA	NA	NA	NA	NA	NA	NA	NA	NA	NA	NA	NA	NA	NA	NA	NA	NA	NA	NA	NA	NA	NA	NA	NA	NA	NA	NA	NA	NA	NA	NA	NA	NA	NA	NA	NA	NA
NW036-3	-1.58698187023426	-3.22786408036015	-4.32900828907702	NA	NA	-4.05858942605271	-3.21978424880671	-4.29560003050545	-4.44038728071576	-4.62012523687885	-8.8295786025078	-6.11242148942177	-11.414541103229	NA	NA	-7.76544826508808	NA	NA	-7.04108270770151	-9.23011653209153	NA	-8.27405987967913	-8.14605226730305	-9.48165529908749	-6.39823929089985	-4.78916433406189	-8.68414816298623	-7.74468970492129	NA	NA	NA	NA	NA	NA	-12.8739727218663	-5.7680642132951	-4.74340215906083	NA	NA	-7.40636717178325	-8.36617808166756	-9.25926287775104	NA	-11.8739727218663	NA	-10.7865098806159	-7.11242148942177	NA	-9.41454110322896	NA	NA	-8.24461610178664	-9.55204462697889	NA	-7.79715712481542	NA	-8.8516049088378	NA	-7.06661779980865	NA	NA	NA	-11.414541103229	NA	NA	NA	-8.8295786025078	-11.0666177998086	-8.39823929089986	NA	NA	NA	NA	NA	NA	NA	-8.43102922601752	NA	NA	-9.74468970492129	NA	-8.17353300372516	NA	NA	NA	NA	NA	NA	NA	NA	NA	NA	-11.414541103229	NA	NA	NA	NA	NA	NA	NA	NA	NA	NA	NA	-10.7040477204239	NA	NA	NA	NA	NA	NA	NA	NA	NA	NA	NA	NA	NA	NA	NA	NA	-11.7040477204239	NA	NA	NA	-9.55204462697889	NA	NA	NA	NA	NA	NA	NA	NA	NA	NA	NA	NA	NA	NA	NA	-11.414541103229	NA	NA	NA	NA	-11.414541103229	NA	NA	NA	NA	NA	NA	NA	NA	NA	NA	NA	NA	NA	NA	NA	NA	NA	NA	NA	NA	NA	NA	NA	NA	NA	NA	NA	NA	NA	NA	NA	NA	NA	NA	NA	NA	NA	NA	NA	NA	NA	NA	NA	NA	NA	NA	NA	NA	NA	NA	NA	NA	NA	NA
NW036-4	-1.35780083523684	-2.98784312794162	-4.30504193235537	NA	NA	-5.32086689951705	-4.26494652677757	-4.59294644495385	-4.81400513684254	-3.77897312068778	-8.23840473932508	-7.55034874563982	-11.8233672400462	NA	NA	-8.76447355099267	NA	NA	-7.99893880462969	-9.23840473932508	NA	-9.94889812213009	-8.62697002724273	-11.08640164588	-4.17830930506176	-4.39152145308084	-9.55034874563982	-8.98206498606529	NA	NA	NA	NA	NA	NA	-11.6009748187098	-7.16992500144231	-6.94072419068439	NA	NA	-6.76447355099267	-9.82336724004623	-10.4083297407674	NA	-7.43104981726747	NA	-10.4083297407674	-7.94889812213009	NA	-9.40832974076739	NA	NA	-8.98206498606529	-8.91647664443772	NA	-7.10454899259029	NA	NA	NA	-6.01601231798863	NA	NA	NA	NA	NA	NA	NA	-9.50143914515887	NA	-7.4775924032045	NA	NA	NA	NA	NA	NA	NA	-8.85374088908975	NA	NA	-10.9488981221301	NA	-9.16040222732381	NA	NA	NA	NA	NA	NA	NA	NA	NA	NA	NA	NA	NA	NA	NA	NA	NA	NA	NA	NA	NA	NA	-12.08640164588	NA	NA	NA	NA	NA	NA	NA	NA	NA	NA	NA	NA	NA	NA	NA	NA	-11.6009748187098	NA	NA	NA	-10.8233672400462	NA	NA	NA	NA	NA	NA	NA	NA	NA	NA	NA	NA	NA	NA	NA	NA	NA	NA	NA	NA	-10.5014391451589	NA	NA	NA	NA	-10.1604022273238	NA	NA	NA	NA	NA	NA	NA	NA	NA	NA	NA	NA	NA	NA	NA	NA	NA	NA	NA	NA	NA	NA	NA	NA	NA	NA	NA	NA	NA	NA	NA	NA	NA	NA	NA	NA	NA	NA	NA	NA	NA	NA	NA	NA	NA	NA	NA	NA	NA
NW036-5	-1.5557572638178	-3.45451343168514	-4.48589124619742	NA	NA	-4.21274149627157	-2.60314067024328	-5.33769976670239	-4.6021088225124	-4.83762616356775	-8.26186835374275	-5.22964002084494	-11.4669827836474	NA	NA	-8.40808909459379	NA	NA	-7.93646806694858	-7.70617044752678	NA	-7.89544079868852	-7.60348478355222	-9.05194528436851	-5.57621185340212	-4.57621185340212	-8.44708322620965	-9.8820202829262	NA	NA	NA	NA	NA	NA	-12.3149796902023	-8.05194528436851	-4.58705923563911	NA	NA	-8.35150556622742	-8.16117435412327	-13.6369077850897	NA	-10.8295528630321	NA	-11.0519452843685	-8.40808909459379	NA	-10.0519452843685	NA	NA	-9.14505468875999	-9.05194528436851	NA	-7.92266226742355	NA	-8.5283833283115	NA	-9.14505468875999	NA	NA	NA	NA	NA	NA	NA	-8.65962786158975	NA	-8.90898733052647	NA	NA	NA	NA	NA	NA	NA	-9.11334582903266	NA	NA	NA	NA	-7.8820202829262	NA	NA	NA	NA	NA	NA	NA	NA	NA	NA	-10.4669827836474	NA	NA	NA	NA	NA	NA	NA	NA	NA	NA	NA	-10.5494449438393	NA	NA	NA	NA	NA	NA	NA	NA	NA	NA	NA	NA	NA	NA	NA	NA	-10.9364680669486	NA	NA	NA	-9.27935578047159	NA	NA	NA	NA	NA	NA	NA	NA	NA	NA	-10.9364680669486	NA	NA	NA	NA	NA	NA	NA	NA	NA	NA	NA	NA	NA	NA	-11.6369077850897	-12.0519452843685	NA	NA	NA	NA	NA	NA	NA	NA	NA	NA	NA	NA	NA	NA	NA	NA	NA	NA	NA	NA	NA	NA	NA	NA	NA	NA	NA	NA	NA	NA	NA	NA	NA	NA	NA	NA	NA	NA	NA	NA	NA	NA	NA	NA	NA	NA	NA	NA
NW038-1	-3.28276448214615	-3.00332846937286	-4.30836755055508	-5.63936515468829	NA	-6.94192792470872	-5.13228482605585	-4.13686481415911	-5.44509633426623	-4.36231865848177	NA	NA	NA	-7.49126651569915	NA	-9.14837880217615	NA	-5.63936515468829	-9.30449800409343	-7.0075162663363	NA	-6.99915279340167	-8.57580002591082	-9.04146359825963	-6.0159285061525	-5.19298968887644	-8.22432765540944	-9.30449800409343	-7.13000027286129	NA	-2.63247683498937	-5.41697273335184	NA	NA	-6.7333413028973	NA	-7.65242130751373	-7.18585350759481	NA	NA	-10.111852926151	-6.958047590072	-3.86487486653631	-9.30449800409343	-7.44509633426623	-7.66559669626147	NA	NA	-6.11636840727353	-8.52689042542988	-5.34897263323403	NA	-8.94192792470872	-7.63936515468829	NA	-9.7333413028973	-11.6264260989808	-5.87153859681732	-9.62642609898079	NA	-8.81907117692319	NA	-9.43378102103839	-8.87919216936076	-6.958047590072	NA	NA	NA	NA	NA	NA	NA	NA	NA	NA	-7.71953550337227	NA	-7.84881852031724	NA	NA	-11.4337810210384	-9.04146359825963	-9.11185292615103	NA	NA	NA	NA	NA	-9.11185292615103	NA	-7.62642609898079	NA	-10.9743494024011	NA	-9.38938690167994	-9.57580002591082	-9.57580002591082	NA	NA	NA	-8.24395646215838	NA	-8.62642609898079	-8.62642609898079	NA	NA	-6.58203197962234	-9.67889351887493	NA	NA	NA	NA	NA	-10.111852926151	NA	NA	NA	NA	NA	NA	NA	NA	NA	NA	NA	NA	NA	NA	NA	-11.4337810210384	NA	-11.6264260989808	NA	NA	NA	NA	NA	NA	NA	NA	NA	NA	NA	NA	NA	NA	NA	NA	-10.7333413028973	NA	-8.43378102103839	NA	NA	NA	NA	NA	NA	NA	-8.47958471065152	NA	NA	NA	NA	NA	NA	NA	NA	NA	NA	NA	NA	NA	NA	NA	-10.8488185203172	NA	NA	NA	NA	NA	NA	-11.111852926151	NA	NA	-10.3463181797881	NA	NA	NA	NA	NA	NA	NA	-11.4337810210384	NA	NA	NA	NA	NA	NA	NA	-11.8488185203172
NW038-2	-3.14323317642376	-2.98900518125424	-4.69255304072151	-5.68359217314989	NA	-5.46439367616618	-4.83410718493553	-3.34126288620281	-5.29106207328062	-4.26743846875472	NA	-12.0189825278438	NA	-6.47982371673578	NA	-7.18609251367907	NA	-5.38235790730017	-7.95289333738604	-5.52712943151414	NA	-5.93683348648994	-7.4954205717868	-7.73358030898157	-6.99661471481536	-5.52712943151414	-7.06478621745694	-7.99661471481536	-6.59271777314172	NA	-4.71064349770441	-5.01898252784382	NA	NA	-7.17349247689944	NA	-7.22456666149371	-6.35364661065864	NA	NA	-8.4954205717868	-7.44912691951287	-4.98280891529033	-8.18609251367907	-6.91045807106565	-8.97458840848536	NA	NA	-7.19880356542863	-8.0417026043439	-4.75688768247364	-12.0189825278438	-7.86923540833913	-7.19880356542863	NA	-8.59271777314172	NA	-4.94216693079299	NA	NA	-8.77105501440023	NA	-8.69705443295645	-9.77105501440023	-8.43402002712266	NA	NA	NA	NA	NA	NA	NA	NA	NA	NA	-7.95289333738604	NA	-7.64394309649689	NA	NA	-11.0189825278438	-9.1120919322353	-8.43402002712266	NA	NA	NA	NA	NA	-7.8291579689638	NA	-6.60113001295792	NA	NA	NA	-8.52712943151414	-10.6970544329565	-8.97458840848536	NA	NA	NA	-9.37512633806909	NA	-8.13633947848198	-7.93151968659348	NA	-10.1120919322353	-5.90524036179463	-11.0189825278438	NA	NA	NA	NA	NA	-8.8490575264015	NA	NA	NA	NA	NA	NA	NA	NA	NA	NA	NA	NA	NA	NA	NA	NA	NA	NA	NA	NA	NA	NA	NA	NA	NA	NA	NA	NA	NA	NA	NA	NA	NA	NA	-9.93151968659348	NA	-9.16100153271624	NA	NA	NA	NA	NA	NA	NA	-8.18609251367907	NA	NA	NA	NA	NA	NA	NA	NA	NA	NA	NA	NA	NA	NA	NA	NA	NA	NA	NA	NA	NA	NA	NA	NA	NA	-10.3185428097027	NA	NA	NA	NA	NA	NA	NA	-10.4340200271227	NA	NA	NA	NA	NA	NA	NA	-12.0189825278438
NW038-3	-3.1232185206119	-3.76196809593138	-4.15927986630578	-4.1301078957399	-6.91256668591196	-5.50836841899458	-4.79443379348372	-2.87736424712811	-5.18252881233683	-5.20880813713567	NA	NA	NA	-5.78057114010197	NA	-7.65241478861129	-10.7113084776649	-5.41668772877323	-8.80441788205634	-6.43208483373173	NA	-5.61327639470433	-6.81245520112176	-7.68156113427081	-8.59583126024492	-5.772709022329	-7.27390316535756	-8.74168212670838	-6.67421915892964	NA	-6.71884215035027	-5.07710245792385	NA	-11.296270978386	-6.16184465816509	NA	-8.29627097838601	-6.3893803827775	NA	NA	-8.97434288349865	-8.06745228789013	-4.06265130162631	-8.23018178792824	-7.11636188837108	-9.772709022329	NA	NA	-7.75711216727798	-7.97434288349865	-4.3508271420081	-10.5958312602449	-7.99249023020891	-6.72641537005507	-12.7113084776649	-10.3893803827775	NA	-6.01086875952377	NA	NA	-8.16698796144105	NA	-8.83683935974872	-9.772709022329	-8.43828998325844	NA	NA	NA	NA	NA	NA	NA	NA	NA	NA	NA	NA	-10.7113084776649	NA	NA	-10.5958312602449	-8.90395355560725	-10.5958312602449	NA	NA	NA	NA	NA	-8.25187685902756	NA	-6.72641537005507	NA	-10.296270978386	NA	NA	-10.4889160563284	-9.34207466799914	NA	NA	NA	NA	NA	-7.62384563641452	-8.68156113427081	NA	-11.9743428834987	-5.51491126486135	-8.772709022329	NA	NA	NA	NA	NA	-10.3893803827775	NA	NA	NA	NA	NA	NA	NA	NA	NA	-10.296270978386	NA	NA	-10.9743428834987	NA	NA	NA	NA	NA	NA	-9.772709022329	NA	NA	NA	NA	NA	NA	NA	NA	NA	NA	NA	NA	NA	NA	-10.2088081371357	NA	-7.45078092744164	NA	NA	-12.7113084776649	NA	NA	NA	NA	NA	NA	NA	NA	NA	NA	NA	NA	NA	NA	NA	NA	NA	NA	NA	NA	-10.8368393597487	NA	NA	NA	NA	NA	NA	-10.2088081371357	NA	NA	NA	NA	NA	NA	NA	NA	NA	NA	-11.4889160563284	NA	NA	NA	NA	NA	NA	NA	NA
NW038-4	-3.14046413442746	-3.64066403909452	-3.5439446022839	-4.06249070403601	-11.320925875298	-5.64850053332649	-4.85060594051795	-2.82462687393712	-5.52506659207821	-5.00502156803839	NA	NA	NA	-7.17796792145594	NA	-6.97515103845626	NA	-4.80435034955708	-8.031419258103	-5.70949116321564	NA	-5.41136609291348	-6.9830562365416	-7.77660535907418	-8.42476168628253	-5.86149425666069	-7.52506659207821	-7.46848306371184	-6.27653175593953	NA	-6.67706968552326	-5.19393466986101	NA	NA	-6.64536082579592	NA	-8.0814599406026	-6.2240643360454	NA	NA	-9.68349595468269	-8.34110375723562	-4.74433655560183	-9.13329887212221	-7.8184255347688	-8.26203218624442	NA	NA	-8.46848306371184	-8.18707012856319	-4.50216618996813	-10.2429233632967	-9.09853345396154	-7.67067191432511	NA	-9.73596337457683	NA	-6.0151174457739	NA	NA	-9.09853345396154	NA	-8.51357095324038	-9.0645861220382	-9.32092587529799	NA	NA	NA	NA	NA	NA	NA	NA	NA	NA	-10.1689227818529	NA	-7.59603311343235	NA	NA	-10.0985334539615	-7.89093803455317	-9.13329887212221	NA	NA	NA	NA	NA	-6.6143339301753	NA	-7.74938389033915	NA	-10.9058883760191	NA	-10.40338803549	-9.68349595468269	-10.4908508767403	NA	NA	NA	-11.320925875298	NA	NA	-8.26203218624442	NA	-10.2429233632967	-5.89466112059589	-10.6834959546827	NA	NA	NA	NA	NA	-9.36156785979533	NA	NA	NA	NA	NA	NA	NA	NA	NA	NA	NA	NA	-10.5839602811318	NA	NA	NA	NA	-10.031419258103	NA	NA	NA	NA	NA	NA	NA	NA	NA	NA	NA	NA	NA	NA	NA	NA	-9.58396028113178	NA	-9.20544865787805	NA	NA	NA	NA	NA	NA	NA	NA	NA	NA	NA	NA	NA	NA	NA	NA	NA	NA	NA	NA	NA	NA	NA	-11.1689227818529	NA	NA	NA	NA	NA	NA	-11.320925875298	NA	NA	-11.1689227818529	NA	NA	NA	NA	NA	NA	NA	-12.4908508767403	NA	NA	NA	NA	NA	NA	NA	NA
NW038-5	-2.79445167100944	-3.46064947583379	-4.36458675405296	-5.54338990684172	-12.713314908284	-6.5978376908641	-3.48369494309892	-3.28146912131864	-3.81546945227853	-5.88888647286749	NA	-11.2982774090052	NA	-6.22146181195436	NA	-6.95842740612057	-9.44029641387762	-4.90595998622643	-7.33249312434311	-6.25388328964674	NA	-5.21346902120083	-5.92759000219798	-7.46538739484045	-9.8388457903679	-8.08882404337624	-7.6400659262534	-7.94072540438711	-5.39138681339667	NA	-7.29827740900519	-6.91457311653114	NA	NA	-7.7904827688065	NA	-5.88464947998102	-6.02681438110082	NA	NA	-9.01287519014294	-10.9763493141178	-7.05034989556161	-11.9763493141178	-8.49092248694759	-7.20024532604467	NA	NA	-10.9763493141178	-7.50386154265509	-4.04679499838498	-10.9763493141178	-7.69836456681807	-7.51691769548053	-14.2982774090052	-8.34408109861832	-11.9763493141178	-5.28146912131864	NA	NA	-8.18975295222702	NA	-7.85533391315646	-10.713314908284	-11.4909224869476	NA	NA	NA	-10.2982774090052	NA	NA	NA	NA	NA	NA	-10.0503498955616	NA	NA	NA	NA	NA	-8.14853028950051	-10.8388457903679	NA	NA	NA	NA	NA	-7.66892078892558	NA	-7.69836456681807	NA	-9.71331490828404	-11.9763493141178	-6.46538739484045	-8.8720126543031	-10.2982774090052	NA	NA	NA	NA	NA	NA	-8.08882404337624	NA	-9.21081456775485	-7.33249312434311	-8.06945871850931	NA	-11.9763493141178	NA	NA	NA	NA	-10.9763493141178	NA	NA	NA	NA	NA	NA	-10.5978376908641	NA	NA	NA	NA	-10.4909224869476	NA	NA	NA	NA	-9.29827740900519	NA	NA	NA	NA	NA	NA	NA	NA	NA	NA	NA	NA	NA	NA	NA	NA	-9.49092248694759	NA	-11.2982774090052	NA	NA	NA	NA	NA	NA	NA	-8.68356756488998	NA	NA	NA	NA	NA	NA	NA	NA	NA	NA	NA	NA	NA	NA	NA	NA	NA	NA	NA	NA	NA	NA	-10.5978376908641	NA	NA	-11.1283524075629	NA	NA	NA	NA	NA	NA	NA	NA	NA	NA	NA	NA	NA	NA	NA	NA
NW040-1	-1.8195079686998	-3.68957190749594	-3.77682858564199	-7.58769229347673	-4.74562771713148	-4.3623752916924	-5.17367979959865	-5.03589665669077	-3.44071869941624	-6.58769229347673	NA	-11.4621614113929	NA	-6.86721482209909	NA	-7.15230614880608	-9.65480648933527	NA	-5.85236705769178	-7.91784089516906	-7.91784089516906	-6.46969508407828	-8.62085915741193	-6.9490918291535	-9.72519581722666	-8.49253506043639	-8.18914291698645	-7.41776729203442	-6.69839575788295	NA	-4.39786773459671	-4.7117335574201	NA	-7.52356195605701	-7.53932927191533	NA	-5.36412932843234	-8.83767054648508	NA	NA	-10.4621614113929	NA	-8.29223640995056	-6.91784089516906	-7.20163386116965	-8.29223640995056	-10.8771989106717	NA	-8.09292760172715	-7.65480648933527	-6.45466687484595	-10.1402333165055	-8.87719891067171	-7.30565692571288	-12.047123912114	-10.1402333165055	NA	-5.87719891067171	-8.4032677223393	NA	NA	NA	-7.91784089516906	-11.2397689900564	-7.74334316393692	NA	NA	NA	-12.047123912114	NA	NA	-11.7251958172267	NA	NA	NA	NA	NA	-10.4621614113929	-9.87719891067171	-11.4621614113929	NA	-9.09292760172715	NA	NA	NA	-8.18914291698645	NA	NA	NA	NA	NA	NA	NA	NA	NA	NA	NA	NA	NA	NA	NA	-7.37469857014253	-9.00272979275557	-9.87719891067171	NA	-10.8771989106717	NA	NA	NA	NA	NA	NA	-10.1402333165055	-10.047123912114	NA	NA	NA	NA	NA	NA	NA	-12.4621614113929	NA	-10.7251958172267	NA	NA	NA	NA	NA	NA	NA	-11.4621614113929	NA	NA	NA	NA	NA	NA	NA	NA	NA	NA	NA	NA	NA	NA	NA	NA	NA	NA	NA	NA	NA	NA	NA	NA	NA	NA	NA	NA	NA	NA	-12.4621614113929	NA	NA	NA	NA	NA	NA	NA	NA	NA	-9.87719891067171	NA	NA	NA	NA	NA	NA	NA	NA	NA	NA	NA	NA	NA	NA	NA	NA	NA	NA	NA	NA	NA	NA	NA	NA	NA	NA	NA	NA
NW040-2-1	-1.98418592688869	-3.68424579851463	-4.02706125987581	-6.91158404245588	-5.73346188804695	-9.06770324437316	-4.9023655124265	-4.82629885451091	-3.79397423774313	-5.28709317754808	NA	NA	NA	-6.51048573413491	NA	-7.13089707086035	-9.5531300715434	-9.33900526619055	-4.99731391648176	-5.9023655124265	-9.5531300715434	-6.0625599410972	-7.62713065298718	-5.27217375771234	-8.5531300715434	-6.7623580336814	-7.58227641720292	-7.13089707086035	-6.7623580336814	NA	-5.59335991633193	-4.92319066210386	NA	-7.08846180453996	-6.33280011666385	NA	-6.12017066426729	-7.56762964123852	NA	NA	-9.24278995093125	-8.41562654779347	-6.27812302404353	-6.7540427654694	-6.99731391648176	-10.7375546426808	-9.67342430526111	NA	-9.5531300715434	-5.93959841862547	-7.4288019365412	-11.0270612598758	-8.31434321195628	-7.44209875915466	-7.91158404245588	-10.0270612598758	-10.8750581664308	-5.79610682503594	-8.33900526619055	NA	-7.24278995093125	NA	-8.41562654779347	-8.77072150661603	-7.21970633781821	NA	NA	NA	-10.1969862613181	NA	NA	-9.38963133926052	NA	NA	NA	-9.06770324437316	-10.8750581664308	-8.19698626131813	-10.3896313392605	NA	NA	NA	NA	NA	NA	-8.13089707086035	NA	NA	NA	NA	-8.10952342006779	NA	-10.2900956657096	NA	NA	-9.15259214195967	-10.1095234200678	NA	NA	NA	NA	-6.33900526619055	-8.52456091934663	-8.44209875915466	NA	-9.61202376059697	NA	NA	NA	NA	-7.30216849801018	NA	NA	-8.24278995093125	NA	-11.0270612598758	NA	NA	NA	NA	-10.8750581664308	NA	NA	-11.3896313392605	NA	NA	NA	NA	NA	-11.1969862613181	NA	-9.80466883853937	NA	NA	NA	NA	NA	NA	NA	NA	NA	-11.0270612598758	NA	NA	NA	NA	NA	NA	-10.3896313392605	NA	NA	NA	NA	NA	NA	NA	NA	NA	NA	NA	NA	NA	-8.36409624715338	NA	NA	NA	NA	NA	NA	NA	NA	NA	NA	NA	NA	NA	NA	NA	NA	NA	NA	NA	NA	NA	NA	NA	NA	NA	NA	NA	NA	NA	NA	NA	NA	NA	NA	NA	NA	NA	NA
NW040-2-2	-2.30308708919705	-3.51562137202782	-3.11101281048698	-6.96301164759943	-5.12882054056951	-5.54694401972209	-5.13577330121127	-4.71725523319747	-2.72816000953634	-5.51940499612381	NA	-10.3267599181814	NA	-6.14743621873685	NA	-6.21455041459539	-11.8292602587106	-9.95479114079446	-6.73474265992631	-7.27467140703296	-7.01334332314957	-6.77759813888811	-7.65933525726829	-6.85963390775412	-7.87506394832372	-7.77036656965703	-8.74179741746026	-6.69997724176563	-6.68630230486856	NA	-5.73826572649001	-5.15447949574097	NA	-7.0305184669577	-7.85963390775412	NA	-6.72772223224854	-8.46002644904488	NA	NA	-10.021905336653	-9.77036656965703	-7.6328630459071	-7.28493974248679	-6.77036656965703	-7.69997724176563	-9.89066080337474	NA	-10.9547911407945	-6.90642811923306	-8.14743621873686	-9.28493974248679	-10.021905336653	-7.98795800472966	-8.3918549464033	NA	NA	-5.99215799325894	-7.90642811923306	NA	-8.34813356897398	NA	-8.58133274526701	-10.6068678373742	-8.20476939380281	NA	NA	-12.0922946645444	NA	NA	NA	-10.021905336653	NA	NA	NA	NA	-9.95479114079446	-10.3267599181814	-8.65933525726829	-9.20476939380281	-10.9547911407945	NA	NA	NA	-11.2442977579894	-8.34813356897398	NA	NA	NA	NA	-10.7137830412907	NA	NA	NA	-10.9547911407945	NA	NA	NA	NA	NA	NA	-6.5624737180157	-7.34813356897398	-9.95479114079446	NA	-10.7137830412907	NA	NA	NA	NA	-9.021905336653	NA	-10.8292602587106	-9.95479114079446	NA	-10.7137830412907	NA	NA	NA	NA	NA	NA	NA	-10.8292602587106	-10.3267599181814	-9.89066080337474	-11.8292602587106	NA	NA	NA	NA	-10.8292602587106	NA	NA	NA	NA	NA	NA	NA	NA	NA	NA	NA	NA	NA	NA	NA	NA	NA	NA	NA	NA	NA	NA	NA	NA	NA	NA	NA	NA	NA	NA	-11.0922946645444	NA	NA	NA	NA	NA	NA	NA	NA	NA	-9.89066080337474	NA	NA	NA	NA	NA	NA	NA	NA	-12.0922946645444	NA	NA	NA	NA	NA	NA	NA	NA	NA	NA	NA	NA	NA	NA	NA	NA	NA	NA	NA
NW040-3	-2.55326660228178	-3.29154512999004	-3.78531506541469	-7.29812778038001	-4.36105903610647	-2.93287225382855	-7.17455309526148	-4.07699260970343	-4.02875399117325	-11.0707172842769	NA	NA	NA	NA	NA	-5.35494591237986	-7.71708032966224	-11.4332873636616	-6.41409379842834	-5.46915281621865	-4.04958307118759	-7.26336236221933	NA	-6.44622641936914	NA	-6.67839986149818	-7.39515223477488	-7.45928257219459	-7.97385574502435	NA	-9.43328736366165	-4.08835744341267	NA	-9.38266129059168	-6.80601405808253	NA	-9.78121066708195	-8.65567978499809	NA	NA	NA	NA	-12.6556797849981	-7.18535985021806	-8.99271477227567	-9.11135926877428	-7.24064228571925	NA	-10.781210667082	-5.7935590595096	-6.99271477227567	-8.59678609594453	NA	-10.4332873636616	-10.781210667082	NA	NA	-6.86560285437233	-9.84832486294049	NA	NA	NA	-7.97385574502435	NA	-8.62593244160404	NA	NA	NA	-9.33375169011073	NA	NA	-10.0707172842769	NA	NA	NA	NA	-10.3337516901107	-9.59678609594453	NA	-8.09089516621457	-9.33375169011073	NA	NA	NA	NA	-7.29812778038001	NA	NA	NA	NA	-10.1531794444689	NA	NA	NA	NA	NA	NA	NA	NA	NA	NA	-11.4332873636616	-10.0707172842769	-10.9187141908319	NA	-9.38266129059168	NA	NA	NA	-13.2406422857193	NA	NA	-11.6556797849981	-7.91871419083189	NA	-10.2406422857193	NA	NA	NA	NA	NA	NA	NA	-9.91871419083189	NA	-7.58243080296746	-11.2406422857193	NA	NA	-10.5402025675782	NA	-10.2406422857193	NA	NA	NA	NA	NA	NA	NA	NA	NA	NA	NA	NA	NA	NA	NA	NA	NA	NA	NA	NA	NA	NA	-11.9187141908319	NA	NA	NA	NA	NA	NA	NA	NA	NA	NA	NA	NA	NA	NA	-10.9187141908319	NA	NA	NA	NA	NA	NA	NA	NA	NA	NA	NA	-12.2406422857193	NA	NA	NA	NA	NA	NA	NA	NA	NA	NA	NA	NA	NA	NA	NA	NA	NA	NA	NA
NW041-1	-1.91635539974438	-3.78295754645473	-2.18368274544921	-8.3646670693808	-12.9891579342886	NA	-4.61411850294167	-3.26407575536224	-4.23315767075805	-10.7667655129521	NA	-11.9891579342886	-3.96401837201008	-5.66422735123971	NA	-5.49197139365588	NA	-5.92666200855483	-7.17324099872756	NA	NA	-10.3261929215662	-9.11468881637245	NA	-10.181803012231	-6.08226733868007	-6.79933337540858	-7.27949968611812	-6.673253627029	NA	NA	NA	NA	NA	NA	NA	-6.9374958144661	-9.18180301223099	NA	-10.181803012231	-12.5741204350097	NA	NA	-7.8326534486086	NA	-6.07826540812258	-8.27033968683265	NA	NA	NA	NA	-8.93026424523502	-11.7667655129521	-8.46559597823158	-11.4041954335674	-8.79276072148509	-10.7667655129521	NA	-8.48665759375941	NA	-7.48665759375941	NA	NA	NA	-7.38429587612973	NA	NA	NA	-8.21656843039166	NA	NA	NA	NA	NA	NA	NA	-11.2521923401224	-10.4866575937594	NA	NA	NA	NA	NA	NA	-9.48665759375941	NA	NA	NA	NA	NA	-10.7667655129521	NA	-9.76676551295214	NA	NA	NA	NA	NA	NA	NA	NA	NA	-12.5741204350097	NA	-11.5741204350097	NA	NA	NA	NA	-12.2521923401224	NA	NA	NA	NA	-9.2887182161475	NA	NA	NA	NA	NA	NA	-11.9891579342886	NA	NA	NA	NA	NA	NA	NA	NA	-11.7667655129521	NA	NA	NA	NA	NA	NA	NA	NA	NA	NA	NA	NA	-14.5741204350097	NA	NA	NA	NA	NA	NA	NA	NA	-14.5741204350097	-10.1146888163725	NA	NA	NA	NA	NA	NA	NA	NA	NA	NA	NA	NA	NA	NA	NA	NA	NA	NA	NA	NA	NA	NA	NA	NA	NA	NA	NA	NA	NA	NA	NA	NA	NA	NA	NA	NA	NA	NA	NA	NA	NA	NA	NA	NA	NA	NA	NA
NW041-2	-1.32401589304369	-2.69942367918749	-4.75034761435016	-9.19545245148835	-8.54908940610305	NA	-4.46753199692516	-4.57563119355555	-4.46516692255796	-9.25958278890807	NA	-7.6104899507672	-4.2402447880696	-6.19545245148835	NA	-5.40386484528907	NA	-5.94752493804477	-7.89883544513018	NA	NA	-7.9641269053819	-8.37916440466074	NA	NA	-5.37693973954623	-7.31813497126318	-6.67462028818691	-6.39258492042306	NA	NA	NA	-10.4710868941018	NA	-11.5490894061031	NA	NA	-9.54908940610305	NA	-8.37916440466074	-9.50956104191642	NA	NA	-8.67462028818691	NA	-7.04658906557387	-7.13405190682421	NA	NA	NA	NA	-6.81212381193685	-10.0185746894043	-8.01857468940428	-10.7190144075454	-8.50956104191642	-10.7190144075454	-10.1340519068242	-8.27607091169664	NA	-6.54908940610305	NA	NA	NA	-8.14915879921442	NA	-9.86103341241779	-11.2595827889081	-7.46162656485271	NA	NA	NA	NA	-11.2595827889081	NA	NA	-9.91165948548776	NA	NA	-6.50956104191642	NA	NA	NA	NA	-7.27607091169664	NA	NA	NA	NA	NA	NA	-11.0185746894043	-9.07515821777064	NA	NA	NA	NA	NA	NA	NA	NA	NA	NA	NA	-8.99109395298217	NA	NA	NA	NA	-9.54908940610305	NA	NA	NA	NA	-9.19545245148835	NA	NA	NA	NA	NA	-10.0751582177706	-11.9116594854878	NA	NA	NA	NA	NA	NA	NA	NA	NA	NA	NA	NA	NA	NA	NA	NA	NA	-10.1340519068242	NA	NA	NA	NA	NA	NA	NA	NA	NA	NA	NA	NA	-10.1954524514884	NA	NA	NA	NA	NA	NA	NA	NA	NA	NA	NA	NA	NA	-12.397086312658	NA	NA	NA	NA	NA	NA	NA	NA	NA	NA	NA	NA	NA	NA	NA	NA	NA	NA	NA	NA	NA	NA	NA	NA	NA	NA	NA	NA	NA	NA	NA	NA	NA	NA
NW042-1	-4.13504418695628	-3.64556785399924	-3.96141331386186	-1.26091665659729	-5.84008313966918	-12.5680035942324	-4.17998630888725	-3.64973663513982	-7.35855022860343	-6.50622739664569	NA	-8.1484647027186	-8.74018456961506	-6.47630376009557	NA	NA	-11.8899316891197	NA	-8.18949197097865	-9.39807859279007	-6.79717454819989	-8.30496918839859	-9.057041674955	NA	-8.64200417567616	-7.24607549934502	-6.45530346148302	-6.72502476244406	NA	NA	NA	-8.72000668767743	-9.057041674955	NA	-6.96511918551396	NA	NA	NA	NA	-6.73511358006764	-8.80246884786941	NA	NA	-8.43050007048245	NA	NA	-8.16201123455655	NA	-10.3663697330627	-8.1484647027186	NA	-9.24607549934502	-9.24607549934502	-8.62314514842484	-5.13004350589791	NA	-9.88993168911975	NA	-8.74018456961506	NA	-9.33534283744211	NA	-9.84553756976129	-8.88993168911975	NA	NA	NA	-9.0072886397579	-10.246075499345	-8.3200760807888	NA	-11.7200066876774	NA	NA	-5.34689986886451	NA	-6.45530346148302	-9.84553756976129	NA	-8.41419825815335	NA	NA	-12.0825767670621	-7.73006035234136	-8.48054075298204	NA	NA	NA	NA	NA	NA	-11.5680035942324	-8.95919435155686	NA	NA	-11.8899316891197	NA	-10.497614266341	-8.35077287801171	NA	NA	NA	NA	NA	NA	-9.72000668767743	NA	NA	NA	NA	NA	NA	NA	NA	-9.53237968450166	NA	NA	NA	NA	NA	NA	-11.7200066876774	-10.4305000704824	NA	NA	-11.7200066876774	-11.8899316891197	NA	NA	NA	NA	NA	-8.64200417567616	NA	NA	NA	NA	NA	NA	NA	NA	NA	NA	NA	NA	NA	NA	NA	NA	NA	NA	NA	NA	NA	-11.5680035942324	NA	NA	-11.7200066876774	NA	NA	NA	NA	NA	NA	-11.3049691883986	NA	-12.8899316891197	NA	NA	NA	NA	NA	NA	NA	NA	-10.3049691883986	NA	NA	NA	NA	NA	NA	NA	NA	NA	NA	NA	NA	NA	NA	NA	NA	NA	NA	NA	NA	NA	NA	NA	NA	NA
NW042-3	-3.55486506973646	-2.87650679249712	-3.29808135293299	-3.00520829100276	-5.84208229998042	-10.4382720561248	-2.30866704497233	-3.63575569100361	-5.46672850217406	-9.22881869049588	NA	-9.26834705468252	-11.8533095554037	-5.82356221200962	NA	NA	-4.20106209536981	NA	-8.41590424309638	-9.26834705468252	-7.50753471856194	-9.22881869049588	-7.19986731679975	-9.58029106099726	-8.02888111998713	-7.3402399731643	-6.8383592139377	-6.65691234260017	NA	NA	NA	-11.1163439612375	-8.71035160156163	NA	-8.30898903917987	NA	-7.3402399731643	NA	NA	-7.86841644779388	-7.8383592139377	NA	NA	-10.1163439612375	NA	NA	-9.11634396123747	NA	NA	-8.13449130794773	NA	-8.73783233798374	-8.76584671415334	-8.04595463334607	-6.94641895979516	NA	-6.77293613893965	NA	-8.19034454268125	NA	-8.63091713406723	NA	-9.01200730142273	-9.48407574573796	NA	NA	-12.4382720561248	-9.97884043748753	-9.11634396123747	-8.41590424309638	NA	-10.5313814605163	NA	NA	-7.79441586635011	-9.11634396123747	-6.41036605955495	NA	NA	NA	NA	NA	NA	-7.64385618977472	-8.73783233798374	NA	NA	NA	NA	NA	NA	NA	-9.19034454268125	NA	NA	NA	NA	-10.6309171340672	-8.11634396123747	NA	NA	NA	-11.1163439612375	NA	-11.1163439612375	-10.5313814605163	NA	NA	NA	NA	NA	NA	NA	NA	-10.1903445426812	NA	NA	NA	NA	NA	NA	-11.4382720561248	-10.4382720561248	NA	-11.1163439612375	NA	-12.1163439612375	NA	NA	NA	NA	NA	NA	NA	NA	NA	NA	NA	NA	NA	NA	NA	NA	NA	NA	NA	NA	NA	NA	NA	NA	NA	-11.4382720561248	NA	NA	NA	NA	NA	NA	NA	NA	NA	NA	NA	NA	NA	-12.1163439612375	NA	NA	NA	NA	-10.5313814605163	NA	NA	NA	NA	NA	NA	NA	NA	NA	NA	NA	NA	NA	NA	NA	NA	NA	NA	NA	NA	NA	NA	NA	NA	NA	NA	NA	NA	NA
NW042-4	-5.21569937177385	-3.3175201447122	-4.79404261356324	-1.80761463313677	-8.28995392646727	-11.6323461239144	-2.92252379328241	-3.85661827846902	-5.52382166713618	-9.19177353252837	NA	-9.35223820472162	-10.1917735325284	-6.52083780869736	NA	NA	-3.35422858679067	NA	-7.09985104308733	-7.43970104597196	-6.70499142574612	-8.88511219429432	-6.69823405957081	-7.32075997324845	NA	-6.72545552830583	-7.91613908991494	-5.86984543764101	NA	NA	NA	-10.439701045972	-10.5328104503634	NA	-6.8547385452508	NA	-10.6323461239144	-11.1177729510846	NA	-9.23024768034301	-8.19177353252837	NA	NA	-9.79584485619723	NA	NA	-6.60681103180721	NA	-9.91613908991494	-7.32075997324845	NA	-8.11777295108459	-9.98026942733466	-8.31041802902699	-6.73234191389107	NA	-11.439701045972	NA	-10.6323461239144	NA	-10.1177729510846	NA	-7.86984543764101	-10.1177729510846	NA	NA	-9.98026942733466	-9.48550473558508	-13.439701045972	-8.94784794964228	NA	NA	NA	NA	-6.66491398637078	NA	-5.27228290014022	-11.439701045972	NA	-9.3953069266135	NA	NA	NA	-5.5879520045559	-8.37361185551418	NA	NA	NA	NA	NA	NA	NA	-10.3522382047216	NA	NA	NA	NA	-8.73926132783086	-8.55705799661011	NA	NA	NA	NA	NA	-10.1177729510846	-8.37361185551418	NA	NA	NA	NA	NA	NA	NA	NA	-10.7392613278309	NA	NA	NA	NA	NA	NA	-9.98026942733466	-9.3953069266135	NA	-11.6323461239144	-10.7392613278309	NA	NA	NA	NA	NA	NA	NA	NA	NA	NA	NA	NA	NA	NA	NA	NA	NA	NA	NA	NA	NA	NA	NA	NA	NA	NA	-11.8547385452508	NA	-10.5328104503634	NA	NA	NA	NA	NA	NA	NA	NA	NA	NA	NA	-11.2697760445296	NA	NA	NA	NA	-11.1177729510846	NA	NA	NA	NA	NA	NA	NA	NA	NA	NA	NA	NA	NA	NA	NA	NA	NA	NA	NA	NA	NA	NA	NA	-11.2697760445296	NA	NA	NA	NA	NA
NW042-5	-4.80852662310333	-3.51513343286574	-3.75460745371419	-1.24404351428786	-5.25871244449003	-10.620168903564	-4.25481852838554	-3.84538184396286	-5.75667090346889	-8.45024390212172	NA	-9.11766856303485	-11.7900939050063	-6.25871244449003	NA	NA	-5.1212089207401	NA	-8.60026934612632	-7.29824080867667	-5.49547315611472	-9.50469168614409	-7.98273898294874	-8.2355050533287	-9.46816581011898	-6.81855035105557	-8.60026934612632	-6.16073728492673	NA	NA	NA	NA	-9.79009390500634	NA	-7.91972918542294	NA	-8.98273898294874	NA	NA	-10.2665319489493	-9.50469168614409	-10.2051314042852	NA	-7.14623771523162	NA	NA	-9.20513140428519	NA	-10.702631063756	-7.76772609197789	NA	-9.98273898294874	-10.468165810119	-8.66081088806138	-6.82430962034426	NA	-8.76772609197789	NA	-9.20513140428519	NA	-9.88320330939782	NA	-9.00873419148168	-9.46816581011898	NA	NA	-11.330662286369	-10.0896541868652	-9.79009390500634	-9.26653194894933	NA	NA	NA	NA	-8.50469168614409	-10.2665319489493	-6.09660694750702	-9.66081088806138	NA	NA	NA	NA	NA	-5.96037116992028	-10.702631063756	NA	NA	NA	NA	NA	NA	NA	-10.0352064028429	NA	NA	NA	NA	-9.00873419148168	-11.468165810119	NA	NA	NA	-7.88320330939782	-8.702631063756	-11.2051314042852	-9.79009390500634	NA	NA	NA	NA	NA	NA	NA	NA	NA	NA	NA	NA	NA	NA	NA	-10.7900939050063	-10.9827389829487	NA	-11.9827389829487	-12.468165810119	-10.5421663915628	NA	NA	NA	NA	NA	-11.9827389829487	NA	NA	NA	NA	NA	NA	NA	NA	-11.7900939050063	NA	NA	NA	NA	NA	NA	NA	NA	NA	NA	NA	NA	NA	NA	NA	NA	NA	NA	NA	NA	NA	NA	NA	NA	-12.2051314042852	NA	NA	NA	NA	NA	NA	NA	NA	NA	NA	NA	NA	NA	NA	NA	NA	NA	NA	NA	NA	NA	NA	NA	NA	NA	NA	NA	NA	NA	NA	NA	NA	NA	NA
NW043-1	-3.50658385363565	-2.96308931000777	-4.86971197079503	-8.65711228647699	-4.25688966561288	-3.68159497167633	-5.90634089278575	-4.61103768347962	-6.54377081340105	-4.91460850876935	NA	NA	NA	-5.28877372663267	NA	-7.62963155005488	NA	-10.3575520046181	-5.76136224847367	-5.4933658599638	-7.67105147743487	-11.0356239097307	-9	-5.14566371007208	-8.2078048851134	-6	-6.54377081340105	-5.93128724991599	-8.1096244911745	-8.77258950389693	-3.25886190794449	NA	NA	NA	-6.91460850876935	-8.74284216050288	-8.16772744573807	-7.77258950389693	NA	-8.35755200461808	-9.22826898767312	-8.31315788525963	-5.81839319351005	NA	-9.1096244911745	-7.98251257327116	NA	NA	-7.77258950389693	-7.17764291460315	-6.50580296320203	-11.1876270031758	-10.657112286477	-6.01325609670227	-7.68512666264659	NA	-10.1096244911745	-9.40335569423121	NA	-9.22826898767312	-8.68512666264659	-3.46425047375752	NA	-6.88994645453509	-8.01770200173346	NA	NA	-10.1876270031758	NA	NA	NA	NA	NA	NA	-11.1876270031758	-8.52466199045334	NA	-7.88181857365169	-9.71369581484336	-9.65711228647699	-10.657112286477	NA	NA	NA	NA	-7.67105147743487	NA	NA	NA	NA	-9.55019708256048	NA	-9.27008916336774	NA	NA	-9	-7.06293125572646	-10.7725895038969	NA	NA	NA	-7.38027208111817	NA	-8.45066140900957	NA	-8.68512666264659	NA	NA	NA	NA	NA	NA	-10.4506614090096	NA	NA	NA	NA	NA	NA	NA	NA	-12.0356239097307	NA	NA	NA	NA	NA	NA	NA	-12.0356239097307	NA	-10.2700891633677	NA	NA	-8.86569890828841	NA	NA	NA	NA	-11.1876270031758	NA	NA	NA	NA	-9.77258950389693	NA	NA	-11.0356239097307	NA	-10.8981203859808	NA	NA	NA	NA	NA	NA	NA	NA	NA	NA	NA	NA	-10.5501970825605	NA	NA	NA	NA	NA	NA	NA	NA	NA	NA	NA	NA	NA	NA	NA	NA	NA	NA	NA	NA	NA	NA	NA	NA	NA	NA	NA	NA	NA	NA	NA	NA	NA	NA	NA	-12.3575520046181	NA	NA
NW043-3	-4.03007034687483	-3.19773584113502	-5.26002011938936	-7.7327731165245	-4.64357938719504	-5.70362677086498	-6.09955544719612	-5.85562986431003	-9.02555486575234	-5.13316383983894	NA	NA	NA	-5.15272610621746	-7.30308884128125	-8.88805134200241	-9.44059236503119	NA	-6.38169867597762	-5.85562986431003	-8.88805134200241	NA	NA	-5.21819994369474	-8.59259545847624	-5.78524053641863	-9.88805134200241	-7.56612324711504	-7.79289410896207	-9.3474829606397	-2.20091428489892	NA	NA	NA	-6.41674562307682	-8.3474829606397	-7.26002011938936	-8.5401280385821	NA	-8.76252045991855	-9.26002011938936	-7.88805134200241	-4.20282471780782	NA	-9.09955544719612	-8.09955544719612	NA	NA	-8.95516553786094	-7.67505761866821	-7.30308884128125	-10.3474829606397	-9.5401280385821	-6.24945087767918	-6.82392100458269	NA	-10.0255548657523	-9.17755795919739	NA	-8.59259545847624	-7.88805134200241	-3.1850916318828	NA	-7.76252045991855	-7.70362677086498	NA	NA	NA	NA	NA	NA	NA	NA	NA	NA	-8.30308884128125	NA	-7.88805134200241	-9.3474829606397	-10.0255548657523	-10.0255548657523	NA	NA	NA	NA	-8.26002011938936	NA	NA	NA	NA	NA	NA	NA	NA	NA	NA	-6.85562986431003	-10.1775579591974	NA	NA	NA	-5.31957696406982	-9.88805134200241	-8.88805134200241	NA	NA	NA	NA	NA	NA	NA	NA	-6.80832414953167	-8.26002011938936	NA	NA	NA	NA	NA	NA	NA	NA	NA	NA	-11.3474829606397	NA	NA	NA	NA	NA	NA	-10.7625204599185	NA	NA	-9.44059236503119	NA	NA	NA	NA	NA	NA	NA	NA	NA	NA	NA	NA	NA	NA	-7.64704324249861	NA	NA	NA	NA	NA	NA	NA	NA	NA	NA	NA	NA	-9.64704324249861	NA	NA	NA	NA	NA	NA	NA	NA	NA	NA	NA	NA	NA	NA	NA	NA	NA	NA	NA	NA	NA	NA	NA	NA	NA	NA	NA	NA	NA	NA	NA	NA	NA	NA	NA	NA	NA	NA
NW043-4-1	-4.08308379664936	-2.71091026549526	-5.20401473316055	-9.36174443763256	-4.94261418371983	-3.48206837140567	-5.01596960079083	-4.80808605682941	-8.40613855699101	-5.09552577533148	NA	NA	NA	-4.05409513119558	-8.65125105482754	-8.27685554004604	-9.27685554004604	-11.0842104621036	-5.71963802980779	-5.31602613732672	-7.89834391679231	-10.0842104621036	NA	-5.0977995268516	-7.94670693835371	-5.5637882135772	-7.99674762085331	-7.30810647403048	-7.49924796138249	-9.36174443763256	-3.31206087131911	-10.3186757157407	NA	NA	-6.19181943619024	-8.70569883884992	-7.63795423221408	-8.82117605626985	NA	-8.27685554004604	-9.70569883884992	-7.16773381766593	-6.05299173149293	-11.2362135555487	-7.6117226906409	-7.93040512602461	NA	NA	-7.08421046210365	-7.51132079368307	-7.38377074396255	-12.406138556991	-8.97987380228891	-5.89043871870697	-7.09325560170665	NA	NA	-8.47540121942812	NA	-9.2362135555487	-7.44035427232892	-3.90529667743408	NA	-6.2871974842675	-7.37271555545356	NA	NA	NA	NA	NA	NA	NA	NA	NA	NA	-8.52349550762917	NA	-8.31867571574067	-9.2362135555487	NA	NA	-10.8211760562699	NA	NA	NA	-8.40613855699101	NA	NA	NA	NA	-10.4992479613825	NA	-8.65125105482754	NA	-10.4992479613825	-9.49924796138249	-7.15821104354742	-8.94670693835371	NA	NA	NA	-7.20646621215465	-10.7056988388499	-8.17731986649513	NA	-9.15821104354742	NA	NA	NA	NA	NA	NA	-8.04858655237293	NA	NA	NA	NA	NA	NA	NA	NA	NA	NA	NA	NA	NA	NA	NA	NA	-11.406138556991	NA	NA	NA	NA	-9.31867571574067	NA	NA	NA	NA	-10.9467069383537	NA	NA	NA	NA	NA	NA	NA	-10.7056988388499	NA	-9.01382113421225	NA	NA	NA	-10.8211760562699	NA	NA	NA	NA	NA	NA	NA	NA	-10.0138211342123	NA	NA	NA	NA	NA	NA	NA	NA	NA	NA	NA	NA	NA	NA	NA	NA	NA	NA	NA	NA	NA	NA	NA	NA	NA	NA	NA	NA	NA	NA	NA	NA	NA	NA	NA	NA	NA	NA
NW043-4-2	-3.45278011148767	-2.60713990849118	-4.77313920671969	-9.43872016764913	-5.19079265420555	-4.38231603062126	-5.51206631721918	-4.97702904182971	-9.59626144463561	-6.45749737467976	NA	NA	NA	-4.88307323375253	-6.01129894391446	-9.38981056716819	-7.90438373999794	NA	-6.82096773181031	-6.61020063559349	-6.78100132449266	NA	NA	-5.64564947159778	-8.90438373999794	-6.10687660389669	-7.40188339946876	-8.31942123927679	-8.12677616133439	-7.69678832058958	-3.21855035504205	-9.77313920671969	NA	NA	-5.37486022570221	-10.9747730678893	-9.77313920671969	-9.04877364933312	NA	NA	-9.90438373999794	-8.62427582080521	-5.66007654223306	NA	-6.9929204145996	-9.77313920671969	NA	NA	-7.83726954413941	-7.46381114861196	-8.18817670599853	-11.2967011627767	-10.5962614446356	-6.38981056716819	-7.16741814583174	NA	-10.3898105671682	-8.2967011627767	NA	-8.6819913186615	-7.52851683799978	-3.10811231706936	NA	-7.12677616133439	-6.86207293513998	NA	NA	NA	NA	NA	NA	NA	NA	NA	NA	-8.59626144463561	NA	-7.41405811341486	-8.90438373999794	NA	-11.7117386620555	-12.7117386620555	NA	NA	NA	-9.90438373999794	NA	NA	NA	NA	-10.3898105671682	NA	-9.83726954413941	NA	NA	-11.4893462407191	-7.63848968002491	-9.34250485238983	NA	NA	NA	-5.61370657909502	-7.01129894391446	-9.38981056716819	NA	-9.71173866205555	NA	NA	NA	NA	NA	NA	-6.04877364933312	-7.72684555444576	NA	NA	NA	NA	NA	NA	NA	NA	NA	NA	NA	NA	NA	NA	NA	-11.7117386620555	NA	-10.8372695441394	NA	NA	-10.3898105671682	NA	NA	NA	NA	NA	NA	NA	NA	NA	NA	NA	NA	NA	NA	-7.18817670599853	NA	NA	NA	-11.4893462407191	NA	NA	NA	NA	NA	NA	NA	NA	-9.54181366061323	NA	NA	NA	NA	NA	NA	NA	NA	NA	NA	NA	NA	NA	NA	NA	NA	NA	NA	NA	NA	NA	NA	NA	NA	NA	NA	NA	NA	NA	NA	NA	NA	NA	-10.7117386620555	NA	NA	NA	NA
NW043-6	-2.85418918818603	-3.03371592683167	-5.61158900276651	-7.56154832026691	-4.19761269885798	-6.78257519957913	-4.9098442686695	-4.79216124840833	-7.10211670162962	-6.14446299233921	NA	NA	NA	-4.00695946858928	NA	-7.17548988795984	NA	-9.43601743818306	-5.45112433057326	-5.0437000154043	-8.34855459693272	-9.37712374912949	-7.4974179828472	-4.22169831738229	-8.52912684257454	-7.8510549374619	-7.69905184401685	-7.73557772004196	-7.00975268348096	-9.06678362851734	-4.27951295250307	NA	NA	NA	-7.03229525213205	NA	-6.30673442123809	-8.0437000154043	NA	NA	-9.37712374912949	-7.406270094789	-4.98480632635073	NA	-7.95489074844644	-7.89169692195925	NA	NA	-9.43601743818306	-7.22656407255411	-5.99307394233433	NA	-8.11408934329569	-6.13833688954237	-7.83115538002419	NA	NA	-7.00975268348096	NA	-9.56154832026692	-7.06678362851734	-3.74369253877386	NA	-8.16299894377664	-8.406270094789	NA	NA	NA	NA	NA	NA	NA	NA	NA	NA	-9.69905184401685	NA	-9.26609243674074	-7.89169692195925	-11.0209799389042	-11.0209799389042	-10.6990518440169	NA	NA	NA	-6.72635919001258	NA	NA	NA	NA	-8.62866251612545	NA	-10.4360174381831	NA	NA	-9.56154832026692	-7.56154832026691	-10.6990518440169	NA	NA	NA	-6.76359209621156	NA	-8.62866251612545	NA	-8.16299894377664	NA	NA	NA	NA	NA	NA	-7.71719919072711	NA	NA	NA	NA	NA	NA	NA	NA	NA	NA	NA	-10.6990518440169	NA	NA	NA	NA	NA	NA	-9.56154832026692	NA	-11.0209799389042	-5.4247901827598	NA	NA	NA	NA	NA	NA	NA	NA	NA	-11.2136250168466	NA	NA	NA	NA	-9.56154832026692	NA	NA	NA	-11.6990518440169	NA	NA	NA	NA	NA	NA	NA	-8.89169692195924	-10.8510549374619	NA	NA	NA	NA	NA	NA	NA	NA	NA	NA	NA	NA	NA	NA	NA	NA	NA	NA	NA	NA	NA	-10.6990518440169	NA	NA	NA	NA	NA	NA	NA	NA	NA	NA	NA	NA	NA	NA	NA	NA
NW044-1	-1.76303989190393	-3.43509120154863	-4.46359932087286	-3.71547162041936	NA	-2.91116441347363	-6.30321656181184	-4.3981839124239	-6.36002291743031	-6.07685086602544	-8.38928751193551	NA	-8.21150039272022	-7.78086603839036	NA	-7.12035250466203	-8.05323830880349	-7.59210439493519	-5.94064648242713	-4.98017484661377	-6.64054474999295	NA	-8.67616865972367	-5.41313425388987	NA	-6.64054474999295	-5.67256642304347	-7.22199276653787	-9.73506234877724	NA	NA	-5.94933744269118	-8.51266992744079	NA	-7.23256200824805	-8.46204385437082	-8.6475995075269	-8.70531500538318	NA	-9.99809675461103	NA	NA	NA	-8.25393565904062	-8.53866513597373	-9.19074183255343	-8.29765703646994	NA	-8.05323830880349	-8.32002484949839	NA	-11.3200248494984	NA	-8.82817175316872	-9.8605932308611	-10.2325620082481	-11.998096754611	NA	NA	-12.3200248494984	-10.5126699274408	NA	-8.48713483533365	-10.4131342538899	-7.75016924116744	NA	NA	NA	-7.99809675461103	NA	NA	-9.32002484949839	NA	-11.3200248494984	-10.5126699274408	-7.94498541815147	-9.73506234877724	-7.56513734733492	NA	-9.8605932308611	NA	-7.43738180013655	NA	NA	NA	NA	NA	NA	NA	NA	-7.28660184796094	NA	-8.59210439493519	NA	NA	-8.56513734733493	-8.38928751193551	-9.15009984805608	NA	NA	NA	NA	NA	-9.36582853911152	NA	-9.46204385437082	NA	-9.79646289344138	-11.5126699274408	NA	-8.36582853911152	NA	NA	-10.998096754611	NA	NA	-9.03462263063614	NA	NA	NA	NA	NA	NA	NA	-10.8605932308611	-11.998096754611	-8.99809675461103	NA	NA	NA	NA	NA	NA	-10.6195851313573	NA	NA	NA	NA	NA	NA	NA	NA	NA	NA	NA	NA	-12.3200248494984	NA	NA	NA	NA	NA	NA	NA	-10.6195851313573	-9.07209733605481	NA	NA	NA	NA	NA	NA	NA	NA	NA	NA	-11.3200248494984	NA	NA	NA	NA	NA	NA	NA	NA	NA	NA	NA	NA	NA	NA	NA	NA	NA	NA	NA	NA	NA	NA	NA	NA	NA	NA	NA	NA	NA	NA	NA	NA	NA	NA
NW045-1	-2.16686791308186	-3.65099604989459	-5.1114765199346	NA	-4.92920798363188	NA	-6.17840752805358	-6.8484421141008	-8.49229830387553	-6.38145253518724	-7.81673325437347	-7.53294028837287	-12.3402952104305	-6.1153288454302	-1.20715299802988	-10.1386613492608	-7.3860989000436	NA	-6.56419122235731	-8.90733580315437	NA	-7.21101219348551	-8.68494338181792	-9.80424231019027	-7.47239874643782	-7.66222330531784	-7.88086359179318	-8.63985549228939	-9.23595855061574	NA	-13.0772608045967	NA	-7.17840752805358	NA	-9.07726080459668	-6.03651446225338	-9.75533270970932	-7.35844255714074	NA	NA	-8.47239874643782	-8.61782918595939	NA	-8.28718387397092	-6.43822163111974	-9.49229830387553	NA	-8.03286668523823	NA	NA	NA	NA	-9.41429579187425	NA	-9.75533270970932	-9.5747604640675	NA	NA	-8.12306449420981	-9.96178358717675	-9.34029521043048	NA	NA	-7.1076344536402	NA	NA	-9.01836711554312	NA	NA	NA	NA	NA	NA	NA	NA	-10.0183671155431	-9.85486838326024	NA	NA	NA	-7.37682108645559	-9.5747604640675	NA	NA	-10.5747604640675	NA	NA	NA	NA	NA	-10.9617835871767	NA	NA	-8.53294028837287	NA	NA	-11.2027916866805	NA	NA	NA	-10.5747604640675	NA	NA	NA	NA	NA	NA	NA	NA	-13.6622233053178	NA	NA	NA	NA	NA	NA	-9.45276993968889	NA	NA	NA	NA	NA	NA	NA	-11.2027916866805	NA	NA	NA	NA	NA	NA	NA	NA	NA	NA	NA	NA	NA	NA	NA	NA	NA	NA	NA	NA	NA	NA	NA	NA	NA	NA	NA	-12.3402952104305	NA	NA	NA	NA	NA	NA	NA	NA	NA	NA	NA	NA	NA	NA	NA	NA	NA	NA	NA	NA	NA	NA	NA	NA	NA	NA	NA	NA	NA	NA	NA	NA	NA	NA	NA	NA	NA	NA	NA	NA	NA	NA	NA	NA	NA	NA	NA	NA
NW045-2	-2.75535968756973	-4.39036287079048	-2.5777639794386	NA	-3.93970146178091	NA	-5.85723930158894	-6.91711075756634	-6.11325327974496	-7.04486630476471	NA	-6.71229096567784	-8.55182629348459	-5.20979062514866	-1.50475022798498	-8.02716430303125	-6.28668422468881	NA	-7.56453734523415	NA	NA	-6.60992924804816	-8.5020732582875	NA	-7.75535968756973	-8.36234849462088	-8.13678879420575	-8.08093555947223	-9.13678879420575	NA	NA	-11.5773613855917	-6.90090053038508	NA	-9.52673531252177	-6.91711075756634	-9.38471630764934	-6.64324932124819	NA	NA	-7.84555749654131	-7.62982880548587	-13.3847163076493	-9.02716430303125	-6.84555749654131	-7.94177281180061	NA	-8.74086011787461	-11.214791306207	NA	NA	NA	-9.43051999726246	NA	-9.86115435159232	-8.60335659412468	NA	NA	-9.86115435159232	-9.02716430303125	NA	NA	NA	-8.45397897008645	NA	-12.062788212762	NA	NA	NA	NA	NA	NA	NA	NA	NA	-8.55182629348459	NA	NA	NA	NA	-7.65679585308614	-9.74086011787461	-9.99239888487058	NA	-9.99239888487058	NA	NA	NA	NA	NA	NA	NA	NA	-10.3847163076493	NA	NA	NA	NA	NA	NA	NA	NA	NA	NA	NA	NA	NA	NA	NA	-10.7997538069282	NA	NA	NA	NA	NA	NA	NA	NA	NA	NA	NA	NA	NA	NA	NA	NA	NA	NA	NA	NA	NA	NA	NA	NA	NA	NA	NA	NA	NA	NA	NA	NA	NA	NA	NA	NA	NA	NA	NA	NA	NA	NA	NA	NA	NA	NA	NA	NA	NA	NA	NA	NA	NA	NA	NA	NA	NA	NA	NA	NA	NA	NA	NA	NA	NA	NA	NA	NA	-10.297253466399	NA	NA	NA	NA	NA	NA	NA	NA	NA	NA	NA	NA	NA	NA	NA	NA	NA	NA	NA	NA	NA	NA
NW045-3	-2.01458443161337	-3.42739488829222	-5.13521413679891	NA	-6.40228029665175	NA	-4.92533766685429	-5.93698802659321	-5.69688001760893	-5.26379834286032	-6.97651639077985	-6.01304226680497	-9.18296726824728	-5.36770714810433	-2.36606566989688	-6.99263605614313	-6.57355172380158	NA	-5.09550442699694	-8.76792976896843	NA	-6.83901286702992	-7.10204727286371	-7.59800476752612	-6.60418334245525	-8.14644139222216	-6.94480753105251	-7.13745260899491	-8.23955079661365	NA	NA	NA	-6.27361263268728	NA	-7.32881813471073	-5.84998398485092	-9.07605206433077	-6.70681825466505	NA	-10.2984444856672	-6.3650816786975	-7.27854492822951	NA	-7.64819052469434	-5.90612706288845	-8.56147889150101	-12.8834069863884	-10.0760520643308	-9.94480753105251	NA	NA	-11.1464413922222	-7.32881813471073	NA	-6.54355698350374	-9.42397536775107	-10.0760520643308	NA	-7.59800476752612	-8.16458873893242	-7.79594414513803	NA	NA	-6.54355698350374	NA	NA	-9.38090664585919	NA	-10.4683694871095	-10.8834069863884	NA	NA	NA	NA	NA	-7.79594414513803	-10.2984444856672	NA	NA	NA	-6.34424817528034	-8.71348198494606	NA	NA	-8.04210473240743	NA	NA	NA	NA	NA	-10.7679297689684	NA	-8.88340698638837	NA	NA	NA	-10.0089378684722	NA	NA	NA	NA	NA	NA	NA	-10.6610145650519	NA	NA	NA	NA	-10.561478891501	NA	NA	NA	NA	NA	NA	-7.14644139222216	NA	NA	NA	NA	NA	-11.4683694871095	NA	-10.561478891501	NA	NA	NA	NA	NA	NA	NA	NA	NA	NA	NA	-11.0089378684722	NA	NA	NA	NA	NA	NA	NA	NA	NA	NA	NA	NA	NA	NA	NA	-11.8834069863884	NA	NA	NA	NA	NA	NA	NA	NA	NA	NA	NA	NA	NA	NA	NA	NA	NA	NA	NA	NA	NA	NA	NA	NA	NA	NA	NA	NA	NA	NA	NA	NA	NA	NA	NA	NA	NA	NA	-11.1464413922222	NA	NA	NA	NA	NA	NA	NA	NA	NA
NW045-4-1	-2.9445998635528	-3.69753333654976	-4.32105095030979	NA	-4.51224628205156	NA	-3.61374039954459	-6.56046560650224	-5.84369017205912	-6.65038224317886	-6.67848758085921	-5.21176419236738	-7.62737226513236	-4.45643306678298	-2.00041567574657	-6.83312093034893	-5.3461905125883	NA	-7.04850996394762	-8.97695670292258	NA	-5.43529798642229	-6.58685710539364	-10.6092249184221	-9.84369017205912	-8.52176207717176	-9.02426241770094	-9.1497932997848	-7.03633525000152	NA	NA	NA	-5.41348362517565	NA	-6.81221194058595	-7.26581709612428	-8.39199420220143	-6.27651698478149	-10.4075910572524	NA	-7.00041567574657	-6.56046560650224	-13.9311530133095	-6.77128167653107	-7.28010132213053	-6.38812119305422	NA	-7.7314806684731	NA	NA	NA	-11.9311530133095	-6.94815943861515	NA	NA	-7.55611358196253	NA	NA	-8.48820951746073	-7.93115301330946	-10.2872968235347	NA	NA	-8.24465248612624	NA	NA	NA	-12.9311530133095	-11.7612280118671	-11.2307132951684	NA	NA	NA	NA	NA	-8.80186999636449	-11.9311530133095	NA	NA	NA	-8.21690749564334	-8.40759105725245	NA	NA	-8.43929991697978	NA	NA	NA	NA	NA	NA	NA	-10.176265511146	-10.0731720181819	NA	NA	NA	NA	NA	NA	NA	NA	NA	NA	NA	NA	NA	NA	NA	-10.9311530133095	NA	NA	NA	NA	NA	NA	NA	NA	NA	NA	NA	NA	NA	NA	-9.50488825860736	NA	NA	-10.6092249184221	NA	NA	NA	NA	NA	NA	NA	NA	NA	NA	NA	NA	NA	NA	NA	NA	NA	NA	NA	NA	NA	NA	NA	NA	-11.7612280118671	NA	NA	NA	NA	NA	NA	NA	NA	NA	NA	NA	NA	NA	NA	NA	NA	NA	NA	NA	NA	NA	NA	NA	NA	NA	-9.20323255874626	NA	NA	NA	NA	NA	NA	NA	NA	NA	NA	NA	NA	-11.1237980912519	NA	NA	NA	NA	NA	NA	NA	NA	NA
NW045-4-2	-3.98379738605593	-3.34516270959535	-6.51087897069658	NA	-4.43843268998354	NA	-4.0285430821289	-8.28617268352189	-6.62320767079946	-6.96424458863453	-10.3236473889406	-5.87460737614985	-9.24964680749678	-5.15794697335996	-1.09647481575422	-7.23172489949951	-7.18787060991009	NA	-6.87808794488481	-9.21402289776605	NA	-5.54366890581425	-6.74502641509322	NA	-8.0169860507065	-11.7642199803265	NA	-9.4841120611338	-7.19653547103721	NA	NA	NA	-4.60723403459172	NA	-8.44229188543917	NA	-8.66468430677562	-8.21402289776605	-12.5715749023841	NA	-9.28617268352189	-7.7386848882194	NA	-6.79678784278296	-7.13694667474741	-8.46305044560597	NA	NA	NA	NA	NA	-11.1121432837468	-7.75139593996895	NA	NA	-6.84365444782094	NA	NA	-9.66468430677562	-6.96424458863453	NA	NA	NA	NA	NA	NA	-9.44229188543917	NA	-11.2496468074968	-10.1792574796054	NA	NA	NA	NA	NA	-9.92771871260941	-7.6889318530223	NA	NA	NA	-8.6889318530223	-7.88507437520092	NA	NA	-10.7642199803265	NA	-9.52718078302568	NA	NA	NA	NA	NA	NA	-10.6646843067756	NA	NA	NA	NA	NA	NA	NA	NA	NA	NA	NA	NA	NA	NA	NA	-11.1121432837468	NA	NA	NA	NA	NA	NA	NA	NA	NA	NA	NA	NA	NA	NA	NA	NA	NA	NA	NA	NA	NA	NA	NA	NA	NA	NA	NA	NA	NA	NA	NA	NA	NA	NA	NA	NA	NA	NA	NA	NA	NA	NA	NA	NA	NA	NA	NA	NA	NA	NA	NA	NA	NA	NA	NA	NA	NA	NA	NA	NA	NA	NA	NA	NA	NA	NA	NA	NA	NA	NA	NA	NA	NA	NA	NA	NA	NA	NA	NA	NA	NA	-11.5715749023841	NA	NA	NA	NA	NA	NA	NA	NA	NA
NW045-5	-3.10385888573116	-3.35677921380076	-5.28652701770366	NA	-4.56223364018156	NA	-4.47369696557991	-6.00803339323109	-7.59752555243277	-6.51809108493836	-6.66011008981079	-5.30307819396751	-9.51809108493836	-6.16053908032028	-1.40807392751912	-8.07751849355238	-7.31421875157271	NA	-7.89918125229387	-7.41855541138745	NA	-6.48624221889902	-6.17062789794386	-11.0035179121086	-5.44892906043096	-8.62500628885487	NA	-5.33960406999262	-7.13562144811595	NA	NA	NA	-8.11599264136701	NA	-7.35966172233388	NA	-7.81765136679727	-10.0035179121086	-11.5180910849384	NA	-5.54081116143844	-8.86601438835867	NA	-10.0035179121086	-7.28105188763751	-7.98559600411134	NA	-10.1555210055537	NA	NA	NA	-9.74048350627481	-5.95040657564904	NA	-12.0035179121086	-7.78628719588793	NA	NA	-9.0035179121086	-10.6250062888549	-11.5180910849384	NA	NA	-8.2169215502178	NA	NA	-8.39470866943308	-11.5180910849384	NA	-11.1555210055537	NA	-10.4185554113874	NA	NA	NA	-8.51809108493836	-8.25935681653819	NA	NA	NA	-7.29202300545851	-8.9331285842172	-8.68158981722124	NA	-8.46746501186839	NA	-9.32544600699596	NA	NA	NA	NA	NA	-8.37124969660909	NA	NA	NA	NA	NA	NA	NA	NA	NA	NA	NA	-11.325446006996	NA	NA	NA	-11.5180910849384	NA	NA	NA	NA	NA	NA	NA	NA	NA	NA	NA	NA	NA	-12.325446006996	NA	-9.41855541138745	NA	NA	NA	NA	NA	NA	NA	NA	NA	NA	NA	NA	NA	-10.8660143883587	NA	NA	NA	NA	NA	NA	NA	NA	NA	NA	NA	NA	NA	NA	NA	NA	NA	NA	NA	NA	NA	NA	NA	NA	NA	NA	NA	NA	NA	NA	NA	NA	NA	NA	NA	NA	NA	NA	NA	NA	NA	NA	NA	NA	NA	NA	NA	NA	NA	NA	NA	NA	NA	NA	NA	NA	NA	NA	NA	NA	NA	NA
NW046-1	-2.62497271762643	-2.72453801196024	-3.47429723229567	-4.25372039514192	NA	-4.21825288359455	NA	-6.14625569777337	-7.0143902498994	-8.58207475918872	NA	NA	-4.59176815539256	-7.20952059123139	NA	-5.00141239590119	-5.815782493753	-6.97157716636043	-7.0495796783617	-3.31328215322382	NA	-6.09022166285904	NA	-8.7455734914716	NA	NA	-5.20703532784179	-6.80446718052517	NA	NA	NA	-6.09022166285904	NA	-12.3894296812463	-6.34503556188787	-9.26014666430136	NA	-11.5820747591887	NA	-8.23968256174164	-8.45869234368344	-6.50678663188448	NA	-9.14150216780274	NA	-10.067501586359	-5.52834277525093	NA	NA	NA	NA	-8.80446718052517	-11.067501586359	-8.77471983713112	NA	-10.929998062609	-12.8044671805252	NA	-8.55653966708158	NA	-8.03187767662824	NA	-6.00572538877227	-9.92999806260903	-10.929998062609	NA	-10.6889899631052	-9.21950467980401	-7.96316492654423	-7.68898996310523	NA	NA	-7.6751841635802	-8.14150216780274	-11.3894296812463	NA	-8.71700433927483	-8.50678663188448	NA	-6.7455734914716	NA	NA	NA	-4.98855024496414	-9.68898996310523	-7.68898996310523	-8.60806996772166	NA	NA	NA	-10.4825390856378	NA	NA	NA	NA	-9.30196683999598	NA	-9.30196683999598	NA	NA	NA	NA	-12.3894296812463	NA	-9.14150216780274	-11.8044671805252	NA	NA	NA	NA	NA	NA	NA	NA	NA	NA	NA	-10.3894296812463	NA	NA	NA	NA	NA	NA	NA	-9.03187767662824	-9.53144868611875	NA	-7.89757658491665	-8.86586772518931	-13.3894296812463	NA	NA	NA	NA	NA	NA	NA	NA	-8.7455734914716	NA	NA	-9.34503556188787	NA	NA	NA	NA	NA	NA	NA	NA	NA	-10.3894296812463	NA	NA	NA	NA	-9.80446718052517	NA	NA	NA	NA	NA	NA	NA	NA	NA	NA	NA	NA	NA	NA	NA	NA	NA	NA	NA	NA	NA	NA	NA	NA	NA	NA	NA	NA	-9.86586772518931	NA	NA	NA	NA	NA	NA	NA	NA	NA	NA	NA	NA	NA	NA
NW046-5	-2.56990401345905	-3.36125307749637	-4.10474507403045	-3.08310424264544	NA	-3.53235427514265	NA	-6.36270083982649	-10.515347849837	-8.17295565238988	NA	-12.7377402711734	-4.47251593424879	-6.17295565238989	NA	-5.38901211694233	-5.50892158067753	-6.79914081583755	-7.89643801719247	-2.97674317549045	NA	-6.05591623119967	NA	-8.59478231733137	NA	NA	-4.76046034767349	-6.78354396078654	NA	NA	NA	-5.64674573895282	NA	-11.515347849837	-6.33970919720026	-8.36850646150769	NA	NA	NA	-10.3227027718946	-6.32270277189457	-6.87149166006224	NA	-8.83084967556489	NA	-10.0007746770072	-7.32270277189457	NA	-10.3227027718946	NA	NA	-7.87975927604584	-10.3227027718946	-10.2352399306442	NA	-10.1527777704523	NA	NA	-8.70799292777936	NA	-8.86327115325727	NA	-7.24588717484374	-9.07477525845098	-11.1527777704523	NA	NA	-11.1527777704523	-8.79914081583755	-8.15277777045226	NA	NA	-9.32270277189457	-8.17295565238988	NA	NA	-8.5678152697311	-7.70799292777936	NA	-9.86327115325727	NA	-9.36850646150769	-10.3227027718946	-6.60845725422844	-10.415812176286	-7.98285276900994	-8.70799292777936	NA	NA	NA	-10.2352399306442	NA	NA	NA	NA	-9.15277777045226	NA	NA	NA	NA	NA	NA	-10.0007746770072	NA	-10.074775258451	-10.074775258451	NA	NA	NA	NA	NA	NA	NA	NA	NA	NA	NA	-10.6222630537535	NA	NA	NA	NA	NA	NA	-11.3227027718946	NA	-9.73774027117341	NA	-9.36850646150769	-8.0007746770072	-9.93038534911581	NA	NA	NA	NA	NA	-12.3227027718946	NA	NA	-11.0007746770072	NA	NA	-9.86327115325727	NA	NA	NA	NA	NA	NA	NA	NA	NA	NA	NA	-10.0007746770072	NA	NA	-11.7377402711734	NA	NA	NA	NA	NA	NA	NA	NA	NA	NA	NA	NA	NA	NA	NA	NA	NA	NA	NA	NA	NA	NA	NA	NA	NA	NA	NA	NA	-9.73774027117341	NA	NA	NA	NA	NA	NA	NA	NA	NA	NA	NA	-11.0007746770072	NA	NA
NW047-4	-2.80666081810345	-3.1944314516133	-5.51847959837503	-10.7314733217092	-2.97173641988436	-2.21255198218138	-3.03040319279084	-6.03103360356813	-5.29003813236578	-5.08238048356835	NA	-12.6059424396254	NA	NA	NA	-5.64787312009129	-12.1909049403465	-5.55428031980288	-9.43601743818306	NA	NA	NA	NA	-12.6059424396254	NA	-6.17409665265997	-7.53269345759473	-8.51847959837503	-7.98145157471757	NA	NA	NA	NA	NA	-9.43601743818306	NA	-7.71517150938013	-5.23962022537955	NA	-5.49046522220543	-6.04115782084184	NA	NA	-8.94297742690294	NA	-7.23670862995965	-11.3835500182889	NA	NA	NA	NA	-9.66734298428951	-8.02097993890421	-6.93351709765387	-11.3835500182889	-8.83335293572844	-8.66734298428951	NA	-8.86897684545916	NA	NA	NA	NA	NA	-10.7314733217092	NA	NA	NA	-9.10344209909618	NA	NA	NA	NA	NA	NA	-9.28401434473801	NA	NA	NA	NA	-6.41611788074535	-8.94297742690294	NA	NA	-11.8689768454592	NA	NA	NA	NA	NA	NA	NA	-10.7314733217092	NA	NA	NA	NA	NA	NA	NA	NA	NA	NA	NA	NA	NA	NA	NA	NA	NA	NA	NA	NA	NA	NA	NA	NA	NA	NA	NA	NA	-12.1909049403465	NA	NA	NA	NA	NA	NA	NA	NA	NA	NA	-9.02097993890421	NA	NA	NA	NA	NA	NA	NA	NA	NA	NA	NA	NA	NA	NA	NA	NA	NA	NA	NA	NA	NA	NA	NA	NA	NA	NA	NA	NA	NA	NA	NA	NA	NA	NA	NA	NA	NA	NA	NA	NA	NA	NA	NA	NA	NA	NA	NA	NA	NA	NA	NA	NA	NA	NA	NA	NA	NA	NA	NA	NA	NA	NA	NA	NA	NA	NA	NA	NA
NW047-5	-1.0981236828513	-3.72305828813592	-4.08562836752063	-7.58377870231151	-4.39504385109444	-3.10638692768742	-6.3340586497586	-5.47180105007848	-8.84454293452048	-12.5724633890837	NA	-10.3245358756401	NA	NA	NA	-8.76510846702607	NA	-4.98374875350141	-10.6655727934752	NA	NA	NA	NA	NA	NA	-5.2237352348526	-11.7651084670261	-10.6655727934752	-10.0489014330267	NA	NA	NA	NA	NA	NA	NA	-10.1801459663049	-10.2505352941963	NA	-3.86165695538432	-10.1130317704464	NA	NA	-7.70209866950027	-8.28706117022143	-8.84454293452048	NA	NA	NA	NA	NA	NA	NA	-7.59518346558376	NA	-10.9875008883625	NA	NA	-9.25053529419631	NA	NA	NA	NA	NA	-6.42780514625179	NA	NA	NA	-10.0489014330267	NA	NA	NA	NA	NA	NA	NA	NA	NA	NA	NA	-5.25505077531881	NA	NA	NA	NA	NA	NA	NA	NA	NA	NA	NA	NA	NA	NA	NA	NA	NA	NA	NA	NA	NA	NA	NA	NA	NA	NA	NA	NA	NA	NA	NA	NA	NA	NA	NA	NA	NA	NA	NA	NA	NA	NA	NA	NA	NA	NA	NA	NA	NA	NA	NA	-10.6655727934752	NA	NA	NA	NA	NA	NA	NA	NA	NA	NA	NA	NA	NA	NA	NA	NA	NA	NA	NA	NA	NA	NA	NA	NA	NA	NA	NA	NA	NA	NA	NA	NA	NA	NA	NA	NA	NA	NA	NA	NA	NA	NA	NA	NA	NA	NA	NA	NA	NA	NA	NA	NA	NA	NA	NA	NA	NA	NA	NA	NA	NA	NA	NA	NA	NA	NA	NA	NA
NW048-1	-1.4755093326882	-3.76833220249752	-4.87928291964919	-8.36950493039994	-10.9302198848744	-5.05247563492542	-4.81960607937352	-3.79682075945722	-5.46424542037035	-6.66718547904062	NA	-9.49726047759831	NA	-5.12544350691859	NA	-6.0772222972611	-12.6671854790406	-5.97137720963118	-9.72858602370477	-7.93021988487442	-9.93021988487442	-8.32141064219889	-8.14362352298361	-8.20775386040333	-4.23952344089672	-5.70140119437854	NA	-8.57972263779028	-7.80920448391305	NA	NA	NA	-8.63743813564657	NA	-12.2521479797618	-10.5517082616207	-10.3452573841533	-10.5517082616207	-10.4447930577042	-5.33626860092601	-9.16468513851144	-8.12286496281681	NA	-7.0137432404367	-6.73644814147774	-9.16468513851144	NA	NA	-7.94836723158468	-8.08222297831947	NA	-10.9302198848744	-7.79271636112448	-6.8512685434796	NA	-10.7927163611245	-10.6671854790406	-11.9302198848744	-9.49726047759831	NA	-8.00422046631819	NA	NA	NA	-8.20775386040333	NA	NA	NA	-11.0822229783195	NA	NA	NA	NA	-10.0822229783195	NA	NA	-10.4447930577042	NA	-3.29795166937491	NA	NA	NA	-10.2521479797618	NA	NA	NA	NA	NA	NA	NA	NA	NA	-10.5517082616207	NA	-7.38178326017838	NA	-8.82588322505968	NA	NA	NA	NA	NA	NA	-11.6671854790406	NA	NA	NA	NA	NA	-12.6671854790406	NA	NA	NA	NA	-11.6671854790406	-8.85983055698302	NA	NA	NA	NA	NA	-11.9302198848744	NA	NA	NA	NA	NA	NA	NA	NA	NA	NA	NA	NA	NA	NA	NA	NA	NA	NA	NA	NA	NA	NA	NA	NA	NA	NA	NA	NA	NA	NA	NA	-11.4447930577042	NA	NA	NA	NA	NA	NA	NA	NA	NA	NA	NA	NA	NA	NA	NA	NA	NA	NA	NA	NA	NA	NA	NA	NA	NA	NA	NA	NA	NA	NA	NA	NA	NA	NA	NA	NA	NA	NA	NA	NA	NA	NA	NA	NA	NA	NA	NA
NW048-5-1	-2.0172790108368	-3.23659203924128	-6.60635762003019	-9.66525130908376	NA	-8.0802888083626	-3.63340244304442	-4.47260623114136	-5.13870549458793	-8.0802888083626	NA	-7.66525130908376	NA	-4.13424124644333	NA	-4.93344742003333	NA	-6.0802888083626	-10.3571290137214	-9.25021380980492	-8.50297988018488	-4.53793247901931	-7.70001672724444	NA	-4.7221783771686	-6.18105178529752	NA	-10.5981371132252	-5.00228629636133	-10.4726062311414	NA	NA	-6.39935724911073	NA	NA	NA	-9.47260623114136	-9.66525130908376	-8.38514338989102	-5.27620901833786	-9.53400677580551	-5.10337242147564	NA	-5.26966617247109	-8.30268122969905	-7.21207868091814	NA	NA	-8.66525130908376	-8.50297988018488	NA	NA	-5.46511169459444	-5.25666883194222	NA	-9.150678136254	NA	-6.85789638702616	-8.59813711322522	NA	-7.84811536623357	NA	NA	NA	-9.150678136254	NA	NA	NA	-9.19958773673495	NA	NA	-9.97010589061218	NA	-9.73564063697516	NA	-10.150678136254	-8.97010589061218	NA	-6.90782161235784	NA	NA	NA	-9.35712901372143	NA	NA	NA	NA	NA	NA	NA	NA	NA	NA	NA	-5.63130397716042	NA	NA	NA	-9.97010589061218	-10.8876437304202	NA	NA	-9.4137125420878	NA	NA	NA	NA	NA	NA	NA	NA	NA	NA	NA	NA	-9.10337242147565	NA	NA	NA	NA	NA	NA	NA	NA	NA	NA	NA	NA	NA	NA	NA	NA	-10.0575687318625	NA	NA	NA	-11.2502138098049	NA	NA	NA	NA	NA	NA	NA	NA	NA	NA	NA	NA	NA	NA	NA	NA	NA	NA	NA	NA	NA	NA	NA	NA	NA	NA	NA	NA	NA	NA	NA	NA	NA	NA	NA	NA	NA	-9.53400677580551	NA	NA	NA	NA	NA	NA	NA	NA	NA	NA	NA	NA	NA	NA	NA	NA	NA	NA	NA	NA	NA	NA	NA	NA	-11.0575687318625	NA
NW048-5-2	-1.31626425395544	-4.15110390900298	-3.77590370880154	-8.71984789916601	NA	-5.28949734439266	-3.23977197061268	-3.9506954309409	-6.18258214047615	-5.51515747956302	NA	-8.21941890865652	-11.0773999037841	-7.19475685442225	NA	-4.45169106071962	NA	-8.71984789916601	-9.8294723903405	-8.32251240162062	-7.63445640793536	-7.41918842103229	-5.79199768492184	-9.376960185643	-5.84858121328821	NA	NA	-7.32251240162062	-4.86551160923809	NA	NA	NA	-9.61796828514679	NA	-8.52281105210645	NA	-9.03300578442563	-9.55383794772708	-9.12320359339721	-8.21941890865652	-6.9378485513853	NA	NA	-8.65113514908199	-8.46269005966888	-8.07739990378409	NA	NA	-8.65113514908199	-7.56960526358539	NA	-10.2700449817265	-9.12320359339721	-7.0221174682829	NA	-10.2700449817265	-8.49243740306293	-9.07739990378409	NA	NA	-9.90747490234178	NA	NA	NA	-8.49243740306293	NA	NA	-11.2700449817265	-9.75547180889673	NA	NA	-9.49243740306293	NA	-9.32251240162062	-8.94811688683912	NA	NA	NA	-7.73754990089946	-10.376960185643	NA	NA	-9.98993706253375	NA	-10.2700449817265	NA	NA	NA	NA	NA	NA	NA	-10.1705093081756	NA	-9.376960185643	NA	NA	NA	NA	NA	NA	NA	NA	NA	NA	-9.49243740306293	NA	NA	NA	NA	NA	NA	NA	NA	NA	-6.95845883106058	NA	NA	NA	NA	NA	NA	NA	NA	-12.0773999037841	NA	NA	NA	NA	NA	NA	NA	-10.1705093081756	NA	NA	NA	NA	NA	NA	NA	NA	NA	NA	NA	-12.0773999037841	NA	NA	NA	NA	NA	NA	NA	NA	NA	NA	NA	NA	NA	NA	NA	NA	NA	NA	NA	NA	NA	NA	NA	NA	NA	NA	NA	NA	NA	NA	NA	NA	NA	NA	NA	NA	NA	NA	NA	NA	NA	NA	NA	NA	NA	NA	NA	NA	NA	NA	NA	NA	NA	NA	NA	NA
NW049-1	-1.60807363338099	-4.00609116251161	-2.38224876233276	NA	-5.76957127519113	-3.76666554401572	-4.84418433596522	-5.38391758269338	-7.16917873390036	-5.4429968154474	-13.723767585578	-11.1388050848568	-8.07991139580328	-4.60223406823797	NA	NA	NA	NA	-8.723767585578	-10.4018394906906	NA	NA	-7.89087757141326	NA	-4.35963293056995	-7.79303024801512	-6.96888008341453	-10.5538425841357	NA	-7.79303024801512	NA	NA	NA	NA	NA	NA	NA	-5.05134224360651	NA	-10.0233278674369	-9.723767585578	-6.9164126635204	NA	-8.13880508485685	NA	-7.33145016279924	NA	NA	-6.61524312879983	NA	NA	-10.1388050848568	-7.67937346621955	NA	-7.65767839512023	-9.81687698996948	-7.55384258413569	NA	-7.63630474432766	NA	-8.23191448924833	NA	-8.81687698996948	NA	NA	NA	NA	-8.51431421994905	NA	-9.63630474432766	NA	NA	NA	-9.723767585578	NA	-8.51431421994905	-7.23191448924833	NA	NA	NA	NA	NA	NA	NA	-11.1388050848568	NA	NA	-11.1388050848568	NA	NA	NA	NA	NA	-6.34872815423108	NA	NA	NA	NA	NA	NA	NA	NA	NA	NA	NA	NA	NA	NA	NA	NA	NA	NA	NA	NA	NA	NA	NA	NA	NA	NA	NA	NA	NA	NA	NA	NA	NA	NA	NA	NA	NA	NA	NA	NA	NA	NA	NA	NA	NA	NA	NA	NA	NA	NA	NA	NA	NA	NA	NA	NA	NA	-10.5538425841357	NA	NA	NA	NA	NA	NA	NA	NA	NA	NA	NA	NA	NA	NA	NA	NA	-9.20020562952099	NA	NA	NA	NA	NA	NA	NA	NA	NA	NA	NA	NA	NA	NA	NA	NA	NA	NA	NA	NA	NA	NA	NA	NA	NA	NA	NA	NA	NA	NA	NA	NA
NW049-2	-1.45121010732709	-3.58888943014394	-3.14721798357404	NA	-3.94506418322203	-3.27580701642172	-4.78851342810136	-5.77789231234479	-6.30410222578186	-5.84651903153693	-10.8688868445654	-8.59586835015897	-7.64649442322894	-5.75688181905225	NA	NA	-10.9944177266492	NA	-8.38776015482877	-9.09629734066846	NA	NA	-6.8992604936089	NA	-6.32456632834157	-6.29903123623444	-7.08752713104072	-8.40945522592809	NA	NA	NA	NA	NA	NA	NA	-9.93028738922953	NA	-6.45384934528654	NA	-9.93028738922953	-9.13192125039918	-10.9944177266492	NA	-9.40945522592809	NA	-6.6209593311218	-10.4538493452865	NA	-9.20592183184295	NA	NA	-7.48806506062445	-7.40945522592809	NA	-11.4538493452865	-9.93028738922953	-6.82449272520693	NA	-6.79563786253475	NA	-7.86888684456538	NA	-6.19175449991636	NA	NA	NA	-9.69896184312307	-6.99441772664924	-9.13192125039918	-9.16844712642429	NA	NA	NA	-9.64649442322894	NA	-8.59586835015897	-7.35581726232601	NA	NA	-10.8688868445654	NA	NA	NA	NA	NA	NA	NA	-9.45384934528654	NA	NA	NA	-9.13192125039918	NA	-11.4538493452865	NA	NA	NA	NA	NA	NA	NA	NA	NA	NA	NA	-12.1319212503992	NA	NA	NA	NA	NA	NA	NA	NA	-9.09629734066846	NA	NA	NA	NA	NA	NA	NA	NA	NA	NA	NA	NA	NA	NA	NA	NA	NA	NA	NA	NA	NA	NA	NA	NA	NA	NA	NA	NA	NA	NA	NA	NA	NA	NA	NA	NA	-10.546958749678	NA	NA	NA	NA	NA	NA	NA	NA	NA	NA	NA	NA	NA	NA	NA	NA	-8.80999315551182	NA	NA	NA	NA	NA	NA	NA	NA	NA	NA	NA	NA	NA	NA	NA	NA	NA	NA	NA	NA	NA	NA	NA	NA	NA	NA	NA	NA	NA	NA	NA	NA
NW049-3	-2.26441563623215	-3.49012841586021	-2.26607486015384	NA	-6.27439972480478	-3.70285773984594	-5.23487136061814	-5.61989629083054	-6.56985560833095	-4.38543103719352	NA	-7.27439972480478	-6.743885008106	-3.478540441585	NA	NA	-8.12239663135973	NA	-9.22193230491064	NA	NA	NA	-7.12239663135973	NA	-4.23487136061814	-8.32884750882715	-7.27439972480478	NA	NA	NA	NA	NA	NA	NA	NA	-7.44432472624709	NA	-5.02928722696825	NA	NA	-8.02928722696825	-6.98489310760979	NA	NA	NA	-6.60302247226615	NA	NA	-6.38543103719352	NA	NA	-7.78135971352466	-7.07509091658137	NA	NA	NA	-8.44432472624709	NA	-6.35686188499675	NA	NA	NA	NA	NA	NA	NA	NA	-7.27439972480478	NA	NA	NA	NA	NA	-6.98489310760979	NA	-9.22193230491064	-8.22193230491064	NA	NA	NA	NA	NA	NA	NA	NA	NA	NA	NA	NA	NA	NA	NA	NA	-9.02928722696825	NA	NA	NA	NA	NA	NA	NA	NA	NA	NA	NA	NA	NA	NA	NA	NA	NA	NA	NA	NA	NA	NA	NA	NA	NA	NA	NA	NA	NA	NA	NA	NA	NA	NA	NA	NA	NA	NA	NA	NA	NA	NA	NA	NA	NA	NA	NA	NA	NA	NA	NA	NA	NA	NA	NA	NA	NA	-10.4443247262471	NA	NA	NA	NA	NA	NA	NA	NA	NA	NA	NA	NA	NA	NA	NA	NA	NA	NA	NA	NA	NA	NA	NA	NA	NA	NA	NA	NA	NA	NA	NA	NA	NA	NA	NA	NA	NA	NA	NA	NA	NA	NA	NA	NA	NA	NA	NA	NA	NA
NW049-4	-1.43283740862558	-4.25925723664208	-2.53166743528501	NA	-5.6226619675056	-3.94083792753186	-5.66846565711873	-4.13080887117593	-6.50718475008567	-6.74819284958946	NA	-7.74819284958946	-5.49337895056063	-5.06807311582796	NA	NA	-8.03769946678445	NA	-8.03769946678445	NA	NA	NA	-7.25342815783988	NA	-8.50718475008567	-7.30073387261824	-6.92222224936451	NA	NA	NA	NA	NA	NA	NA	NA	-7.56376827845203	NA	-4.78135971352466	NA	NA	-10.2076244682268	NA	NA	-8.40026954616915	NA	-5.90384372004965	NA	NA	NA	NA	NA	-7.1632303488683	NA	NA	NA	NA	-6.20762446822676	NA	-5.74819284958946	NA	-8.30073387261824	NA	-6.95969695478317	NA	NA	NA	NA	-6.92222224936451	NA	NA	NA	NA	NA	-8.74819284958946	NA	NA	-7.50718475008567	NA	NA	NA	NA	NA	NA	NA	-10.6226619675056	NA	NA	NA	NA	NA	NA	NA	NA	NA	NA	NA	NA	NA	NA	NA	NA	NA	NA	NA	NA	NA	NA	NA	NA	NA	NA	NA	NA	NA	-10.6226619675056	NA	NA	NA	NA	NA	NA	NA	NA	NA	NA	NA	NA	NA	NA	NA	NA	NA	NA	NA	NA	NA	NA	NA	NA	NA	NA	NA	NA	NA	NA	NA	NA	NA	NA	NA	NA	NA	NA	NA	NA	NA	NA	NA	NA	NA	NA	NA	NA	NA	NA	NA	NA	NA	-7.95969695478317	NA	NA	NA	NA	NA	NA	NA	NA	NA	NA	NA	NA	NA	NA	NA	NA	NA	NA	NA	NA	NA	NA	NA	NA	NA	NA	NA	NA	NA	NA	NA	NA
NW049-5	-4.63316951097748	-2.81898614842141	-3.95376731988687	NA	-7.54539355088904	-2.95876222980726	-3.53789901434211	-6.72663386555918	-4.95376731988687	-4.30592761619365	NA	-5.89513958991616	-4.4579307096387	-5.18004317571055	NA	NA	-8.46739103888776	NA	-7.80842795672283	-7.93395883880669	NA	NA	-6.53540946231641	NA	-6.80842795672283	-9.19175659627434	-5.65462262064379	-10.2558869336941	-8.39339045744399	NA	NA	NA	NA	NA	NA	-9.25588693369405	NA	-3.76112224194447	NA	-8.90796363027374	-7.13035605161019	-6.72663386555918	NA	-12.1303560516102	NA	-5.11540571014422	NA	NA	-5.73232497763704	NA	NA	-6.23958512136495	-5.4579307096387	NA	-8.96043105016788	-8.39339045744399	-6.16842409244371	NA	-5.72663386555918	NA	-6.6818955507939	NA	-7.19175659627434	NA	NA	NA	-8.90796363027374	-5.9738515659302	-10.393390457444	-9.25588693369405	NA	NA	NA	-7.71531855233135	NA	-7.76112224194447	-6.34899633808553	NA	NA	NA	NA	NA	NA	NA	-9.01487883419026	NA	NA	-9.54539355088904	NA	NA	NA	-7.1454629440004	NA	-9.90796363027374	NA	NA	NA	-10.7153185523313	NA	NA	NA	NA	NA	NA	NA	-11.7153185523313	NA	NA	NA	-7.90796363027374	NA	NA	NA	NA	-9.71531855233135	NA	NA	NA	NA	NA	NA	NA	NA	NA	NA	NA	NA	NA	NA	NA	NA	NA	NA	NA	NA	NA	-10.9079636302737	NA	NA	NA	NA	NA	NA	NA	NA	NA	NA	NA	NA	NA	NA	-10.1303560516102	-10.2558869336941	NA	NA	NA	NA	NA	NA	-10.545393550889	NA	NA	NA	NA	NA	NA	NA	NA	NA	NA	NA	NA	NA	NA	NA	NA	NA	NA	NA	NA	NA	NA	NA	NA	NA	NA	NA	NA	NA	NA	NA	NA	NA	NA	NA	NA	NA	NA	NA	NA	NA
NW050-1	-3.45387406586236	-3.16327308842307	-4.69539315104136	-9.4578938373147	-1.6720911012693	NA	-5.31980492299439	-3.5020363925579	-7.75745411917361	-6.59991284218713	-3.05823443919477	NA	-9.4578938373147	-4.96604074098502	NA	NA	-6.22085464001385	NA	-6.05092963857154	-10.09532375793	NA	-7.72608994826427	-7.05579539374335	NA	NA	-7.24288094634385	-9.4578938373147	-6.82230526352358	-7.25402150394905	NA	NA	NA	NA	NA	NA	-10.9433206644849	-8.15672430259414	-7.69539315104136	NA	NA	-11.2652487593723	-10.2652487593723	NA	-9.80581714073501	NA	-8.07542420049229	NA	NA	-6.32273425403306	NA	NA	-10.9433206644849	-10.0173212459287	NA	NA	-9.05579539374335	-5.27656407260014	NA	-9.01732124592872	NA	-9.05579539374335	NA	-10.177785918122	-9.74168680331529	NA	NA	-8.22085464001385	-12.6802862586511	-10.0173212459287	-10.5648090412312	NA	NA	NA	NA	NA	-7.6505389152571	-6.72608994826427	NA	NA	NA	NA	-10.0173212459287	-9.68028625865115	NA	NA	NA	NA	NA	NA	NA	NA	-9.01732124592872	NA	NA	-6.90769675475422	NA	NA	NA	NA	-11.9433206644849	NA	NA	NA	NA	-10.805817140735	NA	NA	NA	NA	NA	NA	NA	NA	NA	NA	NA	NA	NA	NA	NA	NA	NA	NA	NA	NA	NA	NA	NA	-10.177785918122	NA	NA	NA	NA	NA	NA	NA	NA	NA	NA	NA	NA	-10.9433206644849	NA	NA	NA	NA	NA	NA	NA	NA	NA	NA	NA	NA	NA	NA	NA	NA	NA	NA	NA	NA	NA	NA	NA	NA	NA	NA	NA	NA	NA	NA	NA	NA	NA	NA	NA	NA	NA	NA	NA	NA	NA	NA	NA	NA	NA	NA	NA	NA	NA	NA	NA	NA	NA	NA	NA	NA	NA	NA	NA
NW050-2	-4.64947309193989	-3.19126013735441	-4.25354441560875	-11.1775085245762	-1.42405297790588	NA	-5.34100725685909	-3.27061792896769	-7.01907916197173	-6.78519110179745	-3.04528423231912	NA	-7.73693593319023	-7.11449872705041	NA	NA	-5.35186824949086	NA	-6.24339646023267	NA	NA	-6.97363619121056	-7.87633898985565	NA	NA	-9.4613014905768	-6.97363619121056	-7.94046932727536	-7.28442372849272	NA	NA	NA	NA	NA	NA	NA	-7.22997594447035	-7.37015360251861	NA	-10.1775085245762	-10.5254318279965	NA	NA	-10.1775085245762	NA	-7.05412610907093	NA	NA	-10.9848634466338	NA	NA	-9.89740060538348	NA	NA	NA	-8.28442372849272	-6.20350373310916	NA	-8.8149384451915	NA	-8.25694299207062	NA	NA	NA	NA	NA	-8.4613014905768	NA	-9.0779728510253	-9.39990094591266	NA	NA	NA	NA	NA	-8.85558042968885	-7.0075835231339	NA	NA	NA	NA	-8.98486344663382	-9.89740060538348	NA	NA	NA	NA	NA	NA	NA	NA	-7.2983629194506	NA	NA	-8.69946122777157	NA	NA	NA	NA	-11.9848634466338	NA	NA	NA	NA	-10.0779728510253	NA	NA	NA	NA	NA	NA	NA	NA	NA	NA	NA	NA	NA	NA	NA	NA	NA	NA	NA	NA	NA	NA	-9.89740060538348	-10.3999009459127	NA	NA	NA	NA	NA	NA	NA	NA	NA	NA	NA	NA	NA	NA	NA	NA	NA	NA	NA	NA	NA	NA	NA	NA	NA	NA	NA	NA	NA	NA	NA	NA	NA	NA	NA	NA	NA	NA	NA	NA	NA	NA	NA	NA	NA	NA	NA	NA	NA	NA	NA	NA	NA	NA	NA	NA	NA	NA	NA	NA	NA	NA	NA	NA	NA	NA	NA	NA	NA	NA	NA	NA
NW050-3	-4.419367708794	-2.92901820305471	-4.67958709902074	-10.0270502860152	-0.878755300544471	NA	-5.81945486660687	-3.9650684151741	-6.9195218217108	-6.75403179160883	-5.14324330351976	NA	-8.48863037123111	-6.1385969386634	NA	NA	-6.25446078211831	NA	-6.65118338401707	-12.0974396139066	NA	-8.44208778529408	-8.9599360901567	NA	NA	-9.46517139840713	-9.6120127867364	-8.86477885711636	-8.04432827744708	NA	NA	NA	NA	NA	NA	-9.83440520807284	-7.59918874637881	-6.63800799526934	NA	NA	-12.419367708794	NA	NA	-10.0974396139066	NA	-7.33190486754366	NA	NA	-9.51247711318548	NA	NA	-11.2494427073517	NA	NA	NA	-8.77551151901928	-7.05304549454819	NA	-10.0270502860152	NA	-8.6914472542308	NA	-10.7189279906529	-12.419367708794	NA	NA	-7.89580575273699	-12.419367708794	-9.66448020663053	-10.6120127867364	NA	NA	NA	NA	NA	-10.3319048675437	-8.39699989576555	NA	NA	NA	NA	-9.83440520807284	NA	NA	NA	NA	NA	NA	NA	NA	NA	-8.02705028601524	-10.0974396139066	NA	-10.419367708794	NA	NA	NA	NA	NA	NA	NA	NA	NA	-11.8344052080728	NA	NA	NA	NA	NA	NA	NA	NA	NA	NA	NA	NA	NA	NA	NA	NA	NA	NA	NA	NA	NA	NA	NA	-11.0974396139066	NA	NA	NA	NA	NA	NA	NA	NA	NA	NA	NA	NA	NA	NA	NA	NA	NA	NA	NA	NA	NA	NA	NA	NA	NA	NA	NA	NA	NA	NA	NA	NA	NA	NA	NA	NA	NA	NA	NA	NA	NA	NA	NA	NA	NA	NA	NA	NA	NA	NA	NA	NA	NA	NA	NA	NA	-12.419367708794	NA	NA	NA	NA	NA	NA	NA	NA	NA	NA	NA	NA	NA	NA	NA
NW050-4	-2.18462004502715	-3.05541682095524	-4.64140106041661	-10.1975238782578	-1.54521665578979	NA	-5.40051090042164	-4.67396192220077	-8.01165733294645	-8.43198913189481	-4.09004523163117	NA	-8.79153151858195	NA	NA	NA	-8.68656195898041	NA	-6.61256137753663	-10.8190122550041	NA	-7.34952697170284	-7.57693746780591	NA	NA	-6.81901225500406	NA	-9.71209705108755	-6.91953913095802	NA	NA	NA	NA	NA	NA	NA	-8.36970485364047	NA	NA	NA	NA	NA	NA	-8.90474212902994	NA	-8.16189996852707	NA	NA	NA	NA	NA	-7.10159945825925	-10.0600203545079	NA	NA	-9.09318721844305	-4.86840028196622	NA	-6.58281403414258	NA	-9.56525566275828	NA	-10.8190122550041	NA	NA	NA	-7.00375213486111	-11.1975238782578	-7.777984986744	-9.87559578337043	NA	NA	NA	NA	NA	-10.0600203545079	-6.2667865406949	NA	NA	NA	NA	-10.5194519731452	NA	NA	NA	NA	NA	-11.5194519731452	NA	NA	NA	NA	NA	NA	-8.4750578537867	NA	-10.8190122550041	NA	NA	-8.56525566275828	NA	NA	NA	NA	-9.76456447098168	NA	NA	NA	NA	NA	NA	NA	NA	NA	NA	NA	NA	NA	NA	NA	NA	NA	NA	NA	NA	NA	NA	NA	NA	NA	NA	NA	NA	NA	NA	NA	NA	NA	NA	NA	NA	NA	NA	NA	NA	NA	NA	NA	NA	NA	NA	NA	NA	NA	NA	NA	NA	NA	NA	-11.3495269717028	NA	NA	NA	NA	NA	NA	NA	NA	NA	NA	NA	NA	NA	NA	NA	NA	-9.71209705108755	NA	NA	NA	NA	NA	NA	NA	NA	NA	NA	NA	NA	NA	NA	NA	NA	NA	NA	NA	NA	NA	NA	NA	NA
NW050-5	-3.03827579166935	-3.49055580918669	-4.33433342496062	-8.58406769510983	-1.87868215436394	NA	-4.63653511500397	-3.34793957775141	-8.76693175225964	-6.08156735458065	-2.80395760924311	NA	-8.61883311327051	-7.06949452228007	NA	NA	-7.95401730486014	NA	-6.93199099853014	-8.88892227663825	NA	-7.2759453997475	-6.43722630678056	NA	NA	-8.3039597759171	NA	-9.22149761572512	-5.9211026823874	NA	NA	NA	NA	NA	NA	NA	-7.56699418175089	-6.76693175225964	NA	NA	-10.8064601164463	NA	NA	-10.2759453997475	NA	-7.48453202155892	NA	NA	NA	NA	NA	-9.5169534992513	-7.3039597759171	NA	NA	-7.72845760444501	-6.26902598580771	NA	-9.22149761572512	NA	-7.37647227570146	NA	-11.169030195831	-8.3039597759171	NA	NA	-6.97638511788859	NA	NA	NA	NA	NA	NA	NA	NA	-8.72845760444501	-6.20159805828742	NA	NA	NA	NA	-9.72845760444501	-8.58406769510983	NA	NA	NA	NA	NA	NA	NA	NA	NA	NA	NA	-6.26902598580771	NA	NA	NA	NA	-12.3914226171674	NA	NA	NA	NA	-10.3914226171674	NA	NA	NA	NA	-12.3914226171674	NA	NA	NA	NA	NA	NA	NA	NA	NA	NA	-9.45282316183158	NA	NA	NA	NA	NA	NA	NA	NA	NA	NA	NA	NA	NA	NA	NA	NA	NA	NA	NA	NA	-11.3914226171674	NA	NA	NA	NA	NA	NA	NA	NA	NA	NA	NA	NA	NA	NA	NA	NA	NA	-10.9763851178886	NA	NA	NA	NA	NA	NA	NA	NA	NA	NA	NA	NA	NA	NA	NA	NA	-10.3914226171674	NA	NA	NA	NA	NA	NA	NA	NA	NA	NA	NA	NA	NA	NA	NA	NA	NA	NA	NA	NA	NA	NA	NA	NA
NW051-1	-2.04175230385942	-4.91499022812739	-3.95817616129942	-1.83871909296694	-10.1360939534953	-6.29311512170694	-6.60627300696657	-3.97118702681958	-8.50382573799575	-6.29311512170694	NA	-7.58765732879922	-5.79624395061064	-8.75758233024153	NA	-4.773273427961	NA	-10.1360939534953	-6.77854194887718	-5.64103842512725	NA	-9.13609395349526	-7.55113145277411	-6.13159256126032	-12.8730595476615	-9.06570462560387	-7.10047004376454	-4.33131757553944	-7.71655506198148	NA	NA	-5.96216702149546	NA	-8.84331220426742	-8.22920335788674	NA	NA	-10.7575823302415	NA	NA	-13.4580220483826	NA	NA	-8.73010159381943	-8.78559670641113	-9.93446009232561	NA	NA	-10.210094534939	-7.78559670641113	NA	-10.5511314527741	NA	-7.78559670641113	-8.62513203421788	NA	-10.8730595476615	NA	NA	-6.92664058786631	-9.13609395349526	NA	NA	NA	-7.41362792902417	NA	NA	-7.77152152119941	NA	-12.8730595476615	NA	NA	NA	-12.4580220483826	-11.8730595476615	NA	NA	-8.43565423535417	NA	NA	-7.118172045498	NA	NA	NA	-11.650667126325	-7.8581092061955	NA	NA	NA	NA	NA	NA	NA	NA	NA	NA	-9.10047004376454	-8.84331220426742	-7.91886323727459	NA	NA	NA	NA	NA	NA	NA	NA	-8.28809704694031	NA	-10.4580220483826	-8.06570462560387	NA	NA	-8.30827492887794	NA	NA	NA	NA	NA	NA	NA	NA	-11.1360939534953	-9.70313454621916	NA	NA	-10.8730595476615	NA	NA	-12.1360939534953	NA	NA	NA	NA	NA	NA	NA	NA	NA	-12.1360939534953	NA	NA	NA	NA	NA	NA	NA	NA	NA	NA	NA	NA	NA	NA	-11.2880970469403	NA	NA	NA	NA	NA	NA	NA	NA	NA	NA	NA	NA	NA	NA	NA	NA	NA	NA	NA	NA	NA	NA	-12.1360939534953	NA	NA	NA	NA	NA	NA	NA	NA	NA	NA	NA	NA	NA	NA	NA	NA	NA	-11.650667126325	NA	NA	NA	NA	NA
NW051-2	-2.65781572205069	-4.91395515664299	-4.0469438721694	-1.28099250308391	-10.4946175199305	-5.53599576116285	-6.6581162522134	-4.48926030976101	-9.05404492854454	-6.35555348219297	NA	-7.37914030251058	-6.3751822889419	-8.84254082335083	NA	-4.81547258015266	NA	-10.1320474405458	-7.58315419453218	-5.31328775521596	NA	-9.63900742926569	-8.67748157708033	-5.24307875293456	NA	-9.63900742926569	-6.74738359031049	-4.90109300570594	-7.87570768728603	NA	NA	-5.88975546177166	NA	-9.63900742926569	-8.28702210052215	NA	-10.9800443471008	NA	NA	NA	NA	-12.0795800206517	NA	-8.98004434710076	-8.39508184637961	-12.8869349427093	-10.427503324072	NA	-10.7994721014589	-7.95619760514639	NA	-10.9800443471008	NA	-8.46067018800718	-9.71700994126697	NA	NA	NA	NA	-7.5382067884782	-9.75765192576431	NA	NA	NA	-8.84254082335083	NA	NA	-8.27222509859407	NA	-11.427503324072	NA	NA	NA	NA	-10.717009941267	NA	NA	-8.71700994126697	NA	NA	-7.99211717940134	NA	NA	NA	-13.8869349427093	-7.62954710001663	NA	NA	NA	NA	NA	NA	-10.4946175199305	NA	NA	-10.717009941267	-10.8869349427093	-8.33234609103164	-8.31707933437833	NA	NA	NA	NA	NA	NA	NA	NA	-9.36337298665227	NA	-11.0795800206517	-8.46067018800718	NA	NA	-8.67748157708033	NA	NA	NA	NA	NA	NA	NA	NA	NA	-10.2430787529346	NA	NA	-11.427503324072	NA	NA	-10.5650068478219	NA	NA	NA	-11.5650068478219	NA	NA	NA	NA	NA	NA	NA	NA	NA	NA	NA	NA	NA	-11.427503324072	NA	NA	NA	NA	NA	NA	-12.5650068478219	NA	NA	NA	NA	NA	NA	NA	NA	NA	NA	NA	NA	NA	NA	NA	NA	NA	NA	NA	NA	NA	NA	-11.1864952245682	NA	NA	NA	NA	NA	NA	NA	NA	NA	-11.0795800206517	NA	NA	NA	NA	NA	NA	NA	NA	NA	NA	NA	NA	NA
NW051-3	-2.95545251683947	-4.93935949060023	-4.17096854220455	-1.1364993455474	-9.90307072445171	-4.7097033238382	-6.12777701162641	-4.51075330167295	-8.88469219513686	-6.90770217318336	NA	-7.44700595691282	-6.48803322517287	-9.63388409163633	NA	-4.64834490473186	NA	-9.76220818861187	-7.80476865083991	-5.068235065972	NA	-10.9405454298704	-9.97901957768501	-5.11299379382595	NA	-8.88469219513686	-7.65709148279765	-5.28760613533321	-8.81343351196704	NA	NA	-6.81778553650674	NA	-11.4880332251729	-8.66491098725695	NA	NA	NA	NA	NA	NA	NA	NA	-8.53026146056217	-9.30582989395212	-11.8665448484266	-10.2815823477054	NA	-10.8665448484266	-8.4071132297893	NA	NA	NA	-8.04892159091517	-10.188472943314	NA	NA	NA	NA	-8.88469219513686	-10.7961555205352	NA	NA	NA	-9.69661984698429	NA	NA	-8.63388409163633	NA	-11.7290413246767	NA	NA	NA	-12.8665448484266	-11.4880332251729	NA	NA	-8.81343351196704	NA	NA	-8.33049194818639	NA	NA	NA	-12.3811180212564	-7.53026146056217	NA	NA	NA	NA	NA	NA	NA	NA	NA	-10.9405454298704	-11.7290413246767	-8.09044086035344	-9.4071132297893	NA	NA	NA	NA	NA	NA	-12.188472943314	NA	-10.9405454298704	NA	-10.1010101020636	-8.30582989395212	NA	NA	-8.60351044259281	NA	NA	NA	NA	NA	NA	NA	NA	-11.3811180212564	-9.60351044259281	NA	NA	-10.5446167535392	NA	NA	-9.94054542987038	-11.8665448484266	NA	NA	-12.3811180212564	NA	NA	NA	NA	NA	-11.6035104425928	NA	NA	NA	NA	NA	NA	-11.8665448484266	-12.188472943314	NA	NA	NA	NA	NA	NA	NA	NA	NA	NA	NA	NA	NA	NA	NA	NA	NA	NA	NA	NA	NA	NA	NA	NA	NA	NA	NA	NA	NA	-11.4880332251729	NA	NA	NA	NA	NA	NA	NA	NA	NA	NA	NA	NA	NA	NA	NA	NA	NA	NA	NA	NA	NA	NA	NA
NW051-5	-2.20790309389462	-5.1975663496142	-4.20190963952045	-1.40265568275423	-9.99053735350915	-5.52565130477974	-6.17746878025715	-4.65962047539453	-10.2535717593429	-6.3307396198654	NA	-6.00311541958861	-6.31811201153765	-9.18318243145154	NA	-5.1492350995282	NA	-8.71751885910273	-7.60587350327382	-6.46697539745213	NA	-9.07299951370112	-8.16046235495146	-5.77029339875127	NA	-8.39227803017453	-6.8385342600641	-4.75213261418407	-7.2475730187215	NA	NA	-5.42406042363317	NA	-9.51660616517673	-9.60587350327382	NA	NA	-11.7010307363142	NA	NA	NA	-9.51660616517673	NA	-8.48803701297996	-8.62130354384343	-9.99053735350915	NA	NA	-9.7681449321727	-8.47396182776824	NA	-12.1604623549515	NA	-8.30248135982389	-8.50225087219966	NA	-10.5754998542303	NA	NA	-7.98055326493652	-11.4600226368104	NA	NA	-11.5754998542303	-8.40557485278799	NA	NA	-8.87506013608921	NA	-10.9125348415079	NA	NA	NA	-13.5754998542303	NA	-10.3024813598239	NA	-10.6369003988944	NA	NA	-7.36604648860135	-12.1604623549515	NA	NA	-12.8385342600641	-8.44621683728534	NA	NA	NA	NA	-12.5754998542303	NA	NA	NA	NA	-11.8385342600641	-11.0729995137011	-9.22972501738857	-8.18318243145154	NA	NA	NA	NA	NA	NA	NA	NA	-9.63690039889445	NA	-10.8385342600641	-9.70103073631416	NA	NA	-10.7010307363142	NA	NA	NA	NA	NA	NA	NA	NA	-11.8385342600641	-11.2535717593429	NA	NA	-12.1604623549515	NA	NA	-11.2535717593429	NA	NA	NA	-12.5754998542303	NA	NA	NA	NA	NA	-13.1604623549515	NA	NA	NA	NA	NA	NA	NA	-10.5754998542303	NA	NA	NA	NA	NA	NA	NA	NA	NA	NA	NA	NA	NA	NA	NA	NA	NA	NA	NA	NA	NA	NA	NA	NA	NA	NA	NA	NA	NA	-11.0729995137011	NA	NA	NA	NA	NA	NA	NA	NA	NA	-10.9905373535091	NA	NA	NA	NA	NA	NA	NA	NA	NA	NA	NA	NA	NA
NW051-6	-1.75865407977807	-5.16485545669283	-4.34419725872839	-1.64880587741573	-10.5522573890575	-5.38663252504879	-6.01309857794945	-4.69072732684884	-9.74490246699987	-6.73756049165871	NA	-6.15993996627872	-5.56195078526132	-9.16978775223506	NA	-6.65570873767042	NA	-7.85181767091639	-8.82045350000705	-6.45874550313433	NA	-9.33724449808663	-8.47696926175324	-6.57170975172365	-10.5016313159875	-8.34838505569183	-7.02422195642116	-4.50085421117966	-7.15993996627872	NA	NA	-5.91046366573965	NA	-9.52672229695034	-9.07421009225283	NA	-11.1896873096728	NA	NA	-10.7746498103939	-12.7746498103939	-9.65917259297399	NA	-9.2098651916104	-7.69427639392991	-11.0376842162277	-11.7746498103939	NA	-10.7746498103939	-8.26158022815456	NA	-12.5522573890575	-9.96729488833632	-8.82045350000705	-8.91666881526635	-10.7746498103939	-11.5522573890575	NA	NA	-7.28279671406425	-10.1116847976715	NA	NA	-12.0376842162277	-8.48924759153168	NA	NA	-8.59142798633816	NA	-12.0376842162277	NA	-11.5522573890575	NA	NA	NA	-11.1896873096728	NA	-11.9001806924778	NA	-11.3596123111151	-8.07421009225283	NA	NA	NA	-14.3596123111151	-7.9587328748329	NA	NA	NA	NA	NA	NA	NA	NA	NA	-11.3596123111151	-10.0376842162277	-10.2303292941701	-7.28814994855846	NA	NA	NA	NA	NA	NA	NA	NA	-10.4527217155066	-11.1896873096728	-11.0376842162277	-10.659172592974	NA	NA	-10.9001806924778	NA	NA	NA	NA	NA	NA	NA	NA	-12.7746498103939	-10.9001806924778	NA	NA	-12.7746498103939	NA	NA	-11.1116847976715	NA	NA	NA	-11.3596123111151	NA	NA	NA	NA	NA	-13.3596123111151	NA	NA	NA	NA	NA	NA	NA	-11.1896873096728	NA	NA	NA	NA	NA	NA	-12.3596123111151	NA	NA	NA	NA	NA	NA	NA	NA	NA	NA	NA	NA	NA	NA	NA	NA	NA	NA	NA	NA	NA	NA	-10.7746498103939	NA	NA	NA	NA	NA	-12.5522573890575	NA	NA	NA	-11.7746498103939	NA	NA	NA	NA	NA	NA	NA	-12.0376842162277	NA	NA	NA	NA	NA
NW052-1	-2.32647634462694	-3.2770511276141	NA	-9.79150565288091	-10.132542570716	NA	-3.83853456128605	-3.25725397249329	-4.1205699290499	-6.81061447582861	NA	-3.28204315695786	-9.39557697654977	-5.94140108336397	NA	-14.0394331663245	-6.68188116170641	NA	-7.84960860744448	-7.3115127117613	-4.46768052282095	-5.23207824426689	-7.32518764865837	-5.20971043123844	-5.55159313250144	-7.69958316343987	-6.38838147514557	-5.87956182954611	-6.63004223018679	NA	NA	NA	-8.5800015476872	NA	-9.28454566416103	-8.91015014937953	-4.96261756927366	-5.78204532363184	-9.45447066560334	-7.27124884154757	-8.3389934481834	NA	NA	NA	NA	-7.88968604681981	-10.5800015476872	-6.82997980069555	-6.46957755799355	NA	NA	-7.82997980069555	-7.28454566416103	-10.7175050714371	-7.71750507143713	-8.95197032507416	-10.4544706656033	NA	-10.0394331663245	NA	-7.64711574354573	NA	-9.86950816488218	-8.99503904696604	NA	NA	-8.01706535329604	NA	-8.08523685593762	NA	NA	NA	NA	NA	NA	-9.13254257071598	-10.2320782442669	NA	NA	NA	NA	-8.42472332220929	NA	NA	-9.79150565288091	NA	NA	NA	NA	NA	NA	NA	NA	-8.75403094746225	NA	NA	-10.2320782442669	NA	NA	NA	NA	NA	NA	-10.2320782442669	NA	NA	NA	NA	NA	NA	NA	NA	NA	NA	NA	NA	NA	NA	-10.7175050714371	NA	NA	-10.4544706656033	NA	NA	NA	NA	NA	NA	NA	NA	NA	NA	-8.71750507143713	NA	NA	NA	NA	NA	NA	NA	NA	NA	NA	-12.0394331663245	NA	NA	NA	NA	NA	NA	NA	NA	NA	NA	NA	NA	NA	NA	NA	NA	-10.0394331663245	NA	NA	NA	NA	NA	NA	NA	NA	NA	NA	NA	NA	NA	NA	NA	NA	NA	NA	NA	NA	NA	NA	NA	NA	NA	NA	NA	NA	NA	NA	NA	NA	NA	NA	NA	NA	NA	NA	NA	NA
NW052-2	-3.13022667447837	-2.81492152178475	NA	-11.748612176737	NA	NA	-2.95582188243592	-5.02409832361703	-3.40876217385236	-6.53915881110803	NA	-4.91256182167891	-7.68252298627921	-5.06211164955376	NA	-8.10475598696226	NA	NA	-9.04817245859589	-8.04817245859589	-7.14869933454985	-4.20364774394774	-6.43572922145263	-8.35629475395822	-3.03436665907086	-7.96725246321232	-7.07618683476549	-6.31398394910026	-5.84774536875623	NA	NA	NA	-8.13390233262177	NA	-8.5006846632934	-7.99372467457351	-4.43119956297211	-6.94125725467938	-8.42668408184962	-8.13390233262177	-7.19402332505934	NA	NA	NA	NA	-8.10475598696226	NA	-5.62449086490779	-6.5988650572323	NA	NA	-9.10475598696226	-6.86596912737514	-8.25675908040731	-8.84172158112846	-7.3910601721189	-9.94125725467938	NA	NA	NA	-10.9412572546794	NA	-9.84172158112846	NA	NA	NA	-7.53915881110803	-10.1636496760158	NA	NA	NA	NA	NA	NA	NA	-7.74861217673698	-8.84172158112846	NA	NA	NA	NA	-8.32234742203488	NA	NA	-10.2891805580997	NA	NA	NA	NA	NA	NA	NA	NA	-8.32234742203488	NA	NA	NA	NA	NA	NA	NA	NA	NA	NA	NA	NA	NA	NA	NA	NA	NA	NA	NA	NA	NA	NA	NA	NA	-9.42668408184962	NA	-10.4266840818496	-10.9412572546794	NA	NA	NA	-10.748612176737	NA	NA	NA	NA	NA	NA	-8.84172158112846	NA	NA	NA	NA	NA	NA	NA	NA	NA	NA	NA	NA	NA	NA	NA	NA	NA	NA	NA	NA	NA	NA	NA	NA	NA	NA	NA	NA	NA	NA	NA	NA	NA	NA	NA	NA	NA	NA	NA	NA	NA	NA	NA	NA	NA	NA	NA	NA	NA	NA	NA	NA	NA	NA	NA	NA	NA	NA	NA	NA	NA	NA	NA	NA	NA	NA	NA	NA
NW052-4	-1.61982125793281	-3.05592037273948	NA	NA	NA	NA	-5.2364926183813	-6.82145511910246	-4.09898909463137	-3.9535586551098	NA	-3.73399227785212	NA	-4.31049319982508	NA	NA	NA	NA	NA	NA	-6.68395159535252	NA	-7.14338321398982	NA	NA	NA	NA	-4.21264587642693	NA	NA	NA	NA	NA	NA	NA	-3.99363609448514	-4.2364926183813	-6.14338321398982	NA	NA	NA	NA	NA	NA	NA	NA	NA	NA	NA	NA	NA	NA	-6.05592037273948	NA	NA	NA	NA	NA	-5.97345821254751	NA	NA	NA	NA	NA	NA	NA	-5.44294349584873	NA	-6.05592037273948	NA	NA	NA	NA	NA	NA	NA	NA	NA	NA	NA	NA	NA	NA	NA	NA	NA	NA	NA	NA	NA	NA	NA	NA	NA	NA	NA	NA	NA	NA	NA	NA	NA	NA	NA	NA	NA	NA	NA	NA	NA	NA	NA	NA	NA	NA	NA	NA	NA	NA	NA	NA	NA	NA	NA	NA	NA	NA	NA	NA	NA	NA	NA	NA	NA	NA	NA	NA	NA	NA	NA	NA	NA	NA	-10.1433832139898	NA	NA	NA	NA	NA	NA	NA	NA	NA	NA	NA	NA	NA	NA	NA	NA	NA	NA	NA	NA	NA	NA	NA	NA	NA	NA	NA	NA	NA	NA	NA	NA	NA	NA	NA	NA	NA	NA	NA	NA	NA	NA	NA	NA	NA	NA	NA	NA	NA	NA	NA	NA	NA	NA	NA	NA	NA
NW053-1	-2.65338864403897	-3.62353620539513	-5.85944343320606	NA	-1.86348013501893	-9.50329962298078	-4.06133191008497	-4.72502919337936	-4.2233477129843	-5.44610422139924	NA	-3.28071778458362	-11.4208374627888	-4.85605284400528	NA	-9.89032274609003	NA	NA	-6.31929943632675	-8.52467327377335	-6.6838718686226	-6.96871064477475	-6.26433297710882	-8.61348254073121	-13.5907624642311	-8.59076246423112	-7.62497817956904	-8.2509124613465	-7.40093790535111	NA	NA	-8.44101534472644	NA	NA	-7.18137152809342	NA	-10.7834075421735	-7.91833712225963	-10.2688343693438	-11.2688343693438	-9.09890936790145	-10.4208374627888	NA	-9.89032274609003	NA	-5.86966327552394	-9.46147944728616	NA	NA	-7.67189922695653	NA	-10.4208374627888	-9.59076246423112	-10.1984450414524	NA	-9.26883436934376	-7.9469062744564	NA	-7.54636834487267	NA	-7.9042619370479	NA	NA	-10.2688343693438	NA	NA	-10.5032996229808	NA	NA	NA	NA	-10.4208374627888	NA	NA	NA	-10.7834075421735	NA	NA	NA	NA	NA	-11.2688343693438	-8.28698171605402	NA	NA	-7.80940275070646	NA	NA	-8.59076246423112	NA	NA	NA	-11.7834075421735	NA	NA	NA	-10.89032274609	NA	NA	NA	NA	NA	NA	-10.3428349507875	NA	-8.9469062744564	NA	NA	NA	NA	NA	NA	NA	NA	NA	NA	-7.74527241328675	NA	-9.6838718686226	NA	NA	NA	-11.7834075421735	NA	-9.19844504145236	NA	NA	NA	NA	NA	NA	NA	NA	NA	NA	NA	NA	NA	NA	NA	NA	NA	NA	NA	-9.89032274609003	NA	NA	NA	NA	NA	NA	NA	NA	NA	NA	NA	NA	NA	NA	NA	NA	NA	NA	NA	NA	-10.0672005081741	NA	NA	NA	NA	NA	NA	NA	NA	NA	NA	NA	NA	NA	NA	NA	NA	NA	-11.5907624642311	NA	NA	NA	NA	NA	NA	NA	NA	NA	NA	NA	NA	NA	NA	NA	NA	NA
NW053-2	-3.62485793584705	-4.12783496398701	-7.02613956691766	NA	-1.47492958210081	-8.33678185425851	-4.41869305204513	-5.78338943253822	-6.0721869344371	-7.55917427559496	NA	-1.83848953533673	-10.0800064388964	-7.01860589423226	NA	-8.41374383607339	NA	NA	-6.73938225029913	-8.90312867681232	-7.51610555370307	-7.42365930493848	-7.64937208456654	-7.01860589423226	-10.2112509721747	-10.1441367763161	-5.94893236642544	-8.79621347289581	-8.24601639033533	NA	NA	-11.6035683949534	NA	NA	-7.55917427559496	-10.5161055537031	NA	-8.9888585508382	NA	NA	NA	NA	NA	-11.6035683949534	NA	-6.16062489910468	-10.6035683949534	NA	NA	-8.09577375475472	NA	-10.3556408815098	NA	NA	NA	-9.90312867681232	NA	NA	-8.33678185425851	NA	-7.34618055226076	NA	NA	-10.9031286768123	NA	NA	NA	-10.281640300066	NA	NA	NA	NA	NA	NA	NA	NA	NA	NA	NA	NA	NA	-11.281640300066	-10.3556408815098	NA	NA	-6.74558739982584	NA	NA	NA	NA	NA	NA	NA	NA	NA	NA	NA	NA	NA	NA	NA	NA	NA	NA	-13.0186058942323	-9.55917427559496	NA	NA	NA	NA	NA	NA	NA	NA	NA	NA	-8.9888585508382	NA	NA	NA	NA	NA	NA	NA	-8.95971220517869	NA	NA	-11.6035683949534	NA	NA	NA	NA	NA	NA	NA	NA	NA	NA	NA	NA	NA	NA	NA	NA	-11.281640300066	NA	NA	NA	NA	NA	NA	NA	NA	NA	NA	NA	NA	NA	NA	NA	NA	NA	NA	NA	NA	-12.281640300066	NA	NA	NA	NA	NA	NA	NA	NA	NA	NA	NA	NA	NA	NA	NA	NA	NA	NA	NA	NA	NA	NA	NA	NA	NA	NA	NA	NA	NA	NA	NA	NA	NA	NA	NA
NW053-3	-2.48940732400601	-3.93641874550881	-4.34669093891627	NA	-1.22486918510864	NA	-6.4413076545321	-5.18166383789908	-5.31959174613241	-7.09920167770711	NA	-2.91818749760299	-11.7836998519792	-6.27364216027191	NA	-12.0060922733156	NA	NA	-8.3622360835409	-11.5910547740368	-7.2335027694187	-10.3431272605932	-8.56868696100832	-9.26912667914942	NA	-8.86313431947358	-7.59105477403678	-8.46177175709181	-8.83616727187331	NA	NA	-9.6368584636499	NA	NA	-8.89061505589569	-9.06749281797977	NA	-8.89061505589569	NA	NA	-13.5910547740368	-10.3431272605932	NA	-9.94719858426206	NA	-7.33366693134413	NA	NA	NA	-8.73307377890921	NA	-11.5910547740368	-10.6841641784283	NA	NA	-10.198737351258	NA	NA	-10.4211297725945	NA	-7.64854026869754	NA	NA	-10.5035919327864	NA	NA	NA	NA	NA	NA	NA	NA	NA	NA	NA	NA	NA	-13.0060922733156	NA	NA	NA	NA	NA	NA	NA	-7.80969506051212	NA	NA	-10.4211297725945	NA	NA	NA	-11.4211297725945	NA	NA	NA	NA	NA	NA	NA	NA	NA	NA	NA	NA	-10.4211297725945	NA	NA	NA	NA	NA	NA	NA	NA	NA	NA	NA	NA	-12.2691266791494	NA	NA	-11.7836998519792	NA	NA	-10.5910547740368	NA	NA	NA	NA	NA	NA	NA	NA	NA	NA	NA	NA	NA	NA	NA	NA	NA	NA	NA	-10.4211297725945	NA	NA	NA	NA	NA	NA	NA	NA	NA	NA	NA	NA	-11.7836998519792	NA	NA	NA	NA	NA	NA	NA	-10.6841641784283	NA	NA	NA	NA	NA	NA	NA	NA	NA	NA	NA	NA	NA	NA	NA	NA	NA	NA	NA	NA	NA	NA	NA	NA	NA	NA	NA	NA	NA	NA	NA	NA	NA	NA	NA
NW053-4	-2.37285687680158	-4.19184949466396	-5.69232093173746	NA	-1.58758354715034	-9.0797228641021	-4.61211731401911	-5.74241954332783	-4.25863224602253	-5.45871761345542	NA	-3.02676673124023	-10.4276461675224	-4.77073382492224	NA	-9.7171527847174	NA	NA	-7.16597859745252	-9.93288147577283	-7.92129350149762	-7.78904570319918	-7.54722778327508	-9.33248893448207	-8.13219028399624	-9.00443473679787	-8.52952578154162	-8.36351583010269	-7.7171527847174	NA	NA	-9.39522468983003	NA	NA	-8.69725322727969	-6.39522468983003	-10.1321902839962	-8.60167556729746	-11.5651496912723	NA	-9.75779476921474	-10.9801871905512	NA	-10.7996149449094	NA	-6.52075557191389	NA	NA	NA	-6.69725322727969	NA	NA	-9.60167556729746	NA	NA	-9.2723679420445	-10.6391502727161	NA	-9.67762442053076	NA	-8.02909679103213	NA	NA	-10.6391502727161	NA	NA	-11.5651496912723	NA	NA	NA	NA	NA	NA	NA	NA	-10.9801871905512	NA	NA	NA	NA	NA	-10.0797228641021	-8.73733066665502	NA	NA	-8.56514969127235	NA	NA	-9.63915027271612	NA	NA	NA	NA	NA	-10.7996149449094	NA	NA	NA	NA	NA	NA	NA	NA	-12.3021152854386	NA	-10.4947603633809	NA	NA	NA	NA	NA	NA	NA	NA	NA	NA	NA	NA	NA	NA	-12.0797228641021	-13.3021152854386	NA	NA	-10.0290967910321	NA	NA	NA	NA	NA	NA	NA	NA	NA	NA	NA	NA	NA	NA	NA	NA	NA	NA	NA	-10.9801871905512	NA	NA	NA	NA	NA	NA	NA	NA	NA	NA	NA	NA	-12.0797228641021	NA	NA	NA	NA	NA	NA	NA	NA	NA	NA	NA	NA	NA	NA	NA	NA	NA	NA	NA	NA	NA	NA	NA	NA	NA	NA	NA	NA	NA	NA	NA	NA	NA	NA	NA	NA	NA	NA	NA	NA	NA	NA	NA
NW053-5	-1.48994277508419	-4.34483207075669	-4.55978012490066	NA	-1.89334434210041	-9.5196064718604	-5.47786436619154	-4.70524249128343	-3.94975086352945	-5.84119306004931	NA	-4.58457539588738	-13.5640005912189	-6.51415204176829	NA	-11.1716831684401	NA	NA	-9.45547613444068	-11.0404386351618	-7.31607307777527	-9.12105709537012	-8.08826716025245	-8.90578910846706	-8.68135754185701	-8.65710999561033	-8.83608013665565	-8.34483207075669	-8.57531590444669	-11.7566456691612	NA	NA	NA	NA	-7.26021984304175	-6.5196064718604	-9.63326325365597	-9.3545472255899	-12.9790380904977	NA	-11.7566456691612	-10.1045689725816	NA	-9.47653774996851	NA	-7.26937984232723	NA	NA	NA	-6.25566156107945	NA	-12.3940755897765	-12.5640005912189	-11.7566456691612	NA	NA	-10.4765377499685	NA	-10.1377358365168	NA	-8.09639504113585	NA	NA	-9.86356087307776	NA	NA	NA	NA	NA	NA	NA	NA	NA	NA	NA	-12.9790380904977	NA	NA	NA	NA	NA	-11.8635608730778	-10.2420724963315	NA	NA	-9.37417603233884	NA	NA	NA	NA	NA	NA	-12.2420724963315	NA	NA	NA	NA	NA	NA	NA	NA	NA	NA	-12.5640005912189	NA	-10.2420724963315	NA	NA	NA	NA	NA	NA	NA	NA	NA	NA	-11.9790380904977	NA	-11.3940755897765	NA	NA	-13.9790380904977	NA	NA	-10.609804280832	NA	NA	-12.1045689725816	NA	NA	NA	NA	NA	NA	NA	NA	NA	NA	NA	NA	NA	NA	NA	NA	-11.1716831684401	NA	NA	NA	NA	NA	NA	NA	NA	NA	NA	NA	NA	-12.3940755897765	NA	NA	NA	NA	NA	NA	NA	-9.65710999561033	NA	NA	NA	NA	NA	NA	NA	NA	NA	NA	NA	NA	NA	NA	NA	NA	NA	-12.7566456691612	NA	NA	NA	NA	NA	NA	NA	NA	NA	NA	NA	NA	NA	NA	NA	NA	NA
