feature	Bacteroides	Unknown	Parabacteroides	Odoribacter	Escherichia-Shigella	Akkermansia	Blautia	Alistipes	[Ruminococcus]_torques_group	Faecalibacterium	[Ruminococcus]_gnavus_group	Streptococcus	Bifidobacterium	Agathobacter	Cetobacterium	Collinsella	Clostridium_sensu_stricto_1	Barnesiella	[Eubacterium]_coprostanoligenes_group	Christensenellaceae_R-7_group	Tannerellaceae	Anaerostipes	[Eubacterium]_hallii_group	UCG-002	Roseburia	Phascolarctobacterium	Ruminococcus	Incertae_Sedis	Dorea	Klebsiella	Prevotella_9	Clostridia_UCG-014	Parasutterella	Dialister	uncultured	Intestinibacter	[Ruminococcus]_gauvreauii_group	Subdoligranulum	Lactobacillus	Lachnoclostridium	Monoglobus	Lachnospira	Alloprevotella	Bilophila	Paraprevotella	Coprococcus	Eisenbergiella	Veillonella	[Eubacterium]_eligens_group	Butyricimonas	Holdemanella	UBA1819	Butyricicoccus	Desulfovibrio	[Eubacterium]_siraeum_group	Fusicatenibacter	Tyzzerella	Erysipelotrichaceae_UCG-003	Colidextribacter	Acidaminococcus	Negativibacillus	CAG-873	Frisingicoccus	[Eubacterium]_xylanophilum_group	Sutterella	Megasphaera	Erysipelatoclostridium	[Clostridium]_innocuum_group	Flavonifractor	Candidatus_Stoquefichus	Rikenellaceae_RC9_gut_group	HT002	Succiniclasticum	Turicibacter	Porphyromonas	Lachnospiraceae_ND3007_group	Faecalitalea	Clostridia_vadinBB60_group	Muribaculaceae	Hungatella	Coprobacter	[Eubacterium]_ventriosum_group	Lachnospiraceae_UCG-001	Erysipelotrichaceae	Adlercreutzia	Mogibacterium	Romboutsia	UC5-1-2E3	CAG-352	Terrisporobacter	UCG-005	Sellimonas	Lachnospiraceae_NC2004_group	Haemophilus	CAG-56	UCG-010	UCG-003	Anaerotruncus	Ligilactobacillus	Proteus	Lachnospiraceae_UCG-004	Prevotella	Gastranaerophilales	Peptococcus	Eggerthella	Family_XIII_AD3011_group	Prevotellaceae_NK3B31_group	RF39	Limosilactobacillus	Actinomyces	Izemoplasmatales	Sarcina	Fusobacterium	Victivallaceae	[Eubacterium]_nodatum_group	Senegalimassilia	[Eubacterium]_ruminantium_group	Clostridioides	Lacticaseibacillus	Weissella	Lachnospiraceae_FCS020_group	Holdemania	DTU089	Victivallis	Family_XIII_UCG-001	Coprobacillus	Ruminiclostridium	Enterococcus	Merdibacter	Hydrogenoanaerobacterium	[Eubacterium]_fissicatena_group	Sanguibacteroides	Anaerostignum	Slackia	Peptoclostridium	Catenibacterium	Granulicatella	Clostridium_sensu_stricto_13	Lactococcus	Eubacterium	Coriobacteriaceae_UCG-003	[Eubacterium]_brachy_group	Lachnospiraceae_UCG-010	Fournierella	Howardella	Prevotella_7	Oscillibacter	Cloacibacillus	Enterorhabdus	Anaerobiospirillum	Megamonas	Rothia	Gordonibacter	Oxalobacter	DTU014	[Clostridium]_methylpentosum_group	Harryflintia	Defluviitaleaceae_UCG-011	NK4A214_group	Catenibacillus	Marvinbryantia	Lachnospiraceae	Succinivibrio	Atopobium	Fenollaria	[Bacteroides]_pectinophilus_group	Anaerofustis	Enterobacter	Staphylococcus	Christensenellaceae	Paludicola	GCA-900066755	Allisonella	Prevotellaceae_UCG-001	UCG-008	Campylobacter	Dielma	Lawsonella	Paeniclostridium	Mailhella	Peptoniphilus	Rikenella	Stomatobaculum	Christensenella	Lachnospiraceae_NK4B4_group	Tuzzerella	Murimonas	Syntrophomonas	Phocea	Muribaculum	Libanicoccus	Faecalicoccus	Succinatimonas	Lachnospiraceae_UCG-003	Pediococcus	Alloscardovia	Olsenella	Solobacterium	Lachnospiraceae_UCG-002	Scardovia	Oscillospira
NW001-1	0.420916162489196	0.0486603284356093	0.0569576490924806	NA	NA	0.104494382022472	0.032152117545376	0.0428694900605013	0.00285220397579948	0.000777873811581677	NA	0.00587726879861711	NA	0.00146931719965428	NA	0.0375108038029386	NA	NA	0.00700086430423509	NA	0.00570440795159896	NA	0.0179775280898876	0.00648228176318064	0.000864304235090752	0.0306828003457217	NA	0.00285220397579948	0.00224719101123596	0.000864304235090752	NA	NA	NA	0.00017286084701815	NA	0.0013828867761452	0.00164217804667243	0.00406222990492653	NA	0.00380293863439931	0.0010371650821089	NA	NA	0.0121866897147796	NA	NA	NA	NA	NA	NA	NA	NA	NA	0.00777873811581677	NA	0.000518582541054451	NA	NA	0.00648228176318064	0.108902333621435	0.0013828867761452	NA	0.000432152117545376	NA	0.0087294727744166	NA	NA	NA	NA	NA	NA	NA	NA	NA	NA	NA	NA	NA	NA	NA	NA	NA	NA	NA	NA	NA	NA	NA	NA	NA	NA	NA	0.00198789974070873	NA	NA	NA	0.0020743301642178	0.00164217804667243	0.00363007778738116	NA	NA	NA	NA	0.000518582541054451	0.000345721694036301	NA	NA	NA	NA	NA	NA	NA	NA	NA	NA	NA	NA	NA	NA	NA	NA	NA	NA	NA	NA	NA	NA	NA	NA	NA	NA	NA	NA	NA	NA	NA	NA	NA	NA	NA	NA	NA	NA	NA	NA	0.0020743301642178	NA	NA	NA	NA	NA	NA	NA	NA	NA	NA	NA	NA	NA	NA	NA	NA	NA	NA	NA	NA	NA	NA	NA	NA	NA	NA	NA	NA	NA	NA	NA	NA	NA	NA	NA	NA	NA	NA	NA	NA	NA	NA	NA	NA	NA	NA	NA	NA	NA	NA	NA	NA	NA	NA	NA
NW001-3	0.263285894433435	0.0592686002522068	0.0526031345703477	NA	NA	0.178886687083408	0.0190956584399207	0.0210772833723653	0.00360295442262655	0.00108088632678797	NA	0.00954782921996037	0.000270221581696992	NA	NA	0.0359394703656999	NA	NA	0.00432354530715186	0.00180147721131328	0.00540443163393983	NA	0.0221581696991533	0.011259232570708	0.000360295442262655	0.0466582597730139	NA	0.00117096018735363	0.00117096018735363	0.00180147721131328	NA	NA	NA	0.000360295442262655	NA	NA	0.000720590884525311	0.00126103404791929	NA	0.00504413619167718	0.00207169879301027	0.000630517023959647	NA	0.0155827778778598	NA	NA	NA	NA	NA	NA	NA	NA	NA	0.0145919654116375	NA	NA	0.00180147721131328	NA	0.00711583498468744	0.175193658800216	0.000450369302828319	NA	0.0022518465141416	NA	0.00684561340299045	NA	NA	NA	NA	NA	NA	NA	NA	NA	NA	NA	NA	NA	NA	NA	NA	NA	0.00495406233111151	NA	0.00126103404791929	NA	NA	NA	NA	NA	NA	NA	0.00279228967753558	NA	NA	NA	0.00378310214375788	0.00216177265357593	0.00585480093676815	NA	NA	0.000900738605656638	NA	NA	0.000720590884525311	0.000360295442262655	NA	NA	NA	0.000270221581696992	NA	NA	NA	NA	NA	NA	NA	NA	NA	NA	NA	NA	NA	NA	NA	NA	NA	NA	NA	NA	NA	NA	NA	0.00126103404791929	NA	NA	NA	NA	NA	NA	NA	NA	NA	NA	NA	0.000990812466222302	NA	NA	NA	NA	NA	NA	NA	NA	NA	NA	NA	NA	NA	NA	NA	NA	NA	NA	NA	NA	NA	NA	NA	NA	NA	NA	NA	NA	NA	NA	NA	NA	NA	NA	NA	NA	NA	NA	NA	NA	NA	NA	NA	NA	NA	NA	NA	NA	NA	NA	NA	NA	NA	NA	NA
NW001-4	0.0168298243261365	0.0821375888426981	0.00187743060211881	NA	0.00214563497385007	0.438245943408878	0.0270215904519244	0.00214563497385007	0.00328550355370793	0.000871664208126592	0.00147512404452193	0.00932010191766126	NA	NA	NA	0.0193777658575835	0.000268204371731259	NA	NA	0.00113986857985785	NA	0.00147512404452193	0.00704036475794555	NA	NA	NA	NA	0.000268204371731259	0.0040901166689017	0.32539895400295	NA	NA	NA	NA	0.000938715301059407	NA	0.000871664208126592	0.00107281748692504	NA	0.00335255464664074	0.000469357650529704	NA	NA	0.00301729918197667	NA	NA	NA	NA	NA	NA	NA	0.000469357650529704	0.00154217513745474	0.00690626257207992	NA	0.000670510929328148	NA	NA	0.00113986857985785	NA	NA	NA	0.000469357650529704	NA	NA	NA	NA	NA	NA	NA	NA	NA	NA	NA	NA	NA	0.000804613115193778	NA	NA	NA	NA	NA	NA	NA	NA	NA	NA	NA	NA	NA	NA	NA	NA	NA	NA	NA	NA	NA	0.0322515757006839	NA	NA	NA	NA	NA	0.000536408743462518	NA	NA	NA	NA	NA	NA	NA	NA	NA	NA	NA	NA	NA	NA	NA	NA	0.000268204371731259	NA	NA	NA	NA	NA	NA	NA	NA	NA	NA	NA	NA	NA	NA	NA	NA	NA	NA	NA	NA	NA	NA	NA	NA	NA	NA	NA	NA	NA	0.000670510929328148	NA	NA	NA	NA	NA	NA	NA	NA	NA	NA	NA	NA	NA	NA	NA	NA	NA	NA	NA	NA	NA	NA	NA	NA	NA	NA	NA	NA	0.00013410218586563	NA	NA	NA	NA	NA	NA	NA	NA	NA	NA	NA	NA	NA	NA	NA	NA	NA	NA	NA	NA
NW002-1	NA	0.10480631276901	0.0137733142037303	NA	0.056312769010043	0.0403873744619799	0.0547345767575323	0.0321377331420373	0.0205882352941176	0.0233142037302726	0.00200860832137733	0.0649928263988522	0.00107604017216643	0.00932568149210904	NA	NA	NA	NA	0.0748206599713056	0.00932568149210904	0.296771879483501	0.00179340028694405	0.0134863701578192	0.00279770444763271	NA	NA	0.01506456241033	NA	NA	NA	NA	NA	0.00609756097560976	NA	NA	0.00968436154949785	NA	0.00538020086083214	NA	NA	0.00437589670014347	0.00767575322812052	NA	NA	NA	0.00179340028694405	0.00365853658536585	0.0144189383070301	NA	0.00186513629842181	NA	0.001506456241033	0.00796269727403156	NA	NA	0.00172166427546628	NA	0.00186513629842181	0.00581061692969871	NA	0.0216642754662841	NA	NA	0.00236728837876614	NA	NA	0.00136298421807747	0.00674318507890961	0.00538020086083214	NA	NA	0.00215208034433285	NA	NA	NA	0.00459110473457676	NA	0.00078909612625538	0.0212338593974175	0.00078909612625538	NA	NA	0.00136298421807747	NA	NA	NA	NA	0.00602582496413199	NA	NA	NA	NA	0.00129124820659971	NA	NA	NA	NA	0.00172166427546628	NA	NA	NA	NA	NA	NA	NA	NA	NA	NA	NA	NA	NA	NA	NA	NA	NA	NA	0.0093974175035868	NA	NA	NA	NA	0.000645624103299857	NA	NA	NA	NA	NA	NA	NA	NA	NA	NA	NA	NA	NA	NA	NA	NA	NA	NA	NA	NA	NA	NA	NA	NA	0.000430416068866571	NA	NA	NA	NA	NA	NA	NA	NA	NA	NA	NA	0.000717360114777618	NA	NA	NA	NA	NA	NA	NA	NA	NA	NA	NA	NA	NA	NA	NA	NA	NA	NA	NA	NA	NA	NA	NA	NA	NA	NA	NA	NA	NA	NA	NA	NA	NA	NA	NA	NA	NA	NA	NA	NA	NA	NA
NW002-2	NA	0.123264564681458	0.00622810432074737	NA	0.035033086804204	0.0351628389775529	0.0747372518489685	0.0656545997145452	0.0256909303230829	0.00519008693395614	0.00220578694693136	0.0769430387958998	0.00765537822758531	0.0220578694693136	NA	NA	NA	NA	0.0372388737511353	0.00778513040093422	0.236927468535098	0.00103801738679123	0.0360711041909952	0.00674711301414299	NA	NA	0.0157000129752173	NA	NA	NA	NA	NA	0.00882314778772544	NA	NA	0.0036330608537693	NA	0.00817438692098093	NA	NA	0.0035033086804204	0.00739587388088751	NA	NA	NA	NA	0.00674711301414299	0.0182950564421954	NA	0.0036330608537693	NA	0.00129752173348904	0.00324380433372259	NA	NA	0.000778513040093422	NA	0.00207603477358246	0.0110289347346568	NA	0.00817438692098093	NA	NA	0.0037628130271182	NA	NA	0.00103801738679123	0.00830413909432983	0.00687686518749189	NA	NA	NA	NA	NA	NA	0.00739587388088751	NA	NA	0.0377578824445309	NA	NA	NA	0.000648760866744518	NA	NA	NA	NA	0.00454132606721163	NA	NA	NA	NA	0.0035033086804204	NA	NA	NA	NA	0.0037628130271182	NA	NA	NA	NA	NA	NA	0.00103801738679123	NA	NA	NA	NA	NA	NA	NA	NA	NA	NA	NA	0.0111586869080057	NA	NA	NA	NA	0.000908265213442325	NA	NA	NA	NA	NA	NA	NA	NA	NA	NA	NA	NA	NA	NA	NA	NA	NA	NA	NA	NA	NA	NA	NA	NA	NA	NA	NA	NA	NA	NA	NA	NA	NA	NA	NA	NA	0.00116776956014013	NA	NA	NA	NA	NA	NA	NA	NA	NA	NA	NA	NA	NA	NA	NA	NA	NA	NA	NA	NA	NA	NA	NA	NA	NA	NA	NA	NA	NA	NA	NA	NA	NA	NA	NA	NA	NA	NA	NA	NA	NA	NA
NW003-1	0.255790297339593	0.068075117370892	0.0784820031298905	0.197026604068858	0.00446009389671361	0.0440532081377152	0.047887323943662	0.0958528951486698	0.0299687010954617	0.0151799687010955	NA	NA	NA	0.00586854460093897	NA	NA	NA	NA	0.0013302034428795	NA	NA	0.0054773082942097	0.00211267605633803	0.00328638497652582	0.0327856025039124	NA	0.00383411580594679	0.00406885758998435	0.00187793427230047	NA	NA	0.000782472613458529	NA	0.0119718309859155	0.00195618153364632	0.000704225352112676	NA	0.00195618153364632	NA	0.00250391236306729	0.00211267605633803	0.00250391236306729	NA	0.010093896713615	NA	NA	0.00688575899843505	NA	0.0109546165884194	NA	NA	0.00179968701095462	NA	NA	NA	0.00367762128325509	NA	NA	0.0014866979655712	NA	0.00469483568075117	NA	0.00156494522691706	0.00219092331768388	NA	NA	NA	0.00054773082942097	0.00140845070422535	0.00273865414710485	NA	NA	NA	NA	NA	NA	NA	0.000312989045383412	NA	NA	NA	NA	0.00125195618153365	0.000625978090766823	NA	NA	NA	0.00156494522691706	0.000704225352112676	NA	0.00328638497652582	0.000860719874804382	NA	NA	NA	0.000625978090766823	0.00563380281690141	0.00117370892018779	NA	NA	0.00195618153364632	NA	NA	NA	NA	NA	NA	0.00156494522691706	NA	NA	0.00383411580594679	0.00477308294209703	NA	NA	NA	NA	NA	NA	NA	NA	NA	0.000234741784037559	NA	NA	NA	NA	NA	NA	NA	NA	NA	NA	NA	NA	NA	NA	NA	NA	NA	NA	NA	NA	NA	NA	NA	NA	NA	NA	NA	NA	NA	NA	NA	NA	0.000860719874804382	NA	NA	NA	NA	NA	NA	NA	NA	NA	NA	NA	NA	NA	NA	NA	NA	NA	NA	NA	0.000782472613458529	NA	NA	NA	NA	NA	NA	NA	NA	NA	NA	NA	NA	NA	NA	NA	NA	NA	NA	NA	NA	NA	NA	NA	NA	NA	NA
NW003-2	0.201433486238532	0.0677752293577982	0.0849197247706422	0.232454128440367	0.0225344036697248	0.0696100917431193	0.0479357798165138	0.0958715596330275	0.0295298165137615	0.00905963302752294	NA	NA	NA	0.0146788990825688	NA	NA	NA	NA	0.00126146788990826	0.00149082568807339	NA	0.00900229357798165	0.00309633027522936	0.00154816513761468	0.00980504587155963	NA	0.0036697247706422	0.00263761467889908	0.00154816513761468	NA	NA	0.000860091743119266	NA	0.00693807339449541	0.0018348623853211	0.000344036697247706	NA	NA	NA	0.00326834862385321	0.00372706422018349	0.0029243119266055	NA	0.0102064220183486	NA	NA	0.0105504587155963	NA	0.00452981651376147	NA	NA	0.00235091743119266	NA	NA	NA	0.00315366972477064	0.000401376146788991	NA	0.00315366972477064	NA	0.00200688073394495	NA	0.00149082568807339	0.00200688073394495	NA	NA	NA	0.000458715596330275	0.000917431192660551	0.00143348623853211	NA	NA	NA	NA	NA	NA	NA	0.000401376146788991	NA	NA	NA	NA	NA	0.000286697247706422	0.000573394495412844	NA	NA	0.00229357798165138	NA	NA	0.00481651376146789	NA	0.00143348623853211	NA	NA	0.000344036697247706	0.00344036697247706	0.00172018348623853	NA	NA	NA	NA	NA	NA	0.000688073394495413	NA	NA	0.00206422018348624	NA	NA	NA	0.00797018348623853	NA	NA	NA	NA	NA	NA	NA	NA	0.00120412844036697	NA	NA	NA	NA	NA	NA	NA	NA	NA	NA	NA	NA	NA	NA	NA	NA	NA	NA	0.000172018348623853	NA	NA	NA	NA	NA	NA	NA	NA	NA	NA	NA	NA	NA	0.000172018348623853	NA	NA	NA	NA	NA	NA	NA	NA	NA	NA	NA	NA	NA	NA	NA	NA	NA	NA	NA	NA	NA	NA	NA	NA	NA	NA	NA	NA	NA	NA	NA	NA	NA	NA	NA	NA	NA	NA	NA	NA	NA	NA	NA	NA	NA	NA	NA
NW003-3	0.118482309124767	0.0375931098696462	0.0288640595903166	0.269320297951583	0.0148975791433892	0.147462756052142	0.0156540968342644	0.167364990689013	0.0334613594040968	0.00657588454376164	NA	NA	NA	0.00477188081936685	NA	NA	NA	NA	0.00238594040968343	0.00343342644320298	NA	0.00628491620111732	0.00541201117318436	0.00645949720670391	NA	NA	0.00779795158286778	0.00867085661080074	0.00267690875232775	NA	NA	0.00523743016759777	NA	0.00465549348230913	0.00116387337057728	0.00273510242085661	NA	NA	NA	NA	0.000523743016759777	0.00122206703910615	NA	0.00587756052141527	NA	NA	0.00500465549348231	NA	0.00587756052141527	NA	NA	0.00302607076350093	NA	NA	NA	0.00267690875232775	NA	NA	0.00133845437616387	NA	0.00576117318435754	NA	0.00605214152700186	NA	NA	NA	0.000407355679702048	0.000814711359404097	0.00133845437616387	0.0014548417132216	NA	NA	NA	NA	NA	NA	0.000814711359404097	0.00029096834264432	NA	NA	NA	NA	NA	0.00192039106145251	0.00232774674115456	NA	NA	0.000931098696461825	0.0014548417132216	NA	0.011114990689013	0.00139664804469274	0.00168761638733706	NA	NA	0.000872905027932961	0.0014548417132216	0.00238594040968343	NA	NA	NA	NA	NA	NA	0.0014548417132216	NA	NA	NA	NA	NA	0.00029096834264432	0.02612895716946	NA	NA	NA	NA	NA	NA	NA	NA	NA	NA	NA	NA	NA	NA	0.000581936685288641	NA	NA	NA	NA	NA	NA	NA	NA	NA	NA	NA	NA	NA	NA	0.000407355679702048	NA	NA	NA	NA	NA	NA	NA	NA	NA	NA	NA	0.000407355679702048	0.00122206703910615	NA	NA	NA	NA	NA	NA	NA	NA	NA	NA	NA	0.000116387337057728	NA	NA	NA	NA	NA	NA	NA	NA	NA	NA	NA	NA	NA	NA	NA	NA	NA	NA	NA	NA	NA	NA	NA	NA	NA	NA	NA	NA	NA	NA	NA	NA	NA	NA
NW003-4	0.212039295839652	0.0401529636711281	0.102129623524758	0.166809520669875	0.042592470495154	0.104041669413859	0.00204391112283247	0.116107338300257	0.055119667699611	0.00573613766730402	NA	NA	NA	0.0145711083272895	NA	NA	NA	NA	0.000527460934924507	0.0019779785059669	NA	0.00890090327685106	0.00296696775895035	0.0027032372914881	0.00118678710358014	NA	0.00487901364805169	0.00454935056372387	0.00283510252521923	NA	NA	0.00909870112744775	NA	0.00534054196611063	0.00145051757104239	NA	NA	NA	NA	NA	0.00039559570119338	NA	NA	0.00771411617327092	NA	NA	0.0124612645875915	NA	0.00257137205775697	NA	NA	0.00652732906969078	NA	NA	NA	0.0012527197204457	NA	NA	NA	NA	0.004681215797455	NA	0.00652732906969078	NA	NA	NA	NA	NA	0.00263730467462254	0.00171424803850465	NA	NA	NA	NA	NA	NA	NA	0.000857124019252324	NA	NA	NA	NA	NA	0.00151645018790796	0.000593393551790071	NA	NA	0.00250543944089141	0.0019779785059669	NA	0.00520867673237951	0.00131865233731127	NA	NA	NA	NA	0.00138458495417683	0.00217577635656359	NA	NA	NA	NA	NA	NA	NA	0.00171424803850465	NA	0.0106810839322213	NA	NA	0.000461528318058944	0.0112744774840113	NA	NA	NA	NA	NA	NA	NA	NA	NA	0.000461528318058944	NA	NA	NA	0.00164831542163908	0.000791191402386761	NA	NA	NA	NA	NA	NA	NA	NA	NA	NA	NA	NA	NA	NA	NA	NA	NA	NA	NA	NA	NA	NA	NA	NA	NA	NA	NA	0.00118678710358014	NA	NA	NA	NA	NA	NA	NA	NA	NA	NA	NA	NA	NA	NA	NA	NA	NA	NA	NA	NA	NA	NA	NA	NA	NA	NA	NA	NA	NA	NA	NA	NA	NA	NA	NA	NA	NA	NA	NA	NA	NA	NA	NA	NA	NA	NA
NW003-5	0.248850838887612	0.0350494139278327	0.0966444495518272	0.21276717995863	0.0153413008503792	0.0583199264536888	0.00390714778211905	0.0876809928752011	0.115720524017467	0.00361985750402206	NA	NA	NA	0.0171225005745806	NA	NA	NA	NA	0.000861870834290968	0.000976786945529763	NA	0.00224086416915652	0.00132153527924615	0.000517122500574581	0.0102849919558722	NA	0.00224086416915652	0.00247069639163411	0.00172374166858194	NA	NA	0.00815904389795449	NA	0.00442427028269363	0.000632038611813376	NA	NA	NA	NA	0.00120661916800735	0.000746954723052172	0.000574580556193978	NA	0.00775683750861871	NA	NA	0.00965295334405884	NA	0.00976786945529763	NA	NA	0.00310273500344748	NA	NA	NA	0.00137899333486555	NA	NA	0.000746954723052172	NA	0.00499885083888761	NA	0.00407952194897725	0.000517122500574581	NA	NA	NA	NA	0.00166628361296254	0.00143645139048495	NA	NA	NA	NA	0.000287290278096989	NA	NA	0.00143645139048495	NA	NA	NA	NA	NA	NA	NA	NA	NA	0.00120661916800735	NA	NA	0.00350494139278327	NA	NA	NA	NA	NA	0.00367731555964146	0.00183865777982073	NA	NA	NA	NA	NA	NA	NA	0.000689496667432774	NA	0.00224086416915652	NA	NA	0.00137899333486555	0.0027005286141117	NA	NA	NA	NA	NA	NA	NA	NA	NA	0.000287290278096989	NA	NA	NA	NA	0.000632038611813376	NA	NA	NA	NA	NA	NA	NA	NA	NA	NA	NA	NA	NA	NA	NA	NA	NA	NA	NA	NA	NA	NA	NA	NA	NA	NA	NA	0.00103424500114916	NA	0.000344748333716387	0.000229832222477591	NA	NA	NA	NA	NA	NA	NA	NA	NA	NA	NA	NA	NA	NA	NA	NA	NA	NA	NA	NA	NA	NA	NA	NA	NA	NA	NA	NA	NA	NA	NA	NA	NA	NA	NA	NA	NA	NA	NA	NA	NA	NA	NA
NW005-1	0.3437354250583	0.0859444562221751	0.0790756836972652	0.00173839304642781	0.000296798812804749	0.000381598473606106	0.0956116175535298	0.0242103031587874	0.0491838032647869	0.0125079499682001	0.00292558829764681	0.00271358914564342	0.00267118931524274	0.0212423150307399	NA	0.0146703413186347	NA	NA	0.00207759168963324	0.00144159423362307	0.0344286622853509	0.010684757260971	0.00669917320330719	0.00241679033283867	0.0287046851812593	0.0186559253762985	0.0171295314818741	0.00152639389442442	0.00644477422090312	NA	NA	8.47996608013568e-05	0.000763196947212211	NA	0.00080559677761289	0.000466398134407462	0.0206487174051304	0.00453678185287259	NA	0.000932796268814925	0.0031375874496502	0.00508797964808141	NA	0.00364638541445834	NA	0.00186559253762985	0.000551197795208819	NA	0.0125079499682001	0.00135679457282171	NA	0.000551197795208819	0.00203519185923256	0.00241679033283867	NA	0.0144159423362307	0.000635997456010176	NA	0.00479118083527666	NA	NA	NA	NA	0.00343438626245495	0.000763196947212211	NA	0.00339198643205427	0.000127199491202035	0.00262878948484206	NA	0.000678397286410854	0.00025439898240407	NA	NA	NA	0.00606317574729701	NA	NA	0.0185287258850965	NA	NA	0.00576637693449226	0.00326478694085224	NA	0.00114479542081832	NA	NA	NA	NA	NA	NA	NA	NA	0.000127199491202035	NA	NA	0.000551197795208819	NA	NA	NA	NA	NA	NA	0.00195039219843121	0.000508797964808141	NA	NA	NA	NA	NA	NA	NA	NA	NA	0.000466398134407462	NA	NA	NA	NA	NA	NA	NA	NA	NA	NA	0.00025439898240407	NA	NA	NA	NA	NA	NA	NA	0.000381598473606106	NA	NA	NA	NA	NA	NA	NA	NA	NA	NA	NA	NA	0.000127199491202035	NA	NA	NA	NA	NA	NA	NA	NA	NA	NA	NA	NA	NA	NA	NA	NA	NA	NA	NA	NA	NA	NA	NA	NA	NA	NA	NA	NA	NA	NA	NA	NA	NA	NA	0.000339198643205427	NA	NA	NA	NA	NA	NA	NA	0.000890396438414246	NA	NA	NA	NA	NA	NA	NA	NA	NA	NA	NA
NW005-2	0.225591121119511	0.0999678301431559	0.0357085410969921	0.00329741032652405	NA	NA	0.131735563776741	0.0449573749396815	0.0287115972333923	0.0253337622647579	NA	0.0151198327167444	0.00442335531606884	0.0387646774971851	NA	0.0127875180955445	NA	NA	0.00152806820009651	0.00715779314782049	0.0192214894643719	0.0123049702428824	0.00973138169535146	0.0141547370114203	0.0313656104230336	0.011983271674441	0.0141547370114203	0.00257358854753096	0.00989223097957214	NA	NA	0.00217146533697925	NA	NA	0.000723821778993084	NA	0.0271031043911855	0.0311243364967026	NA	0.00136721891587582	0.00820331349525495	0.00184976676853788	NA	NA	NA	0.00289528711597233	NA	0.000804246421103426	0.0131092166639858	0.00152806820009651	NA	0.00193019141064822	0.00329741032652405	0.00611227280038604	0.000402123210551713	0.0110181759691169	0.00160849284220685	NA	0.00731864243204118	NA	NA	NA	0.0011259449895448	0.00772076564259289	0.00032169856844137	NA	0.00136721891587582	0.000562972494772398	0.00241273926331028	NA	NA	0.00152806820009651	NA	NA	NA	0.00386038282129645	NA	NA	0.034743445391668	NA	NA	0.00128679427376548	0.0110986006112273	NA	NA	NA	NA	NA	NA	NA	NA	NA	0.00176934212642754	NA	NA	NA	0.000804246421103426	0.000723821778993084	NA	NA	NA	NA	NA	0.00329741032652405	0.000482547852662056	NA	NA	NA	NA	0.000723821778993084	NA	NA	NA	NA	NA	NA	NA	NA	NA	NA	NA	NA	NA	NA	NA	NA	NA	NA	NA	NA	NA	NA	0.00168891748431719	NA	NA	NA	NA	NA	NA	NA	NA	NA	NA	NA	NA	NA	NA	NA	NA	NA	NA	0.000160849284220685	NA	NA	NA	NA	NA	NA	NA	NA	NA	NA	NA	NA	NA	NA	NA	NA	NA	NA	NA	NA	NA	NA	NA	NA	NA	NA	NA	NA	NA	NA	NA	NA	NA	NA	NA	NA	NA	0.00128679427376548	NA	NA	NA	NA	NA	NA	NA	NA	NA	NA	NA
NW005-3	0.300569966267303	0.0714202628824008	0.0451320227986507	0.0041875072699779	NA	NA	0.114923810631616	0.0596719785971851	0.0321042224031639	0.0140746772129813	0.0023263929277655	0.0097708502966151	0.00116319646388275	0.047807374665581	NA	0.00686285913690822	NA	NA	0.00221007328137722	0.00535070373386065	0.0269861579620798	0.0116319646388275	0.0174479469582412	0.0221007328137722	0.0115156449924392	0.0180295451901826	0.0207048970571129	0.00337326974525997	0.00732813772246132	NA	NA	NA	NA	NA	0.00151215540304757	NA	0.0389670815400721	0.0088402931255089	NA	0.0009305571711062	0.00732813772246132	0.00209375363498895	NA	0.0018611143422124	NA	0.0013958357566593	0.00104687681749447	NA	0.0132604396882633	0.00244271257415377	NA	NA	0.00162847504943585	0.00663021984413167	NA	0.00849133418634407	NA	NA	0.0032569500988717	NA	NA	NA	NA	0.00395486797720135	0.0032569500988717	NA	0.0013958357566593	NA	0.00197743398860067	NA	0.0004652785855531	0.000581598231941375	NA	NA	NA	0.00453646620914272	NA	NA	0.00895661277189717	NA	NA	NA	0.00767709666162615	NA	NA	NA	NA	NA	NA	NA	NA	NA	0.00174479469582412	NA	NA	NA	0.0009305571711062	NA	NA	NA	NA	NA	NA	0.00337326974525997	NA	NA	NA	NA	NA	NA	NA	NA	NA	NA	0.000814237524717925	NA	NA	NA	NA	NA	NA	NA	NA	NA	NA	NA	NA	NA	NA	NA	NA	NA	0.00197743398860067	NA	NA	NA	NA	NA	NA	NA	NA	NA	NA	NA	NA	NA	0.00151215540304757	NA	NA	NA	NA	NA	0.0004652785855531	NA	NA	NA	NA	NA	NA	NA	NA	NA	NA	NA	NA	NA	NA	NA	NA	NA	NA	NA	NA	NA	NA	NA	NA	NA	NA	NA	NA	NA	NA	NA	NA	NA	NA	NA	NA	NA	NA	NA	NA	NA	NA	NA	NA	NA	NA	NA	NA
NW005-4	0.219604374396912	0.087809585075587	0.0468800257317465	0.00546799614023802	0.00619170151174011	NA	0.112013509166935	0.063927307816018	0.0969765197812801	0.0102926986169186	0.0058700546799614	0.00771952396268897	0.00353811514956578	0.0386780315213895	NA	0.00972981666130589	NA	NA	0.00289482148600836	0.00570923126407205	0.0270183338694114	0.00514634930845931	0.00643293663557414	0.0191379864908331	0.0214699260212287	0.0126246381473142	0.0183338694113863	0.000884528787391444	0.00836281762624638	NA	NA	0.000723705371502091	NA	NA	0.00160823415889353	NA	0.0162431650048247	0.0160019298809907	NA	0.00233193953039563	0.0125442264393696	0.000884528787391444	NA	0.0010453522032808	NA	0.00225152782245095	0.00144741074300418	NA	0.0158411064651013	0.00257317465422966	NA	NA	0.00257317465422966	0.00876487616596977	NA	0.00852364104213573	NA	NA	0.00715664200707623	NA	NA	NA	0.00128658732711483	0.00683499517529752	NA	NA	0.00273399807011901	0.000964940495336121	0.0034577034416211	NA	NA	NA	NA	NA	NA	0.00257317465422966	0.000402058539723384	NA	0.0243647475072371	NA	NA	0.00257317465422966	0.0069154068832422	NA	8.04117079446767e-05	NA	NA	NA	NA	NA	NA	NA	NA	NA	NA	NA	0.0010453522032808	NA	NA	NA	NA	NA	NA	0.00273399807011901	NA	0.000804117079446767	NA	NA	NA	NA	NA	NA	NA	NA	NA	NA	NA	NA	NA	NA	NA	NA	NA	NA	NA	NA	NA	NA	NA	NA	NA	NA	NA	NA	NA	NA	NA	NA	NA	NA	NA	NA	NA	NA	NA	NA	NA	NA	NA	NA	NA	NA	NA	NA	NA	NA	NA	NA	NA	NA	NA	NA	NA	NA	NA	NA	NA	NA	NA	NA	NA	NA	NA	NA	NA	NA	NA	NA	NA	NA	NA	NA	NA	NA	NA	NA	NA	NA	NA	NA	NA	NA	NA	NA	NA	NA	NA	NA	NA	NA	NA
NW005-5	0.205207609176515	0.0868988181760728	0.0265436390065095	0.00385514756999305	NA	0.000315995702458447	0.117803197876509	0.0511913037982683	0.0869620173165645	0.0242684699488087	NA	0.0307779814194527	0.0105542564621121	0.026038045882576	NA	0.0427858181128737	NA	NA	0.00423434241294318	0.00562472350376035	0.00910067623080326	0.00865828224736144	0.0149781962965304	0.0221828983125829	0.00568792264425204	0.0139670100486633	0.0197181318334071	0.0035391518675346	0.0108070530240789	NA	NA	0.00189597421475068	NA	NA	0.00278076218163433	0.000189597421475068	0.044744991468116	0.0237628768248752	NA	0.00164317765278392	0.00796309170195285	0.000126398280983379	NA	NA	NA	0.00322315616507616	NA	NA	0.0077102951399861	0.00101118624786703	NA	0.00113758452885041	0.00183277507425899	0.00309675788409278	NA	0.0122606332553877	NA	NA	0.0059407192062188	NA	NA	NA	0.000821588826391961	0.00511913037982683	NA	NA	0.00524552866081021	0.000758389685900272	0.00189597421475068	NA	NA	0.00170637679327561	NA	NA	0.000126398280983379	0.00265436390065095	0.00094798710737534	NA	0.00739429943752765	NA	NA	0.00094798710737534	0.00872148138785313	NA	NA	NA	NA	NA	NA	NA	NA	NA	0.00113758452885041	NA	NA	NA	NA	0.000821588826391961	NA	NA	NA	NA	NA	0.0059407192062188	0.00157997851229223	0.000505593123933515	NA	NA	NA	NA	NA	NA	NA	NA	0.00126398280983379	NA	NA	NA	NA	NA	NA	NA	NA	NA	NA	NA	NA	NA	NA	NA	NA	NA	NA	0.000758389685900272	NA	NA	NA	NA	NA	NA	NA	0.000631991404916893	NA	NA	NA	NA	NA	NA	NA	NA	NA	NA	NA	NA	NA	NA	NA	NA	NA	NA	NA	NA	NA	NA	NA	NA	NA	NA	NA	NA	NA	NA	NA	NA	NA	NA	NA	NA	NA	NA	NA	NA	NA	NA	NA	NA	NA	NA	NA	NA	NA	NA	NA	NA	NA	NA	NA	NA	NA	NA	NA
NW006-1	0.143521071287909	0.0761717211500591	0.0184324537219378	0.00330838912957857	0.00559275305238283	0.046947617172115	0.0119732178022844	0.0248129184718393	0.0633320204805041	0.00291453328081922	0.00448995667585664	NA	NA	0.00425364316660102	NA	0.0446632532493108	NA	NA	0.0882237101220953	0.108310358408822	0.0444269397400551	0.0032296179598267	0.00315084679007483	0.0119732178022844	0.000551398188263096	0.00401732965734541	0.0144151240645924	0.0100039385584876	0.0102402520677432	NA	0.000866482867270579	0.0114218196140213	NA	NA	0.019535250098464	NA	0.00882237101220953	0.00126033871602993	NA	0.002441906262308	0.00291453328081922	NA	0.00157542339503742	0.00094525403702245	0.0204805041354864	0.00622292241039779	NA	NA	NA	0.00220559275305238	0.0223710122095313	0.00575029539188657	NA	0.00968885387948011	0.00204805041354864	NA	NA	0.00771957463568334	NA	NA	NA	NA	0.0075620322961796	NA	0.00220559275305238	NA	NA	NA	0.000236313509255612	0.00236313509255612	NA	NA	NA	NA	0.000866482867270579	NA	NA	0.00181173690429303	NA	0.0417487199684915	NA	NA	0.00165419456478929	NA	NA	NA	NA	NA	NA	NA	0.00614415124064592	NA	0.00425364316660102	0.000157542339503742	NA	0.00976762504923198	NA	NA	NA	NA	NA	NA	NA	NA	0.000551398188263096	0.00165419456478929	NA	0.014651437573848	NA	0.0018905080740449	0.00228436392280425	NA	NA	NA	NA	0.00669554942890902	NA	NA	NA	NA	NA	NA	NA	NA	NA	NA	0.00094525403702245	NA	NA	NA	0.00370224497833793	NA	NA	NA	NA	NA	NA	NA	NA	NA	0.00724694761717211	NA	NA	7.87711697518708e-05	NA	NA	NA	NA	0.00401732965734541	NA	NA	NA	NA	NA	NA	NA	NA	NA	NA	NA	NA	0.000551398188263096	NA	NA	NA	NA	NA	NA	NA	NA	NA	NA	NA	NA	NA	NA	NA	NA	NA	0.00173296573454116	NA	NA	NA	NA	NA	NA	NA	NA	NA	NA	NA	NA	NA	NA	NA	NA	NA	NA	NA	NA	NA
NW006-2	0.0292269472453602	0.131302060499781	0.00906035364606167	0.000511471576793804	0.00270349262019582	0.000511471576793804	0.0378488966827415	0.00986409469530907	0.0317843051293292	0.0680257197135759	NA	NA	NA	0.0734327049539676	NA	0.055823469238638	0.00116907788981441	NA	0.0850504164839982	0.047786058746164	NA	0.00387257051001023	0.0243314335817624	0.0142481367821131	0.00233815577962882	0.00796434312436066	0.0100102294315359	0.0139558673096595	0.023893029373082	NA	0.0480783282186176	NA	NA	NA	0.0257927809440304	NA	0.0156364167762677	0.0218471430659068	NA	NA	0.0105217010083297	0.00394563787812363	0.00935262311851527	0.00146134736226801	0.00255735788396902	0.0263773198889376	NA	NA	0.00138827999415461	0.000511471576793804	0.0409177261435043	NA	0.00708753470699985	0.0133713283647523	0.00511471576793804	0.00306882946076282	NA	0.00898728627794827	0.000584538944907204	NA	0.000657606313020605	NA	0.00336109893321643	0.000949875785474207	0.000730673681134006	NA	NA	NA	NA	0.00219202104340202	NA	NA	NA	0.000292269472453602	NA	0.00453017682303083	NA	NA	0.00284962735642262	NA	0.00146134736226801	NA	0.00379950314189683	NA	NA	NA	NA	NA	NA	NA	0.00730673681134006	NA	0.00277655998830922	0.000438404208680403	NA	0.00489551366359784	0.000730673681134006	NA	NA	NA	NA	NA	NA	0.000730673681134006	NA	0.00189975157094841	NA	0.00672219786643285	NA	NA	0.000365336840567003	NA	NA	NA	NA	0.00533391787227824	0.000876808417360807	NA	NA	NA	0.000292269472453602	NA	0.000876808417360807	NA	NA	NA	NA	NA	NA	NA	0.00270349262019582	NA	NA	NA	NA	NA	NA	NA	0.000219202104340202	NA	0.00664913049831945	0.000511471576793804	NA	NA	NA	NA	NA	NA	0.00211895367528862	NA	NA	NA	NA	NA	NA	NA	NA	NA	NA	NA	NA	NA	NA	NA	NA	0.00131521262604121	NA	NA	NA	NA	NA	NA	NA	NA	NA	NA	NA	NA	NA	0.00109601052170101	NA	NA	NA	NA	NA	NA	NA	NA	NA	NA	NA	NA	NA	NA	NA	NA	NA	NA	NA	NA	NA
NW006-3	0.0844786415494826	0.089360573096312	0.00589015654019634	0.00169806314672327	0.0260546564075352	0.0153886972671796	0.0339081984611303	0.0164499867338817	0.024940302467498	0.00838418678694614	0.00403289997346776	NA	0.00260015919342001	0.00291854603343062	NA	0.0913239586097108	0.000265322366675511	NA	0.132024409657734	0.108410719023614	0.00350225524011674	0.0120986999204033	0.0115680551870523	0.0234544972141152	NA	0.00281241708676041	0.0102945078270098	0.0183603077739453	0.021278853807376	NA	0.00100822499336694	0.00859644468028655	NA	NA	0.0315202971610507	NA	0.0137967630671266	0.00413902892013797	NA	NA	0.00668612364022287	0.000424515786680817	0.00212257893340409	0.00328999734677633	0.00111435394003715	0.00780047758026002	NA	NA	0.000636773680021226	0.00137967630671266	0.0445741576014858	0.00148580525338286	0.00201644998673388	0.0102414433536747	0.0025470947200849	0.00355531971345184	NA	0.00679225258689308	0.00159193420005306	NA	0.000424515786680817	NA	0.00636773680021226	0.0024409657734147	0.000849031573361634	NA	NA	0.00164499867338817	NA	0.00334306182011144	NA	NA	NA	NA	0.000530644733351021	0.00143274078004776	NA	0.00376757760679225	NA	0.0023879013000796	0.00106128946670204	NA	0.000636773680021226	NA	NA	NA	NA	NA	NA	NA	0.00546564075351552	NA	0.00695144600689838	NA	NA	0.0108251525603608	NA	NA	NA	NA	NA	0.000689838153356328	NA	NA	NA	0.00302467498010082	NA	0.00159193420005306	NA	0.000689838153356328	0.00228177235340939	NA	NA	NA	NA	0.00933934730697798	0.00074290262669143	NA	0.000849031573361634	NA	0.000424515786680817	NA	0.00153886972671796	NA	NA	NA	0.00169806314672327	NA	NA	0.000583709206686124	0.00583709206686124	0.000265322366675511	NA	NA	NA	NA	NA	NA	NA	NA	0.00875563810029185	0.000689838153356328	NA	NA	NA	NA	NA	NA	0.00355531971345184	NA	NA	NA	NA	0.000371451313345715	NA	NA	NA	NA	NA	NA	NA	NA	NA	NA	NA	NA	NA	NA	NA	NA	NA	NA	NA	0.000530644733351021	NA	NA	NA	NA	NA	0.00159193420005306	NA	NA	NA	NA	NA	NA	NA	NA	NA	NA	NA	NA	NA	NA	NA	NA	NA	NA	NA	NA	NA
NW007-1	0.574574328749181	0.0552554027504912	0.0279960707269155	NA	0.00188277668631303	NA	0.0033562540929928	0.0237393582187295	0.00834970530451866	0.00139161755075311	NA	NA	0.138998035363458	0.00130975769482646	NA	NA	NA	NA	NA	NA	0.00703994760969221	0.00171905697445972	0.023166339227243	NA	NA	0.0253765553372626	NA	NA	NA	NA	NA	NA	0.0322527832351015	0.00491159135559921	NA	0.00327439423706614	NA	NA	NA	0.00147347740667976	0.000573018991486575	NA	NA	0.00507531106745252	NA	NA	NA	NA	0.0012278978388998	NA	NA	NA	NA	NA	NA	0.000982318271119843	NA	0.000409299279633268	NA	NA	NA	NA	NA	NA	NA	0.0476424361493124	NA	NA	0.00155533726260642	NA	NA	NA	NA	NA	NA	NA	NA	NA	NA	0.000900458415193189	NA	NA	NA	NA	NA	NA	NA	NA	NA	NA	NA	NA	0.00139161755075311	NA	NA	NA	NA	NA	NA	NA	0.00343811394891945	NA	NA	NA	0.000736738703339882	NA	NA	NA	NA	NA	NA	NA	NA	NA	NA	NA	NA	NA	NA	NA	NA	NA	NA	NA	NA	NA	NA	NA	NA	NA	NA	NA	NA	NA	NA	NA	NA	NA	NA	NA	NA	NA	NA	NA	NA	NA	NA	NA	NA	NA	NA	NA	NA	NA	NA	NA	NA	NA	NA	NA	NA	NA	NA	NA	NA	NA	NA	NA	NA	NA	NA	NA	NA	NA	NA	NA	NA	NA	NA	NA	NA	NA	NA	NA	NA	NA	NA	NA	NA	NA	NA	NA	NA	NA	NA	NA	NA	NA	NA	NA	NA
NW007-2	0.302904032309763	0.125905506763254	0.0191037887044041	NA	0.00153856016411308	NA	0.0214116289505738	NA	0.0176293352137958	0.010898134495801	NA	NA	0.178537085710622	0.0102570677607539	NA	NA	NA	NA	NA	NA	0.0016026668376178	0.0161548817231874	0.0461568049233925	NA	0.000384640041028271	0.0160907750496827	0.00230784024616963	NA	0.00352586704275915	NA	NA	NA	0.0989165972177704	0.0144881082120649	NA	NA	NA	NA	NA	NA	0.00294890698121674	NA	NA	0.00532085390089108	NA	NA	NA	NA	0.0086544009231361	NA	NA	NA	0.00153856016411308	NA	NA	0.0032694403487403	NA	0.00102570677607539	NA	NA	NA	NA	NA	NA	NA	0.0353227771010962	NA	NA	0.00455157381883454	NA	NA	NA	NA	NA	NA	0.00275658696070261	NA	NA	NA	NA	NA	NA	0.00288480030771203	NA	NA	NA	NA	NA	NA	NA	NA	NA	NA	0.000384640041028271	NA	NA	0.0101288544137445	NA	NA	NA	0.0133982947624848	NA	0.0010898134495801	NA	0.00352586704275915	NA	NA	NA	NA	NA	NA	NA	NA	NA	NA	NA	NA	NA	NA	NA	NA	NA	NA	NA	NA	NA	NA	NA	NA	NA	NA	NA	NA	NA	NA	NA	NA	NA	NA	NA	NA	NA	NA	NA	NA	0.0153856016411308	NA	NA	NA	NA	NA	NA	NA	NA	NA	NA	NA	NA	NA	NA	NA	NA	NA	NA	NA	NA	NA	NA	NA	NA	NA	NA	NA	NA	NA	NA	NA	NA	NA	NA	NA	NA	NA	NA	NA	NA	NA	NA	NA	NA	NA	NA	NA	NA	NA	NA	NA	NA	NA	NA	NA
NW007-4	0.399623785139513	0.0264395443620023	0.0733618977949629	NA	NA	NA	0.0334413209321768	0.0708537987250496	0.0308287177343505	0.0453547915142648	NA	NA	0.154875117567144	0.0257080154666109	NA	NA	NA	NA	NA	NA	0.0224683875013063	0.00564322290730484	0.0195422719197408	NA	NA	0.0110774375587836	0.00428466924443515	0.00125404953495663	NA	NA	NA	NA	0.0228864040129585	0.00250809906991326	NA	0.00532971052356568	NA	NA	0.00261260319782631	NA	NA	0.00135855366286968	NA	0.00365764447695684	NA	NA	NA	NA	0.0113909499425227	NA	NA	0.00104504127913053	NA	NA	NA	NA	NA	0.00104504127913053	NA	NA	NA	NA	NA	NA	NA	0.00344863622113073	NA	NA	0.00773330546556589	NA	NA	NA	NA	NA	NA	NA	NA	NA	NA	0.00303061970947852	NA	NA	NA	NA	NA	NA	NA	NA	NA	NA	NA	NA	NA	NA	NA	NA	0.00209008255826105	NA	NA	NA	0.000627024767478315	NA	NA	NA	0.001985578430348	NA	NA	NA	NA	NA	NA	NA	NA	NA	NA	NA	0.00449367750026126	NA	NA	NA	NA	NA	NA	NA	NA	NA	NA	NA	NA	NA	NA	NA	NA	NA	NA	NA	NA	NA	NA	NA	NA	NA	NA	NA	NA	NA	NA	NA	NA	NA	NA	NA	NA	NA	NA	NA	NA	NA	NA	NA	NA	NA	NA	NA	NA	NA	NA	NA	NA	NA	NA	NA	NA	NA	NA	NA	NA	NA	NA	NA	NA	NA	NA	NA	NA	NA	NA	NA	NA	NA	NA	NA	NA	NA	NA	NA	NA	NA	NA	NA	NA
NW007-5	0.258145814581458	0.0404440444044404	NA	NA	NA	NA	0.0280828082808281	NA	0.0543654365436544	NA	NA	0.0015001500150015	0.293609360936094	0.00282028202820282	NA	NA	NA	NA	NA	NA	NA	0.00918091809180918	0.0694869486948695	NA	NA	NA	NA	NA	0.00126012601260126	NA	NA	NA	0.121092109210921	NA	0.00114011401140114	NA	NA	NA	0.103390339033903	NA	NA	NA	NA	NA	NA	NA	NA	NA	NA	NA	NA	NA	0.00396039603960396	NA	NA	0.00048004800480048	NA	NA	NA	NA	NA	NA	NA	NA	NA	NA	NA	NA	0.00372037203720372	NA	NA	NA	NA	NA	NA	NA	NA	NA	NA	NA	NA	NA	NA	NA	NA	NA	NA	NA	NA	NA	NA	NA	NA	NA	NA	NA	NA	NA	NA	NA	0.00228022802280228	NA	NA	NA	NA	NA	NA	NA	0.00294029402940294	NA	NA	NA	NA	NA	NA	NA	NA	NA	0.00168016801680168	NA	0.00042004200420042	NA	NA	NA	NA	NA	NA	NA	NA	NA	NA	NA	NA	NA	NA	NA	NA	NA	NA	NA	NA	NA	NA	NA	NA	NA	NA	NA	NA	NA	NA	NA	NA	NA	NA	NA	NA	NA	NA	NA	NA	NA	NA	NA	NA	NA	NA	NA	NA	NA	NA	NA	NA	NA	NA	NA	NA	NA	NA	NA	NA	NA	NA	NA	NA	NA	NA	NA	NA	NA	NA	NA	NA	NA	NA	NA	NA	NA	NA	NA	NA
NW007-6	0.106210889276744	0.017836618279341	0.00119194585160274	NA	NA	NA	0.0145587671874335	0.00110680686220255	0.0791792601421821	0.000681111915201567	NA	0.00123451534630284	0.141032735941424	0.00114937635690264	NA	NA	0.000170277978800392	NA	NA	NA	0.00510833936401175	NA	0.00532118683751224	NA	NA	NA	NA	NA	0.00242646119790558	NA	NA	NA	0.000638542420501469	NA	0.00506576986931165	0.000553403431101273	NA	NA	0.595930356306671	NA	NA	NA	NA	0.00225618321910519	NA	NA	NA	0.000170277978800392	NA	NA	NA	8.51389894001958e-05	0.00251160018730578	NA	NA	NA	NA	0.00021284747350049	NA	NA	NA	NA	NA	NA	NA	NA	NA	NA	0.00246903069260568	NA	NA	NA	NA	NA	NA	NA	NA	NA	NA	NA	NA	NA	NA	NA	NA	NA	NA	NA	NA	NA	NA	NA	NA	NA	NA	NA	NA	NA	NA	NA	NA	NA	NA	NA	0.00255416968200587	NA	NA	NA	0.0081733429824188	0.00170277978800392	NA	NA	NA	NA	NA	NA	NA	NA	0.000127708484100294	NA	NA	NA	NA	NA	NA	NA	NA	0.000340555957600783	NA	NA	NA	NA	NA	NA	NA	NA	NA	NA	NA	NA	NA	NA	NA	NA	NA	NA	NA	NA	NA	NA	NA	NA	NA	NA	NA	NA	NA	NA	NA	NA	NA	NA	NA	NA	NA	NA	NA	NA	NA	NA	NA	NA	NA	NA	NA	NA	NA	NA	NA	NA	NA	NA	NA	NA	NA	NA	NA	NA	NA	NA	NA	NA	NA	NA	NA	NA	NA	NA	NA	NA	NA
NW008-1	0.14301822965608	0.0958466453674121	0.0112134310593247	0.00350811251017979	0.0236171145774604	NA	0.209296498151976	0.0320115266553906	0.0542504541752803	0.0382133684144584	0.00382133684144584	0.00131554219131742	0.0385265927457245	0.0134686462444403	NA	0.0625822213869573	0.000375869197519263	NA	0.0159744408945687	0.003570757376433	NA	0.00513687903276326	0.0147841884357577	0.00206728058635595	0.00864499154294306	NA	0.00313224331266053	0.00645242122408069	0.0146588987032513	NA	0.0231159556474347	NA	NA	0.0259349746288292	0.000751738395038527	0.0137192257094531	0.00519952389901648	0.00613919689281463	NA	0.00137818705757063	0.00269372924888805	NA	NA	0.00194199085384953	NA	0.00845705694418342	NA	NA	NA	NA	NA	0.00958466453674121	0.0126542629831485	NA	NA	NA	NA	NA	NA	NA	NA	NA	NA	NA	NA	NA	0.000626448662532106	0.00125289732506421	NA	NA	NA	NA	0.0446657896385391	NA	NA	NA	0.00851970181043664	NA	NA	NA	NA	0.00570068282904216	0.000501158930025684	NA	0.00250579465012842	NA	NA	NA	NA	NA	NA	NA	NA	NA	NA	NA	NA	0.00156612165633026	NA	NA	NA	NA	NA	NA	0.00131554219131742	0.00137818705757063	NA	NA	NA	NA	NA	NA	NA	NA	0.00256843951638163	NA	NA	NA	NA	NA	NA	NA	0.00112760759255779	NA	NA	0.00131554219131742	NA	NA	NA	NA	NA	NA	NA	0.00989788886800727	NA	NA	NA	NA	NA	NA	NA	NA	NA	NA	NA	NA	NA	NA	NA	NA	NA	NA	NA	NA	NA	NA	NA	NA	NA	NA	NA	NA	NA	NA	NA	NA	NA	NA	NA	NA	NA	NA	NA	NA	NA	NA	NA	NA	NA	NA	NA	NA	NA	NA	NA	NA	NA	NA	NA	NA	NA	NA	NA	NA	NA	NA	NA	NA	NA	NA	NA
NW010-1	0.335978639768597	0.275457984128161	0.00871467774234221	NA	0.0642661128828896	NA	0.0407179411110287	0.0101980271452941	0.0106430319661796	NA	0.0150559964399614	0.0317436772231699	0.000519172291033153	NA	NA	NA	0.00192835422383742	NA	0.000407921085811763	NA	NA	NA	0.00689757472372617	NA	0.00122376325743529	NA	NA	0.000148334940295187	NA	0.0573685381591634	NA	NA	NA	NA	0.00255877772009197	NA	0.0114588741378032	NA	NA	0.0515093080175035	NA	NA	NA	0.006563821108062	0.0390120892976341	NA	NA	0.0121263813691315	NA	NA	NA	NA	NA	NA	NA	NA	0.000519172291033153	NA	0.00522880664540533	NA	NA	NA	NA	NA	NA	NA	0.00433879700363421	0.00137209819773048	NA	0.000407921085811763	NA	NA	NA	0.00152043313802566	NA	NA	NA	NA	NA	NA	NA	NA	NA	NA	NA	NA	NA	NA	NA	NA	NA	NA	NA	NA	NA	NA	NA	NA	NA	NA	NA	NA	NA	NA	NA	NA	NA	NA	NA	NA	NA	NA	0.00022250241044278	NA	NA	NA	NA	NA	0.00033375361566417	NA	NA	NA	NA	NA	NA	NA	NA	NA	NA	NA	NA	NA	NA	NA	NA	NA	0.000296669880590373	NA	NA	NA	NA	NA	NA	NA	NA	NA	NA	NA	NA	NA	NA	0.000667507231328339	NA	NA	NA	NA	NA	NA	NA	NA	NA	NA	NA	NA	NA	NA	NA	NA	0.000593339761180746	NA	NA	NA	NA	NA	NA	NA	NA	NA	NA	NA	NA	NA	NA	NA	NA	NA	NA	NA	NA	NA	NA	NA	NA	NA	NA	NA	NA	NA	NA	NA	NA
NW010-2	0.426902907993008	0.0478309232480534	0.057762593357699	NA	NA	0.0927220721436517	0.0351978388685841	0.0297155569680597	0.00397266804385826	0.000953440330525981	NA	0.00635626887017321	NA	0.00532337517877006	NA	0.0467185761957731	NA	NA	0.00595900206578738	0.000397266804385826	0.0065946289528047	NA	0.0171619259494677	0.00707134911806769	0.00405212140473542	0.0320197044334975	NA	0.0034164945177181	0.00190688066105196	0.000635626887017321	NA	NA	NA	NA	NA	0.00150961385666614	0.00127125377403464	0.00246305418719212	NA	0.0031781344350866	NA	NA	NA	0.0110440171619259	NA	NA	NA	NA	NA	NA	NA	NA	NA	0.00667408231368187	NA	NA	0.00166852057842047	NA	0.00786588272683935	0.110916891784522	0.000873986969648816	NA	0.00119180041315748	NA	0.00444938820912125	NA	NA	NA	0.000715080247894486	NA	NA	NA	NA	NA	NA	NA	NA	NA	NA	NA	NA	NA	NA	NA	0.000476720165262991	NA	NA	NA	NA	NA	NA	NA	0.00190688066105196	NA	NA	NA	0.0015890672175433	0.00119180041315748	0.00254250754806928	NA	NA	NA	NA	NA	0.000715080247894486	0.000476720165262991	NA	NA	NA	NA	NA	NA	NA	NA	NA	NA	NA	NA	NA	NA	NA	NA	NA	NA	NA	NA	NA	NA	NA	NA	NA	NA	0.00222469410456062	0.00198633402192913	NA	NA	NA	NA	NA	NA	NA	NA	NA	NA	NA	0.000397266804385826	NA	NA	NA	NA	NA	NA	NA	NA	NA	NA	NA	NA	NA	NA	NA	NA	NA	NA	NA	NA	NA	NA	NA	NA	NA	NA	NA	NA	NA	NA	NA	NA	NA	NA	NA	NA	NA	NA	NA	NA	NA	NA	NA	NA	NA	NA	NA	NA	NA	NA	NA	NA	NA	NA	NA
NW010-4	0.00867392963708278	0.380195683852613	0.000277565748386649	NA	0.127819027132052	NA	0.0240788286725418	0.00381652904031643	0.0158906390951357	NA	0.00381652904031643	0.0333772812434946	0.000832697245159947	NA	NA	NA	0.00173478592741656	NA	NA	NA	NA	NA	0.000346957185483311	NA	NA	NA	NA	NA	NA	0.0407327735757408	NA	NA	NA	NA	0.00569009784192631	0.0520435778224967	0.00437166053708972	NA	NA	0.0655055166192492	NA	NA	NA	0.00874332107417945	0.00305322323225314	NA	NA	0.177364513219069	NA	NA	NA	NA	0.000485740059676636	NA	NA	NA	0.00222052598709319	NA	0.00777184095482617	NA	NA	NA	NA	NA	NA	NA	0.00201235167580321	0.00235930886128652	0.00166539449031989	NA	NA	NA	NA	0.00992297550482271	NA	NA	NA	NA	NA	NA	NA	NA	NA	NA	NA	NA	NA	NA	NA	0.005343140656443	NA	NA	NA	NA	NA	NA	NA	NA	NA	NA	NA	NA	NA	NA	NA	NA	NA	NA	NA	0.00187356880160988	NA	NA	NA	NA	NA	NA	NA	NA	0.00402470335160641	NA	NA	NA	NA	NA	NA	NA	NA	NA	NA	NA	NA	NA	NA	NA	NA	NA	NA	NA	NA	NA	NA	NA	NA	NA	NA	NA	NA	NA	NA	NA	NA	NA	NA	NA	NA	NA	NA	NA	NA	NA	NA	NA	NA	NA	NA	NA	NA	0.00395531191450975	NA	NA	NA	NA	NA	NA	NA	NA	NA	NA	NA	NA	NA	NA	NA	NA	NA	NA	NA	NA	NA	NA	NA	NA	NA	NA	NA	NA	NA	NA	NA	NA	NA
NW010-5	0.00176481515883336	0.380921419282928	NA	NA	0.097064833735835	NA	0.066227010960431	NA	0.0342745680847111	NA	0.0262864573657812	0.0101244659112019	0.00594464053501765	NA	NA	NA	NA	NA	NA	NA	NA	NA	0.0275868474828163	NA	NA	NA	NA	NA	NA	0.0259149173323426	NA	NA	NA	NA	0.00371540033438603	NA	0.0150473713542634	NA	NA	0.0158833364295003	NA	NA	NA	0.00241501021735092	0.000835965075236857	NA	NA	0.242522756827048	NA	NA	NA	0.000650195058517555	0.00111462010031581	NA	NA	NA	NA	NA	0.00696637562697381	NA	NA	NA	NA	NA	NA	NA	0.0199702767973249	0.0065948355935352	NA	NA	NA	NA	NA	0.00102173509195616	NA	NA	NA	NA	NA	NA	NA	NA	NA	NA	NA	NA	NA	NA	NA	NA	NA	NA	NA	NA	NA	NA	NA	NA	0.00130039011703511	NA	NA	NA	NA	NA	0.00139327512539476	NA	NA	NA	NA	NA	NA	NA	NA	NA	NA	NA	NA	NA	0.00417982537618428	NA	NA	NA	NA	NA	NA	NA	NA	NA	NA	NA	NA	NA	NA	NA	NA	NA	NA	NA	NA	NA	NA	NA	NA	NA	NA	NA	NA	NA	NA	NA	NA	0.000278655025078952	NA	NA	NA	NA	NA	NA	NA	NA	NA	NA	NA	NA	NA	NA	NA	NA	NA	NA	NA	NA	NA	NA	NA	NA	NA	NA	NA	NA	NA	NA	NA	NA	NA	NA	NA	NA	NA	NA	NA	NA	NA	NA	NA	NA	NA	NA	NA	NA	NA
NW011-1	0.308149658130547	0.143542701830382	0.0115088970994182	NA	0.000467150804773432	NA	0.014863889242791	0.029090754660891	0.00254809529876417	0.0735550176243258	NA	0.00556334140230178	0.02276298466896	0.0567800569074617	NA	NA	0.0473521043020342	NA	0.0265426593621268	0.00284537308361999	NA	0.00310018261349641	0.00518112710748715	0.00904573831061282	0.0331677071389137	NA	0.0128678812587591	0.00382214294814626	0.0104471907249331	NA	NA	NA	0.0141843971631206	0.00755934938633372	0.00118911113942328	0.0248439291629507	0.000976769864526267	0.00900327005563341	0.00314265086847581	0.000552087314732238	0.00993757166518028	0.0073470081114367	NA	NA	NA	0.00811143670106595	NA	0.0201724211152164	0.0028878413385994	NA	NA	NA	0.00670998428674566	NA	NA	0.00267550006370238	NA	0.00165626194419671	0.000509619059752835	NA	0.00106170637448507	NA	NA	0.00114664288444388	NA	0.00458657153777551	0.000764428589629252	NA	0.00029727778485582	NA	NA	0.00382214294814626	NA	0.000849365099588058	NA	0.00127404764938209	0.000424682549794029	NA	NA	NA	NA	0.00632776999193103	0.0028878413385994	NA	0.00526606361744596	NA	NA	NA	NA	0.00658257952180745	0.000849365099588058	NA	0.00114664288444388	0.00165626194419671	0.00195353972905253	NA	0.000721960334649849	NA	NA	NA	0.00356733341826984	NA	NA	NA	0.000764428589629252	0.000382214294814626	NA	NA	0.00229328576888776	NA	NA	NA	0.000169873019917612	NA	NA	NA	NA	NA	NA	NA	0.00237822227884656	0.000339746039835223	NA	NA	0.000552087314732238	NA	NA	NA	NA	NA	NA	NA	NA	NA	NA	NA	NA	NA	0.00174119845415552	NA	NA	NA	NA	NA	NA	NA	NA	NA	NA	NA	NA	NA	0.00029727778485582	NA	NA	0.00123157939440268	NA	NA	NA	NA	NA	NA	NA	NA	NA	NA	NA	NA	NA	NA	NA	NA	NA	NA	NA	NA	NA	NA	NA	NA	NA	NA	NA	NA	NA	NA	NA	NA	NA	NA	NA	NA	NA	NA	NA	NA	NA	NA	NA	NA	NA
NW011-2	0.343852816759551	0.127073121600752	0.00916537970858793	NA	0.000268582555563016	0.0024843886389579	0.0182300409588397	0.0321627610286712	0.00550594238904183	0.0813133686967032	NA	0.00188007788894111	0.0209158665144699	0.0440139662928893	NA	NA	0.026354663264621	NA	0.0184986235144027	0.00194722352783187	NA	0.00177935943060498	0.00476734036124354	0.00923252534747868	0.035352178875982	NA	0.0153427784865373	0.00268582555563016	0.00668099106963003	NA	NA	NA	0.00684885516685691	0.0156113610421003	0.00107433022225206	0.0186664876116296	0.0011750486805882	0.0135298462364869	0.00174578661115961	0.000940038944470557	0.0106090109447391	0.015846370778218	NA	0.000235009736117639	NA	0.00728530181964681	NA	0.0118176324447727	0.0109783119586383	NA	NA	NA	0.0100718458336131	NA	NA	0.00553951520848721	NA	0.00110790304169744	NA	NA	0.00201436916672262	NA	NA	0.00312227220842006	NA	0.00624454441684013	0.000805747666689049	NA	0.00167864097226885	NA	NA	0.00100718458336131	NA	0.00110790304169744	NA	0.00631169005573088	0.00104075740280669	NA	NA	NA	NA	0.00275297119452092	0.00369301013899147	NA	0.00144363123615121	NA	0.0011750486805882	NA	NA	0.00604310750016786	0.000604310750016786	NA	0.00154434969448734	0.00543879675015108	0.00352514604176459	NA	0.000738602027798294	NA	NA	NA	0.00238367018062177	NA	NA	NA	NA	NA	NA	NA	0.000940038944470557	NA	NA	NA	NA	NA	NA	NA	NA	NA	NA	NA	0.00198079634727724	0.00033572819445377	0.000235009736117639	NA	0.000604310750016786	NA	NA	NA	NA	NA	NA	NA	NA	NA	NA	NA	NA	NA	NA	NA	NA	NA	NA	NA	NA	NA	NA	NA	NA	NA	NA	NA	0.00033572819445377	NA	NA	0.000302155375008393	NA	NA	NA	NA	NA	NA	NA	NA	NA	NA	NA	NA	NA	NA	NA	NA	NA	NA	NA	NA	NA	NA	NA	NA	NA	NA	NA	NA	NA	NA	NA	NA	NA	NA	NA	NA	NA	NA	NA	NA	NA	NA	NA	NA	NA
NW011-4	0.451764600501612	0.0833482622715872	0.0257524184879971	NA	0.000806162665711215	0.0214080974561089	0.0228860623432461	0.0501164457183805	0.0116445718380509	0.0516391974202795	NA	0.0076137585094948	0.0419204586169832	0.0219455392332497	NA	NA	0.00582228591902544	NA	0.0152275170189896	0.00344858473665353	NA	0.00488176280902902	0.0142869939089932	0.00698674310283053	0.0167054819061268	NA	NA	0.0053744177714081	0.00743461125044787	0.00403081332855607	NA	NA	0.00488176280902902	0.0115549982085274	0.00250806162665711	0.0112414905051953	0.000806162665711215	0.00403081332855607	0.0034037979218918	NA	0.00304550340379792	0.00779290576854174	NA	0.00429953421712648	NA	0.00613579362235758	NA	0.00412038695807954	0.0018362594052311	NA	NA	0.000179147259046937	0.00161232533142243	NA	NA	0.00331422429236833	0.000806162665711215	0.000806162665711215	0.000313507703332139	NA	0.00595664636331064	NA	NA	0.000447868147617341	NA	0.0189000358294518	0.00223934073808671	NA	0.000403081332855607	NA	NA	0.00223934073808671	NA	NA	0.000223934073808671	NA	0.00125403081332856	NA	NA	0.00246327481189538	NA	0.00152275170189896	0.000895736295234683	NA	0.00210498029380151	NA	NA	NA	NA	0.000985309924758151	0.00147796488713723	NA	0.0017018989609459	NA	0.00165711214618416	NA	NA	NA	NA	NA	NA	NA	NA	NA	0.000447868147617341	0.000403081332855607	NA	NA	0.00237370118237191	NA	NA	NA	NA	NA	NA	NA	NA	NA	0.000403081332855607	NA	0.000985309924758151	0.00053744177714081	NA	NA	0.000492654962379076	0.000627015406664278	NA	NA	NA	NA	NA	NA	NA	NA	NA	NA	NA	NA	NA	NA	NA	NA	NA	NA	NA	NA	NA	NA	NA	NA	NA	NA	0.00053744177714081	NA	NA	NA	NA	NA	NA	NA	NA	NA	NA	NA	NA	NA	NA	NA	NA	NA	NA	NA	NA	NA	NA	0.000313507703332139	NA	NA	NA	NA	NA	NA	NA	NA	NA	NA	NA	NA	NA	NA	NA	NA	NA	0.000671802221426012	NA	NA	NA	NA	NA	NA	NA
NW011-5	0.381492379409528	0.0875458723179158	0.0137534300922406	NA	0.000363672430323668	0.00165305650147122	0.0109432340397395	0.0257215591628922	0.00436406916388402	0.0486329222732833	NA	0.0131583297517109	0.109994379607895	0.0135881244420934	NA	NA	0.0243329917016564	NA	0.0223162627698615	0.00198366780176546	NA	0.00469468046417827	0.00869507719773862	0.00562039210500215	0.017059543095183	NA	0.000760405990676761	0.00218203458194201	0.0100175223989156	NA	NA	NA	0.0320031738684828	0.00277713492247165	0.000363672430323668	0.00770324329685589	0.000396733560353093	0.00327305187291302	0.00915793301815056	0.000363672430323668	0.00320692961285417	0.0125962905412107	NA	NA	NA	0.00912487188812114	NA	0.0201342281879195	0.00155387311138295	NA	NA	NA	0.0125962905412107	NA	NA	0.00386815221344266	NA	0.00231427910205971	0.00029755017026482	NA	0.00558733097497272	NA	NA	0.000925711640823883	NA	0.0134889410520052	0.00175223989155949	NA	0.00132244520117698	NA	NA	0.00591794227526697	NA	NA	NA	0.000429794690382517	0.000694283730617912	NA	NA	NA	NA	0.00264489040235395	0.00277713492247165	NA	0.00221509571197144	NA	NA	NA	NA	0.00175223989155949	NA	NA	0.000859589380765035	0.00644692035573776	0.00158693424141237	NA	0.00426488577379575	0.000165305650147122	NA	NA	0.00376896882335438	NA	NA	0.000462855820411942	0.000859589380765035	0.000330611300294244	NA	NA	0.00294244057261877	0.000363672430323668	NA	NA	0.00029755017026482	NA	NA	NA	NA	NA	0.00191754554170662	NA	0.000793467120706186	0.00082652825073561	NA	NA	NA	0.000264489040235395	NA	NA	NA	NA	NA	NA	NA	NA	NA	NA	0.000793467120706186	NA	0.00168611763150064	NA	NA	NA	NA	NA	NA	NA	NA	NA	NA	NA	NA	NA	0.000231427910205971	NA	NA	9.91833900882732e-05	NA	NA	NA	NA	NA	NA	NA	NA	NA	NA	NA	NA	NA	NA	NA	NA	NA	NA	NA	0.000429794690382517	NA	NA	NA	NA	NA	NA	NA	NA	NA	NA	NA	NA	NA	NA	NA	NA	NA	0.000495916950441366	NA	NA	NA	NA	NA	NA	NA
NW011-6	0.491265818168557	0.081543342693556	0.00897122643229641	NA	0.000984646803544728	0.00510557601838007	0.0102111520367601	0.0295394041063419	0.00178695160643303	0.0659348674373655	0.000802304802888297	0.00412092921483535	0.0512016337843259	0.0363954633310237	NA	NA	0.0338791437219649	NA	0.0156449436563218	0.00229750920827103	NA	0.00459501841654207	0.00594434922139966	0.00718427482586339	0.0169942744611794	NA	0.000547026001969294	0.00200576200722074	0.00401152401444149	NA	NA	NA	0.00733014842638853	0.00339156121220962	0.000948178403413442	0.00630903322271252	0.000911710003282156	0.00816892162940812	0.000474089201706721	NA	0.00164107800590788	0.00838773203019584	NA	0.000474089201706721	NA	0.00361037161299734	0.000364684001312862	0.0106123044382043	0.00134933080485759	NA	NA	NA	0.00058349440210058	NA	NA	0.0013128624047263	NA	NA	NA	NA	0.00171401480617045	NA	NA	7.29368002625725e-05	NA	0.00273513000984647	0.000619962802231866	0.000218810400787717	0.00087524160315087	NA	NA	0.000911710003282156	NA	0.000619962802231866	NA	0.00058349440210058	0.00102111520367601	NA	NA	0.00579847562087451	NA	0.00207869880748332	0.00145873600525145	NA	0.00430327121549178	NA	NA	NA	NA	0.0270230844972831	NA	NA	0.00247985120892746	0.0018598884066956	0.00306334561102804	NA	0.000619962802231866	NA	NA	NA	0.000437620801575435	NA	NA	NA	0.00087524160315087	0.000182342000656431	NA	NA	0.000948178403413442	NA	NA	NA	NA	NA	NA	NA	NA	NA	0.000510557601838007	NA	0.000510557601838007	0.000218810400787717	NA	NA	NA	0.000656431202363152	NA	NA	NA	NA	NA	NA	NA	NA	NA	NA	NA	NA	NA	NA	NA	NA	NA	NA	NA	NA	NA	NA	NA	NA	NA	NA	NA	NA	NA	0.000364684001312862	NA	NA	NA	NA	NA	NA	NA	0.000145873600525145	NA	NA	NA	NA	NA	NA	NA	NA	NA	NA	NA	0.000255278800919004	NA	NA	NA	NA	NA	NA	NA	NA	NA	NA	NA	NA	NA	NA	NA	NA	NA	NA	NA	NA	NA	NA	NA	NA	NA
NW012-1	0.217838265284888	0.113372455987015	0.0612227910267616	0.000874016731177425	0.00158155408498772	NA	0.0456153493985932	0.00778291089191326	0.0136096890997628	0.0453240104882008	NA	0.000291338910392475	0.000499438132101386	0.0262205019353228	NA	0.00137345486327881	0.0213509801473342	0.00849044824572356	0.0239730303408665	NA	NA	0.0103633412411038	0.0123194739251675	0.000499438132101386	0.0518999458942024	NA	0.0134015898780539	0.00370416614641861	0.0157323011611937	NA	NA	0.000707537353810297	0.0826153910184376	0.0732925458858784	0.00382902567944396	0.0151912431847505	0.0104882007741291	0.00320472801431723	NA	0.00104049610854455	0.00432846381154535	0.00794939026928039	NA	NA	0.0498189536771132	0.00266367003787406	NA	0.000749157198152079	NA	0.000790777042493861	NA	0.000457818287759604	0.00516086069838099	NA	NA	0.00341282723602614	0.00387064552378574	0.0139010280101552	0.00291338910392475	NA	NA	NA	NA	NA	NA	NA	NA	NA	NA	NA	NA	NA	NA	0.000707537353810297	NA	0.00362092645773505	NA	NA	NA	NA	NA	0.00058267782078495	0.000874016731177425	NA	0.000790777042493861	NA	NA	NA	NA	NA	NA	NA	NA	NA	NA	NA	0.000374578599076039	NA	NA	NA	0.00524410038706455	NA	0.00166479377367129	NA	NA	NA	NA	NA	NA	NA	NA	NA	NA	NA	NA	NA	NA	NA	NA	NA	0.000332958754734257	0.00058267782078495	NA	NA	0.000291338910392475	NA	NA	NA	NA	NA	NA	NA	0.000749157198152079	NA	NA	NA	NA	NA	NA	NA	NA	NA	0.000457818287759604	NA	NA	NA	NA	NA	NA	NA	NA	NA	NA	NA	NA	NA	NA	NA	NA	NA	NA	NA	NA	NA	NA	NA	NA	NA	NA	NA	NA	NA	NA	NA	NA	NA	NA	NA	NA	NA	NA	NA	NA	NA	NA	NA	NA	NA	NA	NA	NA	NA	NA	NA	NA	NA	NA	NA	NA	NA	NA
NW012-3	0.199376150542033	0.134996931887912	0.00966455307833913	0.0364593986500307	0.00189200245448967	NA	0.0490386582123134	0.0290447944364901	0.028226631212927	0.0239824094906934	NA	NA	0.00178973205154428	0.0663223563100839	NA	0.014368991613827	0.0158519124565351	0.0202495397831867	0.030732256085089	0.0153916956432808	NA	0.0223460830435672	0.017028022090407	0.00664757619145019	0.00317038249130702	NA	0.0196359173655144	0.022704029453876	0.0139599100020454	NA	NA	0.00265903047658008	NA	0.0272039271834731	0.00373286970750665	0.0164143996727347	0.0160053180609532	0.000818163223563101	NA	0.00306811208836163	0.00501124974432399	0.02505624872162	NA	NA	0.00807936183268562	0.00593168337083248	NA	NA	NA	NA	NA	0.00388627531192473	0.00373286970750665	NA	0.0114542851298834	0.00219881366332583	0.00869298425035795	0.0206074861934956	0.00178973205154428	NA	0.000511352014726938	NA	0.00403968091634281	0.00705665780323175	NA	NA	NA	0.000102270402945388	5.11352014726938e-05	NA	NA	NA	NA	NA	NA	0.00782368582532215	0.000971568827981182	0.00107383923092657	NA	NA	NA	NA	0.00930660666803027	NA	0.0016363264471262	NA	NA	NA	NA	NA	0.00782368582532215	NA	0.00178973205154428	NA	NA	0.000255676007363469	NA	NA	NA	NA	NA	NA	NA	NA	NA	0.00465330333401514	NA	NA	NA	NA	NA	NA	NA	NA	0.000306811208836163	NA	NA	NA	NA	NA	NA	0.00122724483534465	0.000715892820617713	NA	NA	NA	NA	NA	NA	NA	0.000102270402945388	NA	NA	NA	NA	NA	NA	NA	NA	NA	NA	0.000664757619145019	NA	NA	NA	NA	NA	NA	NA	NA	NA	NA	0.000664757619145019	NA	NA	NA	NA	NA	NA	NA	NA	NA	NA	NA	NA	NA	NA	NA	NA	NA	NA	NA	NA	NA	NA	NA	NA	NA	NA	NA	NA	NA	NA	NA	NA	NA	NA	NA	NA	NA	NA	NA	NA	NA	NA	NA	NA	NA	NA	NA	NA
NW012-4	0.497853550840182	0.186679749785355	0.0683797375199313	0.00122654237703913	0.0117748068195756	NA	0.0178461915859193	0.00208512204096652	0.00938304918434932	0.0111615356310561	NA	0.000245308475407825	0.000490616950815651	0.0122040966515393	NA	0.00128786949589108	0.0116521525818717	0.00582607629093585	0.00104256102048326	NA	NA	0.00423157120078499	0.0023917576352263	NA	0.00521280510241629	NA	0.000981233901631301	0.000490616950815651	0.00410891696308107	NA	NA	NA	0.0288237458604195	0.00876977799582976	0.000490616950815651	0.00975101189746106	0.00858579663927389	NA	NA	NA	0.00171715932785478	0.0254507543235619	NA	NA	0.0358150374095425	NA	NA	NA	NA	0.00110388813933521	NA	NA	0.00202379492211456	NA	NA	0.00177848644670673	0.00453820679504477	0.00502882374586042	0.00171715932785478	NA	NA	NA	NA	NA	NA	NA	NA	NA	0.000981233901631301	NA	NA	NA	NA	0.000551944069667607	NA	0.00122654237703913	0.000183981356555869	NA	NA	NA	NA	NA	NA	NA	0.000245308475407825	NA	NA	NA	NA	NA	NA	NA	NA	NA	NA	NA	NA	NA	NA	NA	0.00398626272537716	NA	NA	NA	NA	NA	NA	NA	NA	NA	NA	NA	NA	NA	NA	NA	NA	NA	NA	NA	NA	NA	NA	NA	NA	NA	NA	NA	NA	NA	NA	NA	0.00067459830737152	NA	NA	NA	NA	NA	NA	NA	NA	NA	NA	NA	NA	NA	NA	NA	NA	NA	NA	NA	NA	NA	NA	NA	NA	NA	NA	NA	NA	NA	NA	NA	NA	NA	NA	NA	NA	NA	NA	NA	NA	NA	NA	NA	NA	NA	NA	NA	NA	NA	NA	NA	NA	NA	NA	NA	NA	NA	NA	NA	NA	NA	NA	NA	NA	NA	NA	NA	NA
NW012-5	0.232432227775254	0.0886718158412843	0.00995759503256096	0.00355898833863395	0.00230955626230501	NA	0.112259578979252	0.0137437528396184	0.0474405573224292	0.0187793427230047	0.000946539451764349	0.000795093139482054	0.00147660154475239	0.0753066787823717	NA	0.00935180978343177	0.00431621990004543	0.0163940633045585	0.031197940330153	0.000454338936846888	NA	0.0169619869756171	0.0213917916098743	0.000302892624564592	0.00446766621232773	NA	0.0261623504467666	0.00874602453430259	0.0210131758291686	0.00075723156141148	NA	0.000946539451764349	0.00651219142813872	0.0515296077540512	0.00340754202635166	0.00791306981674996	0.0155611085870059	0.00223383310616386	NA	NA	0.0120778434045131	0.00416477358776314	NA	NA	0.013062244434348	0.00923822504922005	NA	NA	NA	0.000530062092988036	NA	0.000984401029834924	0.00393760411933969	NA	0.00825382401938513	0.00227169468423444	0.0135165833711949	0.0319173103134939	0.000605785249129184	NA	NA	NA	0.00219597152809329	0.00143873996668181	NA	NA	0.00037861578070574	0.00056792367105861	NA	0.000832954717552628	NA	NA	NA	NA	NA	0.00427835832197486	0.000984401029834924	0.00018930789035287	NA	NA	NA	0.000416477358776314	0.0218839921247918	NA	0.00124943207632894	NA	NA	NA	NA	NA	NA	NA	0.00124943207632894	NA	NA	NA	NA	NA	NA	NA	NA	NA	NA	NA	NA	0.00113584734211722	NA	NA	NA	NA	NA	NA	NA	NA	0.00121157049825837	NA	NA	NA	NA	NA	0.000227169468423444	0.000302892624564592	0.00018930789035287	NA	0.000605785249129184	NA	NA	NA	NA	NA	NA	NA	NA	NA	NA	NA	NA	NA	NA	NA	NA	0.000681508405270332	NA	NA	NA	NA	NA	NA	NA	NA	NA	NA	0.00075723156141148	NA	NA	NA	NA	NA	NA	NA	NA	0.00124943207632894	NA	NA	NA	NA	NA	NA	NA	NA	NA	NA	NA	NA	NA	NA	NA	NA	NA	NA	NA	NA	NA	NA	NA	NA	NA	NA	NA	NA	NA	NA	NA	NA	NA	NA	NA	0.000113584734211722	NA	NA	NA
NW012-6	0.103683559950556	0.0820766378244747	0.00613102595797281	NA	0.00291718170580964	0.00034610630407911	0.134585908529048	0.00608158220024722	0.0523609394313968	0.00677379480840544	0.00187886279357231	0.000791100123609394	0.00301606922126082	0.139876390605686	NA	0.0173547589616811	0.016761433868974	0.00449938195302843	0.0164153275648949	0.00034610630407911	NA	0.0290234857849197	0.0623485784919654	0.00182941903584672	0.00469715698393078	NA	0.0179975278121137	0.0126576019777503	0.0364894932014833	NA	NA	0.00227441285537701	0.00380716934487021	0.00983930778739184	0.00598269468479604	0.00400494437577256	0.0336711990111248	0.00474660074165637	NA	NA	0.00647713226205192	0.00123609394313968	NA	NA	0.00672435105067985	0.0253152039555006	NA	NA	NA	NA	NA	0.0011372064276885	0.00553770086526576	NA	0.00182941903584672	0.0148825710754017	0.00618046971569839	0.0653646477132262	NA	NA	NA	NA	0.00355995055624227	0.00504326328800989	NA	NA	0.00118665018541409	0.00034610630407911	NA	0.00420271940667491	NA	NA	NA	0.00034610630407911	NA	0.00163164400494438	NA	NA	NA	NA	NA	0.00163164400494438	0.0030655129789864	NA	0.00850432632880099	NA	NA	NA	NA	NA	NA	NA	NA	NA	NA	NA	NA	NA	NA	NA	NA	NA	NA	NA	NA	0.00217552533992583	NA	NA	NA	NA	NA	NA	NA	NA	0.000642768850432633	NA	NA	NA	NA	NA	0.000840543881334981	NA	NA	NA	0.00182941903584672	NA	NA	NA	NA	NA	NA	NA	NA	NA	NA	NA	NA	NA	NA	NA	NA	0.00301606922126082	NA	NA	NA	NA	NA	NA	NA	NA	NA	NA	0.0011372064276885	NA	NA	NA	NA	NA	NA	NA	NA	0.000593325092707046	NA	NA	NA	NA	0.000296662546353523	NA	NA	NA	NA	NA	NA	NA	NA	NA	NA	NA	NA	NA	NA	NA	NA	NA	NA	NA	NA	NA	NA	NA	NA	NA	NA	NA	NA	NA	NA	NA	NA	NA	NA
NW013-1	0.351474327519293	0.151625998126422	NA	0.00410402819288933	0.00285497613418388	0.0720881473881429	0.0602667618325378	0.0238212071195967	0.00932328143819423	0.0101262434759334	0.000312263014676362	0.000133827006289869	NA	0.00147209706918856	NA	0.0121782575723781	NA	0.0437614310567873	0.0081188383815854	0.0151670607128519	NA	0.0011598340545122	0.0156577597359147	0.0198956149350939	0.0023196681090244	NA	0.00196279609225142	0.00968015345496721	NA	NA	NA	0.00593299727885087	NA	0.00686978632287996	0.0124013025828612	NA	NA	0.00472855422224205	NA	NA	0.00767274836061917	0.0005799170272561	NA	0.00508542623901503	NA	NA	0.00339028415934336	NA	0.000624526029352723	NA	NA	0.0063790872998171	0.0059776062809475	NA	0.0119998215639916	0.00249810411741089	NA	NA	0.00374715617611634	NA	0.0119998215639916	NA	0.00388098318240621	0.00392559218450283	NA	NA	0.00294419413837712	0.00678056831868671	NA	0.023553553107017	NA	NA	NA	NA	NA	NA	0.00802962037739216	NA	NA	NA	NA	0.000802962037739216	0.00254271311950752	0.00374715617611634	0.0011598340545122	NA	NA	0.00423785519917919	0.00205201409644466	NA	0.00472855422224205	0.00535308025159477	0.00749431235223268	NA	NA	0.000981398046125708	NA	0.000535308025159477	NA	NA	NA	NA	NA	NA	NA	0.00187357808805817	NA	NA	NA	NA	0.000312263014676362	NA	NA	NA	NA	NA	NA	NA	NA	NA	NA	0.00071374403354597	0.0005799170272561	NA	0.00133827006289869	NA	0.0011598340545122	NA	NA	NA	0.00191818709015479	NA	NA	NA	NA	NA	NA	NA	NA	NA	NA	0.000535308025159477	NA	NA	NA	NA	NA	NA	NA	NA	NA	NA	NA	NA	NA	0.000312263014676362	NA	NA	NA	0.000312263014676362	NA	NA	NA	NA	NA	NA	0.000401481018869608	NA	NA	NA	0.000401481018869608	NA	NA	NA	NA	NA	NA	NA	NA	NA	NA	NA	NA	NA	NA	NA	NA	NA	NA	NA	NA	NA	NA	NA	NA	NA	NA	NA	NA	NA	NA
NW013-2	0.608365289021446	0.146747621076552	NA	NA	0.0322752449936089	0.000816645362874592	0.000816645362874592	0.01004828859537	0.0191024002272404	0.0175046158216162	0.00816645362874592	NA	NA	NA	NA	NA	NA	0.0142025280499929	NA	NA	NA	NA	NA	NA	NA	NA	NA	0.00330208777162335	NA	NA	NA	NA	NA	NA	NA	NA	0.00106518960374947	NA	NA	0.0145220849311177	0.000674620082374663	NA	NA	0.00230791080812385	NA	NA	0.00255645504899872	NA	NA	NA	NA	0.00752733986649624	0.000497088481749751	NA	NA	NA	0.000568101121999716	NA	0.00358613833262321	NA	NA	NA	0.00273398664962363	NA	NA	NA	NA	0.00781139042749609	0.00731430194574634	0.0187118307058656	NA	NA	NA	NA	NA	NA	NA	NA	NA	0.000284050560999858	0.00287601193012356	NA	NA	0.000603607442124698	0.00110069592387445	NA	NA	0.0380982814941059	NA	0.0097997443544951	NA	0.0109714529186195	NA	NA	NA	NA	NA	NA	NA	NA	NA	NA	NA	NA	NA	NA	NA	NA	NA	NA	NA	NA	NA	NA	NA	NA	NA	NA	NA	NA	NA	0.000248544240874876	NA	NA	NA	NA	NA	NA	NA	NA	NA	NA	0.00330208777162335	NA	NA	NA	NA	NA	NA	NA	NA	NA	NA	NA	NA	NA	NA	NA	NA	NA	NA	NA	NA	NA	NA	NA	NA	NA	NA	0.000426075841499787	NA	NA	NA	NA	NA	NA	NA	NA	NA	NA	NA	NA	NA	NA	NA	NA	0.000213037920749893	NA	NA	NA	NA	NA	NA	NA	NA	NA	NA	NA	NA	NA	NA	NA	NA	NA	NA	NA	NA	NA	NA	NA	NA
NW013-3	0.376379006867144	0.211592334581154	NA	0.00185933510176761	0.000322284750973052	4.95822693804695e-05	0.0332201204849146	0.0203535215806827	0.0532513573146243	0.0206014329275851	0.0176264967647569	NA	0.00272702481592582	NA	NA	0.000173537942831643	NA	0.0236755336291742	0.00790837196618489	0.000446240424424226	NA	0.00161142375486526	NA	0.0106849790514912	NA	NA	NA	0.0163125666261745	NA	NA	NA	NA	NA	NA	0.000917271983538687	NA	0.000867689714158217	NA	NA	0.0137838708877705	0.0358727718967697	NA	NA	0.00436323970548132	NA	NA	0.00287577162406723	NA	NA	NA	NA	0.0106849790514912	0.00153705035079456	NA	0.000867689714158217	NA	0.00240474006495277	NA	0.0063465304807001	NA	0.000322284750973052	NA	0.0017849616976969	NA	NA	NA	0.00146267694672385	0.020700597466346	0.00580112551751494	0.0353273669335845	NA	NA	NA	NA	NA	NA	NA	7.43734040707043e-05	NA	NA	0.00652006842353174	NA	NA	0.00109080992637033	0.00327242977911099	NA	NA	0.0120484914594541	NA	0.000371867020353522	NA	0.0139821999652924	0.00225599325681136	NA	NA	0.000223120212212113	NA	0.00195849964052855	NA	NA	NA	NA	NA	NA	NA	0.000198329077521878	NA	NA	NA	NA	NA	NA	NA	NA	0.000198329077521878	NA	NA	NA	NA	NA	NA	0.000942063118228921	0.00104122765698986	NA	NA	NA	0.0011403921957508	NA	0.00133872127327268	NA	NA	NA	0.00118997446513127	NA	NA	NA	NA	NA	NA	NA	NA	0.000247911346902348	NA	0.00205766417928949	NA	NA	NA	NA	NA	NA	NA	NA	NA	NA	NA	NA	NA	NA	NA	0.00158663262017503	0.00245432233433324	NA	NA	NA	NA	NA	NA	NA	NA	NA	0.000371867020353522	NA	NA	NA	NA	NA	NA	NA	NA	NA	NA	NA	NA	NA	NA	NA	0.000247911346902348	NA	0.000471031559114461	NA	NA	NA	NA	NA	NA	NA	NA	NA	NA	NA	NA
NW013-4	0.405014311459769	0.14295558146931	NA	0.00137814057033817	NA	NA	0.0725113961624086	0.0372628008056822	0.0429873847132407	0.0129863246051097	0.00413442171101452	NA	0.00153715678999258	0.0143114597688964	NA	0.00604261634686738	NA	0.0453196226015054	0.00694370825824234	0.00185518922930139	NA	0.0165376868440581	0.0103360542775363	0.0207251139616241	NA	NA	NA	0.0140994381426906	NA	NA	NA	0.00837485423513198	NA	NA	0.00302130817343369	NA	NA	NA	NA	0.00270327573412488	0.0107600975299481	NA	NA	0.000795081098272024	NA	NA	0.00810982720237464	NA	NA	NA	NA	0.0170677409095728	0.000795081098272024	NA	0.00498250821583802	0.00159016219654405	NA	NA	0.00386939467825718	NA	0.00323332979963956	NA	0.00339234601929397	NA	NA	NA	0.00286229195377929	0.00678469203858794	0.000795081098272024	0.018445881479911	NA	NA	NA	NA	NA	NA	NA	0.000106010813102936	NA	NA	0.00424043252411746	NA	NA	0.0034983568323969	0.00795081098272024	NA	NA	0.0031803243930881	NA	NA	0.00090109191137496	0.00588360012721298	0.00376338386515425	NA	NA	0.000159016219654405	NA	0.0045054595568748	NA	NA	NA	NA	NA	NA	0.000530054065514683	0.000371037845860278	NA	NA	NA	NA	NA	NA	NA	NA	NA	NA	NA	NA	NA	NA	NA	0.00196120004240433	0.000424043252411746	NA	0.00174917841619845	NA	NA	NA	0.00254425951447048	NA	0.000265027032757341	NA	0.000530054065514683	NA	NA	NA	NA	NA	NA	NA	NA	NA	NA	0.000848086504823492	NA	NA	NA	NA	NA	NA	NA	NA	0.000636064878617619	NA	NA	NA	NA	NA	NA	0.00111311353758083	NA	NA	NA	NA	NA	NA	0.000318032439308809	NA	NA	NA	NA	NA	NA	NA	NA	NA	NA	NA	NA	NA	NA	NA	NA	NA	NA	NA	NA	NA	NA	NA	NA	NA	NA	NA	NA	NA	NA	NA	NA	NA	NA
NW013-5	0.528904518739763	0.0711532902977165	NA	0.00231236149918104	0.00048174197899605	NA	0.0717795548704114	0.0209557760863282	0.0247133635224973	0.0580980826669236	0.00298680026977551	NA	NA	0.020859427690529	NA	0.00568455535215339	NA	0.0261585894594855	0.00539551016475576	0.0019269679159842	NA	0.0188842855766451	0.0077560458618364	0.00626264572694865	NA	NA	0.00366123904036998	0.00616629733114944	NA	NA	NA	0.00149340013488775	NA	NA	0.00404663262356682	NA	NA	NA	NA	NA	0.0108391945274111	NA	NA	0.00067443877059447	NA	NA	0.00472107139416129	NA	NA	NA	NA	0.0118990268812024	0.00057809037479526	NA	0.0282782541670681	0.00221601310338183	NA	NA	NA	NA	0.00207149050968301	NA	0.00260140668657867	NA	NA	NA	0.000915309760092494	0.0048174197899605	NA	0.0167164466711629	NA	NA	NA	NA	NA	NA	NA	9.63483957992099e-05	NA	NA	0.00216783890548222	NA	NA	0.00274592928027748	0.000867135562192889	NA	NA	0.00342036805087195	0.00105983235379131	NA	0.00110800655169091	0.003902110029868	0.00125252914538973	NA	NA	NA	NA	0.00240870989498025	NA	NA	NA	NA	NA	NA	NA	NA	NA	NA	NA	NA	NA	NA	NA	NA	NA	NA	NA	NA	NA	NA	NA	0.000818961364293285	NA	NA	NA	NA	0.00028904518739763	NA	0.00226418730128143	NA	NA	NA	NA	NA	NA	NA	NA	NA	0.00019269679159842	NA	NA	NA	NA	0.000337219385297235	NA	NA	NA	NA	NA	NA	NA	NA	NA	NA	NA	0.00019269679159842	NA	NA	NA	0.00038539358319684	NA	NA	NA	NA	NA	NA	NA	NA	NA	NA	NA	NA	NA	NA	NA	NA	NA	NA	NA	NA	NA	NA	NA	NA	NA	NA	NA	NA	NA	NA	NA	NA	NA	NA	NA	NA	NA	NA	NA	NA	NA
NW014-1	0.341254586755198	0.160230648261401	0.0480517211252839	0.00305783679888171	0.00209680237637603	0.00366940415865805	0.0384413769002272	0.0137165822121265	0.00707670802026909	0.0571378647562467	NA	NA	NA	0.131137515289184	NA	0.00358203739297571	NA	0.00917351039664512	0.00192206884501136	NA	NA	0.00908614363096278	0.0143281495719028	NA	0.00594094006639874	0.00891141009959811	0.00541673947230474	0.00480517211252839	0.0134544819150795	NA	NA	NA	0.0239384937969596	0.0175607199021492	0.00218416914205836	NA	0.00340730386161104	0.00637777389481041	NA	NA	0.00174733531364669	0.0106587454132448	NA	0.00454307181548139	NA	0.00602830683208108	NA	NA	NA	NA	NA	0.000698934125458675	0.00340730386161104	0.00620304036344575	NA	0.0055914730036694	0.00576620653503407	0.00838720950550411	0.000961034422505679	NA	NA	NA	NA	NA	NA	NA	NA	NA	NA	NA	NA	NA	NA	NA	NA	0.00401887122138738	NA	NA	NA	NA	0.00349467062729338	NA	NA	NA	NA	NA	NA	NA	NA	NA	NA	NA	NA	NA	NA	NA	0.000961034422505679	NA	NA	NA	0.00157260178228202	NA	NA	NA	NA	NA	NA	NA	NA	NA	NA	NA	NA	NA	NA	NA	NA	NA	NA	NA	NA	NA	NA	NA	NA	NA	NA	NA	NA	NA	NA	NA	NA	NA	NA	NA	NA	NA	NA	NA	NA	NA	NA	NA	NA	NA	NA	NA	NA	NA	NA	NA	NA	NA	NA	NA	NA	NA	NA	NA	NA	NA	NA	NA	NA	NA	NA	NA	NA	NA	NA	NA	NA	NA	NA	NA	NA	NA	NA	NA	NA	NA	NA	NA	NA	NA	NA	NA	NA	NA	NA	NA	NA	NA	NA	NA	NA	NA	NA	NA	NA
NW015-1	0.311470659261048	0.112533204539966	0.0959188601787008	0.00753441197778314	0.0016904129437334	0.0883361506882396	0.0472349673991789	0.0374788698382033	0.00135233035498672	0.0190775175078483	4.82975126780971e-05	0.000531272639459068	NA	NA	NA	NA	0.00130403284230862	0.0413909683651292	0.00729292441439266	0.00362231345085728	0.00318763583675441	0.000917652740883844	0.0107703453272156	0.0315865732914755	NA	NA	0.0099975851243661	0.00318763583675441	0.00362231345085728	NA	NA	0.0364646220719633	NA	NA	0.00883844482009176	NA	NA	0.00376720598889157	NA	0.00632697416083072	0.00579570152137165	0.00222168558319247	NA	NA	NA	NA	0.00318763583675441	NA	NA	0.00101424776624004	NA	0.000869355228205747	0.00140062786766482	NA	0.020912822989616	NA	0.0208645254769379	NA	0.000579570152137165	NA	NA	NA	0.00526442888191258	0.00521613136923448	0.00647186669886501	NA	0.00265636319729534	NA	NA	0.00342912340014489	NA	NA	NA	NA	NA	NA	NA	0.00135233035498672	NA	0.00111084279159623	0.00482975126780971	NA	NA	NA	NA	NA	NA	0.00439507365370683	NA	NA	NA	0.00391209852692586	NA	NA	0.00183530548176769	0.00120743781695243	NA	0.000482975126780971	NA	NA	NA	NA	0.000482975126780971	NA	NA	NA	NA	0.00140062786766482	NA	NA	NA	NA	NA	NA	NA	NA	NA	NA	NA	NA	NA	0.000386380101424777	NA	NA	NA	NA	0.000386380101424777	NA	0.000676165177493359	NA	NA	NA	NA	NA	NA	NA	NA	NA	NA	NA	NA	0.000676165177493359	NA	NA	NA	NA	NA	NA	NA	NA	NA	NA	NA	0.00111084279159623	0.000386380101424777	NA	NA	NA	NA	NA	NA	NA	NA	NA	NA	NA	NA	NA	NA	NA	NA	NA	NA	NA	NA	NA	NA	NA	NA	NA	NA	NA	NA	NA	NA	NA	NA	NA	NA	NA	NA	NA	NA	NA	NA	NA	NA	NA	NA	NA	NA
NW015-2	0.198110106820049	0.152752670501233	0.0963023829087921	0.00295809367296631	NA	0.0312243221035333	0.100575184880855	0.0470829909613804	0.0037797863599014	0.0339359079704191	0.000164338537387017	0.00147904683648316	NA	NA	NA	NA	NA	0.0529991783073131	0.00706655710764174	0.000410846343467543	0.00369761709120789	0.00419063270336894	0.0131470829909614	0.0315529991783073	NA	NA	0.0202958093672966	0.00262941659819228	0.00780608052588332	NA	NA	0.0112571898110107	NA	NA	0.0076417419884963	NA	NA	0.0308134757600657	NA	0.00493015612161052	0.0114215283483977	0.00887428101889893	NA	NA	NA	NA	0.00328677074774034	NA	NA	0.00106820049301561	NA	0.00147904683648316	0.00304026294165982	NA	0.0253081347576007	NA	0.0224322103533279	NA	NA	NA	NA	NA	0.00320460147904684	0.0135579293344289	0.0037797863599014	NA	0.00427280197206245	NA	NA	0.00262941659819228	NA	NA	NA	NA	NA	NA	NA	0.00164338537387017	NA	0.00205423171733772	0.00829909613804437	NA	NA	NA	NA	NA	NA	0.00254724732949877	NA	NA	NA	0.00123253903040263	NA	NA	0.00345110928512736	NA	0.00386195562859491	0.000739523418241578	NA	NA	NA	NA	0.00164338537387017	NA	0.000821692686935086	NA	NA	0.00057518488085456	NA	NA	NA	NA	NA	NA	NA	NA	NA	NA	NA	NA	NA	0.000821692686935086	NA	NA	NA	NA	NA	NA	0.00115036976170912	NA	NA	NA	NA	NA	NA	NA	NA	NA	NA	NA	NA	NA	NA	NA	NA	NA	NA	NA	NA	NA	NA	NA	NA	NA	NA	NA	NA	NA	NA	NA	NA	NA	NA	NA	NA	NA	NA	NA	NA	NA	NA	NA	NA	NA	NA	NA	NA	NA	NA	NA	NA	NA	NA	NA	NA	NA	NA	NA	NA	NA	NA	NA	NA	NA	NA	NA	NA	NA	NA	NA	NA
NW015-3	0.290553017785985	0.144134512586257	0.110603557197007	0.00903877927884148	NA	NA	0.0738166974438721	0.039653999416853	0.00208961026338808	0.0577801535620566	0.00242977937603266	0.00131208086305763	NA	NA	NA	NA	NA	0.0427641170181748	0.00646321314024687	0.000242977937603266	0.00160365438818155	0.00349888230148703	0.00553989697735446	0.0165710953445427	NA	NA	0.0109826027796676	0.00213820585090874	0.00233258820099135	NA	NA	0.0186121100204101	NA	NA	0.00937894839148605	NA	NA	0.0151618233064438	NA	0.00524832345223054	0.0069491690154534	0.00855282340363495	NA	NA	NA	NA	0.00208961026338808	NA	NA	0.00189522791330547	NA	0.000728933812809797	0.00126348527553698	NA	0.0246379628729711	NA	0.0129750218680144	NA	0.00136067645057829	NA	NA	NA	0.00563708815239576	0.0115171542423948	0.0166196909320634	NA	0.00160365438818155	NA	NA	0.00252697055107396	NA	NA	NA	NA	NA	NA	NA	0.00145786762561959	NA	0.000971911750413063	0.00578287491495772	NA	NA	NA	NA	NA	NA	0.00174944115074351	NA	NA	NA	0.00077752940033045	NA	NA	0.00451938963942074	NA	0.00106910292545437	0.000388764700165225	NA	NA	NA	NA	0.00991349985421324	NA	0.000194382350082612	0.000291573525123919	NA	0.000680338225289144	NA	NA	NA	NA	NA	NA	NA	NA	NA	NA	NA	NA	NA	0.000631742637768491	NA	0.000631742637768491	NA	NA	NA	NA	NA	NA	NA	NA	NA	NA	NA	NA	NA	NA	NA	NA	NA	NA	NA	NA	NA	NA	NA	NA	NA	NA	NA	NA	0.000242977937603266	0.000388764700165225	NA	NA	NA	NA	NA	NA	NA	NA	NA	NA	NA	NA	NA	NA	NA	NA	NA	NA	NA	NA	NA	NA	NA	NA	NA	NA	NA	NA	NA	NA	NA	NA	NA	NA	NA	NA	NA	NA	NA	NA	NA	NA	NA	NA	NA	NA	NA
NW015-5	0.316608996539792	0.0858300278504515	0.0885728753481306	0.0109713899907165	0.00544349734154781	NA	0.0421554561566377	0.0746898472444932	0.000928348383829859	0.0178496075618196	0.000843953076208963	0.00109713899907165	NA	NA	NA	NA	0.000253185922862689	0.0759135792049962	0.0107604017216643	0.00244746392100599	0.00523250907249557	0.00177230146003882	0.00658283399442991	0.0523672883787661	0.000717360114777618	NA	0.0151489577179509	0.0021942779981433	0.00257405688243734	NA	NA	0.022786733057642	NA	NA	0.0173010380622837	NA	NA	0.0146425858722255	NA	0.00476833488058064	0.00502152080344333	0.000632964807156722	NA	NA	NA	NA	0.00244746392100599	NA	NA	0.00151911553717613	NA	0.000759557768588066	0.000759557768588066	NA	0.0219005823276226	NA	0.0174698286775255	NA	NA	NA	NA	NA	0.00966326272259262	0.00523250907249557	0.00835513545446873	NA	0.00261625453624778	NA	NA	0.00151911553717613	NA	NA	NA	NA	NA	NA	NA	0.0135876445269643	NA	0.000548569499535826	0.00738458941682842	0.0010549413452612	NA	NA	NA	NA	NA	0.00261625453624778	NA	NA	NA	0.00164570849860748	NA	NA	0.00295383576673137	0.00607646214870453	0.000253185922862689	0.00139252257574479	NA	NA	NA	NA	0.00126592961431344	NA	NA	NA	NA	0.000548569499535826	NA	NA	0.000210988269052241	NA	NA	NA	NA	NA	NA	NA	NA	NA	NA	0.000295383576673137	NA	NA	NA	NA	0.000548569499535826	NA	0.000632964807156722	NA	NA	NA	NA	NA	NA	NA	NA	NA	NA	NA	NA	NA	NA	NA	NA	NA	NA	NA	NA	NA	NA	NA	NA	0.000421976538104481	NA	NA	NA	0.000210988269052241	NA	NA	NA	NA	NA	NA	NA	NA	NA	NA	NA	NA	NA	NA	NA	NA	NA	NA	NA	NA	NA	NA	NA	NA	NA	NA	NA	NA	NA	NA	NA	NA	NA	NA	NA	NA	NA	NA	NA	NA	NA	NA	NA
NW015-6	0.242769839903598	0.1214925116199	0.0933034945773799	0.0101136168015149	0.0003873300051644	0.0130401101738681	0.0594336374591152	0.0650284042003787	0.00176450335686004	0.0203993802719917	0.000129110001721467	0.000817696677569289	NA	NA	NA	NA	NA	0.0921845412291272	0.0117490101566535	0.00176450335686004	0.00611120674814942	0.00262523670166982	0.00976932346359098	0.0419177138922362	NA	NA	0.0185488035806507	0.00185057669134102	0.0027113100361508	NA	NA	0.0355482871406438	NA	NA	0.0169564468927526	NA	NA	0.013556550180754	NA	0.00654157342055431	0.00529351007058013	0.00266827336891031	NA	NA	NA	NA	0.00159235668789809	NA	NA	0.00172146668961956	NA	0.00150628335341711	0.000559476674126356	NA	0.015321053537614	NA	0.0131692201755896	NA	0.000516440006885867	NA	NA	NA	0.00817696677569289	0.00438974005852987	0.00951110346014805	NA	0.00185057669134102	NA	NA	0.00185057669134102	NA	NA	NA	NA	NA	NA	NA	0.0108882768118437	NA	0.00159235668789809	0.00460492339473231	NA	NA	NA	NA	NA	NA	0.0050352900671372	NA	NA	0.000516440006885867	0.0023239800309864	0.00103288001377173	NA	0.000860733344809778	0.00662764675503529	0.000946806679290756	0.00107591668101222	NA	NA	NA	NA	0.00167843002237907	NA	NA	0.000258220003442933	NA	0.00107591668101222	NA	NA	0.000301256670683422	NA	NA	NA	NA	NA	NA	NA	NA	NA	NA	0.000731623343088311	NA	NA	NA	NA	0.000215183336202444	NA	0.000645550008607333	NA	NA	NA	NA	NA	NA	NA	NA	NA	NA	NA	NA	NA	NA	NA	NA	NA	NA	NA	NA	NA	NA	NA	NA	0.000473403339645378	0.000473403339645378	NA	NA	NA	NA	NA	NA	NA	NA	NA	NA	NA	NA	NA	NA	NA	NA	NA	NA	NA	NA	NA	NA	NA	NA	NA	NA	NA	NA	NA	NA	NA	NA	NA	NA	NA	NA	NA	NA	NA	NA	NA	NA	NA	NA	NA	NA
NW016-1	0.361255937898274	0.236473178079017	0.101204958869192	0.0680106592515352	0.0172633530297764	NA	0.027053643841965	0.0260688216892596	0.00214343645000579	NA	NA	0.000347584289190129	NA	NA	NA	0.00150619858649056	NA	0.0309929324527865	0.000579307148650214	NA	NA	0.00167999073108562	0.000695168578380257	0.00283860502838605	NA	0.0130344108446298	0.00330205074730622	0.00104275286757039	NA	0.000289653574325107	NA	0.00799443865137296	NA	NA	0.00335998146217124	NA	NA	NA	NA	0.0150040551500406	0.00144826787162554	NA	0.00608272506082725	0.013439925848685	0.00272274359865601	NA	0.00237515930946588	NA	NA	0.0103116672459738	NA	0.0024330900243309	0.00167999073108562	NA	NA	NA	NA	NA	0.00202757502027575	NA	0.00921098366353841	NA	NA	NA	0.00503997219325686	NA	NA	0.000463445718920171	NA	NA	NA	0.000173792144595064	NA	NA	NA	NA	0.00150619858649056	NA	NA	NA	NA	NA	NA	NA	NA	NA	NA	0.000753099293245279	0.00220136716487081	NA	NA	0.000695168578380257	NA	NA	NA	NA	NA	0.00179585216081566	NA	NA	NA	NA	0.0110068358243541	NA	0.000347584289190129	NA	NA	NA	NA	NA	NA	NA	NA	NA	0.000695168578380257	NA	NA	NA	0.000173792144595064	NA	NA	0.000637237863515236	NA	NA	NA	NA	0.000463445718920171	NA	NA	NA	NA	NA	NA	NA	NA	NA	NA	NA	NA	NA	NA	NA	NA	NA	NA	NA	NA	NA	NA	NA	NA	NA	NA	NA	NA	NA	NA	0.000173792144595064	NA	NA	NA	NA	NA	NA	NA	NA	NA	NA	NA	NA	NA	NA	NA	NA	NA	NA	NA	NA	NA	NA	NA	NA	NA	NA	NA	NA	NA	NA	NA	NA	NA	NA	NA	NA	NA	NA	NA	NA	NA	NA	NA
NW016-2-1	0.420319565872777	0.110943623756406	0.102924329213144	0.0465480856195357	0.000542659029243292	NA	0.0480554718118782	0.0191739523665963	0.00253240880313536	NA	NA	0.000482363581549593	NA	NA	NA	0.000301477238468496	NA	0.0534820621043111	0.00072354537232439	NA	NA	0.0065722037986132	0.00150738619234248	0.00108531805848658	NA	0.0151341573711185	0.00403979499547784	0.000844136267711788	NA	NA	NA	0.00560747663551402	NA	NA	0.00186915887850467	NA	NA	NA	NA	0.0303889056376244	0.00186915887850467	NA	0.0511908350919506	0.0141091347603256	0.0067530901416943	NA	0.00211034066927947	NA	NA	0.00608984021706361	NA	0.00102502261079289	0.00180886343081097	NA	NA	NA	NA	NA	0.00198974977389207	NA	0.00964727163099186	NA	0.00120590895387398	0.00518540850165812	0.00608984021706361	NA	0.000180886343081097	0.000301477238468496	NA	0.00102502261079289	NA	NA	NA	NA	NA	NA	0.00108531805848658	NA	NA	NA	NA	NA	NA	NA	NA	NA	NA	0.000783840820018089	0.00186915887850467	NA	NA	0.000844136267711788	NA	NA	NA	NA	NA	0.000844136267711788	NA	NA	NA	NA	0.00850165812481158	NA	NA	NA	NA	NA	NA	NA	NA	NA	NA	NA	0.000241181790774797	NA	NA	NA	NA	NA	NA	0.00066324992463069	NA	NA	NA	NA	0.000180886343081097	NA	NA	NA	NA	NA	NA	NA	NA	NA	NA	NA	NA	NA	NA	NA	NA	NA	NA	NA	NA	NA	NA	NA	NA	NA	NA	NA	NA	NA	NA	NA	NA	NA	0.00132649984926138	NA	NA	NA	NA	NA	NA	NA	NA	NA	NA	NA	NA	NA	NA	NA	NA	NA	NA	NA	NA	NA	NA	NA	NA	NA	NA	NA	NA	NA	NA	NA	NA	NA	NA	NA	NA	NA	NA	NA	NA
NW016-2-2	0.198682234387869	0.0694249309626472	0.117145487137251	0.00600746087883339	0.000872050772733879	0.133423768228284	0.00634659173489656	0.0482050288261228	0.00150186521970835	0.0107552928637178	NA	0.015212441257691	0.00455404292427692	0.000581367181822586	NA	0.00305217770456858	0.00702485344702292	0.00528075190155516	0.015212441257691	NA	0.0194758005910566	NA	0.00111428709849329	0.0100285838864396	0.00125962889394894	0.00949566396976891	0.0103677147425028	0.00324596676517611	0.00387578121215057	0.000532919916670704	0.117339276197859	NA	0.00508696284094763	NA	0.00125962889394894	NA	NA	0.000532919916670704	NA	NA	NA	NA	0.0173925681895257	0.000387578121215057	0.0103192674773509	0.0027130468485054	NA	0.00111428709849329	0.0062496972045928	0.0108037401288697	0.000629814446974468	NA	NA	0.0158907029698174	NA	NA	NA	NA	NA	0.0172472263940701	0.000484472651518822	NA	NA	0.000775156242430115	NA	0.0412770699094036	NA	NA	NA	NA	NA	0.0307640133714452	NA	0.00043602538636694	NA	NA	NA	0.000193789060607529	0.00203478513637905	NA	NA	NA	NA	NA	0.000581367181822586	0.00121118162879705	0.00247081052274599	NA	NA	NA	NA	NA	NA	NA	NA	NA	0.000532919916670704	0.000968945303037644	NA	NA	NA	NA	NA	0.00067826171212635	NA	0.00043602538636694	NA	NA	0.000726708977278233	NA	NA	NA	NA	NA	NA	NA	NA	NA	0.000581367181822586	NA	NA	NA	NA	NA	NA	NA	0.000872050772733879	NA	NA	NA	NA	NA	NA	0.000920498037885761	NA	0.00184099607577152	NA	0.00155031248486023	NA	0.000532919916670704	NA	NA	NA	NA	NA	NA	NA	NA	NA	NA	NA	NA	NA	NA	NA	NA	NA	NA	NA	NA	NA	NA	NA	NA	NA	NA	NA	NA	NA	NA	NA	NA	0.000484472651518822	NA	NA	NA	NA	NA	NA	NA	NA	NA	NA	NA	NA	NA	NA	NA	NA	NA	NA	NA	NA	NA	NA	NA	NA	NA	NA	NA	NA
NW016-2-3	0.576702919290212	0.11763022323984	0.0953062392673154	0.0137378362907842	NA	NA	0.0303377218088151	0.0117344018317115	NA	NA	NA	NA	NA	NA	NA	NA	NA	0.0131654264453349	0.0020034344590727	NA	NA	0.00658271322266743	0.00143102461362335	0.00629650829994276	NA	0.0048654836863194	0.00257584430452204	NA	NA	NA	NA	0.00171722953634803	NA	NA	NA	NA	NA	NA	NA	0.0177447052089296	0.00858614768174013	NA	0.045220377790498	0.00143102461362335	0.021751574127075	NA	NA	NA	NA	NA	NA	NA	NA	NA	NA	NA	NA	NA	NA	NA	0.00257584430452204	NA	NA	NA	0.0148826559816829	NA	NA	NA	NA	NA	NA	NA	NA	NA	NA	NA	NA	NA	NA	NA	NA	NA	NA	NA	NA	NA	NA	NA	NA	NA	NA	NA	NA	NA	NA	NA	NA	0.000858614768174013	NA	NA	NA	NA	0.00286204922724671	NA	NA	NA	NA	NA	NA	NA	NA	NA	NA	NA	NA	NA	NA	NA	NA	NA	NA	NA	NA	NA	NA	NA	NA	NA	NA	NA	NA	NA	NA	NA	NA	NA	NA	NA	NA	NA	NA	NA	NA	NA	NA	NA	NA	NA	NA	NA	NA	NA	NA	NA	NA	NA	NA	NA	NA	NA	NA	NA	NA	NA	NA	NA	NA	NA	NA	NA	NA	NA	NA	NA	NA	NA	NA	NA	NA	NA	NA	NA	NA	NA	NA	NA	NA	NA	NA	NA	NA	NA	NA	NA	NA	NA	NA	NA	NA	NA	NA
NW016-3	0.497328319810014	0.116762319414209	0.0653077379774391	0.0165248367306551	0.00108846229962399	0.0174153967939838	0.0706510983574114	0.0201860281021176	0.00128636453591926	NA	NA	NA	NA	NA	NA	0.000989511181476351	NA	0.0371066693053632	0.00138531565406689	NA	NA	0.00494755590738175	0.00286958242628142	0.00207797348110034	NA	0.0177122501484267	0.000890560063328716	0.000692657827033445	NA	NA	NA	0.000890560063328716	NA	NA	NA	NA	NA	NA	NA	0.0227587571739561	0.00385909360775777	NA	0.0443301009301405	0.00346328913516723	0.0151395210765882	NA	0.000494755590738175	NA	NA	0.00484860478923412	NA	NA	0.00079160894518108	NA	NA	NA	0.00128636453591926	NA	NA	NA	0.00227587571739561	NA	0.000989511181476351	0.00613496932515337	0.00969720957846824	NA	NA	0.00039580447259054	NA	0.00019790223629527	NA	NA	NA	NA	NA	NA	0.000989511181476351	NA	NA	NA	NA	NA	NA	NA	NA	NA	NA	NA	0.00326538689887196	NA	NA	NA	NA	NA	NA	NA	NA	NA	NA	NA	NA	NA	0.00247377795369088	NA	NA	NA	NA	NA	NA	NA	NA	NA	NA	NA	0.000494755590738175	NA	NA	NA	NA	NA	NA	NA	NA	NA	NA	NA	NA	NA	NA	NA	NA	NA	NA	NA	NA	NA	NA	NA	NA	NA	NA	NA	NA	NA	NA	NA	NA	NA	NA	NA	NA	NA	NA	NA	NA	NA	NA	NA	NA	NA	NA	NA	NA	NA	NA	NA	NA	NA	NA	NA	NA	NA	NA	NA	NA	NA	NA	NA	NA	NA	NA	NA	NA	NA	NA	NA	NA	NA	NA	NA	NA	NA	NA	NA	NA	NA	NA	NA	NA	NA	NA
NW016-4-1	0.172745452814018	0.173697743072088	0.0273307304066279	0.00295209980001905	NA	0.415198552518808	0.057708789639082	0.00485668031616037	0.00095229025807066	NA	NA	0.00123797733549186	NA	NA	NA	0.00209503856775545	NA	0.0235215693743453	0.00238072564517665	NA	NA	0.00333301590324731	0.00295209980001905	0.00257118369679078	0.00123797733549186	0.00571374154842396	0.00171412246452719	0.000857061232263594	NA	NA	NA	0.00171412246452719	NA	NA	0.00047614512903533	NA	NA	NA	NA	0.0246643176840301	0.0131416055613751	NA	0.0101895057613561	0.00904675745167127	0.0131416055613751	NA	NA	NA	NA	NA	NA	0.00266641272259785	0.00133320636129892	NA	NA	NA	NA	NA	0.00276164174840491	NA	0.00219026759356252	NA	0.00247595467098372	0.00514236739358156	0.00123797733549186	NA	NA	NA	NA	NA	NA	NA	NA	NA	NA	NA	NA	NA	NA	NA	NA	NA	NA	NA	NA	NA	NA	0.00133320636129892	NA	NA	NA	NA	NA	NA	NA	NA	NA	NA	NA	NA	NA	NA	0.00209503856775545	NA	NA	NA	NA	NA	NA	NA	NA	NA	NA	NA	NA	NA	NA	NA	NA	NA	NA	NA	NA	NA	NA	NA	NA	NA	NA	NA	NA	NA	NA	NA	NA	NA	NA	NA	NA	NA	NA	NA	NA	NA	NA	NA	NA	NA	NA	NA	NA	NA	NA	NA	NA	NA	NA	NA	NA	NA	0.00219026759356252	NA	NA	NA	NA	NA	NA	NA	NA	NA	NA	NA	NA	NA	0.00114274830968479	NA	NA	NA	NA	NA	NA	NA	NA	NA	NA	NA	NA	NA	NA	NA	NA	NA	NA	NA	NA	NA	NA	NA	NA	NA	NA
NW016-4-2	0.42131395700878	0.110505600968816	0.0816833181955798	0.00496518316681804	0.00139267332727823	0.1301846805934	0.0515894641235241	0.0104753254617015	NA	NA	NA	0.000423857099606418	NA	NA	NA	0.00151377535573721	NA	0.0510445049954587	0.0015743263699667	NA	NA	0.00351195882531032	0.00296699969724493	0.000787163184983348	0.00357250983953981	0.0193763245534363	0.000484408113835907	NA	NA	NA	NA	0.00169542839842567	NA	NA	NA	0.000181653042688465	NA	NA	NA	0.023191038449894	0.00248259158340902	NA	0.036451710566152	0.00871934604904632	0.0137450802300939	NA	NA	NA	NA	0.000908265213442325	NA	0.000484408113835907	NA	NA	NA	NA	0.000968816227671814	NA	NA	NA	0.00127157129881926	NA	0.000968816227671814	0.00345140781108084	0.00411746896760521	NA	NA	NA	NA	0.000302755071147442	NA	NA	NA	NA	NA	NA	NA	NA	NA	NA	NA	NA	NA	NA	NA	NA	NA	NA	0.00145322434150772	NA	NA	NA	NA	NA	NA	NA	NA	NA	NA	NA	NA	NA	0.00224038752649107	NA	NA	NA	NA	NA	NA	NA	NA	NA	NA	NA	NA	NA	NA	NA	NA	NA	NA	NA	NA	NA	NA	NA	NA	NA	NA	NA	NA	NA	NA	NA	NA	NA	NA	NA	NA	NA	NA	NA	NA	NA	NA	NA	NA	NA	NA	NA	NA	NA	NA	NA	NA	NA	NA	NA	NA	NA	NA	NA	NA	NA	NA	NA	NA	NA	NA	NA	NA	NA	NA	NA	NA	NA	NA	NA	NA	NA	NA	NA	NA	NA	NA	NA	NA	NA	NA	NA	NA	NA	NA	NA	NA	NA	NA	NA	NA	NA	NA
NW016-5	0.0081783707223466	0.0945310001370677	0.00466030063508018	NA	0.00178187965458948	0.742678302188514	0.0878603737378352	0.000365513775300407	0.00109654132590122	NA	NA	0.00150774432311418	NA	NA	NA	0.000593959884863161	NA	0.00443185452551743	0.00187325809841458	NA	NA	0.00735596472792068	0.00397496230639192	0.00169050121076438	0.000913784438251017	0.000411202997212957	0.000959473660163567	0.00150774432311418	NA	NA	NA	0.000228446109562754	NA	NA	NA	0.000274135331475305	NA	NA	NA	0.00895508749485996	0.00452323296934253	NA	0.00214739342988989	0.000182756887650203	NA	NA	0.000868095216338466	NA	NA	NA	NA	0.0027870425366656	0.00191894732032713	NA	NA	NA	0.00169050121076438	NA	0.00141636587928908	NA	0.00164481198885183	NA	0.00100516288207612	0.00319824553387856	NA	NA	NA	NA	NA	NA	NA	NA	NA	NA	NA	NA	NA	NA	NA	NA	NA	NA	NA	NA	NA	NA	NA	0.00150774432311418	NA	NA	NA	0.000959473660163567	NA	NA	NA	NA	NA	NA	NA	NA	NA	NA	NA	NA	NA	NA	NA	NA	NA	NA	NA	NA	NA	NA	9.13784438251017e-05	NA	NA	NA	NA	NA	NA	0.000228446109562754	NA	NA	NA	NA	NA	NA	NA	NA	NA	NA	NA	NA	NA	NA	NA	NA	NA	NA	NA	NA	NA	NA	NA	NA	NA	NA	NA	NA	NA	NA	NA	NA	NA	NA	NA	NA	NA	NA	NA	NA	NA	NA	NA	NA	NA	NA	NA	NA	NA	NA	NA	NA	NA	NA	NA	NA	NA	NA	NA	NA	NA	NA	NA	NA	NA	NA	NA	NA	NA	NA	NA	NA	NA	NA	NA	NA	NA	NA	NA
NW018-1	0.514043829092994	0.0528682922527448	0.067816041271661	NA	0.000308655584461396	0.0403016005996737	0.0322324617487544	0.0512368270205917	0.021032673398298	0.0343489571850611	0.00171965254199921	0.000617311168922792	0.00520305128092068	0.0177256492790687	NA	0.00520305128092068	NA	NA	0.00291018122492173	0.00110234137307641	NA	0.0148595617090701	0.000970060408307245	NA	0.0162264650116848	NA	0.00462983376692094	0.000220468274615283	0.00414480356276732	NA	NA	NA	0.000661404823845849	0.0180343048635301	0.00180783985184532	0.00604083072445875	0.00493848935138234	0.00987697870276467	NA	0.00330702411922924	0.00242515102076811	0.0120816614489175	NA	0.00626129899907403	NA	0.00238105736584505	NA	NA	NA	NA	NA	NA	0.00776048326645796	NA	0.000220468274615283	0.00864235636491909	0.00608492437938181	0.00476211473169011	0.00242515102076811	NA	NA	NA	NA	NA	0.00643767361876626	NA	NA	NA	0.00185193350676838	NA	NA	NA	NA	NA	NA	0.00127871599276864	NA	NA	NA	NA	NA	NA	NA	NA	NA	NA	NA	NA	NA	NA	NA	NA	NA	NA	NA	NA	NA	NA	NA	NA	0.00194012081661449	NA	NA	NA	0.000396842894307509	NA	NA	NA	NA	NA	NA	NA	NA	NA	NA	NA	NA	NA	NA	NA	NA	0.000308655584461396	NA	NA	NA	NA	NA	NA	NA	NA	NA	NA	NA	NA	NA	NA	NA	NA	NA	NA	NA	NA	NA	NA	NA	NA	NA	NA	NA	NA	NA	NA	NA	NA	NA	NA	NA	NA	NA	NA	NA	NA	NA	NA	NA	NA	NA	NA	NA	NA	NA	NA	NA	NA	NA	NA	NA	NA	NA	NA	NA	NA	NA	NA	NA	0.000352749239384453	NA	NA	NA	NA	NA	NA	NA	NA	NA	NA	NA	NA	NA	NA	NA
NW018-2	0.451282647897155	0.0685242277936129	0.0451980687569077	NA	NA	0.0315862951544413	0.0216973998022221	0.0482810773078937	0.0120411843406434	0.0723634459891804	NA	NA	0.0101215752428596	0.0312372753184806	NA	0.0239660287359665	NA	NA	0.00890000581699727	0.000581699726601129	NA	0.00808562619975569	0.00162875923448316	NA	0.00529346751207027	NA	0.0105287650514804	NA	0.00366470827758711	NA	NA	NA	NA	0.0155895526729102	0.00331568844162643	0.00186143912512361	0.00413006805886801	0.00953987551625851	NA	0.00430457797684835	0.00639869699261241	0.0381013320923739	NA	NA	NA	0.00209411901576406	NA	NA	NA	NA	NA	NA	0.0101797452155197	NA	NA	0.00965621546157873	0.00878366587167704	0.00395555814088767	0.00395555814088767	NA	NA	NA	NA	NA	0.0111104647780816	NA	NA	NA	0.00447908789482869	NA	NA	NA	NA	NA	NA	0.00215228898842418	NA	NA	NA	NA	NA	NA	NA	NA	NA	NA	NA	NA	NA	NA	NA	NA	NA	NA	NA	NA	NA	NA	NA	NA	0.00319934849630621	NA	NA	NA	0.000465359781280903	NA	NA	NA	NA	NA	NA	NA	NA	NA	NA	NA	NA	NA	NA	NA	NA	NA	NA	NA	NA	NA	NA	NA	NA	NA	NA	NA	NA	NA	NA	NA	NA	NA	NA	NA	NA	NA	NA	NA	NA	NA	0.00127973939852248	NA	NA	NA	NA	NA	NA	NA	NA	NA	NA	NA	NA	NA	NA	NA	NA	NA	NA	NA	NA	NA	NA	NA	NA	NA	NA	NA	NA	NA	NA	NA	NA	NA	NA	NA	NA	NA	NA	0.000465359781280903	NA	NA	NA	NA	NA	NA	NA	NA	NA	NA	NA	NA	NA	NA	NA
NW018-3-1	0.529219414210305	0.0666137244826459	0.040967907693745	NA	NA	0.0441444387349932	0.013640398000654	0.084131358901294	0.0143411033773999	0.0208810202270285	NA	0.000607277993179801	0.0166300742747699	0.00906245620591395	NA	0.00948287943196151	NA	NA	0.00668005792497781	0.000980987527444294	NA	0.00658663054141169	0.000513850609613678	NA	0.00177512028775634	NA	0.006820199000327	0.000513850609613678	0.00840846452095109	NA	NA	NA	NA	0.010650721726538	0.00238239828093614	0.00172840659597328	0.00467136917830616	0.0104638669594058	NA	0.00499836502078759	0.00158826552062409	0.013640398000654	NA	0.00397066380156024	NA	0.00275610781520064	NA	NA	NA	NA	NA	0.000513850609613678	0.0141075349184846	0.000747419068528986	NA	0.00579249778109964	0.00574578408931658	0.00284953519876676	0.00971644789087682	NA	NA	NA	NA	NA	0.00980987527444294	NA	NA	NA	0.00798804129490354	NA	NA	NA	NA	NA	NA	0.000653991684962863	NA	NA	NA	0.000700705376745924	NA	NA	NA	NA	NA	NA	NA	NA	NA	NA	NA	NA	NA	NA	NA	NA	NA	NA	NA	NA	0.000653991684962863	NA	NA	NA	0.000233568458915308	NA	NA	NA	NA	NA	NA	NA	NA	NA	NA	NA	NA	NA	NA	NA	NA	NA	NA	NA	NA	NA	NA	NA	NA	NA	NA	NA	NA	NA	NA	NA	NA	NA	NA	NA	NA	NA	NA	NA	NA	NA	0.00102770121922736	NA	NA	NA	NA	NA	NA	NA	NA	NA	NA	NA	NA	NA	NA	NA	NA	NA	NA	NA	NA	NA	NA	NA	NA	NA	NA	NA	NA	NA	NA	NA	NA	NA	NA	NA	NA	NA	NA	0.000607277993179801	NA	NA	NA	NA	NA	NA	NA	NA	NA	NA	NA	NA	NA	NA	NA
NW018-3-2	0.494077388786523	0.0340879178731245	0.0938404843379837	NA	NA	0.0423795735719926	0.0134245854172151	0.0605422479599895	0.0130297446696499	0.0530402737562516	NA	NA	0.0107923137667807	0.0313240326401685	NA	0.00987101868912872	NA	NA	0.00447486180573835	NA	NA	0.0130297446696499	NA	NA	0.00658067912608581	NA	0.00500131613582522	NA	0.00539615688339037	NA	NA	NA	NA	0.00737036062121611	0.00447486180573835	0.00829165569886812	0.00829165569886812	0.0131613582521716	NA	0.00315872598052119	0.00302711239799947	0.0135561989997368	NA	NA	NA	NA	NA	NA	NA	NA	NA	NA	0.00750197420373783	0.00105290866017373	NA	0.0103974730192156	0.00184259015530403	0.00250065806791261	0.00434324822321664	NA	NA	NA	NA	NA	0.0181626743879968	NA	NA	NA	0.00197420373782574	NA	NA	NA	NA	NA	NA	NA	NA	NA	NA	NA	NA	NA	NA	NA	NA	NA	NA	NA	NA	NA	NA	NA	NA	NA	NA	NA	NA	NA	NA	NA	NA	NA	NA	NA	NA	NA	NA	NA	NA	NA	NA	NA	NA	NA	NA	NA	NA	NA	NA	NA	NA	NA	NA	NA	NA	NA	NA	NA	NA	NA	NA	NA	NA	NA	NA	NA	NA	NA	NA	NA	NA	NA	NA	NA	NA	NA	NA	NA	NA	NA	NA	NA	NA	NA	NA	NA	NA	NA	NA	NA	NA	NA	NA	NA	NA	NA	NA	NA	NA	NA	NA	NA	NA	NA	NA	NA	NA	NA	NA	NA	NA	NA	NA	NA	NA	NA	NA	NA	NA	NA	NA	NA	NA	NA	NA	NA	NA	NA	NA	NA	NA
NW018-4	0.479484425349087	0.0654672395273899	0.0338882921589689	NA	0.00037593984962406	0.0764769065520945	0.0145542427497315	0.074812030075188	0.0164339419978518	0.0235230934479055	NA	0.000537056928034372	0.0112244897959184	0.022610096670247	NA	0.00687432867883996	NA	NA	0.0104189044038668	0.00112781954887218	NA	0.00741138560687433	NA	NA	0.00580021482277121	NA	0.00316863587540279	0.000537056928034372	0.00370569280343716	NA	NA	NA	NA	0.0155209452201933	0.00166487647690655	NA	0.00708915145005371	0.0131578947368421	NA	0.00510204081632653	0.00338345864661654	0.0296992481203008	NA	0.00316863587540279	NA	0.00300751879699248	0.000537056928034372	NA	NA	NA	NA	0.000859291084854995	0.00757250268528464	NA	NA	0.0113319011815252	0.0121911922663802	0.00596133190118153	0.00617615467239527	NA	NA	NA	0.00118152524167562	NA	0.00741138560687433	NA	NA	NA	0.000537056928034372	NA	NA	NA	NA	NA	NA	0.000859291084854995	NA	NA	NA	NA	NA	NA	NA	NA	NA	NA	NA	NA	NA	NA	NA	NA	NA	NA	NA	NA	NA	NA	NA	NA	0.00284640171858217	NA	NA	NA	NA	NA	NA	NA	NA	NA	NA	NA	NA	NA	NA	NA	NA	NA	NA	NA	NA	NA	0.000268528464017186	NA	NA	NA	NA	NA	NA	NA	NA	NA	NA	NA	NA	NA	NA	NA	NA	NA	NA	NA	NA	NA	NA	NA	0.00118152524167562	NA	NA	NA	NA	NA	NA	NA	NA	NA	NA	NA	NA	NA	NA	NA	NA	NA	NA	NA	NA	NA	NA	NA	NA	NA	NA	NA	NA	NA	NA	NA	NA	NA	NA	NA	NA	NA	NA	0.000859291084854995	NA	NA	NA	NA	NA	NA	NA	NA	NA	NA	NA	NA	NA	NA	NA
NW018-5	0.493469834850017	0.0686299292214358	0.0485338725985844	NA	NA	0.091927873272666	0.0172312099764071	0.0723373778227165	0.016767778901247	0.0149561846983485	0.00143242332322211	NA	0.00863667003707449	0.0103218739467476	NA	0.00880519042804179	NA	NA	0.0135658914728682	0.00134816312773846	NA	0.0102797438490057	NA	NA	0.00105325244354567	NA	0.00278058645096057	0.00101112234580384	0.00825749915739805	NA	NA	NA	NA	0.0226659925851028	0.00134816312773846	NA	0.00796258847320526	0.00952140208965285	NA	0.00526626221772834	0.0012639029322548	0.00699359622514324	NA	0.000421300977418268	NA	0.00176946410515672	NA	NA	NA	NA	NA	0.000884732052578362	0.00366531850353893	NA	NA	0.00581395348837209	0.0137344118638355	0.00315975733063701	0.0104061341422312	NA	NA	NA	NA	NA	0.00248567576676778	NA	NA	NA	0.0066144253454668	NA	NA	NA	NA	NA	0.00113751263902932	0.000252780586450961	NA	NA	NA	0.000884732052578362	NA	NA	NA	NA	NA	NA	NA	NA	NA	NA	NA	NA	NA	NA	NA	NA	NA	0.000252780586450961	NA	NA	0.000294910684192787	NA	NA	NA	0.000547691270643748	NA	NA	NA	NA	NA	NA	NA	NA	NA	NA	NA	NA	NA	NA	NA	NA	0.000210650488709134	NA	NA	0.000463431075160094	NA	NA	NA	NA	NA	NA	NA	NA	NA	NA	NA	NA	NA	NA	NA	NA	NA	NA	NA	NA	NA	0.000631951466127401	NA	NA	NA	NA	NA	NA	NA	NA	NA	NA	NA	NA	NA	NA	NA	NA	NA	NA	NA	NA	NA	NA	NA	NA	NA	NA	NA	NA	NA	NA	NA	NA	NA	NA	NA	NA	NA	NA	NA	NA	NA	NA	NA	NA	NA	NA	NA	NA	NA	NA	NA	NA	NA	NA
NW019-1	0.196202235629765	0.0878349936859829	0.148870492493335	0.00823160750198775	0.000701557457555774	0.11182825873439	0.00654786960385389	0.0949908797530518	0.00612693512932043	0.0107104438520181	NA	0.016650296992657	0.00570600065478696	0.00102895093774847	NA	0.00322716430475656	0.0191291333426874	0.0157616575464197	0.0167438379869978	NA	0.035966512324026	NA	0.00121603292643001	0.00823160750198775	NA	0.0108975258406997	0.0386324306627379	0.00215144286983771	NA	0.00229175436134886	0.0102427388803143	NA	0.00425611524250503	NA	0.00252560684720079	NA	NA	0.00102895093774847	NA	NA	NA	NA	0.00977503390861045	0.00028062298302231	0.00593985314063889	0.00252560684720079	NA	NA	0.00388195126514195	0.0100556568916328	0.000701557457555774	0.000514475468874234	NA	0.010570132360507	NA	NA	NA	NA	0.00126280342360039	0.0137972966652636	0.00140311491511155	NA	NA	0.000467704971703849	NA	0.0242738880314298	NA	NA	NA	NA	NA	0.0212805762125251	NA	0.00191759038398578	NA	NA	NA	0.000561245966044619	NA	NA	NA	NA	NA	NA	NA	0.00215144286983771	0.00561245966044619	NA	NA	NA	0.000841868949066929	NA	NA	NA	NA	0.000327393480192694	0.00388195126514195	0.00322716430475656	NA	NA	NA	NA	NA	0.000795098451896544	NA	NA	NA	NA	0.000561245966044619	NA	NA	NA	NA	NA	NA	0.000467704971703849	NA	NA	0.000233852485851925	NA	NA	NA	NA	NA	NA	NA	0.000654786960385389	NA	NA	NA	NA	NA	NA	0.000841868949066929	NA	0.00140311491511155	NA	0.000982180440578083	NA	NA	NA	NA	NA	NA	NA	NA	NA	NA	NA	NA	NA	NA	NA	NA	NA	NA	NA	NA	NA	NA	NA	NA	NA	NA	NA	NA	NA	NA	NA	NA	NA	NA	NA	NA	NA	NA	NA	NA	NA	NA	NA	NA	NA	0.000467704971703849	NA	NA	NA	NA	NA	NA	0.000608016463215004	NA	NA	NA	NA	NA	NA	NA	NA	NA	NA
NW019-2-1	0.222679546409072	0.079882402351953	0.165896682066359	0.00991180176396472	NA	0.116673666526669	0.00361192776144477	0.0812263754724906	0.00251994960100798	0.00764384712305754	NA	0.0136077278454431	0.00302393952120958	0.000923981520369593	NA	0.00562788744225115	0.0110877782444351	0.00680386392272155	0.0173876522469551	NA	0.0225115497690046	NA	NA	0.00764384712305754	NA	0.00831583368332633	0.0209155816883662	0.00159596808063839	0.00218395632087358	NA	0.0350272994540109	NA	0.00310793784124318	NA	0.00218395632087358	NA	NA	NA	NA	NA	NA	NA	0.0106677866442671	NA	0.00529189416211676	0.00335993280134397	NA	NA	0.00655186896262075	0.0116757664846703	0.00159596808063839	0.000755984880302394	NA	0.0156236875262495	NA	NA	NA	NA	0.000923981520369593	0.0160436791264175	0.000671986560268795	NA	NA	NA	NA	0.0302393952120958	NA	0.000335993280134397	NA	NA	NA	0.0242755144897102	NA	0.00209995800083998	NA	NA	NA	0.000839983200335993	NA	NA	NA	NA	NA	NA	0.000419991600167997	0.00268794624107518	0.00478790424191516	NA	NA	NA	NA	NA	NA	NA	NA	NA	NA	0.00117597648047039	NA	NA	NA	NA	NA	0.00125997480050399	NA	NA	NA	NA	0.000839983200335993	NA	NA	NA	NA	NA	NA	NA	NA	NA	NA	NA	NA	NA	NA	NA	NA	NA	0.000671986560268795	NA	NA	NA	NA	NA	NA	NA	NA	0.00293994120117598	NA	0.000671986560268795	NA	0.000671986560268795	NA	NA	NA	NA	NA	NA	NA	NA	NA	NA	NA	NA	NA	NA	NA	NA	NA	NA	NA	NA	NA	0.000923981520369593	NA	NA	NA	NA	NA	NA	NA	NA	NA	NA	NA	NA	NA	NA	NA	NA	NA	NA	NA	NA	NA	NA	NA	NA	NA	NA	NA	NA	NA	NA	NA	NA	NA	NA	NA	NA	NA	NA	NA
NW019-2-2	0.189452445557643	0.0683921241216169	0.109719613163571	0.00702706463507966	0.00125234815278647	0.146663883670772	0.0102970848117999	0.055312043414736	0.00187852222917971	0.013288805399012	NA	0.0186460724970431	0.0102970848117999	NA	NA	0.00466151812426077	0.0107841090934391	0.002643846100327	0.013288805399012	NA	0.023794614902943	NA	0.00187852222917971	0.00716621442983372	0.000695748973770264	0.00327002017672024	0.0134279551937661	0.00327002017672024	0.00480066791901482	NA	0.0701314965560426	NA	0.00556599179016211	NA	0.00403534404786753	NA	NA	NA	NA	NA	NA	NA	0.0176720239337647	0.000487024281639185	0.00751408891671885	0.00333959507409727	NA	0.000487024281639185	0.00939261114589856	0.0102275099144229	0.00139149794754053	NA	NA	0.0126626313226188	NA	0.000347874486885132	NA	NA	NA	0.0140541292701593	NA	NA	NA	0.000974048563278369	NA	0.0509288248799833	NA	NA	NA	NA	NA	0.0480762540875252	NA	0.0010436234606554	NA	NA	NA	NA	0.00180894733180269	NA	NA	NA	NA	NA	0.000487024281639185	0.00153064774229458	0.00271342099770403	NA	NA	NA	NA	NA	NA	NA	NA	NA	NA	0.00180894733180269	NA	NA	NA	NA	NA	NA	NA	0.000556599179016211	NA	NA	0.00111319835803242	NA	NA	NA	NA	NA	NA	NA	NA	NA	0.000487024281639185	NA	NA	NA	NA	NA	NA	NA	0.000487024281639185	NA	NA	NA	NA	NA	NA	0.00125234815278647	NA	0.00187852222917971	NA	0.00473109302163779	NA	0.000556599179016211	NA	NA	NA	NA	NA	NA	NA	NA	NA	NA	NA	NA	NA	NA	NA	NA	NA	NA	NA	NA	NA	NA	NA	NA	NA	NA	NA	NA	NA	NA	NA	NA	NA	NA	NA	NA	NA	NA	NA	NA	NA	NA	NA	NA	NA	NA	NA	NA	NA	NA	0.000347874486885132	NA	NA	NA	NA	NA	NA	NA	NA	NA	NA
NW019-3	0.258051707403159	0.0627812582723021	0.134871613870996	0.00873555104561899	0.000794141004147181	0.127900820612371	0.00445601341215918	0.0649872055060443	0.00172063884231889	0.00780905320744728	NA	0.0114268066707844	0.00855907526691962	0.000352951557398747	NA	0.00185299567634342	0.0111179740580605	0.00741198270537369	0.0100591193858643	NA	0.0310597370510897	NA	0.00154416306361952	0.00736786376069884	0.00154416306361952	0.00494132180358246	0.0148239654107474	0.00441189446748434	0.00180887673166858	NA	0.0322509485573105	NA	0.00414718079943528	NA	0.00216182828906733	NA	NA	NA	NA	NA	NA	NA	0.0133680402364775	NA	0.00895614576899321	0.00414718079943528	NA	0.000308832612723904	0.0139857054619254	0.0163681284743669	0.00185299567634342	NA	NA	0.0106326656666373	NA	NA	NA	NA	NA	0.0165887231977411	0.000617665225447807	NA	NA	0.000794141004147181	NA	0.0262507720815318	NA	NA	NA	NA	NA	0.0405453101561811	NA	0.000705903114797494	NA	NA	NA	NA	NA	NA	NA	NA	NA	NA	0.000573546280772964	0.00141180622959499	0.00216182828906733	NA	NA	NA	0.000176475778699374	NA	0.00039707050207359	NA	NA	NA	NA	0.00119121150622077	NA	NA	NA	NA	NA	0.000882378893496868	NA	0.000308832612723904	NA	NA	0.00141180622959499	NA	NA	NA	NA	NA	NA	NA	NA	NA	0.000750022059472337	NA	NA	NA	NA	NA	NA	NA	0.000573546280772964	NA	NA	NA	4.41189446748434e-05	NA	NA	0.000617665225447807	NA	0.00304420718256419	NA	0.00163240095296921	NA	0.000220594723374217	NA	NA	NA	NA	NA	NA	NA	NA	NA	NA	NA	NA	NA	NA	NA	NA	NA	NA	NA	NA	NA	NA	NA	NA	NA	NA	NA	NA	NA	NA	NA	NA	0.000529427336098121	NA	NA	NA	NA	NA	NA	NA	NA	NA	NA	NA	NA	NA	NA	NA	NA	NA	NA	NA	NA	NA	NA	NA	NA	NA	NA	NA	NA
NW019-4	0.295428855631415	0.0778134466699824	0.132884206718814	0.00592304562101551	0.000723425419360673	0.0918750282588054	0.0056969751774653	0.0629832255730886	0.00321020029841299	0.00366234118551341	NA	0.0169552832662658	0.00384319754035357	0.000497354975810463	NA	0.00316498620970294	0.0144685083872135	0.00994709951620925	0.0148302210968938	0.000135642266130126	0.0232852556856717	NA	0.000678211330650631	0.0102635981371795	0.00194420581453181	0.00560654700004521	0.0217931907582403	0.00275805941131256	0.00221549034679206	NA	0.033322783379301	NA	0.00217027625808202	NA	0.00176334945969164	NA	NA	0.000542569064520505	NA	NA	NA	NA	0.0102635981371795	0.000361712709680336	0.0108513812904101	0.00533526246778496	NA	NA	0.0133381561694624	0.0157345028710946	0.000678211330650631	0.000497354975810463	NA	0.0143780802097934	NA	NA	NA	NA	0.000768639508070715	0.0172717818872361	0.000632997241940589	NA	NA	0.00045214088710042	NA	0.0229235429759913	NA	NA	NA	NA	NA	0.0198941990324185	NA	0.000768639508070715	NA	NA	NA	NA	NA	NA	NA	NA	NA	NA	0.00045214088710042	0.00126599448388118	0.00470226522584437	NA	NA	NA	0.000632997241940589	NA	0.00022607044355021	NA	NA	NA	NA	0.000587783153230547	NA	NA	NA	NA	NA	0.00108513812904101	NA	NA	NA	NA	0.00117556630646109	NA	NA	NA	NA	NA	NA	NA	NA	NA	0.000904281774200841	NA	NA	NA	NA	NA	NA	NA	0.000497354975810463	NA	NA	NA	9.04281774200841e-05	NA	NA	NA	NA	0.00176334945969164	NA	NA	NA	0.000678211330650631	NA	NA	NA	NA	NA	NA	NA	NA	NA	NA	NA	NA	NA	NA	NA	NA	NA	NA	NA	NA	NA	0.000678211330650631	NA	NA	NA	NA	NA	NA	NA	NA	NA	NA	0.000723425419360673	NA	NA	NA	NA	NA	NA	NA	NA	NA	NA	NA	NA	NA	NA	NA	NA	NA	NA	NA	NA	NA	NA	NA	NA	NA	NA	NA	NA
NW019-5	0.177964446180895	0.111271732760305	0.13029888650127	0.013322914631764	0.000820472748583708	0.15854659113108	0.00199257667513186	0.106153545614378	0.0104317249462786	0.00289118968548545	NA	0.0130884938464544	0.00336003125610471	0.000234420785309631	NA	0.00437585465911311	0.0226997460441492	0.0159406134010549	0.0173862082437976	NA	0.0643094354366087	NA	NA	0.0148857198671616	NA	0.00726704434459855	0.0187927329556554	0.00293025981637038	NA	0.000703262355928892	0.00164094549716742	NA	0.00257862863840594	NA	0.00207071693690174	NA	NA	NA	NA	NA	NA	NA	0.00222699746044149	NA	0.00293025981637038	0.000586051963274077	NA	NA	0.00359445204141434	0.0142605977730025	0.000859542879468646	0.000859542879468646	NA	0.00699355342840399	NA	NA	NA	NA	0.000546981832389139	0.0103145145536238	0.0005079117015042	NA	NA	NA	NA	0.022856026567689	NA	NA	0.000312561047079508	NA	NA	0.0035553819105294	NA	0.000820472748583708	NA	NA	NA	0.000468841570619262	0.000117210392654815	NA	NA	NA	NA	NA	NA	0.00250048837663606	0.00367259230318422	NA	NA	NA	0.000468841570619262	NA	NA	NA	NA	0.000429771439734323	0.000703262355928892	0.00187536628247705	NA	NA	NA	NA	NA	0.000859542879468646	NA	0.0005079117015042	NA	NA	0.000625122094159015	NA	NA	NA	NA	NA	0.000312561047079508	0.000703262355928892	NA	NA	0.00156280523539754	NA	NA	NA	NA	NA	NA	NA	0.000781402617698769	NA	NA	NA	0.00109396366477828	NA	NA	0.000976753272123462	NA	0.00179722602070717	NA	0.000781402617698769	NA	0.00121117405743309	NA	NA	NA	NA	NA	NA	NA	0.000234420785309631	NA	NA	NA	NA	NA	NA	NA	NA	NA	NA	NA	NA	NA	NA	NA	NA	NA	NA	NA	NA	NA	NA	NA	0.000703262355928892	NA	NA	NA	NA	NA	NA	NA	NA	NA	NA	NA	NA	NA	NA	NA	NA	NA	NA	0.000429771439734323	NA	NA	NA	NA	NA	NA	NA	NA	NA	NA
NW020-1	0.029722079258878	0.159589981128839	NA	NA	NA	0.000514668039114771	0.145436610053182	0.0259049579687768	0.0616743866872534	0.0859066735289072	0.0126093669583119	0.00917824669754675	0.00394578829987991	0.0257334019557386	NA	0.0482930176702693	NA	NA	0.00600446045633899	0.0107651398181506	0.0805455481214617	0.0216160576428204	0.0226882827243095	NA	0.0184422714016126	NA	0.0266340710241894	0.00137244810430606	0.00283067421513124	NA	NA	0.0070766855378281	0.00917824669754675	0.0595728255275347	NA	0.00806313261279808	0.00943558071710413	0.00806313261279808	NA	0.00450334534225425	0.00591868244981987	0.0028735632183908	NA	NA	NA	NA	0.00446045633899468	0.000857780065191285	NA	NA	NA	0.00193000514668039	0.00553268142048379	NA	NA	0.0199004975124378	0.00171556013038257	NA	NA	NA	0.0112369188540058	NA	0.00205867215645908	0.00484645736833076	NA	NA	0.00188711614342083	0.00111511408474867	0.00184422714016126	0.00167267112712301	NA	NA	NA	NA	NA	0.0116658088866015	NA	NA	NA	0.00201578315319952	NA	0.00381712129010122	NA	NA	NA	NA	NA	NA	NA	NA	NA	NA	NA	NA	NA	NA	NA	NA	NA	NA	NA	NA	NA	NA	0.000514668039114771	NA	NA	NA	NA	0.000471779035855207	NA	NA	NA	NA	0.00132955910104649	NA	NA	NA	0.000900669068450849	NA	0.00107222508148911	0.000729113055412592	0.00218733916623778	NA	0.000729113055412592	NA	NA	NA	0.000557557042374335	NA	4.28890032595642e-05	NA	NA	NA	NA	NA	0.000386001029336078	NA	NA	NA	NA	NA	NA	NA	NA	NA	NA	NA	NA	NA	NA	NA	NA	NA	NA	NA	NA	NA	NA	NA	NA	NA	NA	NA	NA	NA	0.000428890032595642	NA	NA	NA	NA	NA	NA	NA	NA	NA	NA	NA	NA	NA	NA	NA	NA	NA	NA	NA	NA	NA	NA	NA	NA	NA	NA	NA	NA	NA	NA	NA	NA	NA	NA
NW020-2	0.0741449830301976	0.145505177965364	NA	NA	NA	0.000696197023757723	0.10408145505178	0.0549995648768602	0.0700548255156209	0.0982508049778087	0.00574362544600122	0.00809329040118354	0.00922461056478984	0.0386389348185536	NA	0.0605691410669219	NA	NA	0.0164476546862762	0.00435123139848577	0.0602210425550431	0.0147071621268819	0.020798886084762	NA	0.00487337916630406	NA	0.0203637629449134	0.0061787485858498	0.00382908363066748	NA	NA	0.00321991123487947	0.0211469845966408	0.0324601862327039	NA	0.00948568444869898	0.00609172395788008	0.00365503437472805	NA	0.00165346793142459	0.0061787485858498	0.0255852406230963	NA	NA	NA	NA	NA	NA	0.000870246279697154	NA	NA	NA	0.0079192411452441	NA	NA	0.0207118614567923	0.000783221651727439	NA	0.00321991123487947	NA	0.00374205900269776	NA	0.00104429553563659	0.00461230528239492	NA	NA	0.00252371421112175	NA	0.0011313201636063	0.00104429553563659	NA	NA	NA	NA	NA	0.0106170046123053	NA	NA	NA	0.00130536941954573	NA	0.00635279784178923	NA	NA	NA	NA	NA	NA	NA	NA	NA	NA	NA	NA	NA	NA	NA	NA	NA	NA	NA	NA	NA	NA	0.000783221651727439	NA	NA	NA	NA	NA	NA	NA	NA	NA	NA	NA	NA	NA	NA	NA	0.000696197023757723	NA	0.00095727090766687	NA	NA	NA	NA	NA	0.000348098511878862	NA	8.70246279697154e-05	NA	NA	NA	NA	NA	NA	NA	NA	NA	NA	NA	NA	NA	NA	NA	NA	NA	NA	NA	NA	NA	NA	NA	NA	NA	NA	NA	NA	NA	NA	NA	NA	NA	NA	NA	NA	NA	NA	NA	NA	NA	NA	NA	NA	NA	NA	NA	NA	NA	NA	NA	NA	NA	NA	NA	NA	NA	NA	NA	NA	NA	NA	NA	NA	NA	NA	NA	NA	NA	NA
NW020-3	0.0638426018871713	0.134460951616141	NA	NA	0.000803051596065047	0.000953623770327244	0.0988757277655089	0.0430636418389882	0.0433145954627585	0.0890383457137121	0.00732784581409356	0.00777956233688014	0.00963661915278057	0.02604898614736	NA	0.0572174262196346	NA	NA	0.0094358562537643	0.00883356755671552	0.155942581810881	0.00933547480425617	0.0159606504717928	NA	0.00577193334671753	NA	0.0155089339490062	0.00451716522786589	0.0029110620357358	NA	NA	0.0104396707488456	0.0190222846817908	0.045272033728167	NA	0.00577193334671753	0.00838185103392893	0.0103392892993375	NA	0.00301144348524393	0.00511945392491468	0.0165629391688416	NA	NA	NA	NA	0.00170648464163823	NA	NA	NA	NA	NA	0.00366392290704678	NA	NA	0.0168138927926119	0.00140534029311383	NA	0.00401525798032524	NA	0.00873318610720739	NA	NA	0.00431640232884963	NA	NA	0.00115438666934351	0.000501907247540655	0.00200762899016262	NA	NA	NA	NA	NA	NA	0.0103894800240915	NA	NA	NA	0.00230877333868701	NA	0.00185705681590042	NA	NA	NA	NA	NA	0.000903433045573178	NA	NA	NA	NA	NA	NA	NA	NA	NA	NA	NA	NA	NA	NA	NA	NA	0.000351335073278458	0.000250953623770327	NA	NA	NA	0.000250953623770327	NA	NA	NA	NA	NA	NA	NA	NA	0.000602288697048785	NA	0.00155591246737603	0.000401525798032524	0.00185705681590042	NA	NA	NA	NA	NA	NA	NA	NA	NA	NA	NA	NA	NA	NA	NA	NA	NA	NA	NA	NA	NA	NA	NA	NA	NA	NA	NA	NA	NA	NA	NA	NA	NA	NA	NA	NA	NA	NA	NA	NA	NA	NA	NA	NA	NA	NA	NA	NA	NA	NA	NA	NA	NA	NA	NA	NA	NA	NA	NA	NA	NA	NA	NA	NA	NA	0.000451716522786589	NA	NA	NA	NA	NA	NA	NA	NA	NA	NA	NA	NA
NW020-5	0.0783259035478761	0.185167446487124	NA	NA	0.000147367645433445	0.0262314408871532	0.129683527981432	0.0197104225767233	0.0388682164830711	0.139299266845964	0.00983679033268246	0.00383155878126957	0.0047526065652286	0.0729469844895553	NA	0.0393840032420882	NA	NA	0.00644733448771322	0.00556312861511255	0.00578418008326272	0.0195630549312898	0.0253472350145526	NA	0.00567365434918764	NA	0.014884132188778	0.0128946689754264	0.00250524997236857	NA	NA	0.00327893011089415	0.00508418376745386	0.0510997310540471	NA	0.00386840069262793	0.007036805069447	0.00136315072025937	NA	0.00103157351803412	0.0113841506097336	0.000699996315808864	NA	NA	NA	NA	0.000884205872600671	NA	0.000368419113583613	NA	NA	0.000515786759017058	0.00991047415539918	NA	NA	0.018863058615481	0.000957889695317393	NA	0.000663154404450503	NA	0.00151051836569281	NA	0.00283682717459382	0.00139999263161773	NA	NA	0.00379471686991121	0.00128946689754264	0.000773680138525587	0.00427366171756991	NA	NA	NA	NA	NA	0.00154736027705117	NA	NA	NA	NA	NA	0.0107946800279999	0.00106841542939248	NA	NA	NA	NA	NA	NA	NA	NA	NA	NA	NA	NA	NA	NA	NA	NA	NA	NA	NA	NA	NA	0.000478944847658697	0.000221051468150168	NA	NA	NA	0.000478944847658697	NA	NA	NA	NA	0.00187893747927642	NA	NA	NA	0.00029473529086689	NA	0.00128946689754264	NA	0.00058947058173378	NA	0.00103157351803412	NA	NA	NA	NA	NA	NA	NA	NA	NA	NA	NA	NA	NA	NA	NA	NA	0.000442102936300335	NA	NA	NA	NA	NA	NA	NA	NA	NA	NA	NA	NA	NA	NA	NA	NA	NA	NA	NA	NA	NA	NA	NA	NA	NA	NA	NA	NA	NA	NA	NA	NA	NA	NA	NA	NA	NA	NA	NA	NA	NA	NA	NA	NA	NA	NA	0.000147367645433445	NA	NA	NA	NA	NA	NA	NA	NA	NA	NA	NA	NA
NW020-6	0.328314806997796	0.130434782608696	NA	NA	NA	0.0378969091506027	0.0657567656301299	0.0249519253318325	0.027250128980817	0.0863936963557056	0.00989634632521927	0.00379907133811735	0.00201679095727217	0.0476994512452512	NA	0.0145396557384738	0.00544064537310633	NA	0.00333005018526336	0.00211059518784297	0.017259978425027	0.0108343886309273	0.014211340931476	NA	0.0158998170817504	NA	0.00862998921251348	0.00633178556352891	0.00187608461141597	NA	NA	0.00272032268655316	0.0188077482294451	0.0329721870456358	NA	0.00215749730312837	0.00511233056610853	0.00075043384456639	NA	0.00140706345856198	0.0074105342150931	0.00520613479667933	NA	NA	NA	NA	NA	0.000984944420993387	0.00328314806997796	NA	NA	0.000234510576426997	0.0072698278692369	NA	NA	0.0124290605506308	0.000797335959851789	NA	0.00107874865156419	NA	0.000844238075137189	NA	0.00075043384456639	0.0116786267060644	NA	NA	0.00318934383940716	NA	0.000844238075137189	0.00136016134327658	NA	NA	NA	NA	NA	0.00121945499742038	NA	NA	NA	NA	NA	0.00548754748839173	0.00408048402982975	NA	NA	NA	NA	NA	NA	NA	NA	NA	NA	NA	NA	NA	NA	NA	NA	NA	NA	NA	NA	NA	NA	NA	NA	NA	NA	0.000234510576426997	NA	NA	NA	NA	0.000515923268139393	NA	NA	NA	0.000469021152853994	NA	0.000515923268139393	NA	0.000844238075137189	NA	0.000375216922283195	NA	NA	NA	NA	NA	NA	NA	NA	NA	NA	NA	NA	NA	NA	NA	NA	NA	NA	NA	NA	NA	NA	NA	NA	NA	NA	NA	NA	NA	NA	NA	NA	NA	NA	NA	NA	NA	NA	NA	NA	NA	NA	NA	NA	NA	NA	NA	NA	NA	NA	NA	NA	NA	NA	NA	NA	NA	NA	NA	NA	NA	NA	NA	9.38042305707987e-05	NA	NA	NA	NA	NA	NA	NA	NA	NA	NA	NA	NA
NW021-3	0.544536038892412	0.0556753329105897	0.20997674910167	NA	0.0862396956246037	0.0153455928979074	0.00245191291481716	0.0188966391883323	0.00684844641724794	0.00186007186641302	0.00503064891143521	NA	NA	0.00333967448742338	NA	NA	NA	0.00300147960262101	0.00173324878461213	0.00160642570281125	NA	0.00232508983301628	NA	0.00143732826041006	0.00401606425702811	0.00329740012682308	0.00126823081800888	0.00160642570281125	0.00093003593320651	0.00536884379623758	NA	NA	NA	NA	NA	NA	NA	0.00177552314521243	NA	0.000803212851405623	0.0021137180300148	NA	NA	0.000338194884802367	NA	NA	0.00093003593320651	NA	0.00228281547241598	0.00198689494821391	NA	0.000591841048404143	0.00118368209680829	NA	0.00634115409004439	NA	NA	NA	0.00135277953920947	NA	0.000972310293806806	NA	0.000718664130205031	0.000507292327203551	NA	NA	0.000507292327203551	NA	NA	NA	NA	NA	NA	NA	NA	NA	NA	NA	NA	NA	NA	0.000295920524202071	NA	NA	NA	NA	NA	NA	NA	NA	NA	NA	NA	NA	NA	NA	0.00021137180300148	NA	NA	NA	NA	NA	NA	NA	NA	NA	NA	NA	NA	NA	NA	NA	NA	NA	NA	NA	NA	NA	NA	NA	NA	NA	NA	NA	NA	NA	NA	NA	NA	NA	NA	NA	NA	NA	NA	NA	NA	NA	NA	NA	NA	NA	NA	NA	NA	NA	NA	NA	NA	NA	NA	NA	NA	NA	NA	NA	0.000295920524202071	NA	NA	NA	NA	NA	NA	NA	NA	NA	NA	NA	NA	NA	NA	NA	NA	NA	NA	NA	NA	NA	NA	NA	NA	NA	NA	NA	NA	NA	NA	NA	NA	NA	NA	NA	NA	NA	NA	NA	NA	NA	NA	NA	NA
NW021-5	0.44866272663528	0.102223780426725	0.138335169788641	NA	0.144695983171391	0.00210357607933487	0.0100671140939597	0.0170289492136632	0.028598617650005	0.00721226084343384	0.00460783331663829	NA	NA	0.000851447460683161	NA	0.000200340578984273	NA	0.00731243113292597	0.00235400180306521	0.00210357607933487	NA	0.00180306521085846	0.00155263948712812	0.00140238405288991	0.00495842932986076	0.00671140939597315	0.00210357607933487	0.00325553440849444	0.000851447460683161	0.0233396774516678	NA	NA	NA	NA	NA	0.00165280977662025	NA	0.0120705198838025	NA	0.000751277171191025	0.00255434238204948	NA	NA	0.00200340578984273	NA	NA	NA	NA	0.00565962135630572	0.00350596013222478	NA	0.00060102173695282	0.0011018731844135	NA	0.00260442752679555	NA	NA	NA	0.00100170289492137	NA	0.000701192026444956	NA	NA	NA	NA	NA	NA	NA	0.00090153260542923	NA	NA	NA	NA	NA	NA	NA	NA	NA	NA	NA	NA	NA	NA	NA	NA	NA	NA	0.00090153260542923	NA	NA	NA	NA	NA	NA	NA	NA	0.00090153260542923	NA	NA	NA	NA	NA	NA	NA	NA	NA	NA	NA	NA	NA	NA	NA	NA	NA	NA	NA	NA	NA	NA	NA	NA	NA	NA	NA	NA	NA	0.00060102173695282	0.000150255434238205	NA	NA	NA	NA	NA	NA	NA	NA	NA	NA	NA	NA	NA	NA	NA	NA	NA	NA	NA	NA	NA	NA	NA	NA	NA	NA	NA	NA	NA	NA	NA	NA	NA	NA	NA	NA	NA	NA	NA	NA	NA	NA	NA	NA	NA	NA	NA	NA	NA	NA	NA	NA	NA	NA	NA	NA	NA	NA	NA	NA	NA	NA	NA	NA	NA	NA	NA	NA	NA	NA	NA	NA	NA
NW021-6	0.293524562532561	0.170635285464742	0.0542122521528608	NA	0.272133860439459	0.00475008427568876	0.018234194477644	0.0258956207287549	0.00882596304127977	0.00438233581563544	0.031503784744568	0.000735496920106647	NA	0.000827434035119978	NA	0.000275811345039993	0.000183874230026662	0.00692592933100426	NA	0.00128711961018663	NA	0.00459685575066654	0.0016855137752444	0.000643559805093316	0.00349361037050657	0.00971468848640863	0.0132695902669241	0.00720174067604425	0.00110324538015997	0.0252214152186571	NA	NA	NA	NA	NA	0.00318715332046214	NA	0.00643559805093316	NA	NA	0.00597591247586651	NA	NA	0.00312586191045325	NA	NA	NA	NA	0.000582268395084429	0.00257423922037326	NA	NA	0.0021758450553155	NA	0.00202261653029328	NA	0.000183874230026662	NA	0.00113389108516441	NA	0.00150163954521774	NA	0.000858079740124422	0.000306457050044436	NA	NA	0.00162422236523551	0.000245165640035549	0.000122582820017775	NA	NA	NA	NA	NA	NA	NA	NA	NA	NA	NA	NA	NA	NA	NA	NA	NA	NA	0.00128711961018663	NA	0.00208390794030217	NA	NA	NA	0.000306457050044436	NA	NA	0.000490331280071098	NA	NA	NA	0.0019000337102755	NA	NA	NA	NA	0.000306457050044436	NA	NA	NA	NA	NA	NA	NA	NA	NA	NA	NA	NA	NA	NA	NA	NA	NA	NA	NA	NA	NA	0.000183874230026662	NA	NA	9.19371150133309e-05	NA	NA	NA	NA	NA	NA	NA	NA	NA	NA	NA	NA	3.06457050044436e-05	NA	NA	NA	NA	NA	NA	NA	NA	NA	NA	NA	NA	NA	NA	NA	NA	NA	NA	NA	NA	NA	NA	NA	NA	NA	NA	NA	NA	NA	NA	NA	NA	NA	NA	NA	NA	NA	NA	NA	NA	NA	NA	NA	NA	NA	NA	NA	NA	NA	NA	NA	NA	NA	NA	NA	NA	NA
NW022-1	0.297485943255994	0.277386415045563	0.0775544496865508	0.00109868803722614	0.00471789568926517	0.000258514832288503	0.0180960382601952	0.0135720286951464	0.0166095779745363	0.0672784851030828	0.00142183157758676	NA	0.0110515090803335	0.022103018160667	NA	0.0173204937633297	NA	0.012344083241776	0.00840173204937633	NA	0.00161571770180314	0.00323143540360628	0.00355457894396691	0.00142183157758676	0.0176436373036903	0.0155108899373102	0.0137659148193628	0.0025205196148129	0.0139598009435791	NA	NA	NA	NA	0.0230078200736767	0.00148646028565889	0.00135720286951464	0.00142183157758676	NA	NA	0.00142183157758676	0.00271440573902928	0.0127318554902088	NA	0.00937116267045822	NA	NA	0.000517029664577005	0.00239126219866865	NA	NA	NA	NA	0.00239126219866865	NA	NA	0.00355457894396691	0.000904801913009759	NA	NA	NA	0.0030375492793899	NA	NA	NA	NA	NA	0.000258514832288503	NA	NA	NA	0.00187423253409164	NA	NA	0.000452400956504879	NA	0.00213274736638015	NA	NA	NA	NA	NA	0.000969430621081885	NA	NA	NA	NA	NA	NA	NA	NA	0.00168034640987527	NA	NA	NA	NA	NA	0.000904801913009759	NA	NA	NA	0.00336069281975053	NA	NA	0.00148646028565889	NA	NA	NA	NA	NA	NA	NA	NA	NA	NA	NA	NA	NA	NA	NA	NA	NA	NA	NA	NA	NA	NA	NA	NA	NA	NA	NA	NA	NA	NA	NA	NA	NA	NA	NA	NA	NA	NA	NA	NA	NA	NA	NA	NA	NA	NA	NA	NA	NA	0.000646287080721256	NA	NA	NA	NA	NA	NA	NA	NA	NA	NA	NA	NA	NA	NA	NA	NA	NA	NA	NA	NA	NA	NA	NA	NA	NA	NA	NA	NA	NA	NA	NA	NA	NA	NA	NA	NA	NA	NA	NA	NA	NA	NA	NA	NA	NA	NA	NA
NW022-4	0.140858549033904	0.0729584396646008	0.0213270142180095	0.00300765585125775	0.00442034269048487	0.000956981407218374	0.0407856361647831	0.0146737149106817	0.013488880787459	0.029894276339774	9.11410864017499e-05	0.00232409770324462	0.139035727305869	0.0624316441851987	NA	0.141633248268319	0.00524061246810062	0.0264309150565075	0.0182737878235509	0.00483047757929275	0.002916514764856	0.0176358002187386	0.016405395552315	0.00391906671527525	0.0023696682464455	0.00341779074006562	0.0210535909588042	0.00934196135617936	0.0725938753189938	NA	NA	NA	NA	0.0179547940211447	0.0128508931826467	0.00555960627050674	0.00191396281443675	NA	NA	NA	0.00268866204885162	NA	NA	0.00282537367845425	NA	0.003281079110463	0.00264309150565075	NA	NA	0.001458257382428	NA	0.002187386073642	NA	NA	NA	0.002551950419249	0.0001822821728035	NA	NA	NA	0.00560517681370762	NA	NA	NA	NA	NA	0.00195953335763762	0.00191396281443675	NA	0.000318993802406125	0.0138990156762669	NA	NA	0.0111192125410135	NA	NA	NA	NA	NA	0.000501275975209624	NA	NA	NA	NA	NA	NA	0.004739336492891	NA	NA	NA	0.00241523878964637	0.00113926358002187	NA	NA	NA	NA	0.00141268683922712	NA	NA	NA	NA	NA	NA	NA	0.00104812249362012	NA	NA	NA	NA	NA	NA	NA	NA	NA	NA	NA	NA	NA	NA	NA	NA	NA	0.000820269777615749	NA	0.000592417061611374	0.000683558148013124	NA	NA	NA	NA	NA	NA	NA	NA	NA	NA	NA	NA	0.00113926358002187	0.000546846518410499	NA	0.00027342325920525	NA	NA	NA	NA	NA	NA	NA	NA	NA	NA	NA	0.001458257382428	NA	NA	NA	NA	NA	NA	NA	NA	NA	NA	NA	NA	NA	NA	NA	NA	NA	NA	NA	NA	NA	NA	NA	NA	NA	NA	NA	NA	NA	NA	NA	NA	NA	NA	NA	NA	NA	NA	NA	NA	NA	NA	NA	NA	NA	NA	NA
NW022-5-1	0.289475474522076	0.0691203483230152	0.0649023743111776	0.00966052112388598	0.00414994217293693	0.00449010136743996	0.0264643853323355	0.0368052248452276	0.0272127355602422	0.0330634737056943	NA	0.000816382066807266	0.0516361657255596	0.0720457173957412	NA	0.0405469759847609	0.00136063677801211	0.052588611470168	0.0101367439961902	0.00231308252262059	0.0108850942240969	0.0141506224913259	0.00918429825158174	0.00551057895094904	0.00632696101775631	0.00932036192938295	0.0172120552418532	0.00421797401183754	0.0278930539492482	NA	NA	NA	NA	0.0339478876114021	0.00176882781141574	0.00190489148921695	0.00149670045581332	NA	NA	NA	0.00156473229471393	0.000884413905707871	NA	0.00258520987822301	NA	0.0036737193006327	0.00217701884481938	0.000884413905707871	NA	0.00197292332811756	NA	0.00149670045581332	0.00176882781141574	NA	NA	0.0025171780393224	0.000884413905707871	NA	NA	NA	0.00346962378393088	NA	NA	NA	NA	NA	0.000680318389006055	0.00204095516701816	NA	NA	0.017416150758555	NA	NA	0.000680318389006055	NA	0.00102047758350908	NA	0.00115654126131029	NA	0.00163276413361453	NA	0.00156473229471393	NA	NA	NA	NA	NA	NA	NA	NA	0.00258520987822301	0.000816382066807266	NA	NA	NA	NA	0.00197292332811756	NA	NA	NA	NA	NA	NA	NA	NA	0.000476222872304238	NA	NA	NA	NA	NA	NA	NA	NA	NA	NA	0.00108850942240969	NA	NA	NA	NA	NA	NA	NA	NA	NA	NA	NA	NA	NA	NA	NA	NA	NA	NA	NA	NA	NA	NA	NA	NA	NA	NA	NA	NA	NA	NA	NA	NA	NA	NA	NA	NA	0.00210898700591877	NA	NA	NA	NA	NA	NA	NA	NA	NA	NA	NA	NA	0.000272127355602422	NA	NA	NA	NA	NA	NA	NA	NA	NA	NA	NA	NA	NA	NA	NA	NA	NA	NA	NA	NA	NA	NA	NA	NA	NA	NA	NA	NA	NA	NA	NA	NA	NA	NA
NW022-5-2	0.476312766101237	0.0631209028857201	0.110089883084409	0.0103399337703589	0.0177738730823816	0.0127728593633845	0.00567682638372643	0.0465634925998513	0.0241940933973103	0.00533892005136176	NA	NA	0.0202743799418801	0.0196661485436237	NA	0.0131107656957491	0.00277083192539028	0.0381834155572075	0.00263566939244441	0.0054065013178347	0.0127052780969115	0.00871798337500845	0.00250050685949855	0.0127052780969115	0.00432520105426776	0.00432520105426776	0.00283841319186322	0.00155436912887748	0.00533892005136176	NA	NA	NA	NA	0.000946137730621072	0.000270325065891735	0.00209501926066094	0.000608231398256403	NA	NA	NA	0.000202743799418801	0.000675812664729337	NA	0.00310873825775495	NA	0.000743393931202271	0.0068257079137663	0.000878556464148138	NA	0.0066229641143475	NA	0.00290599445833615	0.000608231398256403	0.00479826991957829	NA	0.00141920659593161	NA	NA	NA	NA	0.00128404406298574	NA	NA	0.000675812664729337	0.00216260052713388	NA	NA	0.00412245725484896	NA	NA	0.0160843414205582	NA	NA	0.00168953166182334	NA	NA	NA	0.000810975197675204	NA	0.00195985672771508	NA	NA	NA	NA	NA	NA	NA	NA	NA	NA	0.00243292559302561	NA	NA	NA	NA	NA	NA	NA	NA	NA	NA	NA	NA	NA	NA	0.000878556464148138	NA	NA	NA	NA	NA	NA	0.00155436912887748	NA	NA	NA	0.00175711292829628	0.000473068865310536	NA	NA	NA	NA	NA	NA	NA	0.000743393931202271	NA	NA	NA	NA	NA	NA	NA	NA	NA	NA	NA	NA	0.000270325065891735	0.000405487598837602	NA	NA	NA	NA	NA	NA	NA	NA	NA	NA	NA	NA	NA	NA	NA	NA	NA	NA	NA	NA	NA	NA	NA	NA	NA	NA	NA	NA	NA	NA	NA	NA	NA	NA	NA	NA	0.000743393931202271	NA	NA	NA	NA	NA	NA	NA	NA	NA	NA	NA	NA	NA	NA	NA	NA	NA	NA	NA	NA	NA	NA	NA	NA
NW022-6	0.230933207010895	0.401800094741829	0.0751302700142113	0.001468498342018	0.00170535291331123	0.00378967314069162	0.0305542396968261	0.0175746091899574	0.0149692089057319	0.0315016579819991	0.000663192799621033	NA	0.0172903837044055	0.0203694931312174	NA	0.0326385599242065	NA	0.0113216485078162	0.00132638559924207	NA	0.000900047370914259	0.00573188062529607	0.00606347702510658	0.000710563713879678	0.00284225485551871	0.00331596399810516	NA	0.00236854571293226	0.0175746091899574	0.022690667929891	NA	NA	NA	0.00847939365229749	0.00137375651350071	0.00127901468498342	0.00213169114163903	NA	NA	NA	0.00132638559924207	0.00189483657034581	NA	0.00634770251065846	NA	0.00307910942681194	NA	0.00161061108479394	NA	0.00104216011369019	NA	0.000473709142586452	0.0019895783988631	NA	NA	0.00393178588346755	0.00108953102794884	NA	NA	NA	0.00246328754144955	NA	NA	0.000805305542396968	NA	NA	0.000236854571293226	NA	NA	NA	0.00104216011369019	NA	NA	0.000900047370914259	NA	0.000473709142586452	NA	NA	NA	NA	NA	0.000947418285172904	NA	NA	NA	NA	0.000805305542396968	NA	NA	NA	NA	NA	NA	NA	NA	NA	NA	NA	NA	NA	NA	NA	NA	NA	NA	NA	NA	NA	NA	NA	NA	NA	NA	NA	NA	NA	NA	NA	NA	NA	NA	NA	NA	NA	NA	NA	NA	NA	NA	NA	NA	NA	NA	NA	NA	NA	NA	NA	0.000236854571293226	NA	NA	0.000189483657034581	NA	NA	NA	NA	NA	NA	NA	NA	NA	NA	NA	0.000615821885362387	NA	NA	NA	NA	NA	NA	NA	NA	NA	NA	NA	NA	NA	NA	NA	NA	NA	NA	NA	NA	NA	NA	NA	NA	NA	NA	NA	NA	NA	NA	NA	NA	NA	NA	NA	NA	NA	NA	NA	NA	NA	NA	NA	NA	NA	NA	NA
NW023-1	0.361954670024443	0.0689393378268276	0.0402747944596697	0.170431819865195	9.25857343900452e-05	0.00183319754092289	0.0116472853862677	0.0264980371824309	0.0478112732390193	0.00351825790682172	NA	NA	NA	0.00979557069846678	NA	NA	0.000407377231316199	0.00235167765350715	0.0126472113176802	0.0352566476557292	0.0155358862306496	0.00885119620768832	0.00285164061921339	0.0018517146878009	0.00318494926301755	NA	0.00296274350048145	0.00788830457003185	NA	NA	NA	0.00836975038886009	0.000370342937560181	NA	0.00657358714169321	NA	NA	0.00233316050662914	NA	0.0014443374564847	0.00487000962891638	0.000259240056292126	NA	0.00209243759721502	NA	0.00753647877934968	0.00179616324716688	NA	0.0134064143396785	0.00329605214428561	NA	0.0012221316939486	NA	0.00096289163765647	0.00159247463150878	NA	NA	NA	0.000536997259462262	NA	0.000518480112584253	NA	0.00520331827272054	NA	NA	NA	0.00425894378194208	0.000499962965706244	0.000703651581364343	0.00487000962891638	NA	NA	0.0162210206651359	NA	NA	NA	0.00398118657877194	0.0169987408340123	0.00155544033775276	0.00038886008443819	NA	0.00018517146878009	NA	NA	0.000148137175024072	NA	NA	0.000759203021998371	0.0281090289608177	NA	0.000851788756388416	NA	0.000499962965706244	NA	NA	0.00864750759203022	NA	NA	NA	NA	NA	NA	0.00157395748463077	0.000999925931412488	0.000685134434486334	0.00057403155321828	NA	0.000888823050144434	NA	NA	0.00177764610028887	NA	NA	0.000703651581364343	0.000222205762536108	NA	NA	NA	NA	NA	NA	0.000333308643804163	NA	NA	NA	NA	NA	NA	NA	0.00131471742833864	NA	NA	NA	NA	NA	NA	NA	NA	NA	NA	NA	NA	0.00129620028146063	0.000444411525072217	NA	NA	NA	NA	NA	NA	NA	NA	NA	NA	0.000425894378194208	0.000148137175024072	NA	0.000518480112584253	NA	NA	NA	NA	NA	NA	NA	NA	0.000259240056292126	NA	NA	NA	NA	NA	NA	NA	NA	NA	NA	NA	NA	NA	NA	NA	NA	NA	NA	NA	NA	NA	NA	NA	NA	NA	NA	NA	NA	NA	NA	NA	NA	NA	NA
NW023-3	0.187351668295407	0.0724091395597748	0.102145283633487	0.333426404206803	0.000698031551026106	NA	0.0187537810042347	0.0166131509144213	0.0253618130206152	0.0144725208246079	NA	NA	NA	0.00637535483270511	NA	NA	NA	0.00190795290613802	0.00358322862860068	0.0457443343105775	0.0217785843920145	0.00721299269393643	0.00297826795104472	0.00926055191027968	0.00232677183675369	NA	0.000977244171436549	0.00646842570617525	NA	NA	NA	0.00572385871841407	0.000791102424496254	NA	0.00800409511843269	NA	NA	0.0101912606449812	NA	0.000837637861231328	0.00362976406533575	0.00102377960817162	NA	0.00316440969798502	NA	0.00539811066126856	0.00074456698776118	NA	0.00888826841639909	0.00232677183675369	NA	0.00125645679184699	NA	0.00246637814695891	0.00116338591837684	NA	NA	NA	NA	NA	NA	NA	0.00535157522453348	NA	NA	NA	0.00130299222858207	NA	0.00162874028572758	0.0028386616408395	NA	NA	0.0105635441388617	NA	NA	NA	0.00255944902042906	0.00465354367350738	0.00311787426124994	NA	NA	NA	NA	NA	0.000837637861231328	NA	NA	0.00395551212248127	0.00772488249802224	NA	NA	NA	NA	NA	NA	0.00600307133882451	NA	NA	NA	NA	NA	NA	0.000651496114291033	0.00074456698776118	0.0028386616408395	NA	NA	0.00279212620410443	NA	NA	0.000698031551026106	0.000418818930615664	NA	NA	NA	NA	NA	NA	NA	NA	NA	0.000837637861231328	NA	NA	NA	NA	NA	NA	NA	0.00344362231839546	NA	NA	NA	NA	NA	NA	NA	NA	NA	NA	NA	NA	0.00111685048164177	NA	NA	NA	NA	NA	NA	NA	NA	NA	NA	NA	NA	NA	0.000186141746940295	NA	NA	NA	NA	NA	NA	NA	NA	NA	0.000279212620410443	NA	NA	NA	NA	NA	NA	NA	NA	NA	NA	NA	NA	NA	NA	NA	NA	NA	NA	NA	NA	NA	NA	NA	NA	NA	NA	NA	NA	NA	NA	NA	NA	NA	NA
NW023-4	0.245045205540462	0.0620852447334432	0.0616844074288514	0.279517213735358	0.00218233643611099	0.00124704939206342	0.00788313365697234	0.0183494410546475	0.0535785863804391	0.00338484834988643	NA	NA	NA	0.00975370774506748	NA	NA	NA	0.00164788669665524	0.00342938582817441	0.0480559390727297	0.0317552220193293	0.00320669843673451	0.00293947356700664	0.00285039861043068	0.00160334921836726	NA	0.000578987217743731	0.00837304591814012	NA	NA	NA	0.0163452545316884	0.000534449739455752	NA	0.012826793746938	NA	NA	0.00253863626241482	NA	NA	0.00356299826303835	0.000890749565759587	NA	0.00293947356700664	NA	0.00338484834988643	0.000757137130895649	NA	0.00316216095844653	0.00227141139268695	NA	0.00325123591502249	NA	0.00209326147953503	0.00155881174007928	NA	NA	NA	0.000801674609183628	NA	0.000311762348015855	NA	0.00734868391751659	NA	NA	NA	0.00289493608871866	0.000489912261167773	NA	0.00578987217743731	NA	NA	0.0202645526210306	NA	NA	NA	0.00552264730770944	0.00391929808934218	0.00191511156638311	NA	NA	NA	NA	NA	0.00111343695719948	NA	NA	0.00360753574132633	0.0130940186166659	NA	NA	NA	NA	NA	NA	0.00837304591814012	NA	NA	NA	NA	NA	NA	0.00066806217431969	0.000623524696031711	0.0040974480024941	0.00138066182692736	NA	0.00503273504654166	NA	NA	0.00164788669665524	0.00191511156638311	NA	0.000489912261167773	NA	NA	NA	NA	NA	NA	NA	NA	NA	NA	NA	NA	NA	NA	NA	0.00169242417494321	NA	NA	NA	NA	NA	NA	NA	NA	NA	NA	NA	NA	0.000890749565759587	0.000311762348015855	NA	NA	NA	NA	NA	NA	NA	NA	NA	NA	NA	NA	NA	NA	NA	NA	NA	NA	NA	NA	NA	NA	0.000534449739455752	NA	NA	NA	NA	NA	NA	NA	NA	NA	NA	NA	NA	NA	NA	NA	NA	NA	NA	NA	NA	NA	NA	NA	NA	NA	NA	NA	NA	NA	NA	NA	NA	NA	NA
NW023-6	0.227189823691718	0.109245662442127	0.0223542066127297	0.0126268531076088	0.0106626759575364	0.258569891970257	0.0137024739278866	0.115559088995931	0.00837113594911846	NA	NA	0.000280596735724641	NA	0.00121591918814011	NA	0.00907262778843006	0.000841790207173923	0.0496656222232615	0.000561193471449282	0.00589253145021746	NA	0.0394238413693121	0.000982088575036244	NA	NA	0.0102885469765702	NA	0.0158069494458214	NA	0.0141701351540944	NA	0.0186596829256886	NA	NA	0.00640695879904597	0.00182387878221017	0.00116915306551934	0.00177711265958939	NA	0.0031800963382126	0.00201094327269326	NA	NA	NA	NA	NA	0.00420895103586962	NA	NA	0.00930645840153393	NA	0.00313333021559183	0.00144974980124398	NA	NA	NA	0.00879203105270542	NA	0.00112238694289856	NA	0.000748257961932376	NA	0.00112238694289856	NA	NA	NA	0.00126268531076088	0.000841790207173923	NA	0.00233830613103868	NA	NA	NA	NA	NA	NA	NA	NA	NA	0.000514427348828509	NA	NA	NA	NA	0.000187064490483094	NA	NA	NA	NA	NA	NA	NA	NA	NA	NA	NA	NA	0.00079502408455315	NA	NA	NA	NA	NA	0.000888556329794697	NA	NA	NA	NA	NA	NA	NA	NA	NA	NA	0.000187064490483094	NA	NA	NA	NA	NA	NA	NA	NA	NA	NA	NA	NA	NA	NA	NA	NA	NA	NA	NA	NA	NA	NA	NA	NA	NA	NA	NA	NA	NA	NA	NA	0.000701491839311603	NA	NA	NA	NA	NA	NA	NA	NA	NA	NA	NA	NA	NA	NA	NA	NA	NA	NA	NA	0.000233830613103868	NA	NA	NA	NA	NA	NA	NA	NA	NA	NA	NA	NA	NA	NA	NA	NA	NA	NA	NA	NA	NA	NA	NA	NA	NA	NA	NA	NA	NA	NA	NA	NA	NA	NA
NW025-1	0.360013110455588	0.0859390363815143	0.0791871517535234	0.0336938708620125	0.00871845296624058	0.108357915437561	0.0175680104883645	0.0803670927564733	0.00648967551622419	NA	NA	0.000786627335299902	NA	0.000655522779416585	NA	0.0123893805309735	NA	0.0288430022943297	0.00222877745001639	0.0142903965912815	NA	0.00445755490003278	0.00137659783677483	NA	0.00596525729269092	0.0114716486397902	0.00275319567354966	0.00380203212061619	NA	NA	NA	0.0179613241560144	NA	NA	0.00262209111766634	0.00163880694854146	NA	0.0112749918059653	NA	0.00747295968534907	0.00170435922648312	NA	NA	NA	NA	NA	0.00858734841035726	NA	0.00563749590298263	0.00622746640445756	NA	0.00386758439855785	0.000524418223533268	NA	0.0200589970501475	NA	0.00229432972795805	NA	0.00589970501474926	NA	0.00111438872500819	NA	0.0050475254015077	NA	NA	NA	NA	0.00176991150442478	0.00452310717797443	0.00196656833824975	NA	NA	NA	NA	NA	NA	NA	NA	NA	0.00196656833824975	NA	NA	NA	NA	NA	NA	NA	0.00262209111766634	NA	NA	0.00753851196329072	NA	NA	NA	NA	NA	NA	NA	NA	NA	NA	NA	0.000721075057358243	0.00216322517207473	0.000786627335299902	NA	NA	NA	NA	NA	NA	NA	NA	NA	NA	NA	NA	NA	NA	NA	NA	NA	NA	NA	NA	NA	NA	NA	0.000524418223533268	NA	NA	NA	NA	NA	NA	NA	NA	NA	NA	NA	NA	NA	NA	0.000917731891183219	NA	NA	0.00124549328089151	NA	NA	NA	NA	NA	NA	NA	0.000327761389708292	NA	NA	NA	NA	NA	NA	NA	NA	NA	NA	NA	NA	0.00163880694854146	NA	NA	NA	NA	NA	NA	NA	NA	NA	NA	NA	NA	NA	NA	NA	NA	NA	NA	NA	NA	NA	NA	NA	NA	NA	NA	NA	NA	NA	NA	NA	NA	NA
NW025-2	0.242672279388837	0.11451512316807	0.0694574368568756	0.0108356719675709	0.0154349859681946	0.116463985032741	0.0276738384783287	0.0700031181789835	0.0247895229186155	NA	0.000779544745868413	0.000545681322107889	NA	0.00280636108512629	NA	0.0283754287496102	NA	0.0391331462425943	0.0035859058309947	0.0084970377299657	NA	0.0193327096975366	0.00202681633925787	NA	0.00101340816962894	0.0229186155285313	0.00420954162768943	0.00795135640785781	NA	NA	NA	0.0190988462737761	NA	NA	0.00709385718740256	0.00116931711880262	0.00109136264421578	0.0134861241035235	NA	0.00639226691612099	0.00413158715310259	NA	NA	NA	NA	NA	0.0161365762394761	NA	0.00350795135640786	0.00514499532273152	NA	0.00483317742438416	0.00187090739008419	NA	0.027517929529155	NA	0.00452135952603679	NA	0.00865294667913938	NA	0.00272840661053945	NA	0.00693794823822887	NA	NA	NA	0.00272840661053945	0.00187090739008419	0.00389772372934206	0.0026504521359526	NA	NA	NA	NA	NA	NA	NA	NA	NA	0.000935453695042095	NA	NA	NA	NA	NA	NA	NA	0.00155908949173683	NA	NA	0.00366386030558154	NA	NA	NA	NA	NA	NA	NA	NA	NA	NA	NA	0.00896476457748675	0.00155908949173683	NA	NA	NA	NA	NA	NA	NA	NA	NA	NA	NA	NA	NA	NA	NA	NA	NA	NA	NA	NA	NA	NA	NA	NA	0.00101340816962894	NA	NA	NA	NA	NA	NA	NA	NA	NA	NA	NA	NA	NA	NA	0.00148113501714998	NA	NA	0.00116931711880262	NA	NA	NA	NA	NA	NA	NA	0.000311817898347365	NA	NA	NA	NA	NA	NA	NA	NA	NA	NA	NA	NA	NA	NA	NA	NA	0.000857499220455254	NA	NA	NA	NA	NA	NA	NA	NA	NA	NA	NA	NA	NA	NA	NA	NA	NA	NA	NA	NA	NA	NA	NA	NA	NA	NA	NA	NA	NA
NW025-3	0.432408740842778	0.0504664704777409	0.0670590445181892	0.0216642664830004	0.00488385198171686	0.099618057729635	0.0549120280508422	0.0720681234737963	0.0190345000313067	NA	0.00237931250391334	0.000500907895560704	NA	0.0015653371736272	NA	0.00544737336422265	NA	0.0569782731200301	0.00118965625195667	0.00419510362532089	NA	0.0311815164986538	0.0010644292780665	NA	NA	0.01070690626761	0.000438294408615616	0.00569782731200301	NA	NA	NA	NA	NA	NA	NA	0.000250453947780352	0.000250453947780352	0.00638657566839897	NA	0.00369419572976019	0.00475862500782669	NA	NA	NA	NA	NA	0.00638657566839897	NA	NA	0.01070690626761	NA	0.00394464967754054	0.00118965625195667	NA	0.00187840460835264	NA	0.00237931250391334	NA	0.00093920230417632	NA	NA	NA	0.0031306743472544	NA	NA	NA	NA	NA	0.0020662450691879	0.00175317763446246	NA	NA	NA	NA	NA	NA	NA	NA	NA	NA	NA	NA	NA	NA	0.000438294408615616	NA	NA	0.00187840460835264	NA	NA	0.00256715296474861	NA	NA	NA	NA	NA	NA	0.000876588817231232	NA	NA	NA	NA	NA	NA	0.000250453947780352	NA	NA	NA	NA	NA	NA	NA	NA	NA	NA	NA	NA	NA	NA	NA	NA	NA	NA	NA	NA	NA	0.000250453947780352	NA	NA	NA	NA	NA	NA	NA	NA	NA	NA	NA	NA	NA	NA	NA	NA	NA	NA	NA	0.000563521382505792	NA	NA	NA	NA	NA	NA	NA	NA	NA	NA	NA	NA	NA	NA	NA	NA	NA	NA	NA	NA	NA	NA	NA	NA	NA	NA	NA	NA	NA	NA	NA	NA	NA	NA	NA	NA	NA	NA	NA	NA	NA	NA	NA	NA	NA	NA	NA	NA	NA	NA	NA	NA	NA	NA
NW025-4	0.398547397420378	0.0888258129148057	0.0221229703218266	0.00843177359435656	0.00250448720624452	0.148265642609676	0.0207037609049547	0.0792252786242017	0.0229577993905748	NA	NA	0.000584380348123722	NA	0.00125224360312226	NA	0.0112701924281003	NA	0.0364820303042952	0.00208707267187043	0.0146929916099679	NA	0.00396543807655383	0.00150269232374671	NA	0.00392369662311642	0.0164043912009016	0.00267145301999416	0.00446633551780273	NA	NA	NA	0.0175731518971491	NA	NA	0.0024210042993697	0.00187836540468339	0.000542638894686313	NA	NA	0.0108945193471637	0.00208707267187043	NA	NA	NA	NA	NA	0.0222481946821388	NA	0.0009600534290604	0.00350628208874233	NA	0.00655340818967316	0.00200358976499562	NA	0.00534290603998831	NA	0.00313060900780565	NA	0.00446633551780273	NA	0.00062612180156113	NA	0.00421588679717828	NA	NA	NA	0.000417414534374087	NA	0.00112701924281003	0.000876570522185583	NA	NA	NA	0.00212881412530784	NA	NA	NA	0.000834829068748174	NA	0.00204533121843303	NA	NA	NA	NA	NA	NA	NA	0.00363150644905456	NA	NA	0.00275493592686897	NA	NA	NA	NA	NA	NA	0.000667863254998539	NA	NA	NA	NA	NA	0.000542638894686313	0.000459155987811496	NA	NA	NA	NA	0.000208707267187043	NA	NA	NA	NA	0.000459155987811496	NA	NA	NA	NA	NA	NA	0.000250448720624452	NA	NA	NA	NA	NA	NA	0.00133572650999708	NA	NA	NA	NA	NA	NA	NA	NA	NA	NA	NA	NA	NA	NA	0.000918311975622991	NA	NA	0.00062612180156113	NA	NA	NA	NA	NA	NA	NA	0.000250448720624452	NA	NA	NA	NA	NA	NA	NA	NA	NA	NA	NA	NA	NA	NA	NA	NA	0.00112701924281003	NA	NA	NA	NA	NA	NA	NA	NA	NA	NA	NA	NA	NA	NA	NA	NA	NA	NA	NA	NA	NA	NA	NA	NA	NA	NA	NA	NA	NA
NW026-1	0.13109701625871	0.159683759156691	0.0437734500625335	0.028542076112203	NA	0.000357334286224763	0.0633375022333393	0.060880829015544	0.017330712881901	0.0506074682865821	0.000402001072002859	0.0209487225299267	0.000134000357334286	0.0160800428801143	NA	0.0077720207253886	0.000268000714668572	0.0303287475433268	0.0207700553868144	0.00549401465070574	NA	0.0180007146685724	0.00946935858495623	0.00428801143469716	0.0303287475433268	0.0271127389673039	0.0152313739503305	0.00236733964623906	0.0224227264606039	0.0102733607289619	NA	0.00160800428801143	NA	NA	0.00120600321600858	NA	0.0161247096658924	0.0170627121672324	NA	0.00102733607289619	0.00884402358406289	0.0125513668036448	NA	0.00268000714668572	0.022958727889941	NA	NA	NA	0.00263534036090763	0.00339467571913525	NA	0.000625335000893336	0.00379667679113811	NA	NA	0.0138467035912096	0.00263534036090763	NA	0.0019653385742362	NA	NA	NA	NA	0.0105860282294086	0.0120153653743077	NA	0.000178667143112382	0.000759335358227622	0.000357334286224763	0.000893335715561908	NA	NA	NA	NA	NA	0.00661068429515812	NA	NA	NA	NA	0.00049133464355905	0.0077720207253886	0.0122833660889762	NA	NA	NA	NA	NA	NA	NA	0.00058066821511524	NA	NA	0.00553868143648383	0.00500268000714669	NA	0.00142933714489905	0.000670001786671431	NA	NA	0.00272467393246382	NA	0.00049133464355905	NA	NA	NA	NA	NA	NA	NA	NA	NA	NA	NA	NA	NA	NA	NA	NA	0.0164373771663391	0.00107200285867429	NA	NA	NA	0.000446667857780954	NA	NA	NA	NA	NA	0.000446667857780954	NA	NA	0.00218867250312667	NA	NA	NA	NA	NA	NA	NA	NA	NA	NA	NA	NA	NA	NA	NA	NA	NA	0.000223333928890477	NA	NA	NA	NA	NA	NA	NA	NA	NA	0.000536001429337145	NA	NA	NA	NA	NA	NA	NA	NA	NA	NA	NA	NA	NA	NA	NA	NA	NA	NA	NA	NA	NA	NA	NA	NA	NA	NA	NA	NA	NA	NA	NA	NA	NA	NA	NA	NA	NA	NA	NA
NW026-2	0.30285808417758	0.132937978749691	0.0509842681821926	0.00362408368338687	NA	NA	0.0498311506465695	0.0366526645251627	0.0144963347335475	0.0617741536940944	NA	0.00947203689976114	0.000494193229552755	0.0293221316201301	NA	0.00897784367020838	NA	0.00914257474672597	0.00634214644592702	0.00172967630343464	NA	0.0109546165884194	0.00955440243801993	0.00296515937731653	0.030969442385306	0.0294044971583889	0.00980149905279631	0.00280042830079895	0.0163907421134997	0.0149905279631002	NA	NA	NA	NA	0.000906020920846718	NA	0.00955440243801993	0.00510666337204514	NA	NA	0.00271806276254015	0.0247096614776378	NA	0.00304752491557532	0.0264393377810724	0.000906020920846718	NA	NA	0.00477720121900997	0.00362408368338687	NA	NA	0.00172967630343464	NA	NA	0.0088131125936908	0.00354171814512808	NA	0.000823655382587925	NA	NA	NA	NA	0.00625978090766823	0.0213326744090273	NA	NA	NA	NA	NA	NA	NA	NA	NA	NA	0.00255333168602257	NA	NA	NA	NA	NA	0.00304752491557532	0.00642451198418582	NA	NA	NA	NA	NA	NA	NA	NA	NA	NA	0.00205913845646981	0.00362408368338687	NA	0.00271806276254015	NA	NA	NA	0.00354171814512808	NA	NA	NA	NA	NA	NA	NA	NA	NA	NA	NA	NA	NA	NA	NA	NA	NA	NA	0.00304752491557532	NA	NA	NA	NA	NA	NA	NA	NA	NA	NA	NA	NA	NA	0.00197677291821102	NA	NA	NA	NA	NA	NA	NA	0.000247096614776378	NA	NA	NA	NA	NA	NA	NA	NA	NA	NA	NA	NA	NA	NA	NA	NA	NA	NA	NA	NA	NA	NA	NA	NA	NA	NA	NA	NA	NA	NA	NA	NA	NA	NA	NA	NA	NA	NA	NA	NA	NA	NA	NA	NA	NA	NA	NA	NA	NA	NA	NA	NA	NA	NA	NA	NA	NA	NA	NA
NW026-3	0.204122512277074	0.193719307314552	0.0272034117342983	0.00355388989402946	NA	NA	0.0647454122512277	0.0200956319462393	0.0162186611527526	0.059123804600672	0.0024554148358749	0.0297234427500646	0.000387697079348669	0.0215171879038511	NA	0.0136986301369863	NA	0.0118247609201344	0.0165417420522099	0.00109847505815456	NA	0.0156371155337296	0.00891703282501938	0.00193848539674334	0.0546652881881623	0.0153786508141639	0.00678469888860171	0.00329542517446369	0.0168002067717757	0.0499483070560868	NA	NA	NA	NA	0.000840010338588783	NA	0.0147971051951409	0.0043292840527268	NA	0.000775394158697338	0.00988627552339106	0.00426466787283536	NA	0.00239079865598346	0.0153140346342724	0.000969242698371672	NA	NA	0.00310157663478935	0.00116309123804601	NA	0.000775394158697338	0.00613853708968726	NA	NA	0.00672008270871026	0.00323080899457224	NA	0.00103385887826312	NA	NA	NA	NA	0.00646161798914448	0.0162832773326441	NA	NA	NA	NA	0.000646161798914448	NA	NA	NA	NA	NA	0.00219695011630912	NA	NA	NA	NA	NA	0.00387697079348669	0.0127293874386146	NA	NA	NA	NA	NA	NA	NA	NA	NA	NA	0.00775394158697338	0.00684931506849315	NA	NA	NA	NA	NA	0.0024554148358749	NA	NA	NA	NA	NA	NA	NA	NA	NA	NA	NA	NA	NA	NA	NA	NA	NA	NA	0.00142155595761179	0.000840010338588783	NA	NA	NA	NA	NA	NA	NA	NA	NA	NA	NA	NA	0.00135693977772034	NA	NA	NA	NA	NA	NA	NA	NA	NA	NA	NA	NA	NA	NA	NA	NA	NA	0.000775394158697338	NA	NA	NA	NA	NA	NA	NA	NA	NA	0.00122770741793745	NA	NA	NA	NA	NA	NA	NA	NA	NA	NA	NA	NA	NA	NA	NA	NA	NA	NA	NA	NA	NA	NA	NA	NA	NA	NA	NA	NA	NA	NA	NA	NA	NA	NA	NA	NA	NA	NA	NA
NW026-4	0.326328551222469	0.158365326328551	0.0495049504950495	0.00469791877146898	0.00161648817943019	NA	0.0237926853909881	0.0202566174984845	0.009143261264902	0.0421297231763993	0.00207112547989493	0.0177308547181249	NA	0.0175287936956961	NA	0.00282885431400283	0.00995150535461709	0.00414225095978986	0.00757728834107901	0.00156597292382299	NA	0.0101535663770459	0.00424328147100424	0.00166700343503738	0.0666296221458881	0.0291978177409578	0.00777934936350778	0.00106082036775106	0.00757728834107901	0.0220246514447363	NA	NA	0.00060618306728632	NA	0.00434431198221863	NA	0.00550616286118408	0.00631440695089917	NA	NA	0.00772883410790059	0.00737522731865023	NA	0.00207112547989493	0.0226813497676298	0.000656698322893514	NA	0.00101030511214387	0.00646595271772075	0.00252576278035967	NA	NA	0.0030814305920388	NA	NA	0.00262679329157406	0.0023237017579309	NA	NA	NA	NA	NA	NA	0.00661749848454233	0.0311173974540311	NA	NA	NA	NA	0.00101030511214387	NA	NA	NA	NA	NA	0.00171751869064457	NA	NA	NA	NA	NA	0.00323297635886038	0.0140432410587998	NA	NA	NA	NA	NA	NA	NA	NA	NA	NA	0.00515255607193372	0.00495049504950495	NA	0.00197009496868054	NA	NA	NA	0.00323297635886038	NA	NA	NA	NA	NA	NA	NA	NA	NA	NA	NA	NA	NA	NA	NA	NA	NA	NA	0.00207112547989493	NA	NA	NA	NA	NA	NA	NA	NA	NA	NA	NA	NA	NA	NA	NA	NA	NA	NA	NA	NA	NA	NA	NA	NA	NA	NA	NA	NA	NA	NA	NA	NA	NA	NA	NA	NA	NA	NA	NA	NA	NA	NA	NA	NA	NA	NA	NA	NA	NA	NA	NA	NA	NA	NA	NA	NA	NA	NA	NA	NA	NA	NA	NA	NA	NA	NA	NA	NA	NA	NA	NA	NA	NA	NA	NA	NA	NA	NA	NA	NA	NA
NW026-5	0.428970848238148	0.1010238065869	0.0768882858435097	0.00481065745651906	0.000740101147156778	NA	0.0493811932075161	0.0266847580280416	0.0223675013362937	0.0291928785822951	0.0228197853706673	0.00838781300111015	0.000246700382385593	0.0136507544920028	NA	0.0122116689280868	0.00209695325027754	0.0167756260022203	0.011882735084906	0.00164466921590395	NA	0.00929238106985733	0.00637309321162781	0.000534517495168784	0.0210517659635706	0.0174746104189795	0.00148020229431356	0.00386497265737429	0.0194070967476666	0.00916903087866453	NA	NA	NA	NA	0.000904568068747173	NA	0.0106903499033757	0.00460507380453106	NA	NA	0.00217918671107274	0.000575634225566383	NA	0.00119238518153036	0.01352740430081	0.00263147074544632	NA	0.000164466921590395	0.000822334607951976	0.000904568068747173	NA	NA	0.00102791825993997	NA	NA	0.00916903087866453	NA	NA	NA	NA	NA	NA	NA	0.00143908556391596	0.0141852719871716	NA	0.00209695325027754	0.000287817112783191	0.000493400764771185	0.000740101147156778	NA	NA	NA	NA	NA	0.00172690267669915	NA	NA	NA	NA	0.000246700382385593	0.00135685210312076	0.000904568068747173	NA	NA	NA	NA	NA	NA	NA	NA	NA	NA	0.00115126845113277	0.0032893384318079	NA	0.000740101147156778	NA	NA	NA	0.00172690267669915	NA	NA	NA	NA	NA	NA	NA	NA	NA	NA	NA	NA	NA	NA	NA	NA	NA	NA	NA	0.00127461864232556	NA	NA	NA	NA	NA	NA	NA	NA	NA	NA	NA	NA	0.00111015172073517	NA	NA	NA	NA	NA	NA	NA	NA	NA	NA	NA	NA	NA	NA	NA	NA	NA	NA	NA	NA	NA	NA	NA	NA	NA	NA	NA	0.000411167303975988	NA	NA	NA	NA	NA	NA	NA	NA	NA	NA	NA	NA	NA	NA	NA	NA	NA	NA	NA	NA	NA	NA	NA	NA	NA	NA	NA	NA	NA	NA	NA	NA	NA	NA	NA	NA	NA	NA	NA
NW027-1	0.000424226602271244	0.256526563111865	NA	NA	0.163033546534395	6.52656311186529e-05	NA	NA	NA	NA	0.0536483487795327	0.0579232476178045	0.00238219553583083	NA	NA	NA	0.235902623678371	NA	NA	NA	NA	NA	NA	NA	NA	NA	NA	0.00179480485576296	NA	0.000130531262237306	NA	NA	NA	NA	NA	0.00238219553583083	NA	NA	NA	NA	NA	NA	NA	NA	NA	NA	NA	0.0188291345777314	NA	NA	NA	NA	NA	NA	NA	NA	NA	NA	NA	NA	NA	NA	NA	NA	NA	0.00202323456467824	0.0617086542226863	0.00783187573423835	NA	NA	NA	NA	NA	0.0290105730322412	NA	NA	NA	NA	NA	NA	NA	NA	NA	NA	NA	0.00114214854457643	0.0464038637253622	NA	NA	NA	NA	NA	NA	NA	NA	NA	NA	NA	0.000228429708915285	0.0174585563242397	NA	NA	NA	NA	NA	NA	NA	NA	NA	0.00933298524996737	NA	NA	0.000815820388983161	NA	NA	NA	NA	NA	NA	NA	NA	NA	NA	NA	NA	NA	NA	0.0106382978723404	NA	NA	NA	NA	NA	NA	NA	NA	0.00636339903406866	NA	NA	NA	NA	NA	NA	NA	NA	NA	NA	NA	NA	NA	NA	0.00339381281816995	NA	NA	NA	NA	NA	NA	NA	NA	NA	NA	NA	0.00192533611800026	NA	NA	NA	NA	NA	NA	NA	NA	NA	NA	NA	NA	NA	NA	NA	NA	NA	NA	0.00133794543793238	NA	NA	NA	NA	NA	NA	NA	NA	NA	NA	NA	NA	NA	NA	0.000522125048949223	NA	NA	NA
NW027-2	NA	0.148283335234402	NA	NA	0.138644918444166	NA	NA	NA	NA	NA	0.417189460476788	0.00804151933386563	0.00153986540435725	NA	NA	NA	0.202634880803011	NA	NA	NA	NA	NA	NA	NA	NA	NA	NA	0.00159689745637048	NA	0.000969544884224934	NA	NA	NA	NA	NA	NA	NA	NA	NA	NA	NA	NA	NA	NA	NA	NA	NA	0.00615946161742899	NA	NA	NA	NA	NA	NA	NA	NA	NA	NA	NA	NA	NA	NA	NA	NA	NA	0.000969544884224934	0.0154556860955857	0.00444850005703205	NA	NA	NA	NA	NA	0.0117486027147257	NA	NA	NA	NA	NA	NA	NA	NA	NA	NA	NA	NA	0.0181932245922208	NA	NA	0.00855480780198472	NA	NA	NA	NA	NA	NA	NA	NA	NA	0.00638758982548192	NA	NA	NA	NA	NA	NA	NA	NA	NA	0.00153986540435725	NA	NA	0.000342192312079389	NA	NA	NA	NA	NA	NA	NA	NA	NA	NA	NA	NA	NA	NA	0.00325082696475419	NA	NA	NA	NA	NA	NA	NA	NA	NA	0.00404927569293943	NA	NA	NA	NA	NA	NA	NA	NA	NA	NA	NA	NA	NA	NA	NA	NA	NA	NA	NA	NA	NA	NA	NA	NA	NA	NA	NA	NA	NA	NA	NA	NA	NA	NA	NA	NA	NA	NA	NA	NA	NA	NA	NA	NA	NA	NA	NA	NA	NA	NA	NA	NA	NA	NA	NA	NA	NA	NA	NA	NA	NA	NA	NA
NW027-3	NA	0.0974392422652639	NA	NA	0.0453733374925559	NA	NA	NA	NA	NA	0.653064118197544	0.00570002552250234	0.00144627513257522	NA	NA	NA	0.059864447154241	NA	NA	NA	NA	NA	NA	NA	NA	NA	NA	NA	NA	0.0834869409863029	NA	NA	NA	NA	NA	0.000311941695261322	NA	NA	NA	NA	NA	NA	NA	NA	NA	NA	NA	0.00992541757649661	NA	NA	NA	NA	NA	NA	NA	NA	NA	NA	NA	NA	NA	NA	NA	NA	NA	0.000283583359328475	0.00745824235033888	0.00224030853869495	NA	NA	NA	NA	NA	0.00368658367127017	NA	NA	NA	NA	NA	NA	NA	NA	NA	NA	NA	NA	0.00921645917817542	NA	NA	NA	NA	NA	NA	0.00192836684343363	NA	NA	NA	NA	NA	0.0135552845759011	NA	NA	NA	NA	NA	NA	NA	NA	NA	0.00102090009358251	NA	NA	NA	NA	NA	NA	NA	NA	NA	NA	NA	NA	NA	NA	NA	NA	NA	0.00153135014037376	NA	NA	NA	NA	NA	NA	NA	NA	0.00138955846070953	NA	NA	NA	NA	NA	NA	NA	NA	NA	NA	NA	NA	NA	NA	0.000397016703059864	NA	NA	NA	NA	NA	NA	NA	NA	NA	NA	NA	0.000397016703059864	NA	NA	NA	NA	NA	NA	NA	NA	NA	NA	NA	NA	NA	NA	NA	NA	NA	NA	0.000283583359328475	NA	NA	NA	NA	NA	NA	NA	NA	NA	NA	NA	NA	NA	NA	NA	NA	NA	NA
NW027-5	0.000246974561620153	0.246304202095756	NA	NA	0.024591609921321	0.000211692481388703	NA	NA	NA	NA	0.145362170553576	0.000635077444166108	NA	NA	NA	NA	0.28825459549095	NA	NA	NA	NA	NA	NA	NA	NA	NA	NA	NA	NA	0.168471933105176	NA	NA	NA	0.000670359524397559	0.00204636065342413	NA	NA	NA	NA	NA	NA	NA	NA	NA	NA	NA	NA	0.00430441378823695	NA	NA	NA	NA	NA	NA	NA	NA	NA	NA	NA	NA	NA	NA	NA	NA	NA	0.00130543696856367	0.00109374448717496	0.000917334086017712	NA	NA	NA	NA	NA	0.0482306036763928	NA	NA	NA	NA	NA	NA	NA	NA	NA	NA	NA	0.000352820802314504	0.00296369473944184	NA	NA	0.0381046466499665	NA	NA	NA	0.00137600112902657	NA	NA	NA	NA	NA	0.0116078043961472	NA	NA	NA	NA	NA	NA	NA	NA	NA	0.000987898246480612	NA	NA	0.00659774900328123	NA	NA	NA	NA	NA	NA	NA	NA	NA	NA	NA	NA	NA	NA	0.00127015488833222	NA	NA	NA	NA	NA	NA	NA	NA	0.00077620576509191	NA	NA	NA	NA	NA	NA	NA	NA	NA	NA	NA	NA	NA	NA	0.000388102882545955	NA	NA	NA	NA	NA	NA	NA	NA	NA	NA	NA	0.000176410401157252	NA	NA	NA	0.000282256641851604	NA	NA	NA	NA	NA	NA	NA	0.000388102882545955	NA	NA	NA	NA	NA	NA	NA	NA	NA	NA	NA	NA	NA	NA	NA	NA	NA	NA	NA	NA	NA	NA	NA	NA	NA
NW027-6	0.000267602283539486	0.142780685061846	NA	NA	0.0277711703139867	NA	NA	NA	NA	NA	0.642661750713606	0.00407350142721218	0.00050547098001903	NA	NA	NA	0.0488820171265461	NA	NA	NA	NA	NA	NA	NA	NA	NA	NA	0.000683872502378687	NA	0.0485252140818268	NA	NA	NA	0.00196241674595623	0.00353829686013321	0.0112095623215985	NA	NA	NA	NA	NA	NA	NA	NA	NA	NA	NA	0.0120718363463368	NA	NA	NA	NA	NA	NA	NA	NA	NA	NA	NA	NA	NA	NA	NA	NA	NA	0.00341936251189343	0.00392483349191246	0.00431137012369172	NA	NA	NA	NA	NA	0.00945528068506185	NA	NA	NA	NA	NA	NA	NA	NA	NA	NA	NA	0.000356803044719315	0.00484657469077069	NA	NA	0.00487630827783064	NA	NA	NA	NA	NA	NA	NA	NA	NA	0.0121610371075167	NA	NA	NA	NA	NA	NA	NA	NA	NA	0.00532231208372978	NA	NA	0.000356803044719315	NA	NA	NA	NA	NA	NA	NA	NA	NA	NA	NA	NA	NA	NA	0.0012488106565176	NA	NA	NA	NA	0.000773073263558516	NA	NA	NA	0.0016650808753568	NA	NA	NA	NA	NA	NA	NA	NA	NA	NA	NA	NA	NA	NA	NA	NA	NA	NA	NA	NA	NA	NA	NA	NA	NA	NA	0.00133801141769743	NA	NA	NA	NA	NA	NA	NA	NA	NA	NA	NA	NA	NA	NA	NA	NA	NA	NA	0.000446003805899144	NA	NA	NA	NA	NA	NA	NA	NA	NA	NA	NA	NA	NA	NA	8.92007611798287e-05	NA	NA	NA
NW028-1	0.496455834242094	0.0696837513631407	0.0258996728462377	NA	0.040567066521265	0.000817884405670665	0.0418211559432933	NA	0.00948745910577972	0.0112868047982552	0.000872410032715376	0.00572519083969466	0.110959651035987	0.00179934569247546	NA	NA	NA	NA	0.00610687022900763	NA	NA	0.00872410032715376	0.01226826608506	NA	0.00796074154852781	NA	NA	NA	0.0155943293347873	NA	NA	NA	NA	0.0130316248636859	0.00823336968375136	0.0290076335877863	NA	0.00523446019629226	0.0112868047982552	0.00370774263904035	0.00343511450381679	0.000981461286804798	NA	NA	NA	NA	NA	NA	NA	NA	NA	0.000327153762268266	0.00109051254089422	NA	NA	0.00687022900763359	NA	NA	NA	NA	NA	NA	NA	0.0189203925845147	NA	NA	NA	NA	0.00174482006543075	NA	NA	0.00997818974918212	NA	NA	NA	0.00381679389312977	NA	NA	NA	NA	NA	0.000926935659760087	NA	NA	NA	NA	NA	NA	NA	NA	NA	0.00152671755725191	NA	NA	NA	NA	NA	NA	NA	NA	NA	NA	NA	NA	NA	NA	NA	NA	0.0113958560523446	NA	NA	NA	NA	NA	NA	NA	NA	NA	NA	NA	0.00054525627044711	NA	NA	NA	NA	NA	NA	NA	NA	NA	NA	NA	NA	NA	NA	NA	NA	NA	NA	NA	NA	NA	NA	NA	NA	NA	0.000599781897491821	NA	NA	NA	NA	NA	NA	NA	NA	NA	NA	NA	NA	NA	NA	NA	NA	NA	NA	NA	NA	NA	NA	NA	NA	NA	NA	NA	NA	NA	NA	NA	NA	NA	NA	NA	NA	NA	NA	NA	NA	NA	NA	NA	NA	NA	NA	NA	0.00130861504907306	NA	NA	NA	NA	NA	NA
NW028-2	0.420633802816901	0.0917605633802817	0.012887323943662	NA	0.0992253521126761	0.000633802816901408	0.0519014084507042	NA	0.0191549295774648	0.00746478873239437	NA	0.0152816901408451	0.0422535211267606	0.00274647887323944	NA	NA	NA	NA	0.00619718309859155	NA	NA	0.0138028169014085	0.0128169014084507	NA	0.00873239436619718	NA	NA	0.000633802816901408	0.0457042253521127	NA	NA	NA	NA	0.0138028169014085	0.00316901408450704	0.0434507042253521	NA	0.0133098591549296	0.00436619718309859	0.00190140845070423	0.00394366197183099	0.00640845070422535	NA	NA	NA	NA	NA	NA	NA	NA	NA	0.00154929577464789	0.000845070422535211	NA	NA	0.00683098591549296	NA	NA	NA	NA	NA	NA	NA	0.0140845070422535	NA	NA	0.000211267605633803	0.000563380281690141	0.00225352112676056	NA	NA	0.00570422535211268	NA	NA	0.000211267605633803	0.00901408450704225	NA	NA	NA	0.00105633802816901	NA	0.000774647887323944	NA	NA	NA	NA	NA	NA	NA	NA	NA	0.0021830985915493	0.00373239436619718	NA	0.000704225352112676	NA	NA	NA	NA	NA	0.00126760563380282	NA	NA	NA	NA	NA	NA	NA	0.005	NA	NA	NA	NA	NA	NA	NA	NA	NA	NA	NA	0.000563380281690141	NA	0.000633802816901408	NA	NA	NA	NA	NA	NA	NA	NA	NA	NA	NA	NA	NA	NA	NA	NA	NA	NA	NA	NA	0.000140845070422535	NA	NA	NA	NA	NA	NA	NA	NA	0.000492957746478873	NA	NA	NA	NA	NA	NA	NA	NA	NA	NA	NA	NA	NA	NA	NA	NA	NA	NA	NA	NA	NA	NA	NA	NA	NA	NA	NA	NA	NA	NA	NA	NA	NA	NA	NA	NA	NA	NA	NA	NA	NA	NA	NA	NA	NA	NA	NA	NA
NW028-3	0.350186947654657	0.102906186267845	0.0223487423521414	NA	0.0558293677770224	NA	0.0367097212780421	NA	0.00730795377294358	0.035350101971448	NA	0.0420632222977566	0.125424881033311	0.00263426240652617	NA	NA	NA	NA	0.00577838205302515	NA	NA	0.0154656696125085	0.0108769544527532	NA	0.0115567641060503	NA	0.000339904826648538	NA	0.0181849082256968	NA	NA	NA	NA	0.0385791978246091	0.0110469068660775	0.0180149558123725	NA	0.00603331067301156	0.00645819170632223	0.00101971447994562	0.00603331067301156	0.00382392929979606	NA	NA	NA	NA	NA	NA	NA	NA	NA	NA	0.00229435757987763	NA	NA	0.0181849082256968	NA	NA	NA	NA	NA	NA	NA	0.0112168592794018	NA	NA	NA	NA	NA	NA	NA	0.011386811692726	NA	NA	NA	0.008837525492862	NA	NA	NA	NA	NA	0.00144459551325629	NA	NA	NA	NA	NA	NA	NA	NA	NA	0.00135961930659415	NA	NA	NA	NA	NA	NA	NA	NA	0.00603331067301156	NA	NA	NA	NA	NA	NA	NA	0.00433378653976887	NA	NA	NA	NA	NA	NA	NA	NA	NA	NA	NA	NA	NA	0.000934738273283481	NA	NA	NA	NA	NA	NA	NA	NA	NA	NA	NA	NA	NA	NA	NA	NA	NA	NA	NA	NA	NA	NA	NA	NA	NA	NA	NA	NA	NA	NA	NA	NA	NA	NA	NA	NA	NA	NA	NA	NA	NA	NA	NA	NA	NA	NA	NA	NA	NA	NA	NA	NA	NA	NA	NA	NA	NA	NA	NA	NA	NA	NA	NA	NA	NA	NA	NA	NA	NA	NA	NA	NA	NA	NA	NA	NA	NA	NA
NW028-4	0.342273869346734	0.0796482412060301	0.00659547738693467	NA	0.0666457286432161	NA	0.0347989949748744	NA	0.016143216080402	0.0227386934673367	NA	0.0150125628140704	0.0971105527638191	0.0384422110552764	NA	NA	NA	NA	0.0113693467336683	NA	NA	0.0130653266331658	0.014070351758794	NA	0.00584170854271357	NA	NA	NA	0.0353015075376884	NA	NA	NA	NA	0.0233040201005025	0.0201633165829146	0.0302763819095477	NA	0.00741206030150754	0.0192211055276382	0.00188442211055276	0.00244974874371859	0.0010678391959799	NA	NA	NA	NA	NA	NA	NA	NA	NA	0.000314070351758794	0.000879396984924623	NA	NA	0.0172738693467337	0.000376884422110553	NA	NA	NA	NA	NA	NA	0.0179020100502513	NA	NA	NA	0.000314070351758794	0.00119346733668342	NA	NA	0.0223618090452261	NA	NA	NA	0.00571608040201005	NA	NA	NA	NA	NA	0.0010678391959799	NA	NA	NA	NA	NA	NA	NA	NA	NA	0.0032035175879397	NA	NA	0.00119346733668342	NA	NA	NA	NA	NA	0.00169597989949749	NA	NA	NA	NA	NA	NA	NA	0.00571608040201005	NA	NA	NA	NA	NA	NA	NA	NA	NA	NA	0.0148241206030151	0.000816582914572864	NA	NA	NA	NA	0.000314070351758794	NA	NA	NA	NA	NA	NA	NA	NA	NA	NA	NA	NA	NA	NA	NA	NA	NA	NA	NA	NA	NA	NA	NA	NA	NA	NA	NA	NA	NA	NA	NA	NA	NA	NA	NA	NA	NA	NA	NA	NA	NA	NA	NA	NA	NA	NA	NA	NA	NA	NA	NA	NA	NA	NA	NA	NA	NA	NA	NA	NA	NA	NA	NA	NA	NA	NA	NA	NA	NA	NA	NA	NA	NA	NA	NA
NW028-5	0.222549270540056	0.0723701049398515	0.00243153314563604	NA	0.251279754287177	NA	0.0369209111850525	NA	0.0269388277450729	0.0101100588686972	NA	0.0337215254671103	0.0646275915024315	0.0143332480163809	NA	NA	NA	NA	0.015101100588687	NA	NA	0.0261709751727668	0.0179165600204761	NA	0.00537496800614282	NA	NA	NA	0.0417199897619657	NA	NA	NA	NA	0.0284105451753263	0.03263373432301	0.0372408497568467	NA	0.0141412848733043	0.00127975428717686	0.00191963143076529	0.00249552085999488	NA	NA	NA	NA	NA	NA	NA	NA	NA	NA	0.00243153314563604	0.000447914000511902	NA	NA	0.00819042743793192	NA	NA	NA	NA	NA	NA	NA	NA	NA	NA	NA	0.000703864857947274	0.000639877143588431	NA	NA	0.00902226772459688	NA	NA	NA	0.00115177885845918	NA	NA	NA	NA	NA	0.000511901714870745	NA	NA	NA	NA	NA	NA	NA	NA	NA	0.00748656257998464	0.000767852572306117	NA	NA	NA	NA	NA	NA	NA	0.00268748400307141	NA	NA	NA	0.000703864857947274	NA	NA	NA	0.00115177885845918	NA	NA	NA	NA	NA	NA	NA	NA	NA	NA	NA	NA	NA	0.00134374200153571	NA	NA	0.000703864857947274	NA	NA	NA	NA	NA	NA	0.000959815715382646	NA	NA	NA	NA	NA	NA	0.000191963143076529	NA	NA	NA	NA	NA	NA	NA	NA	NA	NA	NA	NA	0.000639877143588431	NA	NA	NA	NA	NA	NA	NA	NA	NA	NA	NA	NA	NA	NA	NA	NA	NA	NA	NA	NA	NA	NA	NA	NA	NA	NA	NA	NA	NA	NA	NA	NA	NA	NA	NA	NA	NA	NA	NA	NA	NA	0.000383926286153059	NA	NA	NA	NA	0.000191963143076529	NA
NW029-1	0.208447550287634	0.0738967607428285	0.0216593953901394	0.321763638469557	0.0176054978572256	0.0132427319408517	0.00343616076599359	0.0840894173970117	0.0151345507895448	0.00235512142388325	NA	NA	NA	0.0117369985714837	NA	0.00359059495772364	NA	0.00196903594455813	0.00216207868422069	0.0183004517200108	0.0357901239334389	NA	0.00084938805451527	0.00776031813443496	NA	NA	0.00185321030076059	0.00289564109493842	0.000501911123122659	NA	NA	0.000501911123122659	NA	NA	0.00185321030076059	NA	0.000887996602447782	NA	NA	NA	NA	NA	0.00559823945021428	0.00386085479325123	0.00177599320489556	NA	0.00084938805451527	NA	0.00239372997181576	0.0140535114474345	NA	0.000656345314852708	NA	0.0105401335855758	0.00146712482143547	NA	NA	NA	NA	NA	0.000386085479325123	NA	0.0252885988957955	NA	NA	NA	NA	NA	0.00119686498590788	0.001582950465233	NA	NA	0.0135516003243118	NA	0.0262152040461758	NA	0.00111964789004286	0.00528937106675418	NA	NA	0.00200764449249064	NA	NA	0.00397668043704876	0.000501911123122659	NA	NA	NA	0.00328172657426354	NA	NA	NA	0.00034747693139261	NA	NA	NA	NA	NA	0.000154434191730049	NA	NA	NA	0.000733562410717733	NA	0.000193042739662561	NA	NA	NA	NA	NA	0.00401528898498128	NA	NA	0.000656345314852708	NA	NA	NA	NA	NA	NA	NA	NA	NA	0.00637041040886452	NA	NA	0.000386085479325123	NA	0.000386085479325123	0.000463302575190147	NA	0.00579128218987684	NA	NA	NA	NA	NA	NA	NA	0.000386085479325123	NA	NA	0.00185321030076059	NA	NA	NA	NA	0.000193042739662561	NA	NA	NA	NA	NA	NA	NA	NA	NA	NA	NA	NA	NA	NA	NA	NA	NA	NA	NA	NA	NA	NA	NA	NA	NA	NA	NA	NA	NA	NA	NA	NA	NA	NA	NA	NA	NA	NA	NA	NA	NA	NA	0.000193042739662561	NA	NA	NA	NA	NA	NA	NA	NA	NA	NA
NW029-2	0.342911648980565	0.0652795993799929	0.0640276618576368	0.177238583522118	0.0170501967330392	0.011148205556218	0.00101347323238345	0.0894837248122094	0.00757124120662931	0.00298080362465721	NA	NA	NA	0.0060808393943007	NA	0.00101347323238345	NA	0.00321926791462978	0.00137116966734232	0.00941933945391678	0.0233098843448194	NA	NA	0.00846548229402647	NA	NA	0.000596160724931441	0.00375581256706808	NA	NA	NA	0.000655776797424586	NA	NA	0.00250387504471205	NA	NA	NA	NA	0.00506736616191725	NA	NA	0.0156194109932038	0.00465005365446524	0.00333850005961607	NA	0.00071539286991773	NA	0.000655776797424586	0.0141290091808752	NA	0.00119232144986288	NA	0.0127578395135328	0.00327888398712293	NA	NA	NA	NA	NA	0.000238464289972577	NA	0.021521402170025	NA	NA	NA	NA	NA	0.00214617860975319	0.00160963395731489	NA	NA	0.012400143078574	NA	0.0235483486347919	NA	NA	0.0103135805413139	NA	NA	0.00375581256706808	NA	NA	0.00238464289972577	0.000417312507452009	NA	NA	NA	0.000894241087397162	NA	NA	NA	NA	NA	NA	NA	NA	0.000536544652438297	NA	NA	NA	NA	0.000655776797424586	NA	NA	NA	NA	NA	NA	NA	0.00208656253726005	NA	NA	0.000476928579945153	NA	NA	NA	NA	NA	NA	NA	NA	NA	0.0102539644688208	NA	NA	NA	NA	0.000238464289972577	0.00071539286991773	NA	0.00393466078454751	NA	NA	NA	NA	NA	NA	NA	0.000298080362465721	NA	NA	0.000894241087397162	NA	NA	NA	NA	0.000178848217479432	NA	NA	NA	NA	NA	NA	NA	NA	NA	NA	NA	NA	NA	NA	NA	NA	NA	NA	NA	NA	NA	NA	NA	NA	NA	NA	NA	NA	NA	NA	NA	NA	NA	NA	NA	NA	NA	NA	NA	NA	NA	NA	NA	NA	NA	NA	NA	NA	NA	NA	NA	NA	NA
NW029-3	0.179936450295052	0.099046754425783	0.0404448479346346	0.200544711756695	0.057739446209714	0.00290512936904221	0.0017703132092601	0.104312301407172	0.034453018610985	0.000499319110304131	NA	NA	NA	0.00276895142986836	NA	NA	NA	0.00145256468452111	0.00349523377212891	0.0125737630503858	0.0387653200181571	NA	NA	0.00226963231956423	NA	NA	NA	0.00276895142986836	NA	NA	NA	0.0017703132092601	NA	NA	0.00290512936904221	NA	NA	NA	NA	NA	NA	NA	0.00394916023604176	0.00358601906491148	0.00154334997730368	NA	NA	NA	0.00136177939173854	0.0108942351339083	NA	0.00208806173399909	NA	0.0184294144348616	0.000907852927825692	NA	NA	NA	0.000862460281434408	NA	0.000317748524738992	NA	0.0321379936450295	NA	NA	NA	NA	0.000181570585565138	0.00254198819791194	0.00372219700408534	NA	NA	0.0125283704039946	NA	0.0662278710848842	NA	0.00172492056286882	0.00186109850204267	NA	NA	0.000998638220608262	NA	NA	0.0145710394916024	NA	NA	NA	NA	0.000726282342260554	NA	NA	NA	NA	NA	NA	0.000363141171130277	NA	0.00108942351339083	NA	NA	NA	0.00331366318656378	NA	NA	NA	0.000726282342260554	NA	0.000499319110304131	NA	NA	0.000363141171130277	NA	NA	NA	NA	NA	NA	NA	NA	NA	NA	NA	NA	0.00113481615978212	NA	NA	0.000544711756695415	NA	0.000817067635043123	NA	NA	0.00463004993191103	NA	NA	NA	NA	NA	NA	NA	0.000862460281434408	NA	NA	0.00299591466182478	NA	NA	NA	NA	0.0005901044030867	NA	NA	NA	NA	NA	NA	NA	NA	NA	NA	NA	NA	NA	NA	NA	NA	0.00394916023604176	NA	NA	NA	NA	NA	NA	NA	NA	0.00308669995460735	NA	NA	NA	NA	NA	NA	0.0005901044030867	NA	NA	NA	NA	NA	NA	NA	NA	NA	NA	NA	NA	NA	NA	NA	NA	NA	NA	NA	NA
NW029-5	0.330742240215924	0.0821592442645074	0.0395681511470985	0.129554655870445	0.0448582995951417	NA	0.0146288798920378	0.103967611336032	0.011336032388664	0.00480431848852902	0.00172739541160594	NA	NA	0.0164102564102564	NA	0.00550607287449393	NA	0.00188933873144399	0.00237516869095816	0.00917678812415654	0.0346018893387314	NA	0.00237516869095816	0.00356275303643725	NA	NA	0.000647773279352227	0.00188933873144399	0.00156545209176788	NA	NA	0.00124156545209177	NA	NA	0.00178137651821862	NA	0.00323886639676113	NA	NA	0.00205128205128205	NA	NA	0.03417004048583	0.00399460188933873	0.00415654520917679	NA	NA	NA	0.00172739541160594	0.0118218623481781	NA	0.00194331983805668	0.000323886639676113	0.00717948717948718	0.00264507422402159	NA	NA	NA	NA	NA	NA	NA	0.00685560053981107	0.000917678812415655	NA	NA	NA	0.00491228070175439	NA	0.00097165991902834	NA	NA	0.0146828609986505	NA	0.0229419703103914	NA	0.0015114709851552	0.00205128205128205	NA	0.00723346828609986	0.00302294197031039	0.000809716599190283	NA	0.00377867746288799	NA	NA	NA	NA	NA	NA	NA	NA	NA	NA	NA	NA	NA	0.000215924426450742	NA	0.000755735492577598	NA	NA	NA	NA	NA	NA	NA	0.000269905533063428	NA	NA	0.000755735492577598	NA	NA	NA	NA	NA	NA	NA	NA	NA	NA	NA	NA	0.00264507422402159	NA	NA	NA	NA	0.000809716599190283	0.000161943319838057	NA	0.00323886639676113	NA	NA	NA	NA	NA	NA	NA	0.000755735492577598	NA	NA	0.000755735492577598	NA	NA	NA	NA	0.000323886639676113	NA	NA	NA	NA	NA	NA	NA	NA	NA	NA	NA	NA	NA	NA	NA	NA	NA	NA	NA	NA	NA	NA	NA	NA	NA	NA	NA	NA	NA	NA	NA	NA	NA	NA	NA	NA	NA	NA	NA	NA	NA	NA	NA	NA	NA	NA	NA	NA	NA	NA	NA	NA	NA
NW030-1	0.573391754630552	0.0473345283144128	0.0363141472482241	0.00312022837416185	NA	0.0140078337648543	0.0412268472415853	0.0414923985925778	0.0254265418575317	0.0551682931686915	NA	NA	NA	NA	NA	NA	NA	NA	0.00258912567217686	0.000464714864236872	NA	0.0128792405231362	0.00889597025824869	NA	0.0123481378211512	NA	0.000863041890725619	NA	0.00955984863572993	0.0414923985925778	NA	NA	NA	0.0169288986257718	0.000398327026488747	0.00225718648343623	0.0032530040496581	0.000531102701984996	NA	0.00570935404633871	0.00318661621190998	0.00132775675496249	NA	0.00371771891389497	NA	0.000597490539733121	0.00365133107614685	NA	0.000331939188740623	NA	NA	0.000929429728473744	0.00126136891721437	NA	NA	0.00199163513244374	0.00458076080462059	0.00073026621522937	0.00312022837416185	NA	NA	NA	NA	0.000464714864236872	0.00199163513244374	NA	NA	0.000398327026488747	0.00803292836752307	NA	NA	NA	NA	NA	NA	NA	0.000597490539733121	NA	NA	0.000929429728473744	NA	NA	NA	NA	0.00212441080793999	NA	NA	NA	NA	NA	NA	NA	NA	NA	NA	NA	NA	0.00119498107946624	NA	NA	NA	NA	NA	NA	NA	NA	NA	NA	NA	NA	NA	NA	NA	NA	0.000863041890725619	NA	NA	NA	NA	NA	NA	NA	NA	NA	NA	NA	NA	NA	NA	NA	NA	NA	NA	NA	NA	NA	NA	NA	NA	NA	NA	NA	NA	NA	NA	NA	0.00073026621522937	NA	NA	NA	NA	NA	NA	NA	NA	NA	NA	NA	NA	NA	NA	NA	NA	NA	NA	NA	NA	0.00159330810595499	NA	NA	NA	NA	NA	NA	NA	NA	NA	NA	NA	NA	NA	NA	NA	NA	NA	NA	NA	NA	NA	NA	NA	NA	NA	NA	NA	NA	NA	NA	NA	NA	NA
NW030-2	0.486960352422907	0.0451101321585903	0.0429955947136564	0.00493392070484582	NA	0.0153303964757709	0.0504845814977974	0.0285462555066079	0.0449339207048458	0.0919823788546256	NA	NA	NA	NA	NA	NA	NA	NA	0.00414096916299559	NA	NA	0.0182378854625551	0.0120704845814978	NA	0.00176211453744493	NA	0.00229074889867841	0.00167400881057269	0.0205286343612335	0.0282819383259912	NA	0.000704845814977974	NA	0.0221145374449339	0.000352422907488987	0.00343612334801762	0.0131277533039648	0.00140969162995595	NA	0.00502202643171806	0.00414096916299559	0.00440528634361234	NA	0.00325991189427313	NA	0.0013215859030837	0.0026431718061674	NA	NA	NA	NA	NA	0.00422907488986784	NA	NA	0.00158590308370044	0.00590308370044053	NA	0.00352422907488987	NA	NA	NA	NA	NA	0.00246696035242291	NA	0.000969162995594714	0.00026431718061674	0.00572687224669604	NA	NA	NA	NA	NA	NA	NA	0.00149779735682819	NA	NA	0.00052863436123348	NA	0.00149779735682819	NA	NA	0.00722466960352423	NA	NA	NA	NA	NA	NA	NA	0.00123348017621145	NA	NA	NA	NA	0.000616740088105727	NA	NA	NA	NA	NA	NA	NA	NA	NA	NA	NA	NA	NA	NA	NA	NA	NA	NA	NA	NA	NA	NA	NA	NA	NA	NA	NA	NA	NA	NA	NA	NA	NA	NA	NA	NA	NA	NA	NA	NA	NA	NA	NA	NA	NA	NA	NA	NA	0.00052863436123348	NA	NA	NA	NA	NA	NA	NA	NA	NA	NA	NA	NA	NA	NA	NA	NA	NA	NA	NA	NA	NA	NA	NA	NA	NA	NA	NA	NA	NA	NA	NA	NA	NA	NA	NA	NA	NA	NA	NA	NA	NA	NA	NA	NA	NA	NA	NA	NA	NA	NA	NA	NA	NA	NA
NW030-4	0.462776659959759	0.052170163840184	0.0363610232825525	0.00438344351825237	NA	0.163983903420523	0.0248634665133659	0.0577752227651624	0.028672032193159	0.0219172175912619	0.00172463351537798	NA	NA	NA	NA	NA	NA	NA	0.00323368784133372	0.00035929864903708	NA	0.00603621730382294	0.00919804541534924	NA	0.0017964932451854	NA	NA	0.00107789594711124	0.00704225352112676	0.0299655073296924	NA	NA	NA	0.0160247197470538	NA	0.00459902270767462	0.00330554757114113	0.0017964932451854	NA	0.0156654210980167	0.00143719459614832	0.00100603621730382	NA	0.00416786432883012	NA	0.00122161540672607	0.00783271054900833	NA	NA	NA	NA	0.000503018108651912	0.00122161540672607	NA	NA	0.00122161540672607	0.00308996838171888	NA	0.00273066973268181	NA	NA	NA	0.000574877838459327	NA	0.00100603621730382	NA	NA	0.00150905432595573	0.00718597298074159	NA	NA	NA	NA	NA	NA	NA	0.000718597298074159	NA	NA	0.00208393216441506	NA	0.000503018108651912	NA	NA	0.00280252946248922	NA	NA	NA	NA	NA	NA	NA	NA	NA	NA	NA	NA	0.00158091405576315	NA	NA	NA	NA	NA	NA	0.00035929864903708	NA	NA	NA	NA	NA	NA	NA	NA	NA	0.000790457027881575	NA	NA	NA	NA	NA	NA	0.000503018108651912	NA	NA	NA	0.000431158378844496	NA	NA	NA	NA	NA	NA	NA	NA	NA	NA	NA	NA	NA	NA	NA	NA	NA	NA	NA	NA	NA	NA	NA	NA	NA	NA	NA	NA	NA	NA	NA	NA	NA	NA	NA	NA	NA	NA	NA	NA	NA	NA	NA	NA	NA	NA	NA	NA	NA	NA	0.000790457027881575	NA	NA	NA	NA	NA	NA	NA	NA	NA	NA	NA	NA	NA	NA	NA	NA	NA	NA	NA	NA	NA	NA	NA	NA
NW030-5-1	0.581623955906586	0.0503437695323598	0.0614807659526109	0.00590942667197	NA	0.00983010398318086	0.0144326382180806	0.0492641627365191	0.0248309563043355	0.0571055173589409	NA	NA	NA	NA	NA	NA	NA	NA	0.0028978919256776	0.00187510654014433	NA	0.00375021308028865	0.00482981987612933	0.000284107051537019	0.00545485538951077	NA	0.00159099948860731	0.00227285641229615	0.00619353372350702	0.0418205579862492	NA	NA	NA	0.00818228308426615	NA	0.00193192795045173	0.00471617705551452	0.00318199897721461	NA	0.008864140007955	0.000965963975225865	0.00607989090289221	NA	0.00460253423489971	NA	NA	0.00193192795045173	NA	NA	NA	NA	0.000170464230922212	NA	NA	NA	0.00346610602875163	0.00357974884936644	NA	0.00602306949258481	NA	NA	NA	NA	0.000625035513381442	0.00653446218535144	NA	NA	NA	0.00500028410705154	NA	NA	NA	NA	NA	NA	NA	NA	0.000625035513381442	NA	0.000965963975225865	NA	NA	NA	NA	0.00244332064321836	NA	NA	NA	NA	NA	NA	NA	NA	NA	NA	0.000454571282459231	NA	0.00125007102676288	NA	NA	NA	NA	NA	NA	NA	NA	NA	NA	NA	NA	NA	NA	NA	NA	0.00113642820614808	NA	NA	NA	NA	NA	NA	0.000397749872151827	NA	NA	NA	NA	0.000625035513381442	NA	NA	NA	NA	NA	NA	NA	NA	NA	NA	NA	NA	NA	NA	NA	NA	NA	NA	NA	0.000454571282459231	NA	NA	NA	NA	NA	NA	NA	NA	NA	NA	NA	NA	NA	NA	NA	NA	NA	NA	NA	NA	NA	NA	NA	NA	NA	NA	NA	NA	NA	NA	NA	NA	NA	NA	NA	NA	NA	NA	NA	NA	NA	NA	NA	NA	NA	NA	NA	NA	NA	NA	NA	NA	NA	NA
NW030-5-2	0.449647295935506	0.0489082969432314	0.0457507557944239	0.00497144776620759	NA	0.143097077594894	0.0177359758145784	0.0489754786698018	0.0460866644272758	0.00786026200873362	0.00208263352368156	0.00141081625797783	0.000604635539133356	NA	NA	NA	NA	NA	0.0024857238831038	0.00214981525025193	NA	0.0101444407121263	0.0116224386966745	0.000738998992274101	NA	NA	NA	0.00376217668794088	0.00893516963385959	0.00752435337588176	NA	NA	NA	0.00382935841451125	NA	0.0122270742358079	0.00127645280483708	0.00174672489082969	NA	0.00900235136042996	0.0024857238831038	NA	NA	0.0022169969768223	NA	0.000738998992274101	0.0137050722203561	NA	NA	NA	NA	NA	NA	NA	NA	NA	0.00181390661740007	NA	NA	NA	NA	NA	0.00114208935169634	0.000335908632851864	NA	NA	NA	NA	0.000738998992274101	NA	NA	NA	NA	NA	0.0493785690292241	NA	NA	NA	NA	0.00389654014108163	NA	NA	NA	NA	0.00678535438360766	NA	NA	NA	NA	NA	NA	NA	0.000873362445414847	NA	NA	NA	NA	0.00201545179711119	NA	NA	NA	0.00685253611017803	NA	NA	0.00047027208599261	NA	NA	NA	NA	NA	NA	NA	NA	NA	0.00349344978165939	NA	NA	NA	NA	NA	NA	NA	NA	NA	NA	0.00282163251595566	NA	NA	NA	NA	NA	NA	NA	NA	NA	NA	NA	NA	NA	NA	NA	NA	NA	NA	NA	NA	NA	NA	NA	NA	NA	NA	NA	NA	NA	NA	NA	NA	NA	NA	NA	NA	NA	NA	0.00174672489082969	NA	NA	NA	NA	NA	NA	NA	NA	NA	NA	0.00094054417198522	NA	NA	NA	NA	0.00342626805508902	NA	NA	NA	NA	NA	NA	NA	NA	NA	NA	NA	NA	NA	NA	NA	NA	NA	NA	NA	NA
NW030-6	0.58131081534504	0.115814785818141	0.0280170003355329	0.00212504194161727	NA	0.0584945755508332	0.0249412817358237	0.0323789285314842	0.0316519404988256	0.00380270663236774	NA	0.000279610781791746	NA	NA	NA	NA	NA	NA	0.00279610781791746	0.00206911978525892	NA	NA	NA	0.000615143719941841	NA	NA	NA	0.00301979644335086	0.00777317973381054	0.0137009283077955	NA	NA	NA	0.0277373895537412	NA	0.000894754501733587	0.000559221563583492	0.00123028743988368	NA	0.00452969466502628	0.00106252097080863	NA	NA	0.00184543115982552	NA	0.00134213175260038	0.0065988144502852	NA	NA	NA	NA	0.00128620959624203	0.000503299407225143	NA	0.00106252097080863	NA	0.0114081198971032	NA	0.00156582037803378	NA	0.00067106587630019	NA	0.000782910189016888	NA	NA	NA	NA	0.00111844312716698	0.00397047310144279	NA	NA	NA	NA	NA	0.000335532938150095	NA	0.000838832345375238	NA	NA	0.000615143719941841	NA	NA	NA	NA	0.00995414383178615	NA	NA	NA	NA	NA	NA	NA	0.000447377250866793	NA	NA	NA	NA	0.00710211385751035	NA	NA	NA	NA	NA	NA	0.000559221563583492	NA	NA	NA	NA	NA	NA	NA	NA	NA	0.00229280841069232	NA	NA	NA	NA	NA	NA	0.000726988032658539	NA	NA	NA	NA	NA	NA	NA	NA	NA	NA	NA	NA	NA	NA	NA	NA	NA	NA	NA	NA	NA	NA	NA	NA	NA	NA	NA	NA	NA	NA	NA	NA	NA	NA	NA	NA	NA	NA	NA	NA	NA	NA	NA	NA	0.000167766469075048	NA	NA	NA	NA	NA	NA	NA	NA	NA	NA	NA	NA	NA	NA	NA	NA	NA	NA	NA	NA	NA	NA	NA	NA	NA	NA	NA	NA	NA	NA	NA	NA	NA	NA
NW031-1	0.324916759156493	0.0475027746947836	0.0653163152053274	0.0221975582685905	0.00416204217536071	0.0013873473917869	0.0370699223085461	0.0190899001109878	0.013873473917869	0.0062708102108768	NA	0.304605993340733	0.00133185349611543	NA	NA	0.00144284128745838	NA	0.00394006659267481	0.0107658157602664	0.00899001109877914	0.00294117647058824	0.000832408435072142	0.00554938956714761	0.0134295227524972	0.00105438401775805	NA	0.00360710321864595	0.00638179800221976	NA	0.00432852386237514	0.003496115427303	0.000332963374028857	0.0037180910099889	0.0142064372918979	0.00754716981132075	NA	0.00122086570477247	0.00199778024417314	NA	0.00638179800221976	0.00188679245283019	0.000610432852386237	NA	NA	0.00621531631520533	0.00266370699223085	NA	NA	0.00227524972253052	0.00316315205327414	NA	NA	0.000665926748057714	0.00183129855715871	0.00532741398446171	NA	NA	NA	0.00177580466148724	NA	0.00205327413984462	NA	NA	NA	0.000499445061043285	NA	NA	0.000610432852386237	NA	NA	NA	NA	NA	NA	NA	NA	NA	0.00366259711431742	NA	NA	0.000166481687014428	NA	0.000665926748057714	NA	NA	0.00599334073251942	NA	NA	0.00133185349611543	NA	0.000499445061043285	NA	0.00221975582685905	NA	NA	0.000499445061043285	0.000887902330743618	NA	NA	NA	NA	NA	NA	NA	NA	NA	NA	NA	NA	NA	NA	NA	NA	NA	0.000443951165371809	0.000887902330743618	NA	NA	NA	NA	NA	0.000443951165371809	NA	NA	NA	NA	0.000277469478357381	NA	NA	NA	NA	NA	NA	NA	NA	0.00160932297447281	NA	NA	NA	NA	NA	NA	NA	NA	0.000499445061043285	NA	NA	NA	NA	NA	NA	NA	NA	NA	NA	NA	0.000443951165371809	NA	NA	NA	NA	NA	NA	NA	NA	NA	NA	NA	NA	NA	NA	NA	NA	NA	NA	NA	NA	NA	NA	NA	NA	NA	NA	NA	NA	NA	NA	NA	NA	NA	NA	NA	NA	NA	NA	NA	NA	NA	NA	NA	NA
NW031-2	0.24304164652255	0.0589819738932247	0.0507631742523655	0.050694108709165	0.00607776780164376	0.0539401892395884	0.0283168727122039	0.0207887285033497	0.0102907659368741	0.0138131086400995	NA	0.251882036052214	0.00117411423440845	NA	NA	0.00283168727122039	NA	0.00552524345603978	0.0125699288624905	0.0236894813177706	0.00359140824642586	NA	0.00545617791283928	0.0293528558602113	0.00227916292561641	NA	0.0026244906416189	0.00393673596242834	NA	0.00145037640721044	0.00607776780164376	NA	0.00635402997444575	0.0194764831825402	0.00794253746805719	NA	0.00193383520961392	0.00158850749361144	NA	0.0140203052697009	0.00296981835762138	NA	NA	NA	0.00366047378962636	0.00448926030803232	0.0026244906416189	NA	0.00462739139443332	0.00704468540645072	NA	0.0024863595552179	0.00227916292561641	0.00117411423440845	0.00359140824642586	NA	NA	NA	NA	NA	0.00103598314800746	NA	NA	NA	0.00151944195041094	NA	NA	0.00075972097520547	NA	NA	NA	NA	NA	NA	NA	NA	NA	0.00393673596242834	NA	NA	NA	NA	NA	NA	NA	0.00538711236963879	NA	NA	NA	NA	0.00207196629601492	NA	0.00145037640721044	NA	NA	NA	0.000897852061606464	NA	NA	NA	0.00200290075281442	NA	NA	NA	NA	NA	NA	NA	0.000552524345603978	NA	NA	NA	NA	NA	0.000483458802403481	0.00138131086400995	NA	NA	NA	NA	NA	NA	NA	NA	NA	NA	NA	NA	NA	NA	NA	NA	NA	NA	NA	0.00310794944402238	NA	NA	NA	NA	NA	NA	NA	NA	NA	NA	NA	NA	NA	NA	NA	NA	NA	NA	NA	NA	NA	NA	NA	NA	NA	NA	NA	NA	NA	NA	NA	NA	NA	NA	NA	NA	NA	NA	NA	NA	NA	NA	NA	NA	NA	NA	NA	NA	NA	NA	NA	NA	NA	NA	NA	NA	NA	NA	NA	NA	NA	NA	NA	NA	NA
NW031-3	0.309032068255369	0.0238305383936452	0.0823183289202707	0.062606649014416	0.00353045013239188	0.0147102088849662	0.0102971462194763	0.0464254192409532	0.0563695204471904	0.000823771697558105	NA	0.157163871726979	0.00135333921741689	NA	NA	0.00294204177699323	NA	0.0145925272138864	0.0128861429832304	0.0557222712562518	0.018240659017358	NA	0.00135333921741689	0.0297146219476317	NA	NA	0.00158870255957635	0.00770814945572227	NA	NA	NA	0.000117681671079729	0.0018240659017358	0.00406001765225066	0.00253015592821418	NA	NA	0.00117681671079729	NA	0.00812003530450132	0.000706090026478376	0.000647249190938511	NA	NA	0.000706090026478376	0.000588408355398647	0.0050014710208885	NA	0.00370697263901147	0.00641365107384525	NA	0.0058252427184466	NA	0.00235363342159459	0.000235363342159459	NA	NA	NA	NA	NA	0.000588408355398647	NA	NA	NA	0.000764930862018241	NA	NA	0.00123565754633716	NA	NA	NA	NA	NA	NA	NA	NA	NA	0.02606649014416	NA	0.00088261253309797	0.000353045013239188	NA	NA	NA	NA	0.00423654015887026	NA	NA	NA	NA	NA	NA	0.000353045013239188	NA	NA	0.0010002942041777	NA	NA	NA	NA	NA	NA	NA	NA	NA	NA	NA	NA	NA	NA	NA	NA	NA	NA	NA	0.00105913503971756	NA	NA	NA	NA	NA	NA	NA	NA	NA	NA	0.000706090026478376	NA	NA	0.00241247425713445	NA	NA	NA	NA	NA	0.00217711091497499	NA	NA	NA	NA	NA	NA	NA	NA	0.000941453368637835	NA	NA	NA	NA	NA	NA	NA	NA	NA	NA	NA	NA	NA	NA	NA	NA	NA	NA	NA	NA	NA	NA	NA	NA	NA	NA	NA	NA	NA	NA	NA	NA	NA	NA	NA	NA	NA	NA	NA	NA	NA	NA	NA	NA	NA	NA	NA	NA	NA	NA	NA	NA	NA	NA	NA	NA
NW031-4	0.294828217329917	0.0206557548501804	0.0989384510798515	0.0316372954034409	0.00773937143753595	0.05689483867594	0.0182502745385138	0.0429848873084767	0.0379647544841291	NA	NA	0.209590545416514	0.00266694556293469	NA	NA	0.00575223552789834	NA	0.0146943471212676	0.00946504209590545	0.0198190660461225	0.0234272865136223	0.000836688804057941	0.00224860116090572	0.0139622444177169	NA	NA	0.000209172201014485	0.011190712754275	NA	0.000836688804057941	NA	0.000522930502536213	0.000941274904565183	0.0066412173822099	0.00486325367358678	NA	NA	0.00109815405532605	NA	0.00324216911572452	0.000627516603043456	NA	NA	NA	NA	0.00109815405532605	0.00413115097003608	NA	0.000993567954818805	0.00434032317105057	NA	0.00695497568373163	NA	NA	NA	NA	NA	NA	NA	NA	0.000784395753804319	NA	NA	NA	NA	NA	NA	0.00219630811065209	NA	NA	NA	NA	NA	NA	NA	NA	NA	0.00899440464362286	NA	0.00188254980913037	0.00135961930659415	NA	NA	NA	NA	0.0126026251111227	NA	NA	0.00266694556293469	NA	NA	NA	0.00151649845735502	NA	NA	0.000261465251268106	NA	NA	NA	NA	NA	NA	NA	NA	NA	NA	NA	NA	NA	NA	NA	NA	NA	NA	NA	0.00224860116090572	NA	NA	NA	NA	NA	NA	NA	NA	NA	NA	NA	NA	NA	0.00151649845735502	NA	NA	NA	NA	NA	0.00141191235684777	NA	NA	NA	0.000732102703550698	NA	NA	NA	NA	0.00177796370862312	NA	NA	NA	NA	NA	NA	NA	NA	NA	NA	NA	NA	NA	NA	NA	NA	NA	NA	NA	NA	NA	NA	NA	NA	NA	NA	NA	NA	NA	NA	NA	NA	NA	NA	NA	NA	NA	NA	NA	NA	NA	NA	NA	NA	NA	NA	NA	NA	NA	NA	NA	NA	NA	NA	NA	NA
NW031-5	0.314832490216665	0.0171804905984538	0.0614202538894722	0.0453851293309153	0.00329292736470364	0.221676052305049	0.00997422926410232	0.0466736661257994	0.00424739906461773	0.000381788679965639	NA	0.0729693614584328	0.000668130189939868	NA	NA	0.00820845661926124	NA	0.0412809010212847	0.00272024434475518	0.0193280519232605	0.0218574019280328	NA	NA	0.025388947217715	NA	NA	NA	0.00305430943972511	NA	0.000715853774935573	NA	0.000620406604944163	NA	0.00357926887467787	0.00252935000477236	NA	NA	0.000715853774935573	NA	0.00138398396487544	NA	NA	NA	NA	NA	0.0019566669848239	0.00563138302949318	NA	0.000572683019948459	0.0101174000190894	NA	0.0138875632337501	NA	0.00396105755464351	NA	NA	NA	NA	NA	NA	NA	NA	NA	NA	0.000906748114918393	NA	NA	0.0019089433998282	NA	NA	NA	NA	NA	NA	NA	NA	NA	0.000477235849957049	NA	0.00377016321466069	0.00582227736947599	NA	NA	NA	NA	0.010833253794025	NA	NA	0.000334065094969934	NA	0.000429512264961344	NA	NA	NA	NA	NA	NA	0.00104991886990551	NA	NA	NA	NA	NA	NA	NA	NA	NA	NA	0.000334065094969934	NA	NA	NA	NA	NA	0.000286341509974229	0.00286341509974229	NA	NA	NA	NA	NA	0.000143170754987115	NA	NA	NA	NA	NA	NA	NA	NA	NA	NA	NA	NA	NA	0.00128853679488403	NA	NA	NA	0.000715853774935573	NA	NA	NA	NA	0.00162260188985397	NA	NA	NA	NA	NA	NA	NA	NA	NA	NA	NA	NA	NA	NA	NA	NA	NA	NA	NA	NA	NA	NA	NA	NA	NA	NA	NA	NA	NA	NA	NA	NA	NA	NA	NA	NA	NA	NA	0.000524959434952754	NA	NA	NA	NA	NA	NA	NA	NA	NA	NA	NA	NA	0.000477235849957049	NA	NA	NA	NA
NW032-1	NA	0.194146743610882	NA	NA	0.00975542731519648	0.228634240175872	0.206444078043419	NA	0.0440368233031053	0.0103737290464413	0.00151140423193185	0.0276861775212971	NA	NA	NA	NA	NA	NA	0.00309150865622424	0.000755702115965925	NA	0.00247320692497939	0.0232206650178621	NA	NA	0.001786205001374	NA	0.0129156361637813	0.00254190711733993	NA	NA	NA	NA	NA	0.00899972519923056	0.0601126683154713	0.00439681231107447	NA	NA	0.0332508931025007	0.0114729321242099	0.00583951635064578	NA	NA	NA	0.000618301731244847	0.00357241000274801	NA	0.000549601538884309	NA	NA	0.0039159109645507	0.00336630942566639	NA	NA	0.00652651827425117	NA	NA	NA	NA	0.00460291288815609	NA	NA	0.00199230557845562	NA	NA	0.00796922231382248	0.0109920307776862	NA	NA	NA	NA	NA	NA	NA	0.00680131904369332	NA	NA	NA	0.00810662269854356	NA	NA	0.0021297059631767	0.00130530365485023	NA	NA	NA	0.00151140423193185	NA	NA	NA	0.00961802693047541	NA	0.000412201154163232	NA	NA	NA	NA	NA	0.0124347348172575	0.00549601538884309	NA	NA	NA	NA	0.000549601538884309	NA	NA	NA	0.00137400384721077	NA	NA	NA	NA	NA	NA	NA	NA	0.00267930750206101	NA	NA	NA	0.00425941192635339	NA	NA	NA	NA	NA	NA	NA	6.87001923605386e-05	NA	NA	NA	NA	NA	NA	0.00412201154163232	0.000412201154163232	NA	NA	NA	NA	NA	NA	NA	NA	NA	NA	NA	NA	0.000412201154163232	NA	NA	NA	NA	0.000755702115965925	NA	NA	NA	NA	NA	NA	NA	NA	NA	NA	NA	NA	NA	NA	NA	NA	NA	NA	NA	NA	NA	NA	NA	NA	NA	NA	NA	NA	NA	NA	NA	NA	NA	NA	NA	NA	NA	NA	NA	NA	NA	NA	NA	NA
NW032-2	0.732426920462271	0.0721957851801496	NA	NA	0.00584636301835486	0.00190346702923182	0.0505778382053025	NA	0.00394289598912305	0.00802175390890551	NA	0.0311352821210061	NA	NA	NA	NA	NA	NA	NA	NA	NA	0.00108769544527532	0.0035350101971448	NA	NA	0.00217539089055065	NA	NA	NA	NA	NA	NA	NA	NA	NA	0.0182188987083617	NA	NA	NA	0.0172671651937457	0.012100611828688	0.0122365737593474	NA	NA	NA	NA	NA	0.00435078178110129	0.00108769544527532	NA	NA	0.000679809653297077	0.00367097212780421	NA	NA	0.00135961930659415	NA	NA	NA	NA	NA	NA	NA	NA	NA	NA	NA	0.00598232494901428	NA	NA	NA	NA	NA	NA	NA	NA	NA	NA	NA	NA	NA	NA	0.00122365737593474	NA	NA	NA	NA	NA	NA	NA	NA	NA	NA	NA	NA	NA	NA	NA	0.00557443915703603	NA	NA	NA	NA	NA	NA	NA	NA	NA	NA	NA	NA	NA	NA	NA	NA	NA	NA	NA	NA	NA	NA	NA	NA	NA	NA	NA	NA	NA	NA	NA	NA	NA	NA	NA	NA	NA	NA	NA	0.00339904826648538	NA	NA	NA	NA	NA	NA	NA	NA	NA	NA	NA	NA	NA	NA	NA	NA	NA	NA	NA	NA	NA	NA	NA	NA	NA	NA	NA	NA	NA	NA	NA	NA	NA	NA	NA	NA	NA	NA	NA	NA	NA	NA	NA	NA	NA	NA	NA	NA	NA	NA	NA	NA	NA	NA	NA	NA	NA	NA	NA	NA	NA	NA
NW032-3	0.508716323296355	0.125550272935376	NA	NA	0.000352174678640606	0.073252333157246	0.0457827082232787	NA	0.0109174150378588	0.0189000410870458	NA	0.00903915008510888	NA	NA	NA	NA	NA	0.0416153078593649	0.00446087926278101	0.0199565651229677	NA	0.0214239596173035	0.00358044256617949	NA	0.00082174091682808	0.0133239420085696	NA	0.00287609320889828	0.00281739742912485	NA	NA	NA	NA	NA	NA	0.00833480072782767	0.000586957797734343	NA	NA	0.0039326172448201	0.00463696660210131	0.00258261431003111	NA	0.0132065504490227	NA	0.000939132476374949	0.00487174972119505	NA	NA	NA	NA	0.00363913834595293	0.00170217761342959	NA	0.000939132476374949	NA	0.00316957210776545	NA	0.00246522275048424	NA	0.00181956917297646	NA	NA	0.00228913541116394	NA	NA	0.000880436696601514	0.00146739449433586	0.00927393320420262	NA	NA	NA	NA	NA	NA	0.00639783999530434	NA	NA	NA	0.00698479779303868	NA	0.00610436109643717	NA	NA	NA	NA	NA	NA	NA	NA	NA	NA	0.00135000293478899	NA	NA	NA	NA	0.000997828256148383	NA	NA	0.00193696073252333	NA	NA	NA	0.000997828256148383	0.00311087632799202	NA	NA	NA	NA	NA	NA	NA	NA	NA	NA	NA	NA	NA	NA	NA	NA	0.000586957797734343	NA	NA	NA	NA	NA	NA	NA	0.00041087045841404	NA	NA	NA	NA	NA	NA	NA	5.86957797734343e-05	NA	NA	NA	NA	NA	NA	NA	NA	NA	NA	NA	NA	NA	NA	NA	NA	NA	0.000939132476374949	NA	NA	NA	NA	NA	NA	NA	NA	NA	NA	NA	NA	NA	NA	NA	NA	NA	NA	NA	NA	NA	NA	NA	NA	NA	NA	NA	NA	NA	NA	NA	NA	NA	NA	NA	NA	NA	NA	NA	NA	NA	NA	NA	NA
NW032-4-1	0.532243976999782	0.074750709658636	NA	NA	0.00312977654851154	0.0378848533372152	0.0289686294490138	NA	0.0320620132469612	0.00957129339835505	NA	0.013720066962661	NA	NA	NA	NA	NA	0.0566271198777204	0.00360288230584468	0.0140476017177378	NA	0.0266394934129121	0.00149210277312759	NA	0.00156488827425577	0.0117548584322003	NA	0.00443991556881869	0.00367566780697285	NA	NA	NA	NA	NA	0.0011645680180508	0.0156852754931218	0.000873426013538103	NA	0.000545891258461314	0.00156488827425577	0.00640512409927942	NA	NA	0.00968047165004731	NA	0.00112817526748672	0.0486571075041852	NA	NA	NA	NA	0.0164495232549676	0.00189242302933256	NA	NA	NA	0.00181963752820438	NA	0.00120096076861489	NA	0.00283863454399884	NA	NA	0.000873426013538103	NA	NA	0.00138292452143533	0.0026566707911784	0.0041123808137419	NA	NA	NA	NA	NA	NA	0.00251109978892205	NA	NA	NA	0.00949850789722687	NA	0.00141931727199942	NA	0.0029478127956911	NA	NA	NA	NA	NA	NA	NA	0.000363927505640876	0.000473105757333139	0.000727855011281753	NA	NA	NA	0.00120096076861489	NA	NA	NA	NA	NA	NA	0.00178324477764029	0.00189242302933256	NA	NA	NA	0.000545891258461314	NA	NA	NA	NA	NA	NA	NA	NA	NA	NA	NA	NA	0.000545891258461314	NA	NA	NA	NA	NA	NA	NA	7.27855011281753e-05	NA	NA	NA	NA	NA	NA	NA	0.000400320256204964	NA	NA	NA	NA	NA	NA	NA	NA	NA	NA	NA	NA	NA	NA	NA	NA	NA	0.000509498507897227	NA	NA	NA	NA	NA	NA	NA	NA	NA	NA	NA	NA	NA	NA	NA	NA	NA	NA	NA	NA	NA	NA	NA	NA	NA	NA	NA	NA	NA	NA	NA	NA	NA	NA	NA	NA	NA	NA	NA	NA	NA	NA	NA	NA
NW032-4-2	0.543726988400174	0.0852765350964013	NA	NA	NA	0.0659170988558534	0.0317114691793024	NA	0.023001702363514	0.019953283977988	NA	0.00958074349736728	NA	NA	NA	NA	NA	0.0614830357496338	0.00364226612296607	0.0176570727265529	NA	0.0233580110059781	0.00237539094976048	NA	NA	0.0151629122293044	NA	0.00518627024031038	0.00229621125143513	NA	NA	NA	NA	NA	0.00870976681578843	0.0169048655924621	0.000791796983253494	NA	NA	NA	0.00348390672631537	0.00142523456985629	NA	0.0126687517320559	NA	0.000870976681578843	0.00190031275980839	0.000158359396650699	0.00122728532404292	NA	NA	0.00570093827942516	0.000831386832416168	NA	NA	NA	0.00304841838552595	NA	NA	NA	0.00249416049724851	NA	NA	0.00292964883803793	NA	NA	0.000950156379904193	0.00411734431291817	0.00518627024031038	NA	NA	NA	NA	NA	NA	0.00292964883803793	NA	NA	NA	0.00546339918444911	NA	0.00067302743576547	NA	0.000989746229066867	NA	NA	NA	NA	NA	NA	NA	0.00067302743576547	NA	NA	NA	NA	NA	NA	NA	NA	NA	NA	NA	NA	0.000435488340789422	0.00332554732966467	NA	NA	NA	0.000316718793301398	NA	NA	NA	NA	NA	NA	NA	NA	0.000316718793301398	NA	NA	NA	0.000395898491626747	NA	NA	NA	NA	NA	NA	NA	NA	NA	NA	NA	NA	NA	NA	NA	NA	NA	NA	NA	NA	NA	NA	NA	NA	NA	NA	NA	NA	NA	NA	NA	NA	NA	0.000356308642464072	0.000395898491626747	NA	NA	NA	NA	NA	NA	NA	NA	NA	NA	NA	NA	NA	NA	NA	NA	NA	NA	NA	NA	NA	NA	NA	NA	NA	NA	NA	NA	NA	NA	NA	NA	NA	NA	NA	NA	NA	NA	NA	NA	NA	NA	NA
NW032-4-3	0.562057877813505	0.0769254325524422	NA	NA	0.000398101362731588	0.0529781044250498	0.0272546317562395	NA	0.0194763435920992	0.0275608635737253	NA	0.010075026795284	NA	NA	NA	NA	NA	0.0560097994181595	0.00275608635737253	0.032736181289236	NA	0.0196294595008421	0.00251110090338386	NA	0.000183739090491502	0.0100137804317869	NA	0.00575715816873373	0.00165365181442352	NA	NA	NA	NA	NA	0.00630837544020824	0.0124942581534221	0.00122492726994335	NA	NA	0.00226611544939519	0.00330730362884704	0.000398101362731588	NA	0.0137498086051141	NA	0.0013167968151891	0.00606338998621957	NA	0.000704333180217425	NA	NA	0.00673709998468841	0.00110243454294901	NA	NA	NA	0.00474659317103047	NA	NA	NA	0.00177614454141785	NA	NA	0.00266421681212678	NA	NA	0.000520594089725923	0.0026335936303782	0.00587965089572807	NA	NA	NA	NA	NA	NA	0.00428724544480171	NA	NA	NA	0.00584902771397948	NA	0.000979941815954678	NA	0.000612463634971674	NA	NA	NA	NA	NA	NA	NA	NA	0.000489970907977339	NA	NA	NA	NA	0.000949318634206094	NA	NA	NA	NA	NA	NA	0.00107181136120043	0.00107181136120043	NA	NA	NA	0.000275608635737253	NA	NA	NA	NA	NA	NA	NA	NA	0.000398101362731588	NA	NA	NA	0.000612463634971674	NA	NA	NA	NA	NA	NA	NA	0.000244985453988669	NA	NA	NA	NA	NA	NA	NA	NA	NA	NA	NA	NA	NA	NA	NA	NA	NA	NA	NA	NA	NA	NA	NA	NA	NA	0.000704333180217425	0.00058184045322309	NA	NA	NA	NA	NA	NA	NA	NA	NA	NA	NA	NA	NA	NA	NA	NA	NA	NA	NA	NA	NA	NA	NA	NA	NA	NA	NA	NA	NA	NA	NA	NA	NA	NA	NA	NA	NA	NA	NA	NA	NA	NA	NA
NW032-5	0.347532337058897	0.10769810372975	NA	NA	0.000502323245008163	0.0550295114906442	0.108125078488007	NA	0.0401607434384026	0.0089413537611453	NA	0.0386286575411277	0.000351626271505714	NA	NA	NA	NA	0.0278035916112018	0.00200929298003265	0.00848926284063795	NA	0.0730126836619365	0.0240361672736406	NA	0.00570136883084265	0.010398091171669	NA	0.00946879316840387	0.00160743438402612	NA	NA	NA	NA	NA	0.00519904558583448	0.0181841014692955	0.00205952530453347	NA	NA	0.00753484867512244	0.00841391435388673	0.000728368705261836	NA	0.00929298003265101	NA	0.00467160617857591	0.00246138390054	0.000301393947004898	0.000728368705261836	NA	NA	0.00971995479090795	0.00273766168529449	NA	NA	0.000904181841014693	0.00115534346351877	NA	NA	NA	0.00223533844028632	NA	NA	0.000904181841014693	NA	NA	0.00175813135752857	0.00853949516513877	0.00170789903302775	NA	NA	NA	NA	NA	NA	0.00537485872158734	NA	NA	NA	0.00660555067185734	NA	0.000452090920507346	0.000301393947004898	0.00429486374481979	NA	NA	NA	0.00331533341705387	NA	NA	NA	0.00223533844028632	0.00138138892377245	0.00434509606932061	NA	NA	NA	0.000728368705261836	NA	NA	0.00123069195027	NA	NA	NA	0.000979530327765917	0.00178324751977898	NA	NA	NA	0.000527439407258571	NA	NA	NA	NA	NA	NA	NA	NA	0.000703252543011428	NA	0.000979530327765917	NA	0.00105487881451714	NA	NA	0.000226045460253673	NA	NA	NA	NA	0.000326510109255306	NA	NA	NA	NA	NA	0.000753484867512244	NA	NA	NA	NA	0.00110511113901796	NA	NA	NA	NA	NA	NA	NA	NA	NA	NA	NA	NA	NA	NA	0.00233580308928796	0.000150696973502449	NA	NA	NA	NA	NA	NA	NA	NA	7.53484867512244e-05	NA	NA	NA	NA	NA	NA	NA	NA	NA	NA	NA	NA	NA	NA	NA	NA	NA	NA	NA	NA	NA	NA	NA	NA	NA	NA	NA	NA	NA	NA	NA	NA	NA	NA
NW033-1	0.595705425139358	0.0780796105833399	0.0611211431263249	NA	0.0207662714925022	NA	0.00949988223286488	0.003690036900369	0.0266546282484101	NA	0.00157022846824213	0.00247310983748135	0.0451048127502552	0.00133469419800581	NA	NA	NA	0.0221794771139201	0.00290492266624794	NA	NA	NA	0.003690036900369	NA	NA	NA	0.000353301405354479	0.0012561827745937	NA	NA	NA	NA	NA	0.00204129700871477	0.00153097275653608	0.0286566695454189	0.00851848944021355	NA	NA	0.00965690507968909	0.000510324252178692	0.00102064850435738	NA	NA	NA	NA	0.0222972442490382	NA	NA	NA	NA	0.0171154903038392	NA	NA	NA	NA	0.000549579963884745	NA	0.00160948417994818	NA	NA	NA	0.00145246133312397	NA	NA	NA	0.00219831985553898	0.00577058962078982	0.00710528381879564	0.000392557117060532	NA	NA	NA	NA	NA	NA	NA	NA	NA	0.00113841563947554	NA	NA	NA	NA	NA	NA	NA	NA	NA	NA	NA	0.00211980843212687	NA	NA	NA	NA	NA	0.000667347099002905	NA	NA	NA	NA	NA	NA	0.000902881369239224	NA	NA	NA	NA	0.000431812828766586	NA	NA	NA	NA	0.000274789981942373	NA	NA	0.00482845253984455	NA	NA	NA	NA	NA	NA	NA	0.000902881369239224	NA	NA	NA	NA	0.000274789981942373	NA	0.000667347099002905	NA	NA	NA	NA	0.000431812828766586	NA	NA	NA	NA	NA	NA	NA	NA	NA	NA	NA	NA	NA	NA	NA	NA	NA	NA	NA	NA	NA	NA	NA	NA	NA	NA	NA	NA	NA	NA	NA	NA	0.000549579963884745	NA	NA	NA	NA	NA	NA	NA	NA	NA	NA	NA	NA	NA	NA	NA	NA	NA	NA	NA	NA	NA	NA	NA	NA	NA	NA	NA	NA	NA	NA
NW033-2	0.467162892025598	0.152816230200154	0.0840103481141923	NA	0.0131620750692144	NA	0.0260972178096492	0.022057822357373	0.0409385921118323	NA	0.00204239095901602	0.00163391276721282	0.0442971905777697	0.000998502246630055	NA	NA	NA	0.0240094403848772	0.0031316661371579	NA	NA	0.000181545863023646	0.00104388871238597	NA	NA	NA	0.000680796986338674	NA	NA	NA	NA	NA	NA	0.00308627967140199	NA	0.0156583306857895	0.0170653111242228	NA	NA	0.00857804202786729	0.000590024054826851	NA	NA	NA	NA	NA	0.0196523396723097	NA	NA	NA	NA	0.00798801797304044	NA	NA	NA	NA	0.00131620750692144	NA	0.00317705260291381	NA	NA	NA	0.00245086915081923	0.000499251123315027	NA	NA	0.0023600962193074	0.00485635183588254	0.0105750465211274	0.000771569917850497	NA	NA	NA	NA	NA	NA	NA	NA	NA	0.00676258339763083	NA	NA	NA	NA	NA	NA	NA	NA	NA	NA	NA	0.00113466164389779	NA	NA	NA	NA	NA	0.000590024054826851	NA	NA	NA	NA	NA	NA	0.00177007216448055	NA	NA	NA	NA	NA	NA	NA	NA	NA	0.000816956383606409	NA	NA	0.00512867063041801	NA	NA	NA	NA	NA	NA	NA	NA	NA	NA	NA	NA	0.000408478191803204	NA	NA	NA	NA	NA	NA	NA	NA	NA	NA	0.000499251123315027	NA	NA	NA	NA	NA	NA	NA	NA	NA	NA	NA	NA	NA	NA	NA	NA	NA	NA	NA	NA	NA	NA	NA	NA	NA	NA	NA	NA	NA	NA	NA	NA	NA	NA	NA	NA	NA	NA	NA	NA	NA	NA	NA	NA	NA	NA	NA	NA	NA	NA	NA	NA	NA	NA	NA	NA	NA	NA	NA
NW033-3	0.193110844741657	0.226484133493155	0.0687653775787017	NA	0.323828149643556	NA	0.0725506277206485	0.00126175004731563	0.0218913633209261	NA	0.0168443631316636	NA	0.000378525014194688	NA	NA	NA	NA	0.00346981263011797	NA	NA	NA	0.000567787521292032	0.00738123777679642	NA	NA	NA	NA	0.000378525014194688	NA	NA	NA	NA	NA	0.0235316383824364	NA	NA	0.0184215506908082	NA	NA	0.00567787521292032	0.00239732508989969	0.00107248754021828	NA	NA	NA	NA	0.00227115008516813	NA	NA	NA	NA	NA	NA	NA	NA	NA	NA	NA	0.000630875023657813	NA	NA	NA	NA	NA	NA	NA	0.000757050028389376	NA	0.00283893760646016	NA	NA	NA	NA	NA	NA	NA	NA	NA	NA	0.00214497508043657	NA	NA	NA	NA	NA	NA	NA	NA	NA	NA	NA	NA	NA	NA	NA	NA	NA	NA	NA	NA	NA	NA	NA	NA	0.000693962526023595	NA	NA	NA	NA	NA	NA	NA	NA	NA	NA	NA	NA	0.00264967509936282	NA	NA	NA	NA	NA	NA	NA	NA	NA	NA	NA	NA	NA	NA	NA	NA	NA	NA	NA	NA	NA	NA	NA	NA	NA	NA	NA	NA	NA	NA	NA	NA	NA	NA	NA	NA	NA	NA	NA	NA	NA	NA	NA	NA	NA	NA	NA	NA	NA	NA	NA	NA	NA	NA	NA	NA	NA	NA	NA	NA	NA	NA	NA	NA	NA	NA	NA	NA	NA	NA	NA	NA	NA	NA	NA	NA	NA	NA	NA	NA	NA	NA	NA
NW033-4	0.0173587214192858	0.273839565649614	0.0072646631490403	NA	0.505773495450027	NA	0.103158216716372	NA	0.0103234686854783	NA	0.0149116769901354	0.00175881318345186	0.00497055899671178	0.000764701384109505	NA	NA	NA	0.000535290968876654	NA	NA	NA	NA	0.0069587825953965	NA	NA	NA	NA	NA	NA	NA	NA	NA	NA	0.0162116693431215	NA	NA	0.0244704442915042	NA	NA	0.00397644719736943	NA	NA	NA	NA	NA	NA	0.00168234304504091	NA	NA	NA	NA	NA	NA	NA	NA	NA	NA	NA	NA	NA	NA	NA	NA	NA	NA	NA	0.000688231245698555	0.00252351456756137	0.000841171522520456	NA	NA	NA	NA	NA	NA	NA	NA	NA	NA	NA	NA	NA	NA	NA	NA	NA	NA	NA	NA	NA	NA	NA	NA	NA	NA	NA	NA	NA	NA	NA	NA	NA	NA	NA	NA	NA	NA	NA	NA	NA	NA	NA	NA	NA	NA	NA	NA	0.00168234304504091	NA	NA	NA	NA	NA	NA	NA	NA	NA	NA	NA	NA	0.000305880553643802	NA	NA	NA	NA	NA	NA	NA	NA	NA	NA	NA	NA	NA	NA	NA	NA	NA	NA	NA	NA	NA	NA	NA	NA	NA	NA	NA	NA	NA	NA	NA	NA	NA	NA	NA	NA	NA	NA	NA	NA	NA	NA	NA	NA	NA	NA	NA	NA	NA	NA	NA	NA	NA	NA	NA	NA	NA	NA	NA	NA	NA	NA	NA	NA	NA	NA	NA	NA	NA	NA
NW033-5	0.563115596108526	0.104054625657139	0.0736600398815638	NA	0.0309686385884343	NA	0.0104235905492779	0.00223578463955526	0.0826636050516648	NA	0.00374644993655206	0.00238685116925494	0.00326303704151308	0.00126895884947731	NA	NA	NA	0.01413982717989	0.00178258505045622	NA	NA	NA	0.000755332648498399	NA	NA	NA	NA	0.00181279835639616	NA	NA	NA	NA	NA	0.00114810562571757	NA	NA	0.015106652969968	NA	NA	0.00543839506918847	0.000241706447519488	NA	NA	NA	NA	NA	0.0113602030334159	NA	NA	NA	NA	0.0278566680766209	NA	NA	NA	NA	0.00096682579007795	NA	0.00220557133361532	NA	NA	NA	0.00317239712369327	NA	NA	NA	0.00250770439301468	0.00308175720587347	0.00912441839386066	0.000422986283159103	NA	NA	NA	NA	NA	NA	NA	NA	NA	0.00350474348903257	NA	NA	NA	NA	NA	NA	NA	NA	NA	NA	NA	NA	NA	NA	NA	NA	NA	NA	NA	NA	NA	NA	NA	NA	0.000876185872258142	NA	NA	NA	NA	NA	NA	NA	NA	NA	0.000453199589099039	NA	NA	0.0116321227868753	NA	NA	NA	0.000362559671279231	NA	NA	NA	0.000604266118798719	NA	NA	NA	NA	0.00015106652969968	NA	NA	NA	NA	NA	NA	0.00202429149797571	NA	NA	NA	NA	NA	NA	NA	NA	NA	NA	NA	NA	NA	NA	NA	NA	NA	NA	NA	NA	NA	NA	NA	NA	NA	NA	NA	NA	NA	NA	NA	NA	0.00148045199105686	NA	NA	NA	NA	NA	NA	NA	NA	NA	NA	NA	NA	NA	NA	NA	NA	NA	NA	NA	NA	NA	NA	NA	NA	NA	NA	NA	NA	NA	NA
NW034-1	0.291313095967107	0.1578164640014	0.174904499460531	NA	0.00265360277607675	NA	0.029481235237512	0.0591374332954247	0.0497477619339224	0.00979791794243723	NA	0.0179045286210014	NA	NA	NA	NA	0.00239115854547575	NA	0.0196833172950748	NA	0.00268276324614353	0.00463651474061762	0.0174671215699997	0.00807745020849736	0.00172046773393987	0.00364505875834718	0.0139678651619864	0.00539468696235383	0.0121307555477794	NA	NA	0.00285772606654419	0.019916601055609	NA	0.00656110576502493	0.00930218995130202	NA	0.00347009593794652	NA	NA	0.00157466538360598	0.00376170063861429	NA	0.00489895897121862	NA	NA	0.000845653631936547	8.74814102003324e-05	0.0123057183681801	NA	NA	0.00134138162307176	0.00154550491353921	NA	0.00198291196454087	0.00174962820400665	NA	NA	0.00591957542355583	NA	0.00332429358761263	NA	0.000612369871402327	0.00239115854547575	NA	NA	0.000495727991135217	NA	0.00186627008427376	0.00046656752106844	NA	0.00804828973843058	NA	NA	NA	0.000495727991135217	0.00137054209313854	0.00011664188026711	NA	0.000903974572070102	NA	0.00174962820400665	NA	NA	0.00262444230600997	NA	NA	NA	NA	NA	NA	0.00279940512641064	0.00163298632373954	NA	NA	NA	NA	0.000291604700667775	NA	NA	NA	NA	NA	0.000729011751669437	0.0020703933747412	NA	NA	NA	NA	NA	NA	NA	NA	NA	NA	NA	NA	NA	NA	NA	0.000903974572070102	NA	0.000320765170734552	NA	0.000379086110868107	NA	NA	NA	0.000962295512203657	NA	0.000262444230600997	NA	NA	NA	NA	NA	NA	NA	NA	NA	NA	NA	NA	0.000787332691802992	NA	NA	NA	NA	NA	NA	NA	NA	NA	NA	NA	0.000903974572070102	NA	0.000495727991135217	NA	0.000320765170734552	NA	NA	NA	NA	NA	NA	NA	NA	NA	NA	NA	NA	NA	NA	NA	NA	NA	NA	NA	NA	NA	NA	NA	NA	NA	NA	NA	NA	NA	NA	NA	NA	NA	NA	NA	NA	NA	NA	NA	NA	NA
NW034-2-1	0.199540913646504	0.244867608548059	0.211438362807539	NA	0.00239242184216482	NA	0.034722446736284	0.0585496750832498	0.0279978015583072	0.0249911092431541	NA	0.0247647990688953	NA	NA	NA	NA	0.00135786104555301	NA	0.015453751899389	NA	0.0037179528628237	0.00588406453072969	0.00349164268856487	0.00420290323623549	0.00310368238983544	0.00494649380880023	0.00478484368432964	0.00265106204131777	0.00847046652225922	NA	NA	0.00171349131938832	0.027124890886166	NA	0.00119621092108241	0.0189453945879538	NA	0.00536678413242378	NA	0.00038796029872943	0.00662765510329443	0.0070802754518121	NA	0.00116388089618829	NA	NA	NA	0.000937570721929456	0.01247938960913	NA	NA	0.000872910672141218	0.00290970224047073	NA	0.000420290323623549	0.000905240697035337	0.000452620348517668	NA	0.00420290323623549	NA	0.00284504219068249	NA	NA	0.00274805211600013	NA	NA	0.000193980149364715	NA	0.000193980149364715	NA	NA	0.0025217419417413	NA	NA	NA	0.00232776179237658	NA	NA	NA	0.000452620348517668	NA	NA	0.000872910672141218	NA	0.00113155087129417	NA	NA	NA	NA	NA	NA	0.000937570721929456	NA	0.00148718114512948	NA	NA	NA	NA	NA	NA	NA	NA	NA	0.00122854094597653	NA	0.00038796029872943	NA	NA	NA	NA	NA	NA	NA	NA	NA	NA	NA	NA	NA	NA	0.000581940448094145	NA	NA	NA	NA	NA	NA	NA	0.00038796029872943	NA	9.69900746823575e-05	NA	NA	NA	NA	NA	NA	NA	0.000193980149364715	NA	NA	NA	NA	0.000581940448094145	NA	NA	NA	NA	NA	NA	NA	NA	NA	NA	NA	0.000452620348517668	NA	0.000258640199152953	NA	NA	NA	NA	NA	NA	NA	NA	NA	NA	NA	NA	NA	NA	NA	NA	NA	NA	NA	NA	NA	NA	NA	NA	NA	NA	NA	NA	NA	NA	NA	NA	NA	NA	NA	NA	NA	NA	NA	NA	NA	NA	NA
NW034-2-2	0.247316129892645	0.206908048276322	0.173534706941388	NA	0.0029672601186904	NA	0.0301393612055744	0.0730812829232513	0.0271054210842168	0.00913516036540642	NA	0.0110688804427552	NA	NA	NA	NA	0.0021337600853504	NA	0.0205707808228312	NA	0.0027005401080216	0.002667200106688	0.0152030406081216	0.0125025005001	6.66800026672001e-05	0.00506768020270721	0.00543442021737681	0.00833500033340001	0.00606788024271521	NA	NA	0.000733480029339201	0.0425751817030073	NA	0.00563446022537841	0.00353404014136161	NA	0.00773488030939521	NA	NA	0.00423418016936721	0.00386744015469761	NA	0.00736814029472561	NA	NA	0.0012335800493432	NA	0.00690138027605521	NA	NA	0.0022004400880176	0.00320064012802561	NA	0.0013002600520104	0.000633460025338401	NA	NA	0.00940188037607522	NA	0.00570114022804561	NA	0.0014336200573448	0.0010668800426752	NA	NA	0.000500100020004001	0.000700140028005601	0.0028005601120224	NA	NA	0.000366740014669601	NA	NA	NA	0.0021004200840168	0.000700140028005601	NA	NA	0.000933520037340802	NA	0.000533440021337601	0.000666800026672001	NA	0.00380076015203041	NA	NA	NA	NA	NA	NA	0.0011002200440088	NA	NA	NA	NA	NA	0.000666800026672001	NA	NA	NA	NA	NA	0.0019003800760152	0.00353404014136161	0.000666800026672001	NA	NA	NA	NA	NA	NA	NA	NA	NA	NA	0.000466760018670401	NA	NA	NA	0.0012335800493432	0.000633460025338401	0.000533440021337601	NA	0.000333400013336001	NA	NA	NA	0.0014336200573448	NA	NA	NA	NA	NA	NA	NA	NA	NA	NA	NA	NA	0.000166700006668	NA	0.0012002400480096	NA	NA	0.000566780022671201	NA	NA	NA	NA	NA	NA	NA	NA	0.001000200040008	NA	0.000433420017336801	NA	0.0002667200106688	NA	NA	NA	NA	NA	NA	NA	NA	NA	NA	NA	NA	NA	NA	NA	NA	NA	NA	NA	NA	NA	NA	NA	NA	NA	NA	NA	NA	NA	NA	NA	NA	NA	NA	NA	NA	NA	NA	NA	NA	NA
NW034-3	0.387076808813517	0.175465742402674	0.158259577891935	NA	0.00136163891811599	NA	0.042365538156836	0.0490808937302717	0.0193414619050566	0.0128736770440057	NA	0.00229002908955871	NA	NA	NA	NA	0.00160920963050071	NA	0.0142662623011698	NA	0.00337315095624188	0.00563223370675249	0.00888159930680201	0.00405397041529987	0.00114501454477935	0.00337315095624188	0.00516803862103113	0.00340409729528997	0.00841740422108065	NA	NA	0.000371356068577087	0.0347217924119577	NA	0.0026304388190877	0.00671535557343566	NA	0.00569412638484867	NA	0.00049514142476945	0.00284706319242434	0.0036207216686266	NA	0.00259949248003961	NA	NA	NA	NA	0.00888159930680201	NA	NA	0.000742712137154175	0.000866497493346537	NA	0.00179488766478926	0.00154731695240453	0.00049514142476945	NA	0.00365166800767469	NA	0.00126879990097172	NA	0.000402302407625178	0.000711765798106084	NA	NA	0.000433248746673269	9.28390171442718e-05	0.000402302407625178	NA	NA	0.000433248746673269	NA	NA	NA	0.000742712137154175	0.000587980441913722	NA	NA	0.00052608776381754	NA	0.000402302407625178	0.000835551154298447	NA	0.00191867302098162	NA	NA	NA	NA	NA	NA	0.00052608776381754	NA	0.000123785356192362	NA	NA	NA	0.000278517051432816	NA	NA	NA	0.000185678034288544	NA	0.00139258525716408	0.000618926780961812	NA	NA	NA	NA	NA	NA	NA	NA	NA	NA	NA	NA	NA	NA	NA	0.00049514142476945	0.000340409729528997	NA	NA	0.000123785356192362	NA	NA	NA	0.00049514142476945	NA	NA	NA	NA	NA	NA	NA	NA	NA	NA	NA	NA	NA	NA	0.00052608776381754	NA	NA	NA	NA	NA	NA	NA	NA	NA	NA	NA	0.000587980441913722	NA	0.000216624373336634	NA	0.000216624373336634	NA	NA	NA	NA	NA	NA	NA	NA	NA	NA	NA	NA	NA	NA	NA	NA	NA	NA	NA	NA	NA	NA	NA	NA	NA	NA	NA	NA	NA	NA	NA	NA	NA	NA	NA	NA	NA	NA	NA	NA	NA
NW034-4	0.218037273556627	0.254365958555975	0.117978626352144	NA	0.000325817802684739	NA	0.0631109083800339	0.042975368174117	0.0386094096181415	0.0159976541118207	NA	0.00762413658282289	NA	NA	NA	NA	0.00384465007167992	NA	0.0128046396455102	NA	0.00377948651114297	0.0183761240714193	0.0179199791476606	0.00221556105825622	0.00563664798644598	0.0117946044571875	0.00488726704027108	0.00182457969503454	0.00788479082497068	NA	NA	0.00765671836309136	0.0296494200443112	NA	0.00404014075329076	0.0102632607845693	NA	0.0103284243451062	NA	0.00101003518832269	0.00654893783396325	0.00742864590121204	NA	0.00553890264564056	NA	NA	NA	0.0029975237846996	0.0178873973673922	NA	NA	0.000651635605369477	0.00257396064120944	NA	NA	0.00338850514792128	0.000293236022416265	NA	0.00260654242147791	NA	0.00120552586993353	NA	0.000260654242147791	0.0036165776098006	NA	NA	0.000228072461879317	NA	0.00058647204483253	NA	NA	NA	NA	NA	NA	0.00228072461879317	0.00042356314349016	NA	NA	NA	NA	0.000553890264564056	0.00156392545288675	NA	0.00208523393718233	NA	NA	NA	NA	NA	NA	0.000521308484295582	NA	0.0147921282418871	NA	NA	NA	NA	NA	NA	0.00485468526000261	NA	NA	0.000912289847517268	0.00143359833181285	0.000260654242147791	NA	NA	NA	NA	NA	NA	NA	NA	NA	NA	NA	NA	NA	NA	NA	0.000325817802684739	NA	NA	NA	NA	NA	NA	NA	NA	NA	NA	NA	NA	NA	NA	NA	NA	NA	NA	NA	0.000195490681610843	NA	0.000521308484295582	NA	NA	NA	NA	NA	NA	NA	NA	NA	NA	NA	NA	NA	0.000195490681610843	NA	NA	NA	NA	NA	NA	NA	NA	NA	NA	NA	NA	NA	NA	NA	NA	NA	NA	NA	NA	NA	NA	NA	NA	NA	NA	NA	0.000325817802684739	NA	NA	NA	NA	NA	NA	NA	NA	NA	NA	NA	NA	NA	NA	NA
NW034-5	0.243562032977212	0.26424998456123	0.177916383622553	NA	0.00358179460260606	NA	0.0326375594392639	0.0400790465015748	0.00722534428456741	0.0114246896807262	NA	0.0214598900759587	NA	NA	NA	NA	0.00166738714259248	NA	0.00741060952263324	NA	0.00358179460260606	0.013493484839128	0.0178780954733527	0.00632989563391589	0.00104983634903971	0.00256283579324399	0.00271722349163219	0.00358179460260606	0.00642252825294881	NA	NA	0.00771938491940962	0.0397085160254431	NA	0.00632989563391589	0.00944852714135738	NA	0.016395973568826	NA	0.000370530476131662	0.00855307849070586	0.00061755079355277	NA	0.00194528499969122	NA	NA	NA	0.00108071388871735	0.00104983634903971	NA	NA	0.000926326190329155	0.00355091706292843	NA	NA	0.00182177484098067	0.00154387698388192	NA	0.00250108071388872	NA	0.0056197122213302	NA	0.000308775396776385	0.000771938491940962	NA	NA	NA	0.000308775396776385	0.000957203730006793	NA	NA	0.000524918174519854	NA	NA	NA	0.000463163095164577	0.000308775396776385	NA	NA	0.000432285555486939	NA	0.00108071388871735	0.0004014080158093	NA	0.00163650960291484	NA	NA	NA	NA	NA	NA	0.000463163095164577	NA	0.0093867720620021	NA	NA	NA	NA	NA	NA	NA	NA	NA	0.000524918174519854	0.00185265238065831	NA	NA	NA	0.000154387698388192	0.000277897857098746	NA	NA	NA	NA	NA	NA	NA	NA	NA	NA	0.000802816031618601	NA	NA	NA	NA	NA	NA	NA	NA	NA	0.000123510158710554	NA	NA	NA	NA	NA	0.000308775396776385	NA	0.00061755079355277	NA	NA	NA	NA	NA	NA	NA	NA	NA	NA	NA	NA	NA	NA	NA	NA	NA	NA	NA	NA	NA	NA	NA	NA	NA	NA	NA	NA	NA	NA	NA	NA	NA	NA	NA	NA	NA	NA	NA	NA	NA	NA	NA	NA	NA	NA	NA	NA	NA	0.000277897857098746	NA	NA	NA	NA	NA	NA	NA	NA	NA	NA	NA	NA
NW035-1	0.0558246449388392	0.154872342172235	0.0210573844511945	0.01383301863558	0.00139561612347098	0.112347097939414	0.00254494704868237	0.00714227074952795	0.0137919711025367	NA	0.00069780806173549	0.0250800426894344	0.099786552828175	NA	NA	0.106189967982924	0.00701912815039816	NA	0.0150644446268779	0.026106231015516	0.0116985469173303	NA	NA	0.0222888104424924	0.000615712995648962	NA	0.0085789344060422	0.010261883260816	0.00090304572695181	NA	NA	0.0433872424267302	NA	NA	0.0239717592972662	0.0010261883260816	NA	0.00135456859042772	NA	0.00188818651999015	NA	NA	NA	0.000410475330432641	NA	0.000944093259995074	0.0122321648468927	NA	NA	0.000656760528692226	0.041334865774567	0.00820950660865282	0.0016008537886873	0.00472046629997537	0.00238075691650932	NA	NA	0.0135867334373204	NA	NA	0.00295542237911502	NA	0.0020523766521632	0.00225761431737953	NA	NA	NA	0.00336589770954766	NA	0.00197028158607668	0.0508989409736475	NA	0.0159264428207865	0.0058287496921435	NA	NA	0.000492570396519169	0.00233970938346605	NA	0.00180609145390362	NA	NA	NA	0.00287332731302849	0.00340694524259092	NA	NA	NA	NA	NA	0.000861998193908546	NA	NA	NA	NA	0.00201132911911994	0.000738855594778754	0.00151875872260077	0.00566455955997045	NA	NA	NA	NA	0.00369427797389377	0.00123142599129792	0.000574665462605697	NA	NA	NA	NA	NA	NA	NA	NA	NA	NA	NA	NA	0.00127247352434119	NA	NA	NA	NA	NA	NA	8.20950660865282e-05	NA	NA	NA	NA	0.00147771118955751	NA	NA	NA	NA	NA	NA	NA	0.00591084475823003	0.000492570396519169	NA	NA	NA	NA	0.00114933092521139	NA	NA	0.000985140793038338	NA	NA	NA	NA	NA	NA	NA	NA	NA	NA	NA	NA	NA	NA	NA	NA	NA	NA	NA	NA	NA	0.00106723585912487	NA	NA	NA	NA	NA	NA	0.000287332731302849	NA	NA	NA	NA	NA	NA	NA	NA	NA	NA	NA	NA	NA	NA	NA	NA	NA	NA	NA	NA	NA	NA	NA	NA
NW035-2	0.115517013107375	0.192307692307692	0.0167483119290348	0.0355487885608368	0.00549450549450549	0.0815569972196478	0.00536210777174633	0.00847345425658679	0.0164835164835165	0.00311134648484046	NA	0.00913544287038263	0.0990334966238581	NA	NA	0.0628227194492255	0.00695088044485635	NA	0.0253541639083808	0.03184165232358	0.0122467893552231	NA	0.0025155567324242	0.0542168674698795	0.00403813054415464	NA	0.00781146564279094	0.00814245994968887	NA	NA	NA	0.0127101813848802	NA	0.000529590891036674	0.021183635641467	NA	NA	0.00271415331656296	NA	NA	0.000330994306897921	NA	NA	0.000595789752416258	NA	NA	0.00734807361313385	NA	NA	0.0012577783662121	0.00529590891036674	0.00456772143519131	0.00119157950483252	0.00655368727657884	0.00582549980140342	NA	NA	0.0146961472262677	NA	NA	0.00602409638554217	NA	0.00258175559380379	0.00172117039586919	NA	NA	NA	0.00350853965311797	0.00284655103932212	0.00092678405931418	0.0387263339070568	NA	0.0158877267311002	0.0125115848007414	NA	NA	NA	0.000860585197934596	NA	0.000728187475175427	NA	NA	NA	0.00264795445518337	0.0033761419303588	NA	NA	NA	NA	NA	NA	NA	0.00258175559380379	NA	NA	0.00317754534622005	0.0012577783662121	0.00132397722759169	0.000529590891036674	NA	NA	NA	NA	0.00178736925724878	0.00112538064345293	NA	NA	NA	NA	NA	NA	NA	NA	NA	0.000728187475175427	NA	NA	NA	0.00046339202965709	NA	NA	NA	NA	NA	NA	0.00119157950483252	NA	NA	NA	NA	0.00139017608897127	NA	NA	NA	NA	NA	NA	NA	NA	0.000397193168277506	NA	NA	NA	6.61988613795843e-05	0.000728187475175427	NA	NA	0.00139017608897127	NA	NA	NA	NA	NA	NA	NA	NA	NA	NA	NA	NA	NA	NA	NA	NA	NA	NA	NA	NA	NA	NA	NA	NA	NA	NA	NA	NA	NA	NA	NA	NA	NA	NA	NA	NA	NA	NA	NA	NA	NA	NA	NA	NA	NA	NA	NA	NA	NA	NA	NA	NA	NA
NW035-4-1	0.0764974201749794	0.177260151050624	0.0186943842069842	0.0549241008001196	0.00392582068346669	0.127682644133702	0.00160771704180064	0.00960891348238989	0.00493531743064383	0.0007103865998654	NA	0.0148433410603455	0.0715247139759216	NA	NA	0.0611306363568384	0.028378075226202	NA	0.00882374934569655	0.0250504748373589	0.0102819113138413	NA	0.00175727211545652	0.0423240858446123	NA	NA	0.00938458087190608	0.00882374934569655	NA	NA	NA	0.0392582068346669	NA	0.000261721378897779	0.0232932027219023	0.00216854856801017	NA	0.00100949674717715	NA	0.000635609063037464	NA	NA	NA	NA	NA	NA	0.00478576235698796	NA	NA	0.000972107978763179	0.0236297016376281	0.00235549241008001	0.000635609063037464	0.00366409930456891	0.000822552905107306	NA	NA	0.00601959171464892	NA	NA	0.0034397666940851	NA	0.00474837358857399	0.00115905182083302	NA	NA	NA	0.00216854856801017	NA	0.00153293950497271	0.0500635609063037	NA	0.0203768787856128	0.0132730127869588	NA	NA	0.000411276452553653	0.00205638226276826	NA	0.000411276452553653	NA	NA	NA	0.00235549241008001	0.000972107978763179	NA	0.00048605398938159	NA	NA	NA	0.000373887684139684	NA	0.0020189934943543	NA	NA	0.00239288117849398	NA	0.0014207731997308	0.00871158304045465	NA	NA	0.000411276452553653	NA	0.00164510581021461	0.00179466088387049	0.000448665220967621	NA	NA	NA	NA	0.000448665220967621	NA	NA	NA	0.000822552905107306	NA	NA	NA	0.00138338443131683	NA	NA	0.000186943842069842	NA	0.000373887684139684	NA	0.000299110147311748	NA	NA	NA	NA	0.00228071487325207	NA	NA	NA	NA	NA	NA	NA	NA	0.000523442757795558	NA	NA	NA	NA	0.0007103865998654	NA	NA	0.00112166305241905	NA	NA	NA	NA	0.000448665220967621	NA	NA	NA	NA	NA	NA	NA	NA	NA	NA	NA	NA	NA	NA	NA	NA	0.000672997831451432	NA	NA	NA	NA	NA	NA	NA	NA	NA	NA	NA	NA	NA	0.000373887684139684	NA	NA	NA	NA	NA	NA	NA	NA	NA	NA	NA	NA	NA	NA	NA	NA	NA
NW035-4-2	0.131055442991343	0.204411493829435	0.0156106096887088	0.0376220298397495	0.00216430281819856	0.181018603794437	0.00198010683367103	0.0172683735494566	0.0061705654816725	0.000828881930373918	0.00216430281819856	0.00782832934242034	0.066863142383496	0.000460489961318843	NA	0.0361945109596611	0.0257874378338552	NA	0.00612451648554062	0.0188800884140726	0.0153343157119175	NA	0.00257874378338552	0.0177288635107755	NA	NA	0.00336157671762756	0.00709154540431019	NA	NA	NA	0.0144133357892798	NA	0.000690734941978265	0.0160250506538957	0.00216430281819856	NA	0.00138146988395653	NA	0.00271689077178118	NA	NA	NA	0.000598636949714496	NA	NA	0.00888745625345367	NA	NA	0.00156566586848407	0.014735678762203	0.00621661447780438	0.00119727389942899	0.00603241849327685	0.000874930926505802	NA	NA	0.00253269478725364	NA	NA	0.00308528274083625	NA	0.00262479277951741	0.000414440965186959	0.000414440965186959	NA	NA	0.00492724258611162	0.00119727389942899	0.000276293976791306	0.043792595321422	NA	0.0199852643212378	0.00870326026892614	0.000828881930373918	NA	NA	0.00115122490329711	NA	0.00110517590716522	NA	NA	NA	0.00313133173696813	0.000782832934242034	NA	NA	NA	NA	NA	NA	NA	NA	NA	NA	0.00221035181433045	NA	0.0014735678762203	0.00423650764413336	NA	NA	0.00032234297292319	NA	NA	0.00207220482593479	0.000506538957450728	NA	NA	NA	NA	NA	NA	0.000828881930373918	NA	0.000644685945846381	NA	NA	NA	0.000828881930373918	NA	NA	9.20979922637687e-05	NA	NA	NA	0.00138146988395653	NA	NA	NA	0.000414440965186959	0.000920979922637686	NA	NA	NA	NA	NA	NA	NA	NA	0.000230244980659422	NA	NA	NA	4.60489961318843e-05	0.000828881930373918	NA	NA	0.00105912691103334	NA	NA	NA	NA	NA	NA	NA	NA	NA	NA	NA	NA	NA	NA	NA	NA	NA	NA	NA	NA	NA	0.000644685945846381	NA	NA	NA	NA	NA	NA	NA	NA	NA	NA	NA	NA	NA	0.000276293976791306	NA	NA	NA	NA	NA	NA	NA	NA	NA	NA	NA	NA	NA	NA	NA	NA	NA
NW035-5	0.035969966823817	0.23443338571678	0.00761306093940981	0.0492753623188406	0.0035271520866073	0.124812292648856	0.00261917234154007	0.00855596298236424	0.00639078051335778	0.000838135149292823	NA	0.0192421861358477	0.111227518770735	NA	NA	0.0518246900646063	0.0283918281822944	NA	0.0108957569408067	0.0195914091147197	0.0108608346429195	NA	NA	0.0456085210406845	NA	NA	0.021547057796403	0.00817181770560503	NA	NA	NA	0.0195564868168325	NA	0.000977824340841627	0.0340143181421338	0.00167627029858565	NA	0.00104766893661603	NA	0.00143181421337524	NA	NA	NA	0.000523834468308015	NA	NA	0.00447005412956173	NA	NA	0.00108259123450323	0.0148070543041732	0.00394621966125371	0.000488912170420814	0.00433036493801292	0.00115243583027763	NA	NA	0.00625109132180897	NA	NA	0.00174611489436005	NA	0.00282870612886328	0.00069844595774402	0.000384145276759211	NA	NA	0.0035620743844945	NA	0.000628601361969618	0.0232931726907631	NA	0.0124323380478435	0.0159245678365636	0.00970839881264187	NA	0.000768290553518422	0.000523834468308015	NA	0.000768290553518422	NA	NA	NA	0.0035271520866073	0.00157150340492404	NA	0.000279378383097608	NA	NA	NA	NA	NA	0.00185088178802165	NA	NA	0.00240963855421687	0.000314300680984809	0.00150165880914964	0.00492404400209534	NA	NA	0.00115243583027763	NA	0.00136196961760084	0.00132704731971364	0.000419067574646412	NA	NA	NA	NA	NA	NA	NA	0.000139689191548804	0.000488912170420814	NA	NA	NA	0.00171119259647285	NA	NA	NA	NA	NA	NA	0.000139689191548804	NA	NA	NA	NA	0.000593679064082417	NA	NA	NA	NA	NA	NA	NA	0.000279378383097608	0.000453989872533613	NA	0.000873057447180024	NA	NA	0.00073336825563122	NA	NA	0.00181595949013445	NA	NA	NA	NA	0.00034922297887201	NA	NA	NA	NA	NA	NA	NA	NA	NA	NA	NA	NA	NA	NA	NA	NA	0.00136196961760084	NA	NA	NA	NA	NA	NA	NA	NA	NA	NA	NA	NA	NA	NA	NA	NA	NA	NA	NA	NA	NA	NA	NA	NA	NA	NA	NA	NA	NA	NA	NA
NW036-1	0.548550813256696	0.0622477681301211	0.0879907056377645	NA	NA	0.0140638375932494	0.0799804329216094	0.0328971505442094	0.0128408951938364	0.028433410786352	6.11471199706494e-05	0.0160205454323101	NA	NA	NA	0.00122294239941299	NA	NA	0.00232359055888468	0.00183441359911948	NA	0.00299620887856182	0.0053197994374465	NA	0.00709306591659533	0.0339977987036811	NA	NA	NA	NA	NA	NA	NA	NA	NA	0.00177326647914883	0.0168154579919286	NA	NA	0.00287391463862052	0.00122294239941299	0.000856059679589091	NA	0.00831600831600832	NA	NA	0.00207900207900208	NA	0.00293506175859117	NA	NA	NA	0.000611471199706494	NA	0.0125351595939831	NA	0.00140638375932494	NA	0.00281276751864987	NA	NA	NA	NA	NA	NA	NA	0.00177326647914883	NA	0.00140638375932494	NA	NA	NA	NA	NA	NA	NA	0.00152867799926623	NA	NA	0.000489176959765195	NA	0.00103950103950104	NA	NA	NA	NA	NA	NA	NA	NA	NA	NA	NA	0.00122294239941299	NA	NA	NA	NA	NA	NA	NA	NA	0.000428029839794546	NA	NA	NA	NA	NA	NA	NA	NA	NA	NA	NA	NA	NA	NA	NA	NA	NA	NA	NA	NA	NA	NA	NA	NA	NA	NA	NA	NA	NA	NA	NA	NA	NA	NA	NA	NA	NA	NA	NA	NA	NA	NA	NA	NA	NA	NA	NA	NA	NA	NA	NA	NA	NA	NA	NA	NA	NA	NA	NA	NA	NA	NA	NA	NA	NA	NA	NA	NA	NA	NA	NA	NA	NA	NA	NA	NA	NA	NA	NA	NA	NA	NA	NA	NA	NA	NA	NA	NA	NA	NA	NA	NA	NA	NA	NA	NA	NA	NA
NW036-2	0.418671298306557	0.100303951367781	0.0897090751194095	NA	NA	0.0356925749023013	0.0693877551020408	0.033608336951802	0.0296135475466782	0.0623534520191055	0.000173686495874946	0.00694745983499783	0.000781589231437256	NA	NA	0.00165002171081198	NA	NA	0.00573165436387321	0.00199739470256188	NA	0.0032132001736865	0.00442900564481112	0.00338688666956144	0.014329135909683	0.0309161962657403	0.000521059487624837	0.00442900564481112	NA	NA	NA	NA	NA	NA	NA	0.014502822405558	0.0190186712983066	NA	NA	0.00477637863656101	0.00234476769431177	0.00208423795049935	NA	0.00816326530612245	NA	NA	0.00199739470256188	NA	NA	NA	NA	0.00147633521493704	0.00225792444637429	NA	0.00468953538862353	NA	0.00138949196699957	NA	0.00460269214068606	NA	NA	NA	NA	NA	NA	NA	0.00165002171081198	0.000868432479374729	0.00208423795049935	NA	NA	NA	NA	NA	NA	NA	0.00408163265306122	NA	NA	NA	NA	0.0028658271819366	NA	NA	NA	NA	NA	NA	NA	NA	NA	NA	NA	NA	NA	NA	NA	NA	NA	NA	NA	NA	NA	NA	NA	NA	NA	NA	NA	NA	NA	NA	NA	NA	NA	NA	NA	NA	NA	NA	NA	0.000434216239687364	NA	NA	NA	0.00112896222318715	NA	NA	NA	NA	0.000868432479374729	NA	NA	NA	NA	NA	NA	NA	NA	NA	NA	NA	NA	NA	NA	NA	0.00060790273556231	NA	NA	NA	NA	0.000260529743812419	NA	NA	NA	NA	NA	NA	NA	NA	NA	NA	NA	NA	NA	NA	NA	NA	NA	NA	NA	NA	NA	NA	NA	NA	NA	NA	NA	NA	NA	NA	NA	NA	NA	NA	NA	NA	NA	NA	NA	NA	NA	NA	NA	NA	NA	NA	NA	NA	NA
NW036-3	0.332867086289007	0.106737269790522	0.0497552203017284	NA	NA	0.0600126552769174	0.107336730276085	0.0509208379125454	0.0460585473074233	0.0406634029373564	0.00219802178039764	0.01445365837413	0.000366336963399607	NA	NA	0.00459586372264962	NA	NA	0.00759316615046458	0.00166516801545276	NA	0.00323042594997835	0.00353015619275985	0.00139874113298032	0.0118559962700236	0.0361674492956339	0.00243114530256103	0.00466247044326773	NA	NA	NA	NA	NA	NA	0.000133213441236221	0.0183501515302894	0.0373330669064509	NA	NA	0.00589469477470277	0.00303060578812402	0.0016318646551437	NA	0.000266426882472441	NA	0.000566157125253938	0.00722682918706498	NA	0.00146534785359843	NA	NA	0.00329703267059646	0.00133213441236221	NA	0.00449595364172245	NA	0.00216471842008859	NA	0.00745995270922836	NA	NA	NA	0.000366336963399607	NA	NA	NA	0.00219802178039764	0.000466247044326773	0.00296399906750591	NA	NA	NA	NA	NA	NA	NA	0.0028973923468878	NA	NA	0.00116561761081693	NA	0.00346354947214174	NA	NA	NA	NA	NA	NA	NA	NA	NA	NA	0.000366336963399607	NA	NA	NA	NA	NA	NA	NA	NA	NA	NA	NA	0.000599460485562993	NA	NA	NA	NA	NA	NA	NA	NA	NA	NA	NA	NA	NA	NA	NA	NA	0.000299730242781497	NA	NA	NA	0.00133213441236221	NA	NA	NA	NA	NA	NA	NA	NA	NA	NA	NA	NA	NA	NA	NA	0.000366336963399607	NA	NA	NA	NA	0.000366336963399607	NA	NA	NA	NA	NA	NA	NA	NA	NA	NA	NA	NA	NA	NA	NA	NA	NA	NA	NA	NA	NA	NA	NA	NA	NA	NA	NA	NA	NA	NA	NA	NA	NA	NA	NA	NA	NA	NA	NA	NA	NA	NA	NA	NA	NA	NA	NA	NA	NA	NA	NA	NA	NA	NA
NW036-4	0.390176600441501	0.126057763061074	0.050588668138337	NA	NA	0.025018395879323	0.052014348785872	0.0414367181751288	0.0355500367917586	0.0728476821192053	0.0033112582781457	0.00533480500367918	0.000275938189845475	NA	NA	0.00229948491537896	NA	NA	0.00390912435614422	0.00165562913907285	NA	0.00101177336276674	0.00252943340691685	0.000459896983075791	0.0552336276674025	0.047645327446652	0.00133370125091979	0.0019775570272259	NA	NA	NA	NA	NA	NA	0.000321927888153054	0.00694444444444444	0.0081401766004415	NA	NA	0.00919793966151582	0.0011037527593819	0.000735835172921266	NA	0.00579470198675497	NA	0.000735835172921266	0.00404709345106696	NA	0.00147167034584253	NA	NA	0.0019775570272259	0.00206953642384106	NA	0.0072663723325975	NA	NA	NA	0.0154525386313466	NA	NA	NA	NA	NA	NA	NA	0.00137969094922737	NA	0.00561074319352465	NA	NA	NA	NA	NA	NA	NA	0.00216151582045622	NA	NA	0.00050588668138337	NA	0.00174760853568801	NA	NA	NA	NA	NA	NA	NA	NA	NA	NA	NA	NA	NA	NA	NA	NA	NA	NA	NA	NA	NA	NA	0.000229948491537896	NA	NA	NA	NA	NA	NA	NA	NA	NA	NA	NA	NA	NA	NA	NA	NA	0.000321927888153054	NA	NA	NA	0.000551876379690949	NA	NA	NA	NA	NA	NA	NA	NA	NA	NA	NA	NA	NA	NA	NA	NA	NA	NA	NA	NA	0.000689845474613687	NA	NA	NA	NA	0.000873804267844003	NA	NA	NA	NA	NA	NA	NA	NA	NA	NA	NA	NA	NA	NA	NA	NA	NA	NA	NA	NA	NA	NA	NA	NA	NA	NA	NA	NA	NA	NA	NA	NA	NA	NA	NA	NA	NA	NA	NA	NA	NA	NA	NA	NA	NA	NA	NA	NA	NA
NW036-5	0.340149939160812	0.0912195313419947	0.0446284884405542	NA	NA	0.0539309965851552	0.164579817089924	0.0247281862071672	0.0411743925893944	0.0349727204929937	0.00325784040507124	0.0266514895788358	0.000353259802959532	NA	NA	0.00294383169132943	NA	NA	0.00408211327864348	0.00478863288456255	NA	0.00419986654629666	0.00514189268752208	0.00188405228245084	0.0209600816422656	0.0419201632845311	0.00286532951289398	0.0010597794088786	NA	NA	NA	NA	NA	NA	0.000196255446088629	0.00376810456490168	0.0416061545707893	NA	NA	0.00306158495898261	0.0034933469403776	7.85021784354516e-05	NA	0.000549515249048161	NA	0.00047101307061271	0.00294383169132943	NA	0.000942026141225419	NA	NA	0.00176629901479766	0.00188405228245084	NA	0.00412136436786121	NA	0.00270832515602308	NA	0.00176629901479766	NA	NA	NA	NA	NA	NA	NA	0.00247281862071672	NA	0.00208030772853947	NA	NA	NA	NA	NA	NA	NA	0.00180555010401539	NA	NA	NA	NA	0.00423911763551439	NA	NA	NA	NA	NA	NA	NA	NA	NA	NA	0.000706519605919064	NA	NA	NA	NA	NA	NA	NA	NA	NA	NA	NA	0.000667268516701338	NA	NA	NA	NA	NA	NA	NA	NA	NA	NA	NA	NA	NA	NA	NA	NA	0.000510264159830435	NA	NA	NA	0.00160929465792676	NA	NA	NA	NA	NA	NA	NA	NA	NA	NA	0.000510264159830435	NA	NA	NA	NA	NA	NA	NA	NA	NA	NA	NA	NA	NA	NA	0.000314008713741806	0.000235506535306355	NA	NA	NA	NA	NA	NA	NA	NA	NA	NA	NA	NA	NA	NA	NA	NA	NA	NA	NA	NA	NA	NA	NA	NA	NA	NA	NA	NA	NA	NA	NA	NA	NA	NA	NA	NA	NA	NA	NA	NA	NA	NA	NA	NA	NA	NA	NA	NA
NW038-1	0.102751796123085	0.124711942524061	0.0504721883331074	0.020062355971262	NA	0.00813338755591704	0.0285120419321314	0.0568433419185758	0.0229542271022548	0.0486195833898152	NA	NA	NA	0.00555781482987664	NA	0.00176223397044869	NA	0.020062355971262	0.00158149202476165	0.00777190366454295	NA	0.00781708915096471	0.00262075821246216	0.00189779042971398	0.0154534363562424	0.0273372192851656	0.00334372599521034	0.00158149202476165	0.00713930685463829	NA	0.161267001039266	0.0234060819664724	NA	NA	0.00939858117572636	NA	0.00497040350639375	0.00686819393610772	NA	NA	0.000903709728435227	0.00804301658307352	0.0686367538746555	0.00158149202476165	0.00573855677556369	0.00492521801997199	NA	NA	0.0144141701685419	0.00271112918530568	0.0245357191270164	NA	0.00203334688897926	0.00501558899281551	NA	0.00117482264696579	0.000316298404952329	0.0170801138674258	0.00126519361980932	NA	0.00221408883466631	NA	0.00144593556549636	0.00212371786182278	0.00804301658307352	NA	NA	NA	NA	NA	NA	NA	NA	NA	NA	0.00474447607428494	NA	0.00433780669648909	NA	NA	0.000361483891374091	0.00189779042971398	0.00180741945687045	NA	NA	NA	NA	NA	0.00180741945687045	NA	0.00506077447923727	NA	0.000497040350639375	NA	0.00149112105191812	0.00131037910623108	0.00131037910623108	NA	NA	NA	0.00329854050878858	NA	0.00253038723961863	0.00253038723961863	NA	NA	0.0104378473634269	0.00122000813338756	NA	NA	NA	NA	NA	0.000903709728435227	NA	NA	NA	NA	NA	NA	NA	NA	NA	NA	NA	NA	NA	NA	NA	0.000361483891374091	NA	0.000316298404952329	NA	NA	NA	NA	NA	NA	NA	NA	NA	NA	NA	NA	NA	NA	NA	NA	0.000587411323482897	NA	0.00289187113099273	NA	NA	NA	NA	NA	NA	NA	0.0028015001581492	NA	NA	NA	NA	NA	NA	NA	NA	NA	NA	NA	NA	NA	NA	NA	0.000542225837061136	NA	NA	NA	NA	NA	NA	0.000451854864217613	NA	NA	0.000768153269169943	NA	NA	NA	NA	NA	NA	NA	0.000361483891374091	NA	NA	NA	NA	NA	NA	NA	0.000271112918530568
NW038-2	0.113185952653455	0.125956267694717	0.0386723691343895	0.0194566592373953	NA	0.022649237997711	0.0350581290283718	0.0986687548942835	0.0255406300825251	0.0519245828564544	NA	0.000240949340401181	NA	0.0112041443286549	NA	0.00686705620143365	NA	0.0239744593699175	0.00403590145171978	0.0216854406361063	NA	0.01632431781218	0.00554183482922715	0.00469851213782302	0.00783085356303837	0.0216854406361063	0.0074694295524366	0.00391542678151919	0.0103608216372508	NA	0.0381904704535871	0.0308415155713511	NA	NA	0.00692729353653394	NA	0.00668634419613276	0.0122281790253599	NA	NA	0.00277091741461358	0.00572254683452804	0.031624600927655	0.00343352810071682	0.00831275224384073	0.00198783205830974	NA	NA	0.00680681886633335	0.0037949521113186	0.0369857237515812	0.000240949340401181	0.00427685079212096	0.00680681886633335	NA	0.00259020540931269	NA	0.0325281609541594	NA	NA	0.00228901873381122	NA	0.00240949340401181	0.00114450936690561	0.00289139208481417	NA	NA	NA	NA	NA	NA	NA	NA	NA	NA	0.00403590145171978	NA	0.0049996988133245	NA	NA	0.000481898680802361	0.00180712005300885	0.00289139208481417	NA	NA	NA	NA	NA	0.00439732546232155	NA	0.0103005843021505	NA	NA	NA	0.00271068007951328	0.000602373351002952	0.00198783205830974	NA	NA	NA	0.00150593337750738	NA	0.00355400277091741	0.00409613878682007	NA	0.000903560026504427	0.0166857418227818	0.000481898680802361	NA	NA	NA	NA	NA	0.00216854406361063	NA	NA	NA	NA	NA	NA	NA	NA	NA	NA	NA	NA	NA	NA	NA	NA	NA	NA	NA	NA	NA	NA	NA	NA	NA	NA	NA	NA	NA	NA	NA	NA	NA	NA	0.00102403469670502	NA	0.00174688271790856	NA	NA	NA	NA	NA	NA	NA	0.00343352810071682	NA	NA	NA	NA	NA	NA	NA	NA	NA	NA	NA	NA	NA	NA	NA	NA	NA	NA	NA	NA	NA	NA	NA	NA	NA	0.000783085356303837	NA	NA	NA	NA	NA	NA	NA	0.000722848021203542	NA	NA	NA	NA	NA	NA	NA	0.000240949340401181
NW038-3	0.114767135543516	0.0737114170684428	0.055966996371589	0.0571101943436553	0.00830061136239376	0.0219692827675332	0.036035588249913	0.136090262935534	0.027536159848899	0.0270391172523485	NA	NA	NA	0.0181917590337492	NA	0.00497042596550524	0.000596451115860629	0.0234107062975297	0.00223669168447736	0.0115810924996272	NA	0.0204284507182266	0.00889706247825439	0.00487101744619514	0.00258462150206273	0.0182911675530593	0.00646155375515682	0.00233610020378746	0.00979173915204533	NA	0.00949351359411502	0.0296237387544113	NA	0.00039763407724042	0.0139668969630697	NA	0.00318107261792336	0.0119290223172126	NA	NA	0.0019881703862021	0.00372781947412893	0.0598439286246831	0.00333018539688851	0.0072071176499826	0.00114319797206621	NA	NA	0.00462249614791988	0.0039763407724042	0.0490084000198817	0.000646155375515682	0.00392663651274914	0.00944380933445996	0.000149112778965157	0.000745563894825787	NA	0.0155077290123764	NA	NA	0.00347929817585367	NA	0.00218698742482231	0.00114319797206621	0.00288284705999304	NA	NA	NA	NA	NA	NA	NA	NA	NA	NA	NA	NA	0.000596451115860629	NA	NA	0.000646155375515682	0.0020875789055122	0.000646155375515682	NA	NA	NA	NA	NA	0.00328048113723346	NA	0.00944380933445996	NA	0.000795268154480839	NA	NA	0.000695859635170734	0.00154083204930663	NA	NA	NA	NA	NA	0.00506983448481535	0.00243550872309757	NA	0.000248521298275262	0.0218698742482231	0.00228639594413241	NA	NA	NA	NA	NA	0.000745563894825787	NA	NA	NA	NA	NA	NA	NA	NA	NA	0.000795268154480839	NA	NA	0.000497042596550524	NA	NA	NA	NA	NA	NA	0.00114319797206621	NA	NA	NA	NA	NA	NA	NA	NA	NA	NA	NA	NA	NA	NA	0.000844972414135891	NA	0.00571598986033103	NA	NA	0.000149112778965157	NA	NA	NA	NA	NA	NA	NA	NA	NA	NA	NA	NA	NA	NA	NA	NA	NA	NA	NA	NA	0.000546746856205577	NA	NA	NA	NA	NA	NA	0.000844972414135891	NA	NA	NA	NA	NA	NA	NA	NA	NA	NA	0.000347929817585367	NA	NA	NA	NA	NA	NA	NA	NA
NW038-4	0.11340340514246	0.0801772063933287	0.0857366226546213	0.0598505906879778	0.000390896455872133	0.0199357192494788	0.0346594857539958	0.141157053509382	0.0217164697706741	0.0311414176511466	NA	NA	NA	0.00690583738707436	NA	0.00794822793606671	NA	0.0357887421820709	0.00382209867963864	0.0191104933981932	NA	0.0234972202918694	0.00790479499652537	0.00456045865184156	0.00291000694927033	0.0171994440583739	0.00542911744266852	0.00564628214037526	0.0128995830437804	NA	0.00977241139680333	0.027319318971508	NA	NA	0.00998957609451008	NA	0.00369179986101459	0.0133773453787352	NA	NA	0.00121612230715775	0.00308373870743572	0.0373088950660181	0.00178075052119527	0.00443015983321751	0.00325747046560111	NA	NA	0.00282314107018763	0.0034312022237665	0.0441278665740097	0.000825225851285615	0.00182418346073662	0.00490792216817234	NA	0.0011726893676164	NA	0.0154621264767199	NA	NA	0.00182418346073662	NA	0.00273627519110493	0.00186761640027797	0.00156358582348853	NA	NA	NA	NA	NA	NA	NA	NA	NA	NA	0.000868658790826963	NA	0.00516851980542043	NA	NA	0.000912091730368311	0.00421299513551077	0.00178075052119527	NA	NA	NA	NA	NA	0.0102067407922168	NA	0.00464732453092425	NA	0.000521195274496178	NA	0.000738359972202919	0.00121612230715775	0.000694927032661571	NA	NA	NA	0.000390896455872133	NA	NA	0.00325747046560111	NA	0.000825225851285615	0.0168085476025017	0.000608061153578874	NA	NA	NA	NA	NA	0.00152015288394719	NA	NA	NA	NA	NA	NA	NA	NA	NA	NA	NA	NA	0.000651494093120222	NA	NA	NA	NA	0.000955524669909659	NA	NA	NA	NA	NA	NA	NA	NA	NA	NA	NA	NA	NA	NA	NA	NA	0.00130298818624044	NA	0.00169388464211258	NA	NA	NA	NA	NA	NA	NA	NA	NA	NA	NA	NA	NA	NA	NA	NA	NA	NA	NA	NA	NA	NA	NA	0.000434329395413482	NA	NA	NA	NA	NA	NA	0.000390896455872133	NA	NA	0.000434329395413482	NA	NA	NA	NA	NA	NA	NA	0.000173731758165393	NA	NA	NA	NA	NA	NA	NA	NA
NW038-5	0.144140566833772	0.0908323819923562	0.0485432074254231	0.021442398371966	0.000148905544249764	0.0103241177346503	0.0893929617312751	0.102844095895171	0.0710279446071375	0.0168759616816399	NA	0.000397081451332705	NA	0.0134014989824788	NA	0.00804089938948727	0.00143942026108105	0.0333548419119472	0.00620439767707351	0.0131036878939793	NA	0.0269519035092073	0.0164292450488907	0.00565841068149104	0.00109197399116494	0.00367300342482752	0.0050131533230754	0.00407008487616022	0.0238248870799623	NA	0.00635330322132327	0.00828907529657021	NA	NA	0.00451680150890952	NA	0.0169255968630565	0.0153372710577257	NA	NA	0.00193577207524694	0.000496351814165881	0.00754454757532139	0.00024817590708294	0.00277957015932893	0.00680001985407257	NA	NA	0.000496351814165881	0.00550950513724128	0.0605052861468209	0.000496351814165881	0.00481461259740904	0.00545986995582469	4.96351814165881e-05	0.00307738124782846	0.00024817590708294	0.0257110239737926	NA	NA	0.00342482751774458	NA	0.00431826078324316	0.000595622176999057	0.000347446269916117	NA	NA	NA	0.000794162902665409	NA	NA	NA	NA	NA	NA	0.000943068446915174	NA	NA	NA	NA	NA	0.00352409788057775	0.000545986995582469	NA	NA	NA	NA	NA	0.00491388296024222	NA	0.00481461259740904	NA	0.00119124435399811	0.00024817590708294	0.0113168213629821	0.00213431280091329	0.000794162902665409	NA	NA	NA	NA	NA	NA	0.00367300342482752	NA	0.00168759616816399	0.00620439767707351	0.00372263860624411	NA	0.00024817590708294	NA	NA	NA	NA	0.000496351814165881	NA	NA	NA	NA	NA	NA	0.000645257358415645	NA	NA	NA	NA	0.000694892539832233	NA	NA	NA	NA	0.00158832580533082	NA	NA	NA	NA	NA	NA	NA	NA	NA	NA	NA	NA	NA	NA	NA	NA	0.00138978507966447	NA	0.000397081451332705	NA	NA	NA	NA	NA	NA	NA	0.00243212388941282	NA	NA	NA	NA	NA	NA	NA	NA	NA	NA	NA	NA	NA	NA	NA	NA	NA	NA	NA	NA	NA	NA	0.000645257358415645	NA	NA	0.000446716632749293	NA	NA	NA	NA	NA	NA	NA	NA	NA	NA	NA	NA	NA	NA	NA	NA
NW040-1	0.283317580340265	0.0775047258979206	0.0729560491493384	0.00519848771266541	0.0372755198487713	0.0486176748582231	0.0277055765595463	0.0304820415879017	0.0920959357277883	0.0103969754253308	NA	0.000354442344045369	NA	0.00856568998109641	NA	0.00702977315689981	0.00124054820415879	NA	0.0173086011342155	0.0041351606805293	0.0041351606805293	0.0112830812854442	0.00254017013232514	0.00809310018903592	0.00118147448015123	0.00277646502835539	0.00342627599243856	0.00584829867674858	0.00962901701323251	NA	0.0474362003780718	0.0381616257088847	NA	0.00543478260869565	0.00537570888468809	NA	0.0242793005671077	0.00218572778827977	NA	NA	0.000708884688090737	NA	0.00318998109640832	0.0082703213610586	0.00679347826086957	0.00318998109640832	0.000531663516068053	NA	0.00366257088846881	0.00496219281663516	0.0114012287334594	0.000886105860113422	0.00212665406427221	0.00632088846880907	0.000236294896030246	0.000886105860113422	NA	0.0170132325141777	0.00295368620037807	NA	NA	NA	0.0041351606805293	0.00041351606805293	0.00466682419659735	NA	NA	NA	0.000236294896030246	NA	NA	0.000295368620037807	NA	NA	NA	NA	NA	0.000708884688090737	0.00106332703213611	0.000354442344045369	NA	0.0018312854442344	NA	NA	NA	0.00342627599243856	NA	NA	NA	NA	NA	NA	NA	NA	NA	NA	NA	NA	NA	NA	NA	0.00602551984877127	0.00194943289224953	0.00106332703213611	NA	0.000531663516068053	NA	NA	NA	NA	NA	NA	0.000886105860113422	0.000945179584120983	NA	NA	NA	NA	NA	NA	NA	0.000177221172022684	NA	0.000590737240075614	NA	NA	NA	NA	NA	NA	NA	0.000354442344045369	NA	NA	NA	NA	NA	NA	NA	NA	NA	NA	NA	NA	NA	NA	NA	NA	NA	NA	NA	NA	NA	NA	NA	NA	NA	NA	NA	NA	NA	NA	0.000177221172022684	NA	NA	NA	NA	NA	NA	NA	NA	NA	0.00106332703213611	NA	NA	NA	NA	NA	NA	NA	NA	NA	NA	NA	NA	NA	NA	NA	NA	NA	NA	NA	NA	NA	NA	NA	NA	NA	NA	NA	NA
NW040-2-1	0.252755444332038	0.0777913849102817	0.0613385868697087	0.00830626697193973	0.0187955912890687	0.00186358553857622	0.0334380490921676	0.0352483893296417	0.0720941376923487	0.0256109898301475	NA	NA	NA	0.0109685320270486	NA	0.00713487034769182	0.00133113252755444	0.00154411373196315	0.0313082370480805	0.0167190245460838	0.00133113252755444	0.0149619296097119	0.00505830360470688	0.0258772163356584	0.00266226505510889	0.00921143709067675	0.00521803950801342	0.00713487034769182	0.00921143709067675	NA	0.0207124221287471	0.032958841382248	NA	0.00734785155210053	0.0124061551568074	NA	0.014376231297588	0.0052712848091156	NA	NA	0.00165060433416751	0.00292849156061978	0.012885362866727	0.00926468239177893	0.00782705926202013	0.000585698312123955	0.00122464192535009	NA	0.00133113252755444	0.0162930621372664	0.00580373782013737	0.0004792077099196	0.00314147276502849	0.0057504925190352	0.00415313348596986	0.000958415419839199	0.000532453011021777	0.0179969117725361	0.00308822746392631	NA	0.00660241733667004	NA	0.00292849156061978	0.00228954794739364	0.00670890793887439	NA	NA	NA	0.000851924817634844	NA	NA	0.00149086843086098	NA	NA	NA	0.00186358553857622	0.000532453011021777	0.00340769927053937	0.000745434215430488	NA	NA	NA	NA	NA	NA	0.00356743517384591	NA	NA	NA	NA	0.00362068047494809	NA	0.000798679516532666	NA	NA	0.00175709493637187	0.000905170118737021	NA	NA	NA	NA	0.0123529098557052	0.00271551035621106	0.0028752462595176	NA	0.00127788722645227	NA	NA	NA	NA	0.00633619083115915	NA	NA	0.00330120866833502	NA	0.0004792077099196	NA	NA	NA	NA	0.000532453011021777	NA	NA	0.000372717107715244	NA	NA	NA	NA	NA	0.000425962408817422	NA	0.00111815132314573	NA	NA	NA	NA	NA	NA	NA	NA	NA	0.0004792077099196	NA	NA	NA	NA	NA	NA	0.000745434215430488	NA	NA	NA	NA	NA	NA	NA	NA	NA	NA	NA	NA	NA	0.00303498216282413	NA	NA	NA	NA	NA	NA	NA	NA	NA	NA	NA	NA	NA	NA	NA	NA	NA	NA	NA	NA	NA	NA	NA	NA	NA	NA	NA	NA	NA	NA	NA	NA	NA	NA	NA	NA	NA	NA
NW040-2-2	0.202629047771722	0.0874364494114414	0.115742225072139	0.00801538954793203	0.0285805890166262	0.0213896395364815	0.0284431823386617	0.0380158475701919	0.150918334631063	0.0218018595703751	NA	0.000778637841799111	NA	0.0141070856043604	NA	0.0134658544405258	0.000274813355929098	0.00100764897174003	0.00938945632757752	0.00645811386433381	0.00774057619200293	0.00911464297164842	0.00494664040672377	0.00861081848577841	0.00425960701690102	0.0045802225988183	0.00233591352539733	0.00961846745751843	0.0097100719094948	NA	0.0187331104291669	0.0280767645307562	NA	0.00764897174002657	0.0043054092428892	NA	0.0094352585535657	0.00283973801126735	NA	NA	0.000961846745751844	0.00114505564970458	0.00503824485870013	0.00641231163834562	0.0091604451976366	0.00480923372875922	0.00105345119772821	NA	0.000503824485870013	0.00833600512984931	0.00352677140109009	0.00160307790958641	0.000961846745751844	0.00393899143498374	0.0029771446892319	NA	NA	0.0157101635139468	0.00416800256492466	NA	0.00306874914120826	NA	0.00261072688132643	0.000641231163834562	0.00338936472312554	NA	NA	0.000229011129940915	NA	NA	NA	0.000961846745751844	NA	NA	NA	NA	0.00100764897174003	0.000778637841799111	0.00247332020336188	0.00169468236156277	0.000503824485870013	NA	NA	NA	0.000412220033893647	0.00306874914120826	NA	NA	NA	NA	0.000595428937846379	NA	NA	NA	0.000503824485870013	NA	NA	NA	NA	NA	NA	0.0105803142032703	0.00613749828241653	0.00100764897174003	NA	0.000595428937846379	NA	NA	NA	NA	0.00192369349150369	NA	0.000549626711858196	0.00100764897174003	NA	0.000595428937846379	NA	NA	NA	NA	NA	NA	NA	0.000549626711858196	0.000778637841799111	0.00105345119772821	0.000274813355929098	NA	NA	NA	NA	0.000549626711858196	NA	NA	NA	NA	NA	NA	NA	NA	NA	NA	NA	NA	NA	NA	NA	NA	NA	NA	NA	NA	NA	NA	NA	NA	NA	NA	NA	NA	NA	NA	0.00045802225988183	NA	NA	NA	NA	NA	NA	NA	NA	NA	0.00105345119772821	NA	NA	NA	NA	NA	NA	NA	NA	0.000229011129940915	NA	NA	NA	NA	NA	NA	NA	NA	NA	NA	NA	NA	NA	NA	NA	NA	NA	NA	NA
NW040-3	0.170368839756173	0.102128319041223	0.07252815373489	0.00635396218617626	0.0486620518648621	0.130953610910218	0.00692220270689121	0.0592519888418225	0.0612666597789028	0.000464924062403141	NA	NA	NA	NA	NA	0.0244343423907428	0.00475255708234322	0.000361607604091332	0.0117264180183903	0.0225746461411303	0.0603884698832524	0.00650893687364397	NA	0.0114681268726108	NA	0.00976340531046596	0.00594069635292902	0.0056824052071495	0.00397768364500465	NA	0.00144643041636533	0.0587870647794194	NA	0.00149808864552123	0.00893687364397149	NA	0.0011364810414299	0.00247959499948342	NA	NA	NA	NA	0.000154974687467714	0.0068705444777353	0.00196301270792437	0.00180803802045666	0.00661225333195578	NA	0.00056824052071495	0.0180287219754107	0.00785205083169749	0.00258291145779523	NA	0.000723215208182664	0.00056824052071495	NA	NA	0.00857526603988015	0.001084822812274	NA	NA	NA	0.00397768364500465	NA	0.00253125322863932	NA	NA	NA	0.00154974687467714	NA	NA	0.000929848124806282	NA	NA	NA	NA	0.000774873437338568	0.00129145572889761	NA	0.00366773427006922	0.00154974687467714	NA	NA	NA	NA	0.00635396218617626	NA	NA	NA	NA	0.000878189895650377	NA	NA	NA	NA	NA	NA	NA	NA	NA	NA	0.000361607604091332	0.000929848124806282	0.000516582291559045	NA	0.00149808864552123	NA	NA	NA	0.000103316458311809	NA	NA	0.000309949374935427	0.00413265833247236	NA	0.000826531666494473	NA	NA	NA	NA	NA	NA	NA	0.00103316458311809	NA	0.00521748114474636	0.000413265833247236	NA	NA	0.000671556979026759	NA	0.000826531666494473	NA	NA	NA	NA	NA	NA	NA	NA	NA	NA	NA	NA	NA	NA	NA	NA	NA	NA	NA	NA	NA	NA	0.000258291145779523	NA	NA	NA	NA	NA	NA	NA	NA	NA	NA	NA	NA	NA	NA	0.000516582291559045	NA	NA	NA	NA	NA	NA	NA	NA	NA	NA	NA	0.000206632916623618	NA	NA	NA	NA	NA	NA	NA	NA	NA	NA	NA	NA	NA	NA	NA	NA	NA	NA	NA
NW041-1	0.26492292554936	0.0726467694326009	0.220113151853067	0.00303378156772712	0.000122991144637586	NA	0.0408330600196786	0.10409150541161	0.0531731715316497	0.000573958674975402	NA	0.000245982289275172	0.0640783863561823	0.0197195801902263	NA	0.0222204001311906	NA	0.016439816333224	0.00692850114791735	NA	NA	0.000778943916038045	0.00180387012135126	NA	0.000860938012463103	0.0147589373565103	0.00897835355854379	0.00643653656936701	0.00979829452279436	NA	NA	NA	NA	NA	NA	NA	0.00815841259429321	0.00172187602492621	NA	0.000860938012463103	0.000163988192850115	NA	NA	0.00438668415874057	NA	0.0147999344047229	0.00323876680878977	NA	NA	NA	NA	0.00204985241062643	0.000286979337487701	0.00282879632666448	0.000368973433912758	0.00225483765168908	0.000573958674975402	NA	0.00278779927845195	NA	0.0055755985569039	NA	NA	NA	0.00598556903902919	NA	NA	NA	0.00336175795342735	NA	NA	NA	NA	NA	NA	NA	0.000409970482125287	0.000696949819612988	NA	NA	NA	NA	NA	NA	0.00139389963922598	NA	NA	NA	NA	NA	0.000573958674975402	NA	0.0011479173499508	NA	NA	NA	NA	NA	NA	NA	NA	NA	0.000163988192850115	NA	0.00032797638570023	NA	NA	NA	NA	0.000204985241062643	NA	NA	NA	NA	0.00159888488028862	NA	NA	NA	NA	NA	NA	0.000245982289275172	NA	NA	NA	NA	NA	NA	NA	NA	0.000286979337487701	NA	NA	NA	NA	NA	NA	NA	NA	NA	NA	NA	NA	4.09970482125287e-05	NA	NA	NA	NA	NA	NA	NA	NA	4.09970482125287e-05	0.000901935060675631	NA	NA	NA	NA	NA	NA	NA	NA	NA	NA	NA	NA	NA	NA	NA	NA	NA	NA	NA	NA	NA	NA	NA	NA	NA	NA	NA	NA	NA	NA	NA	NA	NA	NA	NA	NA	NA	NA	NA	NA	NA	NA	NA	NA	NA	NA	NA
NW041-2	0.399421558085209	0.153954540398235	0.0371537691423486	0.00170566205643517	0.00266973191442026	NA	0.0452000444955319	0.0419370388223516	0.0452742037153769	0.00163150283659016	NA	0.0051169861693055	0.0529126033594127	0.0136452964514813	NA	0.0236197115206348	NA	0.0162037895361341	0.00418999592124291	NA	NA	0.00400459787163039	0.00300344840372279	NA	NA	0.0240646668397048	0.00626645407690311	0.00978901701954095	0.0119025547851237	NA	NA	NA	0.000704512588527569	NA	0.000333716489302533	NA	NA	0.00133486595721013	NA	0.00300344840372279	0.00137194556713263	NA	NA	0.00244725425488524	NA	0.00756424042419074	0.00711928510512069	NA	NA	NA	NA	0.00889910638140087	0.000964069857985094	0.00385627943194038	0.000593273758760058	0.00274389113426527	0.000593273758760058	0.000889910638140087	0.00322592606325781	NA	0.010678927657681	NA	NA	NA	0.00352256294263784	NA	0.0010753086877526	0.00040787570914754	0.00567318031814305	NA	NA	NA	NA	0.00040787570914754	NA	NA	0.0010382290778301	NA	NA	0.0109755645370611	NA	NA	NA	NA	0.00645185212651563	NA	NA	NA	NA	NA	NA	0.000482034928992547	0.00185398049612518	NA	NA	NA	NA	NA	NA	NA	NA	NA	NA	NA	0.00196521932589269	NA	NA	NA	NA	0.00133486595721013	NA	NA	NA	NA	0.00170566205643517	NA	NA	NA	NA	NA	0.00092699024806259	0.000259557269457525	NA	NA	NA	NA	NA	NA	NA	NA	NA	NA	NA	NA	NA	NA	NA	NA	NA	0.000889910638140087	NA	NA	NA	NA	NA	NA	NA	NA	NA	NA	NA	NA	0.000852831028217583	NA	NA	NA	NA	NA	NA	NA	NA	NA	NA	NA	NA	NA	0.000185398049612518	NA	NA	NA	NA	NA	NA	NA	NA	NA	NA	NA	NA	NA	NA	NA	NA	NA	NA	NA	NA	NA	NA	NA	NA	NA	NA	NA	NA	NA	NA	NA	NA	NA	NA
NW042-1	0.0569151213728138	0.0799051414643786	0.0641941965020915	0.417278745759362	0.0174566055136524	0.000164684957675966	0.0551694608214486	0.0796745825236323	0.00609334343401074	0.0110009551727545	NA	0.00352425809426567	0.00233852639899872	0.0112315141135009	NA	NA	0.000263495932281545	NA	0.00342544711966009	0.00148216461908369	0.00899179868910774	0.00316195118737855	0.00187740851750601	NA	0.00250321135667468	0.00658739830703864	0.0113961990711768	0.00945291657060044	NA	NA	NA	0.00237146339053391	0.00187740851750601	NA	0.00800368894305194	NA	NA	NA	NA	0.00938704258753006	0.00223971542439314	NA	NA	0.002898455255097	NA	NA	0.00349132110273048	NA	0.000757550805309443	0.00352425809426567	NA	0.00164684957675966	0.00164684957675966	0.00253614834820987	0.0285563716610125	NA	0.00105398372912618	NA	0.00233852639899872	NA	0.00154803860215408	NA	0.00108692072066137	0.00210796745825236	NA	NA	NA	0.0019432825005764	0.000823424788379829	0.00312901419584335	NA	0.000296432923816739	NA	NA	0.0245709956852541	NA	0.0113961990711768	0.00108692072066137	NA	0.00293139224663219	NA	NA	0.000230558940746352	0.00470998978953262	0.00279964428049142	NA	NA	NA	NA	NA	NA	0.000329369915351932	0.00200915648364678	NA	NA	0.000263495932281545	NA	0.000691676822239057	0.00306314021277297	NA	NA	NA	NA	NA	NA	0.00118573169526695	NA	NA	NA	NA	NA	NA	NA	NA	0.00135041665294292	NA	NA	NA	NA	NA	NA	0.000296432923816739	0.00072461381377425	NA	NA	0.000296432923816739	0.000263495932281545	NA	NA	NA	NA	NA	0.00250321135667468	NA	NA	NA	NA	NA	NA	NA	NA	NA	NA	NA	NA	NA	NA	NA	NA	NA	NA	NA	NA	NA	0.000329369915351932	NA	NA	0.000296432923816739	NA	NA	NA	NA	NA	NA	0.000395243898422318	NA	0.000131747966140773	NA	NA	NA	NA	NA	NA	NA	NA	0.000790487796844636	NA	NA	NA	NA	NA	NA	NA	NA	NA	NA	NA	NA	NA	NA	NA	NA	NA	NA	NA	NA	NA	NA	NA	NA	NA
NW042-3	0.0850900900900901	0.136171171171171	0.101666666666667	0.12454954954955	0.0174324324324324	0.000720720720720721	0.201846846846847	0.0804504504504504	0.0226126126126126	0.00166666666666667	NA	0.00162162162162162	0.00027027027027027	0.0176576576576577	NA	NA	0.0543693693693694	NA	0.00292792792792793	0.00162162162162162	0.0054954954954955	0.00166666666666667	0.0068018018018018	0.00130630630630631	0.00382882882882883	0.00617117117117117	0.00873873873873874	0.00990990990990991	NA	NA	NA	0.00045045045045045	0.00238738738738739	NA	0.00315315315315315	NA	0.00617117117117117	NA	NA	0.00427927927927928	0.00436936936936937	NA	NA	0.000900900900900901	NA	NA	0.0018018018018018	NA	NA	0.00355855855855856	NA	0.00234234234234234	0.0022972972972973	0.00378378378378378	0.00810810810810811	NA	0.00914414414414414	NA	0.00342342342342342	NA	0.00252252252252252	NA	0.00193693693693694	0.0013963963963964	NA	NA	0.00018018018018018	0.000990990990990991	0.0018018018018018	0.00292792792792793	NA	0.000675675675675676	NA	NA	0.0045045045045045	0.0018018018018018	0.0117567567567568	NA	NA	NA	NA	NA	NA	0.005	0.00234234234234234	NA	NA	NA	NA	NA	NA	NA	0.00171171171171171	NA	NA	NA	NA	0.000630630630630631	0.0036036036036036	NA	NA	NA	0.00045045045045045	NA	0.00045045045045045	0.000675675675675676	NA	NA	NA	NA	NA	NA	NA	NA	0.000855855855855856	NA	NA	NA	NA	NA	NA	0.00036036036036036	0.000720720720720721	NA	0.00045045045045045	NA	0.000225225225225225	NA	NA	NA	NA	NA	NA	NA	NA	NA	NA	NA	NA	NA	NA	NA	NA	NA	NA	NA	NA	NA	NA	NA	NA	NA	0.00036036036036036	NA	NA	NA	NA	NA	NA	NA	NA	NA	NA	NA	NA	NA	0.000225225225225225	NA	NA	NA	NA	0.000675675675675676	NA	NA	NA	NA	NA	NA	NA	NA	NA	NA	NA	NA	NA	NA	NA	NA	NA	NA	NA	NA	NA	NA	NA	NA	NA	NA	NA	NA	NA
NW042-4	0.026910269102691	0.100306003060031	0.0360453604536045	0.285662856628566	0.0031950319503195	0.0003150031500315	0.13189631896319	0.0690306903069031	0.0217352173521735	0.001710017100171	NA	0.001530015300153	0.000855008550085501	0.010890108901089	NA	NA	0.0977859778597786	NA	0.00729007290072901	0.00576005760057601	0.00958509585095851	0.0021150211502115	0.00963009630096301	0.00625506255062551	NA	0.00945009450094501	0.004140041400414	0.01710017100171	NA	NA	NA	0.000720007200072001	0.000675006750067501	NA	0.00864008640086401	NA	0.000630006300063001	0.000450004500045	NA	0.0016650166501665	0.003420034200342	NA	NA	0.0011250112501125	NA	NA	0.010260102601026	NA	0.0010350103501035	0.00625506255062551	NA	0.00360003600036	0.000990009900099001	0.003150031500315	0.00940509405094051	NA	0.000360003600036	NA	0.000630006300063001	NA	0.000900009000090001	NA	0.0042750427504275	0.000900009000090001	NA	NA	0.000990009900099001	0.0013950139501395	9.00009000090001e-05	0.0020250202502025	NA	NA	NA	NA	0.00985509855098551	NA	0.0258752587525875	0.000360003600036	NA	0.0014850148501485	NA	NA	NA	0.020790207902079	0.0030150301503015	NA	NA	NA	NA	NA	NA	NA	0.000765007650076501	NA	NA	NA	NA	0.002340023400234	0.0026550265502655	NA	NA	NA	NA	NA	0.000900009000090001	0.0030150301503015	NA	NA	NA	NA	NA	NA	NA	NA	0.000585005850058501	NA	NA	NA	NA	NA	NA	0.000990009900099001	0.0014850148501485	NA	0.0003150031500315	0.000585005850058501	NA	NA	NA	NA	NA	NA	NA	NA	NA	NA	NA	NA	NA	NA	NA	NA	NA	NA	NA	NA	NA	NA	NA	NA	NA	NA	0.000270002700027	NA	0.000675006750067501	NA	NA	NA	NA	NA	NA	NA	NA	NA	NA	NA	0.0004050040500405	NA	NA	NA	NA	0.000450004500045	NA	NA	NA	NA	NA	NA	NA	NA	NA	NA	NA	NA	NA	NA	NA	NA	NA	NA	NA	NA	NA	NA	NA	0.0004050040500405	NA	NA	NA	NA	NA
NW042-5	0.0356852917299072	0.0874660266139564	0.0740884543432989	0.422187709576083	0.0261197981010201	0.000635346440295083	0.0523807842998835	0.0695704352123116	0.0184956408174791	0.00285905898132787	NA	0.00180014824750274	0.000282376195686704	0.01305989905051	NA	NA	0.0287317779111221	NA	0.00257668278564117	0.00635346440295083	0.0221665313614062	0.00137658395397268	0.00395326673961385	0.00331792029931877	0.00141188097843352	0.00885955313967033	0.00257668278564117	0.0139776216864918	NA	NA	NA	NA	0.00112950478274681	NA	0.00412975186191804	NA	0.00197663336980693	NA	NA	0.000811831562599273	0.00137658395397268	0.000847128587060111	NA	0.00705940489216759	NA	NA	0.00169425717412022	NA	0.000600049415834245	0.00458861317990893	NA	0.000988316684903463	0.000705940489216759	0.00247079171225866	0.00882425611520949	NA	0.00229430658995447	NA	0.00169425717412022	NA	0.00105891073382514	NA	0.00194133634534609	0.00141188097843352	NA	NA	0.000388267269069217	0.000917722635981787	0.00112950478274681	0.00162366312519855	NA	NA	NA	NA	0.00275316790794536	0.000811831562599273	0.0146129681267869	0.00123539585612933	NA	NA	NA	NA	NA	0.0160601461296813	0.000600049415834245	NA	NA	NA	NA	NA	NA	NA	0.000953019660442625	NA	NA	NA	NA	0.00194133634534609	0.00035297024460838	NA	NA	NA	0.00423564293530055	0.00240019766333698	0.000423564293530055	0.00112950478274681	NA	NA	NA	NA	NA	NA	NA	NA	NA	NA	NA	NA	NA	NA	NA	0.000564752391373407	0.000494158342451731	NA	0.000247079171225866	0.00017648512230419	0.000670643464755921	NA	NA	NA	NA	NA	0.000247079171225866	NA	NA	NA	NA	NA	NA	NA	NA	0.000282376195686704	NA	NA	NA	NA	NA	NA	NA	NA	NA	NA	NA	NA	NA	NA	NA	NA	NA	NA	NA	NA	NA	NA	NA	NA	0.000211782146765028	NA	NA	NA	NA	NA	NA	NA	NA	NA	NA	NA	NA	NA	NA	NA	NA	NA	NA	NA	NA	NA	NA	NA	NA	NA	NA	NA	NA	NA	NA	NA	NA	NA	NA
NW043-1	0.0879858993902439	0.128239329268293	0.034203506097561	0.00247713414634146	0.0523056402439024	0.0779344512195122	0.0166730182926829	0.0409203506097561	0.010718368902439	0.0331554878048781	NA	NA	NA	0.0255811737804878	NA	0.00504954268292683	NA	0.00076219512195122	0.0184355945121951	0.0221989329268293	0.00490663109756098	0.000476371951219512	0.001953125	0.0282488567073171	0.00338224085365854	0.015625	0.010718368902439	0.0163871951219512	0.00362042682926829	0.00228658536585366	0.104468368902439	NA	NA	NA	0.00828887195121951	0.00233422256097561	0.00347751524390244	0.00457317073170732	NA	0.00304878048780488	0.00166730182926829	0.00314405487804878	0.0177210365853659	NA	0.00181021341463415	0.00395388719512195	NA	NA	0.00457317073170732	0.00690739329268293	0.0110041920731707	0.000428734756097561	0.000619283536585366	0.0154820884146341	0.00485899390243902	NA	0.000905106707317073	0.00147675304878049	NA	0.00166730182926829	0.00242949695121951	0.0906059451219512	NA	0.00843178353658537	0.00385861280487805	NA	NA	0.000857469512195122	NA	NA	NA	NA	NA	NA	0.000428734756097561	0.00271532012195122	NA	0.00423971036585366	0.00119092987804878	0.00123856707317073	0.000619283536585366	NA	NA	NA	NA	0.00490663109756098	NA	NA	NA	NA	0.00133384146341463	NA	0.00161966463414634	NA	NA	0.001953125	0.00747903963414634	0.000571646341463415	NA	NA	NA	0.00600228658536585	NA	0.00285823170731707	NA	0.00242949695121951	NA	NA	NA	NA	NA	NA	0.000714557926829268	NA	NA	NA	NA	NA	NA	NA	NA	0.000238185975609756	NA	NA	NA	NA	NA	NA	NA	0.000238185975609756	NA	0.000809832317073171	NA	NA	0.00214367378048781	NA	NA	NA	NA	0.000428734756097561	NA	NA	NA	NA	0.00114329268292683	NA	NA	0.000476371951219512	NA	0.000524009146341463	NA	NA	NA	NA	NA	NA	NA	NA	NA	NA	NA	NA	0.000666920731707317	NA	NA	NA	NA	NA	NA	NA	NA	NA	NA	NA	NA	NA	NA	NA	NA	NA	NA	NA	NA	NA	NA	NA	NA	NA	NA	NA	NA	NA	NA	NA	NA	NA	NA	NA	0.000190548780487805	NA	NA
NW043-3	0.0612107838434232	0.108989734241581	0.0260961335508011	0.00470114170584285	0.0400076753333973	0.0191883334932361	0.0145831334548594	0.0172695001439125	0.00191883334932361	0.0284946752374556	NA	NA	NA	0.0281109085675909	0.00633215005276792	0.00211071668425597	0.00143912501199271	NA	0.0119927084332726	0.0172695001439125	0.00211071668425597	NA	NA	0.0268636668905306	0.00259042502158688	0.0181329751511081	0.00105535834212799	0.00527679171063993	0.00450925837091049	0.00153506667945889	0.217499760145831	NA	NA	NA	0.011704883430874	0.00307013335891778	0.00652403338770028	0.00268636668905306	NA	0.00230260001918833	0.00163100834692507	0.00422143336851195	0.0543029837858582	NA	0.00182289168185743	0.00364578336371486	NA	NA	0.00201477501678979	0.00489302504077521	0.00633215005276792	0.000767533339729444	0.00134318334452653	0.0131440084428667	0.00882663340688861	NA	0.000959416674661806	0.00172695001439125	NA	0.00259042502158688	0.00422143336851195	0.109949150916243	NA	0.00460520003837667	0.00479708337330903	NA	NA	NA	NA	NA	NA	NA	NA	NA	NA	0.00316607502638396	NA	0.00422143336851195	0.00153506667945889	0.000959416674661806	0.000959416674661806	NA	NA	NA	NA	0.00326201669385014	NA	NA	NA	NA	NA	NA	NA	NA	NA	NA	0.00863475007195625	0.000863475007195625	NA	NA	NA	0.0250407752086731	0.00105535834212799	0.00211071668425597	NA	NA	NA	NA	NA	NA	NA	NA	0.00892257507435479	0.00326201669385014	NA	NA	NA	NA	NA	NA	NA	NA	NA	NA	0.000383766669864722	NA	NA	NA	NA	NA	NA	0.000575650004797083	NA	NA	0.00143912501199271	NA	NA	NA	NA	NA	NA	NA	NA	NA	NA	NA	NA	NA	NA	0.00498896670824139	NA	NA	NA	NA	NA	NA	NA	NA	NA	NA	NA	NA	0.00124724167706035	NA	NA	NA	NA	NA	NA	NA	NA	NA	NA	NA	NA	NA	NA	NA	NA	NA	NA	NA	NA	NA	NA	NA	NA	NA	NA	NA	NA	NA	NA	NA	NA	NA	NA	NA	NA	NA	NA
NW043-4-1	0.0590023490396573	0.152733637326701	0.0271291050619502	0.00151996683708719	0.0325180783934411	0.0894938049836488	0.0309059923541062	0.0356961908709871	0.00294781447192667	0.0292478467136475	NA	NA	NA	0.0601998986688775	0.00248721846068813	0.0032241720786698	0.0016120860393349	0.000460596011238543	0.018976555663028	0.0251024826125006	0.00419142370227074	0.000921192022477085	NA	0.0292017871125236	0.00405324489889918	0.0211413569158491	0.00391506609552761	0.00631016535396803	0.00552715213486251	0.00151996683708719	0.100686288056745	0.000783013219105523	NA	NA	0.0136797015337847	0.00239509925844042	0.00502049652250012	0.002210860853945	NA	0.0032241720786698	0.00119754962922021	0.00695499976970199	0.0150614895675003	0.000414536410114688	0.00511261572474782	0.00409930450002303	NA	NA	0.00736953617981668	0.00548109253373866	0.00598774814610106	0.000184238404495417	0.00198056284832573	0.0168578140113307	0.00732347657869283	NA	NA	0.00280963566855511	NA	0.00165814564045875	0.00575745014048178	0.0667403620284648	NA	0.0128045691124315	0.00603380774722491	NA	NA	NA	NA	NA	NA	NA	NA	NA	NA	0.0027175164663074	NA	0.00313205287642209	0.00165814564045875	NA	NA	0.000552715213486251	NA	NA	NA	0.00294781447192667	NA	NA	NA	NA	0.000690894016857814	NA	0.00248721846068813	NA	0.000690894016857814	0.00138178803371563	0.00700105937082585	0.00202662244944959	NA	NA	NA	0.00677076136520658	0.000598774814610105	0.00345447008428907	NA	0.00175026484270646	NA	NA	NA	NA	NA	NA	0.00377688729215605	NA	NA	NA	NA	NA	NA	NA	NA	NA	NA	NA	NA	NA	NA	NA	NA	0.000368476808990834	NA	NA	NA	NA	0.00156602643821105	NA	NA	NA	NA	0.000506655612362397	NA	NA	NA	NA	NA	NA	NA	0.000598774814610105	NA	0.00193450324720188	NA	NA	NA	0.000552715213486251	NA	NA	NA	NA	NA	NA	NA	NA	0.00096725162360094	NA	NA	NA	NA	NA	NA	NA	NA	NA	NA	NA	NA	NA	NA	NA	NA	NA	NA	NA	NA	NA	NA	NA	NA	NA	NA	NA	NA	NA	NA	NA	NA	NA	NA	NA	NA	NA	NA
NW043-4-2	0.0913291925465839	0.164124223602484	0.0365714285714286	0.00144099378881988	0.0273788819875776	0.0479503105590062	0.0219130434782609	0.0317515527950311	0.00129192546583851	0.0113788819875776	NA	NA	NA	0.033888198757764	0.0155031055900621	0.00149068322981366	0.00417391304347826	NA	0.00884472049689441	0.0102360248447205	0.00909316770186335	NA	NA	0.0199751552795031	0.00208695652173913	0.0145093167701863	0.00591304347826087	0.0031304347826087	0.00357763975155279	0.00481987577639752	0.107428571428571	0.00114285714285714	NA	NA	0.0240993788819876	0.000496894409937888	0.00114285714285714	0.00188819875776398	NA	NA	0.00104347826086957	0.00253416149068323	0.019776397515528	NA	0.00785093167701863	0.00114285714285714	NA	NA	0.00437267080745342	0.00566459627329193	0.00342857142857143	0.000397515527950311	0.000645962732919255	0.0119254658385093	0.00695652173913044	NA	0.000745341614906832	0.00318012422360248	NA	0.00243478260869565	0.00541614906832298	0.115975155279503	NA	0.00715527950310559	0.00859627329192547	NA	NA	NA	NA	NA	NA	NA	NA	NA	NA	0.00258385093167702	NA	0.00586335403726708	0.00208695652173913	NA	0.000298136645962733	0.000149068322981366	NA	NA	NA	0.00104347826086957	NA	NA	NA	NA	0.000745341614906832	NA	0.00109316770186335	NA	NA	0.000347826086956522	0.00501863354037267	0.00154037267080745	NA	NA	NA	0.0204223602484472	0.00775155279503106	0.00149068322981366	NA	0.00119254658385093	NA	NA	NA	NA	NA	NA	0.0151055900621118	0.00472049689440994	NA	NA	NA	NA	NA	NA	NA	NA	NA	NA	NA	NA	NA	NA	NA	0.000298136645962733	NA	0.000546583850931677	NA	NA	0.000745341614906832	NA	NA	NA	NA	NA	NA	NA	NA	NA	NA	NA	NA	NA	NA	0.00685714285714286	NA	NA	NA	0.000347826086956522	NA	NA	NA	NA	NA	NA	NA	NA	0.0013416149068323	NA	NA	NA	NA	NA	NA	NA	NA	NA	NA	NA	NA	NA	NA	NA	NA	NA	NA	NA	NA	NA	NA	NA	NA	NA	NA	NA	NA	NA	NA	NA	NA	NA	0.000596273291925466	NA	NA	NA	NA
NW043-6	0.138294032723773	0.12211260827719	0.0204523580365736	0.00529355149181906	0.0544995187680462	0.0090832531280077	0.0332651588065448	0.0360923965351299	0.0072786333012512	0.0141361886429259	NA	NA	NA	0.0621992300288739	NA	0.0069177093358999	NA	0.0014436958614052	0.0228585178055823	0.0303176130895091	0.00306785370548604	0.00150384985563041	0.00553416746871992	0.0535972088546679	0.00270692974013475	0.00433108758421559	0.00481231953801732	0.00469201154956689	0.00775986525505294	0.00186477382098171	0.0514918190567854	NA	NA	NA	0.0076395572666025	NA	0.0126323387872955	0.00378970163618864	NA	NA	0.00150384985563041	0.00589509143407122	0.0315808469682387	NA	0.00403031761308951	0.00421077959576516	NA	NA	0.0014436958614052	0.00667709335899904	0.0157001924927815	NA	0.00360923965351299	0.0141963426371511	0.00439124157844081	NA	NA	0.00775986525505294	NA	0.00132338787295476	0.00745909528392685	0.0746511068334937	NA	0.00348893166506256	0.00294754571703561	NA	NA	NA	NA	NA	NA	NA	NA	NA	NA	0.00120307988450433	NA	0.00162415784408085	0.00421077959576516	0.000481231953801732	0.000481231953801732	0.000601539942252166	NA	NA	NA	0.009444177093359	NA	NA	NA	NA	0.0025264677574591	NA	0.000721847930702599	NA	NA	0.00132338787295476	0.00529355149181906	0.000601539942252166	NA	NA	NA	0.00920356111645813	NA	0.0025264677574591	NA	0.00348893166506256	NA	NA	NA	NA	NA	NA	0.00475216554379211	NA	NA	NA	NA	NA	NA	NA	NA	NA	NA	NA	0.000601539942252166	NA	NA	NA	NA	NA	NA	0.00132338787295476	NA	0.000481231953801732	0.0232795957651588	NA	NA	NA	NA	NA	NA	NA	NA	NA	0.000421077959576516	NA	NA	NA	NA	0.00132338787295476	NA	NA	NA	0.000300769971126083	NA	NA	NA	NA	NA	NA	NA	0.00210538979788258	0.000541385948026949	NA	NA	NA	NA	NA	NA	NA	NA	NA	NA	NA	NA	NA	NA	NA	NA	NA	NA	NA	NA	NA	0.000601539942252166	NA	NA	NA	NA	NA	NA	NA	NA	NA	NA	NA	NA	NA	NA	NA	NA
NW044-1	0.294626705128832	0.0924558744438469	0.045323424436513	0.0761257517234635	NA	0.132938933163839	0.0126631789957463	0.0474258055053048	0.0121742531657947	0.0148144526475334	0.00298244756270474	NA	0.00337358822666601	0.00454701021854985	NA	0.00718720970028847	0.00376472889062729	0.00518261379748692	0.0162812301373882	0.0316823937808634	0.0100229795140077	NA	0.00244462914975798	0.0234684398376766	NA	0.0100229795140077	0.019605925781059	0.00669828387033687	0.00117342199188383	NA	NA	0.0161834449713978	0.00273798464772894	NA	0.00664939128734171	0.00283576981371926	0.00249352173275314	0.00239573656676282	NA	0.000977851659903193	NA	NA	NA	0.0032758030606757	0.00268909206473378	0.00171124040483059	0.00317801789468538	NA	0.00376472889062729	0.00312912531169022	NA	0.000391140663961277	NA	0.00220016623478218	0.00107563682589351	0.000831173910917714	0.000244462914975798	NA	NA	0.000195570331980639	0.000684496161932235	NA	0.0027868772307241	0.000733388744927394	0.00464479538454017	NA	NA	NA	0.00391140663961277	NA	NA	0.00156456265584511	NA	0.000391140663961277	0.000684496161932235	0.00405808438859825	0.00117342199188383	0.00528039896347724	NA	0.00107563682589351	NA	0.00576932479342884	NA	NA	NA	NA	NA	NA	NA	NA	0.00640492837236591	NA	0.00259130689874346	NA	NA	0.00264019948173862	0.00298244756270474	0.00176013298782575	NA	NA	NA	NA	NA	0.00151567007284995	NA	0.00141788490685963	NA	0.00112452940888867	0.000342248080966117	NA	0.0030313401456999	NA	NA	0.000488925829951596	NA	NA	0.00190681073681123	NA	NA	NA	NA	NA	NA	NA	0.000537818412946756	0.000244462914975798	0.00195570331980639	NA	NA	NA	NA	NA	NA	0.000635603578937075	NA	NA	NA	NA	NA	NA	NA	NA	NA	NA	NA	NA	0.000195570331980639	NA	NA	NA	NA	NA	NA	NA	0.000635603578937075	0.00185791815381607	NA	NA	NA	NA	NA	NA	NA	NA	NA	NA	0.000391140663961277	NA	NA	NA	NA	NA	NA	NA	NA	NA	NA	NA	NA	NA	NA	NA	NA	NA	NA	NA	NA	NA	NA	NA	NA	NA	NA	NA	NA	NA	NA	NA	NA	NA	NA
NW045-1	0.222693613082382	0.0796050601666152	0.0289262573279852	NA	0.0328216599814872	NA	0.0138074668312249	0.00867787719839556	0.00277692070348658	0.0119947547053379	0.00443535945695773	0.00539956803455724	0.000192841715519901	0.0144245603208886	0.433122493057698	0.000887071891391546	0.00597809318111694	NA	0.0105677260104906	0.00208269052761493	NA	0.00674946004319654	0.00242980561555076	0.00111848195001543	0.00563097809318112	0.00493674791730947	0.00424251774143783	0.00250694230175872	0.00165843875347115	NA	0.000115705029311941	NA	0.00690373341561247	NA	0.00185128046899105	0.0152344955260722	0.00115705029311941	0.00609379821042888	NA	NA	0.00281548904659056	0.0025455106448627	NA	0.00320117247763036	0.0115319345880901	0.00138846035174329	NA	0.00381826596729405	NA	NA	NA	NA	0.00146559703795125	NA	0.00115705029311941	0.00131132366553533	NA	NA	0.00358685590867016	0.00100277692070349	0.00154273372415921	NA	NA	0.00725084850354829	NA	NA	0.00192841715519901	NA	NA	NA	NA	NA	NA	NA	NA	0.000964208577599506	0.00107991360691145	NA	NA	NA	0.00601666152422092	0.00131132366553533	NA	NA	0.000655661832767664	NA	NA	NA	NA	NA	0.000501388460351743	NA	NA	0.00269978401727862	NA	NA	0.000424251774143783	NA	NA	NA	0.000655661832767664	NA	NA	NA	NA	NA	NA	NA	NA	7.71366862079605e-05	NA	NA	NA	NA	NA	NA	0.00142702869484727	NA	NA	NA	NA	NA	NA	NA	0.000424251774143783	NA	NA	NA	NA	NA	NA	NA	NA	NA	NA	NA	NA	NA	NA	NA	NA	NA	NA	NA	NA	NA	NA	NA	NA	NA	NA	NA	0.000192841715519901	NA	NA	NA	NA	NA	NA	NA	NA	NA	NA	NA	NA	NA	NA	NA	NA	NA	NA	NA	NA	NA	NA	NA	NA	NA	NA	NA	NA	NA	NA	NA	NA	NA	NA	NA	NA	NA	NA	NA	NA	NA	NA	NA	NA	NA	NA	NA	NA
NW045-2	0.148099668084709	0.0476836052545463	0.167500350614745	NA	0.0651675938478799	NA	0.0172502454303212	0.00827450797064186	0.0144453274741714	0.00757327848160441	NA	0.00953672105090926	0.00266467205834229	0.0270207096442429	0.352391192557618	0.0038333878734047	0.012809125333084	NA	0.00528259548408209	NA	NA	0.0102379505399467	0.00275816932354729	NA	0.00462811462764714	0.00303866111916226	0.00355289607778972	0.00369314197559721	0.00177644803889486	NA	NA	0.000327240428217475	0.00836800523584685	NA	0.0013557103454724	0.00827450797064186	0.00149595624327988	0.0100042073769342	NA	NA	0.00434762283203216	0.00504885232106961	9.34972652049927e-05	0.00191669393670235	0.00869524566406433	0.00406713103641719	NA	0.00233743163012482	0.000420737693422467	NA	NA	NA	0.00144920761067739	NA	0.00107521854985742	0.0025711747931373	NA	NA	0.00107521854985742	0.00191669393670235	NA	NA	NA	0.00285166658875228	NA	0.000233743163012482	NA	NA	NA	NA	NA	NA	NA	NA	NA	0.00266467205834229	NA	NA	NA	NA	0.00495535505586462	0.00116871581506241	0.000981721284652424	NA	0.000981721284652424	NA	NA	NA	NA	NA	NA	NA	NA	0.000747978121639942	NA	NA	NA	NA	NA	NA	NA	NA	NA	NA	NA	NA	NA	NA	NA	0.000560983591229957	NA	NA	NA	NA	NA	NA	NA	NA	NA	NA	NA	NA	NA	NA	NA	NA	NA	NA	NA	NA	NA	NA	NA	NA	NA	NA	NA	NA	NA	NA	NA	NA	NA	NA	NA	NA	NA	NA	NA	NA	NA	NA	NA	NA	NA	NA	NA	NA	NA	NA	NA	NA	NA	NA	NA	NA	NA	NA	NA	NA	NA	NA	NA	NA	NA	NA	NA	NA	0.000794726754242438	NA	NA	NA	NA	NA	NA	NA	NA	NA	NA	NA	NA	NA	NA	NA	NA	NA	NA	NA	NA	NA	NA
NW045-3	0.247485442032822	0.0929504146814893	0.0284542085759661	NA	0.0118228339509441	NA	0.032909828833598	0.0163225692606317	0.0192782777483677	0.0260278807128992	0.00794070937003706	0.0154843832715723	0.0017204870301747	0.024219163578613	0.193973883889183	0.00785247926592553	0.0104993823892712	NA	0.0292482795129698	0.00229398270689959	NA	0.00873478030704076	0.00727898358920064	0.00516146109052409	0.0102788071289924	0.00352920416446091	0.0081171695782601	0.00710252338097759	0.00330862890418211	NA	NA	NA	0.0129257102523381	NA	0.00622022233986236	0.0173372154579142	0.00185283218634198	0.00957296629610023	NA	0.000794070937003706	0.0121316393153344	0.00644079760014117	NA	0.00498500088230104	0.0166754896770778	0.00264690312334569	0.000132345156167284	0.00092641609317099	0.00101464619728251	NA	NA	0.000441150520557614	0.00622022233986236	NA	0.01071995764955	0.00145579671784013	0.00092641609317099	NA	0.00516146109052409	0.00348508911240515	0.00449973530968767	NA	NA	0.01071995764955	NA	NA	0.00149991176989589	NA	0.000705840832892183	0.000529380624669137	NA	NA	NA	NA	NA	0.00449973530968767	0.000794070937003706	NA	NA	NA	0.0123080995235574	0.00238221281101112	NA	NA	0.00379389447679548	NA	NA	NA	NA	NA	0.000573495676724898	NA	0.00211752249867655	NA	NA	NA	0.000970531145226751	NA	NA	NA	NA	NA	NA	NA	0.00061761072878066	NA	NA	NA	NA	0.000661725780836421	NA	NA	NA	NA	NA	NA	0.00705840832892183	NA	NA	NA	NA	NA	0.000352920416446091	NA	0.000661725780836421	NA	NA	NA	NA	NA	NA	NA	NA	NA	NA	NA	0.000485265572613376	NA	NA	NA	NA	NA	NA	NA	NA	NA	NA	NA	NA	NA	NA	NA	0.000264690312334569	NA	NA	NA	NA	NA	NA	NA	NA	NA	NA	NA	NA	NA	NA	NA	NA	NA	NA	NA	NA	NA	NA	NA	NA	NA	NA	NA	NA	NA	NA	NA	NA	NA	NA	NA	NA	NA	NA	0.000441150520557614	NA	NA	NA	NA	NA	NA	NA	NA	NA
NW045-4-1	0.129893409301879	0.0770781985211741	0.0500304087577222	NA	0.0438206203386575	NA	0.0816875260074902	0.0105950513747959	0.0174130149483051	0.00995486700169649	0.00976281168976665	0.0269837713261419	0.00505745654748568	0.0455491181460261	0.249927979258026	0.0087705259114625	0.024583079927019	NA	0.00755417560257354	0.0019845715566083	NA	0.0231106558688902	0.0104029960628661	0.000640184373099453	0.00108831343426907	0.00272078358567267	0.00192055311929836	0.00176050702602349	0.00761819403988349	NA	NA	NA	0.0234627572740949	NA	0.00889856278608239	0.00649787138695944	0.00297685733491245	0.012899715117954	0.000736212029064371	NA	0.00781024935181332	0.0105950513747959	6.40184373099453e-05	0.00915463653532217	0.0064338529496495	0.0119394385583048	NA	0.00470535514228098	NA	NA	NA	0.000256073749239781	0.00809833231970808	NA	NA	0.00531353029672546	NA	NA	0.00278480202298262	0.0040971799878365	0.000800230466374316	NA	NA	0.00329694952146218	NA	NA	NA	0.000128036874619891	0.000288082967894754	0.000416119842514644	NA	NA	NA	NA	NA	0.00224064530584808	0.000256073749239781	NA	NA	NA	0.00336096795877213	0.00294484811625748	NA	NA	0.00288082967894754	NA	NA	NA	NA	NA	NA	NA	0.000864248903684261	0.000928267340994206	NA	NA	NA	NA	NA	NA	NA	NA	NA	NA	NA	NA	NA	NA	NA	0.000512147498479562	NA	NA	NA	NA	NA	NA	NA	NA	NA	NA	NA	NA	NA	NA	0.00137639640216382	NA	NA	0.000640184373099453	NA	NA	NA	NA	NA	NA	NA	NA	NA	NA	NA	NA	NA	NA	NA	NA	NA	NA	NA	NA	NA	NA	NA	NA	0.000288082967894754	NA	NA	NA	NA	NA	NA	NA	NA	NA	NA	NA	NA	NA	NA	NA	NA	NA	NA	NA	NA	NA	NA	NA	NA	NA	0.00169648858871355	NA	NA	NA	NA	NA	NA	NA	NA	NA	NA	NA	NA	0.000448129061169617	NA	NA	NA	NA	NA	NA	NA	NA	NA
NW045-4-2	0.0632058811450162	0.0984023984557887	0.0109655427327611	NA	0.0461209905950963	NA	0.0612756170684628	0.00320341697810998	0.0101441537640149	0.00800854244527496	0.000780319520308842	0.0170438211014826	0.0016427779374923	0.0280093638342437	0.46765780935562	0.00665325064684381	0.00685859788903035	NA	0.00850137582652265	0.00168384738592961	NA	0.0214382520842745	0.0093227647952688	NA	0.0038605281531069	0.000287486139061152	NA	0.00139636124686845	0.00681752844059304	NA	NA	NA	0.0410283789888702	NA	0.00287486139061152	NA	0.00246416690623845	0.00336769477185921	0.00016427779374923	NA	0.00160170848905499	0.00468191712185305	NA	0.00899420920777034	0.0071050145796542	0.00283379194217422	NA	NA	NA	NA	NA	0.000451763932810382	0.00464084767341575	NA	NA	0.00870672306870919	NA	NA	0.00123208345311922	0.00800854244527496	NA	NA	NA	NA	NA	NA	0.00143743069530576	NA	0.000410694484373075	0.000862458417183457	NA	NA	NA	NA	NA	0.00102673621093269	0.00484619491560228	NA	NA	NA	0.00242309745780114	0.00423015318904267	NA	NA	0.000574972278122305	NA	0.00135529179843115	NA	NA	NA	NA	NA	NA	0.000616041726559612	NA	NA	NA	NA	NA	NA	NA	NA	NA	NA	NA	NA	NA	NA	NA	0.000451763932810382	NA	NA	NA	NA	NA	NA	NA	NA	NA	NA	NA	NA	NA	NA	NA	NA	NA	NA	NA	NA	NA	NA	NA	NA	NA	NA	NA	NA	NA	NA	NA	NA	NA	NA	NA	NA	NA	NA	NA	NA	NA	NA	NA	NA	NA	NA	NA	NA	NA	NA	NA	NA	NA	NA	NA	NA	NA	NA	NA	NA	NA	NA	NA	NA	NA	NA	NA	NA	NA	NA	NA	NA	NA	NA	NA	NA	NA	NA	NA	NA	NA	0.00032855558749846	NA	NA	NA	NA	NA	NA	NA	NA	NA
NW045-5	0.11631758402338	0.0976132489040429	0.0256210423770093	NA	0.0423283000487092	NA	0.045007306380906	0.0155382367267414	0.0051631758402338	0.0109108621529469	0.00988796882610813	0.0253287871407696	0.00136385776911836	0.0139795421334632	0.376814417924988	0.00370189965903556	0.00628348757915246	NA	0.00418899171943497	0.00584510472479299	NA	0.0111544081831466	0.0138821237213833	0.000487092060399416	0.0228933268387725	0.00253287871407696	NA	0.0246955674622504	0.00711154408183147	NA	NA	NA	0.00360448124695567	NA	0.00608865075499269	NA	0.00443253774963468	0.000974184120798831	0.000340964442279591	NA	0.0214807598636142	0.00214320506575743	NA	0.000974184120798831	0.00642961519727228	0.00394544568923527	NA	0.000876765708718948	NA	NA	NA	0.0011690209449586	0.0161714564052606	NA	0.000243546030199708	0.00452995616171456	NA	NA	0.00194836824159766	0.00063321967851924	0.000340964442279591	NA	NA	0.00336093521675597	NA	NA	0.00297126156843643	0.000340964442279591	NA	0.000438382854359474	NA	0.000730638090599123	NA	NA	NA	0.00272771553823673	0.00326351680467608	NA	NA	NA	0.00638090599123234	0.00204578665367755	0.00243546030199708	NA	0.00282513395031661	NA	0.00155869459327813	NA	NA	NA	NA	NA	0.00301997077447638	NA	NA	NA	NA	NA	NA	NA	NA	NA	NA	NA	0.000389673648319532	NA	NA	NA	0.000340964442279591	NA	NA	NA	NA	NA	NA	NA	NA	NA	NA	NA	NA	NA	0.000194836824159766	NA	0.00146127618119825	NA	NA	NA	NA	NA	NA	NA	NA	NA	NA	NA	NA	NA	0.000535801266439357	NA	NA	NA	NA	NA	NA	NA	NA	NA	NA	NA	NA	NA	NA	NA	NA	NA	NA	NA	NA	NA	NA	NA	NA	NA	NA	NA	NA	NA	NA	NA	NA	NA	NA	NA	NA	NA	NA	NA	NA	NA	NA	NA	NA	NA	NA	NA	NA	NA	NA	NA	NA	NA	NA	NA	NA	NA	NA	NA	NA	NA	NA
NW046-1	0.162108009878384	0.151297702809748	0.0899771678859326	0.0524206700526536	NA	0.0537253622850753	NA	0.014118633800848	0.00773496109221378	0.0026093844648432	NA	NA	0.0414705745305438	0.00675644191789758	NA	0.0312194212758026	0.0177531335911654	0.00796794184800335	0.00754857648758213	0.100601090349937	NA	0.014677787614743	NA	0.00232980755789572	NA	NA	0.0270723638227482	0.00894646102231956	NA	NA	NA	0.014677787614743	NA	0.000186384604631657	0.0123013839056894	0.001630865290527	NA	0.000326173058105401	NA	0.00330832673221192	0.00284236522063278	0.0109966916732678	NA	0.00177065374400075	NA	0.000931923023158287	0.0216672102884302	NA	NA	NA	NA	0.00223661525557989	0.000465961511579144	0.0022832114067378	NA	0.000512557662737058	0.000139788453473743	NA	0.00265598061600112	NA	0.00382088439494898	NA	0.0155631144867434	0.00102511532547412	0.000512557662737058	NA	0.000605749965052887	0.00167746144168492	0.00400726899958063	0.00484599972042309	NA	NA	0.00489259587158101	0.00354130748800149	0.000372769209263315	NA	0.00237640370905363	0.00274917291831695	NA	0.00931923023158287	NA	NA	NA	0.0314989981827501	0.00121149993010577	0.00484599972042309	0.00256278831368529	NA	NA	NA	0.000698942267368715	NA	NA	NA	NA	0.00158426913936909	NA	0.00158426913936909	NA	NA	NA	NA	0.000186384604631657	NA	0.00177065374400075	0.000279576906947486	NA	NA	NA	NA	NA	NA	NA	NA	NA	NA	NA	0.00074553841852663	NA	NA	NA	NA	NA	NA	NA	0.00191044219747449	0.00135128838357952	NA	0.00419365360421229	0.00214342295326406	9.31923023158287e-05	NA	NA	NA	NA	NA	NA	NA	NA	0.00232980755789572	NA	NA	0.00153767298821117	NA	NA	NA	NA	NA	NA	NA	NA	NA	0.00074553841852663	NA	NA	NA	NA	0.00111830762778994	NA	NA	NA	NA	NA	NA	NA	NA	NA	NA	NA	NA	NA	NA	NA	NA	NA	NA	NA	NA	NA	NA	NA	NA	NA	NA	NA	NA	0.00107171147663203	NA	NA	NA	NA	NA	NA	NA	NA	NA	NA	NA	NA	NA	NA
NW046-5	0.168415401883754	0.097311014591772	0.0581230784246742	0.118003025718608	NA	0.086428187984969	NA	0.0121516763457128	0.000683226782489874	0.00346493582548436	NA	0.000146405739104973	0.0450441657312967	0.0138597433019374	NA	0.0238641354741106	0.0219608608657459	0.00897955199843834	0.00419696452100922	0.127031379630081	NA	0.0150309892147772	NA	0.00258650139085452	NA	NA	0.0368942462544532	0.00907715582450832	NA	NA	NA	0.0199599824313113	NA	0.000341613391244937	0.0123468839978527	0.00302571860816944	NA	NA	NA	0.000780830608559856	0.0124932897369577	0.00854033478112342	NA	0.00219608608657459	NA	0.000976038260699819	0.00624664486847884	NA	0.000780830608559856	NA	NA	0.00424576643404421	0.000780830608559856	0.000829632521594846	NA	0.000878434434629838	NA	NA	0.00239129373871456	NA	0.0021472841735396	NA	0.00658825825972378	0.00185447269532966	0.000439217217314919	NA	NA	0.000439217217314919	0.00224488799960958	0.00351373773851935	NA	NA	0.00156166121711971	0.00346493582548436	NA	NA	0.00263530330388951	0.00478258747742911	NA	0.0010736420867698	NA	0.00151285930408472	0.000780830608559856	0.0102484017373481	0.000732028695524865	0.00395295495583427	0.00239129373871456	NA	NA	NA	0.000829632521594846	NA	NA	NA	NA	0.00175686886925968	NA	NA	NA	NA	NA	NA	0.000976038260699819	NA	0.000927236347664828	0.000927236347664828	NA	NA	NA	NA	NA	NA	NA	NA	NA	NA	NA	0.000634424869454883	NA	NA	NA	NA	NA	NA	0.000390415304279928	NA	0.00117124591283978	NA	0.00151285930408472	0.00390415304279928	0.00102484017373481	NA	NA	NA	NA	NA	0.000195207652139964	NA	NA	0.00048801913034991	NA	NA	0.0010736420867698	NA	NA	NA	NA	NA	NA	NA	NA	NA	NA	NA	0.000976038260699819	NA	NA	0.000292811478209946	NA	NA	NA	NA	NA	NA	NA	NA	NA	NA	NA	NA	NA	NA	NA	NA	NA	NA	NA	NA	NA	NA	NA	NA	NA	NA	NA	NA	0.00117124591283978	NA	NA	NA	NA	NA	NA	NA	NA	NA	NA	NA	0.00048801913034991	NA	NA
NW047-4	0.142925890279115	0.109239653512993	0.0218158485723452	0.000588172387979895	0.12747299754037	0.215752325954443	0.122393326916907	0.0152924820874773	0.0255587637685809	0.0295155598331729	NA	0.000160410651267244	NA	NA	NA	0.0199443909742274	0.000213880868356326	0.0212811464014544	0.0014436958614052	NA	NA	NA	NA	0.000160410651267244	NA	0.0138487862260721	0.00540049192599722	0.00272698107154315	0.00395679606459202	NA	NA	NA	NA	NA	0.0014436958614052	NA	0.00475884932092824	0.0264677574590953	NA	0.0222436103090579	0.0151855416532991	NA	NA	0.00203186824938509	NA	0.00663030691904609	0.00037429151962357	NA	NA	NA	NA	0.00122981499304887	0.00384985563041386	0.00818094321462945	0.00037429151962357	0.00219227890065234	0.00245962998609774	NA	0.00213880868356326	NA	NA	NA	NA	NA	0.000588172387979895	NA	NA	NA	0.00181798738102877	NA	NA	NA	NA	NA	NA	0.00160410651267244	NA	NA	NA	NA	0.0117099775425088	0.00203186824938509	NA	NA	0.000267351085445407	NA	NA	NA	NA	NA	NA	NA	0.000588172387979895	NA	NA	NA	NA	NA	NA	NA	NA	NA	NA	NA	NA	NA	NA	NA	NA	NA	NA	NA	NA	NA	NA	NA	NA	NA	NA	NA	NA	0.000213880868356326	NA	NA	NA	NA	NA	NA	NA	NA	NA	NA	0.00192492781520693	NA	NA	NA	NA	NA	NA	NA	NA	NA	NA	NA	NA	NA	NA	NA	NA	NA	NA	NA	NA	NA	NA	NA	NA	NA	NA	NA	NA	NA	NA	NA	NA	NA	NA	NA	NA	NA	NA	NA	NA	NA	NA	NA	NA	NA	NA	NA	NA	NA	NA	NA	NA	NA	NA	NA	NA	NA	NA	NA	NA	NA	NA	NA	NA	NA	NA	NA	NA
NW047-5	0.467123625020522	0.0757264816943031	0.0588983746511246	0.00521260876703333	0.0475291413560992	0.116113938597931	0.0123953373830241	0.0225332457724512	0.00217534066655722	0.00016417665407979	NA	0.000779839106879002	NA	NA	NA	0.00229847315711706	NA	0.0316040059103595	0.000615662452799212	NA	NA	NA	NA	NA	NA	0.0267607946150057	0.000287309144639632	0.000615662452799212	0.000944015760958792	NA	NA	NA	NA	NA	NA	NA	0.000861927433918897	0.000820883270398949	NA	0.068790018059432	0.000902971597438844	NA	NA	0.00480216713183385	0.0032014447545559	0.00217534066655722	NA	NA	NA	NA	NA	NA	NA	0.00517156460351338	NA	0.00049252996223937	NA	NA	0.0016417665407979	NA	NA	NA	NA	NA	0.0116154982761451	NA	NA	NA	0.000944015760958792	NA	NA	NA	NA	NA	NA	NA	NA	NA	NA	NA	0.0261861763257265	NA	NA	NA	NA	NA	NA	NA	NA	NA	NA	NA	NA	NA	NA	NA	NA	NA	NA	NA	NA	NA	NA	NA	NA	NA	NA	NA	NA	NA	NA	NA	NA	NA	NA	NA	NA	NA	NA	NA	NA	NA	NA	NA	NA	NA	NA	NA	NA	NA	NA	NA	0.000615662452799212	NA	NA	NA	NA	NA	NA	NA	NA	NA	NA	NA	NA	NA	NA	NA	NA	NA	NA	NA	NA	NA	NA	NA	NA	NA	NA	NA	NA	NA	NA	NA	NA	NA	NA	NA	NA	NA	NA	NA	NA	NA	NA	NA	NA	NA	NA	NA	NA	NA	NA	NA	NA	NA	NA	NA	NA	NA	NA	NA	NA	NA	NA	NA	NA	NA	NA	NA	NA
NW048-1	0.35960641623533	0.0733869727873725	0.0339773484343771	0.00302362527545739	0.000512478860247015	0.0301337569825245	0.0354122892430687	0.0719520319786809	0.0226515656229181	0.00983959411674269	NA	0.00138369292266694	NA	0.0286475682878081	NA	0.0148106390611387	0.000153743658074104	0.0159380925536822	0.00117870137856813	0.00409983088197612	0.00102495772049403	0.00312612104750679	0.0035361041357044	0.0033823604776303	0.0529390662635166	0.0192179572592631	NA	0.00261364218725978	0.00445856608414903	NA	NA	NA	0.00251114641521037	NA	0.000204991544098806	0.000666222518321119	0.000768718290370522	0.000666222518321119	0.000717470404345821	0.0247527289499308	0.00174242812483985	0.0035873520217291	NA	0.00773843078972992	0.00937836314252037	0.00174242812483985	NA	NA	0.00404858299595142	0.00368984779377851	NA	0.000512478860247015	0.00450981397017373	0.00866089273817455	NA	0.000563726746271716	0.000614974632296418	0.000256239430123507	0.00138369292266694	NA	0.00389483933787731	NA	NA	NA	0.0033823604776303	NA	NA	NA	0.000461230974222313	NA	NA	NA	NA	0.000922461948444627	NA	NA	0.000717470404345821	NA	0.101675805873008	NA	NA	NA	0.000819966176395224	NA	NA	NA	NA	NA	NA	NA	NA	NA	0.000666222518321119	NA	0.00599600266489007	NA	0.00220365909906216	NA	NA	NA	NA	NA	NA	0.000307487316148209	NA	NA	NA	NA	NA	0.000153743658074104	NA	NA	NA	NA	0.000307487316148209	0.00215241121303746	NA	NA	NA	NA	NA	0.000256239430123507	NA	NA	NA	NA	NA	NA	NA	NA	NA	NA	NA	NA	NA	NA	NA	NA	NA	NA	NA	NA	NA	NA	NA	NA	NA	NA	NA	NA	NA	NA	NA	0.00035873520217291	NA	NA	NA	NA	NA	NA	NA	NA	NA	NA	NA	NA	NA	NA	NA	NA	NA	NA	NA	NA	NA	NA	NA	NA	NA	NA	NA	NA	NA	NA	NA	NA	NA	NA	NA	NA	NA	NA	NA	NA	NA	NA	NA	NA	NA	NA	NA
NW048-5-1	0.247023634977421	0.106093484253123	0.0102633276640666	0.00123159931968799	NA	0.00369479795906398	0.080581784059586	0.0450413465485895	0.0283854319394757	0.00369479795906398	NA	0.00492639727875198	NA	0.0569468066389068	NA	0.0327253533517096	NA	0.0147791918362559	0.000762418626473521	0.00164213242625066	0.00275643657263504	0.043047328602428	0.00480910210544836	NA	0.0378863409770688	0.0137821828631752	NA	0.000645123453169902	0.0312005160987625	0.000703771039821711	NA	NA	0.0118468125036655	NA	NA	NA	0.00140754207964342	0.00123159931968799	0.00299102691924227	0.0258049381267961	0.00134889449299161	0.0290892029792974	NA	0.0259222333000997	0.0031669696791977	0.00674447246495807	NA	NA	0.00246319863937599	0.00275643657263504	NA	NA	0.0226379684475984	0.0261568236467069	NA	0.00175942759955428	NA	0.00862119523781596	0.00258049381267961	NA	0.00433992141223389	NA	NA	NA	0.00175942759955428	NA	NA	NA	0.00170078001290247	NA	NA	0.000997008973080758	NA	0.00117295173303619	NA	0.000879713799777139	0.00199401794616152	NA	0.00832795730455692	NA	NA	NA	0.00152483725294704	NA	NA	NA	NA	NA	NA	NA	NA	NA	NA	NA	0.0201747698082224	NA	NA	NA	0.000997008973080758	0.000527828279866284	NA	NA	0.00146618966629523	NA	NA	NA	NA	NA	NA	NA	NA	NA	NA	NA	NA	0.00181807518620609	NA	NA	NA	NA	NA	NA	NA	NA	NA	NA	NA	NA	NA	NA	NA	NA	0.000938361386428948	NA	NA	NA	0.000410533106562665	NA	NA	NA	NA	NA	NA	NA	NA	NA	NA	NA	NA	NA	NA	NA	NA	NA	NA	NA	NA	NA	NA	NA	NA	NA	NA	NA	NA	NA	NA	NA	NA	NA	NA	NA	NA	NA	0.00134889449299161	NA	NA	NA	NA	NA	NA	NA	NA	NA	NA	NA	NA	NA	NA	NA	NA	NA	NA	NA	NA	NA	NA	NA	NA	0.000469180693214474	NA
NW048-5-2	0.401573436686527	0.0562850697055591	0.0730028344999132	0.00237172441719211	NA	0.025568346156071	0.105859894718575	0.0646728755712385	0.0137675710071152	0.0218661421877712	NA	0.00335512234627177	0.000462775496037485	0.0068259385665529	NA	0.0456990802337016	NA	0.00237172441719211	0.00109909180308903	0.00312373459825302	0.00503268351940765	0.00584254063747325	0.0180482443454619	0.00150402036212183	0.0173540811014057	NA	NA	0.00624746919650605	0.0343032336437786	NA	NA	NA	0.00127263261410308	NA	0.00271880603922022	NA	0.00190894892115462	0.00133047955110777	0.00179325504714525	0.00335512234627177	0.00815641811766067	NA	NA	0.00248741829120148	0.00283449991322959	0.00370220396829988	NA	NA	0.00248741829120148	0.00526407126742639	NA	0.000809857118065598	0.00179325504714525	0.00769364262162318	NA	0.000809857118065598	0.00277665297622491	0.00185110198414994	NA	NA	0.00104124486608434	NA	NA	NA	0.00277665297622491	NA	NA	0.000404928559032799	0.00115693874009371	NA	NA	0.00138832648811245	NA	0.00156186729912651	0.002024642795164	NA	NA	NA	0.00468560189737953	0.000752010181060913	NA	NA	0.000983397929079655	NA	0.000809857118065598	NA	NA	NA	NA	NA	NA	NA	0.000867704055070284	NA	0.00150402036212183	NA	NA	NA	NA	NA	NA	NA	NA	NA	NA	0.00138832648811245	NA	NA	NA	NA	NA	NA	NA	NA	NA	0.0080407242436513	NA	NA	NA	NA	NA	NA	NA	NA	0.000231387748018742	NA	NA	NA	NA	NA	NA	NA	0.000867704055070284	NA	NA	NA	NA	NA	NA	NA	NA	NA	NA	NA	0.000231387748018742	NA	NA	NA	NA	NA	NA	NA	NA	NA	NA	NA	NA	NA	NA	NA	NA	NA	NA	NA	NA	NA	NA	NA	NA	NA	NA	NA	NA	NA	NA	NA	NA	NA	NA	NA	NA	NA	NA	NA	NA	NA	NA	NA	NA	NA	NA	NA	NA	NA	NA	NA	NA	NA	NA	NA	NA
NW049-1	0.32803607066302	0.0622366767684234	0.191810185527386	NA	0.018330992682386	0.0734718013156922	0.0348141030379185	0.0239485549560204	0.00694803754896888	0.0229876561460566	7.3915293074137e-05	0.000443491758444822	0.00369576465370685	0.0411708182422943	NA	NA	NA	NA	0.00236528937837239	0.00073915293074137	NA	NA	0.00421317170522581	NA	0.0487101781358563	0.00450883287752236	0.0079828516520068	0.000665237637667233	NA	0.00450883287752236	NA	NA	NA	NA	NA	NA	NA	0.0301574395742479	NA	0.000960898809963782	0.00118264468918619	0.00827851282430335	NA	0.00354793406755858	NA	0.00620888461822751	NA	NA	0.0102003104442309	NA	NA	0.000886983516889645	0.00487840934289304	NA	0.00495232463596718	0.00110872939611206	0.00532190110133787	NA	0.00502623992904132	NA	0.00332618818833617	NA	0.00221745879222411	NA	NA	NA	NA	0.00273486584374307	NA	0.00125655998226033	NA	NA	NA	0.00118264468918619	NA	0.00273486584374307	0.00665237637667233	NA	NA	NA	NA	NA	NA	NA	0.000443491758444822	NA	NA	0.000443491758444822	NA	NA	NA	NA	NA	0.0122699386503067	NA	NA	NA	NA	NA	NA	NA	NA	NA	NA	NA	NA	NA	NA	NA	NA	NA	NA	NA	NA	NA	NA	NA	NA	NA	NA	NA	NA	NA	NA	NA	NA	NA	NA	NA	NA	NA	NA	NA	NA	NA	NA	NA	NA	NA	NA	NA	NA	NA	NA	NA	NA	NA	NA	NA	NA	NA	0.000665237637667233	NA	NA	NA	NA	NA	NA	NA	NA	NA	NA	NA	NA	NA	NA	NA	NA	0.00170005174070515	NA	NA	NA	NA	NA	NA	NA	NA	NA	NA	NA	NA	NA	NA	NA	NA	NA	NA	NA	NA	NA	NA	NA	NA	NA	NA	NA	NA	NA	NA	NA	NA
NW049-2	0.365714540350252	0.0831068134218618	0.112873757853928	NA	0.0649258054453901	0.103248518336973	0.0361837707767034	0.0182255692705316	0.0126554075130342	0.017378904683392	0.000534735528719754	0.00258455505547881	0.0049908649347177	0.0184929370348915	NA	NA	0.000490174234659774	NA	0.00298560670201863	0.00182701305645916	NA	NA	0.00837752328327615	NA	0.0124771623367943	0.0126999688070942	0.00735261351989662	0.00294104540795865	NA	NA	NA	NA	NA	NA	NA	0.00102490976337953	NA	0.0114076912793548	NA	0.00102490976337953	0.00178245176239918	0.000490174234659774	NA	0.00147052270397932	NA	0.0101599750456753	0.000712980704959672	NA	0.00169332917427922	NA	NA	0.00557016175749744	0.00588209081591729	NA	0.000356490352479836	0.00102490976337953	0.00882313622387594	NA	0.00900138140011586	NA	0.00427788422975803	NA	0.0136803172764137	NA	NA	NA	0.00120315493961945	0.00784278775455639	0.00178245176239918	0.0017378904683392	NA	NA	NA	0.00124771623367943	NA	0.00258455505547881	0.00610489728621719	NA	NA	0.000534735528719754	NA	NA	NA	NA	NA	NA	NA	0.00142596140991934	NA	NA	NA	0.00178245176239918	NA	0.000356490352479836	NA	NA	NA	NA	NA	NA	NA	NA	NA	NA	NA	0.000222806470299898	NA	NA	NA	NA	NA	NA	NA	NA	0.00182701305645916	NA	NA	NA	NA	NA	NA	NA	NA	NA	NA	NA	NA	NA	NA	NA	NA	NA	NA	NA	NA	NA	NA	NA	NA	NA	NA	NA	NA	NA	NA	NA	NA	NA	NA	NA	NA	0.000668419410899692	NA	NA	NA	NA	NA	NA	NA	NA	NA	NA	NA	NA	NA	NA	NA	NA	0.00222806470299898	NA	NA	NA	NA	NA	NA	NA	NA	NA	NA	NA	NA	NA	NA	NA	NA	NA	NA	NA	NA	NA	NA	NA	NA	NA	NA	NA	NA	NA	NA	NA	NA
NW049-3	0.208133971291866	0.0889952153110048	0.207894736842105	NA	0.0129186602870813	0.0767942583732057	0.026555023923445	0.0203349282296651	0.0105263157894737	0.0478468899521531	NA	0.00645933014354067	0.00933014354066986	0.0897129186602871	NA	NA	0.00358851674641148	NA	0.00167464114832536	NA	NA	NA	0.00717703349282297	NA	0.05311004784689	0.00311004784688995	0.00645933014354067	NA	NA	NA	NA	NA	NA	NA	NA	0.00574162679425837	NA	0.030622009569378	NA	NA	0.00382775119617225	0.00789473684210526	NA	NA	NA	0.0102870813397129	NA	NA	0.0119617224880383	NA	NA	0.00454545454545455	0.00741626794258373	NA	NA	NA	0.00287081339712919	NA	0.012200956937799	NA	NA	NA	NA	NA	NA	NA	NA	0.00645933014354067	NA	NA	NA	NA	NA	0.00789473684210526	NA	0.00167464114832536	0.00334928229665072	NA	NA	NA	NA	NA	NA	NA	NA	NA	NA	NA	NA	NA	NA	NA	NA	0.00191387559808612	NA	NA	NA	NA	NA	NA	NA	NA	NA	NA	NA	NA	NA	NA	NA	NA	NA	NA	NA	NA	NA	NA	NA	NA	NA	NA	NA	NA	NA	NA	NA	NA	NA	NA	NA	NA	NA	NA	NA	NA	NA	NA	NA	NA	NA	NA	NA	NA	NA	NA	NA	NA	NA	NA	NA	NA	NA	0.000717703349282297	NA	NA	NA	NA	NA	NA	NA	NA	NA	NA	NA	NA	NA	NA	NA	NA	NA	NA	NA	NA	NA	NA	NA	NA	NA	NA	NA	NA	NA	NA	NA	NA	NA	NA	NA	NA	NA	NA	NA	NA	NA	NA	NA	NA	NA	NA	NA	NA	NA
NW049-4	0.370401691331924	0.0522198731501057	0.172938689217759	NA	0.0202959830866808	0.0651162790697674	0.019661733615222	0.0570824524312896	0.0109936575052854	0.00930232558139535	NA	0.00465116279069767	0.0221987315010571	0.0298097251585624	NA	NA	0.00380549682875264	NA	0.00380549682875264	NA	NA	NA	0.006553911205074	NA	0.00274841437632135	0.00634249471458774	0.00824524312896406	NA	NA	NA	NA	NA	NA	NA	NA	0.00528541226215645	NA	0.0363636363636364	NA	NA	0.000845665961945032	NA	NA	0.00295983086680761	NA	0.0167019027484144	NA	NA	NA	NA	NA	0.00697674418604651	NA	NA	NA	NA	0.0135306553911205	NA	0.0186046511627907	NA	0.00317124735729387	NA	0.0080338266384778	NA	NA	NA	NA	0.00824524312896406	NA	NA	NA	NA	NA	0.00232558139534884	NA	NA	0.00549682875264271	NA	NA	NA	NA	NA	NA	NA	0.000634249471458774	NA	NA	NA	NA	NA	NA	NA	NA	NA	NA	NA	NA	NA	NA	NA	NA	NA	NA	NA	NA	NA	NA	NA	NA	NA	NA	NA	NA	NA	0.000634249471458774	NA	NA	NA	NA	NA	NA	NA	NA	NA	NA	NA	NA	NA	NA	NA	NA	NA	NA	NA	NA	NA	NA	NA	NA	NA	NA	NA	NA	NA	NA	NA	NA	NA	NA	NA	NA	NA	NA	NA	NA	NA	NA	NA	NA	NA	NA	NA	NA	NA	NA	NA	NA	NA	0.0040169133192389	NA	NA	NA	NA	NA	NA	NA	NA	NA	NA	NA	NA	NA	NA	NA	NA	NA	NA	NA	NA	NA	NA	NA	NA	NA	NA	NA	NA	NA	NA	NA	NA
NW049-5	0.0402973977695167	0.141710037174721	0.0645353159851301	NA	0.00535315985130112	0.128624535315985	0.0860966542750929	0.00944237918215613	0.0322676579925651	0.0505576208178439	NA	0.0168029739776952	0.0455018587360595	0.0275836431226766	NA	NA	0.00282527881040892	NA	0.00446096654275093	0.00408921933085502	NA	NA	0.0107806691449814	NA	0.00892193308550186	0.00171003717472119	0.0198513011152416	0.000817843866171004	0.00297397769516729	NA	NA	NA	NA	NA	NA	0.00163568773234201	NA	0.0737546468401487	NA	0.0020817843866171	0.00713754646840149	0.00944237918215613	NA	0.000223048327137546	NA	0.0288475836431227	NA	NA	0.0188104089219331	NA	NA	0.0132342007434944	0.0227509293680297	NA	0.00200743494423792	0.00297397769516729	0.0139033457249071	NA	0.0188847583643123	NA	0.00973977695167286	NA	0.00684014869888476	NA	NA	NA	0.0020817843866171	0.015910780669145	0.000743494423791822	0.00163568773234201	NA	NA	NA	0.00475836431226766	NA	0.00460966542750929	0.0122676579925651	NA	NA	NA	NA	NA	NA	NA	0.00193308550185874	NA	NA	0.00133828996282528	NA	NA	NA	0.00706319702602231	NA	0.00104089219330855	NA	NA	NA	0.000594795539033457	NA	NA	NA	NA	NA	NA	NA	0.000297397769516729	NA	NA	NA	0.0041635687732342	NA	NA	NA	NA	0.00118959107806691	NA	NA	NA	NA	NA	NA	NA	NA	NA	NA	NA	NA	NA	NA	NA	NA	NA	NA	NA	NA	NA	0.000520446096654275	NA	NA	NA	NA	NA	NA	NA	NA	NA	NA	NA	NA	NA	NA	0.000892193308550186	0.000817843866171004	NA	NA	NA	NA	NA	NA	0.000669144981412639	NA	NA	NA	NA	NA	NA	NA	NA	NA	NA	NA	NA	NA	NA	NA	NA	NA	NA	NA	NA	NA	NA	NA	NA	NA	NA	NA	NA	NA	NA	NA	NA	NA	NA	NA	NA	NA	NA	NA	NA	NA
NW050-1	0.0912599664821492	0.111624600071098	0.0385963130364126	0.00142196942765731	0.313798181910518	NA	0.0250368188512518	0.0882636737595856	0.00462140063988624	0.0103092783505155	0.12005484739221	NA	0.00142196942765731	0.0319943121222894	NA	NA	0.0134071403179117	NA	0.0150830328576507	0.000914123203493982	NA	0.00472296988471891	0.00751612411761719	NA	NA	0.0066020009141232	0.00142196942765731	0.00883652430044183	0.00655121629170687	NA	NA	NA	NA	NA	NA	0.000507846224163323	0.00350413894672693	0.00482453912955157	NA	NA	0.000406276979330659	0.000812553958661317	NA	0.00111726169315931	NA	0.00370727743639226	NA	NA	0.0124930171144178	NA	NA	0.000507846224163323	0.000964907825910314	NA	NA	0.0018790310294043	0.0257985881874968	NA	0.00192981565182063	NA	0.0018790310294043	NA	0.00086333858107765	0.00116804631557564	NA	NA	0.00335178507947793	0.000152353867248997	0.000964907825910314	0.00066020009141232	NA	NA	NA	NA	NA	0.00497689299680057	0.00944593976943781	NA	NA	NA	NA	0.000964907825910314	0.00121883093799198	NA	NA	NA	NA	NA	NA	NA	NA	0.00192981565182063	NA	NA	0.0083286780762785	NA	NA	NA	NA	0.000253923112081662	NA	NA	NA	NA	0.000558630846579656	NA	NA	NA	NA	NA	NA	NA	NA	NA	NA	NA	NA	NA	NA	NA	NA	NA	NA	NA	NA	NA	NA	NA	0.00086333858107765	NA	NA	NA	NA	NA	NA	NA	NA	NA	NA	NA	NA	0.000507846224163323	NA	NA	NA	NA	NA	NA	NA	NA	NA	NA	NA	NA	NA	NA	NA	NA	NA	NA	NA	NA	NA	NA	NA	NA	NA	NA	NA	NA	NA	NA	NA	NA	NA	NA	NA	NA	NA	NA	NA	NA	NA	NA	NA	NA	NA	NA	NA	NA	NA	NA	NA	NA	NA	NA	NA	NA	NA	NA	NA
NW050-2	0.039844569172886	0.109480046875964	0.0524270647011657	0.000431752297539012	0.372663911675816	NA	0.0246715598593721	0.103620551409363	0.00770986245605378	0.00906679824831925	0.121137358909517	NA	0.0046875963732807	0.00721643125886634	NA	NA	0.0244865231604268	NA	0.0131992845247641	NA	NA	0.00795657805464751	0.00425584407574169	NA	NA	0.0014186146919139	0.00795657805464751	0.0040708073767964	0.00641460556343675	NA	NA	NA	NA	NA	NA	NA	0.00666132116203047	0.00604453216554617	NA	0.000863504595078024	0.000678467896132733	NA	NA	0.000863504595078024	NA	0.00752482575710849	NA	NA	0.000493431197187442	NA	NA	0.00104854129402331	NA	NA	NA	0.00320730278171837	0.0135693579226547	NA	0.00222044038734349	NA	0.0032689816813668	NA	NA	NA	NA	NA	0.00283722938382779	NA	0.00185036698945291	0.00148029359156233	NA	NA	NA	NA	NA	0.00215876148769506	0.00777154135570221	NA	NA	NA	NA	0.00197372478874977	0.00104854129402331	NA	NA	NA	NA	NA	NA	NA	NA	0.00635292666378832	NA	NA	0.00240547708628878	NA	NA	NA	NA	0.000246715598593721	NA	NA	NA	NA	0.000925183494726454	NA	NA	NA	NA	NA	NA	NA	NA	NA	NA	NA	NA	NA	NA	NA	NA	NA	NA	NA	NA	NA	NA	0.00104854129402331	0.000740146795781163	NA	NA	NA	NA	NA	NA	NA	NA	NA	NA	NA	NA	NA	NA	NA	NA	NA	NA	NA	NA	NA	NA	NA	NA	NA	NA	NA	NA	NA	NA	NA	NA	NA	NA	NA	NA	NA	NA	NA	NA	NA	NA	NA	NA	NA	NA	NA	NA	NA	NA	NA	NA	NA	NA	NA	NA	NA	NA	NA	NA	NA	NA	NA	NA	NA	NA	NA	NA	NA	NA	NA	NA
NW050-3	0.046734516909315	0.131303911277441	0.0390214960522112	0.000958422710054311	0.543836429190817	NA	0.0177080005476701	0.0640317648669618	0.00826069097713477	0.00926475286385834	0.0282962895349368	NA	0.00278398977682443	0.0141937839441376	NA	NA	0.0130984437040756	NA	0.00994934051389713	0.000228195883346264	NA	0.00287526813016293	0.00200812377344713	NA	NA	0.00141481447674684	0.00127789694673908	0.00214504130345489	0.00378805166354799	NA	NA	NA	NA	NA	NA	0.00109534024006207	0.00515722696362558	0.0100406188672356	NA	NA	0.000182556706677012	NA	NA	0.000912783533385058	NA	0.00620692802701839	NA	NA	0.00136917530007759	NA	NA	0.000410752590023276	NA	NA	NA	0.00228195883346264	0.00753046415042673	NA	0.000958422710054311	NA	0.0024188763634704	NA	0.000593309296700287	0.000182556706677012	NA	NA	0.00419880425357127	0.000182556706677012	0.00123225777006983	0.00063894847336954	NA	NA	NA	NA	NA	0.000775866003377299	0.00296654648350144	NA	NA	NA	NA	0.00109534024006207	NA	NA	NA	NA	NA	NA	NA	NA	NA	0.00383369084021724	0.000912783533385058	NA	0.000730226826708046	NA	NA	NA	NA	NA	NA	NA	NA	NA	0.000273835060015517	NA	NA	NA	NA	NA	NA	NA	NA	NA	NA	NA	NA	NA	NA	NA	NA	NA	NA	NA	NA	NA	NA	NA	0.000456391766692529	NA	NA	NA	NA	NA	NA	NA	NA	NA	NA	NA	NA	NA	NA	NA	NA	NA	NA	NA	NA	NA	NA	NA	NA	NA	NA	NA	NA	NA	NA	NA	NA	NA	NA	NA	NA	NA	NA	NA	NA	NA	NA	NA	NA	NA	NA	NA	NA	NA	NA	NA	NA	NA	NA	NA	NA	0.000182556706677012	NA	NA	NA	NA	NA	NA	NA	NA	NA	NA	NA	NA	NA	NA	NA
NW050-4	0.219970193740686	0.120289546519055	0.0400681285927188	0.000851607408984458	0.342644241004897	NA	0.0236746859697679	0.0391739408132851	0.00387481371087928	0.00289546519054716	0.0587183308494784	NA	0.00225675963380881	NA	NA	NA	0.00242708111560571	NA	0.0102192889078135	0.000553544815839898	NA	0.0061315733446881	0.00523738556525442	NA	NA	0.00885671705343836	NA	0.00119225037257824	0.00826059186714924	NA	NA	NA	NA	NA	NA	NA	0.00302320630189483	NA	NA	NA	NA	NA	NA	0.00208643815201192	NA	0.00349159037683628	NA	NA	NA	NA	NA	0.00728124334681712	0.000936768149882904	NA	NA	0.00183095592931659	0.0342346178411752	NA	0.0104321907600596	NA	0.00131999148392591	NA	0.000553544815839898	NA	NA	NA	0.00779220779220779	0.000425803704492229	0.00455609963806685	0.00106450926123057	NA	NA	NA	NA	NA	0.000936768149882904	0.012987012987013	NA	NA	NA	NA	0.000681285927187567	NA	NA	NA	NA	NA	0.000340642963593783	NA	NA	NA	NA	NA	NA	0.00281030444964871	NA	0.000553544815839898	NA	NA	0.00263998296785182	NA	NA	NA	NA	0.00114967000212902	NA	NA	NA	NA	NA	NA	NA	NA	NA	NA	NA	NA	NA	NA	NA	NA	NA	NA	NA	NA	NA	NA	NA	NA	NA	NA	NA	NA	NA	NA	NA	NA	NA	NA	NA	NA	NA	NA	NA	NA	NA	NA	NA	NA	NA	NA	NA	NA	NA	NA	NA	NA	NA	NA	0.000383223334043006	NA	NA	NA	NA	NA	NA	NA	NA	NA	NA	NA	NA	NA	NA	NA	NA	0.00119225037257824	NA	NA	NA	NA	NA	NA	NA	NA	NA	NA	NA	NA	NA	NA	NA	NA	NA	NA	NA	NA	NA	NA	NA	NA
NW050-5	0.12172726144683	0.0889688546966125	0.0495719071845142	0.00260578235513091	0.271932001489018	NA	0.0402034991934483	0.0982131778136245	0.00229557016999628	0.0147661000124085	0.143193944658146	NA	0.00254373991810398	0.00744509244323117	NA	NA	0.00403275840675022	NA	0.00818960168755429	0.0021094428589155	NA	0.00645241345080035	0.0115398932870083	NA	NA	0.00316416428837325	NA	0.00167514579972701	0.0165032882491624	NA	NA	NA	NA	NA	NA	NA	0.00527360714728875	0.00918228067998511	NA	NA	0.000558381933242338	NA	NA	0.000806551681350043	NA	0.00558381933242338	NA	NA	NA	NA	NA	0.00136493361459238	0.00632832857674649	NA	NA	0.00471522521404641	0.0129668693386276	NA	0.00167514579972701	NA	0.00601811639161186	NA	0.000434297059188485	0.00316416428837325	NA	NA	0.00794143193944658	NA	NA	NA	NA	NA	NA	NA	NA	0.0023576126070232	0.0135872937088969	NA	NA	NA	NA	0.0011788063035116	0.00260578235513091	NA	NA	NA	NA	NA	NA	NA	NA	NA	NA	NA	0.0129668693386276	NA	NA	NA	NA	0.000186127311080779	NA	NA	NA	NA	0.000744509244323117	NA	NA	NA	NA	0.000186127311080779	NA	NA	NA	NA	NA	NA	NA	NA	NA	NA	0.00142697605161931	NA	NA	NA	NA	NA	NA	NA	NA	NA	NA	NA	NA	NA	NA	NA	NA	NA	NA	NA	NA	0.000372254622161559	NA	NA	NA	NA	NA	NA	NA	NA	NA	NA	NA	NA	NA	NA	NA	NA	NA	0.000496339496215411	NA	NA	NA	NA	NA	NA	NA	NA	NA	NA	NA	NA	NA	NA	NA	NA	0.000744509244323117	NA	NA	NA	NA	NA	NA	NA	NA	NA	NA	NA	NA	NA	NA	NA	NA	NA	NA	NA	NA	NA	NA	NA	NA
NW051-1	0.242868568381765	0.0331467164311739	0.0643383986492491	0.279569892473118	0.000888651915044877	0.012752154980894	0.0102639296187683	0.0637607749044699	0.00275482093663912	0.012752154980894	NA	0.00519861370301253	0.0179952012796588	0.00231049497911668	NA	0.0365680263040967	NA	0.000888651915044877	0.00910868212920999	0.020039100684262	NA	0.00177730383008975	0.00533191149026926	0.0142628632364703	0.000133297787256732	0.00186616902159424	0.00728694570336799	0.0496756420510086	0.00475428774549009	NA	NA	0.01604016706656	NA	0.00217719719185995	0.00333244468141829	NA	NA	0.00057762374477917	NA	NA	8.88651915044877e-05	NA	NA	0.00235492757486892	0.00226606238336444	0.00102194970230161	NA	NA	0.000844219319292633	0.00453212476672887	NA	0.000666488936283658	NA	0.00453212476672887	0.0025326579578779	NA	0.000533191149026926	NA	NA	0.00822003021416511	0.00177730383008975	NA	NA	NA	0.00586510263929619	NA	NA	0.00457655736248112	NA	0.000133297787256732	NA	NA	NA	0.000177730383008975	0.000266595574513463	NA	NA	0.00288811872389585	NA	NA	0.0071980805118635	NA	NA	NA	0.000311028170265707	0.00430996178796765	NA	NA	NA	NA	NA	NA	NA	NA	NA	NA	0.001821736425842	0.00217719719185995	0.00413223140495868	NA	NA	NA	NA	NA	NA	NA	NA	0.00319914689416156	NA	0.000710921532035902	0.00373233804318848	NA	NA	0.00315471429840931	NA	NA	NA	NA	NA	NA	NA	NA	0.000444325957522438	0.00119968008531058	NA	NA	0.000533191149026926	NA	NA	0.000222162978761219	NA	NA	NA	NA	NA	NA	NA	NA	NA	0.000222162978761219	NA	NA	NA	NA	NA	NA	NA	NA	NA	NA	NA	NA	NA	NA	0.000399893361770195	NA	NA	NA	NA	NA	NA	NA	NA	NA	NA	NA	NA	NA	NA	NA	NA	NA	NA	NA	NA	NA	NA	0.000222162978761219	NA	NA	NA	NA	NA	NA	NA	NA	NA	NA	NA	NA	NA	NA	NA	NA	NA	0.000311028170265707	NA	NA	NA	NA	NA
NW051-2	0.158459304244505	0.0331705063040465	0.0604990428411116	0.411512311043633	0.000693115057099478	0.0215525777279028	0.00990164367284969	0.0445243910489141	0.00188131229784144	0.0122120271965146	NA	0.00600699716152881	0.0120469998019671	0.00217836160802693	NA	0.0355138953066209	NA	0.000891147930556472	0.00521486566770084	0.0251501749290382	NA	0.00125420819856096	0.00244240543930292	0.0264043831275992	NA	0.00125420819856096	0.00930754505247871	0.033467555614232	0.00425770677932537	NA	NA	0.016865799722754	NA	0.00125420819856096	0.0032015314542214	NA	0.000495082183642485	NA	NA	NA	NA	0.000231038352366493	NA	0.00198032873456994	0.00297049310185491	0.000132021915637996	0.000726120536008977	NA	0.000561093141461483	0.00402666842695888	NA	0.000495082183642485	NA	0.00283847118621691	0.00118819724074196	NA	NA	NA	NA	0.00537989306224833	0.00115519176183246	NA	NA	NA	0.00217836160802693	NA	NA	0.0032345369331309	NA	0.000363060268004489	NA	NA	NA	NA	0.000594098620370982	NA	NA	0.00237639448148393	NA	NA	0.00392765199023038	NA	NA	NA	6.6010957818998e-05	0.00504983827315334	NA	NA	NA	NA	NA	NA	0.000693115057099478	NA	NA	0.000594098620370982	0.000528087662551984	0.0031025150174929	0.0031355204964024	NA	NA	NA	NA	NA	NA	NA	NA	0.00151825202983695	NA	0.000462076704732986	0.00283847118621691	NA	NA	0.00244240543930292	NA	NA	NA	NA	NA	NA	NA	NA	NA	0.000825136972737474	NA	NA	0.000363060268004489	NA	NA	0.000660109578189979	NA	NA	NA	0.00033005478909499	NA	NA	NA	NA	NA	NA	NA	NA	NA	NA	NA	NA	NA	0.000363060268004489	NA	NA	NA	NA	NA	NA	0.000165027394547495	NA	NA	NA	NA	NA	NA	NA	NA	NA	NA	NA	NA	NA	NA	NA	NA	NA	NA	NA	NA	NA	NA	0.000429071225823487	NA	NA	NA	NA	NA	NA	NA	NA	NA	0.000462076704732986	NA	NA	NA	NA	NA	NA	NA	NA	NA	NA	NA	NA	NA
NW051-3	0.128919953938031	0.0325915213840015	0.0555153852333896	0.454861947992823	0.00104442837631558	0.0382153664872392	0.0143006346910902	0.0438659918052543	0.00211563696740848	0.0083286467957473	NA	0.00573096596234702	0.0111405693473662	0.00125867009453416	NA	0.0398757398034332	NA	0.00115154923542487	0.00447229586781286	0.02980637904716	NA	0.000508824080769128	0.000990867946760933	0.028895851744731	NA	0.00211563696740848	0.00495433973380466	0.0256018853271203	0.00222275782651777	NA	NA	0.00886425109129375	NA	0.000348142792105193	0.00246377975951367	NA	NA	NA	NA	NA	NA	NA	NA	0.00270480169250957	0.00158003267186203	0.000267802147773225	0.000803406443319675	NA	0.00053560429554645	0.00294582362550548	NA	NA	NA	0.00377601028360247	0.00085696687287432	NA	NA	NA	NA	0.00211563696740848	0.000562384510323773	NA	NA	NA	0.00120510966497951	NA	NA	0.00251734018906832	NA	0.000294582362550548	NA	NA	NA	0.000133901073886613	0.000348142792105193	NA	NA	0.00222275782651777	NA	NA	0.00310650491416941	NA	NA	NA	0.000187461503441258	0.00540960338501915	NA	NA	NA	NA	NA	NA	NA	NA	NA	0.000508824080769128	0.000294582362550548	0.00366888942449318	0.00147291181275274	NA	NA	NA	NA	NA	NA	0.00021424171821858	NA	0.000508824080769128	NA	0.000910527302428966	0.00316006534372406	NA	NA	0.00257090061862296	NA	NA	NA	NA	NA	NA	NA	NA	0.000374923006882515	0.00128545030931148	NA	NA	0.000669505369433063	NA	NA	0.00101764816153826	0.000267802147773225	NA	NA	0.000187461503441258	NA	NA	NA	NA	NA	0.00032136257732787	NA	NA	NA	NA	NA	NA	0.000267802147773225	0.00021424171821858	NA	NA	NA	NA	NA	NA	NA	NA	NA	NA	NA	NA	NA	NA	NA	NA	NA	NA	NA	NA	NA	NA	NA	NA	NA	NA	NA	NA	NA	0.000348142792105193	NA	NA	NA	NA	NA	NA	NA	NA	NA	NA	NA	NA	NA	NA	NA	NA	NA	NA	NA	NA	NA	NA	NA
NW051-5	0.216448679791388	0.0272506348469541	0.0543374382218824	0.378232258416842	0.000982988832154657	0.0217076700434153	0.0138164541408405	0.0395653004942249	0.000819157360128881	0.0124238866286214	NA	0.0155912950877864	0.0125331076099719	0.00172023045627065	NA	0.0281790131884335	NA	0.00237555634437375	0.00513338612347432	0.0113043715697786	NA	0.0018567566829588	0.00349507140321656	0.0183218196215493	NA	0.0029762717418016	0.00873767850804139	0.0371078284138383	0.00658056412636868	NA	NA	0.0232913742729978	NA	0.00136526226688147	0.00128334653086858	NA	NA	0.000300357698713923	NA	NA	NA	0.00136526226688147	NA	0.00278513502443819	0.00253938781639953	0.000982988832154657	NA	NA	0.00114682030418043	0.00281244026977582	NA	0.000218441962701035	NA	0.00316740845916501	0.00275782977910057	NA	0.000655325888103105	NA	NA	0.00395926057395626	0.000354968189389182	NA	NA	0.000327662944051552	0.00294896649646397	NA	NA	0.00212980913633509	NA	0.000518799661414958	NA	NA	NA	8.19157360128881e-05	NA	0.000791852114791251	NA	0.000628020642765475	NA	NA	0.00606176446495372	0.000218441962701035	NA	NA	0.000136526226688147	0.00286705076045108	NA	NA	NA	NA	0.000163831472025776	NA	NA	NA	NA	0.000273052453376294	0.000464189170739699	0.00166561996559539	0.0034404609125413	NA	NA	NA	NA	NA	NA	NA	NA	0.00125604128553095	NA	0.000546104906752587	0.00120143079485569	NA	NA	0.000600715397427846	NA	NA	NA	NA	NA	NA	NA	NA	0.000273052453376294	0.00040957868006444	NA	NA	0.000218441962701035	NA	NA	0.00040957868006444	NA	NA	NA	0.000163831472025776	NA	NA	NA	NA	NA	0.000109220981350517	NA	NA	NA	NA	NA	NA	NA	0.000655325888103105	NA	NA	NA	NA	NA	NA	NA	NA	NA	NA	NA	NA	NA	NA	NA	NA	NA	NA	NA	NA	NA	NA	NA	NA	NA	NA	NA	NA	NA	0.000464189170739699	NA	NA	NA	NA	NA	NA	NA	NA	NA	0.000491494416077328	NA	NA	NA	NA	NA	NA	NA	NA	NA	NA	NA	NA	NA
NW051-6	0.295523737037389	0.0278755589382552	0.0492341356673961	0.318904005327752	0.00066596898487299	0.0239035296356198	0.015483778898297	0.0387213395490439	0.00116544572352773	0.00937113500142708	NA	0.0139853486823328	0.02116829987632	0.0017362762819903	NA	0.00991818095328703	NA	0.00432879840167444	0.00221196841404243	0.011369041956046	NA	0.00154599942916944	0.0028065835791076	0.0105127961183522	0.000689753591475597	0.00306821425173628	0.00768242793264199	0.0441680144610408	0.0069926743411664	NA	NA	0.0166254400152221	NA	0.00135572257634859	0.00185519931500333	NA	0.000428122918846922	NA	NA	0.000570830558462563	0.000142707639615641	0.00123679954333555	NA	0.00168870706878508	0.00482827514032918	0.000475692132052136	0.000285415279231282	NA	0.000570830558462563	0.00325849110455713	NA	0.000166492246218248	0.000998953477309485	0.00221196841404243	0.00206926077442679	0.000570830558462563	0.000332984492436495	NA	NA	0.00642184378270383	0.000903815050899058	NA	NA	0.000237846066026068	0.00278279897250499	NA	NA	0.00259252211968414	NA	0.000237846066026068	NA	0.000332984492436495	NA	NA	NA	0.000428122918846922	NA	0.000261630672628675	NA	0.000380553705641709	0.00371039863000666	NA	NA	NA	4.75692132052136e-05	0.00401959851584055	NA	NA	NA	NA	NA	NA	NA	NA	NA	0.000380553705641709	0.000951384264104272	0.000832461231091238	0.00639805917610123	NA	NA	NA	NA	NA	NA	NA	NA	0.000713538198078204	0.000428122918846922	0.000475692132052136	0.000618399771667777	NA	NA	0.000523261345257349	NA	NA	NA	NA	NA	NA	NA	NA	0.000142707639615641	0.000523261345257349	NA	NA	0.000142707639615641	NA	NA	0.000451907525449529	NA	NA	NA	0.000380553705641709	NA	NA	NA	NA	NA	9.51384264104272e-05	NA	NA	NA	NA	NA	NA	NA	0.000428122918846922	NA	NA	NA	NA	NA	NA	0.000190276852820854	NA	NA	NA	NA	NA	NA	NA	NA	NA	NA	NA	NA	NA	NA	NA	NA	NA	NA	NA	NA	NA	NA	0.000570830558462563	NA	NA	NA	NA	NA	0.000166492246218248	NA	NA	NA	0.000285415279231282	NA	NA	NA	NA	NA	NA	NA	0.000237846066026068	NA	NA	NA	NA	NA
NW052-1	0.199370471552441	0.103159520133032	NA	0.00112840004751158	0.000890842142772301	NA	0.0699014134695332	0.104584867561468	0.0574890129469058	0.00890842142772301	NA	0.102803183275924	0.0014847369046205	0.0162727164746407	NA	5.938947618482e-05	0.00973987409431049	NA	0.00433543176149186	0.00629528447559093	0.0451953913766481	0.0266064853307994	0.00623589499940611	0.0270222116640931	0.0213208219503504	0.00481054757097042	0.0119372847131488	0.0169853901888585	0.0100962109514194	NA	NA	NA	0.00261313695213208	NA	0.00160351585699014	0.0020786316664687	0.0320703171398028	0.0181731797125549	0.00142534742843568	0.00647345290414539	0.00308825276161064	NA	NA	NA	NA	0.00421665280912222	0.000653284238033021	0.00878964247535337	0.0112840004751158	NA	NA	0.00439482123767668	0.00641406342796057	0.0005938947618482	0.0047511580947856	0.00201924219028388	0.000712673714217841	NA	0.000950231618957121	NA	0.00498871599952488	NA	0.00106901057132676	0.00195985271409906	NA	NA	0.0038603159520133	NA	0.00368214752345884	NA	NA	NA	NA	NA	NA	0.0017816842855446	0.000831452666587481	NA	NA	NA	NA	0.00291008433305618	NA	NA	0.00112840004751158	NA	NA	NA	NA	NA	NA	NA	NA	0.00231618957120798	NA	NA	0.000831452666587481	NA	NA	NA	NA	NA	NA	0.000831452666587481	NA	NA	NA	NA	NA	NA	NA	NA	NA	NA	NA	NA	NA	NA	0.0005938947618482	NA	NA	0.000712673714217841	NA	NA	NA	NA	NA	NA	NA	NA	NA	NA	0.0023755790473928	NA	NA	NA	NA	NA	NA	NA	NA	NA	NA	0.00023755790473928	NA	NA	NA	NA	NA	NA	NA	NA	NA	NA	NA	NA	NA	NA	NA	NA	0.000950231618957121	NA	NA	NA	NA	NA	NA	NA	NA	NA	NA	NA	NA	NA	NA	NA	NA	NA	NA	NA	NA	NA	NA	NA	NA	NA	NA	NA	NA	NA	NA	NA	NA	NA	NA	NA	NA	NA	NA	NA	NA
NW052-2	0.114210985178727	0.142109851787271	NA	0.000290613193839	NA	NA	0.128886951467597	0.0307323452484743	0.0941586748038361	0.010752688172043	NA	0.0332025573961058	0.00486777099680325	0.029933158965417	NA	0.0036326649229875	NA	NA	0.0018889857599535	0.003777971519907	0.00704736995059576	0.0542720139494333	0.0115518744551003	0.0030514385353095	0.12205754141238	0.00399593141528625	0.00741063644289451	0.0125690206335368	0.0173641383318803	NA	NA	NA	0.00356001162452775	NA	0.0027608253414705	0.0039232781168265	0.0463528044173205	0.00813716942749201	0.00290613193839	0.00356001162452775	0.00682941005521651	NA	NA	NA	NA	0.0036326649229875	NA	0.0202702702702703	0.0103167683812845	NA	NA	0.00181633246149375	0.00857308921825051	0.00326939843068875	0.0021795989537925	0.00595757047369951	0.0010171461784365	NA	NA	NA	0.000508573089218251	NA	0.00108979947689625	NA	NA	NA	0.00537634408602151	0.000871839581517001	NA	NA	NA	NA	NA	NA	NA	0.004649811101424	0.0021795989537925	NA	NA	NA	NA	0.00312409183376925	NA	NA	0.000799186283057251	NA	NA	NA	NA	NA	NA	NA	NA	0.00312409183376925	NA	NA	NA	NA	NA	NA	NA	NA	NA	NA	NA	NA	NA	NA	NA	NA	NA	NA	NA	NA	NA	NA	NA	NA	0.001453065969195	NA	0.000726532984597501	0.000508573089218251	NA	NA	NA	0.000581226387678001	NA	NA	NA	NA	NA	NA	0.0021795989537925	NA	NA	NA	NA	NA	NA	NA	NA	NA	NA	NA	NA	NA	NA	NA	NA	NA	NA	NA	NA	NA	NA	NA	NA	NA	NA	NA	NA	NA	NA	NA	NA	NA	NA	NA	NA	NA	NA	NA	NA	NA	NA	NA	NA	NA	NA	NA	NA	NA	NA	NA	NA	NA	NA	NA	NA	NA	NA	NA	NA	NA	NA	NA	NA	NA	NA	NA	NA
NW052-4	0.325375773651636	0.120247568523431	NA	NA	NA	NA	0.026525198938992	0.00884173297966401	0.0583554376657825	0.0645446507515473	NA	0.0751547303271441	NA	0.0503978779840849	NA	NA	NA	NA	NA	NA	0.00972590627763042	NA	0.00707338638373121	NA	NA	NA	NA	0.0539345711759505	NA	NA	NA	NA	NA	NA	NA	0.0627763041556145	0.0530503978779841	0.0141467727674624	NA	NA	NA	NA	NA	NA	NA	NA	NA	NA	NA	NA	NA	NA	0.0150309460654288	NA	NA	NA	NA	NA	0.0159151193633952	NA	NA	NA	NA	NA	NA	NA	0.0229885057471264	NA	0.0150309460654288	NA	NA	NA	NA	NA	NA	NA	NA	NA	NA	NA	NA	NA	NA	NA	NA	NA	NA	NA	NA	NA	NA	NA	NA	NA	NA	NA	NA	NA	NA	NA	NA	NA	NA	NA	NA	NA	NA	NA	NA	NA	NA	NA	NA	NA	NA	NA	NA	NA	NA	NA	NA	NA	NA	NA	NA	NA	NA	NA	NA	NA	NA	NA	NA	NA	NA	NA	NA	NA	NA	NA	NA	NA	NA	0.000884173297966401	NA	NA	NA	NA	NA	NA	NA	NA	NA	NA	NA	NA	NA	NA	NA	NA	NA	NA	NA	NA	NA	NA	NA	NA	NA	NA	NA	NA	NA	NA	NA	NA	NA	NA	NA	NA	NA	NA	NA	NA	NA	NA	NA	NA	NA	NA	NA	NA	NA	NA	NA	NA	NA	NA	NA	NA	NA
NW053-1	0.158946301925025	0.0811347517730496	0.0172239108409321	NA	0.274812563323202	0.00137791286727457	0.0598986828774063	0.0378115501519757	0.0535359675785208	0.0229381965552178	NA	0.10289766970618	0.000364741641337386	0.0345288753799392	NA	0.00105369807497467	NA	NA	0.0125227963525836	0.00271529888551165	0.00972644376899696	0.00798378926038501	0.0130091185410334	0.0025531914893617	8.10536980749747e-05	0.00259371833839919	0.00506585612968592	0.00328267477203647	0.00591691995947315	NA	NA	0.0028774062816616	NA	NA	0.00688956433637285	NA	0.000567375886524823	0.00413373860182371	0.000810536980749747	0.000405268490374873	0.00182370820668693	0.000729483282674772	NA	0.00105369807497467	NA	0.0171023302938197	0.00141843971631206	NA	NA	0.00490374873353597	NA	0.000729483282674772	0.00129685916919959	0.000851063829787234	NA	0.00162107396149949	0.00405268490374873	NA	0.00534954407294833	NA	0.0041742654508612	NA	NA	0.000810536980749747	NA	NA	0.000688956433637285	NA	NA	NA	NA	0.000729483282674772	NA	NA	NA	0.000567375886524823	NA	NA	NA	NA	NA	0.000405268490374873	0.0032016210739615	NA	NA	0.00445795339412361	NA	NA	0.00259371833839919	NA	NA	NA	0.000283687943262411	NA	NA	NA	0.000526849037487335	NA	NA	NA	NA	NA	NA	0.000770010131712259	NA	0.00202634245187437	NA	NA	NA	NA	NA	NA	NA	NA	NA	NA	0.00466058763931104	NA	0.00121580547112462	NA	NA	NA	0.000283687943262411	NA	0.00170212765957447	NA	NA	NA	NA	NA	NA	NA	NA	NA	NA	NA	NA	NA	NA	NA	NA	NA	NA	NA	0.00105369807497467	NA	NA	NA	NA	NA	NA	NA	NA	NA	NA	NA	NA	NA	NA	NA	NA	NA	NA	NA	NA	0.000932117527862209	NA	NA	NA	NA	NA	NA	NA	NA	NA	NA	NA	NA	NA	NA	NA	NA	NA	0.000324214792299899	NA	NA	NA	NA	NA	NA	NA	NA	NA	NA	NA	NA	NA	NA	NA	NA	NA
NW053-2	0.0810604539064069	0.0572002410122515	0.00767222333801968	NA	0.359750954006829	0.00309299056035348	0.0467563767824864	0.0181562562763607	0.0148624221731271	0.00530226953203454	NA	0.27961438039767	0.000923880297248443	0.0077123920465957	NA	0.00293231572604941	NA	NA	0.00935930909821249	0.002088772845953	0.00546294436633862	0.0058244627435228	0.00498091986342639	0.0077123920465957	0.000843542880096405	0.000883711588672424	0.0161879895561358	0.00224944768025708	0.00329383410323358	NA	NA	0.000321349668608154	NA	NA	0.00530226953203454	0.000682868045792328	NA	0.00196826672022494	NA	NA	NA	NA	NA	0.000321349668608154	NA	0.0139787105844547	0.000642699337216309	NA	NA	0.00365535248041775	NA	0.000763205462944366	NA	NA	NA	0.0010443864229765	NA	NA	0.00309299056035348	NA	0.00614581241213095	NA	NA	0.000522193211488251	NA	NA	NA	0.000803374171520386	NA	NA	NA	NA	NA	NA	NA	NA	NA	NA	NA	NA	NA	0.000401687085760193	0.000763205462944366	NA	NA	0.00931914038963647	NA	NA	NA	NA	NA	NA	NA	NA	NA	NA	NA	NA	NA	NA	NA	NA	NA	NA	0.000120506125728058	0.00132556738300864	NA	NA	NA	NA	NA	NA	NA	NA	NA	NA	0.00196826672022494	NA	NA	NA	NA	NA	NA	NA	0.00200843542880096	NA	NA	0.000321349668608154	NA	NA	NA	NA	NA	NA	NA	NA	NA	NA	NA	NA	NA	NA	NA	NA	0.000401687085760193	NA	NA	NA	NA	NA	NA	NA	NA	NA	NA	NA	NA	NA	NA	NA	NA	NA	NA	NA	NA	0.000200843542880096	NA	NA	NA	NA	NA	NA	NA	NA	NA	NA	NA	NA	NA	NA	NA	NA	NA	NA	NA	NA	NA	NA	NA	NA	NA	NA	NA	NA	NA	NA	NA	NA	NA	NA	NA
NW053-3	0.178079416531605	0.0653160453808752	0.0491491085899514	NA	0.427836304700162	NA	0.0115072933549433	0.0275526742301459	0.0250405186385737	0.00729335494327391	NA	0.132293354943274	0.000283630470016207	0.0129254457050243	NA	0.000243111831442464	NA	NA	0.00303889789303079	0.000324149108589951	0.006645056726094	0.000769854132901134	0.00263371150729335	0.00162074554294976	NA	0.00214748784440843	0.00518638573743922	0.00283630470016207	0.00218800648298217	NA	NA	0.00125607779578606	NA	NA	0.00210696920583468	0.00186385737439222	NA	0.00210696920583468	NA	NA	8.10372771474878e-05	0.000769854132901134	NA	0.0010129659643436	NA	0.00619935170178282	NA	NA	NA	0.00235008103727715	NA	0.000324149108589951	0.000607779578606159	NA	NA	0.000850891410048622	NA	NA	0.000729335494327391	NA	0.0049837925445705	NA	NA	0.000688816855753647	NA	NA	NA	NA	NA	NA	NA	NA	NA	NA	NA	NA	NA	0.000121555915721232	NA	NA	NA	NA	NA	NA	NA	0.00445705024311183	NA	NA	0.000729335494327391	NA	NA	NA	0.000364667747163695	NA	NA	NA	NA	NA	NA	NA	NA	NA	NA	NA	NA	0.000729335494327391	NA	NA	NA	NA	NA	NA	NA	NA	NA	NA	NA	NA	0.00020259319286872	NA	NA	0.000283630470016207	NA	NA	0.000648298217179903	NA	NA	NA	NA	NA	NA	NA	NA	NA	NA	NA	NA	NA	NA	NA	NA	NA	NA	NA	0.000729335494327391	NA	NA	NA	NA	NA	NA	NA	NA	NA	NA	NA	NA	0.000283630470016207	NA	NA	NA	NA	NA	NA	NA	0.000607779578606159	NA	NA	NA	NA	NA	NA	NA	NA	NA	NA	NA	NA	NA	NA	NA	NA	NA	NA	NA	NA	NA	NA	NA	NA	NA	NA	NA	NA	NA	NA	NA	NA	NA	NA	NA
NW053-4	0.19306293521666	0.0547176660836276	0.0193392957328141	NA	0.332728292795617	0.00184812382429623	0.040889739612554	0.0186792515098512	0.0522425002475166	0.0227385234810732	NA	0.12270222104881	0.000726048645259232	0.0366324543744431	NA	0.00118807960133329	NA	NA	0.006963466552259	0.00102306854559255	0.00412527639351837	0.00452130292729613	0.0053463582059998	0.00155110392396291	0.00356423880399987	0.00194713045774067	0.00270618131414805	0.00303620342562952	0.00475231840533316	NA	NA	0.00148509950166661	NA	NA	0.00240916141381473	0.0118807960133329	0.000891059700999967	0.00257417246955546	0.000330022111481469	NA	0.00115507739018514	0.000495033167222204	NA	0.000561037589518498	NA	0.0108907296788885	NA	NA	NA	0.0096366456552589	NA	NA	0.00128708623477773	NA	NA	0.0016171083462592	0.000627042011814792	NA	0.00122108181248144	NA	0.00382825649318504	NA	NA	0.000627042011814792	NA	NA	0.000330022111481469	NA	NA	NA	NA	NA	NA	NA	NA	0.000495033167222204	NA	NA	NA	NA	NA	0.000924061912148114	0.00234315699151843	NA	NA	0.00264017689185175	NA	NA	0.00125408402362958	NA	NA	NA	NA	NA	0.000561037589518498	NA	NA	NA	NA	NA	NA	NA	NA	0.000198013266888882	NA	0.000693046434111085	NA	NA	NA	NA	NA	NA	NA	NA	NA	NA	NA	NA	NA	NA	0.000231015478037028	9.90066334444408e-05	NA	NA	0.000957064123296261	NA	NA	NA	NA	NA	NA	NA	NA	NA	NA	NA	NA	NA	NA	NA	NA	NA	NA	NA	0.000495033167222204	NA	NA	NA	NA	NA	NA	NA	NA	NA	NA	NA	NA	0.000231015478037028	NA	NA	NA	NA	NA	NA	NA	NA	NA	NA	NA	NA	NA	NA	NA	NA	NA	NA	NA	NA	NA	NA	NA	NA	NA	NA	NA	NA	NA	NA	NA	NA	NA	NA	NA	NA	NA	NA	NA	NA	NA	NA	NA
NW053-5	0.356026670519993	0.0492124765187953	0.0424003467993312	NA	0.269182338005491	0.00136242594389282	0.0224387424395682	0.0383337117849844	0.0647152323349091	0.0174431806452945	NA	0.0416778481927213	8.25712693268377e-05	0.010940693185806	NA	0.000433499163965898	NA	NA	0.00142435439588795	0.000474784798629317	0.00627541646883967	0.00179592510785872	0.00367442148504428	0.00208492455050265	0.00243585244514171	0.00247713807980513	0.0021881386371612	0.00307577978242471	0.0026216378011271	0.000288999442643932	NA	NA	NA	NA	0.00652313027682018	0.0108994075511426	0.00125921185723428	0.0015275684825465	0.000123856903990257	NA	0.000288999442643932	0.000908283962595215	NA	0.00140371157855624	NA	0.00648184464215676	NA	NA	NA	0.0130875461883038	NA	0.000185785355985385	0.000165142538653675	0.000288999442643932	NA	NA	0.000701855789278121	NA	0.000887641145263506	NA	0.00365377866771257	NA	NA	0.00107342650124889	NA	NA	NA	NA	NA	NA	NA	NA	NA	NA	NA	0.000123856903990257	NA	NA	NA	NA	NA	0.000268356625312223	0.000825712693268377	NA	NA	0.00150692566521479	NA	NA	NA	NA	NA	NA	0.000206428173317094	NA	NA	NA	NA	NA	NA	NA	NA	NA	NA	0.000165142538653675	NA	0.000825712693268377	NA	NA	NA	NA	NA	NA	NA	NA	NA	NA	0.000247713807980513	NA	0.00037157071197077	NA	NA	6.19284519951283e-05	NA	NA	0.000639927337282992	NA	NA	0.000227070990648804	NA	NA	NA	NA	NA	NA	NA	NA	NA	NA	NA	NA	NA	NA	NA	NA	0.000433499163965898	NA	NA	NA	NA	NA	NA	NA	NA	NA	NA	NA	NA	0.000185785355985385	NA	NA	NA	NA	NA	NA	NA	0.00123856903990257	NA	NA	NA	NA	NA	NA	NA	NA	NA	NA	NA	NA	NA	NA	NA	NA	NA	0.000144499721321966	NA	NA	NA	NA	NA	NA	NA	NA	NA	NA	NA	NA	NA	NA	NA	NA	NA
