"feature"	"metadata"	"value"	"name"	"coef"	"null_hypothesis"	"stderr"	"pval_individual"	"qval_individual"	"pval_joint"	"qval_joint"	"error"	"model"	"N"	"N_not_zero"
"DTDPRHAMSYN-PWY: dTDP-&beta;-L-rhamnose biosynthesis"	"Age"	"Age"	"Age"	-0.127390235214719	0.115099219485005	0.0417536200399202	1.04484276590711e-05	0.0107669918686937	1.04484276590711e-05	0.00690743939883887	NA	"abundance"	46	46
"PWY-6123: inosine-5'-phosphate biosynthesis I"	"Age"	"Age"	"Age"	-0.142492954546306	0.115099219485005	0.0460886950558371	1.32516822999307e-05	0.0107669918686937	1.32516822999307e-05	0.00690743939883887	NA	"abundance"	46	46
"PWY-6124: inosine-5'-phosphate biosynthesis II"	"Age"	"Age"	"Age"	-0.153096885537564	0.115099219485005	0.0478749670220595	1.11750224368601e-05	0.0107669918686937	1.11750224368601e-05	0.00690743939883887	NA	"abundance"	46	46
"UNINTEGRATED"	"Age"	"Age"	"Age"	-0.00364993989414628	0.115099219485005	0.00150437281130184	1.26404230282873e-05	0.0107669918686937	1.26404230282873e-05	0.00690743939883887	NA	"abundance"	46	46
"HISTSYN-PWY: L-histidine biosynthesis"	"Age"	"Age"	"Age"	-0.121972759160755	0.115099219485005	0.0502407186264913	0.000125095887263171	0.073658566846743	0.000125095887263171	0.0472548036539874	NA	"abundance"	46	46
"NONMEVIPP-PWY: methylerythritol phosphate pathway I"	"Age"	"Age"	"Age"	-0.0764185958098875	0.115099219485005	0.0414603383508521	0.000249305918558207	0.073658566846743	0.000249305918558207	0.0472548036539874	NA	"abundance"	46	46
"PWY-3841: folate transformations II (plants)"	"Age"	"Age"	"Age"	-0.0900842524112732	0.115099219485005	0.042996337983665	0.000159123384025017	0.073658566846743	0.000159123384025017	0.0472548036539874	NA	"abundance"	46	46
"PWY-5686: UMP biosynthesis I"	"Age"	"Age"	"Age"	-0.0978068016621264	0.115099219485005	0.0465865912582212	0.000227678432850542	0.073658566846743	0.000227678432850542	0.0472548036539874	NA	"abundance"	46	46
"PWY-7221: guanosine ribonucleotides de novo biosynthesis"	"Age"	"Age"	"Age"	-0.0781929536383932	0.115099219485005	0.0414960729961265	0.000238233122677789	0.073658566846743	0.000238233122677789	0.0472548036539874	NA	"abundance"	46	46
"PWY-7790: UMP biosynthesis II"	"Age"	"Age"	"Age"	-0.0989055989101905	0.115099219485005	0.0469046596234592	0.000212018208282094	0.073658566846743	0.000212018208282094	0.0472548036539874	NA	"abundance"	46	46
"PWY-7791: UMP biosynthesis III"	"Age"	"Age"	"Age"	-0.0989055989101905	0.115099219485005	0.0469046596234592	0.000201022482906321	0.073658566846743	0.000201022482906321	0.0472548036539874	NA	"abundance"	46	46
"COA-PWY-1: superpathway of coenzyme A biosynthesis III (mammals)"	"Age"	"Age"	"Age"	-0.0881636740768073	0.115099219485005	0.0463943555704022	0.000370720340691744	0.0988312989621913	0.000370720340691744	0.0634040794880519	NA	"abundance"	46	46
"PWY-6121: 5-aminoimidazole ribonucleotide biosynthesis I"	"Age"	"Age"	"Age"	-0.0574084967237225	0.115099219485005	0.0381907071032586	0.000420860521638033	0.0988312989621913	0.000420860521638033	0.0634040794880519	NA	"abundance"	46	46
"PWY-6163: chorismate biosynthesis from 3-dehydroquinate"	"Age"	"Age"	"Age"	-0.0572563635757571	0.115099219485005	0.0381132675794855	0.000448191270975062	0.0988312989621913	0.000448191270975062	0.0634040794880519	NA	"abundance"	46	46
"PWY-6386: UDP-N-acetylmuramoyl-pentapeptide biosynthesis II (lysine-containing)"	"Age"	"Age"	"Age"	-0.0572526209736295	0.115099219485005	0.0382181215862298	0.000456144456748575	0.0988312989621913	0.000456144456748575	0.0634040794880519	NA	"abundance"	46	46
"1CMET2-PWY: folate transformations III (E. coli)"	"Age"	"Age"	"Age"	-0.0521806822684291	0.115099219485005	0.0386039719189264	0.000647321223069763	0.0988424921040689	0.000647321223069763	0.0634112603190719	NA	"abundance"	46	46
"COA-PWY: coenzyme A biosynthesis I (prokaryotic)"	"Age"	"Age"	"Age"	-0.0662573410868596	0.115099219485005	0.0417799774127598	0.000529923549908773	0.0988424921040689	0.000529923549908773	0.0634112603190719	NA	"abundance"	46	46
"PWY-5695: inosine 5'-phosphate degradation"	"Age"	"Age"	"Age"	-0.0177149444180219	0.115099219485005	0.0253704591622275	0.000486911298869686	0.0988424921040689	0.000486911298869686	0.0634112603190719	NA	"abundance"	46	46
"PWY-6385: peptidoglycan biosynthesis III (mycobacteria)"	"Age"	"Age"	"Age"	-0.0404470741806553	0.115099219485005	0.0347286163889054	0.000669087638858312	0.0988424921040689	0.000669087638858312	0.0634112603190719	NA	"abundance"	46	46
"PWY-6387: UDP-N-acetylmuramoyl-pentapeptide biosynthesis I (meso-diaminopimelate containing)"	"Age"	"Age"	"Age"	-0.0531428097272197	0.115099219485005	0.0378855471348267	0.000550494112726563	0.0988424921040689	0.000550494112726563	0.0634112603190719	NA	"abundance"	46	46
"PWY-7851: coenzyme A biosynthesis II (eukaryotic)"	"Age"	"Age"	"Age"	-0.0881507748213283	0.115099219485005	0.0491165211201703	0.000591693880862332	0.0988424921040689	0.000591693880862332	0.0634112603190719	NA	"abundance"	46	46
"PWY-7953: UDP-N-acetylmuramoyl-pentapeptide biosynthesis III (meso-diaminopimelate containing)"	"Age"	"Age"	"Age"	-0.0469936769009187	0.115099219485005	0.0368972161452952	0.000659386408836893	0.0988424921040689	0.000659386408836893	0.0634112603190719	NA	"abundance"	46	46
"PWY-841: superpathway of purine nucleotides de novo biosynthesis I"	"Age"	"Age"	"Age"	-0.0578269649923956	0.115099219485005	0.0411690094928516	0.000780442564764505	0.110279927629767	0.000780442564764505	0.0707488151101736	NA	"abundance"	46	46
"PEPTIDOGLYCANSYN-PWY: peptidoglycan biosynthesis I (meso-diaminopimelate containing)"	"Age"	"Age"	"Age"	-0.0506596321835015	0.115099219485005	0.0392250042845363	0.000818218128842529	0.110800371614093	0.000818218128842529	0.0710826999431947	NA	"abundance"	46	46
"PWY-7229: superpathway of adenosine nucleotides de novo biosynthesis I"	"Age"	"Age"	"Age"	-0.0599908834257342	0.115099219485005	0.0427818469190615	0.000905927430821185	0.117770566006754	0.000905927430821185	0.0755543477304868	NA	"abundance"	46	46
"PANTOSYN-PWY: superpathway of coenzyme A biosynthesis I (bacteria)"	"Age"	"Age"	"Age"	-0.0609623271816821	0.115099219485005	0.0434110706679148	0.000973876981622768	0.121734622702846	0.000973876981622768	0.0780974425647489	NA	"abundance"	46	46
"ARO-PWY: chorismate biosynthesis I"	"Age"	"Age"	"Age"	-0.0238132969315725	0.115099219485005	0.0320756796873135	0.0012584354558407	0.124151448601477	0.0012584354558407	0.0796479293335627	NA	"abundance"	46	46
"COMPLETE-ARO-PWY: superpathway of aromatic amino acid biosynthesis"	"Age"	"Age"	"Age"	-0.0224893036332806	0.115099219485005	0.0316273814012673	0.00124612353076992	0.124151448601477	0.00124612353076992	0.0796479293335627	NA	"abundance"	46	46
"PWY-5973: cis-vaccenate biosynthesis"	"Age"	"Age"	"Age"	-0.113800097659156	0.115099219485005	0.060885760682035	0.0011335639629465	0.124151448601477	0.0011335639629465	0.0796479293335627	NA	"abundance"	46	46
"PWY-6122: 5-aminoimidazole ribonucleotide biosynthesis II"	"Age"	"Age"	"Age"	-0.0435692526897176	0.115099219485005	0.0390921962418785	0.00126096549841281	0.124151448601477	0.00126096549841281	0.0796479293335627	NA	"abundance"	46	46
"PWY-6277: superpathway of 5-aminoimidazole ribonucleotide biosynthesis"	"Age"	"Age"	"Age"	-0.0435692526897176	0.115099219485005	0.0390921962418785	0.00127465414838701	0.124151448601477	0.00127465414838701	0.0796479293335627	NA	"abundance"	46	46
"PWY-6609: adenine and adenosine salvage III"	"Age"	"Age"	"Age"	-0.0441874943784712	0.115099219485005	0.0390660373072819	0.00126496899124673	0.124151448601477	0.00126496899124673	0.0796479293335627	NA	"abundance"	46	46
"PYRIDNUCSYN-PWY: NAD de novo biosynthesis I (from aspartate)"	"Age"	"Age"	"Age"	-0.040665918753839	0.115099219485005	0.0384269975611548	0.00129881515460006	0.124151448601477	0.00129881515460006	0.0796479293335627	NA	"abundance"	46	46
"TRNA-CHARGING-PWY: tRNA charging"	"Age"	"Age"	"Age"	-0.0490040479084399	0.115099219485005	0.0401897057586137	0.00112628126730951	0.124151448601477	0.00112628126730951	0.0796479293335627	NA	"abundance"	46	46
"PANTO-PWY: phosphopantothenate biosynthesis I"	"Age"	"Age"	"Age"	-0.0551239085014865	0.115099219485005	0.0433234360927226	0.0013479347626526	0.125165370817742	0.0013479347626526	0.080298399432305	NA	"abundance"	46	46
"PWY-5005: biotin biosynthesis II"	"TimeNW"	"TimeNW"	"TimeNW"	-0.732890117267429	-0.0144260567140095	0.196529736737874	0.00148510622670794	0.134072089911134	0.00296800691291128	0.137517653631556	NA	"abundance"	46	35
"SER-GLYSYN-PWY: superpathway of L-serine and glycine biosynthesis I"	"Age"	"Age"	"Age"	-0.032847702745274	0.115099219485005	0.0374831530091869	0.00183283427207148	0.160992199573846	0.00183283427207148	0.106151651590807	NA	"abundance"	46	46
"PWY-2942: L-lysine biosynthesis III"	"Age"	"Age"	"Age"	-0.0959791067977478	0.115099219485005	0.0595645969198694	0.00204290231755611	0.174721908738351	0.00204290231755611	0.115120306273094	NA	"abundance"	46	46
"AST-PWY: L-arginine degradation II (AST pathway)"	"Age"	"Age"	"Age"	1.04944361330549	0.115099219485005	0.257952089058816	0.00218133064241677	0.175458325513218	0.00435790308146199	0.168263480089782	NA	"abundance"	46	23
"HISDEG-PWY: L-histidine degradation I"	"Age"	"Age"	"Age"	-0.287657797384681	0.115099219485005	0.121018067238548	0.00221347426032059	0.175458325513218	0.00221347426032059	0.118335739301755	NA	"abundance"	46	46
"PWY-7199: pyrimidine deoxyribonucleosides salvage"	"Age"	"Age"	"Age"	-0.0671438827594441	0.115099219485005	0.0503367592581961	0.00218668657927823	0.175458325513218	0.00218668657927823	0.118335739301755	NA	"abundance"	46	46
"BRANCHED-CHAIN-AA-SYN-PWY: superpathway of branched chain amino acid biosynthesis"	"Age"	"Age"	"Age"	0.00117976902106906	0.115099219485005	0.0256862697604719	0.00235041413793258	0.177647580192579	0.00235041413793258	0.119527157989986	NA	"abundance"	46	46
"PWY-7228: superpathway of guanosine nucleotides de novo biosynthesis I"	"Location"	"Centre"	"LocationCentre"	0.263173724531076	-0.134762365173622	0.109984296221277	0.00230599065965409	0.177647580192579	0.00230599065965409	0.119527157989986	NA	"abundance"	46	46
"PWY-5097: L-lysine biosynthesis VI"	"Age"	"Age"	"Age"	-0.0230373459852628	0.115099219485005	0.0358943458844682	0.00260628792168149	0.192509903306019	0.00260628792168149	0.129383578969188	NA	"abundance"	46	46
"PWY-6125: superpathway of guanosine nucleotides de novo biosynthesis II"	"Location"	"Centre"	"LocationCentre"	0.291267837393917	-0.134762365173622	0.123232403046595	0.00286578843244056	0.202474182726779	0.00286578843244056	0.135799292764513	NA	"abundance"	46	46
"PWY-6703: preQ0 biosynthesis"	"Age"	"Age"	"Age"	-0.133917678603181	0.115099219485005	0.0743195726137013	0.00282371475618071	0.202474182726779	0.00282371475618071	0.135799292764513	NA	"abundance"	46	46
"HSERMETANA-PWY: L-methionine biosynthesis III"	"Age"	"Age"	"Age"	-0.0670069772728206	0.115099219485005	0.0543886720979095	0.0037881729055802	0.244936161923548	0.0037881729055802	0.163549681495388	NA	"abundance"	46	46
"PWY-6126: superpathway of adenosine nucleotides de novo biosynthesis II"	"Location"	"Centre"	"LocationCentre"	0.238584899847105	-0.134762365173622	0.108869508638656	0.00380166691323192	0.244936161923548	0.00380166691323192	0.163549681495388	NA	"abundance"	46	46
"PWY-7220: adenosine deoxyribonucleotides de novo biosynthesis II"	"Location"	"Centre"	"LocationCentre"	0.339401249538775	-0.134762365173622	0.145104021338953	0.00384361361787722	0.244936161923548	0.00384361361787722	0.163549681495388	NA	"abundance"	46	46
"PWY-7222: guanosine deoxyribonucleotides de novo biosynthesis II"	"Location"	"Centre"	"LocationCentre"	0.339401249538775	-0.134762365173622	0.145104021338953	0.00376951691413707	0.244936161923548	0.00376951691413707	0.163549681495388	NA	"abundance"	46	46
"PWY-6572: chondroitin sulfate degradation I (bacterial)"	"Location"	"Centre"	"LocationCentre"	2.19477461403745	0	0.758926373305387	0.00382862904087791	0.244936161923548	0.00764259968142316	0.248981567746364	NA	"prevalence"	46	20
"PWY-7229: superpathway of adenosine nucleotides de novo biosynthesis I"	"Location"	"Centre"	"LocationCentre"	0.179009383133258	-0.134762365173622	0.0880720087736596	0.00395060485777732	0.246547993447201	0.00395060485777732	0.164372766310003	NA	"abundance"	46	46
"PWY-7977: L-methionine biosynthesis IV"	"Age"	"Age"	"Age"	-0.0248745367558062	0.115099219485005	0.0391517112742372	0.0040206288162159	0.246547993447201	0.0040206288162159	0.164372766310003	NA	"abundance"	46	46
"HISDEG-PWY: L-histidine degradation I"	"Location"	"Centre"	"LocationCentre"	0.640658014583369	-0.134762365173622	0.249131466899245	0.00413965934134608	0.249146164062496	0.00413965934134608	0.16598441782128	NA	"abundance"	46	46
"PWY-724: superpathway of L-lysine, L-threonine and L-methionine biosynthesis II"	"Age"	"Age"	"Age"	-0.0065775375377799	0.115099219485005	0.0322037492479296	0.00428900860771464	0.253441417728592	0.00428900860771464	0.168263480089782	NA	"abundance"	46	46
"LPSSYN-PWY: superpathway of lipopolysaccharide biosynthesis"	"Sex"	"Female"	"SexFemale"	-4.36664510944456	-0.0946946073416741	0.283706253214848	0.00457915230176409	0.261092017205847	0.00913733596772543	0.288656749889508	NA	"abundance"	46	8
"PWY-6803: phosphatidylcholine acyl editing"	"Location"	"Centre"	"LocationCentre"	-2.32469275983793	-0.134762365173622	0.68685236835199	0.0045123178473967	0.261092017205847	0.00900427468243746	0.288656749889508	NA	"abundance"	46	27
"PWY-5747: 2-methylcitrate cycle II"	"Location"	"Centre"	"LocationCentre"	-3.38680447099426	-0.134762365173622	0.960179098191648	0.00490787835114403	0.266354672980743	0.00979166943237844	0.297674461570942	NA	"abundance"	46	19
"PWY-6700: queuosine biosynthesis I (de novo)"	"Age"	"Age"	"Age"	-0.0421195982273406	0.115099219485005	0.0473429723595534	0.00506359739581885	0.266354672980743	0.00506359739581885	0.191956374005133	NA	"abundance"	46	46
"PWY-5850: superpathway of menaquinol-6 biosynthesis"	"Age"	"Age"	"Age"	1.03758116492612	0	0.370321522998302	0.00508122760763263	0.266354672980743	0.0101366363412647	0.297674461570942	NA	"prevalence"	46	24
"PWY-5860: superpathway of demethylmenaquinol-6 biosynthesis I"	"Age"	"Age"	"Age"	1.03758116492612	0	0.370321522998302	0.00508122760763263	0.266354672980743	0.0101366363412647	0.297674461570942	NA	"prevalence"	46	24
"PWY-5896: superpathway of menaquinol-10 biosynthesis"	"Age"	"Age"	"Age"	1.03758116492612	0	0.370321522998302	0.00508122760763263	0.266354672980743	0.0101366363412647	0.297674461570942	NA	"prevalence"	46	24
"PWY-6126: superpathway of adenosine nucleotides de novo biosynthesis II"	"Age"	"Age"	"Age"	-0.055420077076712	0.115099219485005	0.0528844376049411	0.00535968796611241	0.276491839521672	0.00535968796611241	0.199552668024007	NA	"abundance"	46	46
"GALACTARDEG-PWY: D-galactarate degradation I"	"Age"	"Age"	"Age"	0.857322742649607	0.115099219485005	0.249840021042672	0.00565207511338817	0.277309045135475	0.011272204273689	0.30330555779697	NA	"abundance"	46	39
"GLUCARGALACTSUPER-PWY: superpathway of D-glucarate and D-galactarate degradation"	"Age"	"Age"	"Age"	0.857322742649607	0.115099219485005	0.249840021042672	0.00571519080637906	0.277309045135475	0.0113977182068048	0.30330555779697	NA	"abundance"	46	39
"PWY-6803: phosphatidylcholine acyl editing"	"Age"	"Age"	"Age"	0.993474459893673	0.115099219485005	0.283975386506529	0.00565129241526785	0.277309045135475	0.0112706477245728	0.30330555779697	NA	"abundance"	46	27
"VALSYN-PWY: L-valine biosynthesis"	"Age"	"Age"	"Age"	0.0162268527550262	0.115099219485005	0.0242855947943541	0.00571683262279288	0.277309045135475	0.00571683262279288	0.209115719623213	NA	"abundance"	46	46
"LPSSYN-PWY: superpathway of lipopolysaccharide biosynthesis"	"Age"	"Age"	"Age"	1.70995515774087	0.115099219485005	0.1199834769271	0.00584012609519624	0.278826177252431	0.0116461451175847	0.30330555779697	NA	"abundance"	46	8
"PWY-6151: S-adenosyl-L-methionine salvage I"	"Age"	"Age"	"Age"	-0.0569078339772485	0.115099219485005	0.0543237510229265	0.00591969422474392	0.278826177252431	0.00591969422474392	0.212802801010191	NA	"abundance"	46	46
"PWY-841: superpathway of purine nucleotides de novo biosynthesis I"	"Location"	"Centre"	"LocationCentre"	0.154345828859489	-0.134762365173622	0.0847517726880045	0.00610942152056471	0.28365171345479	0.00610942152056471	0.215900743565719	NA	"abundance"	46	46
"PWY0-162: superpathway of pyrimidine ribonucleotides de novo biosynthesis"	"Location"	"Centre"	"LocationCentre"	0.337707337646511	-0.134762365173622	0.155234092874787	0.0063006724814374	0.288411064291148	0.0063006724814374	0.21894836872995	NA	"abundance"	46	46
"PWY-6953: dTDP-3-acetamido-&alpha;-D-fucose biosynthesis"	"FI"	"FI"	"FI"	1.56457743073713	-0.0218447081487729	0.413415069657269	0.00643808763382792	0.290608122360288	0.012834726295275	0.32241450994757	NA	"abundance"	46	13
"ANAGLYCOLYSIS-PWY: glycolysis III (from glucose)"	"Age"	"Age"	"Age"	0.00368343925921136	0.115099219485005	0.0312055741056047	0.00703467304736827	0.305535103885123	0.00703467304736827	0.240447431209227	NA	"abundance"	46	46
"PWY-6803: phosphatidylcholine acyl editing"	"TimeNW"	"TimeNW"	"TimeNW"	-0.902103192659655	-0.0144260567140095	0.291757891898626	0.00705081008965669	0.305535103885123	0.014051906256393	0.333075118828948	NA	"abundance"	46	27
"PWY-6953: dTDP-3-acetamido-&alpha;-D-fucose biosynthesis"	"Sex"	"Female"	"SexFemale"	3.18620197044998	-0.0946946073416741	0.867544293704308	0.00697155656722659	0.305535103885123	0.0138945105334831	0.333075118828948	NA	"abundance"	46	13
"PWY66-429: fatty acid biosynthesis initiation (mitochondria)"	"Age"	"Age"	"Age"	-0.0092060414629303	0.115099219485005	0.0368330850415486	0.00724670444298736	0.30989196631196	0.00724670444298736	0.243699657477881	NA	"abundance"	46	46
"PWY0-1277: 3-phenylpropanoate and 3-(3-hydroxyphenyl)propanoate degradation"	"Location"	"Centre"	"LocationCentre"	-3.00569866081546	-0.134762365173622	0.804132901286072	0.00736568076088384	0.310889123024318	0.0146771082686964	0.343840120676765	NA	"abundance"	46	14
"PWY-7228: superpathway of guanosine nucleotides de novo biosynthesis I"	"Age"	"Age"	"Age"	-0.0494426299746169	0.115099219485005	0.0534259566683876	0.00758855500128908	0.316189791720378	0.00758855500128908	0.248981567746364	NA	"abundance"	46	46
"KDO-NAGLIPASYN-PWY: superpathway of (Kdo)2-lipid A biosynthesis"	"Age"	"Age"	"Age"	1.1274970284276	0.115099219485005	0.327481151032699	0.00946474825113452	0.389372554635281	0.0188399150428117	0.409179404836067	NA	"abundance"	46	18
"PWY-5030: L-histidine degradation III"	"Age"	"Age"	"Age"	-0.326477494865671	0.115099219485005	0.16076592701955	0.00967636950900452	0.39068739222134	0.00967636950900452	0.297674461570942	NA	"abundance"	46	46
"PWY-5747: 2-methylcitrate cycle II"	"Age"	"Age"	"Age"	1.34313443519631	0.115099219485005	0.405083203537939	0.00973713192920878	0.39068739222134	0.0193794521202107	0.416558326501437	NA	"abundance"	46	19
"LPSSYN-PWY: superpathway of lipopolysaccharide biosynthesis"	"Location"	"Centre"	"LocationCentre"	-3.32406825643516	-0.134762365173622	0.32588727119679	0.0105399588889366	0.402627273747503	0.0209688270444926	0.440512111352871	NA	"abundance"	46	8
"PWY-3001: superpathway of L-isoleucine biosynthesis I"	"Age"	"Age"	"Age"	0.00708525704242885	0.115099219485005	0.0325720597718759	0.0105739816259394	0.402627273747503	0.0105739816259394	0.30307303461412	NA	"abundance"	46	46
"PWY-6572: chondroitin sulfate degradation I (bacterial)"	"Age"	"Age"	"Age"	-0.57453852556878	0.115099219485005	0.233127726410396	0.0106202342889645	0.402627273747503	0.0211276792015766	0.440512111352871	NA	"abundance"	46	20
"PWY-7197: pyrimidine deoxyribonucleotide phosphorylation"	"Age"	"Age"	"Age"	-0.0779909403867931	0.115099219485005	0.0683066749071723	0.0108414259459613	0.402627273747503	0.0108414259459613	0.30307303461412	NA	"abundance"	46	46
"RIBOSYN2-PWY: flavin biosynthesis I (bacteria and plants)"	"Age"	"Age"	"Age"	-0.0576075688733234	0.115099219485005	0.0601973851302999	0.0109019077199324	0.402627273747503	0.0109019077199324	0.30307303461412	NA	"abundance"	46	46
"TCA-GLYOX-BYPASS: superpathway of glyoxylate bypass and TCA"	"Age"	"Age"	"Age"	0.69185405067204	0.115099219485005	0.201873960554433	0.0105269339032602	0.402627273747503	0.0209430514691168	0.440512111352871	NA	"abundance"	46	25
"UNINTEGRATED"	"Location"	"Centre"	"LocationCentre"	0.00716893574502324	-0.134762365173622	0.00309694753680206	0.0108092664551043	0.402627273747503	0.0108092664551043	0.30307303461412	NA	"abundance"	46	46
"PWY-7197: pyrimidine deoxyribonucleotide phosphorylation"	"Location"	"Centre"	"LocationCentre"	0.262507786510146	-0.134762365173622	0.140618194513795	0.0116340442625904	0.424838694982234	0.0116340442625904	0.30330555779697	NA	"abundance"	46	46
"PWY-7663: gondoate biosynthesis (anaerobic)"	"Age"	"Age"	"Age"	-0.0504743283634784	0.115099219485005	0.057993421969353	0.0117830936122564	0.425500602664814	0.0117830936122564	0.30330555779697	NA	"abundance"	46	46
"ILEUSYN-PWY: L-isoleucine biosynthesis I (from threonine)"	"Age"	"Age"	"Age"	0.020920290775812	0.115099219485005	0.0267586592500838	0.0120119534162364	0.428998336294157	0.0120119534162364	0.305425888693328	NA	"abundance"	46	46
"PWY-6612: superpathway of tetrahydrofolate biosynthesis"	"Location"	"Centre"	"LocationCentre"	-1.29311330513685	-0.134762365173622	0.431767321295959	0.0124890199248533	0.439285541861515	0.0248220642310232	0.496083780115865	NA	"abundance"	46	35
"PWY0-1338: polymyxin resistance"	"Age"	"Age"	"Age"	0.712034832130849	0.115099219485005	0.209319315639147	0.0125703247363449	0.439285541861515	0.0249826364087126	0.496083780115865	NA	"abundance"	46	21
"LPSSYN-PWY: superpathway of lipopolysaccharide biosynthesis"	"TimeNW"	"TimeNW"	"TimeNW"	-3.70909525932086	-0.0144260567140095	0.434682891337035	0.0137998972984661	0.468925952783465	0.027409357431484	0.529152872635594	NA	"abundance"	46	8
"PWY-6527: stachyose degradation"	"Location"	"Centre"	"LocationCentre"	-0.685479630362217	-0.134762365173622	0.207199966074921	0.0138513512206808	0.468925952783465	0.0138513512206808	0.333075118828948	NA	"abundance"	46	46
"THRESYN-PWY: superpathway of L-threonine biosynthesis"	"Age"	"Age"	"Age"	0.00509157765428575	0.115099219485005	0.0355452177746825	0.013658574086108	0.468925952783465	0.013658574086108	0.333075118828948	NA	"abundance"	46	46
"PWY-7208: superpathway of pyrimidine nucleobases salvage"	"Location"	"Centre"	"LocationCentre"	0.232089206056783	-0.134762365173622	0.132567393707872	0.0140578467419412	0.471010328982567	0.0140578467419412	0.333075118828948	NA	"abundance"	46	46
"KDO-NAGLIPASYN-PWY: superpathway of (Kdo)2-lipid A biosynthesis"	"Sex"	"Female"	"SexFemale"	-2.41457932547784	-0.0946946073416741	0.808291663896072	0.0143249314334876	0.475061501620761	0.028444659206401	0.544101967388496	NA	"abundance"	46	18
"FOLSYN-PWY: superpathway of tetrahydrofolate biosynthesis and salvage"	"Location"	"Centre"	"LocationCentre"	-1.21878513308604	-0.134762365173622	0.413593960945461	0.0145061175229495	0.476210928783696	0.0288018076003094	0.545925171333137	NA	"abundance"	46	35
"PWY0-42: 2-methylcitrate cycle I"	"Age"	"Age"	"Age"	0.988119591830847	0.115099219485005	0.323572801985062	0.0148960379420275	0.484121233115895	0.0295701839376848	0.555439941532187	NA	"abundance"	46	24
"PWY-2941: L-lysine biosynthesis II"	"Age"	"Age"	"Age"	-0.249843340065983	0.115099219485005	0.142176317481278	0.0152661732644679	0.486422187348241	0.0152661732644679	0.349779903916654	NA	"abundance"	46	46
"PWY-6125: superpathway of guanosine nucleotides de novo biosynthesis II"	"Age"	"Age"	"Age"	-0.0482895440158665	0.115099219485005	0.0598613552253195	0.0152284869686765	0.486422187348241	0.0152284869686765	0.349779903916654	NA	"abundance"	46	46
"PWY-6270: isoprene biosynthesis I"	"Age"	"Age"	"Age"	-0.0248719358146773	0.115099219485005	0.0499954420115223	0.0157210502595209	0.496052556732454	0.0157210502595209	0.35627265304607	NA	"abundance"	46	46
"PWY-7242: D-fructuronate degradation"	"Sex"	"Female"	"SexFemale"	0.470877831443075	-0.0946946073416741	0.21611387299536	0.0158912981934218	0.496603068544432	0.0158912981934218	0.35627265304607	NA	"abundance"	46	46
"UBISYN-PWY: superpathway of ubiquinol-8 biosynthesis (early decarboxylation)"	"FI"	"FI"	"FI"	1.03022219608034	0	0.428032701192848	0.0160895741884063	0.498010629641149	0.0319202739792485	0.588971426962239	NA	"prevalence"	46	8
"COBALSYN-PWY: superpathway of adenosylcobalamin salvage from cobinamide I"	"Location"	"Centre"	"LocationCentre"	-0.567768383404124	-0.134762365173622	0.165612764697255	0.0170056453599993	0.521399503962242	0.0170056453599993	0.377199686974452	NA	"abundance"	46	46
"TCA-GLYOX-BYPASS: superpathway of glyoxylate bypass and TCA"	"Sex"	"Female"	"SexFemale"	-1.45766210349789	-0.0946946073416741	0.521465712999121	0.0176924387925665	0.537387159587302	0.0350718551947044	0.641445772639988	NA	"abundance"	46	25
"PWY-5103: L-isoleucine biosynthesis III"	"Age"	"Age"	"Age"	0.0171832048920893	0.115099219485005	0.0316045937890984	0.0180138060644696	0.542082126940056	0.0180138060644696	0.395355638362306	NA	"abundance"	46	46
"AST-PWY: L-arginine degradation II (AST pathway)"	"Location"	"Centre"	"LocationCentre"	-1.81205709575129	-0.134762365173622	0.642803067937524	0.0185954681868773	0.554452033094965	0.0368451449366654	0.645564094058382	NA	"abundance"	46	23
"GLYCOLYSIS-TCA-GLYOX-BYPASS: superpathway of glycolysis, pyruvate dehydrogenase, TCA, and glyoxylate bypass"	"TimeNW"	"TimeNW"	"TimeNW"	-1.68382550010323	-0.0144260567140095	0.596692554399167	0.0192796692210661	0.569626590622406	0.0381876327968584	0.663510119845414	NA	"abundance"	46	16
"HCAMHPDEG-PWY: 3-phenylpropanoate and 3-(3-hydroxyphenyl)propanoate degradation to 2-hydroxypentadienoate"	"Location"	"Centre"	"LocationCentre"	-3.22740938796581	-0.134762365173622	1.06715783642424	0.0200593453925088	0.582111076992745	0.0397163134474415	0.667846772939063	NA	"abundance"	46	14
"PWY-6690: cinnamate and 3-hydroxycinnamate degradation to 2-hydroxypentadienoate"	"Location"	"Centre"	"LocationCentre"	-3.22740938796581	-0.134762365173622	1.06715783642424	0.0200604432686731	0.582111076992745	0.0397184651532105	0.667846772939063	NA	"abundance"	46	14
"PWY-5840: superpathway of menaquinol-7 biosynthesis"	"Age"	"Age"	"Age"	0.857827362001768	0	0.369944221946996	0.0204057805401342	0.586891918189701	0.0403951652008163	0.673791355549616	NA	"prevalence"	46	31
"HCAMHPDEG-PWY: 3-phenylpropanoate and 3-(3-hydroxyphenyl)propanoate degradation to 2-hydroxypentadienoate"	"Age"	"Age"	"Age"	0.96749999998381	0	0.419721639151585	0.0211610202499826	0.592873412176238	0.0418742517219451	0.676804766203531	NA	"prevalence"	46	14
"PWY-6690: cinnamate and 3-hydroxycinnamate degradation to 2-hydroxypentadienoate"	"Age"	"Age"	"Age"	0.96749999998381	0	0.419721639151585	0.0211610202499826	0.592873412176238	0.0418742517219451	0.676804766203531	NA	"prevalence"	46	14
"PWY0-1277: 3-phenylpropanoate and 3-(3-hydroxyphenyl)propanoate degradation"	"Age"	"Age"	"Age"	0.96749999998381	0	0.419721639151585	0.0211610202499826	0.592873412176238	0.0418742517219451	0.676804766203531	NA	"prevalence"	46	14
"GLUCUROCAT-PWY: superpathway of &beta;-D-glucuronosides degradation"	"Sex"	"Female"	"SexFemale"	0.393121541874968	-0.0946946073416741	0.195226434259337	0.0219413518586598	0.606283375619848	0.0219413518586598	0.452947709161441	NA	"abundance"	46	46
"PWY-7688: dTDP-&alpha;-D-ravidosamine and dTDP-4-acetyl-&alpha;-D-ravidosamine biosynthesis"	"Age"	"Age"	"Age"	-0.710683731093397	0.115099219485005	0.333616246017225	0.0221574359692598	0.606283375619848	0.0438239199697877	0.677654893257433	NA	"abundance"	46	27
"PWY-7286: 7-(3-amino-3-carboxypropyl)-wyosine biosynthesis"	"Location"	"Centre"	"LocationCentre"	2.22289649030479	0	0.971995788934839	0.0221992989842345	0.606283375619848	0.0439057890930775	0.677654893257433	NA	"prevalence"	46	11
"PWY-5022: 4-aminobutanoate degradation V"	"Location"	"Centre"	"LocationCentre"	0.887983100695246	-0.134762365173622	0.422681862757834	0.02318221840428	0.607468872012385	0.0458270215584163	0.677654893257433	NA	"abundance"	46	34
"PWY-7204: pyridoxal 5'-phosphate salvage II (plants)"	"Age"	"Age"	"Age"	0.69554558256346	0.115099219485005	0.231098647214054	0.0229421794061518	0.607468872012385	0.0453580152163996	0.677654893257433	NA	"abundance"	46	23
"PWY-7328: superpathway of UDP-glucose-derived O-antigen building blocks biosynthesis"	"Sex"	"Female"	"SexFemale"	0.358809369192069	-0.0946946073416741	0.180706051016785	0.0224738636671464	0.607468872012385	0.0224738636671464	0.459392213196081	NA	"abundance"	46	46
"PWY66-389: phytol degradation"	"FI"	"FI"	"FI"	-1.35771221639237	-0.0218447081487729	0.529621799355789	0.0235511008841724	0.607468872012385	0.0465475474154884	0.683462227896432	NA	"abundance"	46	21
"P124-PWY: Bifidobacterium shunt"	"Sex"	"Female"	"SexFemale"	1.63641041988097	0	0.71938518428952	0.0229218513547138	0.607468872012385	0.0453182914399	0.677654893257433	NA	"prevalence"	46	19
"PWY-6349: CDP-archaeol biosynthesis"	"Location"	"Centre"	"LocationCentre"	2.55988717591779	0	1.13047379280188	0.0235472237141435	0.607468872012385	0.0235472237141435	0.476659819844556	NA	"prevalence"	46	11
"PWY-6531: mannitol cycle"	"Sex"	"Female"	"SexFemale"	2.49493346429475	0	1.09756883109067	0.0230174234447268	0.607468872012385	0.0455050451074197	0.677654893257433	NA	"prevalence"	46	41
"GLYCOLYSIS-TCA-GLYOX-BYPASS: superpathway of glycolysis, pyruvate dehydrogenase, TCA, and glyoxylate bypass"	"Sex"	"Female"	"SexFemale"	-2.52052626989269	-0.0946946073416741	0.926317976257091	0.0258695885078466	0.635608711352353	0.0510699414061279	0.686415561393386	NA	"abundance"	46	16
"PWY-6147: 6-hydroxymethyl-dihydropterin diphosphate biosynthesis I"	"Location"	"Centre"	"LocationCentre"	0.271437285999151	-0.134762365173622	0.166494473076503	0.0253559386489264	0.635608711352353	0.0253559386489264	0.498746529085014	NA	"abundance"	46	46
"PWY-7238: sucrose biosynthesis II"	"Location"	"Centre"	"LocationCentre"	-0.447031920681736	-0.134762365173622	0.123890387149742	0.0256794438393904	0.635608711352353	0.0256794438393904	0.500389162664756	NA	"abundance"	46	46
"PWY0-1338: polymyxin resistance"	"Sex"	"Female"	"SexFemale"	-1.47409421194306	-0.0946946073416741	0.551865661007457	0.0252294145751033	0.635608711352353	0.0498223057904042	0.686415561393386	NA	"abundance"	46	21
"GALACTARDEG-PWY: D-galactarate degradation I"	"Location"	"Centre"	"LocationCentre"	2.00085355851921	0	0.898837253393638	0.0260110641876501	0.635608711352353	0.0513455529151262	0.686415561393386	NA	"prevalence"	46	39
"GLUCARGALACTSUPER-PWY: superpathway of D-glucarate and D-galactarate degradation"	"Location"	"Centre"	"LocationCentre"	2.00085355851921	0	0.898837253393638	0.0260110641876501	0.635608711352353	0.0513455529151262	0.686415561393386	NA	"prevalence"	46	39
"THREOCAT-PWY: superpathway of L-threonine metabolism"	"Age"	"Age"	"Age"	1.17420345036067	0	0.523504027403086	0.0248987956958333	0.635608711352353	0.0491776413645638	0.686415561393386	NA	"prevalence"	46	7
"PWY-6572: chondroitin sulfate degradation I (bacterial)"	"TimeNW"	"TimeNW"	"TimeNW"	-0.821468943243553	-0.0144260567140095	0.320687537516239	0.0266084306625882	0.640573330766013	0.0525088527428507	0.686415561393386	NA	"abundance"	46	20
"PWY-7873: D-erythronate degradation II"	"Age"	"Age"	"Age"	1.60967927599513	0.115099219485005	0.0577375080716241	0.0265193789164067	0.640573330766013	0.0523354803747014	0.686415561393386	NA	"abundance"	46	7
"KDO-NAGLIPASYN-PWY: superpathway of (Kdo)2-lipid A biosynthesis"	"TimeNW"	"TimeNW"	"TimeNW"	-1.21310800561638	-0.0144260567140095	0.474178154004827	0.0274558602894777	0.647331235298962	0.05415789631472	0.686415561393386	NA	"abundance"	46	18
"PWY-6708: ubiquinol-8 biosynthesis (early decarboxylation)"	"FI"	"FI"	"FI"	0.890758752770504	0	0.404057273267761	0.0274866801450021	0.647331235298962	0.0542178427046105	0.686415561393386	NA	"prevalence"	46	9
"PWY-7254: TCA cycle VII (acetate-producers)"	"Location"	"Centre"	"LocationCentre"	1.61633870103382	0	0.731325612877857	0.0270948108721044	0.647331235298962	0.0534554929680138	0.686415561393386	NA	"prevalence"	46	20
"LPSSYN-PWY: superpathway of lipopolysaccharide biosynthesis"	"FI"	"FI"	"FI"	-0.439348119992197	-0.0218447081487729	0.0695170146575681	0.0292918397768887	0.647608702550259	0.0577256676762624	0.686415561393386	NA	"abundance"	46	8
"PWY-6292: superpathway of L-cysteine biosynthesis (mammalian)"	"Sex"	"Female"	"SexFemale"	0.86771243432532	-0.0946946073416741	0.417667011836949	0.0283629855246271	0.647608702550259	0.055921512101384	0.686415561393386	NA	"abundance"	46	43
"PWY-6572: chondroitin sulfate degradation I (bacterial)"	"FI"	"FI"	"FI"	0.529489491314857	-0.0218447081487729	0.224930442666519	0.0286364524452347	0.647608702550259	0.0564528584818213	0.686415561393386	NA	"abundance"	46	20
"PWY-7269: mitochondrial NADPH production (yeast)"	"TimeNW"	"TimeNW"	"TimeNW"	4.13547262919448	-0.0144260567140095	0.711575111077159	0.028340694781766	0.647608702550259	0.0558781945828189	0.686415561393386	NA	"abundance"	46	8
"POLYAMINSYN3-PWY: superpathway of polyamine biosynthesis II"	"Age"	"Age"	"Age"	0.820408350024698	0	0.375660731492039	0.0289690338541899	0.647608702550259	0.0570988627859346	0.686415561393386	NA	"prevalence"	46	31
"PWY-6160: 3-dehydroquinate biosynthesis II (archaea)"	"Location"	"Centre"	"LocationCentre"	1.78882872957415	0	0.820405399713699	0.029226307938102	0.647608702550259	0.0575984388005112	0.686415561393386	NA	"prevalence"	46	14
"PWY-6165: chorismate biosynthesis II (archaea)"	"Location"	"Centre"	"LocationCentre"	1.78882872957415	0	0.820405399713699	0.029226307938102	0.647608702550259	0.0575984388005112	0.686415561393386	NA	"prevalence"	46	14
"PWY-8112: factor 420 biosynthesis I (archaea)"	"Location"	"Centre"	"LocationCentre"	2.0619995121701	0	0.945159551827292	0.0291359851286252	0.647608702550259	0.057423064627835	0.686415561393386	NA	"prevalence"	46	11
"PWY-8113: 3PG-factor 420 biosynthesis"	"Location"	"Centre"	"LocationCentre"	2.0619995121701	0	0.945159551827292	0.0291359851286252	0.647608702550259	0.057423064627835	0.686415561393386	NA	"prevalence"	46	11
"PWY-6478: GDP-D-glycero-&alpha;-D-manno-heptose biosynthesis"	"FI"	"FI"	"FI"	1.60013158028614	-0.0218447081487729	0.415358275030517	0.0299507051410501	0.649812712467095	0.0590043655436542	0.686415561393386	NA	"abundance"	46	9
"PWY-7208: superpathway of pyrimidine nucleobases salvage"	"Age"	"Age"	"Age"	-0.0388394619813054	0.115099219485005	0.0643959190103696	0.0304230387176401	0.649812712467095	0.0304230387176401	0.566357461841782	NA	"abundance"	46	46
"PWY-7873: D-erythronate degradation II"	"Location"	"Centre"	"LocationCentre"	-1.82999962304707	-0.134762365173622	0.0614477014690109	0.030406951423362	0.649812712467095	0.0598893201518614	0.686415561393386	NA	"abundance"	46	7
"HEME-BIOSYNTHESIS-II-1: heme b biosynthesis V (aerobic)"	"Sex"	"Female"	"SexFemale"	1.42641801046061	0	0.658392975797991	0.0302718835783941	0.649812712467095	0.0596273802214044	0.686415561393386	NA	"prevalence"	46	32
"PWY-6595: superpathway of guanosine nucleotides degradation (plants)"	"TimeNW"	"TimeNW"	"TimeNW"	-0.787460244250024	0	0.364168670334346	0.0305911830792202	0.649812712467095	0.060246545676254	0.686415561393386	NA	"prevalence"	46	34
"PWY-6607: guanosine nucleotides degradation I"	"TimeNW"	"TimeNW"	"TimeNW"	-0.787460244250024	0	0.364168670334346	0.0305911830792202	0.649812712467095	0.060246545676254	0.686415561393386	NA	"prevalence"	46	34
"PWY-7873: D-erythronate degradation II"	"Sex"	"Female"	"SexFemale"	-3.05957829909046	-0.0946946073416741	0.129931999641945	0.0309040679898622	0.652196240045794	0.0608530745614024	0.689557937285457	NA	"abundance"	46	7
"PWY-6953: dTDP-3-acetamido-&alpha;-D-fucose biosynthesis"	"Age"	"Age"	"Age"	-0.843683097761612	0.115099219485005	0.3571613142501	0.0315999699825589	0.662580015763331	0.0622013818622191	0.697257425713585	NA	"abundance"	46	13
"PWY-6588: pyruvate fermentation to acetone"	"FI"	"FI"	"FI"	0.395882744793073	-0.0218447081487729	0.18547661827705	0.0323665043861641	0.670007256401485	0.0636854181661485	0.70629838764053	NA	"abundance"	46	38
"PWY-7873: D-erythronate degradation II"	"TimeNW"	"TimeNW"	"TimeNW"	-2.82278221171909	-0.0144260567140095	0.129971142144923	0.032196111799822	0.670007256401485	0.0633556339846173	0.70629838764053	NA	"abundance"	46	7
"PWY-7237: myo-, chiro- and scyllo-inositol degradation"	"Age"	"Age"	"Age"	-0.0655877184123366	0.115099219485005	0.0768370057281763	0.0329111640515257	0.676970146629485	0.064739183383825	0.70952380393303	NA	"abundance"	46	34
"PWY-6572: chondroitin sulfate degradation I (bacterial)"	"Location"	"Centre"	"LocationCentre"	-1.97849639673069	-0.134762365173622	0.778789801875523	0.0331732590709345	0.678069760883881	0.00764259968142316	0.248981567746364	NA	"abundance"	46	20
"PWY-7269: mitochondrial NADPH production (yeast)"	"Location"	"Centre"	"LocationCentre"	3.17020978382716	-0.134762365173622	0.618437349118923	0.0335059359518244	0.680589324021433	0.065889224159641	0.714330244039166	NA	"abundance"	46	8
"PWY-5189: tetrapyrrole biosynthesis II (from glycine)"	"Age"	"Age"	"Age"	0.859217284997933	0.115099219485005	0.334269955753591	0.0344095119135508	0.694601948565466	0.0676350093169728	0.723122110593216	NA	"abundance"	46	35
"AST-PWY: L-arginine degradation II (AST pathway)"	"TimeNW"	"TimeNW"	"TimeNW"	-0.78288805684819	-0.0144260567140095	0.330318860483708	0.0349459025109751	0.701075204695487	0.0686705889196435	0.723122110593216	NA	"abundance"	46	23
"PWY-7315: dTDP-N-acetylthomosamine biosynthesis"	"Age"	"Age"	"Age"	0.940874101376548	0.115099219485005	0.372051303780667	0.0360474187787498	0.702982468384084	0.0707954211568891	0.730734916396603	NA	"abundance"	46	31
"3-HYDROXYPHENYLACETATE-DEGRADATION-PWY: 4-hydroxyphenylacetate degradation"	"Age"	"Age"	"Age"	1.08810443520327	0	0.519017691796687	0.0360406183796779	0.702982468384084	0.0360406183796779	0.643721184954625	NA	"prevalence"	46	6
"PWY-6350: archaetidylinositol biosynthesis"	"Location"	"Centre"	"LocationCentre"	2.510109360783	0	1.19425544388634	0.0355690917082043	0.702982468384084	0.0355690917082043	0.643721184954625	NA	"prevalence"	46	10
"PWY-6922: L-N&delta;-acetylornithine biosynthesis"	"TimeNW"	"TimeNW"	"TimeNW"	0.870516916044168	0	0.414017780951869	0.0355000885698912	0.702982468384084	0.0697399208513122	0.72703867487493	NA	"prevalence"	46	25
"PWY-7616: methanol oxidation to carbon dioxide"	"Age"	"Age"	"Age"	1.02994960195875	0	0.491494628060843	0.0361224837600437	0.702982468384084	0.0361224837600437	0.643721184954625	NA	"prevalence"	46	6
"PWY-5973: cis-vaccenate biosynthesis"	"Location"	"Centre"	"LocationCentre"	0.159250034916901	-0.134762365173622	0.125341275217128	0.0367654938099806	0.707876031908366	0.0367654938099806	0.645564094058382	NA	"abundance"	46	46
"PWY-6749: CMP-legionaminate biosynthesis I"	"Location"	"Centre"	"LocationCentre"	1.41597953909087	0	0.678193311279476	0.036809553659235	0.707876031908366	0.072264164077878	0.731351751440348	NA	"prevalence"	46	23
"PWY-5981: CDP-diacylglycerol biosynthesis III"	"FI"	"FI"	"FI"	-1.16252292191142	0	0.558308089744059	0.0373219457014863	0.71350778546959	0.0732509637720278	0.731351751440348	NA	"prevalence"	46	39
"PWY66-389: phytol degradation"	"TimeNW"	"TimeNW"	"TimeNW"	-2.1843336424135	-0.0144260567140095	0.953577415974111	0.0382841875187441	0.727623446993674	0.0751026960235178	0.738627930231295	NA	"abundance"	46	21
"AST-PWY: L-arginine degradation II (AST pathway)"	"Sex"	"Female"	"SexFemale"	-1.56389588299896	-0.0946946073416741	0.659048487125179	0.0402926757755409	0.733405811783263	0.0789618518299289	0.743422876756537	NA	"abundance"	46	23
"CITRULBIO-PWY: L-citrulline biosynthesis"	"Age"	"Age"	"Age"	-0.104721176063893	0.115099219485005	0.100341579351453	0.0391074255562027	0.733405811783263	0.0391074255562027	0.667846772939063	NA	"abundance"	46	46
"LIPA-CORESYN-PWY: lipid A-core biosynthesis (E. coli K-12)"	"Sex"	"Female"	"SexFemale"	-4.0312847497707	-0.0946946073416741	1.12692124060045	0.039813930488678	0.733405811783263	0.0780427119163987	0.743422876756537	NA	"abundance"	46	9
"PWY-5030: L-histidine degradation III"	"Location"	"Centre"	"LocationCentre"	0.579481394803403	-0.134762365173622	0.330957617649338	0.0393725125514348	0.733405811783263	0.0393725125514348	0.667846772939063	NA	"abundance"	46	46
"PWY-5138: fatty acid &beta;-oxidation IV (unsaturated, even number)"	"TimeNW"	"TimeNW"	"TimeNW"	-0.750713292225384	-0.0144260567140095	0.325129570548614	0.0394787142925521	0.733405811783263	0.0773988597029113	0.743422876756537	NA	"abundance"	46	23
"PWY-6902: chitin degradation II (Vibrio)"	"Sex"	"Female"	"SexFemale"	-0.971062394093685	-0.0946946073416741	0.408600245978797	0.0402727498069607	0.733405811783263	0.0789236052369074	0.743422876756537	NA	"abundance"	46	45
"PWY-7094: fatty acid salvage"	"TimeNW"	"TimeNW"	"TimeNW"	-0.884931553626485	-0.0144260567140095	0.390041443903237	0.0403937354797551	0.733405811783263	0.0791558170935018	0.743422876756537	NA	"abundance"	46	24
"METHGLYUT-PWY: superpathway of methylglyoxal degradation"	"Age"	"Age"	"Age"	0.92058797579726	0	0.448433607325124	0.0400825748374741	0.733405811783263	0.0785585368693464	0.743422876756537	NA	"prevalence"	46	36
"PWY-7269: mitochondrial NADPH production (yeast)"	"Sex"	"Female"	"SexFemale"	2.69562924221524	-0.0946946073416741	0.578707140302328	0.0408546441249984	0.73765329670136	0.0800401863034166	0.746513424476163	NA	"abundance"	46	8
"LACTOSECAT-PWY: lactose and galactose degradation I"	"Age"	"Age"	"Age"	-0.379908251687281	0.115099219485005	0.234504834048811	0.0423884580719296	0.740658541579415	0.0829801347661435	0.753720177028358	NA	"abundance"	46	44
"PWY-5747: 2-methylcitrate cycle II"	"TimeNW"	"TimeNW"	"TimeNW"	-1.22519498004047	-0.0144260567140095	0.533809212357534	0.0419899474804651	0.740658541579415	0.0822167392715181	0.753720177028358	NA	"abundance"	46	19
"PWY-7237: myo-, chiro- and scyllo-inositol degradation"	"FI"	"FI"	"FI"	0.14546051207505	-0.0218447081487729	0.0749428163884722	0.0414739355182406	0.740658541579415	0.0812277837091101	0.749380216962365	NA	"abundance"	46	34
"PWY-7400: L-arginine biosynthesis IV (archaebacteria)"	"Age"	"Age"	"Age"	0.0152042849230358	0.115099219485005	0.0413922504410371	0.0423105910075909	0.740658541579415	0.0423105910075909	0.677654893257433	NA	"abundance"	46	46
"PWY-7456: &beta;-(1,4)-mannan degradation"	"Age"	"Age"	"Age"	-0.106229200598739	0.115099219485005	0.102592103709721	0.0418326513461769	0.740658541579415	0.0418326513461769	0.676804766203531	NA	"abundance"	46	46
"PWY0-42: 2-methylcitrate cycle I"	"Location"	"Centre"	"LocationCentre"	-1.96763647349853	-0.134762365173622	0.83693306520902	0.0423189601262108	0.740658541579415	0.0828470258662579	0.753720177028358	NA	"abundance"	46	24
"PWY-5667: CDP-diacylglycerol biosynthesis I"	"Location"	"Centre"	"LocationCentre"	-0.333767688150557	-0.134762365173622	0.0793102170749689	0.0430648498759219	0.742005847157546	0.0430648498759219	0.677654893257433	NA	"abundance"	46	46
"PWY-7316: dTDP-N-acetylviosamine biosynthesis"	"Age"	"Age"	"Age"	-0.626596013019053	0.115099219485005	0.338800408335186	0.0431504938808542	0.742005847157546	0.0844390226395469	0.758859319842479	NA	"abundance"	46	23
"PWY0-1319: CDP-diacylglycerol biosynthesis II"	"Location"	"Centre"	"LocationCentre"	-0.333767688150557	-0.134762365173622	0.0793102170749689	0.0428476957466685	0.742005847157546	0.0428476957466685	0.677654893257433	NA	"abundance"	46	46
"ANAGLYCOLYSIS-PWY: glycolysis III (from glucose)"	"Sex"	"Female"	"SexFemale"	0.0822015367921697	-0.0946946073416741	0.0616605308497953	0.0487352825832779	0.74338815572546	0.0487352825832779	0.686415561393386	NA	"abundance"	46	46
"ARGSYN-PWY: L-arginine biosynthesis I (via L-ornithine)"	"Age"	"Age"	"Age"	0.00693819264012089	0.115099219485005	0.0477832857892436	0.0485107358154792	0.74338815572546	0.0485107358154792	0.686415561393386	NA	"abundance"	46	46
"GLUCARDEG-PWY: D-glucarate degradation I"	"Age"	"Age"	"Age"	0.797012723004994	0.115099219485005	0.326866493476864	0.0457832403846214	0.74338815572546	0.0894703756691269	0.782480255952523	NA	"abundance"	46	37
"ORNDEG-PWY: superpathway of ornithine degradation"	"Age"	"Age"	"Age"	0.694678742038196	0.115099219485005	0.273014069434164	0.0459600464833172	0.74338815572546	0.0898077670938857	0.782480255952523	NA	"abundance"	46	28
"PWY-5005: biotin biosynthesis II"	"Location"	"Centre"	"LocationCentre"	-1.07263181269441	-0.134762365173622	0.444081674976957	0.0447002785862671	0.74338815572546	0.0874024422668444	0.779383348408652	NA	"abundance"	46	35
"PWY-5837: 2-carboxy-1,4-naphthoquinol biosynthesis"	"Age"	"Age"	"Age"	0.519753880616628	0.115099219485005	0.195134102368122	0.0474046125711867	0.74338815572546	0.092562027849349	0.782480255952523	NA	"abundance"	46	40
"PWY-6124: inosine-5'-phosphate biosynthesis II"	"Location"	"Centre"	"LocationCentre"	0.0916741918402666	-0.134762365173622	0.098556860426866	0.0494098039098151	0.74338815572546	0.0494098039098151	0.686415561393386	NA	"abundance"	46	46
"PWY-6293: superpathway of L-cysteine biosynthesis (fungi)"	"TimeNW"	"TimeNW"	"TimeNW"	-0.6787905183861	-0.0144260567140095	0.305604390434443	0.0474868268039521	0.74338815572546	0.0927186548879957	0.782480255952523	NA	"abundance"	46	23
"PWY-6749: CMP-legionaminate biosynthesis I"	"Age"	"Age"	"Age"	-0.438447013410003	0.115099219485005	0.260785376562696	0.0495957820730688	0.74338815572546	0.0967318225466983	0.782480255952523	NA	"abundance"	46	23
"PWY-7198: pyrimidine deoxyribonucleotides de novo biosynthesis IV"	"Age"	"Age"	"Age"	-0.298082638033596	0.115099219485005	0.200594896964385	0.0470767452883085	0.74338815572546	0.0470767452883085	0.686398698784079	NA	"abundance"	46	46
"PWY-7220: adenosine deoxyribonucleotides de novo biosynthesis II"	"Age"	"Age"	"Age"	-0.0389164814716632	0.115099219485005	0.0704857095313575	0.0449277623818456	0.74338815572546	0.0449277623818456	0.677654893257433	NA	"abundance"	46	46
"PWY-7222: guanosine deoxyribonucleotides de novo biosynthesis II"	"Age"	"Age"	"Age"	-0.0389164814716632	0.115099219485005	0.0704857095313575	0.0446125358528426	0.74338815572546	0.0446125358528426	0.677654893257433	NA	"abundance"	46	46
"PWY-7238: sucrose biosynthesis II"	"Sex"	"Female"	"SexFemale"	0.175820468984122	-0.0946946073416741	0.118914364681415	0.0496354553207461	0.74338815572546	0.0496354553207461	0.686415561393386	NA	"abundance"	46	46
"PWY-7874: L-threonate degradation"	"Age"	"Age"	"Age"	1.03788769980407	0.115099219485005	0.386758409352491	0.0487253170358536	0.74338815572546	0.0950764775514628	0.782480255952523	NA	"abundance"	46	13
"PWY-8004: Entner-Doudoroff pathway I"	"Sex"	"Female"	"SexFemale"	0.344800365819665	-0.0946946073416741	0.206430725606427	0.0477490646640516	0.74338815572546	0.0477490646640516	0.686415561393386	NA	"abundance"	46	46
"PWY-801: homocysteine and cysteine interconversion"	"TimeNW"	"TimeNW"	"TimeNW"	-0.704106578678781	-0.0144260567140095	0.315939428016409	0.0463408436013336	0.74338815572546	0.090534213416984	0.782480255952523	NA	"abundance"	46	23
"PWY-822: fructan biosynthesis"	"TimeNW"	"TimeNW"	"TimeNW"	-0.777752773601113	-0.0144260567140095	0.329324836446331	0.0482617823540699	0.74338815572546	0.0941943650721481	0.782480255952523	NA	"abundance"	46	15
"PWY0-1061: superpathway of L-alanine biosynthesis"	"Location"	"Centre"	"LocationCentre"	-0.957638482552741	-0.134762365173622	0.394029398215487	0.046004938633823	0.74338815572546	0.0898934228889443	0.782480255952523	NA	"abundance"	46	41
"PWY0-1479: tRNA processing"	"TimeNW"	"TimeNW"	"TimeNW"	0.373145679514003	-0.0144260567140095	0.177415137078498	0.0447358278487235	0.74338815572546	0.0874703614041364	0.779383348408652	NA	"abundance"	46	42
"PYRIDOXSYN-PWY: pyridoxal 5'-phosphate biosynthesis I"	"FI"	"FI"	"FI"	0.196127097630567	-0.0218447081487729	0.102590172506114	0.0442393439249584	0.74338815572546	0.0442393439249584	0.677654893257433	NA	"abundance"	46	46
"HOMOSER-METSYN-PWY: L-methionine biosynthesis I"	"Age"	"Age"	"Age"	0.766800858858765	0	0.389749701746178	0.049134958071573	0.74338815572546	0.0958556720384507	0.782480255952523	NA	"prevalence"	46	34
"MET-SAM-PWY: superpathway of S-adenosyl-L-methionine biosynthesis"	"Age"	"Age"	"Age"	0.766800858858765	0	0.389749701746178	0.049134958071573	0.74338815572546	0.0958556720384507	0.782480255952523	NA	"prevalence"	46	34
"METSYN-PWY: superpathway of L-homoserine and L-methionine biosynthesis"	"Age"	"Age"	"Age"	0.766800858858765	0	0.389749701746178	0.049134958071573	0.74338815572546	0.0958556720384507	0.782480255952523	NA	"prevalence"	46	34
"PWY-5347: superpathway of L-methionine biosynthesis (transsulfuration)"	"Age"	"Age"	"Age"	0.766800858858765	0	0.389749701746178	0.049134958071573	0.74338815572546	0.0958556720384507	0.782480255952523	NA	"prevalence"	46	34
"PWY-5981: CDP-diacylglycerol biosynthesis III"	"Location"	"Centre"	"LocationCentre"	2.02074534626469	0	1.02493201933412	0.0486564713439788	0.74338815572546	0.0949454904843102	0.782480255952523	NA	"prevalence"	46	39
"PWY-7269: mitochondrial NADPH production (yeast)"	"Age"	"Age"	"Age"	0.911631831723802	0	0.463223367394642	0.0490659898519997	0.74338815572546	0.0957245083438429	0.782480255952523	NA	"prevalence"	46	8
"PWY-7883: anhydromuropeptides recycling II"	"TimeNW"	"TimeNW"	"TimeNW"	0.83617359810437	0	0.423923521572015	0.0485567392459308	0.74338815572546	0.0947557215656643	0.782480255952523	NA	"prevalence"	46	26
"PWY0-166: superpathway of pyrimidine deoxyribonucleotides de novo biosynthesis (E. coli)"	"Age"	"Age"	"Age"	0.702609509801911	0	0.351686973817362	0.0457354875455902	0.74338815572546	0.0893792402701475	0.782480255952523	NA	"prevalence"	46	29
"PWY-6902: chitin degradation II (Vibrio)"	"Location"	"Centre"	"LocationCentre"	0.719644290847504	-0.134762365173622	0.419632665182507	0.0501563374377727	0.744329208551421	0.0977970166903737	0.782480255952523	NA	"abundance"	46	45
"PWY-622: starch biosynthesis"	"Age"	"Age"	"Age"	-0.764237015800149	0	0.389945837274353	0.0500128254623373	0.744329208551421	0.0975243682139484	0.782480255952523	NA	"prevalence"	46	11
"PWY-5656: mannosylglycerate biosynthesis I"	"TimeNW"	"TimeNW"	"TimeNW"	-0.905910128278081	-0.0144260567140095	0.419860360852484	0.0505623007423823	0.744595561054264	0.0985680552284016	0.782480255952523	NA	"abundance"	46	23
"PWY-6876: isopropanol biosynthesis (engineered)"	"Location"	"Centre"	"LocationCentre"	1.53108050462096	0	0.783329106937476	0.05063249815169	0.744595561054264	0.0987013464342991	0.782480255952523	NA	"prevalence"	46	15
"PWY-6328: L-lysine degradation X"	"Age"	"Age"	"Age"	1.02742929543262	0	0.527234740650806	0.0513296852426671	0.751448094768775	0.0513296852426671	0.686415561393386	NA	"prevalence"	46	5
"PWY-5941: glycogen degradation II"	"Sex"	"Female"	"SexFemale"	0.202850207694971	-0.0946946073416741	0.1354216067923	0.052183090716742	0.757120735845587	0.052183090716742	0.686415561393386	NA	"abundance"	46	46
"PWY-6969: TCA cycle V (2-oxoglutarate synthase)"	"TimeNW"	"TimeNW"	"TimeNW"	0.255678225705281	-0.0144260567140095	0.122274679676956	0.0520000883442855	0.757120735845587	0.0520000883442855	0.686415561393386	NA	"abundance"	46	46
"TCA-GLYOX-BYPASS: superpathway of glyoxylate bypass and TCA"	"Location"	"Centre"	"LocationCentre"	-1.19801579297332	-0.134762365173622	0.511124020798781	0.0524851071480303	0.757637692881369	0.10221552782372	0.798167673661758	NA	"abundance"	46	25
"PWY0-41: allantoin degradation IV (anaerobic)"	"Age"	"Age"	"Age"	0.861369187957146	0	0.444578972289238	0.0526849595665198	0.757637692881369	0.102594214168514	0.798167673661758	NA	"prevalence"	46	9
"GLYCOGENSYNTH-PWY: glycogen biosynthesis I (from ADP-D-Glucose)"	"FI"	"FI"	"FI"	-0.17414991064886	-0.0218447081487729	0.0730730670788713	0.0532456774387635	0.76232798095146	0.0532456774387635	0.686415561393386	NA	"abundance"	46	46
"PWY-5675: nitrate reduction V (assimilatory)"	"Location"	"Centre"	"LocationCentre"	-1.78946145954199	-0.134762365173622	0.81584683676642	0.0537585562532048	0.76629520974963	0.104627130135981	0.802013111520293	NA	"abundance"	46	31
"PWY0-1298: superpathway of pyrimidine deoxyribonucleosides degradation"	"Age"	"Age"	"Age"	0.575383002440395	0.115099219485005	0.230973213663126	0.0544174963184674	0.772300711943314	0.105873728731364	0.808596060091189	NA	"abundance"	46	45
"GLUTORN-PWY: L-ornithine biosynthesis I"	"Location"	"Centre"	"LocationCentre"	-0.347636790397214	-0.134762365173622	0.0945120078893343	0.0559871649651549	0.778672164672197	0.0559871649651549	0.686415561393386	NA	"abundance"	46	46
"PWY-5656: mannosylglycerate biosynthesis I"	"Age"	"Age"	"Age"	0.82563408962121	0.115099219485005	0.345601502968386	0.056008301324983	0.778672164672197	0.108879672832656	0.812484435162572	NA	"abundance"	46	23
"PWY-5705: allantoin degradation to glyoxylate III"	"Location"	"Centre"	"LocationCentre"	-3.93880857182619	-0.134762365173622	1.6669768648416	0.0565435787269657	0.778672164672197	0.109889981158679	0.812484435162572	NA	"abundance"	46	13
"PWY-6478: GDP-D-glycero-&alpha;-D-manno-heptose biosynthesis"	"Location"	"Centre"	"LocationCentre"	-3.7828280492373	-0.134762365173622	1.20287701010389	0.0563236656175077	0.778672164672197	0.109474975926423	0.812484435162572	NA	"abundance"	46	9
"PWY-6507: 4-deoxy-L-threo-hex-4-enopyranuronate degradation"	"Sex"	"Female"	"SexFemale"	0.382129805790484	-0.0946946073416741	0.234085950965925	0.0554069565709385	0.778672164672197	0.0554069565709385	0.686415561393386	NA	"abundance"	46	46
"LIPASYN-PWY: phospholipases"	"Age"	"Age"	"Age"	0.856448977009662	0	0.448922267357516	0.0564184891792548	0.778672164672197	0.10965393243724	0.812484435162572	NA	"prevalence"	46	8
"PWY-6992: 1,5-anhydrofructose degradation"	"Age"	"Age"	"Age"	0.653424374650362	0	0.341458661603081	0.0556678848718475	0.778672164672197	0.10823685633759	0.812484435162572	NA	"prevalence"	46	20
"PWY-7560: methylerythritol phosphate pathway II"	"Age"	"Age"	"Age"	0.00192939962157749	0.115099219485005	0.052631603409367	0.0571530922765016	0.78374493628114	0.0571530922765016	0.686415561393386	NA	"abundance"	46	46
"CARNMET-PWY: L-carnitine degradation I"	"FI"	"FI"	"FI"	0.922342737891771	-0.0218447081487729	0.244322424263024	0.061407407993765	0.788830339840854	0.119043946231017	0.816855125839389	NA	"abundance"	46	8
"METHANOGENESIS-PWY: methanogenesis from H2 and CO2"	"Location"	"Centre"	"LocationCentre"	2.23376785787574	-0.134762365173622	0.90856510097314	0.0599156501792468	0.788830339840854	0.116241415222092	0.816855125839389	NA	"abundance"	46	10
"PWY-5104: L-isoleucine biosynthesis IV"	"Location"	"Centre"	"LocationCentre"	1.07822814808101	-0.134762365173622	0.611392105743839	0.0612579387351708	0.788830339840854	0.11876334241226	0.816855125839389	NA	"abundance"	46	27
"PWY-5667: CDP-diacylglycerol biosynthesis I"	"Age"	"Age"	"Age"	0.0277647413586939	0.115099219485005	0.0385257201835691	0.0585332351680234	0.788830339840854	0.0585332351680234	0.686415561393386	NA	"abundance"	46	46
"PWY-5837: 2-carboxy-1,4-naphthoquinol biosynthesis"	"Location"	"Centre"	"LocationCentre"	-0.951692814992315	-0.134762365173622	0.417758596508679	0.060756837716458	0.788830339840854	0.117822282103612	0.816855125839389	NA	"abundance"	46	40
"PWY-7316: dTDP-N-acetylviosamine biosynthesis"	"TimeNW"	"TimeNW"	"TimeNW"	-0.908098730153278	-0.0144260567140095	0.436199237547095	0.0581973685116601	0.788830339840854	0.113007803321638	0.816855125839389	NA	"abundance"	46	23
"PWY0-1319: CDP-diacylglycerol biosynthesis II"	"Age"	"Age"	"Age"	0.0277647413586939	0.115099219485005	0.0385257201835691	0.059729701815791	0.788830339840854	0.059729701815791	0.686415561393386	NA	"abundance"	46	46
"PWY0-845: superpathway of pyridoxal 5'-phosphate biosynthesis and salvage"	"FI"	"FI"	"FI"	0.144223887736698	-0.0218447081487729	0.0828230341244242	0.0600433015021	0.788830339840854	0.0600433015021	0.686415561393386	NA	"abundance"	46	46
"SALVADEHYPOX-PWY: adenosine nucleotides degradation II"	"Age"	"Age"	"Age"	0.545135650047414	0.115099219485005	0.221337323162152	0.0605849708953192	0.788830339840854	0.117499403092252	0.816855125839389	NA	"abundance"	46	45
"P23-PWY: reductive TCA cycle I"	"Sex"	"Female"	"SexFemale"	1.41580997684759	0	0.752943046627967	0.0600579477275982	0.788830339840854	0.116508938369946	0.816855125839389	NA	"prevalence"	46	18
"PWY-5367: petroselinate biosynthesis"	"TimeNW"	"TimeNW"	"TimeNW"	0.891137296144444	0	0.475875614943628	0.0611199767465293	0.788830339840854	0.118504301935562	0.816855125839389	NA	"prevalence"	46	31
"PWY-5845: superpathway of menaquinol-9 biosynthesis"	"Age"	"Age"	"Age"	0.767268496801479	0	0.407301574816909	0.0595940966660626	0.788830339840854	0.115636736974681	0.816855125839389	NA	"prevalence"	46	36
"PWY-5862: superpathway of demethylmenaquinol-9 biosynthesis"	"Age"	"Age"	"Age"	0.767268496801479	0	0.407301574816909	0.0595940966660626	0.788830339840854	0.115636736974681	0.816855125839389	NA	"prevalence"	46	36
"PWY-5971: palmitate biosynthesis (type II fatty acid synthase)"	"TimeNW"	"TimeNW"	"TimeNW"	0.891137296144444	0	0.475875614943628	0.0611199767465293	0.788830339840854	0.118504301935562	0.816855125839389	NA	"prevalence"	46	31
"PWY-6167: flavin biosynthesis II (archaea)"	"Location"	"Centre"	"LocationCentre"	2.21536677211439	0	1.17788204821073	0.0599984120569138	0.788830339840854	0.0599984120569138	0.686415561393386	NA	"prevalence"	46	8
"PWY-6284: superpathway of unsaturated fatty acids biosynthesis (E. coli)"	"TimeNW"	"TimeNW"	"TimeNW"	0.891137296144444	0	0.475875614943628	0.0611199767465293	0.788830339840854	0.118504301935562	0.816855125839389	NA	"prevalence"	46	31
"DTDPRHAMSYN-PWY: dTDP-&beta;-L-rhamnose biosynthesis"	"Location"	"Centre"	"LocationCentre"	0.0587897550205919	-0.134762365173622	0.0859552697069154	0.061980310010007	0.793055147765838	0.061980310010007	0.697257425713585	NA	"abundance"	46	46
"PWY0-1337: oleate &beta;-oxidation"	"TimeNW"	"TimeNW"	"TimeNW"	-0.954184162460088	-0.0144260567140095	0.465489019664521	0.0634355117483438	0.806174289118802	0.122846959345913	0.832223965083102	NA	"abundance"	46	21
"PWY-7115: C4 photosynthetic carbon assimilation cycle, NAD-ME type"	"Location"	"Centre"	"LocationCentre"	1.70600499708012	0	0.919351076151797	0.0635017286198195	0.806174289118802	0.122970987701934	0.832223965083102	NA	"prevalence"	46	40
"ASPASN-PWY: superpathway of L-aspartate and L-asparagine biosynthesis"	"Location"	"Centre"	"LocationCentre"	0.0870345675040391	-0.134762365173622	0.10406606811886	0.0641279029917983	0.807812731485831	0.0641279029917983	0.707442739353965	NA	"abundance"	46	46
"PWY66-389: phytol degradation"	"Age"	"Age"	"Age"	1.17097045929506	0.115099219485005	0.527285539519619	0.0639102271974989	0.807812731485831	0.123735937254562	0.832223965083102	NA	"abundance"	46	21
"PWY-6629: superpathway of L-tryptophan biosynthesis"	"Age"	"Age"	"Age"	0.0349531716512822	0.115099219485005	0.0350495358931765	0.0649971446288771	0.809351417792531	0.0649971446288771	0.70952380393303	NA	"abundance"	46	46
"PWY-6531: mannitol cycle"	"Location"	"Centre"	"LocationCentre"	-2.47422314425784	0	1.3402553198541	0.0648800917202845	0.809351417792531	0.125550757138937	0.839017078957316	NA	"prevalence"	46	41
"PWY-7316: dTDP-N-acetylviosamine biosynthesis"	"Location"	"Centre"	"LocationCentre"	1.23668173547441	0	0.669607166871909	0.0647650424759142	0.809351417792531	0.125335574224921	0.839017078957316	NA	"prevalence"	46	23
"PWY-2941: L-lysine biosynthesis II"	"Sex"	"Female"	"SexFemale"	0.448598356905027	-0.0946946073416741	0.280932732738608	0.0661226556832417	0.820223782330288	0.0661226556832417	0.714330244039166	NA	"abundance"	46	46
"PWY-7211: superpathway of pyrimidine deoxyribonucleotides de novo biosynthesis"	"Sex"	"Female"	"SexFemale"	1.32427418825934	0	0.722166438042617	0.0666908079824197	0.824125954155377	0.128933952095492	0.848035615517665	NA	"prevalence"	46	36
"PWY-6123: inosine-5'-phosphate biosynthesis I"	"Location"	"Centre"	"LocationCentre"	0.0700459533563041	-0.134762365173622	0.0948795867322796	0.0670853421332288	0.825861219443158	0.0670853421332288	0.720994527565887	NA	"abundance"	46	46
"GLYCOL-GLYOXDEG-PWY: superpathway of glycol metabolism and degradation"	"Location"	"Centre"	"LocationCentre"	-2.00716381465412	-0.134762365173622	0.960723368452217	0.0693592472540936	0.826461206058769	0.133907789328533	0.857461487585441	NA	"abundance"	46	22
"LIPA-CORESYN-PWY: lipid A-core biosynthesis (E. coli K-12)"	"Location"	"Centre"	"LocationCentre"	-3.31778627845091	-0.134762365173622	1.16752907932852	0.072352591970799	0.826461206058769	0.139470286376705	0.872384882691619	NA	"abundance"	46	9
"P221-PWY: octane oxidation"	"FI"	"FI"	"FI"	-1.09774507391882	-0.0218447081487729	0.539214513113706	0.0694454980616299	0.826461206058769	0.134068318922232	0.857461487585441	NA	"abundance"	46	18
"PWY-1861: formaldehyde assimilation II (assimilatory RuMP Cycle)"	"FI"	"FI"	"FI"	0.287046545568103	-0.0218447081487729	0.163414819569793	0.0690892948124882	0.826461206058769	0.133405258967289	0.857461487585441	NA	"abundance"	46	43
"PWY-3841: folate transformations II (plants)"	"Location"	"Centre"	"LocationCentre"	0.0549598997968816	-0.134762365173622	0.0885135665904451	0.0727579957518161	0.826461206058769	0.0727579957518161	0.731351751440348	NA	"abundance"	46	46
"PWY-4984: urea cycle"	"Age"	"Age"	"Age"	-0.125148003657302	0.115099219485005	0.129131573688208	0.0744422593226909	0.826461206058769	0.0744422593226909	0.735602420321377	NA	"abundance"	46	46
"PWY-5022: 4-aminobutanoate degradation V"	"Sex"	"Female"	"SexFemale"	0.662834762564727	-0.0946946073416741	0.401379174061008	0.0725518937224648	0.826461206058769	0.139840010162214	0.872384882691619	NA	"abundance"	46	34
"PWY-5154: L-arginine biosynthesis III (via N-acetyl-L-citrulline)"	"Age"	"Age"	"Age"	0.0142475680095795	0.115099219485005	0.0495714590547392	0.0736613274832005	0.826461206058769	0.0736613274832005	0.731351751440348	NA	"abundance"	46	46
"PWY-561: superpathway of glyoxylate cycle and fatty acid degradation"	"Age"	"Age"	"Age"	0.59654340805012	0.115099219485005	0.254341160558435	0.0732986837826807	0.826461206058769	0.141224670521088	0.872384882691619	NA	"abundance"	46	27
"PWY-561: superpathway of glyoxylate cycle and fatty acid degradation"	"Sex"	"Female"	"SexFemale"	-1.30268229301549	-0.0946946073416741	0.639935477973351	0.0740830573678257	0.826461206058769	0.142677815346687	0.872384882691619	NA	"abundance"	46	27
"PWY-5941: glycogen degradation II"	"Location"	"Centre"	"LocationCentre"	-0.417333304613647	-0.134762365173622	0.141088381869481	0.0683946064457144	0.826461206058769	0.0683946064457144	0.723122110593216	NA	"abundance"	46	46
"PWY-6282: palmitoleate biosynthesis I (from (5Z)-dodec-5-enoate)"	"TimeNW"	"TimeNW"	"TimeNW"	0.356836110035018	-0.0144260567140095	0.19250504291815	0.0717759700151521	0.826461206058769	0.0717759700151521	0.731351751440348	NA	"abundance"	46	46
"PWY-6612: superpathway of tetrahydrofolate biosynthesis"	"TimeNW"	"TimeNW"	"TimeNW"	-0.385115971199474	-0.0144260567140095	0.189201661900314	0.0708118335334816	0.826461206058769	0.13660935129859	0.865746192880121	NA	"abundance"	46	35
"PWY-6703: preQ0 biosynthesis"	"Location"	"Centre"	"LocationCentre"	0.165082308742101	-0.134762365173622	0.152996528262836	0.0714860911249267	0.826461206058769	0.0714860911249267	0.731351751440348	NA	"abundance"	46	46
"PWY-7269: mitochondrial NADPH production (yeast)"	"FI"	"FI"	"FI"	-1.35459680128737	-0.0218447081487729	0.36621925159551	0.0681232603406348	0.826461206058769	0.131605742081832	0.857461487585441	NA	"abundance"	46	8
"PWY-7356: thiamine diphosphate salvage IV (yeast)"	"Sex"	"Female"	"SexFemale"	0.615287540381978	-0.0946946073416741	0.381728527864936	0.0737356984764654	0.826461206058769	0.142034443723119	0.872384882691619	NA	"abundance"	46	45
"PWY-7664: oleate biosynthesis IV (anaerobic)"	"TimeNW"	"TimeNW"	"TimeNW"	0.343461656507442	-0.0144260567140095	0.185758648250484	0.0727621668794933	0.826461206058769	0.0727621668794933	0.731351751440348	NA	"abundance"	46	46
"PWY-7858: (5Z)-dodecenoate biosynthesis II"	"Age"	"Age"	"Age"	0.863627347547573	0.115099219485005	0.396055048761249	0.0745086564231444	0.826461206058769	0.143465772964307	0.874637826405203	NA	"abundance"	46	25
"PWY-8187: L-arginine degradation XIII (reductive Stickland reaction)"	"Location"	"Centre"	"LocationCentre"	0.308842456543274	-0.134762365173622	0.235788641515865	0.0733784312051777	0.826461206058769	0.0733784312051777	0.731351751440348	NA	"abundance"	46	46
"PWY0-862: (5Z)-dodecenoate biosynthesis I"	"TimeNW"	"TimeNW"	"TimeNW"	0.360197337434065	-0.0144260567140095	0.192323819564932	0.0691742382766254	0.826461206058769	0.0691742382766254	0.724765260335497	NA	"abundance"	46	46
"PYRIDOXSYN-PWY: pyridoxal 5'-phosphate biosynthesis I"	"Location"	"Centre"	"LocationCentre"	0.284770645502258	-0.134762365173622	0.217793722392091	0.0682988825495071	0.826461206058769	0.0682988825495071	0.723122110593216	NA	"abundance"	46	46
"FOLSYN-PWY: superpathway of tetrahydrofolate biosynthesis and salvage"	"Location"	"Centre"	"LocationCentre"	1.32744729541046	0	0.730336240338149	0.0691277744518542	0.826461206058769	0.0288018076003094	0.545925171333137	NA	"prevalence"	46	35
"GLUDEG-I-PWY: GABA shunt"	"Age"	"Age"	"Age"	0.870055027269548	0	0.482538950849983	0.0713760760635132	0.826461206058769	0.137657607892802	0.869745795322703	NA	"prevalence"	46	40
"GLYOXYLATE-BYPASS: glyoxylate cycle"	"Sex"	"Female"	"SexFemale"	1.22855905325275	0	0.684868582600633	0.072835354684163	0.826461206058769	0.140365720476358	0.872384882691619	NA	"prevalence"	46	35
"PWY-6612: superpathway of tetrahydrofolate biosynthesis"	"Location"	"Centre"	"LocationCentre"	1.32744729541046	0	0.730336240338149	0.0691277744518542	0.826461206058769	0.0248220642310232	0.496083780115865	NA	"prevalence"	46	35
"PWY-6803: phosphatidylcholine acyl editing"	"Location"	"Centre"	"LocationCentre"	1.22461483381691	0	0.676908097268013	0.070430789217297	0.826461206058769	0.00900427468243746	0.288656749889508	NA	"prevalence"	46	27
"PWY-6876: isopropanol biosynthesis (engineered)"	"TimeNW"	"TimeNW"	"TimeNW"	0.61241352997869	0	0.342619479778641	0.0738655685668514	0.826461206058769	0.142275014913999	0.872384882691619	NA	"prevalence"	46	15
"PWY-7031: protein N-glycosylation (bacterial)"	"FI"	"FI"	"FI"	0.890416386287389	0	0.492315833311448	0.0705087569576417	0.826461206058769	0.0705087569576417	0.730734916396603	NA	"prevalence"	46	6
"PWY-7254: TCA cycle VII (acetate-producers)"	"Sex"	"Female"	"SexFemale"	1.28699559165569	0	0.714483774995549	0.0716564968946303	0.826461206058769	0.138178340242051	0.870398306358536	NA	"prevalence"	46	20
"FASYN-ELONG-PWY: fatty acid elongation -- saturated"	"TimeNW"	"TimeNW"	"TimeNW"	0.328031166925621	-0.0144260567140095	0.180713278005036	0.0782948099486269	0.827908762461762	0.0782948099486269	0.743422876756537	NA	"abundance"	46	46
"FOLSYN-PWY: superpathway of tetrahydrofolate biosynthesis and salvage"	"TimeNW"	"TimeNW"	"TimeNW"	-0.362295496300341	-0.0144260567140095	0.181238043972243	0.0774995847746077	0.827908762461762	0.148992983908979	0.890115677507796	NA	"abundance"	46	35
"GLCMANNANAUT-PWY: superpathway of N-acetylglucosamine, N-acetylmannosamine and N-acetylneuraminate degradation"	"Location"	"Centre"	"LocationCentre"	-0.446307689886496	-0.134762365173622	0.167724566347733	0.0834810997217285	0.827908762461762	0.0834810997217285	0.753720177028358	NA	"abundance"	46	46
"LIPA-CORESYN-PWY: lipid A-core biosynthesis (E. coli K-12)"	"Age"	"Age"	"Age"	1.33117724242766	0.115099219485005	0.460888405385066	0.0780663746978315	0.827908762461762	0.150038390537201	0.893800126485896	NA	"abundance"	46	9
"P164-PWY: purine nucleobases degradation I (anaerobic)"	"Sex"	"Female"	"SexFemale"	0.408738673019727	-0.0946946073416741	0.272566277425494	0.0795162015590444	0.827908762461762	0.15270957680771	0.895719802447789	NA	"abundance"	46	44
"P461-PWY: hexitol fermentation to lactate, formate, ethanol and acetate"	"Age"	"Age"	"Age"	0.47131600791823	0.115099219485005	0.198488389228397	0.0829733680907634	0.827908762461762	0.159062156369201	0.897061821880354	NA	"abundance"	46	44
"PWY-5136: fatty acid &beta;-oxidation II (plant peroxisome)"	"Age"	"Age"	"Age"	0.474869220261674	0.115099219485005	0.195859941433772	0.0766706545912537	0.827908762461762	0.147462919907056	0.886944932551819	NA	"abundance"	46	41
"PWY-5505: L-glutamate and L-glutamine biosynthesis"	"Sex"	"Female"	"SexFemale"	0.508248160209467	-0.0946946073416741	0.330666343447934	0.0808550406733013	0.827908762461762	0.155172543744321	0.89621815431277	NA	"abundance"	46	44
"PWY-5675: nitrate reduction V (assimilatory)"	"Age"	"Age"	"Age"	0.7744074154903	0.115099219485005	0.361535712619476	0.0807161107968399	0.827908762461762	0.154917131051512	0.89621815431277	NA	"abundance"	46	31
"PWY-5861: superpathway of demethylmenaquinol-8 biosynthesis I"	"Age"	"Age"	"Age"	0.423747968946764	0.115099219485005	0.168971362536445	0.0792807657176278	0.827908762461762	0.152276091622482	0.895719802447789	NA	"abundance"	46	40
"PWY-5989: stearate biosynthesis II (bacteria and plants)"	"TimeNW"	"TimeNW"	"TimeNW"	0.343034561342919	-0.0144260567140095	0.187410606181952	0.0756490983139169	0.827908762461762	0.0756490983139169	0.740508779270031	NA	"abundance"	46	46
"PWY-6470: peptidoglycan biosynthesis V (&beta;-lactam resistance)"	"Location"	"Centre"	"LocationCentre"	0.607140990201837	-0.134762365173622	0.411737983846355	0.0825669373995025	0.827908762461762	0.158316575647472	0.897061821880354	NA	"abundance"	46	41
"PWY-6807: xyloglucan degradation II (exoglucanase)"	"Sex"	"Female"	"SexFemale"	1.34501728693704	-0.0946946073416741	0.757985432579747	0.0764893613128335	0.827908762461762	0.147128100231622	0.886944932551819	NA	"abundance"	46	22
"PWY-6897: thiamine diphosphate salvage II"	"Age"	"Age"	"Age"	0.0192275091695352	0.115099219485005	0.0482082720420965	0.0802009626295734	0.827908762461762	0.0802009626295734	0.746513424476163	NA	"abundance"	46	46
"PWY-7199: pyrimidine deoxyribonucleosides salvage"	"Location"	"Centre"	"LocationCentre"	0.0753365559651545	-0.134762365173622	0.103624780655512	0.0781969310430206	0.827908762461762	0.0781969310430206	0.743422876756537	NA	"abundance"	46	46
"PWY-7221: guanosine ribonucleotides de novo biosynthesis"	"Location"	"Centre"	"LocationCentre"	0.0473422629546799	-0.134762365173622	0.0854250755443413	0.0771449156854285	0.827908762461762	0.0771449156854285	0.743422876756537	NA	"abundance"	46	46
"PWY-7992: superpathway of menaquinol-8 biosynthesis III"	"Age"	"Age"	"Age"	-0.140727254201847	0.115099219485005	0.13464775980264	0.0773564337608118	0.827908762461762	0.148728849677433	0.890115677507796	NA	"abundance"	46	24
"PWY0-1296: purine ribonucleosides degradation"	"FI"	"FI"	"FI"	-0.144777585219723	-0.0218447081487729	0.0654067546218284	0.0835056886779619	0.827908762461762	0.0835056886779619	0.753720177028358	NA	"abundance"	46	46
"DENOVOPURINE2-PWY: superpathway of purine nucleotides de novo biosynthesis II"	"Age"	"Age"	"Age"	0.57088220479906	0	0.329909445642392	0.0835550997192179	0.827908762461762	0.160128744749347	0.897061821880354	NA	"prevalence"	46	19
"FOLSYN-PWY: superpathway of tetrahydrofolate biosynthesis and salvage"	"TimeNW"	"TimeNW"	"TimeNW"	0.904731111207351	0	0.518138278308932	0.0807902695970473	0.827908762461762	0.148992983908979	0.890115677507796	NA	"prevalence"	46	35
"P108-PWY: pyruvate fermentation to propanoate I"	"Age"	"Age"	"Age"	0.585243856037312	0	0.337651919421137	0.0830466834601476	0.827908762461762	0.159196615286565	0.897061821880354	NA	"prevalence"	46	25
"PRPP-PWY: superpathway of histidine, purine, and pyrimidine biosynthesis"	"Age"	"Age"	"Age"	0.57088220479906	0	0.329909445642392	0.0835550997192179	0.827908762461762	0.160128744749347	0.897061821880354	NA	"prevalence"	46	19
"PWY-5198: factor 420 biosynthesis II (mycobacteria)"	"Location"	"Centre"	"LocationCentre"	1.39595854290849	0	0.797661547865839	0.0801073176127097	0.827908762461762	0.153797452890316	0.895719802447789	NA	"prevalence"	46	12
"PWY-5494: pyruvate fermentation to propanoate II (acrylate pathway)"	"Location"	"Centre"	"LocationCentre"	-1.47939801860445	0	0.849572916188035	0.0816234384590865	0.827908762461762	0.156584491212289	0.897061821880354	NA	"prevalence"	46	8
"PWY-5675: nitrate reduction V (assimilatory)"	"Location"	"Centre"	"LocationCentre"	1.16343819006517	0	0.669780932505283	0.0823796049981962	0.827908762461762	0.104627130135981	0.802013111520293	NA	"prevalence"	46	31
"PWY-5918: superpathway of heme b biosynthesis from glutamate"	"Sex"	"Female"	"SexFemale"	1.20200787911898	0	0.679155663539868	0.0767510946655783	0.827908762461762	0.147611458798792	0.886944932551819	NA	"prevalence"	46	35
"PWY-6167: flavin biosynthesis II (archaea)"	"FI"	"FI"	"FI"	0.778822656535187	0	0.446527327995325	0.0811282457605749	0.827908762461762	0.0811282457605749	0.749380216962365	NA	"prevalence"	46	8
"PWY-6612: superpathway of tetrahydrofolate biosynthesis"	"TimeNW"	"TimeNW"	"TimeNW"	0.904731111207351	0	0.518138278308932	0.0807902695970473	0.827908762461762	0.13660935129859	0.865746192880121	NA	"prevalence"	46	35
"PWY-6953: dTDP-3-acetamido-&alpha;-D-fucose biosynthesis"	"Location"	"Centre"	"LocationCentre"	1.39995190385436	0	0.797624553755205	0.0792334032698473	0.827908762461762	0.152188874345972	0.895719802447789	NA	"prevalence"	46	13
"PWY-7094: fatty acid salvage"	"Sex"	"Female"	"SexFemale"	1.14203212054893	0	0.649500352754341	0.0786923800247881	0.827908762461762	0.151192269375611	0.895719802447789	NA	"prevalence"	46	24
"PWY-7187: pyrimidine deoxyribonucleotides de novo biosynthesis II"	"Age"	"Age"	"Age"	0.57088220479906	0	0.329909445642392	0.0835550997192179	0.827908762461762	0.160128744749347	0.897061821880354	NA	"prevalence"	46	19
"PWY-7237: myo-, chiro- and scyllo-inositol degradation"	"FI"	"FI"	"FI"	-0.633574756558822	0	0.35795949941035	0.0767334502478263	0.827908762461762	0.0812277837091101	0.749380216962365	NA	"prevalence"	46	34
"PWY-822: fructan biosynthesis"	"Location"	"Centre"	"LocationCentre"	1.27366133322598	0	0.727762861932494	0.0801002185513402	0.827908762461762	0.153784392090708	0.895719802447789	NA	"prevalence"	46	15
"REDCITCYC: TCA cycle VI (Helicobacter)"	"Location"	"Centre"	"LocationCentre"	1.15297102015054	0	0.664098277682931	0.0825381684729362	0.827908762461762	0.158263787691006	0.897061821880354	NA	"prevalence"	46	24
"TCA-GLYOX-BYPASS: superpathway of glyoxylate bypass and TCA"	"Sex"	"Female"	"SexFemale"	1.10940923409558	0	0.63767151578755	0.0818973569153044	0.827908762461762	0.0350718551947044	0.641445772639988	NA	"prevalence"	46	25
"PWY-6549: L-glutamine biosynthesis III"	"TimeNW"	"TimeNW"	"TimeNW"	0.293548127760776	-0.0144260567140095	0.16383517688807	0.0841423641556684	0.831193566887302	0.161204790865632	0.897061821880354	NA	"abundance"	46	43
"FAO-PWY: fatty acid &beta;-oxidation I (generic)"	"Age"	"Age"	"Age"	0.691575229572204	0.115099219485005	0.316086827270082	0.085469191444167	0.835288663128258	0.163633400202214	0.897061821880354	NA	"abundance"	46	24
"PWY-5918: superpathway of heme b biosynthesis from glutamate"	"Age"	"Age"	"Age"	0.587888530464636	0.115099219485005	0.264969921768573	0.0858419733799503	0.835288663128258	0.164315102366136	0.897061821880354	NA	"abundance"	46	35
"PWY0-1277: 3-phenylpropanoate and 3-(3-hydroxyphenyl)propanoate degradation"	"Sex"	"Female"	"SexFemale"	-2.41627432431028	-0.0946946073416741	1.18090124992823	0.0851806327007161	0.835288663128258	0.163105525214138	0.897061821880354	NA	"abundance"	46	14
"METHANOGENESIS-PWY: methanogenesis from H2 and CO2"	"Location"	"Centre"	"LocationCentre"	1.48969604532153	0	0.866985942337326	0.0857515613454662	0.835288663128258	0.116241415222092	0.816855125839389	NA	"prevalence"	46	10
"PWY-5209: methyl-coenzyme M oxidation to CO2"	"Location"	"Centre"	"LocationCentre"	1.48969604532153	0	0.866985942337326	0.0857515613454662	0.835288663128258	0.164149792417747	0.897061821880354	NA	"prevalence"	46	10
"FAO-PWY: fatty acid &beta;-oxidation I (generic)"	"TimeNW"	"TimeNW"	"TimeNW"	-0.630361429790281	-0.0144260567140095	0.336365237306243	0.0877345426477989	0.839503696377962	0.167771735321979	0.903269452466154	NA	"abundance"	46	24
"GLUCONEO-PWY: gluconeogenesis I"	"Sex"	"Female"	"SexFemale"	0.170569031869484	-0.0946946073416741	0.139002767615673	0.0880833109122723	0.839503696377962	0.0880833109122723	0.78150512022165	NA	"abundance"	46	46
"PWY-5265: peptidoglycan biosynthesis II (staphylococci)"	"Age"	"Age"	"Age"	-0.705678520446545	0.115099219485005	0.401792548751278	0.0874739357825142	0.839503696377962	0.167296182123745	0.903269452466154	NA	"abundance"	46	12
"PWY-7286: 7-(3-amino-3-carboxypropyl)-wyosine biosynthesis"	"FI"	"FI"	"FI"	0.708333882966848	-0.0218447081487729	0.343462728142168	0.0872877535729418	0.839503696377962	0.166956355222073	0.903269452466154	NA	"abundance"	46	11
"PWY-922: mevalonate pathway I (eukaryotes and bacteria)"	"FI"	"FI"	"FI"	-1.27567401370262	-0.0218447081487729	0.394516248186432	0.086545221175707	0.839503696377962	0.165600367043062	0.901505914581682	NA	"abundance"	46	8
"RUMP-PWY: formaldehyde oxidation I"	"Age"	"Age"	"Age"	-0.414864348018747	0.115099219485005	0.292875941701127	0.0879092317553642	0.839503696377962	0.16809043048291	0.903269452466154	NA	"abundance"	46	24
"PWY-6549: L-glutamine biosynthesis III"	"Sex"	"Female"	"SexFemale"	1.80791411693588	0	1.05769345432994	0.0873956216766694	0.839503696377962	0.167153248665087	0.903269452466154	NA	"prevalence"	46	43
"ARO-PWY: chorismate biosynthesis I"	"Sex"	"Female"	"SexFemale"	0.0586206174455923	-0.0946946073416741	0.0633798125358804	0.0904090022127209	0.847162793588103	0.0904090022127209	0.782480255952523	NA	"abundance"	46	46
"GLUDEG-I-PWY: GABA shunt"	"FI"	"FI"	"FI"	0.357099761459853	-0.0218447081487729	0.21697285998555	0.091292205353388	0.847162793588103	0.174250143948491	0.905949068804327	NA	"abundance"	46	40
"PWY-6285: superpathway of fatty acids biosynthesis (E. coli)"	"Sex"	"Female"	"SexFemale"	-1.35827198884465	-0.0946946073416741	0.690298883762042	0.0895014308614646	0.847162793588103	0.17099235559668	0.905949068804327	NA	"abundance"	46	20
"CENTFERM-PWY: pyruvate fermentation to butanoate"	"TimeNW"	"TimeNW"	"TimeNW"	-0.673622230725242	0	0.399487563815051	0.0917542471824653	0.847162793588103	0.17508965248891	0.905949068804327	NA	"prevalence"	46	41
"GLYCOL-GLYOXDEG-PWY: superpathway of glycol metabolism and degradation"	"TimeNW"	"TimeNW"	"TimeNW"	0.5761707208373	0	0.341334671214276	0.091412468537782	0.847162793588103	0.174468697671393	0.905949068804327	NA	"prevalence"	46	22
"PWY-5367: petroselinate biosynthesis"	"Sex"	"Female"	"SexFemale"	1.16115828793316	0	0.686924020175694	0.0909564860181455	0.847162793588103	0.173639889687522	0.905949068804327	NA	"prevalence"	46	31
"PWY-5971: palmitate biosynthesis (type II fatty acid synthase)"	"Sex"	"Female"	"SexFemale"	1.16115828793316	0	0.686924020175694	0.0909564860181455	0.847162793588103	0.173639889687522	0.905949068804327	NA	"prevalence"	46	31
"PWY-6284: superpathway of unsaturated fatty acids biosynthesis (E. coli)"	"Sex"	"Female"	"SexFemale"	1.16115828793316	0	0.686924020175694	0.0909564860181455	0.847162793588103	0.173639889687522	0.905949068804327	NA	"prevalence"	46	31
"PWY-6590: superpathway of Clostridium acetobutylicum acidogenic fermentation"	"TimeNW"	"TimeNW"	"TimeNW"	-0.673622230725242	0	0.399487563815051	0.0917542471824653	0.847162793588103	0.17508965248891	0.905949068804327	NA	"prevalence"	46	41
"PWY-6803: phosphatidylcholine acyl editing"	"TimeNW"	"TimeNW"	"TimeNW"	0.624024138802756	0	0.368512459858714	0.0903870258646761	0.847162793588103	0.014051906256393	0.333075118828948	NA	"prevalence"	46	27
"PWY-8190: L-glutamate degradation XI (reductive Stickland reaction)"	"TimeNW"	"TimeNW"	"TimeNW"	0.576538704445768	0	0.340378324517476	0.0903000001570946	0.847162793588103	0.172445910285818	0.905949068804327	NA	"prevalence"	46	11
"ORNDEG-PWY: superpathway of ornithine degradation"	"Location"	"Centre"	"LocationCentre"	-1.27299055923233	-0.134762365173622	0.64630476928267	0.0928524299147445	0.853286497607525	0.177083286088417	0.905949068804327	NA	"abundance"	46	28
"PWY-6700: queuosine biosynthesis I (de novo)"	"Sex"	"Female"	"SexFemale"	0.0976380923006304	-0.0946946073416741	0.0935471591651616	0.0932051405078989	0.853286497607525	0.0932051405078989	0.782480255952523	NA	"abundance"	46	46
"PWY0-1241: ADP-L-glycero-&beta;-D-manno-heptose biosynthesis"	"TimeNW"	"TimeNW"	"TimeNW"	0.284844606728594	-0.0144260567140095	0.163989639918207	0.0930824044354528	0.853286497607525	0.17750047485542	0.905949068804327	NA	"abundance"	46	44
"LIPA-CORESYN-PWY: lipid A-core biosynthesis (E. coli K-12)"	"TimeNW"	"TimeNW"	"TimeNW"	-3.63282929091493	-0.0144260567140095	1.49626202937092	0.094466870900678	0.86229037383238	0.180009752103591	0.905949068804327	NA	"abundance"	46	9
"PWY-5505: L-glutamate and L-glutamine biosynthesis"	"FI"	"FI"	"FI"	-0.298952246798753	-0.0218447081487729	0.160092955124408	0.0947192810640491	0.86229037383238	0.180466819922808	0.905949068804327	NA	"abundance"	46	44
"PWY-561: superpathway of glyoxylate cycle and fatty acid degradation"	"Sex"	"Female"	"SexFemale"	1.06257034312194	0	0.63678879428937	0.0951890301606924	0.864146223525839	0.142677815346687	0.872384882691619	NA	"prevalence"	46	27
"PWY-7371: 1,4-dihydroxy-6-naphthoate biosynthesis II"	"Age"	"Age"	"Age"	-0.166925561371638	0.115099219485005	0.159111024680147	0.0955544309637293	0.865047076969694	0.181978212650657	0.905949068804327	NA	"abundance"	46	25
"PWY-7115: C4 photosynthetic carbon assimilation cycle, NAD-ME type"	"Location"	"Centre"	"LocationCentre"	-0.803216653061561	-0.134762365173622	0.387072755453489	0.0959892309755166	0.866569446306747	0.122970987701934	0.832223965083102	NA	"abundance"	46	40
"THISYNARA-PWY: superpathway of thiamine diphosphate biosynthesis III (eukaryotes)"	"Sex"	"Female"	"SexFemale"	0.308459447271574	-0.0946946073416741	0.228802324003127	0.0963093467501621	0.867050905645504	0.0963093467501621	0.782480255952523	NA	"abundance"	46	46
"GLYCOLYSIS-E-D: superpathway of glycolysis and the Entner-Doudoroff pathway"	"Sex"	"Female"	"SexFemale"	0.259724707764137	-0.0946946073416741	0.200120805319216	0.097366361379873	0.870702397008796	0.097366361379873	0.782480255952523	NA	"abundance"	46	46
"PWY-5209: methyl-coenzyme M oxidation to CO2"	"Location"	"Centre"	"LocationCentre"	2.2067354074359	-0.134762365173622	1.08726172876329	0.0978741536888679	0.870702397008796	0.164149792417747	0.897061821880354	NA	"abundance"	46	10
"PWY-5971: palmitate biosynthesis (type II fatty acid synthase)"	"FI"	"FI"	"FI"	0.22661583474918	-0.0218447081487729	0.142448321585432	0.0970841844079202	0.870702397008796	0.184743029953689	0.905949068804327	NA	"abundance"	46	31
"PWY0-845: superpathway of pyridoxal 5'-phosphate biosynthesis and salvage"	"Location"	"Centre"	"LocationCentre"	0.176282233803324	-0.134762365173622	0.175829092213394	0.0975219119578798	0.870702397008796	0.0975219119578798	0.782480255952523	NA	"abundance"	46	46
"PWY-5392: reductive TCA cycle II"	"Location"	"Centre"	"LocationCentre"	1.90730614560031	0	1.15289700808362	0.0980544853246828	0.870702397008796	0.0980544853246828	0.782480255952523	NA	"prevalence"	46	7
"PWY-5022: 4-aminobutanoate degradation V"	"Age"	"Age"	"Age"	-0.254908362413186	0.115099219485005	0.215610322694678	0.0987145405376575	0.871799610726595	0.187684520561754	0.905949068804327	NA	"abundance"	46	34
"PWY-5004: superpathway of L-citrulline metabolism"	"TimeNW"	"TimeNW"	"TimeNW"	0.631816504156255	0	0.382630996180155	0.0986890993494831	0.871799610726595	0.0986890993494831	0.782480255952523	NA	"prevalence"	46	6
"PWY-6823: molybdopterin biosynthesis"	"FI"	"FI"	"FI"	-0.21235749981123	-0.0218447081487729	0.110753038903153	0.0992695014402183	0.87196183697489	0.0992695014402183	0.784003448874451	NA	"abundance"	46	46
"PWY-7409: phospholipid remodeling (phosphatidylethanolamine, yeast)"	"Sex"	"Female"	"SexFemale"	-2.14546653849036	-0.0946946073416741	1.09770168628241	0.0991009918123509	0.87196183697489	0.18838097704651	0.905949068804327	NA	"abundance"	46	14
"ECASYN-PWY: enterobacterial common antigen biosynthesis"	"Age"	"Age"	"Age"	0.844707823245624	0.115099219485005	0.386229649917741	0.101312193590959	0.873577285502945	0.192360226611706	0.905949068804327	NA	"abundance"	46	13
"HEMESYN2-PWY: heme b biosynthesis II (oxygen-independent)"	"Age"	"Age"	"Age"	0.497327803340166	0.115099219485005	0.22771068582131	0.10284314361298	0.873577285502945	0.195109575037761	0.905949068804327	NA	"abundance"	46	45
"PWY-5840: superpathway of menaquinol-7 biosynthesis"	"Location"	"Centre"	"LocationCentre"	-0.872893131199262	-0.134762365173622	0.431118126275835	0.101550782968393	0.873577285502945	0.192789004415292	0.905949068804327	NA	"abundance"	46	31
"PWY-5920: superpathway of heme b biosynthesis from glycine"	"Age"	"Age"	"Age"	0.655211992039737	0.115099219485005	0.314556518136985	0.102878393836549	0.873577285502945	0.19517282375471	0.905949068804327	NA	"abundance"	46	25
"PWY-6143: CMP-pseudaminate biosynthesis"	"Location"	"Centre"	"LocationCentre"	-1.68191836471244	-0.134762365173622	0.875294965490067	0.102947723183886	0.873577285502945	0.195297212659025	0.905949068804327	NA	"abundance"	46	18
"PWY-6507: 4-deoxy-L-threo-hex-4-enopyranuronate degradation"	"Age"	"Age"	"Age"	0.317581450063948	0.115099219485005	0.118467784647241	0.101206437084758	0.873577285502945	0.101206437084758	0.793901035411321	NA	"abundance"	46	46
"PWY0-1479: tRNA processing"	"Age"	"Age"	"Age"	0.42484978274951	0.115099219485005	0.183141438557981	0.101740320855104	0.873577285502945	0.193129548822508	0.905949068804327	NA	"abundance"	46	42
"PWY66-391: fatty acid &beta;-oxidation VI (mammalian peroxisome)"	"Sex"	"Female"	"SexFemale"	0.598774546433005	-0.0946946073416741	0.40366460406923	0.102545895622265	0.873577285502945	0.194576130535557	0.905949068804327	NA	"abundance"	46	29
"PYRIDNUCSYN-PWY: NAD de novo biosynthesis I (from aspartate)"	"Location"	"Centre"	"LocationCentre"	0.0248694506868405	-0.134762365173622	0.0791069836875958	0.101284256795881	0.873577285502945	0.101284256795881	0.793901035411321	NA	"abundance"	46	46
"P4-PWY: superpathway of L-lysine, L-threonine and L-methionine biosynthesis I"	"Age"	"Age"	"Age"	0.580256534570296	0	0.352770584363385	0.0999996729101645	0.873577285502945	0.189999411238189	0.905949068804327	NA	"prevalence"	46	31
"PWY-5104: L-isoleucine biosynthesis IV"	"Sex"	"Female"	"SexFemale"	1.00382705593486	0	0.615170784436085	0.102724581663299	0.873577285502945	0.194896823648699	0.905949068804327	NA	"prevalence"	46	27
"PWY0-1061: superpathway of L-alanine biosynthesis"	"Location"	"Centre"	"LocationCentre"	1.50380483256659	0	0.917582355629702	0.101238830015162	0.873577285502945	0.0898934228889443	0.782480255952523	NA	"prevalence"	46	41
"PWY0-781: aspartate superpathway"	"Age"	"Age"	"Age"	0.580256534570296	0	0.352770584363385	0.0999996729101645	0.873577285502945	0.189999411238189	0.905949068804327	NA	"prevalence"	46	31
"PWY-6147: 6-hydroxymethyl-dihydropterin diphosphate biosynthesis I"	"Age"	"Age"	"Age"	-0.0244102376116419	0.115099219485005	0.0808763324376346	0.103842300623515	0.878122436015452	0.103842300623515	0.802013111520293	NA	"abundance"	46	46
"PWY-6317: D-galactose degradation I (Leloir pathway)"	"Location"	"Centre"	"LocationCentre"	-0.400444265927759	-0.134762365173622	0.151011015558577	0.104564117765532	0.878122436015452	0.104564117765532	0.802013111520293	NA	"abundance"	46	46
"PWY-6628: superpathway of L-phenylalanine biosynthesis"	"TimeNW"	"TimeNW"	"TimeNW"	0.216818950687446	-0.0144260567140095	0.126745238377893	0.104102284681425	0.878122436015452	0.104102284681425	0.802013111520293	NA	"abundance"	46	46
"PWY-7992: superpathway of menaquinol-8 biosynthesis III"	"TimeNW"	"TimeNW"	"TimeNW"	0.292263170809739	-0.0144260567140095	0.170032712509237	0.104355959192514	0.878122436015452	0.197821752166038	0.906022929422719	NA	"abundance"	46	24
"PPGPPMET-PWY: ppGpp metabolism"	"Sex"	"Female"	"SexFemale"	1.27028793380627	0	0.78349438613963	0.104950993456932	0.879099816327396	0.198887275886268	0.906022929422719	NA	"prevalence"	46	39
"ECASYN-PWY: enterobacterial common antigen biosynthesis"	"Age"	"Age"	"Age"	0.587050598991194	0	0.362800108433476	0.105638825186005	0.882586585744257	0.192360226611706	0.905949068804327	NA	"prevalence"	46	13
"AEROBACTINSYN-PWY: aerobactin biosynthesis"	"Sex"	"Female"	"SexFemale"	-2.59102634205481	-0.0946946073416741	1.10034947862321	0.108354073959983	0.894045458182009	0.20496754257624	0.921028720412631	NA	"abundance"	46	9
"GALACTUROCAT-PWY: D-galacturonate degradation I"	"Sex"	"Female"	"SexFemale"	0.261269756224586	-0.0946946073416741	0.208043644554106	0.10838581862268	0.894045458182009	0.10838581862268	0.812484435162572	NA	"abundance"	46	46
"HSERMETANA-PWY: L-methionine biosynthesis III"	"Sex"	"Female"	"SexFemale"	0.108522937816939	-0.0946946073416741	0.107469081723134	0.107893778564777	0.894045458182009	0.107893778564777	0.812484435162572	NA	"abundance"	46	46
"PWY-6519: 8-amino-7-oxononanoate biosynthesis I"	"TimeNW"	"TimeNW"	"TimeNW"	0.271839379429205	-0.0144260567140095	0.164708717411929	0.108145507120531	0.894045458182009	0.108145507120531	0.812484435162572	NA	"abundance"	46	46
"PWY-5265: peptidoglycan biosynthesis II (staphylococci)"	"Sex"	"Female"	"SexFemale"	1.21648880342118	0	0.755590606461789	0.107401344535759	0.894045458182009	0.203267640263429	0.91734422066937	NA	"prevalence"	46	12
"PWY-5941: glycogen degradation II"	"FI"	"FI"	"FI"	-0.136644943553639	-0.0218447081487729	0.0664586714236909	0.10928373988251	0.897548603717525	0.10928373988251	0.812484435162572	NA	"abundance"	46	46
"PWY-5981: CDP-diacylglycerol biosynthesis III"	"Sex"	"Female"	"SexFemale"	-1.84960178929851	0	1.15523321601349	0.109362845252966	0.897548603717525	0.206765458584108	0.927109636877128	NA	"prevalence"	46	39
"PWY-5981: CDP-diacylglycerol biosynthesis III"	"Age"	"Age"	"Age"	-0.355271644260959	0.115099219485005	0.28550448614279	0.109923126781395	0.899874463575655	0.207763159761392	0.929584094640562	NA	"abundance"	46	39
"PWY0-1241: ADP-L-glycero-&beta;-D-manno-heptose biosynthesis"	"FI"	"FI"	"FI"	0.241257556068789	-0.0218447081487729	0.159513942743671	0.110465967672473	0.902046218430997	0.20872920533113	0.929915369904712	NA	"abundance"	46	44
"GLYCOLYSIS-TCA-GLYOX-BYPASS: superpathway of glycolysis, pyruvate dehydrogenase, TCA, and glyoxylate bypass"	"FI"	"FI"	"FI"	0.587887479381602	-0.0218447081487729	0.351527309130917	0.114026315873052	0.904123667338871	0.215050631034523	0.931415651367086	NA	"abundance"	46	16
"PENTOSE-P-PWY: pentose phosphate pathway"	"FI"	"FI"	"FI"	0.0707887368781016	-0.0218447081487729	0.0531176843980601	0.116074247821514	0.904123667338871	0.116074247821514	0.816855125839389	NA	"abundance"	46	46
"PWY-2942: L-lysine biosynthesis III"	"Location"	"Centre"	"LocationCentre"	0.0797818249167633	-0.134762365173622	0.122621487390459	0.11657649431511	0.904123667338871	0.11657649431511	0.816855125839389	NA	"abundance"	46	46
"PWY-5198: factor 420 biosynthesis II (mycobacteria)"	"Location"	"Centre"	"LocationCentre"	2.37829586578973	-0.134762365173622	1.37018952366584	0.116494446331746	0.904123667338871	0.153797452890316	0.895719802447789	NA	"abundance"	46	12
"PWY-5838: superpathway of menaquinol-8 biosynthesis I"	"Age"	"Age"	"Age"	0.366686539308299	0.115099219485005	0.156240211348021	0.120692211634311	0.904123667338871	0.226817813319441	0.931415651367086	NA	"abundance"	46	40
"PWY-5860: superpathway of demethylmenaquinol-6 biosynthesis I"	"Location"	"Centre"	"LocationCentre"	-1.23561961961369	-0.134762365173622	0.671301723141552	0.119284546323	0.904123667338871	0.224340289654517	0.931415651367086	NA	"abundance"	46	24
"PWY-5897: superpathway of menaquinol-11 biosynthesis"	"Age"	"Age"	"Age"	0.384988975284197	0.115099219485005	0.163831632530737	0.111774031194081	0.904123667338871	0.211054628338786	0.931415651367086	NA	"abundance"	46	40
"PWY-5898: superpathway of menaquinol-12 biosynthesis"	"Age"	"Age"	"Age"	0.384988975284197	0.115099219485005	0.163831632530737	0.112013586509171	0.904123667338871	0.211480129455694	0.931415651367086	NA	"abundance"	46	40
"PWY-5899: superpathway of menaquinol-13 biosynthesis"	"Age"	"Age"	"Age"	0.384988975284197	0.115099219485005	0.163831632530737	0.111995171695133	0.904123667338871	0.211447424907244	0.931415651367086	NA	"abundance"	46	40
"PWY-6478: GDP-D-glycero-&alpha;-D-manno-heptose biosynthesis"	"Sex"	"Female"	"SexFemale"	1.64609684538294	-0.0946946073416741	0.805775641121598	0.120246144667551	0.904123667338871	0.226033154027692	0.931415651367086	NA	"abundance"	46	9
"PWY-6478: GDP-D-glycero-&alpha;-D-manno-heptose biosynthesis"	"TimeNW"	"TimeNW"	"TimeNW"	-1.32457455382051	-0.0144260567140095	0.591417976031034	0.11463208328077	0.904123667338871	0.216123652044251	0.931415651367086	NA	"abundance"	46	9
"PWY-6609: adenine and adenosine salvage III"	"FI"	"FI"	"FI"	-0.0914477813708129	-0.0218447081487729	0.037882456698266	0.120881576545298	0.904123667338871	0.120881576545298	0.825301019075319	NA	"abundance"	46	46
"PWY-6859: all-trans-farnesol biosynthesis"	"Location"	"Centre"	"LocationCentre"	0.577317269797668	-0.134762365173622	0.438468821264232	0.115291037887792	0.904123667338871	0.217290052358339	0.931415651367086	NA	"abundance"	46	43
"PWY-6936: seleno-amino acid biosynthesis (plants)"	"Age"	"Age"	"Age"	0.321578542839464	0.115099219485005	0.125585081516022	0.114005464027755	0.904123667338871	0.114005464027755	0.816855125839389	NA	"abundance"	46	46
"PWY-7242: D-fructuronate degradation"	"Age"	"Age"	"Age"	0.293431847353844	0.115099219485005	0.109372355152669	0.119100219786654	0.904123667338871	0.119100219786654	0.816855125839389	NA	"abundance"	46	46
"PWY-7873: D-erythronate degradation II"	"FI"	"FI"	"FI"	0.128471256326798	-0.0218447081487729	0.0166984546017708	0.117679271866538	0.904123667338871	0.221510132706038	0.931415651367086	NA	"abundance"	46	7
"PWY-7874: L-threonate degradation"	"Sex"	"Female"	"SexFemale"	-1.6948007147267	-0.0946946073416741	0.904804051094	0.120902000845132	0.904123667338871	0.227186707881908	0.931415651367086	NA	"abundance"	46	13
"PWY-8178: pentose phosphate pathway (non-oxidative branch) II"	"Age"	"Age"	"Age"	0.220669781665065	0.115099219485005	0.0612161941672005	0.115241082182389	0.904123667338871	0.115241082182389	0.816855125839389	NA	"abundance"	46	46
"PWY-8190: L-glutamate degradation XI (reductive Stickland reaction)"	"FI"	"FI"	"FI"	-1.2747222354042	-0.0218447081487729	0.673051949917652	0.121848051167516	0.904123667338871	0.22884915476171	0.931415651367086	NA	"abundance"	46	11
"PWY0-41: allantoin degradation IV (anaerobic)"	"TimeNW"	"TimeNW"	"TimeNW"	10.3835859186999	-0.0144260567140095	4.79801462654537	0.118791444084003	0.904123667338871	0.223471480980443	0.931415651367086	NA	"abundance"	46	9
"PWY0-42: 2-methylcitrate cycle I"	"Sex"	"Female"	"SexFemale"	-1.39425876008702	-0.0946946073416741	0.793904367437295	0.120055639101165	0.904123667338871	0.22569792172234	0.931415651367086	NA	"abundance"	46	24
"PWY66-367: ketogenesis"	"Sex"	"Female"	"SexFemale"	-1.8442312368255	-0.0946946073416741	0.886878236372758	0.120474582586485	0.904123667338871	0.226435040123583	0.931415651367086	NA	"abundance"	46	10
"UNINTEGRATED"	"Sex"	"Female"	"SexFemale"	0.00259788291960515	-0.0946946073416741	0.00297255951218696	0.121123315029759	0.904123667338871	0.121123315029759	0.825301019075319	NA	"abundance"	46	46
"ALLANTOINDEG-PWY: superpathway of allantoin degradation in yeast"	"Age"	"Age"	"Age"	0.524406860063943	0	0.338773928580892	0.121633086117069	0.904123667338871	0.228471564595776	0.931415651367086	NA	"prevalence"	46	19
"CATECHOL-ORTHO-CLEAVAGE-PWY: catechol degradation to &beta;-ketoadipate"	"FI"	"FI"	"FI"	-1.05525481533734	0	0.663389474621272	0.111676707100075	0.904123667338871	0.111676707100075	0.816855125839389	NA	"prevalence"	46	6
"P124-PWY: Bifidobacterium shunt"	"FI"	"FI"	"FI"	-0.571339502830379	0	0.36650907728861	0.119027476681104	0.904123667338871	0.223887413157137	0.931415651367086	NA	"prevalence"	46	19
"PROPFERM-PWY: superpathway of L-alanine fermentation (Stickland reaction)"	"FI"	"FI"	"FI"	0.584744317725428	0	0.377743523684625	0.12162398997582	0.904123667338871	0.228455585014001	0.931415651367086	NA	"prevalence"	46	7
"PROTOCATECHUATE-ORTHO-CLEAVAGE-PWY: protocatechuate degradation II (ortho-cleavage pathway)"	"Age"	"Age"	"Age"	0.766844054887604	0	0.488503701143853	0.116465961444967	0.904123667338871	0.116465961444967	0.816855125839389	NA	"prevalence"	46	7
"PROTOCATECHUATE-ORTHO-CLEAVAGE-PWY: protocatechuate degradation II (ortho-cleavage pathway)"	"Sex"	"Female"	"SexFemale"	2.00445857948219	0	1.27754096130441	0.116648520622691	0.904123667338871	0.116648520622691	0.816855125839389	NA	"prevalence"	46	7
"PWY-1861: formaldehyde assimilation II (assimilatory RuMP Cycle)"	"Sex"	"Female"	"SexFemale"	1.69297983664893	0	1.08006856316955	0.117003842506574	0.904123667338871	0.220317785851844	0.931415651367086	NA	"prevalence"	46	43
"PWY-5494: pyruvate fermentation to propanoate II (acrylate pathway)"	"FI"	"FI"	"FI"	0.587594052446495	0	0.375500625687126	0.117623145004655	0.904123667338871	0.221411085768525	0.931415651367086	NA	"prevalence"	46	8
"PWY-6143: CMP-pseudaminate biosynthesis"	"Location"	"Centre"	"LocationCentre"	1.05774090540772	0	0.674897240964616	0.117053427083756	0.904123667338871	0.195297212659025	0.905949068804327	NA	"prevalence"	46	18
"PWY-6350: archaetidylinositol biosynthesis"	"Age"	"Age"	"Age"	0.741893085578302	0	0.471216688880934	0.115390330980926	0.904123667338871	0.115390330980926	0.816855125839389	NA	"prevalence"	46	10
"PWY-6350: archaetidylinositol biosynthesis"	"Sex"	"Female"	"SexFemale"	-1.51872039904879	0	0.969418565929782	0.117201155251875	0.904123667338871	0.117201155251875	0.816855125839389	NA	"prevalence"	46	10
"PWY-6545: pyrimidine deoxyribonucleotides de novo biosynthesis III"	"Sex"	"Female"	"SexFemale"	1.22374275128259	0	0.783921481169391	0.118511315059119	0.904123667338871	0.222977698321196	0.931415651367086	NA	"prevalence"	46	39
"PWY-7184: pyrimidine deoxyribonucleotides de novo biosynthesis I"	"Sex"	"Female"	"SexFemale"	1.22374275128259	0	0.783921481169391	0.118511315059119	0.904123667338871	0.222977698321196	0.931415651367086	NA	"prevalence"	46	39
"PWY-7312: dTDP-&beta;-D-fucofuranose biosynthesis"	"Location"	"Centre"	"LocationCentre"	1.03939361840365	0	0.669130399600827	0.12033957246711	0.904123667338871	0.226197532232653	0.931415651367086	NA	"prevalence"	46	21
"PWY-8188: L-alanine degradation VI (reductive Stickland reaction)"	"FI"	"FI"	"FI"	0.584744317725428	0	0.377743523684625	0.12162398997582	0.904123667338871	0.228455585014001	0.931415651367086	NA	"prevalence"	46	7
"PWY-8189: L-alanine degradation V (oxidative Stickland reaction)"	"FI"	"FI"	"FI"	0.584744317725428	0	0.377743523684625	0.12162398997582	0.904123667338871	0.228455585014001	0.931415651367086	NA	"prevalence"	46	7
"UBISYN-PWY: superpathway of ubiquinol-8 biosynthesis (early decarboxylation)"	"Age"	"Age"	"Age"	0.749072314946718	0	0.47304423506938	0.113304287930303	0.904123667338871	0.213770714197213	0.931415651367086	NA	"prevalence"	46	8
"PWY66-399: gluconeogenesis III"	"TimeNW"	"TimeNW"	"TimeNW"	-0.226990637252336	-0.0144260567140095	0.121900181699587	0.122632304962547	0.90580679801881	0.230225927704666	0.931415651367086	NA	"abundance"	46	45
"PWY-6708: ubiquinol-8 biosynthesis (early decarboxylation)"	"Age"	"Age"	"Age"	0.693243585473073	0	0.448784185481489	0.122415256857932	0.90580679801881	0.229845018604272	0.931415651367086	NA	"prevalence"	46	9
"PWY-6317: D-galactose degradation I (Leloir pathway)"	"FI"	"FI"	"FI"	-0.139135822994651	-0.0218447081487729	0.0711326569302461	0.123403588767086	0.909436878669002	0.123403588767086	0.832223965083102	NA	"abundance"	46	46
"PWY-5005: biotin biosynthesis II"	"FI"	"FI"	"FI"	0.293540821516021	-0.0218447081487729	0.198019256826534	0.124194538526525	0.913195136224451	0.232964793653234	0.934099220705756	NA	"abundance"	46	35
"PWY-7316: dTDP-N-acetylviosamine biosynthesis"	"Location"	"Centre"	"LocationCentre"	-1.44840468363012	-0.134762365173622	0.812483795246531	0.125141692373731	0.914981391646661	0.125335574224921	0.839017078957316	NA	"abundance"	46	23
"KETOGLUCONMET-PWY: ketogluconate metabolism"	"Sex"	"Female"	"SexFemale"	0.957798796966903	0	0.624797488884636	0.12528206747162	0.914981391646661	0.234868538513276	0.939924957389981	NA	"prevalence"	46	27
"PWY0-1338: polymyxin resistance"	"Sex"	"Female"	"SexFemale"	0.965256806803751	0	0.629542067595911	0.125209796619024	0.914981391646661	0.0498223057904042	0.686415561393386	NA	"prevalence"	46	21
"BIOTIN-BIOSYNTHESIS-PWY: biotin biosynthesis I"	"TimeNW"	"TimeNW"	"TimeNW"	0.236847065773069	-0.0144260567140095	0.150470072528798	0.126356846891997	0.917951808332121	0.126356846891997	0.840215997184584	NA	"abundance"	46	46
"NONMEVIPP-PWY: methylerythritol phosphate pathway I"	"Sex"	"Female"	"SexFemale"	0.0642613810244805	-0.0946946073416741	0.0819233917400196	0.126536126194705	0.917951808332121	0.126536126194705	0.840215997184584	NA	"abundance"	46	46
"PWY-7883: anhydromuropeptides recycling II"	"Age"	"Age"	"Age"	0.521689328380532	0	0.341194299750853	0.126262086871028	0.917951808332121	0.236582059161029	0.943161746368538	NA	"prevalence"	46	26
"COMPLETE-ARO-PWY: superpathway of aromatic amino acid biosynthesis"	"Sex"	"Female"	"SexFemale"	0.0412372598165097	-0.0946946073416741	0.0624939993089513	0.127415864464362	0.920868472331041	0.127415864464362	0.84337167431173	NA	"abundance"	46	46
"PWY-5913: partial TCA cycle (obligate autotrophs)"	"Age"	"Age"	"Age"	0.528559021991966	0.115099219485005	0.264694841878701	0.127504865399683	0.920868472331041	0.238752240098774	0.946384830049322	NA	"abundance"	46	44
"THISYN-PWY: superpathway of thiamine diphosphate biosynthesis I"	"Age"	"Age"	"Age"	0.021819115586688	0.115099219485005	0.0554115307974695	0.127919145524814	0.921812024291899	0.127919145524814	0.844023476010246	NA	"abundance"	46	46
"1CMET2-PWY: folate transformations III (E. coli)"	"Location"	"Centre"	"LocationCentre"	0.011706024674785	-0.134762365173622	0.0794713084728222	0.133027526240924	0.937837198006799	0.133027526240924	0.857461487585441	NA	"abundance"	46	46
"GLUCUROCAT-PWY: superpathway of &beta;-D-glucuronosides degradation"	"Age"	"Age"	"Age"	0.271632032343864	0.115099219485005	0.098801500371334	0.131779998614806	0.937837198006799	0.131779998614806	0.857461487585441	NA	"abundance"	46	46
"PWY-1042: glycolysis IV"	"FI"	"FI"	"FI"	-0.0906572328090356	-0.0218447081487729	0.038672969223084	0.130605073082603	0.937837198006799	0.130605073082603	0.856325715022727	NA	"abundance"	46	46
"PWY-1042: glycolysis IV"	"Sex"	"Female"	"SexFemale"	0.0582129372701041	-0.0946946073416741	0.078803194819093	0.132488749977547	0.937837198006799	0.132488749977547	0.857461487585441	NA	"abundance"	46	46
"PWY-5494: pyruvate fermentation to propanoate II (acrylate pathway)"	"TimeNW"	"TimeNW"	"TimeNW"	1.00812101079138	-0.0144260567140095	0.411061808475703	0.132708421641618	0.937837198006799	0.247805318108627	0.954417715573453	NA	"abundance"	46	8
"PWY-5656: mannosylglycerate biosynthesis I"	"Sex"	"Female"	"SexFemale"	-1.52775378307251	-0.0946946073416741	0.907084922508171	0.133317164762813	0.937837198006799	0.248860863105231	0.954417715573453	NA	"abundance"	46	23
"PWY-5897: superpathway of menaquinol-11 biosynthesis"	"Location"	"Centre"	"LocationCentre"	-0.680071811107515	-0.134762365173622	0.350743781016041	0.133156724669488	0.937837198006799	0.248582736014271	0.954417715573453	NA	"abundance"	46	40
"PWY-5898: superpathway of menaquinol-12 biosynthesis"	"Location"	"Centre"	"LocationCentre"	-0.680071811107515	-0.134762365173622	0.350743781016041	0.133188179433644	0.937837198006799	0.24863726772644	0.954417715573453	NA	"abundance"	46	40
"PWY-5899: superpathway of menaquinol-13 biosynthesis"	"Location"	"Centre"	"LocationCentre"	-0.680071811107515	-0.134762365173622	0.350743781016041	0.133142564626009	0.937837198006799	0.248558186736828	0.954417715573453	NA	"abundance"	46	40
"PWY0-1277: 3-phenylpropanoate and 3-(3-hydroxyphenyl)propanoate degradation"	"Age"	"Age"	"Age"	0.83118872773669	0.115099219485005	0.426811098210276	0.132132299764135	0.937837198006799	0.0418742517219451	0.676804766203531	NA	"abundance"	46	14
"PWY-6168: flavin biosynthesis III (fungi)"	"Location"	"Centre"	"LocationCentre"	1.12803623519157	0	0.747451804951103	0.131253842477352	0.937837198006799	0.245280113789635	0.954417715573453	NA	"prevalence"	46	36
"PWY-6606: guanosine nucleotides degradation II"	"Age"	"Age"	"Age"	0.420554002031029	0.115099219485005	0.198315108672062	0.133826605725336	0.939387621182165	0.133826605725336	0.857461487585441	NA	"abundance"	46	46
"AEROBACTINSYN-PWY: aerobactin biosynthesis"	"TimeNW"	"TimeNW"	"TimeNW"	-0.726650177667399	-0.0144260567140095	0.367054158677571	0.151044304594337	0.948232668353553	0.279274227238288	0.954417715573453	NA	"abundance"	46	9
"ALLANTOINDEG-PWY: superpathway of allantoin degradation in yeast"	"Age"	"Age"	"Age"	-0.463704740070725	0.115099219485005	0.371188691653176	0.143504458604015	0.948232668353553	0.228471564595776	0.931415651367086	NA	"abundance"	46	19
"ALLANTOINDEG-PWY: superpathway of allantoin degradation in yeast"	"Location"	"Centre"	"LocationCentre"	1.14275766278965	-0.134762365173622	0.820636425285799	0.143872436800609	0.948232668353553	0.267045595530273	0.954417715573453	NA	"abundance"	46	19
"ALLANTOINDEG-PWY: superpathway of allantoin degradation in yeast"	"Sex"	"Female"	"SexFemale"	1.01450871529364	-0.0946946073416741	0.710648756378203	0.143801574821726	0.948232668353553	0.266924256722243	0.954417715573453	NA	"abundance"	46	19
"ANAEROFRUCAT-PWY: homolactic fermentation"	"Sex"	"Female"	"SexFemale"	0.0792541670431908	-0.0946946073416741	0.103147682753815	0.153459345313744	0.948232668353553	0.153459345313744	0.895719802447789	NA	"abundance"	46	46
"CARNMET-PWY: L-carnitine degradation I"	"TimeNW"	"TimeNW"	"TimeNW"	-2.83811041313246	-0.0144260567140095	1.23968485843568	0.150691923765038	0.948232668353553	0.278675791642068	0.954417715573453	NA	"abundance"	46	8
"CITRULBIO-PWY: L-citrulline biosynthesis"	"Sex"	"Female"	"SexFemale"	-0.389754549914995	-0.0946946073416741	0.198269547234711	0.162232020598671	0.948232668353553	0.162232020598671	0.897061821880354	NA	"abundance"	46	46
"DENOVOPURINE2-PWY: superpathway of purine nucleotides de novo biosynthesis II"	"Location"	"Centre"	"LocationCentre"	-1.05641071324682	-0.134762365173622	0.593058045316956	0.145543203149558	0.948232668353553	0.269903582316082	0.954417715573453	NA	"abundance"	46	19
"ECASYN-PWY: enterobacterial common antigen biosynthesis"	"Location"	"Centre"	"LocationCentre"	-1.39285686475507	-0.134762365173622	0.785508389249051	0.153774288668574	0.948232668353553	0.283902045481622	0.954417715573453	NA	"abundance"	46	13
"FERMENTATION-PWY: mixed acid fermentation"	"Age"	"Age"	"Age"	0.376937675211449	0.115099219485005	0.172387858099819	0.139705974007085	0.948232668353553	0.139705974007085	0.872384882691619	NA	"abundance"	46	46
"FUC-RHAMCAT-PWY: superpathway of fucose and rhamnose degradation"	"Age"	"Age"	"Age"	0.299626304206106	0.115099219485005	0.127473169185341	0.162734995204417	0.948232668353553	0.298987311744653	0.954417715573453	NA	"abundance"	46	44
"GALACT-GLUCUROCAT-PWY: superpathway of hexuronide and hexuronate degradation"	"Age"	"Age"	"Age"	0.314020912617509	0.115099219485005	0.137900945617041	0.16239197834829	0.948232668353553	0.298412802064708	0.954417715573453	NA	"abundance"	46	44
"GLCMANNANAUT-PWY: superpathway of N-acetylglucosamine, N-acetylmannosamine and N-acetylneuraminate degradation"	"Age"	"Age"	"Age"	0.243520984360542	0.115099219485005	0.0814738623765866	0.136205598278592	0.948232668353553	0.136205598278592	0.865746192880121	NA	"abundance"	46	46
"HCAMHPDEG-PWY: 3-phenylpropanoate and 3-(3-hydroxyphenyl)propanoate degradation to 2-hydroxypentadienoate"	"Sex"	"Female"	"SexFemale"	-2.53038923572969	-0.0946946073416741	1.5671638617057	0.158895090300611	0.948232668353553	0.292542530879582	0.954417715573453	NA	"abundance"	46	14
"HEME-BIOSYNTHESIS-II: heme b biosynthesis I (aerobic)"	"Age"	"Age"	"Age"	0.463244663482924	0.115099219485005	0.238581107262276	0.154777410276693	0.948232668353553	0.285598773821426	0.954417715573453	NA	"abundance"	46	43
"LIPASYN-PWY: phospholipases"	"Age"	"Age"	"Age"	2.07721208115934	0.115099219485005	0.858501344934922	0.149701979808657	0.948232668353553	0.10965393243724	0.812484435162572	NA	"abundance"	46	8
"LIPASYN-PWY: phospholipases"	"Sex"	"Female"	"SexFemale"	-7.85453328202419	-0.0946946073416741	3.37599302674718	0.148333680531128	0.948232668353553	0.274664480282345	0.954417715573453	NA	"abundance"	46	8
"NAD-BIOSYNTHESIS-II: NAD salvage pathway III (to nicotinamide riboside)"	"Sex"	"Female"	"SexFemale"	-1.03579964688011	-0.0946946073416741	0.648401849277273	0.159497966524024	0.948232668353553	0.293556331722749	0.954417715573453	NA	"abundance"	46	34
"P125-PWY: superpathway of (R,R)-butanediol biosynthesis"	"Age"	"Age"	"Age"	-0.637529571702559	0.115099219485005	0.507647792035727	0.162046434061942	0.948232668353553	0.297833821331693	0.954417715573453	NA	"abundance"	46	19
"P125-PWY: superpathway of (R,R)-butanediol biosynthesis"	"TimeNW"	"TimeNW"	"TimeNW"	-0.662472735545141	-0.0144260567140095	0.415878705378859	0.146600234558299	0.948232668353553	0.27170884034405	0.954417715573453	NA	"abundance"	46	19
"P221-PWY: octane oxidation"	"Age"	"Age"	"Age"	0.974873735110835	0.115099219485005	0.577139491335128	0.162323599417628	0.948232668353553	0.298298247907361	0.954417715573453	NA	"abundance"	46	18
"P221-PWY: octane oxidation"	"TimeNW"	"TimeNW"	"TimeNW"	-1.56649228507237	-0.0144260567140095	0.991055157739575	0.143903113121048	0.948232668353553	0.267098120276166	0.954417715573453	NA	"abundance"	46	18
"P42-PWY: incomplete reductive TCA cycle"	"TimeNW"	"TimeNW"	"TimeNW"	0.326376970962088	-0.0144260567140095	0.217476296855182	0.137590077901644	0.948232668353553	0.256249126266308	0.954417715573453	NA	"abundance"	46	45
"P441-PWY: superpathway of N-acetylneuraminate degradation"	"Age"	"Age"	"Age"	0.328660286215769	0.115099219485005	0.14294018265185	0.148446771440145	0.948232668353553	0.274857098929286	0.954417715573453	NA	"abundance"	46	45
"PRPP-PWY: superpathway of histidine, purine, and pyrimidine biosynthesis"	"Location"	"Centre"	"LocationCentre"	-0.944249071486411	-0.134762365173622	0.515927888686851	0.142293671933323	0.948232668353553	0.264339854794377	0.954417715573453	NA	"abundance"	46	19
"PWY-1042: glycolysis IV"	"Age"	"Age"	"Age"	0.0494630592084849	0.115099219485005	0.0398812482116958	0.162650766820221	0.948232668353553	0.162650766820221	0.897061821880354	NA	"abundance"	46	46
"PWY-5121: superpathway of geranylgeranyl diphosphate biosynthesis II (via MEP)"	"Location"	"Centre"	"LocationCentre"	0.396813173340012	-0.134762365173622	0.365653898890893	0.158287789142777	0.948232668353553	0.291520554093846	0.954417715573453	NA	"abundance"	46	45
"PWY-5130: 2-oxobutanoate degradation I"	"Age"	"Age"	"Age"	-0.175277478630077	0.115099219485005	0.195766933802889	0.149191362073238	0.948232668353553	0.276124661629208	0.954417715573453	NA	"abundance"	46	43
"PWY-5494: pyruvate fermentation to propanoate II (acrylate pathway)"	"Sex"	"Female"	"SexFemale"	1.22726905798939	-0.0946946073416741	0.585837595992538	0.154029707156264	0.948232668353553	0.284334263625883	0.954417715573453	NA	"abundance"	46	8
"PWY-5656: mannosylglycerate biosynthesis I"	"Location"	"Centre"	"LocationCentre"	-1.48758599042081	-0.134762365173622	0.902590756057905	0.152866452774204	0.948232668353553	0.28236475316464	0.954417715573453	NA	"abundance"	46	23
"PWY-5850: superpathway of menaquinol-6 biosynthesis"	"Location"	"Centre"	"LocationCentre"	-1.08778836572709	-0.134762365173622	0.616418598717141	0.140610639472831	0.948232668353553	0.261449927012704	0.954417715573453	NA	"abundance"	46	24
"PWY-5861: superpathway of demethylmenaquinol-8 biosynthesis I"	"Location"	"Centre"	"LocationCentre"	-0.684305800981832	-0.134762365173622	0.361747323541723	0.142221681786032	0.948232668353553	0.264216356802016	0.954417715573453	NA	"abundance"	46	40
"PWY-5862: superpathway of demethylmenaquinol-9 biosynthesis"	"Age"	"Age"	"Age"	0.393668944573286	0.115099219485005	0.181123789443769	0.137003302362812	0.948232668353553	0.115636736974681	0.816855125839389	NA	"abundance"	46	36
"PWY-5896: superpathway of menaquinol-10 biosynthesis"	"Location"	"Centre"	"LocationCentre"	-1.08778836572709	-0.134762365173622	0.616418598717141	0.140733667750565	0.948232668353553	0.261661370262604	0.954417715573453	NA	"abundance"	46	24
"PWY-6163: chorismate biosynthesis from 3-dehydroquinate"	"Sex"	"Female"	"SexFemale"	0.0499024881383161	-0.0946946073416741	0.0753097604747891	0.144012814004853	0.948232668353553	0.144012814004853	0.875413169679648	NA	"abundance"	46	46
"PWY-6353: purine nucleotides degradation II (aerobic)"	"Sex"	"Female"	"SexFemale"	0.398790980453144	-0.0946946073416741	0.338703630208074	0.159726418987539	0.948232668353553	0.293940309052496	0.954417715573453	NA	"abundance"	46	45
"PWY-6478: GDP-D-glycero-&alpha;-D-manno-heptose biosynthesis"	"Age"	"Age"	"Age"	-0.576633671694533	0.115099219485005	0.360970818736997	0.15160059686025	0.948232668353553	0.280218452752116	0.954417715573453	NA	"abundance"	46	9
"PWY-6595: superpathway of guanosine nucleotides degradation (plants)"	"Age"	"Age"	"Age"	-0.248304849843498	0.115099219485005	0.252730002001358	0.162804255058856	0.948232668353553	0.299103284652443	0.954417715573453	NA	"abundance"	46	34
"PWY-6628: superpathway of L-phenylalanine biosynthesis"	"FI"	"FI"	"FI"	-0.209838231190479	-0.0218447081487729	0.121657600842585	0.135964291406651	0.948232668353553	0.135964291406651	0.865746192880121	NA	"abundance"	46	46
"PWY-6690: cinnamate and 3-hydroxycinnamate degradation to 2-hydroxypentadienoate"	"Sex"	"Female"	"SexFemale"	-2.53038923572969	-0.0946946073416741	1.5671638617057	0.158880848743939	0.948232668353553	0.292518573390284	0.954417715573453	NA	"abundance"	46	14
"PWY-6803: phosphatidylcholine acyl editing"	"Sex"	"Female"	"SexFemale"	-1.08779988865487	-0.0946946073416741	0.649173870361875	0.142424765713153	0.948232668353553	0.264564717537859	0.954417715573453	NA	"abundance"	46	27
"PWY-6922: L-N&delta;-acetylornithine biosynthesis"	"Age"	"Age"	"Age"	0.7319269534585	0.115099219485005	0.415888650801587	0.154927728224568	0.948232668353553	0.28585285547631	0.954417715573453	NA	"abundance"	46	25
"PWY-7185: UTP and CTP dephosphorylation I"	"Sex"	"Female"	"SexFemale"	-1.35011055655298	-0.0946946073416741	0.821015835359701	0.142012767741942	0.948232668353553	0.263857909282157	0.954417715573453	NA	"abundance"	46	27
"PWY-7187: pyrimidine deoxyribonucleotides de novo biosynthesis II"	"Location"	"Centre"	"LocationCentre"	-1.34263175390957	-0.134762365173622	0.782755071851549	0.147443821956501	0.948232668353553	0.273147963279861	0.954417715573453	NA	"abundance"	46	19
"PWY-7209: superpathway of pyrimidine ribonucleosides degradation"	"Age"	"Age"	"Age"	-0.246350798220428	0.115099219485005	0.232065523462991	0.142960124053248	0.948232668353553	0.265482651037176	0.954417715573453	NA	"abundance"	46	20
"PWY-7210: pyrimidine deoxyribonucleotides biosynthesis from CTP"	"Sex"	"Female"	"SexFemale"	-1.2436405304375	-0.0946946073416741	0.761657291425892	0.14728253015982	0.948232668353553	0.272872916629361	0.954417715573453	NA	"abundance"	46	27
"PWY-7221: guanosine ribonucleotides de novo biosynthesis"	"Sex"	"Female"	"SexFemale"	0.0510000362412521	-0.0946946073416741	0.0819940014711495	0.161357575333125	0.948232668353553	0.161357575333125	0.897061821880354	NA	"abundance"	46	46
"PWY-7357: thiamine phosphate formation from pyrithiamine and oxythiamine (yeast)"	"Sex"	"Female"	"SexFemale"	0.100623551137328	-0.0946946073416741	0.116722463699704	0.14637200984869	0.948232668353553	0.14637200984869	0.886944932551819	NA	"abundance"	46	46
"PWY-7409: phospholipid remodeling (phosphatidylethanolamine, yeast)"	"TimeNW"	"TimeNW"	"TimeNW"	-1.02682248065808	-0.0144260567140095	0.630596678179174	0.148428292302714	0.948232668353553	0.274825626649528	0.954417715573453	NA	"abundance"	46	14
"PWY-7456: &beta;-(1,4)-mannan degradation"	"Location"	"Centre"	"LocationCentre"	0.182409826135748	-0.134762365173622	0.211199219031495	0.1523514127051	0.948232668353553	0.1523514127051	0.895719802447789	NA	"abundance"	46	46
"PWY-7688: dTDP-&alpha;-D-ravidosamine and dTDP-4-acetyl-&alpha;-D-ravidosamine biosynthesis"	"TimeNW"	"TimeNW"	"TimeNW"	-0.525117675861997	-0.0144260567140095	0.337924260295601	0.15093386328661	0.948232668353553	0.279086695486598	0.954417715573453	NA	"abundance"	46	27
"PWY-7874: L-threonate degradation"	"Location"	"Centre"	"LocationCentre"	-1.64805233219154	-0.134762365173622	0.964342274378618	0.160930984739839	0.948232668353553	0.295963187630343	0.954417715573453	NA	"abundance"	46	13
"PWY0-1296: purine ribonucleosides degradation"	"Location"	"Centre"	"LocationCentre"	-0.357589299597606	-0.134762365173622	0.138855215959649	0.140753203408081	0.948232668353553	0.140753203408081	0.872384882691619	NA	"abundance"	46	46
"PWY0-1338: polymyxin resistance"	"TimeNW"	"TimeNW"	"TimeNW"	-0.474011698549178	-0.0144260567140095	0.296676726538105	0.148829356975304	0.948232668353553	0.275508536452926	0.954417715573453	NA	"abundance"	46	21
"PWY1ZNC-1: assimilatory sulfate reduction IV"	"FI"	"FI"	"FI"	0.327025527093816	-0.0218447081487729	0.236169528176535	0.149936179262221	0.948232668353553	0.277391500672689	0.954417715573453	NA	"abundance"	46	42
"PWY1ZNC-1: assimilatory sulfate reduction IV"	"Sex"	"Female"	"SexFemale"	-0.803418986817506	-0.0946946073416741	0.493579845824902	0.162409432163312	0.948232668353553	0.298442040671014	0.954417715573453	NA	"abundance"	46	42
"PWY66-391: fatty acid &beta;-oxidation VI (mammalian peroxisome)"	"Location"	"Centre"	"LocationCentre"	0.497930420711384	-0.134762365173622	0.418151125758254	0.147006772943774	0.948232668353553	0.272402554596206	0.954417715573453	NA	"abundance"	46	29
"PWY66-409: superpathway of purine nucleotide salvage"	"Sex"	"Female"	"SexFemale"	0.411953745056434	-0.0946946073416741	0.331711078902426	0.141642693001732	0.948232668353553	0.263222733522681	0.954417715573453	NA	"abundance"	46	43
"RIBOSYN2-PWY: flavin biosynthesis I (bacteria and plants)"	"Location"	"Centre"	"LocationCentre"	0.0597008319027588	-0.134762365173622	0.123924164409671	0.15492316797244	0.948232668353553	0.15492316797244	0.89621815431277	NA	"abundance"	46	46
"RUMP-PWY: formaldehyde oxidation I"	"FI"	"FI"	"FI"	0.304820509506754	-0.0218447081487729	0.22010652698241	0.156856050772653	0.948232668353553	0.289108280881312	0.954417715573453	NA	"abundance"	46	24
"ALLANTOINDEG-PWY: superpathway of allantoin degradation in yeast"	"TimeNW"	"TimeNW"	"TimeNW"	0.480066898618328	0	0.330259465877847	0.146055776212278	0.948232668353553	0.270779262659584	0.954417715573453	NA	"prevalence"	46	19
"GLUCARDEG-PWY: D-glucarate degradation I"	"Location"	"Centre"	"LocationCentre"	1.06416266634018	0	0.755632643023859	0.159040212872527	0.948232668353553	0.292786636434516	0.954417715573453	NA	"prevalence"	46	37
"GLYCOL-GLYOXDEG-PWY: superpathway of glycol metabolism and degradation"	"Age"	"Age"	"Age"	0.460957454294283	0	0.326783586626905	0.158365727156842	0.948232668353553	0.291651750775769	0.954417715573453	NA	"prevalence"	46	22
"GLYCOL-GLYOXDEG-PWY: superpathway of glycol metabolism and degradation"	"FI"	"FI"	"FI"	-0.492094030539561	0	0.336642207285824	0.143803798812449	0.948232668353553	0.266928065072007	0.954417715573453	NA	"prevalence"	46	22
"GLYCOLYSIS-TCA-GLYOX-BYPASS: superpathway of glycolysis, pyruvate dehydrogenase, TCA, and glyoxylate bypass"	"Age"	"Age"	"Age"	0.503026849823748	0	0.349997220452979	0.150652371611113	0.948232668353553	0.278608606150172	0.954417715573453	NA	"prevalence"	46	16
"LPSSYN-PWY: superpathway of lipopolysaccharide biosynthesis"	"Age"	"Age"	"Age"	0.600622232683442	0	0.41912037434592	0.151842335110244	0.948232668353553	0.0116461451175847	0.30330555779697	NA	"prevalence"	46	8
"METHGLYUT-PWY: superpathway of methylglyoxal degradation"	"Sex"	"Female"	"SexFemale"	1.07853905146962	0	0.739131781808273	0.144510829940839	0.948232668353553	0.268138279911489	0.954417715573453	NA	"prevalence"	46	36
"METHGLYUT-PWY: superpathway of methylglyoxal degradation"	"TimeNW"	"TimeNW"	"TimeNW"	0.658417122891973	0	0.459555135046532	0.15193582493649	0.948232668353553	0.280787154973848	0.954417715573453	NA	"prevalence"	46	36
"P23-PWY: reductive TCA cycle I"	"Location"	"Centre"	"LocationCentre"	1.07880737573654	0	0.725030315245403	0.136764619215284	0.948232668353553	0.254824677361466	0.954417715573453	NA	"prevalence"	46	18
"P461-PWY: hexitol fermentation to lactate, formate, ethanol and acetate"	"Sex"	"Female"	"SexFemale"	1.6539229457659	0	1.13401015038371	0.144710270404248	0.948232668353553	0.268479478448025	0.954417715573453	NA	"prevalence"	46	44
"P621-PWY: nylon-6 oligomer degradation"	"Location"	"Centre"	"LocationCentre"	1.19228234496685	0	0.804449756315734	0.138311254400772	0.948232668353553	0.257492505707629	0.954417715573453	NA	"prevalence"	46	11
"POLYAMINSYN3-PWY: superpathway of polyamine biosynthesis II"	"TimeNW"	"TimeNW"	"TimeNW"	0.598303905314714	0	0.40491633129106	0.139515182456375	0.948232668353553	0.259565878776915	0.954417715573453	NA	"prevalence"	46	31
"PWY-5690: TCA cycle II (plants and fungi)"	"TimeNW"	"TimeNW"	"TimeNW"	-0.499833817339177	0	0.348181604112521	0.151129028088146	0.948232668353553	0.279418073045424	0.954417715573453	NA	"prevalence"	46	24
"PWY-5692: allantoin degradation to glyoxylate II"	"Location"	"Centre"	"LocationCentre"	-1.2483266813938	0	0.879713987311282	0.155894862471599	0.948232668353553	0.287486516798158	0.954417715573453	NA	"prevalence"	46	7
"PWY-5747: 2-methylcitrate cycle II"	"Age"	"Age"	"Age"	0.471931884354088	0	0.328811194992918	0.151211004307021	0.948232668353553	0.0193794521202107	0.416558326501437	NA	"prevalence"	46	19
"PWY-5981: CDP-diacylglycerol biosynthesis III"	"Age"	"Age"	"Age"	0.787831284815265	0	0.550776464076272	0.152601919846526	0.948232668353553	0.207763159761392	0.929584094640562	NA	"prevalence"	46	39
"PWY-6285: superpathway of fatty acids biosynthesis (E. coli)"	"Age"	"Age"	"Age"	0.466882328897411	0	0.329154571739533	0.156065608085325	0.948232668353553	0.287774742143608	0.954417715573453	NA	"prevalence"	46	20
"PWY-6471: peptidoglycan biosynthesis IV (Enterococcus faecium)"	"Age"	"Age"	"Age"	-0.705052493540201	0	0.4796167112891	0.14155275980628	0.948232668353553	0.14155275980628	0.872384882691619	NA	"prevalence"	46	5
"PWY-6595: superpathway of guanosine nucleotides degradation (plants)"	"Sex"	"Female"	"SexFemale"	1.01541802295594	0	0.703141015898061	0.148706015471285	0.948232668353553	0.275298551905223	0.954417715573453	NA	"prevalence"	46	34
"PWY-6607: guanosine nucleotides degradation I"	"Sex"	"Female"	"SexFemale"	1.01541802295594	0	0.703141015898061	0.148706015471285	0.948232668353553	0.275298551905223	0.954417715573453	NA	"prevalence"	46	34
"PWY-6807: xyloglucan degradation II (exoglucanase)"	"Age"	"Age"	"Age"	0.469007844287252	0	0.323204038916201	0.146746448858596	0.948232668353553	0.271958377464584	0.954417715573453	NA	"prevalence"	46	22
"PWY-6895: superpathway of thiamine diphosphate biosynthesis II"	"Sex"	"Female"	"SexFemale"	1.20938051795987	0	0.847891135728173	0.153770402260226	0.948232668353553	0.28389546790918	0.954417715573453	NA	"prevalence"	46	40
"PWY-7031: protein N-glycosylation (bacterial)"	"Location"	"Centre"	"LocationCentre"	1.77588212301291	0	1.25782104037453	0.157987696828938	0.948232668353553	0.157987696828938	0.897061821880354	NA	"prevalence"	46	6
"PWY-7094: fatty acid salvage"	"TimeNW"	"TimeNW"	"TimeNW"	0.488900025496155	0	0.342720505260036	0.153716303141875	0.948232668353553	0.0791558170935018	0.743422876756537	NA	"prevalence"	46	24
"PWY-7385: 1,3-propanediol biosynthesis (engineered)"	"Sex"	"Female"	"SexFemale"	0.928064013538397	0	0.651734432176025	0.154449056179054	0.948232668353553	0.285043601403507	0.954417715573453	NA	"prevalence"	46	20
"PWY-7688: dTDP-&alpha;-D-ravidosamine and dTDP-4-acetyl-&alpha;-D-ravidosamine biosynthesis"	"Age"	"Age"	"Age"	0.473017522585571	0	0.321959201090684	0.141782707177592	0.948232668353553	0.0438239199697877	0.677654893257433	NA	"prevalence"	46	27
"PWY0-1241: ADP-L-glycero-&beta;-D-manno-heptose biosynthesis"	"Location"	"Centre"	"LocationCentre"	1.85912643200332	0	1.32866525855113	0.161739929787258	0.948232668353553	0.297320054686929	0.954417715573453	NA	"prevalence"	46	44
"PWY0-1337: oleate &beta;-oxidation"	"Sex"	"Female"	"SexFemale"	0.917914520353848	0	0.641950178403096	0.152750211391004	0.948232668353553	0.282167795702012	0.954417715573453	NA	"prevalence"	46	21
"PWY0-1415: superpathway of heme b biosynthesis from uroporphyrinogen-III"	"Sex"	"Female"	"SexFemale"	0.898473256756347	0	0.633652458848512	0.156211928077219	0.948232668353553	0.288021689680835	0.954417715573453	NA	"prevalence"	46	29
"PWY0-1479: tRNA processing"	"FI"	"FI"	"FI"	-0.584772322548848	0	0.418701597106913	0.162524065708775	0.948232668353553	0.29863405948304	0.954417715573453	NA	"prevalence"	46	42
"PWY0-42: 2-methylcitrate cycle I"	"Sex"	"Female"	"SexFemale"	0.91968745293162	0	0.623201629242215	0.140012031155213	0.948232668353553	0.22569792172234	0.931415651367086	NA	"prevalence"	46	24
"PWY0-461: L-lysine degradation I"	"Age"	"Age"	"Age"	0.683121167410435	0	0.485072596411657	0.15904626471209	0.948232668353553	0.15904626471209	0.897061821880354	NA	"prevalence"	46	5
"PWY66-388: ceramide degradation by &alpha;-oxidation"	"Sex"	"Female"	"SexFemale"	1.70755581102778	0	1.21753368642875	0.16077461404243	0.948232668353553	0.16077461404243	0.897061821880354	NA	"prevalence"	46	5
"RUMP-PWY: formaldehyde oxidation I"	"Location"	"Centre"	"LocationCentre"	0.927519111602405	0	0.656534974723712	0.157729546340299	0.948232668353553	0.290580482891881	0.954417715573453	NA	"prevalence"	46	24
"URDEGR-PWY: superpathway of allantoin degradation in plants"	"Location"	"Centre"	"LocationCentre"	-1.2483266813938	0	0.879713987311282	0.155894862471599	0.948232668353553	0.287486516798158	0.954417715573453	NA	"prevalence"	46	7
"GALACTUROCAT-PWY: D-galacturonate degradation I"	"Age"	"Age"	"Age"	0.267743577848985	0.115099219485005	0.10528811993442	0.164353772641868	0.948886474725291	0.164353772641868	0.897061821880354	NA	"abundance"	46	46
"GLUCOSE1PMETAB-PWY: glucose and glucose-1-phosphate degradation"	"Sex"	"Female"	"SexFemale"	0.300682327306695	-0.0946946073416741	0.269689966356066	0.163484196246699	0.948886474725291	0.300241310070969	0.955181551235005	NA	"abundance"	46	35
"GLYCOGENSYNTH-PWY: glycogen biosynthesis I (from ADP-D-Glucose)"	"Sex"	"Female"	"SexFemale"	0.133115651303278	-0.0946946073416741	0.148899638603589	0.163632316760474	0.948886474725291	0.163632316760474	0.897061821880354	NA	"abundance"	46	46
"PWY-7204: pyridoxal 5'-phosphate salvage II (plants)"	"Sex"	"Female"	"SexFemale"	-0.879776829525068	-0.0946946073416741	0.53727776137474	0.164668298998481	0.948886474725291	0.302220949301909	0.957645409262128	NA	"abundance"	46	23
"AST-PWY: L-arginine degradation II (AST pathway)"	"Sex"	"Female"	"SexFemale"	0.868253340229954	0	0.623976260417684	0.164078534549696	0.948886474725291	0.0789618518299289	0.743422876756537	NA	"prevalence"	46	23
"DARABCATK12-PWY: D-arabinose degradation I"	"Age"	"Age"	"Age"	0.445479417686475	0	0.320461576925385	0.164493037524675	0.948886474725291	0.301928115655255	0.957645409262128	NA	"prevalence"	46	19
"ARGSYNBSUB-PWY: L-arginine biosynthesis II (acetyl cycle)"	"Age"	"Age"	"Age"	0.0373396538078388	0.115099219485005	0.0510120909505704	0.171448335288214	0.95425799684061	0.171448335288214	0.905949068804327	NA	"abundance"	46	46
"ARGSYNBSUB-PWY: L-arginine biosynthesis II (acetyl cycle)"	"Location"	"Centre"	"LocationCentre"	-0.286325314779649	-0.134762365173622	0.105015038978124	0.203061372387308	0.95425799684061	0.203061372387308	0.91734422066937	NA	"abundance"	46	46
"CALVIN-PWY: Calvin-Benson-Bassham cycle"	"Sex"	"Female"	"SexFemale"	0.0366761149660011	-0.0946946073416741	0.0762661674086742	0.185780579462897	0.95425799684061	0.185780579462897	0.905949068804327	NA	"abundance"	46	46
"CARNMET-PWY: L-carnitine degradation I"	"Location"	"Centre"	"LocationCentre"	-1.95679249281779	-0.134762365173622	0.853502366386881	0.166786769966971	0.95425799684061	0.305755713297927	0.959114612886705	NA	"abundance"	46	8
"COBALSYN-PWY: superpathway of adenosylcobalamin salvage from cobinamide I"	"FI"	"FI"	"FI"	0.0865773065917662	-0.0218447081487729	0.0780107062448686	0.188749510306341	0.95425799684061	0.188749510306341	0.905949068804327	NA	"abundance"	46	46
"DAPLYSINESYN-PWY: L-lysine biosynthesis I"	"Age"	"Age"	"Age"	0.352190204503323	0.115099219485005	0.167614886499362	0.168597165010331	0.95425799684061	0.308769325971141	0.959114612886705	NA	"abundance"	46	45
"DAPLYSINESYN-PWY: L-lysine biosynthesis I"	"Sex"	"Female"	"SexFemale"	0.371682914044485	-0.0946946073416741	0.331231902780681	0.173713343508772	0.95425799684061	0.317250361304548	0.959114612886705	NA	"abundance"	46	45
"FUCCAT-PWY: fucose degradation"	"Age"	"Age"	"Age"	0.345239505050857	0.115099219485005	0.170978877622498	0.189679629069437	0.95425799684061	0.343380896454955	0.96473999596638	NA	"abundance"	46	45
"GALACTARDEG-PWY: D-galactarate degradation I"	"Sex"	"Female"	"SexFemale"	-0.801735369329451	-0.0946946073416741	0.513336296209497	0.180258151734846	0.95425799684061	0.328023302202829	0.959114612886705	NA	"abundance"	46	39
"GALACTARDEG-PWY: D-galactarate degradation I"	"TimeNW"	"TimeNW"	"TimeNW"	-0.34679126431143	-0.0144260567140095	0.245110026868419	0.195640969495667	0.95425799684061	0.35300655004613	0.968877380286383	NA	"abundance"	46	39
"GLUCARGALACTSUPER-PWY: superpathway of D-glucarate and D-galactarate degradation"	"Sex"	"Female"	"SexFemale"	-0.801735369329451	-0.0946946073416741	0.513336296209497	0.18051540839698	0.95425799684061	0.328445004125231	0.959114612886705	NA	"abundance"	46	39
"GLUCARGALACTSUPER-PWY: superpathway of D-glucarate and D-galactarate degradation"	"TimeNW"	"TimeNW"	"TimeNW"	-0.34679126431143	-0.0144260567140095	0.245110026868419	0.195489271553318	0.95425799684061	0.352762487814189	0.968877380286383	NA	"abundance"	46	39
"KETOGLUCONMET-PWY: ketogluconate metabolism"	"Age"	"Age"	"Age"	0.542715135403091	0.115099219485005	0.305369421840429	0.177141216282862	0.95425799684061	0.322903422059553	0.959114612886705	NA	"abundance"	46	27
"LIPASYN-PWY: phospholipases"	"FI"	"FI"	"FI"	-2.43206950151959	-0.0218447081487729	1.14744888053958	0.170501679209629	0.95425799684061	0.311932535805955	0.959114612886705	NA	"abundance"	46	8
"METHGLYUT-PWY: superpathway of methylglyoxal degradation"	"Age"	"Age"	"Age"	-0.252302422770768	0.115099219485005	0.267530625907367	0.180673957102684	0.95425799684061	0.0785585368693464	0.743422876756537	NA	"abundance"	46	36
"NONOXIPENT-PWY: pentose phosphate pathway (non-oxidative branch) I"	"Age"	"Age"	"Age"	0.215390552882119	0.115099219485005	0.0719704118215415	0.192616214298166	0.95425799684061	0.192616214298166	0.905949068804327	NA	"abundance"	46	46
"NONOXIPENT-PWY: pentose phosphate pathway (non-oxidative branch) I"	"Location"	"Centre"	"LocationCentre"	-0.347051581186398	-0.134762365173622	0.148160474543855	0.184827793093378	0.95425799684061	0.184827793093378	0.905949068804327	NA	"abundance"	46	46
"OANTIGEN-PWY: O-antigen building blocks biosynthesis (E. coli)"	"Sex"	"Female"	"SexFemale"	0.139622398519606	-0.0946946073416741	0.165104776555703	0.190266720639113	0.95425799684061	0.190266720639113	0.905949068804327	NA	"abundance"	46	46
"P122-PWY: heterolactic fermentation"	"TimeNW"	"TimeNW"	"TimeNW"	-0.853217791857394	-0.0144260567140095	0.61688391024484	0.202811589514612	0.95425799684061	0.36449063818778	0.968877380286383	NA	"abundance"	46	17
"P185-PWY: formaldehyde assimilation III (dihydroxyacetone cycle)"	"TimeNW"	"TimeNW"	"TimeNW"	0.334729601773536	-0.0144260567140095	0.253075639604441	0.187393668057293	0.95425799684061	0.33967094928662	0.96473999596638	NA	"abundance"	46	39
"P41-PWY: pyruvate fermentation to acetate and (S)-lactate I"	"Sex"	"Female"	"SexFemale"	0.205479155526472	-0.0946946073416741	0.20728499702086	0.172245791484768	0.95425799684061	0.172245791484768	0.905949068804327	NA	"abundance"	46	46
"PPGPPMET-PWY: ppGpp metabolism"	"Sex"	"Female"	"SexFemale"	-0.879747173975571	-0.0946946073416741	0.559293770879145	0.171882274801214	0.95425799684061	0.198887275886268	0.906022929422719	NA	"abundance"	46	39
"PWY-5130: 2-oxobutanoate degradation I"	"Location"	"Centre"	"LocationCentre"	0.423294582642769	-0.134762365173622	0.395357867147259	0.169499441967713	0.95425799684061	0.31026882310806	0.959114612886705	NA	"abundance"	46	43
"PWY-5367: petroselinate biosynthesis"	"Sex"	"Female"	"SexFemale"	-0.969876958296498	-0.0946946073416741	0.624946165953744	0.175428387045467	0.95425799684061	0.173639889687522	0.905949068804327	NA	"abundance"	46	31
"PWY-5384: sucrose degradation IV (sucrose phosphorylase)"	"Sex"	"Female"	"SexFemale"	0.255608458310051	-0.0946946073416741	0.262338782749477	0.200057793926198	0.95425799684061	0.200057793926198	0.908759259991551	NA	"abundance"	46	46
"PWY-561: superpathway of glyoxylate cycle and fatty acid degradation"	"TimeNW"	"TimeNW"	"TimeNW"	-0.418116380204927	-0.0144260567140095	0.290968759515152	0.18762541979453	0.95425799684061	0.340047541435987	0.96473999596638	NA	"abundance"	46	27
"PWY-5667: CDP-diacylglycerol biosynthesis I"	"Sex"	"Female"	"SexFemale"	0.0388500467766934	-0.0946946073416741	0.0761247445680831	0.178259109968977	0.95425799684061	0.178259109968977	0.905949068804327	NA	"abundance"	46	46
"PWY-5667: CDP-diacylglycerol biosynthesis I"	"TimeNW"	"TimeNW"	"TimeNW"	-0.104841843651984	-0.0144260567140095	0.0389208167978521	0.199020864113	0.95425799684061	0.199020864113	0.906022929422719	NA	"abundance"	46	46
"PWY-5676: acetyl-CoA fermentation to butanoate II"	"Sex"	"Female"	"SexFemale"	0.263749263158789	-0.0946946073416741	0.267511079898451	0.198638483523481	0.95425799684061	0.357819719910455	0.968877380286383	NA	"abundance"	46	45
"PWY-5677: succinate fermentation to butanoate"	"Age"	"Age"	"Age"	-0.767627458552179	0.115099219485005	0.580048208921902	0.171887752906027	0.95425799684061	0.31423010621297	0.959114612886705	NA	"abundance"	46	13
"PWY-5686: UMP biosynthesis I"	"Location"	"Centre"	"LocationCentre"	0.0108770827579968	-0.134762365173622	0.0959045709688812	0.191205509597118	0.95425799684061	0.191205509597118	0.905949068804327	NA	"abundance"	46	46
"PWY-5686: UMP biosynthesis I"	"Sex"	"Female"	"SexFemale"	0.0506483177233296	-0.0946946073416741	0.0920525909167114	0.195227916644361	0.95425799684061	0.195227916644361	0.905949068804327	NA	"abundance"	46	46
"PWY-5690: TCA cycle II (plants and fungi)"	"Location"	"Centre"	"LocationCentre"	-0.872206662941621	-0.134762365173622	0.551642385826625	0.199498700448492	0.95425799684061	0.359197669416347	0.968877380286383	NA	"abundance"	46	24
"PWY-5690: TCA cycle II (plants and fungi)"	"Sex"	"Female"	"SexFemale"	-0.858093964744713	-0.0946946073416741	0.528194769249244	0.167967515711085	0.95425799684061	0.307721945088017	0.959114612886705	NA	"abundance"	46	24
"PWY-5705: allantoin degradation to glyoxylate III"	"Age"	"Age"	"Age"	1.25167415599202	0.115099219485005	0.765534968802566	0.181277254312027	0.95425799684061	0.329693065693146	0.960069891019846	NA	"abundance"	46	13
"PWY-5723: Rubisco shunt"	"Age"	"Age"	"Age"	0.558582428471585	0.115099219485005	0.31527006732066	0.172560585289196	0.95425799684061	0.315344014983042	0.959114612886705	NA	"abundance"	46	31
"PWY-5838: superpathway of menaquinol-8 biosynthesis I"	"Location"	"Centre"	"LocationCentre"	-0.587189862926228	-0.134762365173622	0.334491463146892	0.189875223898402	0.95425799684061	0.343697847146335	0.96473999596638	NA	"abundance"	46	40
"PWY-5845: superpathway of menaquinol-9 biosynthesis"	"Age"	"Age"	"Age"	0.351357015401629	0.115099219485005	0.167476962231123	0.171979463204599	0.95425799684061	0.115636736974681	0.816855125839389	NA	"abundance"	46	36
"PWY-5850: superpathway of menaquinol-6 biosynthesis"	"FI"	"FI"	"FI"	0.366846318023747	-0.0218447081487729	0.276493484428702	0.178015090931303	0.95425799684061	0.324340809263327	0.959114612886705	NA	"abundance"	46	24
"PWY-5860: superpathway of demethylmenaquinol-6 biosynthesis I"	"FI"	"FI"	"FI"	0.37949501768899	-0.0218447081487729	0.301111213906723	0.20004970353026	0.95425799684061	0.360079523177974	0.968877380286383	NA	"abundance"	46	24
"PWY-5862: superpathway of demethylmenaquinol-9 biosynthesis"	"Location"	"Centre"	"LocationCentre"	-0.667000707342238	-0.134762365173622	0.378285554684901	0.173178884255593	0.95425799684061	0.316366842559174	0.959114612886705	NA	"abundance"	46	36
"PWY-5896: superpathway of menaquinol-10 biosynthesis"	"FI"	"FI"	"FI"	0.366846318023747	-0.0218447081487729	0.276493484428702	0.178054671066468	0.95425799684061	0.324405876244348	0.959114612886705	NA	"abundance"	46	24
"PWY-6143: CMP-pseudaminate biosynthesis"	"FI"	"FI"	"FI"	0.581021896418481	-0.0218447081487729	0.419670233976212	0.176905215077684	0.95425799684061	0.322514975033686	0.959114612886705	NA	"abundance"	46	18
"PWY-6151: S-adenosyl-L-methionine salvage I"	"Sex"	"Female"	"SexFemale"	0.0737778278753872	-0.0946946073416741	0.107340801181548	0.178410049345483	0.95425799684061	0.178410049345483	0.905949068804327	NA	"abundance"	46	46
"PWY-6168: flavin biosynthesis III (fungi)"	"Age"	"Age"	"Age"	-0.0745419390811942	0.115099219485005	0.138297424492074	0.185444946839978	0.95425799684061	0.336500065371474	0.962417882441047	NA	"abundance"	46	36
"PWY-6285: superpathway of fatty acids biosynthesis (E. coli)"	"Age"	"Age"	"Age"	0.490445295510741	0.115099219485005	0.278027201153485	0.199704453637899	0.95425799684061	0.287774742143608	0.954417715573453	NA	"abundance"	46	20
"PWY-6292: superpathway of L-cysteine biosynthesis (mammalian)"	"FI"	"FI"	"FI"	-0.308646683090868	-0.0218447081487729	0.209599413517642	0.181649016800758	0.95425799684061	0.330301668296834	0.960500667223012	NA	"abundance"	46	43
"PWY-6527: stachyose degradation"	"Age"	"Age"	"Age"	0.259202613785472	0.115099219485005	0.100649427141296	0.170265269926005	0.95425799684061	0.170265269926005	0.905949068804327	NA	"abundance"	46	46
"PWY-6549: L-glutamine biosynthesis III"	"FI"	"FI"	"FI"	-0.242407193908223	-0.0218447081487729	0.167115962132914	0.198888280536287	0.95425799684061	0.358220012937893	0.968877380286383	NA	"abundance"	46	43
"PWY-6609: adenine and adenosine salvage III"	"Sex"	"Female"	"SexFemale"	0.0404157000903356	-0.0946946073416741	0.0771923820537007	0.177988688999088	0.95425799684061	0.177988688999088	0.905949068804327	NA	"abundance"	46	46
"PWY-6823: molybdopterin biosynthesis"	"Location"	"Centre"	"LocationCentre"	-0.45286574331912	-0.134762365173622	0.235123072899757	0.193854387577764	0.95425799684061	0.193854387577764	0.905949068804327	NA	"abundance"	46	46
"PWY-702: L-methionine biosynthesis II"	"Age"	"Age"	"Age"	0.35880828773691	0.115099219485005	0.180310593193372	0.187153150692551	0.95425799684061	0.187153150692551	0.905949068804327	NA	"abundance"	46	46
"PWY-702: L-methionine biosynthesis II"	"Location"	"Centre"	"LocationCentre"	-0.632345290830193	-0.134762365173622	0.371192860741944	0.191603932902614	0.95425799684061	0.191603932902614	0.905949068804327	NA	"abundance"	46	46
"PWY-7204: pyridoxal 5'-phosphate salvage II (plants)"	"Location"	"Centre"	"LocationCentre"	-0.867068035802716	-0.134762365173622	0.540604285629321	0.194783675647223	0.95425799684061	0.351626670995803	0.968877380286383	NA	"abundance"	46	23
"PWY-7208: superpathway of pyrimidine nucleobases salvage"	"FI"	"FI"	"FI"	-0.109705528388472	-0.0218447081487729	0.062444921000489	0.191201566913546	0.95425799684061	0.191201566913546	0.905949068804327	NA	"abundance"	46	46
"PWY-7229: superpathway of adenosine nucleotides de novo biosynthesis I"	"FI"	"FI"	"FI"	-0.0859313459718305	-0.0218447081487729	0.0414856887233121	0.182468128713018	0.95425799684061	0.182468128713018	0.905949068804327	NA	"abundance"	46	46
"PWY-7234: inosine-5'-phosphate biosynthesis III"	"Age"	"Age"	"Age"	-0.0632509961033649	0.115099219485005	0.131063547426019	0.186547184946642	0.95425799684061	0.186547184946642	0.905949068804327	NA	"abundance"	46	46
"PWY-724: superpathway of L-lysine, L-threonine and L-methionine biosynthesis II"	"Sex"	"Female"	"SexFemale"	0.0266477609903438	-0.0946946073416741	0.0636328710781319	0.176069076057728	0.95425799684061	0.176069076057728	0.905949068804327	NA	"abundance"	46	46
"PWY-7286: 7-(3-amino-3-carboxypropyl)-wyosine biosynthesis"	"Sex"	"Female"	"SexFemale"	-1.34400085720272	-0.0946946073416741	0.823234095914749	0.190529556116623	0.95425799684061	0.344757600479249	0.96473999596638	NA	"abundance"	46	11
"PWY-7316: dTDP-N-acetylviosamine biosynthesis"	"FI"	"FI"	"FI"	0.425948466873922	-0.0218447081487729	0.323222217495375	0.184607757061101	0.95425799684061	0.335135490155072	0.961519999886396	NA	"abundance"	46	23
"PWY-7357: thiamine phosphate formation from pyrithiamine and oxythiamine (yeast)"	"Age"	"Age"	"Age"	0.0274606038312791	0.115099219485005	0.059071685575376	0.173208038131297	0.95425799684061	0.173208038131297	0.905949068804327	NA	"abundance"	46	46
"PWY-7383: anaerobic energy metabolism (invertebrates, cytosol)"	"Age"	"Age"	"Age"	-0.106256175228339	0.115099219485005	0.158467381245068	0.173979146011551	0.95425799684061	0.317689548776193	0.959114612886705	NA	"abundance"	46	45
"PWY-7383: anaerobic energy metabolism (invertebrates, cytosol)"	"TimeNW"	"TimeNW"	"TimeNW"	-0.242135141753401	-0.0144260567140095	0.158278533072769	0.183487769667755	0.95425799684061	0.333307777717862	0.961519999886396	NA	"abundance"	46	45
"PWY-7392: taxadiene biosynthesis (engineered)"	"Location"	"Centre"	"LocationCentre"	0.382892965265451	-0.134762365173622	0.378293083325898	0.183095441917555	0.95425799684061	0.332666942984126	0.961519999886396	NA	"abundance"	46	42
"PWY-7790: UMP biosynthesis II"	"Location"	"Centre"	"LocationCentre"	0.0123360690003891	-0.134762365173622	0.0965593561609947	0.187636842341529	0.95425799684061	0.187636842341529	0.905949068804327	NA	"abundance"	46	46
"PWY-7790: UMP biosynthesis II"	"Sex"	"Female"	"SexFemale"	0.0526501185132624	-0.0946946073416741	0.0926810768462037	0.192009624491456	0.95425799684061	0.192009624491456	0.905949068804327	NA	"abundance"	46	46
"PWY-7791: UMP biosynthesis III"	"Location"	"Centre"	"LocationCentre"	0.0123360690003891	-0.134762365173622	0.0965593561609947	0.188752541837433	0.95425799684061	0.188752541837433	0.905949068804327	NA	"abundance"	46	46
"PWY-7791: UMP biosynthesis III"	"Sex"	"Female"	"SexFemale"	0.0526501185132624	-0.0946946073416741	0.0926810768462037	0.190943637527868	0.95425799684061	0.190943637527868	0.905949068804327	NA	"abundance"	46	46
"PWY-7851: coenzyme A biosynthesis II (eukaryotic)"	"Location"	"Centre"	"LocationCentre"	0.022842903235575	-0.134762365173622	0.101112761382443	0.174257034191704	0.95425799684061	0.174257034191704	0.905949068804327	NA	"abundance"	46	46
"PWY-7858: (5Z)-dodecenoate biosynthesis II"	"Sex"	"Female"	"SexFemale"	-1.32648032979847	-0.0946946073416741	0.876300126635323	0.176910932474495	0.95425799684061	0.322524386919994	0.959114612886705	NA	"abundance"	46	25
"PWY-7874: L-threonate degradation"	"TimeNW"	"TimeNW"	"TimeNW"	-0.724772845933596	-0.0144260567140095	0.488099464872857	0.191492750595908	0.95425799684061	0.346316027661029	0.96473999596638	NA	"abundance"	46	13
"PWY-7942: 5-oxo-L-proline metabolism"	"TimeNW"	"TimeNW"	"TimeNW"	-0.714203833192497	-0.0144260567140095	0.522908274024658	0.200913070951181	0.95425799684061	0.361460079823328	0.968877380286383	NA	"abundance"	46	23
"PWY-821: superpathway of sulfur amino acid biosynthesis (Saccharomyces cerevisiae)"	"FI"	"FI"	"FI"	0.288716106983288	-0.0218447081487729	0.235595225561922	0.200308373857782	0.95425799684061	0.360493303078016	0.968877380286383	NA	"abundance"	46	32
"PWY-922: mevalonate pathway I (eukaryotes and bacteria)"	"Location"	"Centre"	"LocationCentre"	-1.53816446125359	-0.134762365173622	0.733905065901055	0.196682599692809	0.95425799684061	0.354681154363697	0.968877380286383	NA	"abundance"	46	8
"PWY-I9: L-cysteine biosynthesis VI (from L-methionine)"	"Age"	"Age"	"Age"	0.406670127367525	0.115099219485005	0.219780071926406	0.193607185602146	0.95425799684061	0.193607185602146	0.905949068804327	NA	"abundance"	46	46
"PWY0-1319: CDP-diacylglycerol biosynthesis II"	"Sex"	"Female"	"SexFemale"	0.0388500467766934	-0.0946946073416741	0.0761247445680831	0.178825629530633	0.95425799684061	0.178825629530633	0.905949068804327	NA	"abundance"	46	46
"PWY0-1319: CDP-diacylglycerol biosynthesis II"	"TimeNW"	"TimeNW"	"TimeNW"	-0.104841843651984	-0.0144260567140095	0.0389208167978521	0.198508427150875	0.95425799684061	0.198508427150875	0.906022929422719	NA	"abundance"	46	46
"PWY0-1338: polymyxin resistance"	"Location"	"Centre"	"LocationCentre"	-0.866134924543367	-0.134762365173622	0.543556984238287	0.20025045826204	0.95425799684061	0.360400670489923	0.968877380286383	NA	"abundance"	46	21
"PWY0-1586: peptidoglycan maturation (meso-diaminopimelate containing)"	"Location"	"Centre"	"LocationCentre"	-0.369254489210242	-0.134762365173622	0.162624598805188	0.177914064090301	0.95425799684061	0.177914064090301	0.905949068804327	NA	"abundance"	46	46
"PWY0-162: superpathway of pyrimidine ribonucleotides de novo biosynthesis"	"Age"	"Age"	"Age"	0.0103077050027314	0.115099219485005	0.0754064916931331	0.190845422881494	0.95425799684061	0.190845422881494	0.905949068804327	NA	"abundance"	46	46
"PWY0-845: superpathway of pyridoxal 5'-phosphate biosynthesis and salvage"	"Age"	"Age"	"Age"	5.4810505477801e-05	0.115099219485005	0.0854107157510494	0.202021719420715	0.95425799684061	0.202021719420715	0.915685402156935	NA	"abundance"	46	46
"PWY66-429: fatty acid biosynthesis initiation (mitochondria)"	"Location"	"Centre"	"LocationCentre"	-0.0136411830163688	-0.134762365173622	0.0758257069891685	0.195963083947603	0.95425799684061	0.195963083947603	0.905949068804327	NA	"abundance"	46	46
"REDCITCYC: TCA cycle VI (Helicobacter)"	"FI"	"FI"	"FI"	0.399983423730455	-0.0218447081487729	0.301507517347788	0.179896321345027	0.95425799684061	0.327429956256581	0.959114612886705	NA	"abundance"	46	24
"RHAMCAT-PWY: L-rhamnose degradation I"	"Location"	"Centre"	"LocationCentre"	-0.347445990397568	-0.134762365173622	0.154134646060718	0.198876880925821	0.95425799684061	0.198876880925821	0.906022929422719	NA	"abundance"	46	46
"RUMP-PWY: formaldehyde oxidation I"	"Location"	"Centre"	"LocationCentre"	0.783308864592641	-0.134762365173622	0.681090316333523	0.195632696411859	0.95425799684061	0.290580482891881	0.954417715573453	NA	"abundance"	46	24
"TRPSYN-PWY: L-tryptophan biosynthesis"	"Location"	"Centre"	"LocationCentre"	-0.29053660271424	-0.134762365173622	0.105871213921502	0.195720491376778	0.95425799684061	0.195720491376778	0.905949068804327	NA	"abundance"	46	46
"ARG+POLYAMINE-SYN: superpathway of arginine and polyamine biosynthesis"	"Age"	"Age"	"Age"	0.81880441595375	0	0.611049614343369	0.180246444824402	0.95425799684061	0.328004108776968	0.959114612886705	NA	"prevalence"	46	44
"GALACT-GLUCUROCAT-PWY: superpathway of hexuronide and hexuronate degradation"	"Age"	"Age"	"Age"	0.81880441595375	0	0.611049614343369	0.180246444824402	0.95425799684061	0.298412802064708	0.954417715573453	NA	"prevalence"	46	44
"GLUCOSE1PMETAB-PWY: glucose and glucose-1-phosphate degradation"	"TimeNW"	"TimeNW"	"TimeNW"	0.600595587804216	0	0.435944654196789	0.168299730671798	0.95425799684061	0.308274661999396	0.959114612886705	NA	"prevalence"	46	35
"GLYCOLYSIS-TCA-GLYOX-BYPASS: superpathway of glycolysis, pyruvate dehydrogenase, TCA, and glyoxylate bypass"	"Sex"	"Female"	"SexFemale"	0.930704513805264	0	0.695874542337453	0.181072461053766	0.95425799684061	0.0510699414061279	0.686415561393386	NA	"prevalence"	46	16
"LIPA-CORESYN-PWY: lipid A-core biosynthesis (E. coli K-12)"	"Age"	"Age"	"Age"	0.54644635779325	0	0.397524112470688	0.169247909686035	0.95425799684061	0.150038390537201	0.893800126485896	NA	"prevalence"	46	9
"ORNDEG-PWY: superpathway of ornithine degradation"	"Sex"	"Female"	"SexFemale"	0.811426169473643	0	0.62619303286801	0.195041515771436	0.95425799684061	0.352041838668454	0.968877380286383	NA	"prevalence"	46	28
"P161-PWY: acetylene degradation (anaerobic)"	"FI"	"FI"	"FI"	0.69071947374663	0	0.541460387278068	0.202075658422028	0.95425799684061	0.363316745117361	0.968877380286383	NA	"prevalence"	46	42
"P221-PWY: octane oxidation"	"FI"	"FI"	"FI"	0.415282328205015	0	0.319417006845553	0.193557817043609	0.95425799684061	0.134068318922232	0.857461487585441	NA	"prevalence"	46	18
"POLYAMSYN-PWY: superpathway of polyamine biosynthesis I"	"Age"	"Age"	"Age"	0.81880441595375	0	0.611049614343369	0.180246444824402	0.95425799684061	0.328004108776968	0.959114612886705	NA	"prevalence"	46	44
"PROPFERM-PWY: superpathway of L-alanine fermentation (Stickland reaction)"	"Location"	"Centre"	"LocationCentre"	-1.08787408171589	0	0.84940713373913	0.200283189322219	0.95425799684061	0.360453022719359	0.968877380286383	NA	"prevalence"	46	7
"PROTOCATECHUATE-ORTHO-CLEAVAGE-PWY: protocatechuate degradation II (ortho-cleavage pathway)"	"FI"	"FI"	"FI"	-0.865927004815984	0	0.659319371493279	0.189059975936381	0.95425799684061	0.189059975936381	0.905949068804327	NA	"prevalence"	46	7
"PWY-1861: formaldehyde assimilation II (assimilatory RuMP Cycle)"	"Age"	"Age"	"Age"	-0.831040663117233	0	0.607646392773875	0.171425227163603	0.95425799684061	0.313463845819114	0.959114612886705	NA	"prevalence"	46	43
"PWY-241: C4 photosynthetic carbon assimilation cycle, NADP-ME type"	"Sex"	"Female"	"SexFemale"	1.39638122090715	0	1.09803672278076	0.203477166710936	0.95425799684061	0.365551376049162	0.968877380286383	NA	"prevalence"	46	44
"PWY-5005: biotin biosynthesis II"	"TimeNW"	"TimeNW"	"TimeNW"	0.62320075399317	0	0.454673043680722	0.170481929930856	0.95425799684061	0.00296800691291128	0.137517653631556	NA	"prevalence"	46	35
"PWY-5138: fatty acid &beta;-oxidation IV (unsaturated, even number)"	"Age"	"Age"	"Age"	0.457533235736602	0	0.331305629659431	0.167278811076749	0.95425799684061	0.306575421518247	0.959114612886705	NA	"prevalence"	46	23
"PWY-5138: fatty acid &beta;-oxidation IV (unsaturated, even number)"	"Sex"	"Female"	"SexFemale"	0.867909979010593	0	0.638025667843684	0.173733192328505	0.95425799684061	0.317283162540356	0.959114612886705	NA	"prevalence"	46	23
"PWY-5189: tetrapyrrole biosynthesis II (from glycine)"	"Sex"	"Female"	"SexFemale"	0.854944754186539	0	0.669994339189921	0.201938647946104	0.95425799684061	0.363098078357907	0.968877380286383	NA	"prevalence"	46	35
"PWY-5417: catechol degradation III (ortho-cleavage pathway)"	"FI"	"FI"	"FI"	-0.906728197110984	0	0.703546686026779	0.197468996083659	0.95425799684061	0.197468996083659	0.906022929422719	NA	"prevalence"	46	5
"PWY-5417: catechol degradation III (ortho-cleavage pathway)"	"Sex"	"Female"	"SexFemale"	1.75422681539326	0	1.30634195074793	0.17931917917481	0.95425799684061	0.17931917917481	0.905949068804327	NA	"prevalence"	46	5
"PWY-5431: aromatic compounds degradation via &beta;-ketoadipate"	"FI"	"FI"	"FI"	-0.906728197110984	0	0.703546686026779	0.197468996083659	0.95425799684061	0.197468996083659	0.906022929422719	NA	"prevalence"	46	5
"PWY-5431: aromatic compounds degradation via &beta;-ketoadipate"	"Sex"	"Female"	"SexFemale"	1.75422681539326	0	1.30634195074793	0.17931917917481	0.95425799684061	0.17931917917481	0.905949068804327	NA	"prevalence"	46	5
"PWY-5656: mannosylglycerate biosynthesis I"	"TimeNW"	"TimeNW"	"TimeNW"	0.430840084798155	0	0.327623385117681	0.188494173772294	0.95425799684061	0.0985680552284016	0.782480255952523	NA	"prevalence"	46	23
"PWY-5692: allantoin degradation to glyoxylate II"	"Age"	"Age"	"Age"	0.568144919005718	0	0.437977015681513	0.194561489893756	0.95425799684061	0.351268806437833	0.968877380286383	NA	"prevalence"	46	7
"PWY-5913: partial TCA cycle (obligate autotrophs)"	"Sex"	"Female"	"SexFemale"	1.39638122090715	0	1.09803672278076	0.203477166710936	0.95425799684061	0.365551376049162	0.968877380286383	NA	"prevalence"	46	44
"PWY-6293: superpathway of L-cysteine biosynthesis (fungi)"	"Age"	"Age"	"Age"	0.42418902395972	0	0.323886952750515	0.19030331840513	0.95425799684061	0.344391283814256	0.96473999596638	NA	"prevalence"	46	23
"PWY-6293: superpathway of L-cysteine biosynthesis (fungi)"	"Sex"	"Female"	"SexFemale"	0.793737336425671	0	0.621417094330876	0.201495625663776	0.95425799684061	0.362390764165916	0.968877380286383	NA	"prevalence"	46	23
"PWY-6803: phosphatidylcholine acyl editing"	"Sex"	"Female"	"SexFemale"	0.859534679057435	0	0.655462480055814	0.189742657053358	0.95425799684061	0.264564717537859	0.954417715573453	NA	"prevalence"	46	27
"PWY-6895: superpathway of thiamine diphosphate biosynthesis II"	"Location"	"Centre"	"LocationCentre"	1.15586239379964	0	0.861203962554796	0.17954830741399	0.95425799684061	0.326859020132752	0.959114612886705	NA	"prevalence"	46	40
"PWY-6895: superpathway of thiamine diphosphate biosynthesis II"	"TimeNW"	"TimeNW"	"TimeNW"	0.827806990316999	0	0.602845223423709	0.169700527130952	0.95425799684061	0.310602785353381	0.959114612886705	NA	"prevalence"	46	40
"PWY-7115: C4 photosynthetic carbon assimilation cycle, NAD-ME type"	"Sex"	"Female"	"SexFemale"	1.15912865804383	0	0.85243044924068	0.173895549512644	0.95425799684061	0.317551436884983	0.959114612886705	NA	"prevalence"	46	40
"PWY-7117: C4 photosynthetic carbon assimilation cycle, PEPCK type"	"Sex"	"Female"	"SexFemale"	1.39638122090715	0	1.09803672278076	0.203477166710936	0.95425799684061	0.365551376049162	0.968877380286383	NA	"prevalence"	46	44
"PWY-7200: superpathway of pyrimidine deoxyribonucleoside salvage"	"Age"	"Age"	"Age"	0.696438678781112	0	0.53463814838329	0.192699201938658	0.95425799684061	0.192699201938658	0.905949068804327	NA	"prevalence"	46	4
"PWY-7873: D-erythronate degradation II"	"Sex"	"Female"	"SexFemale"	-1.04827567280827	0	0.792298420589072	0.185808154488905	0.95425799684061	0.0608530745614024	0.689557937285457	NA	"prevalence"	46	7
"PWY-7942: 5-oxo-L-proline metabolism"	"Sex"	"Female"	"SexFemale"	0.802105135103075	0	0.613987561172895	0.191421113440714	0.95425799684061	0.346200184210545	0.96473999596638	NA	"prevalence"	46	23
"PWY-801: homocysteine and cysteine interconversion"	"Age"	"Age"	"Age"	0.42418902395972	0	0.323886952750515	0.19030331840513	0.95425799684061	0.344391283814256	0.96473999596638	NA	"prevalence"	46	23
"PWY-801: homocysteine and cysteine interconversion"	"Sex"	"Female"	"SexFemale"	0.793737336425671	0	0.621417094330876	0.201495625663776	0.95425799684061	0.362390764165916	0.968877380286383	NA	"prevalence"	46	23
"PWY-8188: L-alanine degradation VI (reductive Stickland reaction)"	"Location"	"Centre"	"LocationCentre"	-1.08787408171589	0	0.84940713373913	0.200283189322219	0.95425799684061	0.360453022719359	0.968877380286383	NA	"prevalence"	46	7
"PWY-8189: L-alanine degradation V (oxidative Stickland reaction)"	"Location"	"Centre"	"LocationCentre"	-1.08787408171589	0	0.84940713373913	0.200283189322219	0.95425799684061	0.360453022719359	0.968877380286383	NA	"prevalence"	46	7
"PWY4LZ-257: superpathway of fermentation (Chlamydomonas reinhardtii)"	"FI"	"FI"	"FI"	0.69071947374663	0	0.541460387278068	0.202075658422028	0.95425799684061	0.363316745117361	0.968877380286383	NA	"prevalence"	46	42
"REDCITCYC: TCA cycle VI (Helicobacter)"	"Sex"	"Female"	"SexFemale"	0.865779554400025	0	0.661936381842371	0.190890338667066	0.95425799684061	0.345341555937706	0.96473999596638	NA	"prevalence"	46	24
"TCA-GLYOX-BYPASS: superpathway of glyoxylate bypass and TCA"	"Location"	"Centre"	"LocationCentre"	0.882414340269606	0	0.660058460002705	0.181264092170008	0.95425799684061	0.10221552782372	0.798167673661758	NA	"prevalence"	46	25
"THREOCAT-PWY: superpathway of L-threonine metabolism"	"FI"	"FI"	"FI"	-0.82467063022819	0	0.632531387574714	0.192314611506996	0.95425799684061	0.347644313214906	0.965989351882631	NA	"prevalence"	46	7
"URDEGR-PWY: superpathway of allantoin degradation in plants"	"Age"	"Age"	"Age"	0.568144919005718	0	0.437977015681513	0.194561489893756	0.95425799684061	0.351268806437833	0.968877380286383	NA	"prevalence"	46	7
"FAO-PWY: fatty acid &beta;-oxidation I (generic)"	"TimeNW"	"TimeNW"	"TimeNW"	0.421528899993826	0	0.331719442887009	0.203821444461601	0.954495237031994	0.167771735321979	0.903269452466154	NA	"prevalence"	46	24
"PWY-5138: fatty acid &beta;-oxidation IV (unsaturated, even number)"	"Sex"	"Female"	"SexFemale"	-1.07508618026169	-0.0946946073416741	0.741335641402927	0.204648401866199	0.954826476985299	0.317283162540356	0.959114612886705	NA	"abundance"	46	23
"PWY-7199: pyrimidine deoxyribonucleosides salvage"	"Sex"	"Female"	"SexFemale"	0.0557068116873383	-0.0946946073416741	0.099462720558032	0.204773555218078	0.954826476985299	0.204773555218078	0.921028720412631	NA	"abundance"	46	46
"PWY-6292: superpathway of L-cysteine biosynthesis (mammalian)"	"FI"	"FI"	"FI"	-0.555419939575972	0	0.437597507458026	0.204352480869502	0.954826476985299	0.330301668296834	0.960500667223012	NA	"prevalence"	46	43
"PWY-5705: allantoin degradation to glyoxylate III"	"Age"	"Age"	"Age"	0.455607646972598	0	0.359798458323654	0.205410810444375	0.955509314056326	0.329693065693146	0.960069891019846	NA	"prevalence"	46	13
"PWY-7409: phospholipid remodeling (phosphatidylethanolamine, yeast)"	"Sex"	"Female"	"SexFemale"	0.901998914768445	0	0.71247141172367	0.205508003238576	0.955509314056326	0.18838097704651	0.905949068804327	NA	"prevalence"	46	14
"P122-PWY: heterolactic fermentation"	"Sex"	"Female"	"SexFemale"	0.828688435726971	0	0.655998899157497	0.206500539401478	0.95692311267967	0.370358606029854	0.975808581655669	NA	"prevalence"	46	17
"PWY-5855: ubiquinol-7 biosynthesis (early decarboxylation)"	"TimeNW"	"TimeNW"	"TimeNW"	0.423039177373532	0	0.33524359242129	0.206989830219633	0.95692311267967	0.371134870624914	0.975808581655669	NA	"prevalence"	46	26
"PWY-7185: UTP and CTP dephosphorylation I"	"TimeNW"	"TimeNW"	"TimeNW"	-0.404448653639399	0	0.320389539177871	0.206817350461287	0.95692311267967	0.370861284470747	0.975808581655669	NA	"prevalence"	46	27
"PWY-7210: pyrimidine deoxyribonucleotides biosynthesis from CTP"	"TimeNW"	"TimeNW"	"TimeNW"	-0.404448653639399	0	0.320389539177871	0.206817350461287	0.95692311267967	0.370861284470747	0.975808581655669	NA	"prevalence"	46	27
"COA-PWY-1: superpathway of coenzyme A biosynthesis III (mammals)"	"Location"	"Centre"	"LocationCentre"	0.00458248783169484	-0.134762365173622	0.0955088287463393	0.209327700901076	0.960573466225682	0.209327700901076	0.930593297182821	NA	"abundance"	46	46
"GLCMANNANAUT-PWY: superpathway of N-acetylglucosamine, N-acetylmannosamine and N-acetylneuraminate degradation"	"TimeNW"	"TimeNW"	"TimeNW"	-0.141033875068818	-0.0144260567140095	0.0823094093053439	0.213508008257866	0.960573466225682	0.213508008257866	0.931415651367086	NA	"abundance"	46	46
"POLYAMSYN-PWY: superpathway of polyamine biosynthesis I"	"Age"	"Age"	"Age"	0.375099388474779	0.115099219485005	0.204073017929069	0.212881175116565	0.960573466225682	0.328004108776968	0.959114612886705	NA	"abundance"	46	44
"PWY-5188: tetrapyrrole biosynthesis I (from glutamate)"	"Location"	"Centre"	"LocationCentre"	-0.344812264653475	-0.134762365173622	0.157312723726551	0.211101625219749	0.960573466225682	0.211101625219749	0.931415651367086	NA	"abundance"	46	46
"PWY-6126: superpathway of adenosine nucleotides de novo biosynthesis II"	"FI"	"FI"	"FI"	-0.0932055818564664	-0.0218447081487729	0.0512822020268716	0.208679553076799	0.960573466225682	0.208679553076799	0.929915369904712	NA	"abundance"	46	46
"PWY-6143: CMP-pseudaminate biosynthesis"	"Sex"	"Female"	"SexFemale"	0.898175377264203	-0.0946946073416741	0.747108628712298	0.209860335841865	0.960573466225682	0.375679311124069	0.97794296831023	NA	"abundance"	46	18
"PWY-6270: isoprene biosynthesis I"	"Sex"	"Female"	"SexFemale"	0.0516314398254305	-0.0946946073416741	0.0987882960931311	0.213986212168429	0.960573466225682	0.213986212168429	0.931415651367086	NA	"abundance"	46	46
"PWY-6895: superpathway of thiamine diphosphate biosynthesis II"	"Age"	"Age"	"Age"	0.394068567305982	0.115099219485005	0.21869530268503	0.21292412473746	0.960573466225682	0.380511566579705	0.980279247207519	NA	"abundance"	46	40
"PWY-7663: gondoate biosynthesis (anaerobic)"	"Sex"	"Female"	"SexFemale"	-0.259278559429115	-0.0946946073416741	0.114591872987981	0.212446842723575	0.960573466225682	0.212446842723575	0.931415651367086	NA	"abundance"	46	46
"PWY-822: fructan biosynthesis"	"FI"	"FI"	"FI"	-0.601598777797564	-0.0218447081487729	0.432437084205795	0.213423917792706	0.960573466225682	0.381298066899424	0.980279247207519	NA	"abundance"	46	15
"PWY0-1298: superpathway of pyrimidine deoxyribonucleosides degradation"	"FI"	"FI"	"FI"	0.260082941791361	-0.0218447081487729	0.221682461335593	0.212975597655757	0.960573466225682	0.380592590114687	0.980279247207519	NA	"abundance"	46	45
"GLYCOL-GLYOXDEG-PWY: superpathway of glycol metabolism and degradation"	"Location"	"Centre"	"LocationCentre"	0.852041269427974	0	0.685407333773539	0.213824850692584	0.960573466225682	0.133907789328533	0.857461487585441	NA	"prevalence"	46	22
"KETOGLUCONMET-PWY: ketogluconate metabolism"	"Location"	"Centre"	"LocationCentre"	0.816869154767758	0	0.654056488371321	0.211691581158417	0.960573466225682	0.378569836783483	0.980279247207519	NA	"prevalence"	46	27
"P221-PWY: octane oxidation"	"Age"	"Age"	"Age"	0.417788905122529	0	0.333864803901222	0.210798965162362	0.960573466225682	0.298298247907361	0.954417715573453	NA	"prevalence"	46	18
"P4-PWY: superpathway of L-lysine, L-threonine and L-methionine biosynthesis I"	"Sex"	"Female"	"SexFemale"	0.799681588653734	0	0.63735872286875	0.20959475164937	0.960573466225682	0.375259543379779	0.97794296831023	NA	"prevalence"	46	31
"PWY-6470: peptidoglycan biosynthesis V (&beta;-lactam resistance)"	"Location"	"Centre"	"LocationCentre"	1.16391782967852	0	0.92667680426561	0.209111367646195	0.960573466225682	0.158316575647472	0.897061821880354	NA	"prevalence"	46	41
"PWY-7237: myo-, chiro- and scyllo-inositol degradation"	"Location"	"Centre"	"LocationCentre"	-0.981777006792765	0	0.782969110425732	0.209872765494875	0.960573466225682	0.375698953293283	0.97794296831023	NA	"prevalence"	46	34
"PWY-7312: dTDP-&beta;-D-fucofuranose biosynthesis"	"FI"	"FI"	"FI"	0.399695173251392	0	0.319845799036205	0.211427577646942	0.960573466225682	0.378153534704231	0.980279247207519	NA	"prevalence"	46	21
"PWY0-1415: superpathway of heme b biosynthesis from uroporphyrinogen-III"	"FI"	"FI"	"FI"	0.411936495098504	0	0.330482431508067	0.212591831176963	0.960573466225682	0.379988375670751	0.980279247207519	NA	"prevalence"	46	29
"PWY0-781: aspartate superpathway"	"Sex"	"Female"	"SexFemale"	0.799681588653734	0	0.63735872286875	0.20959475164937	0.960573466225682	0.375259543379779	0.97794296831023	NA	"prevalence"	46	31
"PWY66-430: myristate biosynthesis (mitochondria)"	"TimeNW"	"TimeNW"	"TimeNW"	-0.743630942860131	0	0.595511202447694	0.211764926256149	0.960573466225682	0.378685468520026	0.980279247207519	NA	"prevalence"	46	9
"PWY-7199: pyrimidine deoxyribonucleosides salvage"	"FI"	"FI"	"FI"	-0.0894725919220172	-0.0218447081487729	0.0488117104873141	0.214556995621247	0.961807221750419	0.214556995621247	0.931415651367086	NA	"abundance"	46	46
"ANAEROFRUCAT-PWY: homolactic fermentation"	"Age"	"Age"	"Age"	0.0538797157917368	0.115099219485005	0.0522016695872523	0.287239518350058	0.963076415403754	0.287239518350058	0.954417715573453	NA	"abundance"	46	46
"ARG+POLYAMINE-SYN: superpathway of arginine and polyamine biosynthesis"	"Age"	"Age"	"Age"	0.303491949921568	0.115099219485005	0.176238523034411	0.29512030002654	0.963076415403754	0.328004108776968	0.959114612886705	NA	"abundance"	46	44
"ARGININE-SYN4-PWY: L-ornithine biosynthesis II"	"Age"	"Age"	"Age"	-0.0240180461301781	0.115099219485005	0.12479958149	0.278205288176431	0.963076415403754	0.278205288176431	0.954417715573453	NA	"abundance"	46	46
"ARGININE-SYN4-PWY: L-ornithine biosynthesis II"	"FI"	"FI"	"FI"	0.116265525057492	-0.0218447081487729	0.121018538547174	0.268060711778484	0.963076415403754	0.268060711778484	0.954417715573453	NA	"abundance"	46	46
"ARGSYN-PWY: L-arginine biosynthesis I (via L-ornithine)"	"Location"	"Centre"	"LocationCentre"	-0.265467947842163	-0.134762365173622	0.098368122657872	0.246897547069457	0.963076415403754	0.246897547069457	0.954417715573453	NA	"abundance"	46	46
"CARNMET-PWY: L-carnitine degradation I"	"Age"	"Age"	"Age"	0.739220167130345	0.115099219485005	0.441495885457509	0.293419846896263	0.963076415403754	0.5007444872399	0.993695588454555	NA	"abundance"	46	8
"CENTFERM-PWY: pyruvate fermentation to butanoate"	"Age"	"Age"	"Age"	-0.0798896056469833	0.115099219485005	0.187877411024198	0.309086970580685	0.963076415403754	0.522639185778625	0.993695588454555	NA	"abundance"	46	41
"COA-PWY: coenzyme A biosynthesis I (prokaryotic)"	"Location"	"Centre"	"LocationCentre"	-0.0252342610499774	-0.134762365173622	0.08600952979476	0.284070036531397	0.963076415403754	0.284070036531397	0.954417715573453	NA	"abundance"	46	46
"COBALSYN-PWY: superpathway of adenosylcobalamin salvage from cobinamide I"	"Age"	"Age"	"Age"	0.0145342075365229	0.115099219485005	0.0804480338960947	0.235478901587774	0.963076415403754	0.235478901587774	0.940562279330478	NA	"abundance"	46	46
"DARABCATK12-PWY: D-arabinose degradation I"	"Sex"	"Female"	"SexFemale"	-1.37908501995704	-0.0946946073416741	1.10195029717779	0.265331083098694	0.963076415403754	0.460261582539062	0.993695588454555	NA	"abundance"	46	19
"DENOVOPURINE2-PWY: superpathway of purine nucleotides de novo biosynthesis II"	"Age"	"Age"	"Age"	0.347561476709632	0.115099219485005	0.215112155043858	0.30149278512619	0.963076415403754	0.160128744749347	0.897061821880354	NA	"abundance"	46	19
"DENOVOPURINE2-PWY: superpathway of purine nucleotides de novo biosynthesis II"	"FI"	"FI"	"FI"	0.251912583333373	-0.0218447081487729	0.239820634070336	0.27559406221016	0.963076415403754	0.475236037294823	0.993695588454555	NA	"abundance"	46	19
"DENOVOPURINE2-PWY: superpathway of purine nucleotides de novo biosynthesis II"	"TimeNW"	"TimeNW"	"TimeNW"	-0.32679445629711	-0.0144260567140095	0.289249062071544	0.308466743153747	0.963076415403754	0.521781754675614	0.993695588454555	NA	"abundance"	46	19
"FAO-PWY: fatty acid &beta;-oxidation I (generic)"	"Sex"	"Female"	"SexFemale"	-0.950839000020192	-0.0946946073416741	0.74596654941938	0.267324563737997	0.963076415403754	0.463186705098283	0.993695588454555	NA	"abundance"	46	24
"FERMENTATION-PWY: mixed acid fermentation"	"Sex"	"Female"	"SexFemale"	-0.458278064971667	-0.0946946073416741	0.340629107047413	0.29937131222304	0.963076415403754	0.29937131222304	0.954417715573453	NA	"abundance"	46	46
"GALACT-GLUCUROCAT-PWY: superpathway of hexuronide and hexuronate degradation"	"Sex"	"Female"	"SexFemale"	0.210761879122535	-0.0946946073416741	0.264610089071507	0.267078276012009	0.963076415403754	0.462825746506471	0.993695588454555	NA	"abundance"	46	44
"GALACTITOLCAT-PWY: galactitol degradation"	"Age"	"Age"	"Age"	0.573365660496995	0.115099219485005	0.366697980842211	0.225639875988568	0.963076415403754	0.400366398341	0.98522843796502	NA	"abundance"	46	27
"GALACTITOLCAT-PWY: galactitol degradation"	"Location"	"Centre"	"LocationCentre"	-1.17393157636065	-0.134762365173622	0.835783980294416	0.228049720986649	0.963076415403754	0.404092766731209	0.988888989007711	NA	"abundance"	46	27
"GLCMANNANAUT-PWY: superpathway of N-acetylglucosamine, N-acetylmannosamine and N-acetylneuraminate degradation"	"FI"	"FI"	"FI"	-0.104301560985415	-0.0218447081487729	0.0790054552819008	0.320251603405602	0.963076415403754	0.320251603405602	0.959114612886705	NA	"abundance"	46	46
"GLUCARDEG-PWY: D-glucarate degradation I"	"Sex"	"Female"	"SexFemale"	-0.827771402756867	-0.0946946073416741	0.63165509542665	0.256590957967062	0.963076415403754	0.427219544961275	0.993695588454555	NA	"abundance"	46	37
"GLUCUROCAT-PWY: superpathway of &beta;-D-glucuronosides degradation"	"Location"	"Centre"	"LocationCentre"	-0.345315325232503	-0.134762365173622	0.203395767929734	0.321368939794299	0.963076415403754	0.321368939794299	0.959114612886705	NA	"abundance"	46	46
"GLUDEG-I-PWY: GABA shunt"	"Sex"	"Female"	"SexFemale"	0.384966353705195	-0.0946946073416741	0.452775119290238	0.300193649727911	0.963076415403754	0.498911874218577	0.993695588454555	NA	"abundance"	46	40
"GLYCOCAT-PWY: glycogen degradation I"	"FI"	"FI"	"FI"	0.127646037586087	-0.0218447081487729	0.130843106161472	0.266480400623925	0.963076415403754	0.461948997331162	0.993695588454555	NA	"abundance"	46	43
"GLYCOGENSYNTH-PWY: glycogen biosynthesis I (from ADP-D-Glucose)"	"Location"	"Centre"	"LocationCentre"	-0.320211580965887	-0.134762365173622	0.155130407688571	0.263875259828372	0.963076415403754	0.263875259828372	0.954417715573453	NA	"abundance"	46	46
"GLYCOL-GLYOXDEG-PWY: superpathway of glycol metabolism and degradation"	"TimeNW"	"TimeNW"	"TimeNW"	-0.401438044810949	-0.0144260567140095	0.374652363998639	0.322112019551963	0.963076415403754	0.174468697671393	0.905949068804327	NA	"abundance"	46	22
"GLYCOLYSIS-E-D: superpathway of glycolysis and the Entner-Doudoroff pathway"	"Age"	"Age"	"Age"	0.218965659334547	0.115099219485005	0.101278476432105	0.321438006009087	0.963076415403754	0.321438006009087	0.959114612886705	NA	"abundance"	46	46
"HCAMHPDEG-PWY: 3-phenylpropanoate and 3-(3-hydroxyphenyl)propanoate degradation to 2-hydroxypentadienoate"	"Age"	"Age"	"Age"	0.868691917879723	0.115099219485005	0.566417326538285	0.220208074984152	0.963076415403754	0.0418742517219451	0.676804766203531	NA	"abundance"	46	14
"HEME-BIOSYNTHESIS-II-1: heme b biosynthesis V (aerobic)"	"Sex"	"Female"	"SexFemale"	-1.17409157907262	-0.0946946073416741	0.891168816729553	0.237639374881875	0.963076415403754	0.0596273802214044	0.686415561393386	NA	"abundance"	46	32
"HEXITOLDEGSUPER-PWY: superpathway of hexitol degradation (bacteria)"	"Age"	"Age"	"Age"	0.436471669838694	0.115099219485005	0.287161559597447	0.276824444964668	0.963076415403754	0.47701711659934	0.993695588454555	NA	"abundance"	46	27
"HEXITOLDEGSUPER-PWY: superpathway of hexitol degradation (bacteria)"	"Location"	"Centre"	"LocationCentre"	-0.866647497985199	-0.134762365173622	0.654503280101726	0.277309249123359	0.963076415403754	0.477718078597357	0.993695588454555	NA	"abundance"	46	27
"HISTSYN-PWY: L-histidine biosynthesis"	"Sex"	"Female"	"SexFemale"	0.0499528549761351	-0.0946946073416741	0.0992729494513052	0.221080907435438	0.963076415403754	0.221080907435438	0.931415651367086	NA	"abundance"	46	46
"KDO-NAGLIPASYN-PWY: superpathway of (Kdo)2-lipid A biosynthesis"	"FI"	"FI"	"FI"	-0.37590207766604	-0.0218447081487729	0.294729096547582	0.25382808748578	0.963076415403754	0.443227476974872	0.993695588454555	NA	"abundance"	46	18
"LACTOSECAT-PWY: lactose and galactose degradation I"	"FI"	"FI"	"FI"	0.24999265490805	-0.0218447081487729	0.229628666062618	0.24565246169041	0.963076415403754	0.430959791446261	0.993695588454555	NA	"abundance"	46	44
"METHANOGENESIS-PWY: methanogenesis from H2 and CO2"	"FI"	"FI"	"FI"	0.378649463826679	-0.0218447081487729	0.272793679799218	0.217120256450533	0.963076415403754	0.387099307139921	0.980622710853004	NA	"abundance"	46	10
"METHGLYUT-PWY: superpathway of methylglyoxal degradation"	"FI"	"FI"	"FI"	-0.277741888536052	-0.0218447081487729	0.245276199620564	0.306966721257622	0.963076415403754	0.519704874555589	0.993695588454555	NA	"abundance"	46	36
"METHGLYUT-PWY: superpathway of methylglyoxal degradation"	"Location"	"Centre"	"LocationCentre"	-0.740605375819947	-0.134762365173622	0.560947870159313	0.290145454178883	0.963076415403754	0.448555556703903	0.993695588454555	NA	"abundance"	46	36
"METHGLYUT-PWY: superpathway of methylglyoxal degradation"	"TimeNW"	"TimeNW"	"TimeNW"	-0.287143577054581	-0.0144260567140095	0.249380989209512	0.294655668160838	0.963076415403754	0.280787154973848	0.954417715573453	NA	"abundance"	46	36
"NAGLIPASYN-PWY: lipid IVA biosynthesis (E. coli)"	"FI"	"FI"	"FI"	0.15831472374323	-0.0218447081487729	0.154909124655319	0.256213818718431	0.963076415403754	0.44678211653458	0.993695588454555	NA	"abundance"	46	44
"NAGLIPASYN-PWY: lipid IVA biosynthesis (E. coli)"	"Sex"	"Female"	"SexFemale"	-0.426670572573809	-0.0946946073416741	0.316441339217732	0.309075656362696	0.963076415403754	0.522623551369361	0.993695588454555	NA	"abundance"	46	44
"ORNDEG-PWY: superpathway of ornithine degradation"	"Sex"	"Female"	"SexFemale"	-0.759017667240419	-0.0946946073416741	0.629819242584138	0.304835882587241	0.963076415403754	0.352041838668454	0.968877380286383	NA	"abundance"	46	28
"P105-PWY: TCA cycle IV (2-oxoglutarate decarboxylase)"	"FI"	"FI"	"FI"	0.307615323937746	-0.0218447081487729	0.289643887017639	0.265546609701119	0.963076415403754	0.460578217478479	0.993695588454555	NA	"abundance"	46	36
"P122-PWY: heterolactic fermentation"	"FI"	"FI"	"FI"	-0.536698768256345	-0.0218447081487729	0.485301079370176	0.311734964632999	0.963076415403754	0.526291241091261	0.993695588454555	NA	"abundance"	46	17
"P122-PWY: heterolactic fermentation"	"Sex"	"Female"	"SexFemale"	-1.79280161365415	-0.0946946073416741	1.4266494256904	0.259265289389343	0.963076415403754	0.370358606029854	0.975808581655669	NA	"abundance"	46	17
"P124-PWY: Bifidobacterium shunt"	"Location"	"Centre"	"LocationCentre"	1.1563557681067	-0.134762365173622	1.04742972526339	0.23983294047149	0.963076415403754	0.422146041607779	0.993695588454555	NA	"abundance"	46	19
"P125-PWY: superpathway of (R,R)-butanediol biosynthesis"	"Location"	"Centre"	"LocationCentre"	-1.18418188609723	-0.134762365173622	0.91816873220015	0.274437772821481	0.963076415403754	0.473559454491747	0.993695588454555	NA	"abundance"	46	19
"P164-PWY: purine nucleobases degradation I (anaerobic)"	"TimeNW"	"TimeNW"	"TimeNW"	-0.180593602315647	-0.0144260567140095	0.138276672045105	0.273177995175263	0.963076415403754	0.47172977330255	0.993695588454555	NA	"abundance"	46	44
"P42-PWY: incomplete reductive TCA cycle"	"FI"	"FI"	"FI"	0.219327567702265	-0.0218447081487729	0.208631980415062	0.256686744602515	0.963076415403754	0.447485404350392	0.993695588454555	NA	"abundance"	46	45
"P461-PWY: hexitol fermentation to lactate, formate, ethanol and acetate"	"Sex"	"Female"	"SexFemale"	-0.565608132839673	-0.0946946073416741	0.409240360813855	0.261551172096984	0.963076415403754	0.268479478448025	0.954417715573453	NA	"abundance"	46	44
"PANTO-PWY: phosphopantothenate biosynthesis I"	"Location"	"Centre"	"LocationCentre"	-0.0168768370804486	-0.134762365173622	0.0891869406872967	0.261027816252279	0.963076415403754	0.261027816252279	0.954417715573453	NA	"abundance"	46	46
"PANTOSYN-PWY: superpathway of coenzyme A biosynthesis I (bacteria)"	"Location"	"Centre"	"LocationCentre"	-0.00634262167216596	-0.134762365173622	0.0893673478840642	0.221705239661699	0.963076415403754	0.221705239661699	0.931415651367086	NA	"abundance"	46	46
"PEPTIDOGLYCANSYN-PWY: peptidoglycan biosynthesis I (meso-diaminopimelate containing)"	"Sex"	"Female"	"SexFemale"	0.0221845929453195	-0.0946946073416741	0.0775064922242724	0.241824865856778	0.963076415403754	0.241824865856778	0.954417715573453	NA	"abundance"	46	46
"POLYAMINSYN3-PWY: superpathway of polyamine biosynthesis II"	"Location"	"Centre"	"LocationCentre"	0.385726943834997	-0.134762365173622	0.501114555032688	0.31080551143968	0.963076415403754	0.525010956938079	0.993695588454555	NA	"abundance"	46	31
"POLYAMINSYN3-PWY: superpathway of polyamine biosynthesis II"	"Sex"	"Female"	"SexFemale"	0.494280058668861	-0.0946946073416741	0.475043662018533	0.229814394901744	0.963076415403754	0.406814133699434	0.990896575658083	NA	"abundance"	46	31
"POLYISOPRENSYN-PWY: polyisoprenoid biosynthesis (E. coli)"	"Age"	"Age"	"Age"	0.278773189031534	0.115099219485005	0.146522777987168	0.276558905754682	0.963076415403754	0.476632983157137	0.993695588454555	NA	"abundance"	46	44
"POLYISOPRENSYN-PWY: polyisoprenoid biosynthesis (E. coli)"	"FI"	"FI"	"FI"	-0.178992250467525	-0.0218447081487729	0.145402924002543	0.291189049693039	0.963076415403754	0.497587036724943	0.993695588454555	NA	"abundance"	46	44
"PROPFERM-PWY: superpathway of L-alanine fermentation (Stickland reaction)"	"FI"	"FI"	"FI"	-0.585048034576878	-0.0218447081487729	0.209930819949817	0.228366737115016	0.963076415403754	0.228455585014001	0.931415651367086	NA	"abundance"	46	7
"PROPFERM-PWY: superpathway of L-alanine fermentation (Stickland reaction)"	"TimeNW"	"TimeNW"	"TimeNW"	0.685978879012925	-0.0144260567140095	0.383519598707469	0.321878837121691	0.963076415403754	0.540151688456569	0.993695588454555	NA	"abundance"	46	7
"PRPP-PWY: superpathway of histidine, purine, and pyrimidine biosynthesis"	"TimeNW"	"TimeNW"	"TimeNW"	-0.317433729728469	-0.0144260567140095	0.25163077893913	0.261001807856023	0.963076415403754	0.453881672007933	0.993695588454555	NA	"abundance"	46	19
"PWY-1269: CMP-3-deoxy-D-manno-octulosonate biosynthesis"	"FI"	"FI"	"FI"	0.0994562546610922	-0.0218447081487729	0.114414857247958	0.303694032519257	0.963076415403754	0.303694032519257	0.959114612886705	NA	"abundance"	46	46
"PWY-241: C4 photosynthetic carbon assimilation cycle, NADP-ME type"	"Location"	"Centre"	"LocationCentre"	0.466975496471235	-0.134762365173622	0.475318455547969	0.21543310284182	0.963076415403754	0.384454783883586	0.980622710853004	NA	"abundance"	46	44
"PWY-241: C4 photosynthetic carbon assimilation cycle, NADP-ME type"	"TimeNW"	"TimeNW"	"TimeNW"	0.250950759009767	-0.0144260567140095	0.227010941163528	0.263568438584582	0.963076415403754	0.45766855535125	0.993695588454555	NA	"abundance"	46	44
"PWY-2941: L-lysine biosynthesis II"	"Location"	"Centre"	"LocationCentre"	0.225516094603671	-0.134762365173622	0.292688483138831	0.232426134108054	0.963076415403754	0.232426134108054	0.933735047428308	NA	"abundance"	46	46
"PWY-2942: L-lysine biosynthesis III"	"FI"	"FI"	"FI"	0.0400363630441168	-0.0218447081487729	0.0577599730891063	0.321951721634956	0.963076415403754	0.321951721634956	0.959114612886705	NA	"abundance"	46	46
"PWY-2942: L-lysine biosynthesis III"	"Sex"	"Female"	"SexFemale"	0.0620441173765572	-0.0946946073416741	0.11769642992319	0.242928201558263	0.963076415403754	0.242928201558263	0.954417715573453	NA	"abundance"	46	46
"PWY-3841: folate transformations II (plants)"	"Sex"	"Female"	"SexFemale"	0.0344522108191267	-0.0946946073416741	0.0849584441452028	0.222873986628612	0.963076415403754	0.222873986628612	0.931415651367086	NA	"abundance"	46	46
"PWY-4984: urea cycle"	"TimeNW"	"TimeNW"	"TimeNW"	0.15210504567063	-0.0144260567140095	0.130455869439673	0.248857253339564	0.963076415403754	0.248857253339564	0.954417715573453	NA	"abundance"	46	46
"PWY-5005: biotin biosynthesis II"	"Age"	"Age"	"Age"	-0.138679133218097	0.115099219485005	0.208735177126056	0.235697669034012	0.963076415403754	0.415841946879957	0.993162038080996	NA	"abundance"	46	35
"PWY-5022: 4-aminobutanoate degradation V"	"FI"	"FI"	"FI"	0.186192295189622	-0.0218447081487729	0.188328839735714	0.281525610253737	0.963076415403754	0.483794551278734	0.993695588454555	NA	"abundance"	46	34
"PWY-5030: L-histidine degradation III"	"FI"	"FI"	"FI"	0.152777363026236	-0.0218447081487729	0.155895214581681	0.273284969664615	0.963076415403754	0.273284969664615	0.954417715573453	NA	"abundance"	46	46
"PWY-5100: pyruvate fermentation to acetate and lactate II"	"Sex"	"Female"	"SexFemale"	0.113870736047675	-0.0946946073416741	0.180848492837022	0.279649903613452	0.963076415403754	0.279649903613452	0.954417715573453	NA	"abundance"	46	46
"PWY-5104: L-isoleucine biosynthesis IV"	"Sex"	"Female"	"SexFemale"	-0.813590993584814	-0.0946946073416741	0.626124527437268	0.265495484049011	0.963076415403754	0.194896823648699	0.905949068804327	NA	"abundance"	46	27
"PWY-5138: fatty acid &beta;-oxidation IV (unsaturated, even number)"	"Age"	"Age"	"Age"	0.462704696926622	0.115099219485005	0.313263817078048	0.283436330600201	0.963076415403754	0.306575421518247	0.959114612886705	NA	"abundance"	46	23
"PWY-5188: tetrapyrrole biosynthesis I (from glutamate)"	"Age"	"Age"	"Age"	0.213159964161309	0.115099219485005	0.0764162071309851	0.226220228480886	0.963076415403754	0.226220228480886	0.931415651367086	NA	"abundance"	46	46
"PWY-5189: tetrapyrrole biosynthesis II (from glycine)"	"Location"	"Centre"	"LocationCentre"	-0.931031428351171	-0.134762365173622	0.710537980867563	0.272575817005352	0.963076415403754	0.470854057994569	0.993695588454555	NA	"abundance"	46	35
"PWY-5198: factor 420 biosynthesis II (mycobacteria)"	"TimeNW"	"TimeNW"	"TimeNW"	0.598595334220231	-0.0144260567140095	0.555427363108092	0.314179395826559	0.963076415403754	0.529650098891177	0.993695588454555	NA	"abundance"	46	12
"PWY-5209: methyl-coenzyme M oxidation to CO2"	"FI"	"FI"	"FI"	0.378361618146966	-0.0218447081487729	0.326446753872143	0.288051511925266	0.963076415403754	0.493129350328101	0.993695588454555	NA	"abundance"	46	10
"PWY-5265: peptidoglycan biosynthesis II (staphylococci)"	"Location"	"Centre"	"LocationCentre"	0.901915197812653	-0.134762365173622	0.842921627228445	0.265216788429945	0.963076415403754	0.460093631994795	0.993695588454555	NA	"abundance"	46	12
"PWY-5265: peptidoglycan biosynthesis II (staphylococci)"	"Sex"	"Female"	"SexFemale"	-1.33528843659388	-0.0946946073416741	1.05845816607998	0.286214003122396	0.963076415403754	0.203267640263429	0.91734422066937	NA	"abundance"	46	12
"PWY-5345: superpathway of L-methionine biosynthesis (by sulfhydrylation)"	"Location"	"Centre"	"LocationCentre"	0.461368047932388	-0.134762365173622	0.4839839739222	0.228850836635345	0.963076415403754	0.405328967841993	0.990751345780251	NA	"abundance"	46	38
"PWY-5367: petroselinate biosynthesis"	"Location"	"Centre"	"LocationCentre"	-0.871754958140121	-0.134762365173622	0.59907547353206	0.231396726118776	0.963076415403754	0.409249007379063	0.992909460673586	NA	"abundance"	46	31
"PWY-5384: sucrose degradation IV (sucrose phosphorylase)"	"FI"	"FI"	"FI"	-0.170378928937579	-0.0218447081487729	0.128743760891706	0.261953040836663	0.963076415403754	0.261953040836663	0.954417715573453	NA	"abundance"	46	46
"PWY-5494: pyruvate fermentation to propanoate II (acrylate pathway)"	"FI"	"FI"	"FI"	-0.488584166978873	-0.0218447081487729	0.295220994393385	0.255498068430618	0.963076415403754	0.221411085768525	0.931415651367086	NA	"abundance"	46	8
"PWY-5497: purine nucleobases degradation II (anaerobic)"	"Location"	"Centre"	"LocationCentre"	-0.399246739592221	-0.134762365173622	0.236943132067175	0.281856056511772	0.963076415403754	0.484269276431177	0.993695588454555	NA	"abundance"	46	45
"PWY-561: superpathway of glyoxylate cycle and fatty acid degradation"	"Location"	"Centre"	"LocationCentre"	-0.776769329763746	-0.134762365173622	0.608349971072206	0.304424579233106	0.963076415403754	0.516174834024959	0.993695588454555	NA	"abundance"	46	27
"PWY-5676: acetyl-CoA fermentation to butanoate II"	"Location"	"Centre"	"LocationCentre"	0.170319057620367	-0.134762365173622	0.278174436788882	0.287300463745573	0.963076415403754	0.492059371022725	0.993695588454555	NA	"abundance"	46	45
"PWY-5690: TCA cycle II (plants and fungi)"	"Age"	"Age"	"Age"	0.416655349344827	0.115099219485005	0.256889912862551	0.257069560694713	0.963076415403754	0.448054362353653	0.993695588454555	NA	"abundance"	46	24
"PWY-5695: inosine 5'-phosphate degradation"	"Location"	"Centre"	"LocationCentre"	-0.0448293746459137	-0.134762365173622	0.0522283973890786	0.232356011956809	0.963076415403754	0.232356011956809	0.933735047428308	NA	"abundance"	46	46
"PWY-5747: 2-methylcitrate cycle II"	"FI"	"FI"	"FI"	-0.437584219134135	-0.0218447081487729	0.398228638339093	0.316047086379408	0.963076415403754	0.532208411949904	0.993695588454555	NA	"abundance"	46	19
"PWY-5747: 2-methylcitrate cycle II"	"Sex"	"Female"	"SexFemale"	-1.37570092451076	-0.0946946073416741	1.00873879090698	0.227006817410202	0.963076415403754	0.402481539669696	0.986103419754778	NA	"abundance"	46	19
"PWY-5840: superpathway of menaquinol-7 biosynthesis"	"TimeNW"	"TimeNW"	"TimeNW"	-0.252977501524735	-0.0144260567140095	0.223384264716689	0.310242963454874	0.963076415403754	0.524235230536485	0.993695588454555	NA	"abundance"	46	31
"PWY-5845: superpathway of menaquinol-9 biosynthesis"	"FI"	"FI"	"FI"	0.165706311953339	-0.0218447081487729	0.163865684021263	0.265008282796493	0.963076415403754	0.45978717564224	0.993695588454555	NA	"abundance"	46	36
"PWY-5845: superpathway of menaquinol-9 biosynthesis"	"Location"	"Centre"	"LocationCentre"	-0.574441065015959	-0.134762365173622	0.349783514076771	0.223051938170859	0.963076415403754	0.396351709219941	0.98522843796502	NA	"abundance"	46	36
"PWY-5850: superpathway of menaquinol-6 biosynthesis"	"Age"	"Age"	"Age"	0.389279354516578	0.115099219485005	0.261912778375687	0.310492855933636	0.963076415403754	0.0101366363412647	0.297674461570942	NA	"abundance"	46	24
"PWY-5860: superpathway of demethylmenaquinol-6 biosynthesis I"	"Age"	"Age"	"Age"	0.440889246315883	0.115099219485005	0.285232307724496	0.269351513398569	0.963076415403754	0.0101366363412647	0.297674461570942	NA	"abundance"	46	24
"PWY-5862: superpathway of demethylmenaquinol-9 biosynthesis"	"FI"	"FI"	"FI"	0.164944065319379	-0.0218447081487729	0.177218246941732	0.303430149077874	0.963076415403754	0.514790442786327	0.993695588454555	NA	"abundance"	46	36
"PWY-5896: superpathway of menaquinol-10 biosynthesis"	"Age"	"Age"	"Age"	0.389279354516578	0.115099219485005	0.261912778375687	0.310218401974178	0.963076415403754	0.0101366363412647	0.297674461570942	NA	"abundance"	46	24
"PWY-5920: superpathway of heme b biosynthesis from glycine"	"Sex"	"Female"	"SexFemale"	-1.03463422122788	-0.0946946073416741	0.763939158279785	0.234899771266153	0.963076415403754	0.414621639991415	0.992909460673586	NA	"abundance"	46	25
"PWY-5972: stearate biosynthesis I (animals)"	"Sex"	"Female"	"SexFemale"	0.697494073172621	-0.0946946073416741	0.704681214297548	0.313267674283648	0.963076415403754	0.528398712816211	0.993695588454555	NA	"abundance"	46	11
"PWY-5981: CDP-diacylglycerol biosynthesis III"	"FI"	"FI"	"FI"	0.307473025395967	-0.0218447081487729	0.314048770186356	0.302953687996049	0.963076415403754	0.0732509637720278	0.731351751440348	NA	"abundance"	46	39
"PWY-5989: stearate biosynthesis II (bacteria and plants)"	"Location"	"Centre"	"LocationCentre"	0.268808163933693	-0.134762365173622	0.381892701164031	0.300527145136769	0.963076415403754	0.300527145136769	0.955181551235005	NA	"abundance"	46	46
"PWY-6122: 5-aminoimidazole ribonucleotide biosynthesis II"	"TimeNW"	"TimeNW"	"TimeNW"	0.0556029019581785	-0.0144260567140095	0.0394931022938992	0.319919727690783	0.963076415403754	0.319919727690783	0.959114612886705	NA	"abundance"	46	46
"PWY-6125: superpathway of guanosine nucleotides de novo biosynthesis II"	"FI"	"FI"	"FI"	-0.09324685547533	-0.0218447081487729	0.0580477405319016	0.257265039904946	0.963076415403754	0.257265039904946	0.954417715573453	NA	"abundance"	46	46
"PWY-6151: S-adenosyl-L-methionine salvage I"	"TimeNW"	"TimeNW"	"TimeNW"	0.0674860194080478	-0.0144260567140095	0.0548808627395159	0.306775764446549	0.963076415403754	0.306775764446549	0.959114612886705	NA	"abundance"	46	46
"PWY-6160: 3-dehydroquinate biosynthesis II (archaea)"	"Location"	"Centre"	"LocationCentre"	1.78311223669151	-0.134762365173622	1.59351761771987	0.263200973493147	0.963076415403754	0.0575984388005112	0.686415561393386	NA	"abundance"	46	14
"PWY-6165: chorismate biosynthesis II (archaea)"	"Location"	"Centre"	"LocationCentre"	1.72132883830573	-0.134762365173622	1.50684158311612	0.253076070904756	0.963076415403754	0.0575984388005112	0.686415561393386	NA	"abundance"	46	14
"PWY-6168: flavin biosynthesis III (fungi)"	"Sex"	"Female"	"SexFemale"	-0.458271827917019	-0.0946946073416741	0.292158550151203	0.232364184736813	0.963076415403754	0.410735255125223	0.992909460673586	NA	"abundance"	46	36
"PWY-621: sucrose degradation III (sucrose invertase)"	"Sex"	"Female"	"SexFemale"	0.191792768059433	-0.0946946073416741	0.270852878939399	0.307161008618773	0.963076415403754	0.307161008618773	0.959114612886705	NA	"abundance"	46	46
"PWY-622: starch biosynthesis"	"Age"	"Age"	"Age"	0.956404495537818	0.115099219485005	0.614357144679916	0.229213628904819	0.963076415403754	0.0975243682139484	0.782480255952523	NA	"abundance"	46	11
"PWY-622: starch biosynthesis"	"Sex"	"Female"	"SexFemale"	-2.08083600794962	-0.0946946073416741	1.50444879152667	0.244128147698526	0.963076415403754	0.428657742898338	0.993695588454555	NA	"abundance"	46	11
"PWY-622: starch biosynthesis"	"TimeNW"	"TimeNW"	"TimeNW"	0.586934791939322	-0.0144260567140095	0.462425216895524	0.253111067552013	0.963076415403754	0.442156922586706	0.993695588454555	NA	"abundance"	46	11
"PWY-6277: superpathway of 5-aminoimidazole ribonucleotide biosynthesis"	"TimeNW"	"TimeNW"	"TimeNW"	0.0556029019581785	-0.0144260567140095	0.0394931022938992	0.320233284774294	0.963076415403754	0.320233284774294	0.959114612886705	NA	"abundance"	46	46
"PWY-6284: superpathway of unsaturated fatty acids biosynthesis (E. coli)"	"Sex"	"Female"	"SexFemale"	-0.636975557369703	-0.0946946073416741	0.498191321324551	0.289845546204261	0.963076415403754	0.173639889687522	0.905949068804327	NA	"abundance"	46	31
"PWY-6292: superpathway of L-cysteine biosynthesis (mammalian)"	"Age"	"Age"	"Age"	-0.106166556028616	0.115099219485005	0.210805084047143	0.302619683661022	0.963076415403754	0.513660694382946	0.993695588454555	NA	"abundance"	46	43
"PWY-6292: superpathway of L-cysteine biosynthesis (mammalian)"	"TimeNW"	"TimeNW"	"TimeNW"	-0.253177816900723	-0.0144260567140095	0.208524282986519	0.276354613368539	0.963076415403754	0.476337354407004	0.993695588454555	NA	"abundance"	46	43
"PWY-6317: D-galactose degradation I (Leloir pathway)"	"Sex"	"Female"	"SexFemale"	0.0933916691657171	-0.0946946073416741	0.144945700697012	0.238082314988062	0.963076415403754	0.238082314988062	0.946384830049322	NA	"abundance"	46	46
"PWY-6353: purine nucleotides degradation II (aerobic)"	"Age"	"Age"	"Age"	0.327900456704453	0.115099219485005	0.171395840973201	0.225169642987855	0.963076415403754	0.399637917852432	0.98522843796502	NA	"abundance"	46	45
"PWY-6385: peptidoglycan biosynthesis III (mycobacteria)"	"Sex"	"Female"	"SexFemale"	9.72017470344173e-05	-0.0946946073416741	0.0686218723287069	0.310199448717229	0.963076415403754	0.310199448717229	0.959114612886705	NA	"abundance"	46	46
"PWY-6386: UDP-N-acetylmuramoyl-pentapeptide biosynthesis II (lysine-containing)"	"Sex"	"Female"	"SexFemale"	0.024909574672717	-0.0946946073416741	0.0755169463351004	0.224766960499799	0.963076415403754	0.224766960499799	0.931415651367086	NA	"abundance"	46	46
"PWY-6387: UDP-N-acetylmuramoyl-pentapeptide biosynthesis I (meso-diaminopimelate containing)"	"Sex"	"Female"	"SexFemale"	0.0185098137443166	-0.0946946073416741	0.0748597971619688	0.246883229059858	0.963076415403754	0.246883229059858	0.954417715573453	NA	"abundance"	46	46
"PWY-6531: mannitol cycle"	"Location"	"Centre"	"LocationCentre"	0.335222854655121	-0.134762365173622	0.43692541175187	0.292564111617141	0.963076415403754	0.125550757138937	0.839017078957316	NA	"abundance"	46	41
"PWY-6531: mannitol cycle"	"TimeNW"	"TimeNW"	"TimeNW"	0.20245233565322	-0.0144260567140095	0.204750613535739	0.314065410386843	0.963076415403754	0.529493738772229	0.993695588454555	NA	"abundance"	46	41
"PWY-6545: pyrimidine deoxyribonucleotides de novo biosynthesis III"	"Location"	"Centre"	"LocationCentre"	0.421448365030263	-0.134762365173622	0.486938910048129	0.264196322813685	0.963076415403754	0.458592948639096	0.993695588454555	NA	"abundance"	46	39
"PWY-6549: L-glutamine biosynthesis III"	"Location"	"Centre"	"LocationCentre"	0.270332331269895	-0.134762365173622	0.343570997134106	0.250459437005647	0.963076415403754	0.438188944426108	0.993695588454555	NA	"abundance"	46	43
"PWY-6590: superpathway of Clostridium acetobutylicum acidogenic fermentation"	"Age"	"Age"	"Age"	-0.0754806442004656	0.115099219485005	0.183382254006068	0.308080299876091	0.963076415403754	0.521247128580439	0.993695588454555	NA	"abundance"	46	41
"PWY-6606: guanosine nucleotides degradation II"	"Sex"	"Female"	"SexFemale"	0.401678655149531	-0.0946946073416741	0.391859955367971	0.217283460573801	0.963076415403754	0.217283460573801	0.931415651367086	NA	"abundance"	46	46
"PWY-6607: guanosine nucleotides degradation I"	"Age"	"Age"	"Age"	-0.220026869722843	0.115099219485005	0.265258795476336	0.217945796194515	0.963076415403754	0.38839122231017	0.980622710853004	NA	"abundance"	46	34
"PWY-6608: guanosine nucleotides degradation III"	"Age"	"Age"	"Age"	0.294624600233583	0.115099219485005	0.153904256083875	0.255248079089502	0.963076415403754	0.255248079089502	0.954417715573453	NA	"abundance"	46	46
"PWY-6629: superpathway of L-tryptophan biosynthesis"	"Sex"	"Female"	"SexFemale"	0.017175099229842	-0.0946946073416741	0.0692559919551058	0.231746203573768	0.963076415403754	0.231746203573768	0.933735047428308	NA	"abundance"	46	46
"PWY-6630: superpathway of L-tyrosine biosynthesis"	"FI"	"FI"	"FI"	-0.166787004470576	-0.0218447081487729	0.128271239354503	0.27128820107818	0.963076415403754	0.27128820107818	0.954417715573453	NA	"abundance"	46	46
"PWY-6690: cinnamate and 3-hydroxycinnamate degradation to 2-hydroxypentadienoate"	"Age"	"Age"	"Age"	0.868691917879723	0.115099219485005	0.566417326538285	0.220223597703841	0.963076415403754	0.0418742517219451	0.676804766203531	NA	"abundance"	46	14
"PWY-6700: queuosine biosynthesis I (de novo)"	"TimeNW"	"TimeNW"	"TimeNW"	0.0702706706298215	-0.0144260567140095	0.0478284934088738	0.262282018647779	0.963076415403754	0.262282018647779	0.954417715573453	NA	"abundance"	46	46
"PWY-6703: preQ0 biosynthesis"	"FI"	"FI"	"FI"	0.0668462280140143	-0.0218447081487729	0.0720679184639847	0.247362325999311	0.963076415403754	0.247362325999311	0.954417715573453	NA	"abundance"	46	46
"PWY-6731: starch degradation III"	"Location"	"Centre"	"LocationCentre"	-0.354075415354237	-0.134762365173622	0.200627225844824	0.295720530108593	0.963076415403754	0.295720530108593	0.954417715573453	NA	"abundance"	46	46
"PWY-6892: thiazole component of thiamine diphosphate biosynthesis I"	"FI"	"FI"	"FI"	0.06808089088745	-0.0218447081487729	0.0739935757053415	0.250567410470396	0.963076415403754	0.250567410470396	0.954417715573453	NA	"abundance"	46	46
"PWY-6892: thiazole component of thiamine diphosphate biosynthesis I"	"Location"	"Centre"	"LocationCentre"	-0.320670044349193	-0.134762365173622	0.157084600720472	0.267776478665028	0.963076415403754	0.267776478665028	0.954417715573453	NA	"abundance"	46	46
"PWY-6901: superpathway of glucose and xylose degradation"	"Age"	"Age"	"Age"	0.058523221515221	0.115099219485005	0.0480181910377569	0.291887525374672	0.963076415403754	0.291887525374672	0.954417715573453	NA	"abundance"	46	46
"PWY-6901: superpathway of glucose and xylose degradation"	"Location"	"Centre"	"LocationCentre"	-0.0050138330092805	-0.134762365173622	0.0988517057333569	0.254122113279416	0.963076415403754	0.254122113279416	0.954417715573453	NA	"abundance"	46	46
"PWY-6902: chitin degradation II (Vibrio)"	"TimeNW"	"TimeNW"	"TimeNW"	0.22950380275441	-0.0144260567140095	0.203681047086233	0.255537723210144	0.963076415403754	0.445775918436864	0.993695588454555	NA	"abundance"	46	45
"PWY-6922: L-N&delta;-acetylornithine biosynthesis"	"FI"	"FI"	"FI"	-0.419373340545615	-0.0218447081487729	0.356702775672099	0.279619006304431	0.963076415403754	0.481051223922185	0.993695588454555	NA	"abundance"	46	25
"PWY-6936: seleno-amino acid biosynthesis (plants)"	"Location"	"Centre"	"LocationCentre"	-0.43986240951054	-0.134762365173622	0.258533261129308	0.252931919573956	0.963076415403754	0.252931919573956	0.954417715573453	NA	"abundance"	46	46
"PWY-6953: dTDP-3-acetamido-&alpha;-D-fucose biosynthesis"	"Location"	"Centre"	"LocationCentre"	-1.42979072735009	-0.134762365173622	1.1734962854591	0.306510757788955	0.963076415403754	0.152188874345972	0.895719802447789	NA	"abundance"	46	13
"PWY-6953: dTDP-3-acetamido-&alpha;-D-fucose biosynthesis"	"TimeNW"	"TimeNW"	"TimeNW"	-0.602487048946339	-0.0144260567140095	0.516755264238171	0.295072539227204	0.963076415403754	0.503077275048419	0.993695588454555	NA	"abundance"	46	13
"PWY-6961: L-ascorbate degradation II (bacterial, aerobic)"	"TimeNW"	"TimeNW"	"TimeNW"	-0.469280344217551	-0.0144260567140095	0.403633907732707	0.275388830896417	0.963076415403754	0.447053184053796	0.993695588454555	NA	"abundance"	46	30
"PWY-6992: 1,5-anhydrofructose degradation"	"FI"	"FI"	"FI"	-0.579112190213001	-0.0218447081487729	0.484593185763123	0.269818612109316	0.963076415403754	0.428715853857003	0.993695588454555	NA	"abundance"	46	20
"PWY-6992: 1,5-anhydrofructose degradation"	"Location"	"Centre"	"LocationCentre"	1.28377037598725	-0.134762365173622	1.3440874103401	0.309204879151645	0.963076415403754	0.522802101012107	0.993695588454555	NA	"abundance"	46	20
"PWY-6992: 1,5-anhydrofructose degradation"	"TimeNW"	"TimeNW"	"TimeNW"	0.526187670225621	-0.0144260567140095	0.468967130183559	0.271376053341922	0.963076415403754	0.469107144356406	0.993695588454555	NA	"abundance"	46	20
"PWY-7013: (S)-propane-1,2-diol degradation"	"Sex"	"Female"	"SexFemale"	0.458939208548386	-0.0946946073416741	0.492408254367609	0.271543691736538	0.963076415403754	0.469351406951168	0.993695588454555	NA	"abundance"	46	42
"PWY-7094: fatty acid salvage"	"Sex"	"Female"	"SexFemale"	-1.21203677977785	-0.0946946073416741	0.899586102702824	0.230905021672118	0.963076415403754	0.151192269375611	0.895719802447789	NA	"abundance"	46	24
"PWY-7117: C4 photosynthetic carbon assimilation cycle, PEPCK type"	"Age"	"Age"	"Age"	0.394229596076106	0.115099219485005	0.228695657248327	0.231318738661783	0.963076415403754	0.409129118467487	0.992909460673586	NA	"abundance"	46	44
"PWY-7117: C4 photosynthetic carbon assimilation cycle, PEPCK type"	"Location"	"Centre"	"LocationCentre"	0.406315747604899	-0.134762365173622	0.486992670780288	0.275506552795785	0.963076415403754	0.475109244958152	0.993695588454555	NA	"abundance"	46	44
"PWY-7117: C4 photosynthetic carbon assimilation cycle, PEPCK type"	"TimeNW"	"TimeNW"	"TimeNW"	0.252882885525226	-0.0144260567140095	0.232586518034784	0.27115651060719	0.963076415403754	0.468787167969713	0.993695588454555	NA	"abundance"	46	44
"PWY-7185: UTP and CTP dephosphorylation I"	"Age"	"Age"	"Age"	-0.310605338512023	0.115099219485005	0.376714254497241	0.27178898336993	0.963076415403754	0.4697087152586	0.993695588454555	NA	"abundance"	46	27
"PWY-7187: pyrimidine deoxyribonucleotides de novo biosynthesis II"	"TimeNW"	"TimeNW"	"TimeNW"	-0.415507594185835	-0.0144260567140095	0.381768988976114	0.317685677997181	0.963076415403754	0.534447165989834	0.993695588454555	NA	"abundance"	46	19
"PWY-7198: pyrimidine deoxyribonucleotides de novo biosynthesis IV"	"Location"	"Centre"	"LocationCentre"	0.296900306904461	-0.134762365173622	0.412950744244918	0.305142343485835	0.963076415403754	0.305142343485835	0.959114612886705	NA	"abundance"	46	46
"PWY-7198: pyrimidine deoxyribonucleotides de novo biosynthesis IV"	"Sex"	"Female"	"SexFemale"	0.331024351872074	-0.0946946073416741	0.396364694035943	0.29434391695133	0.963076415403754	0.29434391695133	0.954417715573453	NA	"abundance"	46	46
"PWY-7198: pyrimidine deoxyribonucleotides de novo biosynthesis IV"	"TimeNW"	"TimeNW"	"TimeNW"	-0.242540701993898	-0.0144260567140095	0.202652077576594	0.284926770634159	0.963076415403754	0.284926770634159	0.954417715573453	NA	"abundance"	46	46
"PWY-7204: pyridoxal 5'-phosphate salvage II (plants)"	"TimeNW"	"TimeNW"	"TimeNW"	-0.324770497981073	-0.0144260567140095	0.291713641941738	0.310693351283204	0.963076415403754	0.52485634403482	0.993695588454555	NA	"abundance"	46	23
"PWY-7210: pyrimidine deoxyribonucleotides biosynthesis from CTP"	"Age"	"Age"	"Age"	-0.312323942200739	0.115099219485005	0.3494782272941	0.235317043395652	0.963076415403754	0.415259975878833	0.992909460673586	NA	"abundance"	46	27
"PWY-7211: superpathway of pyrimidine deoxyribonucleotides de novo biosynthesis"	"Location"	"Centre"	"LocationCentre"	0.309259649527129	-0.134762365173622	0.428023822294256	0.310549727305006	0.963076415403754	0.524658321480799	0.993695588454555	NA	"abundance"	46	36
"PWY-7220: adenosine deoxyribonucleotides de novo biosynthesis II"	"FI"	"FI"	"FI"	-0.100299644095799	-0.0218447081487729	0.068350209624934	0.281728706540543	0.963076415403754	0.281728706540543	0.954417715573453	NA	"abundance"	46	46
"PWY-7222: guanosine deoxyribonucleotides de novo biosynthesis II"	"FI"	"FI"	"FI"	-0.100299644095799	-0.0218447081487729	0.068350209624934	0.280463519768537	0.963076415403754	0.280463519768537	0.954417715573453	NA	"abundance"	46	46
"PWY-7228: superpathway of guanosine nucleotides de novo biosynthesis I"	"FI"	"FI"	"FI"	-0.0881917253898331	-0.0218447081487729	0.0518073147305467	0.245381654413535	0.963076415403754	0.245381654413535	0.954417715573453	NA	"abundance"	46	46
"PWY-7238: sucrose biosynthesis II"	"FI"	"FI"	"FI"	-0.0992468554408504	-0.0218447081487729	0.0583576792294305	0.222978195365329	0.963076415403754	0.222978195365329	0.931415651367086	NA	"abundance"	46	46
"PWY-7242: D-fructuronate degradation"	"Location"	"Centre"	"LocationCentre"	-0.411149753509677	-0.134762365173622	0.225157250476484	0.238315979100098	0.963076415403754	0.238315979100098	0.946384830049322	NA	"abundance"	46	46
"PWY-7254: TCA cycle VII (acetate-producers)"	"FI"	"FI"	"FI"	0.383001175948945	-0.0218447081487729	0.358335695366637	0.278381060212366	0.963076415403754	0.479266105739771	0.993695588454555	NA	"abundance"	46	20
"PWY-7269: mitochondrial NADPH production (yeast)"	"Age"	"Age"	"Age"	-0.327590917235964	0.115099219485005	0.302984865088147	0.281901123193711	0.963076415403754	0.0957245083438429	0.782480255952523	NA	"abundance"	46	8
"PWY-7312: dTDP-&beta;-D-fucofuranose biosynthesis"	"Location"	"Centre"	"LocationCentre"	-1.09831986269906	-0.134762365173622	0.888832406407929	0.295872043497557	0.963076415403754	0.226197532232653	0.931415651367086	NA	"abundance"	46	21
"PWY-7345: superpathway of anaerobic sucrose degradation"	"Sex"	"Female"	"SexFemale"	0.115788546249352	-0.0946946073416741	0.174744372702095	0.262548716956579	0.963076415403754	0.262548716956579	0.954417715573453	NA	"abundance"	46	46
"PWY-7371: 1,4-dihydroxy-6-naphthoate biosynthesis II"	"TimeNW"	"TimeNW"	"TimeNW"	0.220677391560855	-0.0144260567140095	0.198666104511509	0.269335156354505	0.963076415403754	0.466128886260504	0.993695588454555	NA	"abundance"	46	25
"PWY-7383: anaerobic energy metabolism (invertebrates, cytosol)"	"Sex"	"Female"	"SexFemale"	0.225770595140134	-0.0946946073416741	0.310266202718297	0.316517780526934	0.963076415403754	0.532852055664172	0.993695588454555	NA	"abundance"	46	45
"PWY-7400: L-arginine biosynthesis IV (archaebacteria)"	"TimeNW"	"TimeNW"	"TimeNW"	0.0583900175850137	-0.0144260567140095	0.0418167444655195	0.309963659993108	0.963076415403754	0.309963659993108	0.959114612886705	NA	"abundance"	46	46
"PWY-7409: phospholipid remodeling (phosphatidylethanolamine, yeast)"	"FI"	"FI"	"FI"	0.397508274829833	-0.0218447081487729	0.376973085516871	0.298860383388127	0.963076415403754	0.508403238017356	0.993695588454555	NA	"abundance"	46	14
"PWY-7663: gondoate biosynthesis (anaerobic)"	"Location"	"Centre"	"LocationCentre"	0.0240850708901841	-0.134762365173622	0.119387018941992	0.229378842012386	0.963076415403754	0.229378842012386	0.931415651367086	NA	"abundance"	46	46
"PWY-7688: dTDP-&alpha;-D-ravidosamine and dTDP-4-acetyl-&alpha;-D-ravidosamine biosynthesis"	"Sex"	"Female"	"SexFemale"	0.724076610110329	-0.0946946073416741	0.639644658278008	0.216144212453693	0.963076415403754	0.385570104330158	0.980622710853004	NA	"abundance"	46	27
"PWY-7805: (aminomethyl)phosphonate degradation"	"TimeNW"	"TimeNW"	"TimeNW"	-1.50940349681816	-0.0144260567140095	0.965802907442258	0.219945551592818	0.963076415403754	0.391515057520167	0.982321173200419	NA	"abundance"	46	9
"PWY-7942: 5-oxo-L-proline metabolism"	"Age"	"Age"	"Age"	0.533945467239818	0.115099219485005	0.395499965250233	0.304743121251764	0.963076415403754	0.51661787255326	0.993695588454555	NA	"abundance"	46	23
"PWY-7942: 5-oxo-L-proline metabolism"	"Location"	"Centre"	"LocationCentre"	-1.33217342978606	-0.134762365173622	1.11480321769584	0.29790171231917	0.963076415403754	0.507057994435646	0.993695588454555	NA	"abundance"	46	23
"PWY-7977: L-methionine biosynthesis IV"	"Location"	"Centre"	"LocationCentre"	-0.0319040912369753	-0.134762365173622	0.0805989013371012	0.290334837288233	0.963076415403754	0.290334837288233	0.954417715573453	NA	"abundance"	46	46
"PWY-8073: lipid IVA biosynthesis (P. putida)"	"FI"	"FI"	"FI"	0.15831472374323	-0.0218447081487729	0.154909124655319	0.256357136025983	0.963076415403754	0.446995290860522	0.993695588454555	NA	"abundance"	46	44
"PWY-8073: lipid IVA biosynthesis (P. putida)"	"Sex"	"Female"	"SexFemale"	-0.426670572573809	-0.0946946073416741	0.316441339217732	0.30856120442214	0.963076415403754	0.521912391969839	0.993695588454555	NA	"abundance"	46	44
"PWY-8178: pentose phosphate pathway (non-oxidative branch) II"	"Location"	"Centre"	"LocationCentre"	-0.304741195735305	-0.134762365173622	0.126021515620486	0.220274624906482	0.963076415403754	0.220274624906482	0.931415651367086	NA	"abundance"	46	46
"PWY-8188: L-alanine degradation VI (reductive Stickland reaction)"	"FI"	"FI"	"FI"	-0.585048034576878	-0.0218447081487729	0.209930819949817	0.228368474458336	0.963076415403754	0.228455585014001	0.931415651367086	NA	"abundance"	46	7
"PWY-8188: L-alanine degradation VI (reductive Stickland reaction)"	"TimeNW"	"TimeNW"	"TimeNW"	0.685978879012925	-0.0144260567140095	0.383519598707469	0.321782240347293	0.963076415403754	0.540020670491663	0.993695588454555	NA	"abundance"	46	7
"PWY-8189: L-alanine degradation V (oxidative Stickland reaction)"	"FI"	"FI"	"FI"	-0.585048034576878	-0.0218447081487729	0.209930819949817	0.228350739574745	0.963076415403754	0.228455585014001	0.931415651367086	NA	"abundance"	46	7
"PWY-8189: L-alanine degradation V (oxidative Stickland reaction)"	"TimeNW"	"TimeNW"	"TimeNW"	0.685978879012925	-0.0144260567140095	0.383519598707469	0.321859120792205	0.963076415403754	0.540124947947278	0.993695588454555	NA	"abundance"	46	7
"PWY-8190: L-glutamate degradation XI (reductive Stickland reaction)"	"Sex"	"Female"	"SexFemale"	-2.19232163458385	-0.0946946073416741	1.62113921227338	0.252435767908568	0.963076415403754	0.441147718897548	0.993695588454555	NA	"abundance"	46	11
"PWY-922: mevalonate pathway I (eukaryotes and bacteria)"	"TimeNW"	"TimeNW"	"TimeNW"	-0.478663548496831	-0.0144260567140095	0.293056125329349	0.260110211279533	0.963076415403754	0.452563100547183	0.993695588454555	NA	"abundance"	46	8
"PWY-I9: L-cysteine biosynthesis VI (from L-methionine)"	"FI"	"FI"	"FI"	0.201100071727935	-0.0218447081487729	0.213121412658405	0.303691306070973	0.963076415403754	0.303691306070973	0.959114612886705	NA	"abundance"	46	46
"PWY0-1261: anhydromuropeptides recycling I"	"TimeNW"	"TimeNW"	"TimeNW"	0.200170071825297	-0.0144260567140095	0.182201080171153	0.267427955904183	0.963076415403754	0.267427955904183	0.954417715573453	NA	"abundance"	46	46
"PWY0-1298: superpathway of pyrimidine deoxyribonucleosides degradation"	"Location"	"Centre"	"LocationCentre"	0.415801490343717	-0.134762365173622	0.484311852584215	0.26468240506066	0.963076415403754	0.459308034572625	0.993695588454555	NA	"abundance"	46	45
"PWY0-1337: oleate &beta;-oxidation"	"Sex"	"Female"	"SexFemale"	-1.21413475789608	-0.0946946073416741	0.95707691993014	0.261238581736447	0.963076415403754	0.282167795702012	0.954417715573453	NA	"abundance"	46	21
"PWY0-1415: superpathway of heme b biosynthesis from uroporphyrinogen-III"	"Sex"	"Female"	"SexFemale"	-1.18771976429592	-0.0946946073416741	1.00730646679331	0.289757251550232	0.963076415403754	0.288021689680835	0.954417715573453	NA	"abundance"	46	29
"PWY0-1415: superpathway of heme b biosynthesis from uroporphyrinogen-III"	"TimeNW"	"TimeNW"	"TimeNW"	-0.647963297767955	-0.0144260567140095	0.515474467941739	0.233974830656007	0.963076415403754	0.413205439931506	0.992909460673586	NA	"abundance"	46	29
"PWY0-1477: ethanolamine utilization"	"Sex"	"Female"	"SexFemale"	0.374316521799174	-0.0946946073416741	0.371492752934086	0.219347544805973	0.963076415403754	0.219347544805973	0.931415651367086	NA	"abundance"	46	46
"PWY0-1477: ethanolamine utilization"	"TimeNW"	"TimeNW"	"TimeNW"	0.188924574321673	-0.0144260567140095	0.189935630795396	0.310719005619808	0.963076415403754	0.310719005619808	0.959114612886705	NA	"abundance"	46	46
"PWY0-1586: peptidoglycan maturation (meso-diaminopimelate containing)"	"Age"	"Age"	"Age"	0.206089606000567	0.115099219485005	0.0789965028416399	0.274735658934051	0.963076415403754	0.274735658934051	0.954417715573453	NA	"abundance"	46	46
"PWY0-162: superpathway of pyrimidine ribonucleotides de novo biosynthesis"	"FI"	"FI"	"FI"	0.0560040338715932	-0.0218447081487729	0.0731219072429649	0.314144770123593	0.963076415403754	0.314144770123593	0.959114612886705	NA	"abundance"	46	46
"PWY0-162: superpathway of pyrimidine ribonucleotides de novo biosynthesis"	"TimeNW"	"TimeNW"	"TimeNW"	0.0822639537678161	-0.0144260567140095	0.0761798153174795	0.315995092133068	0.963076415403754	0.315995092133068	0.959114612886705	NA	"abundance"	46	46
"PWY0-41: allantoin degradation IV (anaerobic)"	"FI"	"FI"	"FI"	1.27961734200457	-0.0218447081487729	1.03538834704271	0.297718050195855	0.963076415403754	0.506800062979288	0.993695588454555	NA	"abundance"	46	9
"PWY0-41: allantoin degradation IV (anaerobic)"	"Sex"	"Female"	"SexFemale"	4.94644545029874	-0.0946946073416741	4.0771765586307	0.304286768908006	0.963076415403754	0.515983100083538	0.993695588454555	NA	"abundance"	46	9
"PWY66-389: phytol degradation"	"Sex"	"Female"	"SexFemale"	-1.63161387892506	-0.0946946073416741	1.43376843475165	0.300872918459567	0.963076415403754	0.511221323856757	0.993695588454555	NA	"abundance"	46	21
"PWY66-399: gluconeogenesis III"	"Age"	"Age"	"Age"	-0.0402296581109413	0.115099219485005	0.122045625469314	0.217464828220505	0.963076415403754	0.387638704928036	0.980622710853004	NA	"abundance"	46	45
"PWY66-399: gluconeogenesis III"	"Location"	"Centre"	"LocationCentre"	0.139794902830844	-0.134762365173622	0.253211835810787	0.293337394153744	0.963076415403754	0.500627961498579	0.993695588454555	NA	"abundance"	46	45
"PWY66-399: gluconeogenesis III"	"Sex"	"Female"	"SexFemale"	0.153774272892222	-0.0946946073416741	0.238955376653716	0.318185815051029	0.963076415403754	0.535129417202371	0.993695588454555	NA	"abundance"	46	45
"PWY66-429: fatty acid biosynthesis initiation (mitochondria)"	"Sex"	"Female"	"SexFemale"	0.00163911760834723	-0.0946946073416741	0.0727801888474031	0.318395561505012	0.963076415403754	0.318395561505012	0.959114612886705	NA	"abundance"	46	46
"PYRIDOXSYN-PWY: pyridoxal 5'-phosphate biosynthesis I"	"Age"	"Age"	"Age"	-0.0192467803052495	0.115099219485005	0.105795448758945	0.219841687549795	0.963076415403754	0.219841687549795	0.931415651367086	NA	"abundance"	46	46
"RHAMCAT-PWY: L-rhamnose degradation I"	"Sex"	"Female"	"SexFemale"	0.0790308437765793	-0.0946946073416741	0.147943871460759	0.282436504900255	0.963076415403754	0.282436504900255	0.954417715573453	NA	"abundance"	46	46
"RIBOSYN2-PWY: flavin biosynthesis I (bacteria and plants)"	"Sex"	"Female"	"SexFemale"	0.0512994086406923	-0.0946946073416741	0.118946785287222	0.280933646027056	0.963076415403754	0.280933646027056	0.954417715573453	NA	"abundance"	46	46
"RUMP-PWY: formaldehyde oxidation I"	"Sex"	"Female"	"SexFemale"	0.614043658362032	-0.0946946073416741	0.63803456178107	0.283127262085169	0.963076415403754	0.486093477634495	0.993695588454555	NA	"abundance"	46	24
"TCA: TCA cycle I (prokaryotic)"	"FI"	"FI"	"FI"	0.201957376336277	-0.0218447081487729	0.17747534551698	0.224188447970396	0.963076415403754	0.398116435737416	0.98522843796502	NA	"abundance"	46	27
"TCA: TCA cycle I (prokaryotic)"	"Location"	"Centre"	"LocationCentre"	-0.685029301635012	-0.134762365173622	0.469807746315047	0.257051543846504	0.963076415403754	0.391077068023351	0.982321173200419	NA	"abundance"	46	27
"THISYN-PWY: superpathway of thiamine diphosphate biosynthesis I"	"FI"	"FI"	"FI"	0.0402270518283782	-0.0218447081487729	0.053732732078984	0.291459244633108	0.963076415403754	0.291459244633108	0.954417715573453	NA	"abundance"	46	46
"THISYNARA-PWY: superpathway of thiamine diphosphate biosynthesis III (eukaryotes)"	"Age"	"Age"	"Age"	-0.0175336852587087	0.115099219485005	0.115793811354088	0.266239697286739	0.963076415403754	0.266239697286739	0.954417715573453	NA	"abundance"	46	46
"THREOCAT-PWY: superpathway of L-threonine metabolism"	"FI"	"FI"	"FI"	1.06600578840758	-0.0218447081487729	0.543980015090073	0.295356388933189	0.963076415403754	0.347644313214906	0.965989351882631	NA	"abundance"	46	7
"THREOCAT-PWY: superpathway of L-threonine metabolism"	"Location"	"Centre"	"LocationCentre"	-3.6902315433794	-0.134762365173622	1.90587680603904	0.313306338702976	0.963076415403754	0.528451815534488	0.993695588454555	NA	"abundance"	46	7
"THRESYN-PWY: superpathway of L-threonine biosynthesis"	"Location"	"Centre"	"LocationCentre"	-0.0389579471681484	-0.134762365173622	0.073174464338487	0.292206747374176	0.963076415403754	0.292206747374176	0.954417715573453	NA	"abundance"	46	46
"TRNA-CHARGING-PWY: tRNA charging"	"FI"	"FI"	"FI"	-0.0719705287205326	-0.0218447081487729	0.0389720814563638	0.270654517689595	0.963076415403754	0.270654517689595	0.954417715573453	NA	"abundance"	46	46
"TRNA-CHARGING-PWY: tRNA charging"	"Location"	"Centre"	"LocationCentre"	-0.0156495150300851	-0.134762365173622	0.0827357482924927	0.230508621633293	0.963076415403754	0.230508621633293	0.931415651367086	NA	"abundance"	46	46
"TRNA-CHARGING-PWY: tRNA charging"	"Sex"	"Female"	"SexFemale"	0.0150459719534231	-0.0946946073416741	0.0794126902901016	0.279749703653777	0.963076415403754	0.279749703653777	0.954417715573453	NA	"abundance"	46	46
"UBISYN-PWY: superpathway of ubiquinol-8 biosynthesis (early decarboxylation)"	"Sex"	"Female"	"SexFemale"	-4.99018554578423	-0.0946946073416741	3.58318057960505	0.30521209734722	0.963076415403754	0.517269770327351	0.993695588454555	NA	"abundance"	46	8
"UDPNAGSYN-PWY: UDP-N-acetyl-D-glucosamine biosynthesis I"	"Location"	"Centre"	"LocationCentre"	-0.381184373154988	-0.134762365173622	0.226737715233733	0.295476104240446	0.963076415403754	0.295476104240446	0.954417715573453	NA	"abundance"	46	46
"UDPNAGSYN-PWY: UDP-N-acetyl-D-glucosamine biosynthesis I"	"TimeNW"	"TimeNW"	"TimeNW"	0.131042900141935	-0.0144260567140095	0.111269611926972	0.251336874168656	0.963076415403754	0.251336874168656	0.954417715573453	NA	"abundance"	46	46
"UNINTEGRATED"	"FI"	"FI"	"FI"	0.00139841208678955	-0.0218447081487729	0.00145879494851063	0.309362432035042	0.963076415403754	0.309362432035042	0.959114612886705	NA	"abundance"	46	46
"3-HYDROXYPHENYLACETATE-DEGRADATION-PWY: 4-hydroxyphenylacetate degradation"	"FI"	"FI"	"FI"	-0.590077881632521	0	0.583995358261181	0.312296330685094	0.963076415403754	0.312296330685094	0.959114612886705	NA	"prevalence"	46	6
"AEROBACTINSYN-PWY: aerobactin biosynthesis"	"Sex"	"Female"	"SexFemale"	0.791221631888784	0	0.787636037826904	0.315112452087776	0.963076415403754	0.20496754257624	0.921028720412631	NA	"prevalence"	46	9
"ALLANTOINDEG-PWY: superpathway of allantoin degradation in yeast"	"Sex"	"Female"	"SexFemale"	0.78237668390369	0	0.670034210801047	0.242941205005196	0.963076415403754	0.266924256722243	0.954417715573453	NA	"prevalence"	46	19
"AST-PWY: L-arginine degradation II (AST pathway)"	"Location"	"Centre"	"LocationCentre"	0.68309192522188	0	0.646074848035365	0.290376819998554	0.963076415403754	0.0368451449366654	0.645564094058382	NA	"prevalence"	46	23
"CARNMET-PWY: L-carnitine degradation I"	"Sex"	"Female"	"SexFemale"	-0.755253855859274	0	0.752944156862408	0.315828266879772	0.963076415403754	0.531909039599263	0.993695588454555	NA	"prevalence"	46	8
"CATECHOL-ORTHO-CLEAVAGE-PWY: catechol degradation to &beta;-ketoadipate"	"Location"	"Centre"	"LocationCentre"	1.05603985452917	0	0.967947622976837	0.275268792253412	0.963076415403754	0.275268792253412	0.954417715573453	NA	"prevalence"	46	6
"CATECHOL-ORTHO-CLEAVAGE-PWY: catechol degradation to &beta;-ketoadipate"	"Sex"	"Female"	"SexFemale"	1.14581081986631	0	1.08119304643685	0.289251409308592	0.963076415403754	0.289251409308592	0.954417715573453	NA	"prevalence"	46	6
"CATECHOL-ORTHO-CLEAVAGE-PWY: catechol degradation to &beta;-ketoadipate"	"TimeNW"	"TimeNW"	"TimeNW"	-0.855429677772364	0	0.760928143069063	0.260931389278258	0.963076415403754	0.260931389278258	0.954417715573453	NA	"prevalence"	46	6
"FAO-PWY: fatty acid &beta;-oxidation I (generic)"	"Age"	"Age"	"Age"	0.332017259476207	0	0.320296040799968	0.29992466623891	0.963076415403754	0.163633400202214	0.897061821880354	NA	"prevalence"	46	24
"FAO-PWY: fatty acid &beta;-oxidation I (generic)"	"Sex"	"Female"	"SexFemale"	0.67594754400593	0	0.626011445308972	0.280245207123269	0.963076415403754	0.463186705098283	0.993695588454555	NA	"prevalence"	46	24
"GALACTARDEG-PWY: D-galactarate degradation I"	"Sex"	"Female"	"SexFemale"	0.943772407154284	0	0.820320599582501	0.249941227144556	0.963076415403754	0.328023302202829	0.959114612886705	NA	"prevalence"	46	39
"GALACTARDEG-PWY: D-galactarate degradation I"	"TimeNW"	"TimeNW"	"TimeNW"	0.495405040423708	0	0.479647339608543	0.301672846046708	0.963076415403754	0.35300655004613	0.968877380286383	NA	"prevalence"	46	39
"GLUCARDEG-PWY: D-glucarate degradation I"	"Sex"	"Female"	"SexFemale"	0.835555415908199	0	0.715935694684446	0.243177395264435	0.963076415403754	0.427219544961275	0.993695588454555	NA	"prevalence"	46	37
"GLUCARGALACTSUPER-PWY: superpathway of D-glucarate and D-galactarate degradation"	"Sex"	"Female"	"SexFemale"	0.943772407154284	0	0.820320599582501	0.249941227144556	0.963076415403754	0.328445004125231	0.959114612886705	NA	"prevalence"	46	39
"GLUCARGALACTSUPER-PWY: superpathway of D-glucarate and D-galactarate degradation"	"TimeNW"	"TimeNW"	"TimeNW"	0.495405040423708	0	0.479647339608543	0.301672846046708	0.963076415403754	0.352762487814189	0.968877380286383	NA	"prevalence"	46	39
"GLUDEG-I-PWY: GABA shunt"	"Sex"	"Female"	"SexFemale"	0.864701446867329	0	0.820810180531818	0.292124215853217	0.963076415403754	0.498911874218577	0.993695588454555	NA	"prevalence"	46	40
"GLYCOCAT-PWY: glycogen degradation I"	"Sex"	"Female"	"SexFemale"	-1.25874583344904	0	1.19537533089512	0.292335007117647	0.963076415403754	0.49921025784882	0.993695588454555	NA	"prevalence"	46	43
"HCAMHPDEG-PWY: 3-phenylpropanoate and 3-(3-hydroxyphenyl)propanoate degradation to 2-hydroxypentadienoate"	"FI"	"FI"	"FI"	0.414084383660893	0	0.351968620880811	0.239402733471373	0.963076415403754	0.421491798149181	0.993695588454555	NA	"prevalence"	46	14
"HCAMHPDEG-PWY: 3-phenylpropanoate and 3-(3-hydroxyphenyl)propanoate degradation to 2-hydroxypentadienoate"	"TimeNW"	"TimeNW"	"TimeNW"	-0.484614137243147	0	0.480801163080693	0.313487847698877	0.963076415403754	0.52870106474288	0.993695588454555	NA	"prevalence"	46	14
"HEME-BIOSYNTHESIS-II: heme b biosynthesis I (aerobic)"	"Age"	"Age"	"Age"	0.552188269017695	0	0.532505838379053	0.299753611068579	0.963076415403754	0.285598773821426	0.954417715573453	NA	"prevalence"	46	43
"HOMOSER-METSYN-PWY: L-methionine biosynthesis I"	"TimeNW"	"TimeNW"	"TimeNW"	0.383701669999015	0	0.382352033489456	0.315605293168334	0.963076415403754	0.531603885260798	0.993695588454555	NA	"prevalence"	46	34
"KDO-NAGLIPASYN-PWY: superpathway of (Kdo)2-lipid A biosynthesis"	"Age"	"Age"	"Age"	0.396022830281175	0	0.331449130397341	0.232156444487546	0.963076415403754	0.0188399150428117	0.409179404836067	NA	"prevalence"	46	18
"LACTOSECAT-PWY: lactose and galactose degradation I"	"Age"	"Age"	"Age"	0.584100830969063	0	0.585405106101829	0.318389924381989	0.963076415403754	0.0829801347661435	0.753720177028358	NA	"prevalence"	46	44
"LIPASYN-PWY: phospholipases"	"Sex"	"Female"	"SexFemale"	1.02786917609973	0	0.954221243985096	0.281399326476941	0.963076415403754	0.274664480282345	0.954417715573453	NA	"prevalence"	46	8
"LIPASYN-PWY: phospholipases"	"TimeNW"	"TimeNW"	"TimeNW"	0.446716951602448	0	0.404653941711015	0.269615650331036	0.963076415403754	0.466538701758645	0.993695588454555	NA	"prevalence"	46	8
"LPSSYN-PWY: superpathway of lipopolysaccharide biosynthesis"	"Location"	"Centre"	"LocationCentre"	-0.899649168706665	0	0.807690625213293	0.265341967060833	0.963076415403754	0.0209688270444926	0.440512111352871	NA	"prevalence"	46	8
"LPSSYN-PWY: superpathway of lipopolysaccharide biosynthesis"	"TimeNW"	"TimeNW"	"TimeNW"	-0.549113414422856	0	0.523119512956493	0.293860581228623	0.963076415403754	0.027409357431484	0.529152872635594	NA	"prevalence"	46	8
"MET-SAM-PWY: superpathway of S-adenosyl-L-methionine biosynthesis"	"TimeNW"	"TimeNW"	"TimeNW"	0.383701669999015	0	0.382352033489456	0.315605293168334	0.963076415403754	0.531603885260798	0.993695588454555	NA	"prevalence"	46	34
"METHGLYUT-PWY: superpathway of methylglyoxal degradation"	"Location"	"Centre"	"LocationCentre"	0.873537185873276	0	0.77130715985796	0.25740694637231	0.963076415403754	0.448555556703903	0.993695588454555	NA	"prevalence"	46	36
"METSYN-PWY: superpathway of L-homoserine and L-methionine biosynthesis"	"TimeNW"	"TimeNW"	"TimeNW"	0.383701669999015	0	0.382352033489456	0.315605293168334	0.963076415403754	0.531603885260798	0.993695588454555	NA	"prevalence"	46	34
"ORNDEG-PWY: superpathway of ornithine degradation"	"Location"	"Centre"	"LocationCentre"	0.685242788842884	0	0.652443943257425	0.293593649812684	0.963076415403754	0.177083286088417	0.905949068804327	NA	"prevalence"	46	28
"P125-PWY: superpathway of (R,R)-butanediol biosynthesis"	"FI"	"FI"	"FI"	-0.313538278684125	0	0.314154739855088	0.318261070689541	0.963076415403754	0.535232032262629	0.993695588454555	NA	"prevalence"	46	19
"P23-PWY: reductive TCA cycle I"	"Age"	"Age"	"Age"	0.425877521703822	0	0.369821951287189	0.249495972696527	0.963076415403754	0.436743705001268	0.993695588454555	NA	"prevalence"	46	18
"P23-PWY: reductive TCA cycle I"	"FI"	"FI"	"FI"	0.388501734223819	0	0.344260862976073	0.259104709145048	0.963076415403754	0.451074167988956	0.993695588454555	NA	"prevalence"	46	18
"P621-PWY: nylon-6 oligomer degradation"	"FI"	"FI"	"FI"	-0.371862042645598	0	0.373297058121313	0.319174434369575	0.963076415403754	0.536476549184012	0.993695588454555	NA	"prevalence"	46	11
"P621-PWY: nylon-6 oligomer degradation"	"TimeNW"	"TimeNW"	"TimeNW"	0.394860125958881	0	0.354188766007353	0.26492344268585	0.963076415403754	0.459662454887177	0.993695588454555	NA	"prevalence"	46	11
"PROTOCATECHUATE-ORTHO-CLEAVAGE-PWY: protocatechuate degradation II (ortho-cleavage pathway)"	"TimeNW"	"TimeNW"	"TimeNW"	-0.733447450614727	0	0.697894881207201	0.293284960218552	0.963076415403754	0.293284960218552	0.954417715573453	NA	"prevalence"	46	7
"PWY-1861: formaldehyde assimilation II (assimilatory RuMP Cycle)"	"Location"	"Centre"	"LocationCentre"	1.30087607259344	0	1.21596316619877	0.284695022071559	0.963076415403754	0.488338788550793	0.993695588454555	NA	"prevalence"	46	43
"PWY-5005: biotin biosynthesis II"	"Age"	"Age"	"Age"	0.38189609208708	0	0.367822609805425	0.299148280106966	0.963076415403754	0.415841946879957	0.993162038080996	NA	"prevalence"	46	35
"PWY-5005: biotin biosynthesis II"	"FI"	"FI"	"FI"	-0.405990718558968	0	0.33543344589724	0.226145937276826	0.963076415403754	0.232964793653234	0.934099220705756	NA	"prevalence"	46	35
"PWY-5022: 4-aminobutanoate degradation V"	"Age"	"Age"	"Age"	0.360103421828305	0	0.355603043378357	0.311224680957885	0.963076415403754	0.187684520561754	0.905949068804327	NA	"prevalence"	46	34
"PWY-5138: fatty acid &beta;-oxidation IV (unsaturated, even number)"	"TimeNW"	"TimeNW"	"TimeNW"	0.398315804332404	0	0.326916916834305	0.223071734560301	0.963076415403754	0.0773988597029113	0.743422876756537	NA	"prevalence"	46	23
"PWY-5347: superpathway of L-methionine biosynthesis (transsulfuration)"	"TimeNW"	"TimeNW"	"TimeNW"	0.383701669999015	0	0.382352033489456	0.315605293168334	0.963076415403754	0.531603885260798	0.993695588454555	NA	"prevalence"	46	34
"PWY-5392: reductive TCA cycle II"	"Sex"	"Female"	"SexFemale"	1.00934320612616	0	1.01233151793896	0.318741168075618	0.963076415403754	0.318741168075618	0.959114612886705	NA	"prevalence"	46	7
"PWY-5392: reductive TCA cycle II"	"TimeNW"	"TimeNW"	"TimeNW"	-0.730518587151717	0	0.716955254282038	0.308241915097681	0.963076415403754	0.308241915097681	0.959114612886705	NA	"prevalence"	46	7
"PWY-5494: pyruvate fermentation to propanoate II (acrylate pathway)"	"Age"	"Age"	"Age"	0.461299852091352	0	0.422725724503447	0.275162470543444	0.963076415403754	0.474610555891316	0.993695588454555	NA	"prevalence"	46	8
"PWY-5494: pyruvate fermentation to propanoate II (acrylate pathway)"	"Sex"	"Female"	"SexFemale"	-0.801214520227279	0	0.808577537610503	0.321737409079969	0.963076415403754	0.284334263625883	0.954417715573453	NA	"prevalence"	46	8
"PWY-5494: pyruvate fermentation to propanoate II (acrylate pathway)"	"TimeNW"	"TimeNW"	"TimeNW"	-0.562030553268249	0	0.50245814101495	0.263327067836902	0.963076415403754	0.247805318108627	0.954417715573453	NA	"prevalence"	46	8
"PWY-5505: L-glutamate and L-glutamine biosynthesis"	"Age"	"Age"	"Age"	-0.622696348624549	0	0.595588975161372	0.295785677611776	0.963076415403754	0.504082188143294	0.993695588454555	NA	"prevalence"	46	44
"PWY-5505: L-glutamate and L-glutamine biosynthesis"	"TimeNW"	"TimeNW"	"TimeNW"	-0.497235502140364	0	0.457865194717836	0.277484885899379	0.963076415403754	0.477971909896167	0.993695588454555	NA	"prevalence"	46	44
"PWY-561: superpathway of glyoxylate cycle and fatty acid degradation"	"Age"	"Age"	"Age"	0.352878686643948	0	0.33675412687986	0.294692841369689	0.963076415403754	0.141224670521088	0.872384882691619	NA	"prevalence"	46	27
"PWY-561: superpathway of glyoxylate cycle and fatty acid degradation"	"TimeNW"	"TimeNW"	"TimeNW"	0.333722176358706	0	0.333322929345288	0.316731200384981	0.963076415403754	0.340047541435987	0.96473999596638	NA	"prevalence"	46	27
"PWY-5656: mannosylglycerate biosynthesis I"	"Location"	"Centre"	"LocationCentre"	0.710432782967959	0	0.651829682460803	0.275754755360929	0.963076415403754	0.28236475316464	0.954417715573453	NA	"prevalence"	46	23
"PWY-5677: succinate fermentation to butanoate"	"Sex"	"Female"	"SexFemale"	0.812891736617273	0	0.700288810128535	0.245725284229387	0.963076415403754	0.431069653149161	0.993695588454555	NA	"prevalence"	46	13
"PWY-5690: TCA cycle II (plants and fungi)"	"FI"	"FI"	"FI"	-0.384861672583586	0	0.317453666130096	0.225382384721697	0.963076415403754	0.399967550100555	0.98522843796502	NA	"prevalence"	46	24
"PWY-5692: allantoin degradation to glyoxylate II"	"FI"	"FI"	"FI"	0.441547552213186	0	0.38936380306676	0.256784852800513	0.963076415403754	0.447631244973246	0.993695588454555	NA	"prevalence"	46	7
"PWY-5705: allantoin degradation to glyoxylate III"	"FI"	"FI"	"FI"	0.337211531845623	0	0.33184691362995	0.309550371420163	0.963076415403754	0.523279310393965	0.993695588454555	NA	"prevalence"	46	13
"PWY-5723: Rubisco shunt"	"Sex"	"Female"	"SexFemale"	0.638462855065963	0	0.636179862617534	0.315576953658984	0.963076415403754	0.531565093637283	0.993695588454555	NA	"prevalence"	46	31
"PWY-5723: Rubisco shunt"	"TimeNW"	"TimeNW"	"TimeNW"	0.388777365334755	0	0.364984304460216	0.286790287631804	0.963076415403754	0.491331906183675	0.993695588454555	NA	"prevalence"	46	31
"PWY-5837: 2-carboxy-1,4-naphthoquinol biosynthesis"	"TimeNW"	"TimeNW"	"TimeNW"	0.554150076207543	0	0.534994632626906	0.300293158699026	0.963076415403754	0.510410336236614	0.993695588454555	NA	"prevalence"	46	40
"PWY-5838: superpathway of menaquinol-8 biosynthesis I"	"TimeNW"	"TimeNW"	"TimeNW"	0.554150076207543	0	0.534994632626906	0.300293158699026	0.963076415403754	0.510410336236614	0.993695588454555	NA	"prevalence"	46	40
"PWY-5855: ubiquinol-7 biosynthesis (early decarboxylation)"	"Age"	"Age"	"Age"	0.331988721463175	0	0.327239796057861	0.310338475044449	0.963076415403754	0.524366980995985	0.993695588454555	NA	"prevalence"	46	26
"PWY-5855: ubiquinol-7 biosynthesis (early decarboxylation)"	"Location"	"Centre"	"LocationCentre"	0.789170466166116	0	0.652046982152839	0.226164972077289	0.963076415403754	0.401179349559857	0.98522843796502	NA	"prevalence"	46	26
"PWY-5861: superpathway of demethylmenaquinol-8 biosynthesis I"	"TimeNW"	"TimeNW"	"TimeNW"	0.554150076207543	0	0.534994632626906	0.300293158699026	0.963076415403754	0.510410336236614	0.993695588454555	NA	"prevalence"	46	40
"PWY-5897: superpathway of menaquinol-11 biosynthesis"	"TimeNW"	"TimeNW"	"TimeNW"	0.554150076207543	0	0.534994632626906	0.300293158699026	0.963076415403754	0.510410336236614	0.993695588454555	NA	"prevalence"	46	40
"PWY-5898: superpathway of menaquinol-12 biosynthesis"	"TimeNW"	"TimeNW"	"TimeNW"	0.554150076207543	0	0.534994632626906	0.300293158699026	0.963076415403754	0.510410336236614	0.993695588454555	NA	"prevalence"	46	40
"PWY-5899: superpathway of menaquinol-13 biosynthesis"	"TimeNW"	"TimeNW"	"TimeNW"	0.554150076207543	0	0.534994632626906	0.300293158699026	0.963076415403754	0.510410336236614	0.993695588454555	NA	"prevalence"	46	40
"PWY-5910: superpathway of geranylgeranyldiphosphate biosynthesis I (via mevalonate)"	"FI"	"FI"	"FI"	-0.479252892666732	0	0.429038995933231	0.263978047229079	0.963076415403754	0.45827168503928	0.993695588454555	NA	"prevalence"	46	7
"PWY-5910: superpathway of geranylgeranyldiphosphate biosynthesis I (via mevalonate)"	"Location"	"Centre"	"LocationCentre"	1.03010263302298	0	0.887997397960122	0.246037045254194	0.963076415403754	0.431539862870973	0.993695588454555	NA	"prevalence"	46	7
"PWY-5920: superpathway of heme b biosynthesis from glycine"	"Age"	"Age"	"Age"	0.344343206984402	0	0.324324448933741	0.28836078253502	0.963076415403754	0.19517282375471	0.905949068804327	NA	"prevalence"	46	25
"PWY-5920: superpathway of heme b biosynthesis from glycine"	"Sex"	"Female"	"SexFemale"	0.616055992905479	0	0.616738627195496	0.317846452651884	0.963076415403754	0.414621639991415	0.992909460673586	NA	"prevalence"	46	25
"PWY-5972: stearate biosynthesis I (animals)"	"Location"	"Centre"	"LocationCentre"	0.798430171170575	0	0.769222721198706	0.299283983835998	0.963076415403754	0.50899706469125	0.993695588454555	NA	"prevalence"	46	11
"PWY-622: starch biosynthesis"	"Sex"	"Female"	"SexFemale"	0.788625170141856	0	0.759243651027921	0.298945022705236	0.963076415403754	0.428657742898338	0.993695588454555	NA	"prevalence"	46	11
"PWY-6285: superpathway of fatty acids biosynthesis (E. coli)"	"Sex"	"Female"	"SexFemale"	0.690850715185093	0	0.63282477007187	0.274967824365986	0.963076415403754	0.17099235559668	0.905949068804327	NA	"prevalence"	46	20
"PWY-6349: CDP-archaeol biosynthesis"	"Sex"	"Female"	"SexFemale"	-0.960592835282735	0	0.86725680940081	0.268025041575638	0.963076415403754	0.268025041575638	0.954417715573453	NA	"prevalence"	46	11
"PWY-6350: archaetidylinositol biosynthesis"	"FI"	"FI"	"FI"	0.468439567114978	0	0.43597146799365	0.282610743811972	0.963076415403754	0.282610743811972	0.954417715573453	NA	"prevalence"	46	10
"PWY-6396: superpathway of 2,3-butanediol biosynthesis"	"Age"	"Age"	"Age"	-0.522633328994327	0	0.478497394457625	0.274728235883404	0.963076415403754	0.274728235883404	0.954417715573453	NA	"prevalence"	46	5
"PWY-6396: superpathway of 2,3-butanediol biosynthesis"	"TimeNW"	"TimeNW"	"TimeNW"	-0.714676049118772	0	0.593795039642334	0.228754418261649	0.963076415403754	0.228754418261649	0.931415651367086	NA	"prevalence"	46	5
"PWY-6478: GDP-D-glycero-&alpha;-D-manno-heptose biosynthesis"	"TimeNW"	"TimeNW"	"TimeNW"	-0.662715028234115	0	0.577244538134495	0.250941175491069	0.963076415403754	0.216123652044251	0.931415651367086	NA	"prevalence"	46	9
"PWY-6545: pyrimidine deoxyribonucleotides de novo biosynthesis III"	"Location"	"Centre"	"LocationCentre"	0.938374607444737	0	0.840535373233543	0.264250486859748	0.963076415403754	0.458592948639096	0.993695588454555	NA	"prevalence"	46	39
"PWY-6572: chondroitin sulfate degradation I (bacterial)"	"Sex"	"Female"	"SexFemale"	-0.834213179999411	0	0.73407263180462	0.255781764074774	0.963076415403754	0.446139217316345	0.993695588454555	NA	"prevalence"	46	20
"PWY-6690: cinnamate and 3-hydroxycinnamate degradation to 2-hydroxypentadienoate"	"FI"	"FI"	"FI"	0.414084383660893	0	0.351968620880811	0.239402733471373	0.963076415403754	0.421491798149181	0.993695588454555	NA	"prevalence"	46	14
"PWY-6690: cinnamate and 3-hydroxycinnamate degradation to 2-hydroxypentadienoate"	"TimeNW"	"TimeNW"	"TimeNW"	-0.484614137243147	0	0.480801163080693	0.313487847698877	0.963076415403754	0.52870106474288	0.993695588454555	NA	"prevalence"	46	14
"PWY-6749: CMP-legionaminate biosynthesis I"	"Sex"	"Female"	"SexFemale"	-0.717078631073143	0	0.649190001853732	0.269344066033918	0.963076415403754	0.466141906160153	0.993695588454555	NA	"prevalence"	46	23
"PWY-6807: xyloglucan degradation II (exoglucanase)"	"TimeNW"	"TimeNW"	"TimeNW"	0.339086091095352	0	0.32516230205772	0.297031183302353	0.963076415403754	0.50583484275071	0.993695588454555	NA	"prevalence"	46	22
"PWY-6895: superpathway of thiamine diphosphate biosynthesis II"	"Age"	"Age"	"Age"	0.513874365143777	0	0.471295791040394	0.275561801433735	0.963076415403754	0.380511566579705	0.980279247207519	NA	"prevalence"	46	40
"PWY-6906: chitin derivatives degradation"	"Location"	"Centre"	"LocationCentre"	0.867977125279191	0	0.75215087825073	0.248502887894527	0.963076415403754	0.435252090497135	0.993695588454555	NA	"prevalence"	46	37
"PWY-6906: chitin derivatives degradation"	"TimeNW"	"TimeNW"	"TimeNW"	0.466268557851981	0	0.453753716354857	0.30414711041908	0.963076415403754	0.515788756061884	0.993695588454555	NA	"prevalence"	46	37
"PWY-6922: L-N&delta;-acetylornithine biosynthesis"	"Sex"	"Female"	"SexFemale"	0.70232012077455	0	0.666461648561101	0.291972545216059	0.963076415403754	0.498697123272175	0.993695588454555	NA	"prevalence"	46	25
"PWY-6953: dTDP-3-acetamido-&alpha;-D-fucose biosynthesis"	"FI"	"FI"	"FI"	0.423179999541226	0	0.352231630379349	0.229586258891788	0.963076415403754	0.012834726295275	0.32241450994757	NA	"prevalence"	46	13
"PWY-6961: L-ascorbate degradation II (bacterial, aerobic)"	"Age"	"Age"	"Age"	0.377227014002473	0	0.331823229898379	0.255608840902943	0.963076415403754	0.44588180225814	0.993695588454555	NA	"prevalence"	46	30
"PWY-6961: L-ascorbate degradation II (bacterial, aerobic)"	"TimeNW"	"TimeNW"	"TimeNW"	0.398000845653521	0	0.350676834355911	0.256396062445737	0.963076415403754	0.447053184053796	0.993695588454555	NA	"prevalence"	46	30
"PWY-6992: 1,5-anhydrofructose degradation"	"FI"	"FI"	"FI"	0.381601016170907	0	0.327657050605858	0.244166588365534	0.963076415403754	0.428715853857003	0.993695588454555	NA	"prevalence"	46	20
"PWY-6992: 1,5-anhydrofructose degradation"	"TimeNW"	"TimeNW"	"TimeNW"	0.33850462065512	0	0.33190314304235	0.307780741172355	0.963076415403754	0.469107144356406	0.993695588454555	NA	"prevalence"	46	20
"PWY-7031: protein N-glycosylation (bacterial)"	"Sex"	"Female"	"SexFemale"	1.32602890570323	0	1.23079029096646	0.281310512881317	0.963076415403754	0.281310512881317	0.954417715573453	NA	"prevalence"	46	6
"PWY-7094: fatty acid salvage"	"Location"	"Centre"	"LocationCentre"	0.685221449276924	0	0.659506640909652	0.298808932607242	0.963076415403754	0.508331087008605	0.993695588454555	NA	"prevalence"	46	24
"PWY-7115: C4 photosynthetic carbon assimilation cycle, NAD-ME type"	"Age"	"Age"	"Age"	0.485361854096201	0	0.476120138402062	0.308008137576736	0.963076415403754	0.521147262339982	0.993695588454555	NA	"prevalence"	46	40
"PWY-7118: chitin deacetylation"	"Age"	"Age"	"Age"	0.381170257232732	0	0.343091367834688	0.266573684387027	0.963076415403754	0.46208583956638	0.993695588454555	NA	"prevalence"	46	32
"PWY-7118: chitin deacetylation"	"Sex"	"Female"	"SexFemale"	0.660812896885035	0	0.639189147134256	0.301215658121221	0.963076415403754	0.511700443545042	0.993695588454555	NA	"prevalence"	46	32
"PWY-7184: pyrimidine deoxyribonucleotides de novo biosynthesis I"	"Location"	"Centre"	"LocationCentre"	0.938374607444737	0	0.840535373233543	0.264250486859748	0.963076415403754	0.458672653913883	0.993695588454555	NA	"prevalence"	46	39
"PWY-7209: superpathway of pyrimidine ribonucleosides degradation"	"Location"	"Centre"	"LocationCentre"	0.765246836895919	0	0.650951732105816	0.239762137525991	0.963076415403754	0.422038392460949	0.993695588454555	NA	"prevalence"	46	20
"PWY-7269: mitochondrial NADPH production (yeast)"	"FI"	"FI"	"FI"	-0.611795113863111	0	0.520261811852845	0.239620052382707	0.963076415403754	0.131605742081832	0.857461487585441	NA	"prevalence"	46	8
"PWY-7286: 7-(3-amino-3-carboxypropyl)-wyosine biosynthesis"	"FI"	"FI"	"FI"	-0.416981884834681	0	0.398114784003015	0.294919231004986	0.963076415403754	0.166956355222073	0.903269452466154	NA	"prevalence"	46	11
"PWY-7315: dTDP-N-acetylthomosamine biosynthesis"	"TimeNW"	"TimeNW"	"TimeNW"	-0.390015592936514	0	0.320205252202686	0.223217331914001	0.963076415403754	0.396608686561196	0.98522843796502	NA	"prevalence"	46	31
"PWY-7316: dTDP-N-acetylviosamine biosynthesis"	"Age"	"Age"	"Age"	0.332652332534461	0	0.323382766293923	0.303637414019979	0.963076415403754	0.0844390226395469	0.758859319842479	NA	"prevalence"	46	23
"PWY-7316: dTDP-N-acetylviosamine biosynthesis"	"Sex"	"Female"	"SexFemale"	-0.804851090179067	0	0.650600481948872	0.216053820229615	0.963076415403754	0.385428387223419	0.980622710853004	NA	"prevalence"	46	23
"PWY-7340: 9-cis, 11-trans-octadecadienoyl-CoA degradation (isomerase-dependent, yeast)"	"Location"	"Centre"	"LocationCentre"	0.911483641872439	0	0.741458573701394	0.218954991483103	0.963076415403754	0.389968694670841	0.982321173200419	NA	"prevalence"	46	13
"PWY-7340: 9-cis, 11-trans-octadecadienoyl-CoA degradation (isomerase-dependent, yeast)"	"TimeNW"	"TimeNW"	"TimeNW"	0.393539630085553	0	0.334879352232921	0.239927352825581	0.963076415403754	0.422289571017271	0.993695588454555	NA	"prevalence"	46	13
"PWY-7371: 1,4-dihydroxy-6-naphthoate biosynthesis II"	"FI"	"FI"	"FI"	0.356782350996735	0	0.313680732404937	0.255368595042788	0.963076415403754	0.445524070751449	0.993695588454555	NA	"prevalence"	46	25
"PWY-7388: octanoyl-[acyl-carrier protein] biosynthesis (mitochondria, yeast)"	"TimeNW"	"TimeNW"	"TimeNW"	-0.501451812901464	0	0.47559206476445	0.291711812311316	0.963076415403754	0.49832784318068	0.993695588454555	NA	"prevalence"	46	10
"PWY-7392: taxadiene biosynthesis (engineered)"	"FI"	"FI"	"FI"	-0.512061106022223	0	0.469236189098197	0.275156222401957	0.963076415403754	0.474601498077398	0.993695588454555	NA	"prevalence"	46	42
"PWY-7392: taxadiene biosynthesis (engineered)"	"Sex"	"Female"	"SexFemale"	-1.47670883031799	0	1.24148078254634	0.234253285659188	0.963076415403754	0.413631969476251	0.992909460673586	NA	"prevalence"	46	42
"PWY-7858: (5Z)-dodecenoate biosynthesis II"	"Age"	"Age"	"Age"	0.380455106345854	0	0.317129356839036	0.230261977795223	0.963076415403754	0.143465772964307	0.874637826405203	NA	"prevalence"	46	25
"PWY-7873: D-erythronate degradation II"	"Age"	"Age"	"Age"	0.430280146714462	0	0.414088512719448	0.298757362704097	0.963076415403754	0.0523354803747014	0.686415561393386	NA	"prevalence"	46	7
"PWY-7992: superpathway of menaquinol-8 biosynthesis III"	"FI"	"FI"	"FI"	0.328414174486873	0	0.30756278639114	0.28561274608169	0.963076415403754	0.489650851439055	0.993695588454555	NA	"prevalence"	46	24
"PWY-8131: 5'-deoxyadenosine degradation II"	"FI"	"FI"	"FI"	-0.550545772672192	0	0.502674430135072	0.273414442352588	0.963076415403754	0.4720734274182	0.993695588454555	NA	"prevalence"	46	44
"PWY-8134: bile acid 7&beta;-dehydroxylation"	"Age"	"Age"	"Age"	-0.572123914038796	0	0.468203828834285	0.221724721970492	0.963076415403754	0.221724721970492	0.931415651367086	NA	"prevalence"	46	5
"PWY-821: superpathway of sulfur amino acid biosynthesis (Saccharomyces cerevisiae)"	"Age"	"Age"	"Age"	0.358610157910143	0	0.341797543560481	0.294091227882352	0.963076415403754	0.501692805447355	0.993695588454555	NA	"prevalence"	46	32
"PWY-922: mevalonate pathway I (eukaryotes and bacteria)"	"Location"	"Centre"	"LocationCentre"	1.03045039130739	0	0.842852371617824	0.221490191754154	0.963076415403754	0.354681154363697	0.968877380286383	NA	"prevalence"	46	8
"PWY0-1061: superpathway of L-alanine biosynthesis"	"Sex"	"Female"	"SexFemale"	0.864603931236629	0	0.869679083441274	0.320142866296032	0.963076415403754	0.537794277751826	0.993695588454555	NA	"prevalence"	46	41
"PWY0-1061: superpathway of L-alanine biosynthesis"	"TimeNW"	"TimeNW"	"TimeNW"	0.544074304493964	0	0.531603248654607	0.306090719938709	0.963076415403754	0.518489911044821	0.993695588454555	NA	"prevalence"	46	41
"PWY0-1277: 3-phenylpropanoate and 3-(3-hydroxyphenyl)propanoate degradation"	"FI"	"FI"	"FI"	0.414084383660893	0	0.351968620880811	0.239402733471373	0.963076415403754	0.421491798149181	0.993695588454555	NA	"prevalence"	46	14
"PWY0-1277: 3-phenylpropanoate and 3-(3-hydroxyphenyl)propanoate degradation"	"TimeNW"	"TimeNW"	"TimeNW"	-0.484614137243147	0	0.480801163080693	0.313487847698877	0.963076415403754	0.52870106474288	0.993695588454555	NA	"prevalence"	46	14
"PWY0-1337: oleate &beta;-oxidation"	"Age"	"Age"	"Age"	0.371998642584435	0	0.329276740021633	0.258583827929851	0.963076415403754	0.450302059792847	0.993695588454555	NA	"prevalence"	46	21
"PWY0-1415: superpathway of heme b biosynthesis from uroporphyrinogen-III"	"Age"	"Age"	"Age"	0.366039100499793	0	0.342360448303344	0.284996258667472	0.963076415403754	0.488769649880488	0.993695588454555	NA	"prevalence"	46	29
"PWY0-1479: tRNA processing"	"Age"	"Age"	"Age"	0.606009317873652	0	0.513728695411997	0.23814776442758	0.963076415403754	0.193129548822508	0.905949068804327	NA	"prevalence"	46	42
"PWY0-301: L-ascorbate degradation I (bacterial, anaerobic)"	"Age"	"Age"	"Age"	0.390262318101294	0	0.349505500248584	0.264159912835776	0.963076415403754	0.458539366122147	0.993695588454555	NA	"prevalence"	46	34
"PWY0-41: allantoin degradation IV (anaerobic)"	"FI"	"FI"	"FI"	0.395007254960328	0	0.381920858725226	0.301012443650149	0.963076415403754	0.506800062979288	0.993695588454555	NA	"prevalence"	46	9
"PWY0-41: allantoin degradation IV (anaerobic)"	"Location"	"Centre"	"LocationCentre"	-0.991499832398488	0	0.84100362311654	0.238418743936129	0.963076415403754	0.419993990412177	0.993695588454555	NA	"prevalence"	46	9
"PWY0-42: 2-methylcitrate cycle I"	"Location"	"Centre"	"LocationCentre"	0.782242908120731	0	0.64962215082234	0.228531372289124	0.963076415403754	0.0828470258662579	0.753720177028358	NA	"prevalence"	46	24
"PWY1ZNC-1: assimilatory sulfate reduction IV"	"Location"	"Centre"	"LocationCentre"	1.03275873207276	0	0.940988847155291	0.272411982657123	0.963076415403754	0.470615677019061	0.993695588454555	NA	"prevalence"	46	42
"PWY3O-4107: NAD salvage pathway V (PNC V cycle)"	"TimeNW"	"TimeNW"	"TimeNW"	0.699760312613549	0	0.606278061068484	0.248422121018682	0.963076415403754	0.435130691825944	0.993695588454555	NA	"prevalence"	46	41
"PWY66-367: ketogenesis"	"Location"	"Centre"	"LocationCentre"	0.891993873244561	0	0.780723248620487	0.253236901453869	0.963076415403754	0.442344874649782	0.993695588454555	NA	"prevalence"	46	10
"PWY66-367: ketogenesis"	"TimeNW"	"TimeNW"	"TimeNW"	-0.66301831062129	0	0.547635503164458	0.22601319793748	0.963076415403754	0.400944430233033	0.98522843796502	NA	"prevalence"	46	10
"PWY66-409: superpathway of purine nucleotide salvage"	"FI"	"FI"	"FI"	-0.493503650219891	0	0.448786534724005	0.271488982066165	0.963076415403754	0.469271696749007	0.993695588454555	NA	"prevalence"	46	43
"PYRIDNUCSAL-PWY: NAD salvage pathway I (PNC VI cycle)"	"TimeNW"	"TimeNW"	"TimeNW"	0.699760312613549	0	0.606278061068484	0.248422121018682	0.963076415403754	0.435130691825944	0.993695588454555	NA	"prevalence"	46	41
"RUMP-PWY: formaldehyde oxidation I"	"Age"	"Age"	"Age"	-0.374572687785313	0	0.320955392904564	0.243188043642941	0.963076415403754	0.16809043048291	0.903269452466154	NA	"prevalence"	46	24
"TCA: TCA cycle I (prokaryotic)"	"Location"	"Centre"	"LocationCentre"	0.789601901266745	0	0.643302250785234	0.219664859194045	0.963076415403754	0.391077068023351	0.982321173200419	NA	"prevalence"	46	27
"URDEGR-PWY: superpathway of allantoin degradation in plants"	"FI"	"FI"	"FI"	0.441547552213186	0	0.38936380306676	0.256784852800513	0.963076415403754	0.447631244973246	0.993695588454555	NA	"prevalence"	46	7
"CITRULBIO-PWY: L-citrulline biosynthesis"	"TimeNW"	"TimeNW"	"TimeNW"	0.101808345953023	-0.0144260567140095	0.10137062223721	0.323796362021378	0.965035708165246	0.323796362021378	0.959114612886705	NA	"abundance"	46	46
"COA-PWY-1: superpathway of coenzyme A biosynthesis III (mammals)"	"Sex"	"Female"	"SexFemale"	0.0144080558383924	-0.0946946073416741	0.0916727435689563	0.327221338584031	0.965035708165246	0.327221338584031	0.959114612886705	NA	"abundance"	46	46
"GLUCOSE1PMETAB-PWY: glucose and glucose-1-phosphate degradation"	"FI"	"FI"	"FI"	-0.148724181985202	-0.0218447081487729	0.124986035633091	0.325234493824832	0.965035708165246	0.544691511676169	0.993695588454555	NA	"abundance"	46	35
"PROPFERM-PWY: superpathway of L-alanine fermentation (Stickland reaction)"	"Location"	"Centre"	"LocationCentre"	0.587584576048827	-0.134762365173622	0.403566448398086	0.326393365425256	0.965035708165246	0.360453022719359	0.968877380286383	NA	"abundance"	46	7
"PWY-1269: CMP-3-deoxy-D-manno-octulosonate biosynthesis"	"Location"	"Centre"	"LocationCentre"	0.111857156993241	-0.134762365173622	0.242896927144824	0.326384103905819	0.965035708165246	0.326384103905819	0.959114612886705	NA	"abundance"	46	46
"PWY-5100: pyruvate fermentation to acetate and lactate II"	"Location"	"Centre"	"LocationCentre"	-0.328488260408739	-0.134762365173622	0.188416175396913	0.325920926699036	0.965035708165246	0.325920926699036	0.959114612886705	NA	"abundance"	46	46
"PWY-5104: L-isoleucine biosynthesis IV"	"TimeNW"	"TimeNW"	"TimeNW"	0.286889973928703	-0.0144260567140095	0.292602922987724	0.323505036981442	0.965035708165246	0.54235456501052	0.993695588454555	NA	"abundance"	46	27
"PWY-7356: thiamine diphosphate salvage IV (yeast)"	"Age"	"Age"	"Age"	-0.0779175558304391	0.115099219485005	0.193482146982798	0.326179630035589	0.965035708165246	0.545966109021025	0.993695588454555	NA	"abundance"	46	45
"PWY-7388: octanoyl-[acyl-carrier protein] biosynthesis (mitochondria, yeast)"	"Location"	"Centre"	"LocationCentre"	-2.44963592112736	-0.134762365173622	2.07351620576311	0.326851753827943	0.965035708165246	0.546871438675484	0.993695588454555	NA	"abundance"	46	10
"PWY-7953: UDP-N-acetylmuramoyl-pentapeptide biosynthesis III (meso-diaminopimelate containing)"	"Sex"	"Female"	"SexFemale"	-1.49165887629844e-05	-0.0946946073416741	0.0729069084484466	0.325995035370834	0.965035708165246	0.325995035370834	0.959114612886705	NA	"abundance"	46	46
"PWY-8187: L-arginine degradation XIII (reductive Stickland reaction)"	"Age"	"Age"	"Age"	-0.00122359140861874	0.115099219485005	0.114536658207825	0.326965519554374	0.965035708165246	0.326965519554374	0.959114612886705	NA	"abundance"	46	46
"PWY-8188: L-alanine degradation VI (reductive Stickland reaction)"	"Location"	"Centre"	"LocationCentre"	0.587584576048827	-0.134762365173622	0.403566448398086	0.326445273070933	0.965035708165246	0.360453022719359	0.968877380286383	NA	"abundance"	46	7
"PWY-8189: L-alanine degradation V (oxidative Stickland reaction)"	"Location"	"Centre"	"LocationCentre"	0.587584576048827	-0.134762365173622	0.403566448398086	0.326500218416203	0.965035708165246	0.360453022719359	0.968877380286383	NA	"abundance"	46	7
"PWY-5130: 2-oxobutanoate degradation I"	"FI"	"FI"	"FI"	0.572540132101543	0	0.580462592281494	0.323960669943992	0.965035708165246	0.542970824217423	0.993695588454555	NA	"prevalence"	46	43
"PWY-6922: L-N&delta;-acetylornithine biosynthesis"	"Location"	"Centre"	"LocationCentre"	0.658789743886462	0	0.668746752984748	0.324569579159043	0.965035708165246	0.543793746602607	0.993695588454555	NA	"prevalence"	46	25
"PWY-7199: pyrimidine deoxyribonucleosides salvage"	"TimeNW"	"TimeNW"	"TimeNW"	0.0614157586410813	-0.0144260567140095	0.0508529827852872	0.327955442939308	0.966323834589983	0.327955442939308	0.959114612886705	NA	"abundance"	46	46
"PWY0-1297: superpathway of purine deoxyribonucleosides degradation"	"TimeNW"	"TimeNW"	"TimeNW"	0.207625618460809	-0.0144260567140095	0.217308371502839	0.328287706226804	0.966426671410428	0.328287706226804	0.959114612886705	NA	"abundance"	46	46
"AEROBACTINSYN-PWY: aerobactin biosynthesis"	"Location"	"Centre"	"LocationCentre"	-1.45012814863929	-0.134762365173622	1.14204519267811	0.333086916922528	0.967134564193325	0.555226939620101	0.993695588454555	NA	"abundance"	46	9
"HISTSYN-PWY: L-histidine biosynthesis"	"Location"	"Centre"	"LocationCentre"	-0.0221866637571493	-0.134762365173622	0.103427068495629	0.334404043592023	0.967134564193325	0.334404043592023	0.961519999886396	NA	"abundance"	46	46
"OANTIGEN-PWY: O-antigen building blocks biosynthesis (E. coli)"	"TimeNW"	"TimeNW"	"TimeNW"	0.0851437830871695	-0.0144260567140095	0.0844142439785481	0.33432498582111	0.967134564193325	0.33432498582111	0.961519999886396	NA	"abundance"	46	46
"P108-PWY: pyruvate fermentation to propanoate I"	"TimeNW"	"TimeNW"	"TimeNW"	0.369163599217206	-0.0144260567140095	0.382617265922716	0.333444012299158	0.967134564193325	0.555703115260155	0.993695588454555	NA	"abundance"	46	25
"P23-PWY: reductive TCA cycle I"	"Location"	"Centre"	"LocationCentre"	0.858756369304949	-0.134762365173622	0.983502678012421	0.332646861908666	0.967134564193325	0.254824677361466	0.954417715573453	NA	"abundance"	46	18
"PWY-5100: pyruvate fermentation to acetate and lactate II"	"FI"	"FI"	"FI"	-0.111956890448203	-0.0218447081487729	0.088752089475346	0.329325315660182	0.967134564193325	0.329325315660182	0.960069891019846	NA	"abundance"	46	46
"PWY-5103: L-isoleucine biosynthesis III"	"FI"	"FI"	"FI"	0.0150013703311429	-0.0218447081487729	0.0306470719378195	0.335847056832267	0.967134564193325	0.335847056832267	0.96186966139461	NA	"abundance"	46	46
"PWY-5121: superpathway of geranylgeranyl diphosphate biosynthesis II (via MEP)"	"FI"	"FI"	"FI"	-0.196831708009953	-0.0218447081487729	0.176462028422499	0.33077095058773	0.967134564193325	0.552132479422749	0.993695588454555	NA	"abundance"	46	45
"PWY-5188: tetrapyrrole biosynthesis I (from glutamate)"	"FI"	"FI"	"FI"	0.05348692442797	-0.0218447081487729	0.0741010314129218	0.335263808113866	0.967134564193325	0.335263808113866	0.961519999886396	NA	"abundance"	46	46
"PWY-5367: petroselinate biosynthesis"	"TimeNW"	"TimeNW"	"TimeNW"	-0.286653154831486	-0.0144260567140095	0.270327029760605	0.333395194046888	0.967134564193325	0.118504301935562	0.816855125839389	NA	"abundance"	46	31
"PWY-5497: purine nucleobases degradation II (anaerobic)"	"Sex"	"Female"	"SexFemale"	0.136407106366914	-0.0946946073416741	0.228046144139179	0.332654207164585	0.967134564193325	0.554649592784871	0.993695588454555	NA	"abundance"	46	45
"PWY-5695: inosine 5'-phosphate degradation"	"FI"	"FI"	"FI"	-0.0544312486786742	-0.0218447081487729	0.0246018123893273	0.332698027318072	0.967134564193325	0.332698027318072	0.961519999886396	NA	"abundance"	46	46
"PWY-5918: superpathway of heme b biosynthesis from glutamate"	"Sex"	"Female"	"SexFemale"	-0.644801841805998	-0.0946946073416741	0.559508636884403	0.335956545762832	0.967134564193325	0.147611458798792	0.886944932551819	NA	"abundance"	46	35
"PWY-6607: guanosine nucleotides degradation I"	"Location"	"Centre"	"LocationCentre"	0.314661004532137	-0.134762365173622	0.452536725288451	0.33136473808529	0.967134564193325	0.552926886524247	0.993695588454555	NA	"abundance"	46	34
"PWY-6629: superpathway of L-tryptophan biosynthesis"	"Location"	"Centre"	"LocationCentre"	-0.2215899678493	-0.134762365173622	0.072154038570064	0.334674348379439	0.967134564193325	0.334674348379439	0.961519999886396	NA	"abundance"	46	46
"PWY-6992: 1,5-anhydrofructose degradation"	"Sex"	"Female"	"SexFemale"	0.843574287201484	-0.0946946073416741	0.936213674587861	0.333984712992045	0.967134564193325	0.556423637471712	0.993695588454555	NA	"abundance"	46	20
"PWY-7254: TCA cycle VII (acetate-producers)"	"Sex"	"Female"	"SexFemale"	0.903015094516313	-0.0946946073416741	1.00012355630457	0.335967668607466	0.967134564193325	0.138178340242051	0.870398306358536	NA	"abundance"	46	20
"PWY-7357: thiamine phosphate formation from pyrithiamine and oxythiamine (yeast)"	"Location"	"Centre"	"LocationCentre"	-0.264638600316832	-0.134762365173622	0.121606765133633	0.332829909105538	0.967134564193325	0.332829909105538	0.961519999886396	NA	"abundance"	46	46
"PWY-841: superpathway of purine nucleotides de novo biosynthesis I"	"FI"	"FI"	"FI"	-0.0667865092818804	-0.0218447081487729	0.0399217153036597	0.33169809388849	0.967134564193325	0.33169809388849	0.961519999886396	NA	"abundance"	46	46
"LACTOSECAT-PWY: lactose and galactose degradation I"	"FI"	"FI"	"FI"	-0.46163734246728	0	0.477524171071185	0.333678606363747	0.967134564193325	0.430959791446261	0.993695588454555	NA	"prevalence"	46	44
"LIPA-CORESYN-PWY: lipid A-core biosynthesis (E. coli K-12)"	"TimeNW"	"TimeNW"	"TimeNW"	-0.473442559045619	0	0.485254417409085	0.329233762940002	0.967134564193325	0.180009752103591	0.905949068804327	NA	"prevalence"	46	9
"PWY-5130: 2-oxobutanoate degradation I"	"Location"	"Centre"	"LocationCentre"	1.08355038129811	0	1.12113473791922	0.333805798842163	0.967134564193325	0.31026882310806	0.959114612886705	NA	"prevalence"	46	43
"PWY-6859: all-trans-farnesol biosynthesis"	"Sex"	"Female"	"SexFemale"	-1.22443345556798	0	1.2713713524374	0.335506930323158	0.967134564193325	0.558448960351448	0.993695588454555	NA	"prevalence"	46	43
"PWY-7385: 1,3-propanediol biosynthesis (engineered)"	"TimeNW"	"TimeNW"	"TimeNW"	0.310230138241874	0	0.319508414281967	0.331567810815187	0.967134564193325	0.553198408461598	0.993695588454555	NA	"prevalence"	46	20
"REDCITCYC: TCA cycle VI (Helicobacter)"	"TimeNW"	"TimeNW"	"TimeNW"	-0.35992662558518	0	0.369201865754129	0.329620982889579	0.967134564193325	0.550591973418065	0.993695588454555	NA	"prevalence"	46	24
"PWY-7184: pyrimidine deoxyribonucleotides de novo biosynthesis I"	"Sex"	"Female"	"SexFemale"	-0.633949862614947	-0.0946946073416741	0.550068995561796	0.336387105110361	0.967485036821834	0.222977698321196	0.931415651367086	NA	"abundance"	46	39
"HISTSYN-PWY: L-histidine biosynthesis"	"FI"	"FI"	"FI"	0.030038276956677	-0.0218447081487729	0.0487185795909497	0.336998087618204	0.967915168931955	0.336998087618204	0.962521935183502	NA	"abundance"	46	46
"PWY-7409: phospholipid remodeling (phosphatidylethanolamine, yeast)"	"FI"	"FI"	"FI"	0.315679804502212	0	0.328885596933496	0.337132298840299	0.967915168931955	0.508403238017356	0.993695588454555	NA	"prevalence"	46	14
"PWY-7805: (aminomethyl)phosphonate degradation"	"Sex"	"Female"	"SexFemale"	-2.06183500831576	-0.0946946073416741	1.72740259576004	0.337643485588475	0.968527209322634	0.561283847816616	0.993695588454555	NA	"abundance"	46	9
"ORNDEG-PWY: superpathway of ornithine degradation"	"Age"	"Age"	"Age"	0.318115289683854	0	0.332262183456168	0.338354047322742	0.969709571251244	0.0898077670938857	0.782480255952523	NA	"prevalence"	46	28
"BRANCHED-CHAIN-AA-SYN-PWY: superpathway of branched chain amino acid biosynthesis"	"FI"	"FI"	"FI"	0.0103962891389139	-0.0218447081487729	0.0249080548991254	0.340365389103439	0.97016850882723	0.340365389103439	0.96473999596638	NA	"abundance"	46	46
"GLYCOGENSYNTH-PWY: glycogen biosynthesis I (from ADP-D-Glucose)"	"Age"	"Age"	"Age"	0.0393251745292851	0.115099219485005	0.0753561255912783	0.340643036345125	0.97016850882723	0.340643036345125	0.96473999596638	NA	"abundance"	46	46
"PWY-5971: palmitate biosynthesis (type II fatty acid synthase)"	"TimeNW"	"TimeNW"	"TimeNW"	0.139875258958124	-0.0144260567140095	0.147841242483068	0.339384517314807	0.97016850882723	0.118504301935562	0.816855125839389	NA	"abundance"	46	31
"PWY-6922: L-N&delta;-acetylornithine biosynthesis"	"Sex"	"Female"	"SexFemale"	-0.948993221314034	-0.0946946073416741	0.871561538069413	0.340118549925187	0.97016850882723	0.498697123272175	0.993695588454555	NA	"abundance"	46	25
"PWY-7254: TCA cycle VII (acetate-producers)"	"TimeNW"	"TimeNW"	"TimeNW"	0.439681103282715	-0.0144260567140095	0.456664384811879	0.340267701415485	0.97016850882723	0.564753294204393	0.993695588454555	NA	"abundance"	46	20
"GLUCOSE1PMETAB-PWY: glucose and glucose-1-phosphate degradation"	"Location"	"Centre"	"LocationCentre"	0.668522356044122	0	0.700334804093772	0.339792476629337	0.97016850882723	0.564126026084775	0.993695588454555	NA	"prevalence"	46	35
"PWY-5417: catechol degradation III (ortho-cleavage pathway)"	"TimeNW"	"TimeNW"	"TimeNW"	-0.717850044644273	0	0.754206327857271	0.341200801719854	0.97016850882723	0.341200801719854	0.96473999596638	NA	"prevalence"	46	5
"PWY-5431: aromatic compounds degradation via &beta;-ketoadipate"	"TimeNW"	"TimeNW"	"TimeNW"	-0.717850044644273	0	0.754206327857271	0.341200801719854	0.97016850882723	0.341200801719854	0.96473999596638	NA	"prevalence"	46	5
"PWY1ZNC-1: assimilatory sulfate reduction IV"	"FI"	"FI"	"FI"	-0.397054839486747	0	0.415602910019823	0.339390270044029	0.97016850882723	0.277391500672689	0.954417715573453	NA	"prevalence"	46	42
"GLUCARDEG-PWY: D-glucarate degradation I"	"Location"	"Centre"	"LocationCentre"	-0.801825882722806	-0.134762365173622	0.68938693877802	0.341750822187783	0.970236506768087	0.292786636434516	0.954417715573453	NA	"abundance"	46	37
"PWY-5265: peptidoglycan biosynthesis II (staphylococci)"	"Location"	"Centre"	"LocationCentre"	-0.682096733453078	0	0.717564655848902	0.341821784692141	0.970236506768087	0.460093631994795	0.993695588454555	NA	"prevalence"	46	12
"PWY-5154: L-arginine biosynthesis III (via N-acetyl-L-citrulline)"	"Sex"	"Female"	"SexFemale"	-0.204836079263588	-0.0946946073416741	0.097950528644981	0.344388684157211	0.971387884626564	0.344388684157211	0.96473999596638	NA	"abundance"	46	46
"PWY-6270: isoprene biosynthesis I"	"Location"	"Centre"	"LocationCentre"	-0.0240413289899222	-0.134762365173622	0.102922134610321	0.342570546149189	0.971387884626564	0.342570546149189	0.96473999596638	NA	"abundance"	46	46
"PWY-702: L-methionine biosynthesis II"	"FI"	"FI"	"FI"	0.146213436922385	-0.0218447081487729	0.174847737567008	0.344917421187402	0.971387884626564	0.344917421187402	0.96473999596638	NA	"abundance"	46	46
"HEME-BIOSYNTHESIS-II-1: heme b biosynthesis V (aerobic)"	"FI"	"FI"	"FI"	0.318472711780592	0	0.336839833527714	0.344417836868648	0.971387884626564	0.570212027384017	0.993695588454555	NA	"prevalence"	46	32
"PWY-5345: superpathway of L-methionine biosynthesis (by sulfhydrylation)"	"Location"	"Centre"	"LocationCentre"	0.726445864485037	0	0.769025791926984	0.344847121073283	0.971387884626564	0.405328967841993	0.990751345780251	NA	"prevalence"	46	38
"PWY-6349: CDP-archaeol biosynthesis"	"Age"	"Age"	"Age"	0.395660413534847	0	0.417174767493849	0.342911387283842	0.971387884626564	0.342911387283842	0.96473999596638	NA	"prevalence"	46	11
"PWY-7115: C4 photosynthetic carbon assimilation cycle, NAD-ME type"	"TimeNW"	"TimeNW"	"TimeNW"	0.43930197085288	0	0.464671939826276	0.344453473304235	0.971387884626564	0.570258751337119	0.993695588454555	NA	"prevalence"	46	40
"SO4ASSIM-PWY: assimilatory sulfate reduction I"	"Location"	"Centre"	"LocationCentre"	0.726445864485037	0	0.769025791926984	0.344847121073283	0.971387884626564	0.570774705234035	0.993695588454555	NA	"prevalence"	46	38
"SULFATE-CYS-PWY: superpathway of sulfate assimilation and cysteine biosynthesis"	"Location"	"Centre"	"LocationCentre"	0.726445864485037	0	0.769025791926984	0.344847121073283	0.971387884626564	0.570774705234035	0.993695588454555	NA	"prevalence"	46	38
"UBISYN-PWY: superpathway of ubiquinol-8 biosynthesis (early decarboxylation)"	"Location"	"Centre"	"LocationCentre"	-0.866400009107787	0	0.918504549955196	0.345541579411698	0.972303145530751	0.571684175721065	0.993695588454555	NA	"prevalence"	46	8
"PWY-6901: superpathway of glucose and xylose degradation"	"Sex"	"Female"	"SexFemale"	0.0123580058721176	-0.0946946073416741	0.0948813548443319	0.346566070493438	0.973867270974609	0.346566070493438	0.96473999596638	NA	"abundance"	46	46
"PWY-7118: chitin deacetylation"	"TimeNW"	"TimeNW"	"TimeNW"	-0.302642337613784	-0.0144260567140095	0.296266206766482	0.348026252979221	0.973867270974609	0.574930233195685	0.993695588454555	NA	"abundance"	46	32
"PWY-8004: Entner-Doudoroff pathway I"	"Age"	"Age"	"Age"	0.216452416406693	0.115099219485005	0.104471843119179	0.34794148837595	0.973867270974609	0.34794148837595	0.965989351882631	NA	"abundance"	46	46
"REDCITCYC: TCA cycle VI (Helicobacter)"	"Age"	"Age"	"Age"	0.432433661584046	0.115099219485005	0.329069691335066	0.348195005806922	0.973867270974609	0.575150249544961	0.993695588454555	NA	"abundance"	46	24
"GLUCARDEG-PWY: D-glucarate degradation I"	"TimeNW"	"TimeNW"	"TimeNW"	0.384035446781048	0	0.409208727797337	0.347996233921769	0.973867270974609	0.574891089019804	0.993695588454555	NA	"prevalence"	46	37
"PWY-7371: 1,4-dihydroxy-6-naphthoate biosynthesis II"	"Location"	"Centre"	"LocationCentre"	-0.609490710061603	0	0.648230392494338	0.34709560294738	0.973867270974609	0.573715848309355	0.993695588454555	NA	"prevalence"	46	25
"PWY0-1479: tRNA processing"	"Sex"	"Female"	"SexFemale"	0.905371634526209	0	0.964726369087946	0.348000329315318	0.973867270974609	0.574896429427067	0.993695588454555	NA	"prevalence"	46	42
"PENTOSE-P-PWY: pentose phosphate pathway"	"Age"	"Age"	"Age"	0.0592542090261607	0.115099219485005	0.0547772668731387	0.349677103206422	0.977011240835423	0.349677103206422	0.968877380286383	NA	"abundance"	46	46
"P163-PWY: L-lysine fermentation to acetate and butanoate"	"Age"	"Age"	"Age"	-0.417459387648784	0	0.446602988644821	0.349920333640748	0.977011240835423	0.349920333640748	0.968877380286383	NA	"prevalence"	46	5
"PWY-5022: 4-aminobutanoate degradation V"	"Location"	"Centre"	"LocationCentre"	-0.671844652133375	0	0.719278525164164	0.350276276296006	0.977165577649803	0.0458270215584163	0.677654893257433	NA	"prevalence"	46	34
"GLUCOSE1PMETAB-PWY: glucose and glucose-1-phosphate degradation"	"Location"	"Centre"	"LocationCentre"	-0.423535710198659	-0.134762365173622	0.301507699831962	0.352277379691845	0.979326900224257	0.564126026084775	0.993695588454555	NA	"abundance"	46	35
"HEME-BIOSYNTHESIS-II-1: heme b biosynthesis V (aerobic)"	"TimeNW"	"TimeNW"	"TimeNW"	-0.407747731931061	-0.0144260567140095	0.411992269234988	0.352724203567161	0.979326900224257	0.581034043352234	0.993695588454555	NA	"abundance"	46	32
"KDO-NAGLIPASYN-PWY: superpathway of (Kdo)2-lipid A biosynthesis"	"FI"	"FI"	"FI"	0.293355946944677	0	0.315074269249398	0.35181777099802	0.979326900224257	0.443227476974872	0.993695588454555	NA	"prevalence"	46	18
"PWY-7118: chitin deacetylation"	"TimeNW"	"TimeNW"	"TimeNW"	0.33050382164183	0	0.355066794623178	0.351945883987247	0.979326900224257	0.574930233195685	0.993695588454555	NA	"prevalence"	46	32
"PWY0-1061: superpathway of L-alanine biosynthesis"	"FI"	"FI"	"FI"	-0.372714896970779	0	0.401175046567362	0.352859015434648	0.979326900224257	0.581208546095786	0.993695588454555	NA	"prevalence"	46	41
"TCA: TCA cycle I (prokaryotic)"	"Sex"	"Female"	"SexFemale"	0.572208229195662	0	0.615813491889488	0.352790216080491	0.979326900224257	0.581119495598863	0.993695588454555	NA	"prevalence"	46	27
"1CMET2-PWY: folate transformations III (E. coli)"	"FI"	"FI"	"FI"	0.00212178356479021	-0.0218447081487729	0.03743439046804	0.586061620039214	0.98142320767868	0.586061620039214	0.993695588454555	NA	"abundance"	46	46
"1CMET2-PWY: folate transformations III (E. coli)"	"Sex"	"Female"	"SexFemale"	-0.0361502772244603	-0.0946946073416741	0.0762793657753623	0.550379908939734	0.98142320767868	0.550379908939734	0.993695588454555	NA	"abundance"	46	46
"ALLANTOINDEG-PWY: superpathway of allantoin degradation in yeast"	"FI"	"FI"	"FI"	-0.202697211074565	-0.0218447081487729	0.273161538254148	0.520441462772859	0.98142320767868	0.768598680113859	0.993695588454555	NA	"abundance"	46	19
"ALLANTOINDEG-PWY: superpathway of allantoin degradation in yeast"	"TimeNW"	"TimeNW"	"TimeNW"	0.215455752477612	-0.0144260567140095	0.286907654915989	0.445500718989615	0.98142320767868	0.270779262659584	0.954417715573453	NA	"abundance"	46	19
"ANAEROFRUCAT-PWY: homolactic fermentation"	"Location"	"Centre"	"LocationCentre"	-0.19224801377643	-0.134762365173622	0.107463941671011	0.632297142304854	0.98142320767868	0.632297142304854	0.993695588454555	NA	"abundance"	46	46
"ANAGLYCOLYSIS-PWY: glycolysis III (from glucose)"	"FI"	"FI"	"FI"	-0.048372727579986	-0.0218447081487729	0.0302601413217755	0.48382394936795	0.98142320767868	0.48382394936795	0.993695588454555	NA	"abundance"	46	46
"ANAGLYCOLYSIS-PWY: glycolysis III (from glucose)"	"Location"	"Centre"	"LocationCentre"	-0.104954458780072	-0.134762365173622	0.0642407421450376	0.72033213767456	0.98142320767868	0.72033213767456	0.993695588454555	NA	"abundance"	46	46
"ARG+POLYAMINE-SYN: superpathway of arginine and polyamine biosynthesis"	"FI"	"FI"	"FI"	0.118127333747664	-0.0218447081487729	0.164419332668027	0.403642980751025	0.98142320767868	0.644358305592478	0.993695588454555	NA	"abundance"	46	44
"ARG+POLYAMINE-SYN: superpathway of arginine and polyamine biosynthesis"	"Location"	"Centre"	"LocationCentre"	-0.309927369768402	-0.134762365173622	0.350972349122592	0.623399823271146	0.98142320767868	0.858172306887796	0.993695588454555	NA	"abundance"	46	44
"ARG+POLYAMINE-SYN: superpathway of arginine and polyamine biosynthesis"	"TimeNW"	"TimeNW"	"TimeNW"	0.109900290032797	-0.0144260567140095	0.169322828382048	0.490222421010559	0.98142320767868	0.740126819959665	0.993695588454555	NA	"abundance"	46	44
"ARGININE-SYN4-PWY: L-ornithine biosynthesis II"	"Location"	"Centre"	"LocationCentre"	0.0921620421249873	-0.134762365173622	0.256916206930727	0.390940192610187	0.98142320767868	0.390940192610187	0.982321173200419	NA	"abundance"	46	46
"ARGININE-SYN4-PWY: L-ornithine biosynthesis II"	"Sex"	"Female"	"SexFemale"	-0.225620976137787	-0.0946946073416741	0.246597239918222	0.607801223349859	0.98142320767868	0.607801223349859	0.993695588454555	NA	"abundance"	46	46
"ARGSYN-PWY: L-arginine biosynthesis I (via L-ornithine)"	"FI"	"FI"	"FI"	-0.050871328679108	-0.0218447081487729	0.0463355993999033	0.574735664385949	0.98142320767868	0.574735664385949	0.993695588454555	NA	"abundance"	46	46
"ARGSYN-PWY: L-arginine biosynthesis I (via L-ornithine)"	"Sex"	"Female"	"SexFemale"	-0.0124334912768969	-0.0946946073416741	0.0944171947467251	0.467555805716837	0.98142320767868	0.467555805716837	0.993695588454555	NA	"abundance"	46	46
"ARGSYN-PWY: L-arginine biosynthesis I (via L-ornithine)"	"TimeNW"	"TimeNW"	"TimeNW"	0.0129695048540162	-0.0144260567140095	0.0482733224282652	0.715673073825115	0.98142320767868	0.715673073825115	0.993695588454555	NA	"abundance"	46	46
"ARGSYNBSUB-PWY: L-arginine biosynthesis II (acetyl cycle)"	"FI"	"FI"	"FI"	-0.0528467914245394	-0.0218447081487729	0.0494665817093965	0.569631608827127	0.98142320767868	0.569631608827127	0.993695588454555	NA	"abundance"	46	46
"ARGSYNBSUB-PWY: L-arginine biosynthesis II (acetyl cycle)"	"Sex"	"Female"	"SexFemale"	-0.0174551776257479	-0.0946946073416741	0.100797139547107	0.513472833151914	0.98142320767868	0.513472833151914	0.993695588454555	NA	"abundance"	46	46
"ARGSYNBSUB-PWY: L-arginine biosynthesis II (acetyl cycle)"	"TimeNW"	"TimeNW"	"TimeNW"	0.0189033097041955	-0.0144260567140095	0.0515352402733094	0.666646656351086	0.98142320767868	0.666646656351086	0.993695588454555	NA	"abundance"	46	46
"ARO-PWY: chorismate biosynthesis I"	"FI"	"FI"	"FI"	-0.0366665264530401	-0.0218447081487729	0.0311038853842391	0.699752121225125	0.98142320767868	0.699752121225125	0.993695588454555	NA	"abundance"	46	46
"ARO-PWY: chorismate biosynthesis I"	"TimeNW"	"TimeNW"	"TimeNW"	0.0313306404263323	-0.0144260567140095	0.0324046285657484	0.490036459837407	0.98142320767868	0.490036459837407	0.993695588454555	NA	"abundance"	46	46
"ASPASN-PWY: superpathway of L-aspartate and L-asparagine biosynthesis"	"Age"	"Age"	"Age"	0.0660279052408999	0.115099219485005	0.0505511189959509	0.3783559087273	0.98142320767868	0.3783559087273	0.980279247207519	NA	"abundance"	46	46
"AST-PWY: L-arginine degradation II (AST pathway)"	"FI"	"FI"	"FI"	-0.185022785875808	-0.0218447081487729	0.249328275531508	0.522614879821289	0.98142320767868	0.772103447031957	0.993695588454555	NA	"abundance"	46	23
"BIOTIN-BIOSYNTHESIS-PWY: biotin biosynthesis I"	"FI"	"FI"	"FI"	0.0761473804557685	-0.0218447081487729	0.144430104489481	0.505546828750886	0.98142320767868	0.505546828750886	0.993695588454555	NA	"abundance"	46	46
"BIOTIN-BIOSYNTHESIS-PWY: biotin biosynthesis I"	"Location"	"Centre"	"LocationCentre"	0.112322936305423	-0.134762365173622	0.306617771603495	0.430388670219811	0.98142320767868	0.430388670219811	0.993695588454555	NA	"abundance"	46	46
"BRANCHED-CHAIN-AA-SYN-PWY: superpathway of branched chain amino acid biosynthesis"	"Sex"	"Female"	"SexFemale"	-0.0307719073009083	-0.0946946073416741	0.0507546832377386	0.424584852738578	0.98142320767868	0.424584852738578	0.993695588454555	NA	"abundance"	46	46
"CALVIN-PWY: Calvin-Benson-Bassham cycle"	"Age"	"Age"	"Age"	0.0968359106327627	0.115099219485005	0.038597292401185	0.684784116233966	0.98142320767868	0.684784116233966	0.993695588454555	NA	"abundance"	46	46
"CALVIN-PWY: Calvin-Benson-Bassham cycle"	"FI"	"FI"	"FI"	-0.0377742055898326	-0.0218447081487729	0.0374279133191135	0.71530361860492	0.98142320767868	0.71530361860492	0.993695588454555	NA	"abundance"	46	46
"CENTFERM-PWY: pyruvate fermentation to butanoate"	"FI"	"FI"	"FI"	0.0597803477548873	-0.0218447081487729	0.177092479862658	0.649904772638286	0.98142320767868	0.625548593917547	0.993695588454555	NA	"abundance"	46	41
"COA-PWY-1: superpathway of coenzyme A biosynthesis III (mammals)"	"FI"	"FI"	"FI"	-0.0471087175627307	-0.0218447081487729	0.0449887494888589	0.616121499999775	0.98142320767868	0.616121499999775	0.993695588454555	NA	"abundance"	46	46
"COA-PWY-1: superpathway of coenzyme A biosynthesis III (mammals)"	"TimeNW"	"TimeNW"	"TimeNW"	0.017333805466048	-0.0144260567140095	0.0468701481764941	0.669047351133044	0.98142320767868	0.669047351133044	0.993695588454555	NA	"abundance"	46	46
"COA-PWY: coenzyme A biosynthesis I (prokaryotic)"	"FI"	"FI"	"FI"	-0.0440593686109873	-0.0218447081487729	0.0405141727773446	0.632217584330708	0.98142320767868	0.632217584330708	0.993695588454555	NA	"abundance"	46	46
"COA-PWY: coenzyme A biosynthesis I (prokaryotic)"	"Sex"	"Female"	"SexFemale"	-0.0580171123669284	-0.0946946073416741	0.0825549812813901	0.720540169718914	0.98142320767868	0.720540169718914	0.993695588454555	NA	"abundance"	46	46
"COA-PWY: coenzyme A biosynthesis I (prokaryotic)"	"TimeNW"	"TimeNW"	"TimeNW"	0.0316918677244047	-0.0144260567140095	0.0422084477318595	0.519634943878063	0.98142320767868	0.519634943878063	0.993695588454555	NA	"abundance"	46	46
"COLANSYN-PWY: colanic acid building blocks biosynthesis"	"Age"	"Age"	"Age"	0.078897659192189	0.115099219485005	0.0565316275539866	0.554482824689337	0.98142320767868	0.554482824689337	0.993695588454555	NA	"abundance"	46	46
"COLANSYN-PWY: colanic acid building blocks biosynthesis"	"Location"	"Centre"	"LocationCentre"	-0.242453421189955	-0.134762365173622	0.116377724583593	0.402385982345267	0.98142320767868	0.402385982345267	0.986103419754778	NA	"abundance"	46	46
"COMPLETE-ARO-PWY: superpathway of aromatic amino acid biosynthesis"	"TimeNW"	"TimeNW"	"TimeNW"	0.0339751740176388	-0.0144260567140095	0.0319517328021168	0.464251076471896	0.98142320767868	0.464251076471896	0.993695588454555	NA	"abundance"	46	46
"DAPLYSINESYN-PWY: L-lysine biosynthesis I"	"Location"	"Centre"	"LocationCentre"	-0.00526189586896179	-0.134762365173622	0.344154577932815	0.71167573668181	0.98142320767868	0.871787963252867	0.995987892264234	NA	"abundance"	46	45
"DAPLYSINESYN-PWY: L-lysine biosynthesis I"	"TimeNW"	"TimeNW"	"TimeNW"	0.0613002800234089	-0.0144260567140095	0.168070305750703	0.671626508008774	0.98142320767868	0.892170849757488	0.998451798775976	NA	"abundance"	46	45
"DARABCATK12-PWY: D-arabinose degradation I"	"Age"	"Age"	"Age"	0.418221426783443	0.115099219485005	0.475111782145954	0.534476473004741	0.98142320767868	0.301928115655255	0.957645409262128	NA	"abundance"	46	19
"DARABCATK12-PWY: D-arabinose degradation I"	"Location"	"Centre"	"LocationCentre"	-0.794859703945877	-0.134762365173622	1.02062926553591	0.529218275993835	0.98142320767868	0.778364568341783	0.993695588454555	NA	"abundance"	46	19
"DENOVOPURINE2-PWY: superpathway of purine nucleotides de novo biosynthesis II"	"Sex"	"Female"	"SexFemale"	-0.358968807472279	-0.0946946073416741	0.526721080836651	0.626179534828838	0.98142320767868	0.860258259819216	0.993695588454555	NA	"abundance"	46	19
"DTDPRHAMSYN-PWY: dTDP-&beta;-L-rhamnose biosynthesis"	"Sex"	"Female"	"SexFemale"	-0.0534181700377984	-0.0946946073416741	0.0825029005346749	0.688210631499236	0.98142320767868	0.688210631499236	0.993695588454555	NA	"abundance"	46	46
"ECASYN-PWY: enterobacterial common antigen biosynthesis"	"FI"	"FI"	"FI"	-0.177175109662508	-0.0218447081487729	0.360747037252049	0.67995299229465	0.98142320767868	0.897569912858852	0.998451798775976	NA	"abundance"	46	13
"ECASYN-PWY: enterobacterial common antigen biosynthesis"	"Sex"	"Female"	"SexFemale"	-0.698294167469659	-0.0946946073416741	0.914940879363484	0.531006531250201	0.98142320767868	0.780045126270031	0.993695588454555	NA	"abundance"	46	13
"ECASYN-PWY: enterobacterial common antigen biosynthesis"	"TimeNW"	"TimeNW"	"TimeNW"	-0.434230659058933	-0.0144260567140095	0.733776637358723	0.58609264205673	0.98142320767868	0.671802430871216	0.993695588454555	NA	"abundance"	46	13
"FAO-PWY: fatty acid &beta;-oxidation I (generic)"	"FI"	"FI"	"FI"	-0.134160293650324	-0.0218447081487729	0.28964750594605	0.703228883251015	0.98142320767868	0.863397531263757	0.993695588454555	NA	"abundance"	46	24
"FAO-PWY: fatty acid &beta;-oxidation I (generic)"	"Location"	"Centre"	"LocationCentre"	-0.804508600570484	-0.134762365173622	0.728835789393385	0.37103189840708	0.98142320767868	0.604399127178598	0.993695588454555	NA	"abundance"	46	24
"FASYN-ELONG-PWY: fatty acid elongation -- saturated"	"FI"	"FI"	"FI"	0.0558029080044912	-0.0218447081487729	0.173459327733818	0.658888289657135	0.98142320767868	0.658888289657135	0.993695588454555	NA	"abundance"	46	46
"FASYN-ELONG-PWY: fatty acid elongation -- saturated"	"Location"	"Centre"	"LocationCentre"	0.181515677515578	-0.134762365173622	0.368245337227856	0.398829940459355	0.98142320767868	0.398829940459355	0.98522843796502	NA	"abundance"	46	46
"FERMENTATION-PWY: mixed acid fermentation"	"FI"	"FI"	"FI"	0.0534442519692391	-0.0218447081487729	0.167165036945171	0.656833155499236	0.98142320767868	0.656833155499236	0.993695588454555	NA	"abundance"	46	46
"FERMENTATION-PWY: mixed acid fermentation"	"Location"	"Centre"	"LocationCentre"	-0.426615211583504	-0.134762365173622	0.354882877772044	0.419757831250638	0.98142320767868	0.419757831250638	0.993695588454555	NA	"abundance"	46	46
"FOLSYN-PWY: superpathway of tetrahydrofolate biosynthesis and salvage"	"Age"	"Age"	"Age"	0.271595689314976	0.115099219485005	0.180030522423747	0.394046567769503	0.98142320767868	0.63282043796808	0.993695588454555	NA	"abundance"	46	35
"FOLSYN-PWY: superpathway of tetrahydrofolate biosynthesis and salvage"	"Sex"	"Female"	"SexFemale"	-0.331204953826929	-0.0946946073416741	0.375367516634959	0.53809509708604	0.98142320767868	0.651109234221131	0.993695588454555	NA	"abundance"	46	35
"FUC-RHAMCAT-PWY: superpathway of fucose and rhamnose degradation"	"Location"	"Centre"	"LocationCentre"	-0.379686380397973	-0.134762365173622	0.266043975481721	0.371111535784002	0.98142320767868	0.604499299576044	0.993695588454555	NA	"abundance"	46	44
"FUCCAT-PWY: fucose degradation"	"FI"	"FI"	"FI"	0.0679776379551013	-0.0218447081487729	0.160886879964723	0.582580190662781	0.98142320767868	0.82576070277288	0.993695588454555	NA	"abundance"	46	45
"FUCCAT-PWY: fucose degradation"	"Location"	"Centre"	"LocationCentre"	-0.360149585484239	-0.134762365173622	0.349445947317429	0.526464817377641	0.98142320767868	0.663106982469108	0.993695588454555	NA	"abundance"	46	45
"FUCCAT-PWY: fucose degradation"	"Sex"	"Female"	"SexFemale"	0.0378470366757725	-0.0946946073416741	0.331170201791183	0.695329355204838	0.98142320767868	0.786974165353881	0.993695588454555	NA	"abundance"	46	45
"GALACT-GLUCUROCAT-PWY: superpathway of hexuronide and hexuronate degradation"	"FI"	"FI"	"FI"	0.0759614578993571	-0.0218447081487729	0.128652811327842	0.457625431437131	0.98142320767868	0.705829827376242	0.993695588454555	NA	"abundance"	46	44
"GALACT-GLUCUROCAT-PWY: superpathway of hexuronide and hexuronate degradation"	"Location"	"Centre"	"LocationCentre"	-0.383773845641356	-0.134762365173622	0.274624514527901	0.377885183370713	0.98142320767868	0.612973154930308	0.993695588454555	NA	"abundance"	46	44
"GALACTARDEG-PWY: D-galactarate degradation I"	"Location"	"Centre"	"LocationCentre"	-0.639712312594258	-0.134762365173622	0.548360196246699	0.36534650776263	0.98142320767868	0.0513455529151262	0.686415561393386	NA	"abundance"	46	39
"GALACTITOLCAT-PWY: galactitol degradation"	"FI"	"FI"	"FI"	0.232040489587887	-0.0218447081487729	0.321606422491645	0.439424518619779	0.98142320767868	0.685755129675333	0.993695588454555	NA	"abundance"	46	27
"GALACTUROCAT-PWY: D-galacturonate degradation I"	"FI"	"FI"	"FI"	-0.0594485346933693	-0.0218447081487729	0.102098214182426	0.719902833645716	0.98142320767868	0.719902833645716	0.993695588454555	NA	"abundance"	46	46
"GALACTUROCAT-PWY: D-galacturonate degradation I"	"Location"	"Centre"	"LocationCentre"	-0.259465508163324	-0.134762365173622	0.21674931987321	0.578053251720716	0.98142320767868	0.578053251720716	0.993695588454555	NA	"abundance"	46	46
"GLCMANNANAUT-PWY: superpathway of N-acetylglucosamine, N-acetylmannosamine and N-acetylneuraminate degradation"	"Sex"	"Female"	"SexFemale"	-0.167928857963085	-0.0946946073416741	0.160987956431194	0.67161074565518	0.98142320767868	0.67161074565518	0.993695588454555	NA	"abundance"	46	46
"GLUCARDEG-PWY: D-glucarate degradation I"	"TimeNW"	"TimeNW"	"TimeNW"	-0.222467188749029	-0.0144260567140095	0.295167814435758	0.493558563160974	0.98142320767868	0.574891089019804	0.993695588454555	NA	"abundance"	46	37
"GLUCARGALACTSUPER-PWY: superpathway of D-glucarate and D-galactarate degradation"	"Location"	"Centre"	"LocationCentre"	-0.639712312594258	-0.134762365173622	0.548360196246699	0.365471715335131	0.98142320767868	0.0513455529151262	0.686415561393386	NA	"abundance"	46	39
"GLUCONEO-PWY: gluconeogenesis I"	"FI"	"FI"	"FI"	-0.0622718336213109	-0.0218447081487729	0.0682161397931291	0.574982100477094	0.98142320767868	0.574982100477094	0.993695588454555	NA	"abundance"	46	46
"GLUCONEO-PWY: gluconeogenesis I"	"Location"	"Centre"	"LocationCentre"	-0.040102972244417	-0.134762365173622	0.14481939789973	0.540901082194293	0.98142320767868	0.540901082194293	0.993695588454555	NA	"abundance"	46	46
"GLUCONEO-PWY: gluconeogenesis I"	"TimeNW"	"TimeNW"	"TimeNW"	-0.0647085360452291	-0.0144260567140095	0.0710688920332001	0.583895349948896	0.98142320767868	0.583895349948896	0.993695588454555	NA	"abundance"	46	46
"GLUDEG-I-PWY: GABA shunt"	"Age"	"Age"	"Age"	0.312084179877319	0.115099219485005	0.229038606741993	0.397806583446819	0.98142320767868	0.137657607892802	0.869745795322703	NA	"abundance"	46	40
"GLUTORN-PWY: L-ornithine biosynthesis I"	"Age"	"Age"	"Age"	0.0963115541426742	0.115099219485005	0.0459101400074336	0.713813621298939	0.98142320767868	0.713813621298939	0.993695588454555	NA	"abundance"	46	46
"GLUTORN-PWY: L-ornithine biosynthesis I"	"Sex"	"Female"	"SexFemale"	-0.0218886313737999	-0.0946946073416741	0.090715959740614	0.508658215588961	0.98142320767868	0.508658215588961	0.993695588454555	NA	"abundance"	46	46
"GLYCOCAT-PWY: glycogen degradation I"	"Age"	"Age"	"Age"	0.0635816044901769	0.115099219485005	0.13726389637302	0.712360379114268	0.98142320767868	0.795540070432828	0.993695588454555	NA	"abundance"	46	43
"GLYCOCAT-PWY: glycogen degradation I"	"Location"	"Centre"	"LocationCentre"	-0.00526844605997385	-0.134762365173622	0.283024554638788	0.655662599091252	0.98142320767868	0.881431754335408	0.996959287214095	NA	"abundance"	46	43
"GLYCOCAT-PWY: glycogen degradation I"	"Sex"	"Female"	"SexFemale"	-0.267998740506421	-0.0946946073416741	0.271419910751336	0.536067501353244	0.98142320767868	0.49921025784882	0.993695588454555	NA	"abundance"	46	43
"GLYCOCAT-PWY: glycogen degradation I"	"TimeNW"	"TimeNW"	"TimeNW"	-0.0794743089669404	-0.0144260567140095	0.138532073986338	0.666019528955181	0.98142320767868	0.888457044960681	0.998451798775976	NA	"abundance"	46	43
"GLYCOL-GLYOXDEG-PWY: superpathway of glycol metabolism and degradation"	"Age"	"Age"	"Age"	0.266455571680862	0.115099219485005	0.401851821616498	0.711426955813497	0.98142320767868	0.291651750775769	0.954417715573453	NA	"abundance"	46	22
"GLYCOL-GLYOXDEG-PWY: superpathway of glycol metabolism and degradation"	"FI"	"FI"	"FI"	0.171037326054562	-0.0218447081487729	0.467306236967368	0.685366334353662	0.98142320767868	0.266928065072007	0.954417715573453	NA	"abundance"	46	22
"GLYCOL-GLYOXDEG-PWY: superpathway of glycol metabolism and degradation"	"Sex"	"Female"	"SexFemale"	-0.605977729628348	-0.0946946073416741	0.886591172803416	0.572716968514748	0.98142320767868	0.817429211004773	0.993695588454555	NA	"abundance"	46	22
"GLYCOLYSIS-E-D: superpathway of glycolysis and the Entner-Doudoroff pathway"	"Location"	"Centre"	"LocationCentre"	-0.233885966708769	-0.134762365173622	0.2084949460407	0.645624071954569	0.98142320767868	0.645624071954569	0.993695588454555	NA	"abundance"	46	46
"GLYCOLYSIS-TCA-GLYOX-BYPASS: superpathway of glycolysis, pyruvate dehydrogenase, TCA, and glyoxylate bypass"	"Age"	"Age"	"Age"	0.273421907397909	0.115099219485005	0.330794664633368	0.642702579391218	0.98142320767868	0.278608606150172	0.954417715573453	NA	"abundance"	46	16
"GLYCOLYSIS: glycolysis I (from glucose 6-phosphate)"	"Age"	"Age"	"Age"	0.0866684257429362	0.115099219485005	0.0702814296241133	0.700167592340815	0.98142320767868	0.700167592340815	0.993695588454555	NA	"abundance"	46	46
"GLYCOLYSIS: glycolysis I (from glucose 6-phosphate)"	"Location"	"Centre"	"LocationCentre"	-0.196227882400262	-0.134762365173622	0.144683484520682	0.6910320907704	0.98142320767868	0.6910320907704	0.993695588454555	NA	"abundance"	46	46
"GLYCOLYSIS: glycolysis I (from glucose 6-phosphate)"	"Sex"	"Female"	"SexFemale"	0.0156084203513219	-0.0946946073416741	0.138872313159174	0.469675667839669	0.98142320767868	0.469675667839669	0.993695588454555	NA	"abundance"	46	46
"GLYCOLYSIS: glycolysis I (from glucose 6-phosphate)"	"TimeNW"	"TimeNW"	"TimeNW"	0.0514529966696895	-0.0144260567140095	0.0710021936944315	0.472903569695649	0.98142320767868	0.472903569695649	0.993695588454555	NA	"abundance"	46	46
"GLYOXYLATE-BYPASS: glyoxylate cycle"	"Age"	"Age"	"Age"	0.358588424939402	0.115099219485005	0.315542494131236	0.447149557878836	0.98142320767868	0.694356388646434	0.993695588454555	NA	"abundance"	46	35
"GLYOXYLATE-BYPASS: glyoxylate cycle"	"Location"	"Centre"	"LocationCentre"	0.469926031413465	-0.134762365173622	0.668044021221618	0.373975988132075	0.98142320767868	0.608093936564788	0.993695588454555	NA	"abundance"	46	35
"GOLPDLCAT-PWY: superpathway of glycerol degradation to 1,3-propanediol"	"Location"	"Centre"	"LocationCentre"	0.151835686195081	-0.134762365173622	0.447223073124248	0.527212191810852	0.98142320767868	0.623453170328513	0.993695588454555	NA	"abundance"	46	45
"GOLPDLCAT-PWY: superpathway of glycerol degradation to 1,3-propanediol"	"TimeNW"	"TimeNW"	"TimeNW"	0.122115741237592	-0.0144260567140095	0.21411864252017	0.540772060499698	0.98142320767868	0.789109699582307	0.993695588454555	NA	"abundance"	46	45
"HCAMHPDEG-PWY: 3-phenylpropanoate and 3-(3-hydroxyphenyl)propanoate degradation to 2-hydroxypentadienoate"	"FI"	"FI"	"FI"	-0.211832352844809	-0.0218447081487729	0.392869305056069	0.641945425672954	0.98142320767868	0.421491798149181	0.993695588454555	NA	"abundance"	46	14
"HEME-BIOSYNTHESIS-II-1: heme b biosynthesis V (aerobic)"	"Age"	"Age"	"Age"	0.3447373511674	0.115099219485005	0.387478442029259	0.558573207381545	0.98142320767868	0.602009045060835	0.993695588454555	NA	"abundance"	46	32
"HEME-BIOSYNTHESIS-II-1: heme b biosynthesis V (aerobic)"	"FI"	"FI"	"FI"	-0.261528134144989	-0.0218447081487729	0.347735809243808	0.497300974009733	0.98142320767868	0.570212027384017	0.993695588454555	NA	"abundance"	46	32
"HEME-BIOSYNTHESIS-II: heme b biosynthesis I (aerobic)"	"Location"	"Centre"	"LocationCentre"	-0.523988271544391	-0.134762365173622	0.501828240594041	0.444641207246546	0.98142320767868	0.691576611311427	0.993695588454555	NA	"abundance"	46	43
"HEMESYN2-PWY: heme b biosynthesis II (oxygen-independent)"	"Location"	"Centre"	"LocationCentre"	-0.347531060449405	-0.134762365173622	0.467546031300285	0.652827152068831	0.98142320767868	0.871787963252867	0.995987892264234	NA	"abundance"	46	45
"HEMESYN2-PWY: heme b biosynthesis II (oxygen-independent)"	"TimeNW"	"TimeNW"	"TimeNW"	0.107046799563192	-0.0144260567140095	0.228329388803037	0.608301061790217	0.98142320767868	0.846571941805329	0.993695588454555	NA	"abundance"	46	45
"HEXITOLDEGSUPER-PWY: superpathway of hexitol degradation (bacteria)"	"FI"	"FI"	"FI"	0.171445726189518	-0.0218447081487729	0.251850314657161	0.452664575396705	0.98142320767868	0.700423932974331	0.993695588454555	NA	"abundance"	46	27
"HISDEG-PWY: L-histidine degradation I"	"FI"	"FI"	"FI"	0.0333035258590304	-0.0218447081487729	0.117351592530671	0.64561020188642	0.98142320767868	0.64561020188642	0.993695588454555	NA	"abundance"	46	46
"HISDEG-PWY: L-histidine degradation I"	"Sex"	"Female"	"SexFemale"	0.0122719252081399	-0.0946946073416741	0.239125171775156	0.667119896186567	0.98142320767868	0.667119896186567	0.993695588454555	NA	"abundance"	46	46
"HISDEG-PWY: L-histidine degradation I"	"TimeNW"	"TimeNW"	"TimeNW"	0.042463276564699	-0.0144260567140095	0.122259155747866	0.675296911991585	0.98142320767868	0.675296911991585	0.993695588454555	NA	"abundance"	46	46
"HOMOSER-METSYN-PWY: L-methionine biosynthesis I"	"TimeNW"	"TimeNW"	"TimeNW"	-0.158899609773822	-0.0144260567140095	0.370573710615891	0.702655744900387	0.98142320767868	0.531603885260798	0.993695588454555	NA	"abundance"	46	34
"ILEUSYN-PWY: L-isoleucine biosynthesis I (from threonine)"	"FI"	"FI"	"FI"	0.00794431527195649	-0.0218447081487729	0.0259479542901068	0.387582905477956	0.98142320767868	0.387582905477956	0.980622710853004	NA	"abundance"	46	46
"ILEUSYN-PWY: L-isoleucine biosynthesis I (from threonine)"	"Location"	"Centre"	"LocationCentre"	-0.162332487791698	-0.134762365173622	0.0550861882308014	0.717818045531121	0.98142320767868	0.717818045531121	0.993695588454555	NA	"abundance"	46	46
"ILEUSYN-PWY: L-isoleucine biosynthesis I (from threonine)"	"Sex"	"Female"	"SexFemale"	-0.0397389688927953	-0.0946946073416741	0.05287366701235	0.499112337630676	0.98142320767868	0.499112337630676	0.993695588454555	NA	"abundance"	46	46
"KDO-NAGLIPASYN-PWY: superpathway of (Kdo)2-lipid A biosynthesis"	"Location"	"Centre"	"LocationCentre"	-0.56467544243806	-0.134762365173622	0.776462241425113	0.590242612052302	0.98142320767868	0.83209888302228	0.993695588454555	NA	"abundance"	46	18
"KETOGLUCONMET-PWY: ketogluconate metabolism"	"Location"	"Centre"	"LocationCentre"	-0.605137862420375	-0.134762365173622	0.76820366204445	0.547366423504613	0.98142320767868	0.378569836783483	0.980279247207519	NA	"abundance"	46	27
"KETOGLUCONMET-PWY: ketogluconate metabolism"	"TimeNW"	"TimeNW"	"TimeNW"	0.312134237878511	-0.0144260567140095	0.386444170085098	0.412366849090803	0.98142320767868	0.654687279952529	0.993695588454555	NA	"abundance"	46	27
"LACTOSECAT-PWY: lactose and galactose degradation I"	"TimeNW"	"TimeNW"	"TimeNW"	0.113198990685652	-0.0144260567140095	0.23295288412806	0.597314069151572	0.98142320767868	0.797060190322212	0.993695588454555	NA	"abundance"	46	44
"LIPASYN-PWY: phospholipases"	"Location"	"Centre"	"LocationCentre"	-2.0870824982211	-0.134762365173622	1.63934689582113	0.35591993235715	0.98142320767868	0.585160866465182	0.993695588454555	NA	"abundance"	46	8
"MET-SAM-PWY: superpathway of S-adenosyl-L-methionine biosynthesis"	"TimeNW"	"TimeNW"	"TimeNW"	-0.144427739229876	-0.0144260567140095	0.341570928598438	0.709985967950109	0.98142320767868	0.531603885260798	0.993695588454555	NA	"abundance"	46	34
"METH-ACETATE-PWY: methanogenesis from acetate"	"Location"	"Centre"	"LocationCentre"	-0.444264552844409	-0.134762365173622	0.418953096991402	0.467209069295432	0.98142320767868	0.716133824158961	0.993695588454555	NA	"abundance"	46	45
"METH-ACETATE-PWY: methanogenesis from acetate"	"Sex"	"Female"	"SexFemale"	0.217819882901885	-0.0946946073416741	0.402893223031952	0.446812059144448	0.98142320767868	0.693983102091994	0.993695588454555	NA	"abundance"	46	45
"METH-ACETATE-PWY: methanogenesis from acetate"	"TimeNW"	"TimeNW"	"TimeNW"	-0.133542120136724	-0.0144260567140095	0.205371249939728	0.579228004678203	0.98142320767868	0.822950927952914	0.993695588454555	NA	"abundance"	46	45
"METHANOGENESIS-PWY: methanogenesis from H2 and CO2"	"Sex"	"Female"	"SexFemale"	-0.596969024229582	-0.0946946073416741	0.640730656738954	0.478392938798399	0.98142320767868	0.727926073704629	0.993695588454555	NA	"abundance"	46	10
"NAD-BIOSYNTHESIS-II: NAD salvage pathway III (to nicotinamide riboside)"	"Age"	"Age"	"Age"	0.237326289849613	0.115099219485005	0.315565077546347	0.701539571728849	0.98142320767868	0.613395917252675	0.993695588454555	NA	"abundance"	46	34
"NAD-BIOSYNTHESIS-II: NAD salvage pathway III (to nicotinamide riboside)"	"Location"	"Centre"	"LocationCentre"	0.406423105388871	-0.134762365173622	0.692466518114137	0.441767538875672	0.98142320767868	0.688376519347076	0.993695588454555	NA	"abundance"	46	34
"NAGLIPASYN-PWY: lipid IVA biosynthesis (E. coli)"	"Age"	"Age"	"Age"	0.193285551516099	0.115099219485005	0.158736880927357	0.627454321497629	0.98142320767868	0.845635950940002	0.993695588454555	NA	"abundance"	46	44
"NAGLIPASYN-PWY: lipid IVA biosynthesis (E. coli)"	"TimeNW"	"TimeNW"	"TimeNW"	0.0979806708917049	-0.0144260567140095	0.157044578284932	0.504076646993405	0.98142320767868	0.754060027942696	0.993695588454555	NA	"abundance"	46	44
"NONMEVIPP-PWY: methylerythritol phosphate pathway I"	"FI"	"FI"	"FI"	-0.0462448795075186	-0.0218447081487729	0.0402042177945407	0.596428228302454	0.98142320767868	0.596428228302454	0.993695588454555	NA	"abundance"	46	46
"NONMEVIPP-PWY: methylerythritol phosphate pathway I"	"Location"	"Centre"	"LocationCentre"	-0.0525195978323971	-0.134762365173622	0.0853515111188014	0.415088063488994	0.98142320767868	0.415088063488994	0.992909460673586	NA	"abundance"	46	46
"NONMEVIPP-PWY: methylerythritol phosphate pathway I"	"TimeNW"	"TimeNW"	"TimeNW"	0.0440548258310071	-0.0144260567140095	0.0418855306439849	0.414715373890944	0.98142320767868	0.414715373890944	0.992909460673586	NA	"abundance"	46	46
"NONOXIPENT-PWY: pentose phosphate pathway (non-oxidative branch) I"	"FI"	"FI"	"FI"	0.0177920520501532	-0.0218447081487729	0.0697899300085324	0.589609809304495	0.98142320767868	0.589609809304495	0.993695588454555	NA	"abundance"	46	46
"NONOXIPENT-PWY: pentose phosphate pathway (non-oxidative branch) I"	"Sex"	"Female"	"SexFemale"	-0.00244729852332582	-0.0946946073416741	0.142209650858421	0.554681083449448	0.98142320767868	0.554681083449448	0.993695588454555	NA	"abundance"	46	46
"OANTIGEN-PWY: O-antigen building blocks biosynthesis (E. coli)"	"Age"	"Age"	"Age"	0.0359232530618779	0.115099219485005	0.0835573302563515	0.364641833156586	0.98142320767868	0.364641833156586	0.968877380286383	NA	"abundance"	46	46
"OANTIGEN-PWY: O-antigen building blocks biosynthesis (E. coli)"	"FI"	"FI"	"FI"	-0.0757702081500615	-0.0218447081487729	0.0810258005018833	0.522985217138758	0.98142320767868	0.522985217138758	0.993695588454555	NA	"abundance"	46	46
"OANTIGEN-PWY: O-antigen building blocks biosynthesis (E. coli)"	"Location"	"Centre"	"LocationCentre"	-0.199572826924874	-0.134762365173622	0.172013656571758	0.719629350162964	0.98142320767868	0.719629350162964	0.993695588454555	NA	"abundance"	46	46
"ORNDEG-PWY: superpathway of ornithine degradation"	"TimeNW"	"TimeNW"	"TimeNW"	-0.241897430551965	-0.0144260567140095	0.30574553969942	0.471913455716636	0.98142320767868	0.649392898923749	0.993695588454555	NA	"abundance"	46	28
"P105-PWY: TCA cycle IV (2-oxoglutarate decarboxylase)"	"Age"	"Age"	"Age"	0.263355689215499	0.115099219485005	0.288500887887877	0.611479330127961	0.98142320767868	0.733476669207297	0.993695588454555	NA	"abundance"	46	36
"P108-PWY: pyruvate fermentation to propanoate I"	"FI"	"FI"	"FI"	0.0945632181339675	-0.0218447081487729	0.232171624110057	0.623151612116047	0.98142320767868	0.857985292549265	0.993695588454555	NA	"abundance"	46	25
"P108-PWY: pyruvate fermentation to propanoate I"	"Location"	"Centre"	"LocationCentre"	0.0921500326050845	-0.134762365173622	0.575420681577413	0.698475809370487	0.98142320767868	0.909083162465217	0.998451798775976	NA	"abundance"	46	25
"P122-PWY: heterolactic fermentation"	"Age"	"Age"	"Age"	0.66196849767549	0.115099219485005	0.638227102485184	0.409936682358137	0.98142320767868	0.651825281173477	0.993695588454555	NA	"abundance"	46	17
"P124-PWY: Bifidobacterium shunt"	"Age"	"Age"	"Age"	-0.34769230984955	0.115099219485005	0.545227377592676	0.41115631957211	0.98142320767868	0.653263120020137	0.993695588454555	NA	"abundance"	46	19
"P124-PWY: Bifidobacterium shunt"	"TimeNW"	"TimeNW"	"TimeNW"	0.245448553723829	-0.0144260567140095	0.545550976348751	0.64336429872007	0.98142320767868	0.817172000321066	0.993695588454555	NA	"abundance"	46	19
"P125-PWY: superpathway of (R,R)-butanediol biosynthesis"	"Sex"	"Female"	"SexFemale"	-0.680448571879409	-0.0946946073416741	0.912455515240204	0.53259932532297	0.98142320767868	0.781536609311457	0.993695588454555	NA	"abundance"	46	19
"P161-PWY: acetylene degradation (anaerobic)"	"Age"	"Age"	"Age"	0.347374203584905	0.115099219485005	0.323753834001933	0.478435195172806	0.98142320767868	0.624085129904414	0.993695588454555	NA	"abundance"	46	42
"P161-PWY: acetylene degradation (anaerobic)"	"FI"	"FI"	"FI"	0.101513947698773	-0.0218447081487729	0.306027363232689	0.689816222230129	0.98142320767868	0.363316745117361	0.968877380286383	NA	"abundance"	46	42
"P161-PWY: acetylene degradation (anaerobic)"	"Location"	"Centre"	"LocationCentre"	0.268357456311602	-0.134762365173622	0.674088454803304	0.554026824799789	0.98142320767868	0.670944057499428	0.993695588454555	NA	"abundance"	46	42
"P161-PWY: acetylene degradation (anaerobic)"	"Sex"	"Female"	"SexFemale"	-0.358010268701696	-0.0946946073416741	0.635924584623306	0.682261743963352	0.98142320767868	0.899042400650789	0.998451798775976	NA	"abundance"	46	42
"P161-PWY: acetylene degradation (anaerobic)"	"TimeNW"	"TimeNW"	"TimeNW"	0.243252542743329	-0.0144260567140095	0.307259520651423	0.414848868032357	0.98142320767868	0.657598152756987	0.993695588454555	NA	"abundance"	46	42
"P164-PWY: purine nucleobases degradation I (anaerobic)"	"Age"	"Age"	"Age"	0.02900583945482	0.115099219485005	0.139790319557089	0.544598790198319	0.98142320767868	0.598780396350129	0.993695588454555	NA	"abundance"	46	44
"P164-PWY: purine nucleobases degradation I (anaerobic)"	"Location"	"Centre"	"LocationCentre"	0.0909364036143386	-0.134762365173622	0.291750590234052	0.44982409977717	0.98142320767868	0.697306478813998	0.993695588454555	NA	"abundance"	46	44
"P185-PWY: formaldehyde assimilation III (dihydroxyacetone cycle)"	"FI"	"FI"	"FI"	-0.222232924910494	-0.0218447081487729	0.250365998576287	0.430376547500124	0.98142320767868	0.669550486417935	0.993695588454555	NA	"abundance"	46	39
"P185-PWY: formaldehyde assimilation III (dihydroxyacetone cycle)"	"Sex"	"Female"	"SexFemale"	-0.351271284037789	-0.0946946073416741	0.530111795694923	0.633311814794141	0.98142320767868	0.865539774830434	0.993695588454555	NA	"abundance"	46	39
"P221-PWY: octane oxidation"	"Location"	"Centre"	"LocationCentre"	-1.1358496069771	-0.134762365173622	1.463844611068	0.507066464573349	0.98142320767868	0.757016529651782	0.993695588454555	NA	"abundance"	46	18
"P221-PWY: octane oxidation"	"Sex"	"Female"	"SexFemale"	-1.19510122418523	-0.0946946073416741	1.51566979133593	0.48199330044037	0.98142320767868	0.731669059211339	0.993695588454555	NA	"abundance"	46	18
"P23-PWY: reductive TCA cycle I"	"Sex"	"Female"	"SexFemale"	-0.653120403459912	-0.0946946073416741	1.07508254688553	0.613233876785548	0.98142320767868	0.116508938369946	0.816855125839389	NA	"abundance"	46	18
"P4-PWY: superpathway of L-lysine, L-threonine and L-methionine biosynthesis I"	"FI"	"FI"	"FI"	0.0959142532328716	-0.0218447081487729	0.2606331375499	0.655946731131088	0.98142320767868	0.881627348180616	0.996959287214095	NA	"abundance"	46	31
"P41-PWY: pyruvate fermentation to acetate and (S)-lactate I"	"Age"	"Age"	"Age"	0.0496853143569991	0.115099219485005	0.104904178513669	0.54459669373627	0.98142320767868	0.54459669373627	0.993695588454555	NA	"abundance"	46	46
"P41-PWY: pyruvate fermentation to acetate and (S)-lactate I"	"FI"	"FI"	"FI"	-0.0977054033843845	-0.0218447081487729	0.101725905004203	0.469276869538348	0.98142320767868	0.469276869538348	0.993695588454555	NA	"abundance"	46	46
"P41-PWY: pyruvate fermentation to acetate and (S)-lactate I"	"Location"	"Centre"	"LocationCentre"	-0.222360737106101	-0.134762365173622	0.215958926409343	0.694478546687577	0.98142320767868	0.694478546687577	0.993695588454555	NA	"abundance"	46	46
"P441-PWY: superpathway of N-acetylneuraminate degradation"	"Location"	"Centre"	"LocationCentre"	-0.00194057713227198	-0.134762365173622	0.292140574502926	0.657100343251797	0.98142320767868	0.663106982469108	0.993695588454555	NA	"abundance"	46	45
"P441-PWY: superpathway of N-acetylneuraminate degradation"	"Sex"	"Female"	"SexFemale"	0.117616280637864	-0.0946946073416741	0.27686185446484	0.45815840333946	0.98142320767868	0.706407684128357	0.993695588454555	NA	"abundance"	46	45
"P441-PWY: superpathway of N-acetylneuraminate degradation"	"TimeNW"	"TimeNW"	"TimeNW"	0.0642782222702614	-0.0144260567140095	0.140428788875396	0.606059643751659	0.98142320767868	0.84481099571893	0.993695588454555	NA	"abundance"	46	45
"P461-PWY: hexitol fermentation to lactate, formate, ethanol and acetate"	"FI"	"FI"	"FI"	0.0804043107503263	-0.0218447081487729	0.190825698394181	0.597147708268351	0.98142320767868	0.837710031046558	0.993695588454555	NA	"abundance"	46	44
"P621-PWY: nylon-6 oligomer degradation"	"FI"	"FI"	"FI"	-0.506592097901771	-0.0218447081487729	0.98296371691808	0.642781413354182	0.98142320767868	0.536476549184012	0.993695588454555	NA	"abundance"	46	11
"P621-PWY: nylon-6 oligomer degradation"	"Location"	"Centre"	"LocationCentre"	0.755301458217081	-0.134762365173622	1.60875394645039	0.603884131682187	0.98142320767868	0.257492505707629	0.954417715573453	NA	"abundance"	46	11
"PANTO-PWY: phosphopantothenate biosynthesis I"	"FI"	"FI"	"FI"	0.00464221537992704	-0.0218447081487729	0.0420108694130782	0.578709221115957	0.98142320767868	0.578709221115957	0.993695588454555	NA	"abundance"	46	46
"PANTO-PWY: phosphopantothenate biosynthesis I"	"TimeNW"	"TimeNW"	"TimeNW"	0.021694231893675	-0.0144260567140095	0.0437677351957057	0.617967720680559	0.98142320767868	0.617967720680559	0.993695588454555	NA	"abundance"	46	46
"PANTOSYN-PWY: superpathway of coenzyme A biosynthesis I (bacteria)"	"TimeNW"	"TimeNW"	"TimeNW"	0.0192677137259798	-0.0144260567140095	0.0438562684983919	0.641729086899827	0.98142320767868	0.641729086899827	0.993695588454555	NA	"abundance"	46	46
"PENTOSE-P-PWY: pentose phosphate pathway"	"Location"	"Centre"	"LocationCentre"	-0.0449007099631153	-0.134762365173622	0.112766144429793	0.472882741566796	0.98142320767868	0.472882741566796	0.993695588454555	NA	"abundance"	46	46
"PENTOSE-P-PWY: pentose phosphate pathway"	"Sex"	"Female"	"SexFemale"	-0.030998771878362	-0.0946946073416741	0.108236924033774	0.610046950339258	0.98142320767868	0.610046950339258	0.993695588454555	NA	"abundance"	46	46
"PEPTIDOGLYCANSYN-PWY: peptidoglycan biosynthesis I (meso-diaminopimelate containing)"	"FI"	"FI"	"FI"	-0.0561255873398752	-0.0218447081487729	0.0380366074657198	0.440165119966275	0.98142320767868	0.440165119966275	0.993695588454555	NA	"abundance"	46	46
"PEPTIDOGLYCANSYN-PWY: peptidoglycan biosynthesis I (meso-diaminopimelate containing)"	"Location"	"Centre"	"LocationCentre"	-0.0595747031668771	-0.134762365173622	0.0807497845530205	0.437523337085019	0.98142320767868	0.437523337085019	0.993695588454555	NA	"abundance"	46	46
"PEPTIDOGLYCANSYN-PWY: peptidoglycan biosynthesis I (meso-diaminopimelate containing)"	"TimeNW"	"TimeNW"	"TimeNW"	0.0365328611829775	-0.0144260567140095	0.039627272335963	0.467824787224008	0.98142320767868	0.467824787224008	0.993695588454555	NA	"abundance"	46	46
"PHOSLIPSYN-PWY: superpathway of phospholipid biosynthesis I (bacteria)"	"Age"	"Age"	"Age"	0.046276540570315	0.115099219485005	0.135757249098257	0.618788783521623	0.98142320767868	0.618788783521623	0.993695588454555	NA	"abundance"	46	46
"PHOSLIPSYN-PWY: superpathway of phospholipid biosynthesis I (bacteria)"	"FI"	"FI"	"FI"	0.0562139398667231	-0.0218447081487729	0.131644222575957	0.561181075117467	0.98142320767868	0.561181075117467	0.993695588454555	NA	"abundance"	46	46
"PHOSLIPSYN-PWY: superpathway of phospholipid biosynthesis I (bacteria)"	"Sex"	"Female"	"SexFemale"	0.0126337827171765	-0.0946946073416741	0.268248999931169	0.6986603429825	0.98142320767868	0.6986603429825	0.993695588454555	NA	"abundance"	46	46
"POLYAMINSYN3-PWY: superpathway of polyamine biosynthesis II"	"Age"	"Age"	"Age"	0.00814440147497971	0.115099219485005	0.254038238469975	0.678416199765828	0.98142320767868	0.0570988627859346	0.686415561393386	NA	"abundance"	46	31
"POLYAMINSYN3-PWY: superpathway of polyamine biosynthesis II"	"TimeNW"	"TimeNW"	"TimeNW"	0.101677818343565	-0.0144260567140095	0.214775430001216	0.605261562312575	0.98142320767868	0.259565878776915	0.954417715573453	NA	"abundance"	46	31
"POLYAMSYN-PWY: superpathway of polyamine biosynthesis I"	"FI"	"FI"	"FI"	0.141280899847734	-0.0218447081487729	0.190387146043526	0.399790931566457	0.98142320767868	0.639749074170138	0.993695588454555	NA	"abundance"	46	44
"POLYAMSYN-PWY: superpathway of polyamine biosynthesis I"	"Location"	"Centre"	"LocationCentre"	-0.36630501837523	-0.134762365173622	0.406403692347769	0.574539029231106	0.98142320767868	0.81898296235239	0.993695588454555	NA	"abundance"	46	44
"POLYAMSYN-PWY: superpathway of polyamine biosynthesis I"	"TimeNW"	"TimeNW"	"TimeNW"	0.112743390094436	-0.0144260567140095	0.19606508269173	0.53680299454568	0.98142320767868	0.785448534138151	0.993695588454555	NA	"abundance"	46	44
"POLYISOPRENSYN-PWY: polyisoprenoid biosynthesis (E. coli)"	"Location"	"Centre"	"LocationCentre"	0.0928164707177772	-0.134762365173622	0.307550276352319	0.468921764364612	0.98142320767868	0.717955907634403	0.993695588454555	NA	"abundance"	46	44
"POLYISOPRENSYN-PWY: polyisoprenoid biosynthesis (E. coli)"	"TimeNW"	"TimeNW"	"TimeNW"	0.0669864299957817	-0.0144260567140095	0.150843926121245	0.616372400139814	0.98142320767868	0.681747711371699	0.993695588454555	NA	"abundance"	46	44
"PPGPPMET-PWY: ppGpp metabolism"	"Age"	"Age"	"Age"	-0.060292007591364	0.115099219485005	0.277107273750674	0.531749780972453	0.98142320767868	0.718943039996075	0.993695588454555	NA	"abundance"	46	39
"PPGPPMET-PWY: ppGpp metabolism"	"Location"	"Centre"	"LocationCentre"	0.0888474752643444	-0.134762365173622	0.570147479336406	0.698234016900154	0.98142320767868	0.908937291443784	0.998451798775976	NA	"abundance"	46	39
"PPGPPMET-PWY: ppGpp metabolism"	"TimeNW"	"TimeNW"	"TimeNW"	0.122564926076256	-0.0144260567140095	0.268393898569209	0.620541068690025	0.98142320767868	0.769269338804457	0.993695588454555	NA	"abundance"	46	39
"PROPFERM-PWY: superpathway of L-alanine fermentation (Stickland reaction)"	"Sex"	"Female"	"SexFemale"	0.708365199373268	-0.0946946073416741	0.569137348103618	0.39402695060684	0.98142320767868	0.632796663409155	0.993695588454555	NA	"abundance"	46	7
"PRPP-PWY: superpathway of histidine, purine, and pyrimidine biosynthesis"	"Age"	"Age"	"Age"	0.267113852006916	0.115099219485005	0.187135746423173	0.434154010629168	0.98142320767868	0.160128744749347	0.897061821880354	NA	"abundance"	46	19
"PRPP-PWY: superpathway of histidine, purine, and pyrimidine biosynthesis"	"FI"	"FI"	"FI"	0.133514928110059	-0.0218447081487729	0.2086307645204	0.471434751254835	0.98142320767868	0.720618777818962	0.993695588454555	NA	"abundance"	46	19
"PWY-1042: glycolysis IV"	"Location"	"Centre"	"LocationCentre"	-0.0534416221589374	-0.134762365173622	0.0821007482227235	0.406770495174002	0.98142320767868	0.406770495174002	0.990896575658083	NA	"abundance"	46	46
"PWY-1269: CMP-3-deoxy-D-manno-octulosonate biosynthesis"	"Sex"	"Female"	"SexFemale"	-0.210980895359649	-0.0946946073416741	0.23314104055211	0.631180587741073	0.98142320767868	0.631180587741073	0.993695588454555	NA	"abundance"	46	46
"PWY-1269: CMP-3-deoxy-D-manno-octulosonate biosynthesis"	"TimeNW"	"TimeNW"	"TimeNW"	0.0666408928767239	-0.0144260567140095	0.119199608207208	0.54229058099002	0.98142320767868	0.54229058099002	0.993695588454555	NA	"abundance"	46	46
"PWY-1861: formaldehyde assimilation II (assimilatory RuMP Cycle)"	"Location"	"Centre"	"LocationCentre"	0.0497236604210754	-0.134762365173622	0.360770284538136	0.614711686626359	0.98142320767868	0.488338788550793	0.993695588454555	NA	"abundance"	46	43
"PWY-1861: formaldehyde assimilation II (assimilatory RuMP Cycle)"	"Sex"	"Female"	"SexFemale"	-0.300387505477422	-0.0946946073416741	0.358594365196997	0.574538293279723	0.98142320767868	0.220317785851844	0.931415651367086	NA	"abundance"	46	43
"PWY-1861: formaldehyde assimilation II (assimilatory RuMP Cycle)"	"TimeNW"	"TimeNW"	"TimeNW"	0.0605752434538874	-0.0144260567140095	0.187116749210144	0.703022190635529	0.98142320767868	0.60133533339521	0.993695588454555	NA	"abundance"	46	43
"PWY-241: C4 photosynthetic carbon assimilation cycle, NADP-ME type"	"Age"	"Age"	"Age"	0.318740882146378	0.115099219485005	0.22321335230699	0.368653451610344	0.98142320767868	0.601401535836468	0.993695588454555	NA	"abundance"	46	44
"PWY-241: C4 photosynthetic carbon assimilation cycle, NADP-ME type"	"FI"	"FI"	"FI"	-0.145579238584271	-0.0218447081487729	0.225047911974528	0.587027582466774	0.98142320767868	0.661945642355818	0.993695588454555	NA	"abundance"	46	44
"PWY-2941: L-lysine biosynthesis II"	"FI"	"FI"	"FI"	-0.0757770854537761	-0.0218447081487729	0.137868812957374	0.701020457299268	0.98142320767868	0.701020457299268	0.993695588454555	NA	"abundance"	46	46
"PWY-3001: superpathway of L-isoleucine biosynthesis I"	"FI"	"FI"	"FI"	-0.0405999952672998	-0.0218447081487729	0.0315852266810645	0.630186594406183	0.98142320767868	0.630186594406183	0.993695588454555	NA	"abundance"	46	46
"PWY-3001: superpathway of L-isoleucine biosynthesis I"	"Location"	"Centre"	"LocationCentre"	-0.18529931742212	-0.134762365173622	0.0670538310193118	0.555428118076864	0.98142320767868	0.555428118076864	0.993695588454555	NA	"abundance"	46	46
"PWY-3001: superpathway of L-isoleucine biosynthesis I"	"Sex"	"Female"	"SexFemale"	-0.0490106783212101	-0.0946946073416741	0.0643606328025994	0.607483620971395	0.98142320767868	0.607483620971395	0.993695588454555	NA	"abundance"	46	46
"PWY-3001: superpathway of L-isoleucine biosynthesis I"	"TimeNW"	"TimeNW"	"TimeNW"	0.0199696169457789	-0.0144260567140095	0.0329060992259022	0.604197530758486	0.98142320767868	0.604197530758486	0.993695588454555	NA	"abundance"	46	46
"PWY-3841: folate transformations II (plants)"	"TimeNW"	"TimeNW"	"TimeNW"	0.0405891986399439	-0.0144260567140095	0.0434372825651801	0.447596598789067	0.98142320767868	0.447596598789067	0.993695588454555	NA	"abundance"	46	46
"PWY-4041: &gamma;-glutamyl cycle"	"FI"	"FI"	"FI"	-0.0968358256210059	-0.0218447081487729	0.165962425203977	0.656197319610927	0.98142320767868	0.656197319610927	0.993695588454555	NA	"abundance"	46	46
"PWY-4041: &gamma;-glutamyl cycle"	"Sex"	"Female"	"SexFemale"	0.14219485721716	-0.0946946073416741	0.338178567323237	0.493948110833961	0.98142320767868	0.493948110833961	0.993695588454555	NA	"abundance"	46	46
"PWY-4984: urea cycle"	"FI"	"FI"	"FI"	0.0834453846234843	-0.0218447081487729	0.125219284724091	0.411803421115136	0.98142320767868	0.411803421115136	0.992909460673586	NA	"abundance"	46	46
"PWY-4984: urea cycle"	"Sex"	"Female"	"SexFemale"	-0.297292440296278	-0.0946946073416741	0.25515702278505	0.443364828786439	0.98142320767868	0.443364828786439	0.993695588454555	NA	"abundance"	46	46
"PWY-5005: biotin biosynthesis II"	"Sex"	"Female"	"SexFemale"	-0.315106922750479	-0.0946946073416741	0.418706386212311	0.605817669240484	0.98142320767868	0.806654970766258	0.993695588454555	NA	"abundance"	46	35
"PWY-5022: 4-aminobutanoate degradation V"	"TimeNW"	"TimeNW"	"TimeNW"	-0.149673999249135	-0.0144260567140095	0.178757154420084	0.476438598205561	0.98142320767868	0.725883458551042	0.993695588454555	NA	"abundance"	46	34
"PWY-5097: L-lysine biosynthesis VI"	"Location"	"Centre"	"LocationCentre"	-0.055753210247571	-0.134762365173622	0.0738931900635906	0.386881727746719	0.98142320767868	0.386881727746719	0.980622710853004	NA	"abundance"	46	46
"PWY-5097: L-lysine biosynthesis VI"	"Sex"	"Female"	"SexFemale"	-0.0131939742528644	-0.0946946073416741	0.0709252909192578	0.386918403380115	0.98142320767868	0.386918403380115	0.980622710853004	NA	"abundance"	46	46
"PWY-5100: pyruvate fermentation to acetate and lactate II"	"Age"	"Age"	"Age"	0.072340319509203	0.115099219485005	0.0915250155542787	0.651132392166162	0.98142320767868	0.651132392166162	0.993695588454555	NA	"abundance"	46	46
"PWY-5103: L-isoleucine biosynthesis III"	"Sex"	"Female"	"SexFemale"	-0.0276587933341369	-0.0946946073416741	0.062448972216728	0.445707664879075	0.98142320767868	0.445707664879075	0.993695588454555	NA	"abundance"	46	46
"PWY-5104: L-isoleucine biosynthesis IV"	"FI"	"FI"	"FI"	0.203670313542237	-0.0218447081487729	0.269684130151359	0.413529441892299	0.98142320767868	0.656052284472842	0.993695588454555	NA	"abundance"	46	27
"PWY-5121: superpathway of geranylgeranyl diphosphate biosynthesis II (via MEP)"	"Age"	"Age"	"Age"	0.00400275833492829	0.115099219485005	0.177756843401188	0.538571910284884	0.98142320767868	0.787084118021859	0.993695588454555	NA	"abundance"	46	45
"PWY-5121: superpathway of geranylgeranyl diphosphate biosynthesis II (via MEP)"	"Sex"	"Female"	"SexFemale"	-0.231588490402384	-0.0946946073416741	0.352898423717693	0.703959813909862	0.98142320767868	0.885605513474405	0.998451798775976	NA	"abundance"	46	45
"PWY-5121: superpathway of geranylgeranyl diphosphate biosynthesis II (via MEP)"	"TimeNW"	"TimeNW"	"TimeNW"	0.110046955100872	-0.0144260567140095	0.180517685028067	0.514334321027895	0.98142320767868	0.764128848268565	0.993695588454555	NA	"abundance"	46	45
"PWY-5130: 2-oxobutanoate degradation I"	"FI"	"FI"	"FI"	-0.187247433352936	-0.0218447081487729	0.191097810805873	0.394830704851962	0.98142320767868	0.542970824217423	0.993695588454555	NA	"abundance"	46	43
"PWY-5136: fatty acid &beta;-oxidation II (plant peroxisome)"	"Location"	"Centre"	"LocationCentre"	-0.375299564492524	-0.134762365173622	0.420994963106545	0.573588735379234	0.98142320767868	0.818173433404519	0.993695588454555	NA	"abundance"	46	41
"PWY-5136: fatty acid &beta;-oxidation II (plant peroxisome)"	"Sex"	"Female"	"SexFemale"	-0.298235720543917	-0.0946946073416741	0.398353168657846	0.616053932088479	0.98142320767868	0.637426978757109	0.993695588454555	NA	"abundance"	46	41
"PWY-5138: fatty acid &beta;-oxidation IV (unsaturated, even number)"	"Location"	"Centre"	"LocationCentre"	-0.730845283274743	-0.134762365173622	0.706083338549641	0.411218053766467	0.98142320767868	0.653335819789454	0.993695588454555	NA	"abundance"	46	23
"PWY-5154: L-arginine biosynthesis III (via N-acetyl-L-citrulline)"	"TimeNW"	"TimeNW"	"TimeNW"	0.03155833265444	-0.0144260567140095	0.0500798341232459	0.547338734448081	0.98142320767868	0.547338734448081	0.993695588454555	NA	"abundance"	46	46
"PWY-5189: tetrapyrrole biosynthesis II (from glycine)"	"FI"	"FI"	"FI"	0.202596214167755	-0.0218447081487729	0.313478230243097	0.480379226168458	0.98142320767868	0.729994251402709	0.993695588454555	NA	"abundance"	46	35
"PWY-5189: tetrapyrrole biosynthesis II (from glycine)"	"Sex"	"Female"	"SexFemale"	-0.486049908205622	-0.0946946073416741	0.698576295871	0.580645475596018	0.98142320767868	0.363098078357907	0.968877380286383	NA	"abundance"	46	35
"PWY-5198: factor 420 biosynthesis II (mycobacteria)"	"Age"	"Age"	"Age"	-0.179119971228273	0.115099219485005	0.40988691715185	0.499946455781365	0.98142320767868	0.749946452914382	0.993695588454555	NA	"abundance"	46	12
"PWY-5198: factor 420 biosynthesis II (mycobacteria)"	"Sex"	"Female"	"SexFemale"	-0.824175010090342	-0.0946946073416741	1.07661440815159	0.523699178170305	0.98142320767868	0.773137527124357	0.993695588454555	NA	"abundance"	46	12
"PWY-5209: methyl-coenzyme M oxidation to CO2"	"Sex"	"Female"	"SexFemale"	-0.594994200714775	-0.0946946073416741	0.766749593145806	0.550467396165784	0.98142320767868	0.79792043809003	0.993695588454555	NA	"abundance"	46	10
"PWY-5265: peptidoglycan biosynthesis II (staphylococci)"	"FI"	"FI"	"FI"	-0.350637376358143	-0.0218447081487729	0.357860066742305	0.394274614530063	0.98142320767868	0.633096757397296	0.993695588454555	NA	"abundance"	46	12
"PWY-5265: peptidoglycan biosynthesis II (staphylococci)"	"TimeNW"	"TimeNW"	"TimeNW"	-0.249140317565943	-0.0144260567140095	0.403992250977693	0.585752472723	0.98142320767868	0.828398986144891	0.993695588454555	NA	"abundance"	46	12
"PWY-5345: superpathway of L-methionine biosynthesis (by sulfhydrylation)"	"Age"	"Age"	"Age"	0.0148531071804182	0.115099219485005	0.219913186814449	0.652358926105843	0.98142320767868	0.805443852167025	0.993695588454555	NA	"abundance"	46	38
"PWY-5345: superpathway of L-methionine biosynthesis (by sulfhydrylation)"	"FI"	"FI"	"FI"	0.0572789902858651	-0.0218447081487729	0.200549189374644	0.697238414919131	0.98142320767868	0.788331558721176	0.993695588454555	NA	"abundance"	46	38
"PWY-5345: superpathway of L-methionine biosynthesis (by sulfhydrylation)"	"TimeNW"	"TimeNW"	"TimeNW"	-0.117087701009684	-0.0144260567140095	0.220624371658499	0.654860158200563	0.98142320767868	0.88087848960266	0.996959287214095	NA	"abundance"	46	38
"PWY-5384: sucrose degradation IV (sucrose phosphorylase)"	"Age"	"Age"	"Age"	0.220721035653424	0.115099219485005	0.132766166833773	0.43612417759011	0.98142320767868	0.43612417759011	0.993695588454555	NA	"abundance"	46	46
"PWY-5484: glycolysis II (from fructose 6-phosphate)"	"Age"	"Age"	"Age"	0.0694045858195075	0.115099219485005	0.0705463737451693	0.539297534481936	0.98142320767868	0.539297534481936	0.993695588454555	NA	"abundance"	46	46
"PWY-5484: glycolysis II (from fructose 6-phosphate)"	"FI"	"FI"	"FI"	0.0124247207536536	-0.0218447081487729	0.0684090358999099	0.63541231000433	0.98142320767868	0.63541231000433	0.993695588454555	NA	"abundance"	46	46
"PWY-5484: glycolysis II (from fructose 6-phosphate)"	"Sex"	"Female"	"SexFemale"	-0.000979678460925059	-0.0946946073416741	0.139395828448288	0.541448532187106	0.98142320767868	0.541448532187106	0.993695588454555	NA	"abundance"	46	46
"PWY-5484: glycolysis II (from fructose 6-phosphate)"	"TimeNW"	"TimeNW"	"TimeNW"	0.0598398577472902	-0.0144260567140095	0.0712698549230382	0.420185696080995	0.98142320767868	0.420185696080995	0.993695588454555	NA	"abundance"	46	46
"PWY-5494: pyruvate fermentation to propanoate II (acrylate pathway)"	"Location"	"Centre"	"LocationCentre"	0.530917118732369	-0.134762365173622	0.55889985588023	0.356987779985546	0.98142320767868	0.156584491212289	0.897061821880354	NA	"abundance"	46	8
"PWY-5497: purine nucleobases degradation II (anaerobic)"	"Age"	"Age"	"Age"	0.214530246776751	0.115099219485005	0.115399296521914	0.402303673417624	0.98142320767868	0.642759101189934	0.993695588454555	NA	"abundance"	46	45
"PWY-5497: purine nucleobases degradation II (anaerobic)"	"FI"	"FI"	"FI"	0.0716745853995809	-0.0218447081487729	0.112249342208615	0.417783109530613	0.98142320767868	0.661023492452158	0.993695588454555	NA	"abundance"	46	45
"PWY-561: superpathway of glyoxylate cycle and fatty acid degradation"	"FI"	"FI"	"FI"	-0.223103336051936	-0.0218447081487729	0.244824083659455	0.421740604658202	0.98142320767868	0.665616071698939	0.993695588454555	NA	"abundance"	46	27
"PWY-5659: GDP-mannose biosynthesis"	"Age"	"Age"	"Age"	0.0839084234764291	0.115099219485005	0.077811204769079	0.700666499151493	0.98142320767868	0.700666499151493	0.993695588454555	NA	"abundance"	46	46
"PWY-5659: GDP-mannose biosynthesis"	"Location"	"Centre"	"LocationCentre"	-0.242672067477424	-0.134762365173622	0.160184508211542	0.524400774085644	0.98142320767868	0.524400774085644	0.993695588454555	NA	"abundance"	46	46
"PWY-5659: GDP-mannose biosynthesis"	"Sex"	"Female"	"SexFemale"	-0.156349123438408	-0.0946946073416741	0.153750742604085	0.710127698880366	0.98142320767868	0.710127698880366	0.993695588454555	NA	"abundance"	46	46
"PWY-5659: GDP-mannose biosynthesis"	"TimeNW"	"TimeNW"	"TimeNW"	-0.0565062842777381	-0.0144260567140095	0.0786091896843786	0.666641324060856	0.98142320767868	0.666641324060856	0.993695588454555	NA	"abundance"	46	46
"PWY-5675: nitrate reduction V (assimilatory)"	"Sex"	"Female"	"SexFemale"	0.503032723258183	-0.0946946073416741	0.774962393711848	0.448746157580546	0.98142320767868	0.696119201217787	0.993695588454555	NA	"abundance"	46	31
"PWY-5676: acetyl-CoA fermentation to butanoate II"	"Age"	"Age"	"Age"	-0.00461262533004235	0.115099219485005	0.137939390271523	0.398223658267674	0.98142320767868	0.637865234531259	0.993695588454555	NA	"abundance"	46	45
"PWY-5676: acetyl-CoA fermentation to butanoate II"	"FI"	"FI"	"FI"	0.101134118450768	-0.0218447081487729	0.131597350818748	0.361859293582265	0.98142320767868	0.592776438812674	0.993695588454555	NA	"abundance"	46	45
"PWY-5677: succinate fermentation to butanoate"	"FI"	"FI"	"FI"	-0.443983698196503	-0.0218447081487729	0.648546837409739	0.535903773067071	0.98142320767868	0.784614692146619	0.993695588454555	NA	"abundance"	46	13
"PWY-5677: succinate fermentation to butanoate"	"Location"	"Centre"	"LocationCentre"	0.6915103394148	-0.134762365173622	1.10393503799185	0.478776627944494	0.98142320767868	0.728326196423087	0.993695588454555	NA	"abundance"	46	13
"PWY-5677: succinate fermentation to butanoate"	"Sex"	"Female"	"SexFemale"	0.680189314904425	-0.0946946073416741	0.962860924930118	0.447874881120037	0.98142320767868	0.431069653149161	0.993695588454555	NA	"abundance"	46	13
"PWY-5686: UMP biosynthesis I"	"FI"	"FI"	"FI"	-0.0544562201062415	-0.0218447081487729	0.045175161027413	0.520328041407384	0.98142320767868	0.520328041407384	0.993695588454555	NA	"abundance"	46	46
"PWY-5686: UMP biosynthesis I"	"TimeNW"	"TimeNW"	"TimeNW"	0.0133487896019186	-0.0144260567140095	0.047064355317904	0.709256427722647	0.98142320767868	0.709256427722647	0.993695588454555	NA	"abundance"	46	46
"PWY-5690: TCA cycle II (plants and fungi)"	"FI"	"FI"	"FI"	-0.210012984959401	-0.0218447081487729	0.353744315255113	0.601682421845359	0.98142320767868	0.399967550100555	0.98522843796502	NA	"abundance"	46	24
"PWY-5690: TCA cycle II (plants and fungi)"	"TimeNW"	"TimeNW"	"TimeNW"	0.260851263125532	-0.0144260567140095	0.292927446046779	0.368196952636993	0.98142320767868	0.279418073045424	0.954417715573453	NA	"abundance"	46	24
"PWY-5692: allantoin degradation to glyoxylate II"	"Age"	"Age"	"Age"	1.20187458515527	0.115099219485005	1.38405955696706	0.576120826344223	0.98142320767868	0.351268806437833	0.968877380286383	NA	"abundance"	46	7
"PWY-5692: allantoin degradation to glyoxylate II"	"FI"	"FI"	"FI"	0.749309861748109	-0.0218447081487729	1.44414219996854	0.687717509940663	0.98142320767868	0.447631244973246	0.993695588454555	NA	"abundance"	46	7
"PWY-5692: allantoin degradation to glyoxylate II"	"TimeNW"	"TimeNW"	"TimeNW"	5.71006516499277	-0.0144260567140095	6.69554431993965	0.549664678267652	0.98142320767868	0.755597074232174	0.993695588454555	NA	"abundance"	46	7
"PWY-5695: inosine 5'-phosphate degradation"	"TimeNW"	"TimeNW"	"TimeNW"	0.0104490241809342	-0.0144260567140095	0.0256306433319209	0.693401691015222	0.98142320767868	0.693401691015222	0.993695588454555	NA	"abundance"	46	46
"PWY-5705: allantoin degradation to glyoxylate III"	"FI"	"FI"	"FI"	0.275534317732765	-0.0218447081487729	0.706119903197088	0.686280351599609	0.98142320767868	0.523279310393965	0.993695588454555	NA	"abundance"	46	13
"PWY-5705: allantoin degradation to glyoxylate III"	"TimeNW"	"TimeNW"	"TimeNW"	-0.955181144698761	-0.0144260567140095	1.62561344632862	0.581081838920666	0.98142320767868	0.601684602824314	0.993695588454555	NA	"abundance"	46	13
"PWY-5723: Rubisco shunt"	"FI"	"FI"	"FI"	0.102843568970777	-0.0218447081487729	0.3077017151547	0.689124779196092	0.98142320767868	0.903356597090122	0.998451798775976	NA	"abundance"	46	31
"PWY-5723: Rubisco shunt"	"Location"	"Centre"	"LocationCentre"	-0.802561508252254	-0.134762365173622	0.748388768862615	0.381497410141988	0.98142320767868	0.617454546338932	0.993695588454555	NA	"abundance"	46	31
"PWY-5723: Rubisco shunt"	"TimeNW"	"TimeNW"	"TimeNW"	-0.244998334800309	-0.0144260567140095	0.319861168015987	0.484171157238076	0.98142320767868	0.491331906183675	0.993695588454555	NA	"abundance"	46	31
"PWY-5837: 2-carboxy-1,4-naphthoquinol biosynthesis"	"FI"	"FI"	"FI"	-0.104170275541322	-0.0218447081487729	0.192227446690748	0.672820588579773	0.98142320767868	0.892953632742714	0.998451798775976	NA	"abundance"	46	40
"PWY-5837: 2-carboxy-1,4-naphthoquinol biosynthesis"	"TimeNW"	"TimeNW"	"TimeNW"	-0.139431867518276	-0.0144260567140095	0.189573089283707	0.531462585084695	0.98142320767868	0.510410336236614	0.993695588454555	NA	"abundance"	46	40
"PWY-5838: superpathway of menaquinol-8 biosynthesis I"	"Sex"	"Female"	"SexFemale"	-0.209974845426572	-0.0946946073416741	0.30874156152978	0.715973440471567	0.98142320767868	0.919328913482442	0.998451798775976	NA	"abundance"	46	40
"PWY-5838: superpathway of menaquinol-8 biosynthesis I"	"TimeNW"	"TimeNW"	"TimeNW"	-0.0917698387006091	-0.0144260567140095	0.151787612601447	0.635940252506976	0.98142320767868	0.510410336236614	0.993695588454555	NA	"abundance"	46	40
"PWY-5840: superpathway of menaquinol-7 biosynthesis"	"Age"	"Age"	"Age"	0.266253846323867	0.115099219485005	0.2199637378155	0.49955083672171	0.98142320767868	0.0403951652008163	0.673791355549616	NA	"abundance"	46	31
"PWY-5840: superpathway of menaquinol-7 biosynthesis"	"Sex"	"Female"	"SexFemale"	-0.270808318374736	-0.0946946073416741	0.401587509009246	0.667718671844032	0.98142320767868	0.684814556208567	0.993695588454555	NA	"abundance"	46	31
"PWY-5850: superpathway of menaquinol-6 biosynthesis"	"TimeNW"	"TimeNW"	"TimeNW"	-0.251628252510464	-0.0144260567140095	0.28502615392299	0.424661803605436	0.98142320767868	0.668985959769451	0.993695588454555	NA	"abundance"	46	24
"PWY-5855: ubiquinol-7 biosynthesis (early decarboxylation)"	"Location"	"Centre"	"LocationCentre"	-0.844085177408707	-0.134762365173622	1.02697436916694	0.497980025760677	0.98142320767868	0.401179349559857	0.98522843796502	NA	"abundance"	46	26
"PWY-5855: ubiquinol-7 biosynthesis (early decarboxylation)"	"TimeNW"	"TimeNW"	"TimeNW"	-0.270043430098019	-0.0144260567140095	0.474355509194727	0.598220894836385	0.98142320767868	0.371134870624914	0.975808581655669	NA	"abundance"	46	26
"PWY-5860: superpathway of demethylmenaquinol-6 biosynthesis I"	"TimeNW"	"TimeNW"	"TimeNW"	-0.263816324319798	-0.0144260567140095	0.310403593705829	0.439468260502703	0.98142320767868	0.685804169016134	0.993695588454555	NA	"abundance"	46	24
"PWY-5861: superpathway of demethylmenaquinol-8 biosynthesis I"	"Sex"	"Female"	"SexFemale"	-0.236217951479062	-0.0946946073416741	0.333899204777142	0.678749206650865	0.98142320767868	0.896797927772552	0.998451798775976	NA	"abundance"	46	40
"PWY-5861: superpathway of demethylmenaquinol-8 biosynthesis I"	"TimeNW"	"TimeNW"	"TimeNW"	-0.0993491260533092	-0.0144260567140095	0.164155946130225	0.627702458101228	0.98142320767868	0.510410336236614	0.993695588454555	NA	"abundance"	46	40
"PWY-5896: superpathway of menaquinol-10 biosynthesis"	"TimeNW"	"TimeNW"	"TimeNW"	-0.251628252510464	-0.0144260567140095	0.28502615392299	0.424764542628132	0.98142320767868	0.669104168582178	0.993695588454555	NA	"abundance"	46	24
"PWY-5897: superpathway of menaquinol-11 biosynthesis"	"TimeNW"	"TimeNW"	"TimeNW"	-0.11328360199106	-0.0144260567140095	0.159162690295177	0.561863474443743	0.98142320767868	0.510410336236614	0.993695588454555	NA	"abundance"	46	40
"PWY-5898: superpathway of menaquinol-12 biosynthesis"	"TimeNW"	"TimeNW"	"TimeNW"	-0.11328360199106	-0.0144260567140095	0.159162690295177	0.562128825214031	0.98142320767868	0.510410336236614	0.993695588454555	NA	"abundance"	46	40
"PWY-5899: superpathway of menaquinol-13 biosynthesis"	"TimeNW"	"TimeNW"	"TimeNW"	-0.11328360199106	-0.0144260567140095	0.159162690295177	0.561874889513768	0.98142320767868	0.510410336236614	0.993695588454555	NA	"abundance"	46	40
"PWY-5910: superpathway of geranylgeranyldiphosphate biosynthesis I (via mevalonate)"	"FI"	"FI"	"FI"	-0.732991879012731	-0.0218447081487729	0.926446713397385	0.583227628565619	0.98142320767868	0.45827168503928	0.993695588454555	NA	"abundance"	46	7
"PWY-5910: superpathway of geranylgeranyldiphosphate biosynthesis I (via mevalonate)"	"Location"	"Centre"	"LocationCentre"	-1.30468376986664	-0.134762365173622	0.84173588852817	0.397450344978855	0.98142320767868	0.431539862870973	0.993695588454555	NA	"abundance"	46	7
"PWY-5910: superpathway of geranylgeranyldiphosphate biosynthesis I (via mevalonate)"	"TimeNW"	"TimeNW"	"TimeNW"	-0.417451830012302	-0.0144260567140095	0.334525338137836	0.445339113763296	0.98142320767868	0.692351301279114	0.993695588454555	NA	"abundance"	46	7
"PWY-5913: partial TCA cycle (obligate autotrophs)"	"FI"	"FI"	"FI"	-0.124562050582283	-0.0218447081487729	0.266870332171271	0.703044345510109	0.98142320767868	0.661945642355818	0.993695588454555	NA	"abundance"	46	44
"PWY-5913: partial TCA cycle (obligate autotrophs)"	"Location"	"Centre"	"LocationCentre"	0.14829588310845	-0.134762365173622	0.563650615579048	0.619101872422017	0.98142320767868	0.854916616407586	0.993695588454555	NA	"abundance"	46	44
"PWY-5913: partial TCA cycle (obligate autotrophs)"	"Sex"	"Female"	"SexFemale"	-0.471780538785199	-0.0946946073416741	0.548106609017714	0.497637924172395	0.98142320767868	0.365551376049162	0.968877380286383	NA	"abundance"	46	44
"PWY-5913: partial TCA cycle (obligate autotrophs)"	"TimeNW"	"TimeNW"	"TimeNW"	0.153689418443303	-0.0144260567140095	0.269198166485014	0.544180649547645	0.98142320767868	0.792228719753193	0.993695588454555	NA	"abundance"	46	44
"PWY-5918: superpathway of heme b biosynthesis from glutamate"	"Location"	"Centre"	"LocationCentre"	-0.580508253904755	-0.134762365173622	0.558497876547624	0.432830518829904	0.98142320767868	0.678318779629244	0.993695588454555	NA	"abundance"	46	35
"PWY-5918: superpathway of heme b biosynthesis from glutamate"	"TimeNW"	"TimeNW"	"TimeNW"	0.230715257268882	-0.0144260567140095	0.275886100369403	0.39094649410853	0.98142320767868	0.629053826961309	0.993695588454555	NA	"abundance"	46	35
"PWY-5920: superpathway of heme b biosynthesis from glycine"	"Location"	"Centre"	"LocationCentre"	-0.531432230307979	-0.134762365173622	0.746400572421267	0.60162538993437	0.98142320767868	0.841297670055057	0.993695588454555	NA	"abundance"	46	25
"PWY-5971: palmitate biosynthesis (type II fatty acid synthase)"	"Location"	"Centre"	"LocationCentre"	0.103600891737977	-0.134762365173622	0.327633024439124	0.47846589083291	0.98142320767868	0.658543699393392	0.993695588454555	NA	"abundance"	46	31
"PWY-5971: palmitate biosynthesis (type II fatty acid synthase)"	"Sex"	"Female"	"SexFemale"	0.0324505975630641	-0.0946946073416741	0.341781647737749	0.716628327305909	0.98142320767868	0.173639889687522	0.905949068804327	NA	"abundance"	46	31
"PWY-5972: stearate biosynthesis I (animals)"	"Age"	"Age"	"Age"	-0.242440284723834	0.115099219485005	0.426904738245907	0.440704546200787	0.98142320767868	0.687188595359532	0.993695588454555	NA	"abundance"	46	11
"PWY-5972: stearate biosynthesis I (animals)"	"FI"	"FI"	"FI"	0.168339405517334	-0.0218447081487729	0.252540462923779	0.486404958331701	0.98142320767868	0.736220133173738	0.993695588454555	NA	"abundance"	46	11
"PWY-5972: stearate biosynthesis I (animals)"	"Location"	"Centre"	"LocationCentre"	-0.54815919106225	-0.134762365173622	0.617143197620869	0.533548445021052	0.98142320767868	0.50899706469125	0.993695588454555	NA	"abundance"	46	11
"PWY-5973: cis-vaccenate biosynthesis"	"FI"	"FI"	"FI"	0.0143388228347448	-0.0218447081487729	0.059041109658395	0.567671048035149	0.98142320767868	0.567671048035149	0.993695588454555	NA	"abundance"	46	46
"PWY-5973: cis-vaccenate biosynthesis"	"Sex"	"Female"	"SexFemale"	-0.169251308759602	-0.0946946073416741	0.12030697823866	0.582860891844445	0.98142320767868	0.582860891844445	0.993695588454555	NA	"abundance"	46	46
"PWY-5981: CDP-diacylglycerol biosynthesis III"	"Sex"	"Female"	"SexFemale"	0.414933008299508	-0.0946946073416741	0.578982609111428	0.387261215485957	0.98142320767868	0.206765458584108	0.927109636877128	NA	"abundance"	46	39
"PWY-5989: stearate biosynthesis II (bacteria and plants)"	"FI"	"FI"	"FI"	0.0527633405328963	-0.0218447081487729	0.179887820736685	0.68211294775342	0.98142320767868	0.68211294775342	0.993695588454555	NA	"abundance"	46	46
"PWY-6121: 5-aminoimidazole ribonucleotide biosynthesis I"	"FI"	"FI"	"FI"	-0.0379178459504907	-0.0218447081487729	0.0370336463034524	0.711047402533016	0.98142320767868	0.711047402533016	0.993695588454555	NA	"abundance"	46	46
"PWY-6121: 5-aminoimidazole ribonucleotide biosynthesis I"	"Location"	"Centre"	"LocationCentre"	-0.0519896630692309	-0.134762365173622	0.0786205489780253	0.385338412520803	0.98142320767868	0.385338412520803	0.980622710853004	NA	"abundance"	46	46
"PWY-6121: 5-aminoimidazole ribonucleotide biosynthesis I"	"Sex"	"Female"	"SexFemale"	-0.0537197716766981	-0.0946946073416741	0.0754627767957978	0.673907431650957	0.98142320767868	0.673907431650957	0.993695588454555	NA	"abundance"	46	46
"PWY-6121: 5-aminoimidazole ribonucleotide biosynthesis I"	"TimeNW"	"TimeNW"	"TimeNW"	0.0499008473868632	-0.0144260567140095	0.038582368024889	0.356967569341658	0.98142320767868	0.356967569341658	0.968877380286383	NA	"abundance"	46	46
"PWY-6122: 5-aminoimidazole ribonucleotide biosynthesis II"	"Location"	"Centre"	"LocationCentre"	-0.0464033257085422	-0.134762365173622	0.080476381884821	0.360478323122603	0.98142320767868	0.360478323122603	0.968877380286383	NA	"abundance"	46	46
"PWY-6122: 5-aminoimidazole ribonucleotide biosynthesis II"	"Sex"	"Female"	"SexFemale"	-0.0450879495973408	-0.0946946073416741	0.0772440706971538	0.615582305857018	0.98142320767868	0.615582305857018	0.993695588454555	NA	"abundance"	46	46
"PWY-6123: inosine-5'-phosphate biosynthesis I"	"FI"	"FI"	"FI"	0.0152991525002464	-0.0218447081487729	0.0446923495464663	0.459408529229837	0.98142320767868	0.459408529229837	0.993695588454555	NA	"abundance"	46	46
"PWY-6124: inosine-5'-phosphate biosynthesis II"	"FI"	"FI"	"FI"	0.0169603305894371	-0.0218447081487729	0.0464245029737384	0.455341133178947	0.98142320767868	0.455341133178947	0.993695588454555	NA	"abundance"	46	46
"PWY-6125: superpathway of guanosine nucleotides de novo biosynthesis II"	"Sex"	"Female"	"SexFemale"	-0.0308707354487378	-0.0946946073416741	0.118282808324248	0.632595969253095	0.98142320767868	0.632595969253095	0.993695588454555	NA	"abundance"	46	46
"PWY-6125: superpathway of guanosine nucleotides de novo biosynthesis II"	"TimeNW"	"TimeNW"	"TimeNW"	0.0262755510593431	-0.0144260567140095	0.0604752572799267	0.62670231351631	0.98142320767868	0.62670231351631	0.993695588454555	NA	"abundance"	46	46
"PWY-6126: superpathway of adenosine nucleotides de novo biosynthesis II"	"Sex"	"Female"	"SexFemale"	-0.0148174012489477	-0.0946946073416741	0.104496795520512	0.511107640297741	0.98142320767868	0.511107640297741	0.993695588454555	NA	"abundance"	46	46
"PWY-6126: superpathway of adenosine nucleotides de novo biosynthesis II"	"TimeNW"	"TimeNW"	"TimeNW"	0.0218091237749468	-0.0144260567140095	0.053426788588814	0.645148686560533	0.98142320767868	0.645148686560533	0.993695588454555	NA	"abundance"	46	46
"PWY-6143: CMP-pseudaminate biosynthesis"	"Age"	"Age"	"Age"	-0.205585772289072	0.115099219485005	0.389161783075041	0.425755680151926	0.98142320767868	0.600660721832158	0.993695588454555	NA	"abundance"	46	18
"PWY-6147: 6-hydroxymethyl-dihydropterin diphosphate biosynthesis I"	"FI"	"FI"	"FI"	0.0419417541637445	-0.0218447081487729	0.0784260286597374	0.437540370061017	0.98142320767868	0.437540370061017	0.993695588454555	NA	"abundance"	46	46
"PWY-6151: S-adenosyl-L-methionine salvage I"	"FI"	"FI"	"FI"	-0.0707176607185733	-0.0218447081487729	0.0526779086813037	0.396011733558059	0.98142320767868	0.396011733558059	0.98522843796502	NA	"abundance"	46	46
"PWY-6151: S-adenosyl-L-methionine salvage I"	"Location"	"Centre"	"LocationCentre"	-0.0901043839321527	-0.134762365173622	0.111832522933403	0.71869534951981	0.98142320767868	0.71869534951981	0.993695588454555	NA	"abundance"	46	46
"PWY-6160: 3-dehydroquinate biosynthesis II (archaea)"	"Age"	"Age"	"Age"	-0.225112048619069	0.115099219485005	0.476700820580508	0.495508762593801	0.98142320767868	0.745488591380363	0.993695588454555	NA	"abundance"	46	14
"PWY-6160: 3-dehydroquinate biosynthesis II (archaea)"	"TimeNW"	"TimeNW"	"TimeNW"	0.248827086678297	-0.0144260567140095	0.641525802560836	0.693313280333277	0.98142320767868	0.780513954293079	0.993695588454555	NA	"abundance"	46	14
"PWY-6163: chorismate biosynthesis from 3-dehydroquinate"	"FI"	"FI"	"FI"	-0.0399199179541749	-0.0218447081487729	0.0369585529587399	0.675633050451578	0.98142320767868	0.675633050451578	0.993695588454555	NA	"abundance"	46	46
"PWY-6163: chorismate biosynthesis from 3-dehydroquinate"	"Location"	"Centre"	"LocationCentre"	-0.0789965559094785	-0.134762365173622	0.0784611296235951	0.556317919310928	0.98142320767868	0.556317919310928	0.993695588454555	NA	"abundance"	46	46
"PWY-6163: chorismate biosynthesis from 3-dehydroquinate"	"TimeNW"	"TimeNW"	"TimeNW"	0.0283057257019993	-0.0144260567140095	0.0385041343279373	0.538771749710595	0.98142320767868	0.538771749710595	0.993695588454555	NA	"abundance"	46	46
"PWY-6165: chorismate biosynthesis II (archaea)"	"Age"	"Age"	"Age"	-0.209572899002683	0.115099219485005	0.45077168345594	0.491722182410458	0.98142320767868	0.741653660146412	0.993695588454555	NA	"abundance"	46	14
"PWY-6165: chorismate biosynthesis II (archaea)"	"TimeNW"	"TimeNW"	"TimeNW"	0.258505302338819	-0.0144260567140095	0.606631357690169	0.665933879753033	0.98142320767868	0.780513954293079	0.993695588454555	NA	"abundance"	46	14
"PWY-6168: flavin biosynthesis III (fungi)"	"FI"	"FI"	"FI"	0.0422282720394001	-0.0218447081487729	0.137948768215734	0.649324899261932	0.98142320767868	0.653699540721599	0.993695588454555	NA	"abundance"	46	36
"PWY-6168: flavin biosynthesis III (fungi)"	"TimeNW"	"TimeNW"	"TimeNW"	-0.0844667570829234	-0.0144260567140095	0.14521806314745	0.656086094666652	0.98142320767868	0.881723225718365	0.996959287214095	NA	"abundance"	46	36
"PWY-621: sucrose degradation III (sucrose invertase)"	"Age"	"Age"	"Age"	0.177787433039294	0.115099219485005	0.137075037612782	0.65285396590357	0.98142320767868	0.65285396590357	0.993695588454555	NA	"abundance"	46	46
"PWY-621: sucrose degradation III (sucrose invertase)"	"FI"	"FI"	"FI"	-0.124370888135097	-0.0218447081487729	0.132922086157213	0.450239929440326	0.98142320767868	0.450239929440326	0.993695588454555	NA	"abundance"	46	46
"PWY-621: sucrose degradation III (sucrose invertase)"	"Location"	"Centre"	"LocationCentre"	-0.027360455180268	-0.134762365173622	0.282186833544668	0.708730200940764	0.98142320767868	0.708730200940764	0.993695588454555	NA	"abundance"	46	46
"PWY-622: starch biosynthesis"	"Location"	"Centre"	"LocationCentre"	-0.848996251400213	-0.134762365173622	1.19502032290698	0.57616121134992	0.98142320767868	0.645164527757091	0.993695588454555	NA	"abundance"	46	11
"PWY-6270: isoprene biosynthesis I"	"FI"	"FI"	"FI"	-0.0523340165748781	-0.0218447081487729	0.0484807341019749	0.569488272181538	0.98142320767868	0.569488272181538	0.993695588454555	NA	"abundance"	46	46
"PWY-6277: superpathway of 5-aminoimidazole ribonucleotide biosynthesis"	"Location"	"Centre"	"LocationCentre"	-0.0464033257085422	-0.134762365173622	0.080476381884821	0.361371720086541	0.98142320767868	0.361371720086541	0.968877380286383	NA	"abundance"	46	46
"PWY-6277: superpathway of 5-aminoimidazole ribonucleotide biosynthesis"	"Sex"	"Female"	"SexFemale"	-0.0450879495973408	-0.0946946073416741	0.0772440706971538	0.615535282191346	0.98142320767868	0.615535282191346	0.993695588454555	NA	"abundance"	46	46
"PWY-6282: palmitoleate biosynthesis I (from (5Z)-dodec-5-enoate)"	"FI"	"FI"	"FI"	0.0608100746364552	-0.0218447081487729	0.184777763419362	0.658849010384018	0.98142320767868	0.658849010384018	0.993695588454555	NA	"abundance"	46	46
"PWY-6282: palmitoleate biosynthesis I (from (5Z)-dodec-5-enoate)"	"Location"	"Centre"	"LocationCentre"	0.222946939764958	-0.134762365173622	0.392273800962657	0.370157464546262	0.98142320767868	0.370157464546262	0.975808581655669	NA	"abundance"	46	46
"PWY-6284: superpathway of unsaturated fatty acids biosynthesis (E. coli)"	"FI"	"FI"	"FI"	0.0911069752165284	-0.0218447081487729	0.207637004563697	0.592559268295222	0.98142320767868	0.775396819494167	0.993695588454555	NA	"abundance"	46	31
"PWY-6284: superpathway of unsaturated fatty acids biosynthesis (E. coli)"	"Location"	"Centre"	"LocationCentre"	-0.583999930850691	-0.134762365173622	0.477567857827547	0.35806443812188	0.98142320767868	0.587918734396223	0.993695588454555	NA	"abundance"	46	31
"PWY-6284: superpathway of unsaturated fatty acids biosynthesis (E. coli)"	"TimeNW"	"TimeNW"	"TimeNW"	-0.159179880650977	-0.0144260567140095	0.215497890031291	0.521387225239011	0.98142320767868	0.118504301935562	0.816855125839389	NA	"abundance"	46	31
"PWY-6285: superpathway of fatty acids biosynthesis (E. coli)"	"FI"	"FI"	"FI"	-0.207930878071005	-0.0218447081487729	0.268725989647618	0.500848828370577	0.98142320767868	0.750848107860974	0.993695588454555	NA	"abundance"	46	20
"PWY-6285: superpathway of fatty acids biosynthesis (E. coli)"	"Location"	"Centre"	"LocationCentre"	-0.599520182809001	-0.134762365173622	0.57419145296994	0.433151436385014	0.98142320767868	0.678682705927627	0.993695588454555	NA	"abundance"	46	20
"PWY-6285: superpathway of fatty acids biosynthesis (E. coli)"	"TimeNW"	"TimeNW"	"TimeNW"	-0.277995354085874	-0.0144260567140095	0.312726499166055	0.420493848120248	0.98142320767868	0.664172619933521	0.993695588454555	NA	"abundance"	46	20
"PWY-6292: superpathway of L-cysteine biosynthesis (mammalian)"	"Location"	"Centre"	"LocationCentre"	0.0980824117690016	-0.134762365173622	0.428451512213091	0.591702220395271	0.98142320767868	0.833292923169848	0.993695588454555	NA	"abundance"	46	43
"PWY-6293: superpathway of L-cysteine biosynthesis (fungi)"	"Age"	"Age"	"Age"	0.294105411557749	0.115099219485005	0.236894384479876	0.461509878268307	0.98142320767868	0.344391283814256	0.96473999596638	NA	"abundance"	46	23
"PWY-6293: superpathway of L-cysteine biosynthesis (fungi)"	"FI"	"FI"	"FI"	-0.221101379977008	-0.0218447081487729	0.228082727901998	0.39616792908133	0.98142320767868	0.63538683013007	0.993695588454555	NA	"abundance"	46	23
"PWY-6293: superpathway of L-cysteine biosynthesis (fungi)"	"Location"	"Centre"	"LocationCentre"	0.407420837190896	-0.134762365173622	0.578704537922063	0.363293797313125	0.98142320767868	0.594605211460061	0.993695588454555	NA	"abundance"	46	23
"PWY-6293: superpathway of L-cysteine biosynthesis (fungi)"	"Sex"	"Female"	"SexFemale"	-0.368582948152213	-0.0946946073416741	0.584813966892551	0.646831800277503	0.98142320767868	0.362390764165916	0.968877380286383	NA	"abundance"	46	23
"PWY-6305: superpathway of putrescine biosynthesis"	"Age"	"Age"	"Age"	0.166541943146936	0.115099219485005	0.129694379167529	0.696610651541295	0.98142320767868	0.696610651541295	0.993695588454555	NA	"abundance"	46	46
"PWY-6305: superpathway of putrescine biosynthesis"	"Location"	"Centre"	"LocationCentre"	-0.26579545545856	-0.134762365173622	0.266992786018493	0.631406186784246	0.98142320767868	0.631406186784246	0.993695588454555	NA	"abundance"	46	46
"PWY-6305: superpathway of putrescine biosynthesis"	"Sex"	"Female"	"SexFemale"	-0.241644561379129	-0.0946946073416741	0.256269096048072	0.579444859399079	0.98142320767868	0.579444859399079	0.993695588454555	NA	"abundance"	46	46
"PWY-6353: purine nucleotides degradation II (aerobic)"	"Location"	"Centre"	"LocationCentre"	-0.339697853414075	-0.134762365173622	0.351917807191881	0.567071031341637	0.98142320767868	0.812572508096406	0.993695588454555	NA	"abundance"	46	45
"PWY-6353: purine nucleotides degradation II (aerobic)"	"TimeNW"	"TimeNW"	"TimeNW"	0.0578984487383705	-0.0144260567140095	0.171861533294504	0.691268102008984	0.98142320767868	0.904684615162865	0.998451798775976	NA	"abundance"	46	45
"PWY-6385: peptidoglycan biosynthesis III (mycobacteria)"	"FI"	"FI"	"FI"	-0.0507108385669998	-0.0218447081487729	0.033676446274682	0.478152583758201	0.98142320767868	0.478152583758201	0.993695588454555	NA	"abundance"	46	46
"PWY-6385: peptidoglycan biosynthesis III (mycobacteria)"	"Location"	"Centre"	"LocationCentre"	-0.0837816419846326	-0.134762365173622	0.0714933839365865	0.566860374292756	0.98142320767868	0.566860374292756	0.993695588454555	NA	"abundance"	46	46
"PWY-6385: peptidoglycan biosynthesis III (mycobacteria)"	"TimeNW"	"TimeNW"	"TimeNW"	0.034045593641488	-0.0144260567140095	0.0350847721905	0.474424485587805	0.98142320767868	0.474424485587805	0.993695588454555	NA	"abundance"	46	46
"PWY-6386: UDP-N-acetylmuramoyl-pentapeptide biosynthesis II (lysine-containing)"	"FI"	"FI"	"FI"	-0.0422593728191054	-0.0218447081487729	0.0370602302120248	0.638386669333525	0.98142320767868	0.638386669333525	0.993695588454555	NA	"abundance"	46	46
"PWY-6386: UDP-N-acetylmuramoyl-pentapeptide biosynthesis II (lysine-containing)"	"Location"	"Centre"	"LocationCentre"	-0.0593711352684324	-0.134762365173622	0.0786769852648768	0.428322606157564	0.98142320767868	0.428322606157564	0.993695588454555	NA	"abundance"	46	46
"PWY-6386: UDP-N-acetylmuramoyl-pentapeptide biosynthesis II (lysine-containing)"	"TimeNW"	"TimeNW"	"TimeNW"	0.0358049670245589	-0.0144260567140095	0.0386100636543086	0.470775282450394	0.98142320767868	0.470775282450394	0.993695588454555	NA	"abundance"	46	46
"PWY-6387: UDP-N-acetylmuramoyl-pentapeptide biosynthesis I (meso-diaminopimelate containing)"	"FI"	"FI"	"FI"	-0.0524592430859544	-0.0218447081487729	0.0367377317421869	0.478979506285149	0.98142320767868	0.478979506285149	0.993695588454555	NA	"abundance"	46	46
"PWY-6387: UDP-N-acetylmuramoyl-pentapeptide biosynthesis I (meso-diaminopimelate containing)"	"Location"	"Centre"	"LocationCentre"	-0.0709197824959927	-0.134762365173622	0.0779923374034303	0.499473776812691	0.98142320767868	0.499473776812691	0.993695588454555	NA	"abundance"	46	46
"PWY-6387: UDP-N-acetylmuramoyl-pentapeptide biosynthesis I (meso-diaminopimelate containing)"	"TimeNW"	"TimeNW"	"TimeNW"	0.0356239747539509	-0.0144260567140095	0.0382740785193642	0.471136356477496	0.98142320767868	0.471136356477496	0.993695588454555	NA	"abundance"	46	46
"PWY-6470: peptidoglycan biosynthesis V (&beta;-lactam resistance)"	"Age"	"Age"	"Age"	-0.0210565563125702	0.115099219485005	0.19549344714988	0.492106364891214	0.98142320767868	0.742044055415984	0.993695588454555	NA	"abundance"	46	41
"PWY-6470: peptidoglycan biosynthesis V (&beta;-lactam resistance)"	"FI"	"FI"	"FI"	-0.185852901749846	-0.0218447081487729	0.183533547661351	0.380478548329906	0.98142320767868	0.61619317092058	0.993695588454555	NA	"abundance"	46	41
"PWY-6470: peptidoglycan biosynthesis V (&beta;-lactam resistance)"	"TimeNW"	"TimeNW"	"TimeNW"	-0.100967121690877	-0.0144260567140095	0.211366800057293	0.694736081733691	0.98142320767868	0.9068139402047	0.998451798775976	NA	"abundance"	46	41
"PWY-6507: 4-deoxy-L-threo-hex-4-enopyranuronate degradation"	"FI"	"FI"	"FI"	-0.0675686197967232	-0.0218447081487729	0.114878575647141	0.697106056343782	0.98142320767868	0.697106056343782	0.993695588454555	NA	"abundance"	46	46
"PWY-6507: 4-deoxy-L-threo-hex-4-enopyranuronate degradation"	"Location"	"Centre"	"LocationCentre"	-0.31819398375503	-0.134762365173622	0.24388137773919	0.465394344779374	0.98142320767868	0.465394344779374	0.993695588454555	NA	"abundance"	46	46
"PWY-6519: 8-amino-7-oxononanoate biosynthesis I"	"FI"	"FI"	"FI"	0.086251129884847	-0.0218447081487729	0.158097200767818	0.501495319634922	0.98142320767868	0.501495319634922	0.993695588454555	NA	"abundance"	46	46
"PWY-6519: 8-amino-7-oxononanoate biosynthesis I"	"Location"	"Centre"	"LocationCentre"	0.118999808841067	-0.134762365173622	0.33563232241315	0.458644013718116	0.98142320767868	0.458644013718116	0.993695588454555	NA	"abundance"	46	46
"PWY-6527: stachyose degradation"	"FI"	"FI"	"FI"	-0.0912939621150903	-0.0218447081487729	0.0976000594939969	0.490788888450489	0.98142320767868	0.490788888450489	0.993695588454555	NA	"abundance"	46	46
"PWY-6527: stachyose degradation"	"Sex"	"Female"	"SexFemale"	0.0733539866204955	-0.0946946073416741	0.198877837858635	0.423219854381136	0.98142320767868	0.423219854381136	0.993695588454555	NA	"abundance"	46	46
"PWY-6527: stachyose degradation"	"TimeNW"	"TimeNW"	"TimeNW"	-0.122644948417684	-0.0144260567140095	0.101681627128825	0.358517898758775	0.98142320767868	0.358517898758775	0.968877380286383	NA	"abundance"	46	46
"PWY-6531: mannitol cycle"	"Age"	"Age"	"Age"	0.289688339862312	0.115099219485005	0.202395854275676	0.396291808658739	0.98142320767868	0.635536419707464	0.993695588454555	NA	"abundance"	46	41
"PWY-6531: mannitol cycle"	"Sex"	"Female"	"SexFemale"	-0.272522712635726	-0.0946946073416741	0.437760295691257	0.689411010879849	0.98142320767868	0.0455050451074197	0.677654893257433	NA	"abundance"	46	41
"PWY-6545: pyrimidine deoxyribonucleotides de novo biosynthesis III"	"Age"	"Age"	"Age"	-0.0923517992884278	0.115099219485005	0.225681098038703	0.36568182101342	0.98142320767868	0.597640447807149	0.993695588454555	NA	"abundance"	46	39
"PWY-6545: pyrimidine deoxyribonucleotides de novo biosynthesis III"	"FI"	"FI"	"FI"	0.181276984119514	-0.0218447081487729	0.228197863774213	0.381594774833654	0.98142320767868	0.617574977486961	0.993695588454555	NA	"abundance"	46	39
"PWY-6545: pyrimidine deoxyribonucleotides de novo biosynthesis III"	"Sex"	"Female"	"SexFemale"	-0.471657906603906	-0.0946946073416741	0.489346404037374	0.449447613424482	0.98142320767868	0.222977698321196	0.931415651367086	NA	"abundance"	46	39
"PWY-6545: pyrimidine deoxyribonucleotides de novo biosynthesis III"	"TimeNW"	"TimeNW"	"TimeNW"	-0.211214607774391	-0.0144260567140095	0.252475468921662	0.45218205446204	0.98142320767868	0.699895498546569	0.993695588454555	NA	"abundance"	46	39
"PWY-6549: L-glutamine biosynthesis III"	"Sex"	"Female"	"SexFemale"	0.218163342923028	-0.0946946073416741	0.337206779896999	0.366024607148415	0.98142320767868	0.167153248665087	0.903269452466154	NA	"abundance"	46	43
"PWY-6572: chondroitin sulfate degradation I (bacterial)"	"Sex"	"Female"	"SexFemale"	0.236953744992376	-0.0946946073416741	0.429350828942814	0.456692823566352	0.98142320767868	0.446139217316345	0.993695588454555	NA	"abundance"	46	20
"PWY-6588: pyruvate fermentation to acetone"	"Age"	"Age"	"Age"	-0.0704323021361852	0.115099219485005	0.198914881344695	0.360296525669498	0.98142320767868	0.590779464929484	0.993695588454555	NA	"abundance"	46	38
"PWY-6588: pyruvate fermentation to acetone"	"Location"	"Centre"	"LocationCentre"	0.118289003367813	-0.134762365173622	0.398312137986162	0.532230723864978	0.98142320767868	0.70921292443758	0.993695588454555	NA	"abundance"	46	38
"PWY-6588: pyruvate fermentation to acetone"	"Sex"	"Female"	"SexFemale"	-0.278461477766168	-0.0946946073416741	0.386528673515408	0.64145406139384	0.98142320767868	0.70700220914677	0.993695588454555	NA	"abundance"	46	38
"PWY-6588: pyruvate fermentation to acetone"	"TimeNW"	"TimeNW"	"TimeNW"	-0.159085873253253	-0.0144260567140095	0.197999896067711	0.48713749746339	0.98142320767868	0.730998193316097	0.993695588454555	NA	"abundance"	46	38
"PWY-6590: superpathway of Clostridium acetobutylicum acidogenic fermentation"	"FI"	"FI"	"FI"	0.0510791438059025	-0.0218447081487729	0.172855363227012	0.677458447098776	0.98142320767868	0.625548593917547	0.993695588454555	NA	"abundance"	46	41
"PWY-6595: superpathway of guanosine nucleotides degradation (plants)"	"FI"	"FI"	"FI"	-0.158163062096716	-0.0218447081487729	0.207318363376949	0.517954108630852	0.98142320767868	0.767631758614124	0.993695588454555	NA	"abundance"	46	34
"PWY-6595: superpathway of guanosine nucleotides degradation (plants)"	"Location"	"Centre"	"LocationCentre"	0.27352779209001	-0.134762365173622	0.431162357057605	0.354220742359692	0.98142320767868	0.582969150401533	0.993695588454555	NA	"abundance"	46	34
"PWY-6595: superpathway of guanosine nucleotides degradation (plants)"	"Sex"	"Female"	"SexFemale"	0.0671129529989028	-0.0946946073416741	0.440835947550433	0.718323322764018	0.98142320767868	0.275298551905223	0.954417715573453	NA	"abundance"	46	34
"PWY-6606: guanosine nucleotides degradation II"	"Location"	"Centre"	"LocationCentre"	-0.321763957661856	-0.134762365173622	0.408257502860005	0.651247100979607	0.98142320767868	0.651247100979607	0.993695588454555	NA	"abundance"	46	46
"PWY-6607: guanosine nucleotides degradation I"	"FI"	"FI"	"FI"	-0.114723661201007	-0.0218447081487729	0.217595928120949	0.673998546288632	0.98142320767868	0.893153914706058	0.998451798775976	NA	"abundance"	46	34
"PWY-6608: guanosine nucleotides degradation III"	"FI"	"FI"	"FI"	0.0611351655367587	-0.0218447081487729	0.149241431141763	0.584500032619761	0.98142320767868	0.584500032619761	0.993695588454555	NA	"abundance"	46	46
"PWY-6608: guanosine nucleotides degradation III"	"Location"	"Centre"	"LocationCentre"	-0.34031059381466	-0.134762365173622	0.316831973565015	0.524495494390831	0.98142320767868	0.524495494390831	0.993695588454555	NA	"abundance"	46	46
"PWY-6608: guanosine nucleotides degradation III"	"Sex"	"Female"	"SexFemale"	0.0693458822703845	-0.0946946073416741	0.304106506679207	0.59926295388372	0.98142320767868	0.59926295388372	0.993695588454555	NA	"abundance"	46	46
"PWY-6608: guanosine nucleotides degradation III"	"TimeNW"	"TimeNW"	"TimeNW"	-0.121462472867885	-0.0144260567140095	0.155482605566058	0.521066611805539	0.98142320767868	0.521066611805539	0.993695588454555	NA	"abundance"	46	46
"PWY-6609: adenine and adenosine salvage III"	"Location"	"Centre"	"LocationCentre"	-0.0903942368758377	-0.134762365173622	0.0804225303079673	0.64441305996838	0.98142320767868	0.64441305996838	0.993695588454555	NA	"abundance"	46	46
"PWY-6612: superpathway of tetrahydrofolate biosynthesis"	"Age"	"Age"	"Age"	0.289146227881433	0.115099219485005	0.187941081733211	0.365295223227302	0.98142320767868	0.59714984634192	0.993695588454555	NA	"abundance"	46	35
"PWY-6612: superpathway of tetrahydrofolate biosynthesis"	"Sex"	"Female"	"SexFemale"	-0.371198872276995	-0.0946946073416741	0.391861203167723	0.490618049461876	0.98142320767868	0.651109234221131	0.993695588454555	NA	"abundance"	46	35
"PWY-6628: superpathway of L-phenylalanine biosynthesis"	"Age"	"Age"	"Age"	0.1912180416206	0.115099219485005	0.125458610329472	0.552949153205341	0.98142320767868	0.552949153205341	0.993695588454555	NA	"abundance"	46	46
"PWY-6628: superpathway of L-phenylalanine biosynthesis"	"Location"	"Centre"	"LocationCentre"	0.0435463402186456	-0.134762365173622	0.258272903705457	0.500934138380855	0.98142320767868	0.500934138380855	0.993695588454555	NA	"abundance"	46	46
"PWY-6628: superpathway of L-phenylalanine biosynthesis"	"Sex"	"Female"	"SexFemale"	-0.317735261663579	-0.0946946073416741	0.247899445349523	0.386564461581774	0.98142320767868	0.386564461581774	0.980622710853004	NA	"abundance"	46	46
"PWY-6629: superpathway of L-tryptophan biosynthesis"	"TimeNW"	"TimeNW"	"TimeNW"	0.0115072135363058	-0.0144260567140095	0.0354089828521847	0.701677391772035	0.98142320767868	0.701677391772035	0.993695588454555	NA	"abundance"	46	46
"PWY-6630: superpathway of L-tyrosine biosynthesis"	"TimeNW"	"TimeNW"	"TimeNW"	0.0735152793746168	-0.0144260567140095	0.133635454722229	0.547696696651595	0.98142320767868	0.547696696651595	0.993695588454555	NA	"abundance"	46	46
"PWY-6690: cinnamate and 3-hydroxycinnamate degradation to 2-hydroxypentadienoate"	"FI"	"FI"	"FI"	-0.211832352844809	-0.0218447081487729	0.392869305056069	0.642011561874604	0.98142320767868	0.421491798149181	0.993695588454555	NA	"abundance"	46	14
"PWY-6700: queuosine biosynthesis I (de novo)"	"Location"	"Centre"	"LocationCentre"	-0.0495426487070847	-0.134762365173622	0.097461680065148	0.444349986864607	0.98142320767868	0.444349986864607	0.993695588454555	NA	"abundance"	46	46
"PWY-6703: preQ0 biosynthesis"	"Sex"	"Female"	"SexFemale"	-0.240089636716457	-0.0946946073416741	0.146851465843331	0.364687821062589	0.98142320767868	0.364687821062589	0.968877380286383	NA	"abundance"	46	46
"PWY-6708: ubiquinol-8 biosynthesis (early decarboxylation)"	"FI"	"FI"	"FI"	-0.416550437900673	-0.0218447081487729	0.992348212025232	0.717396130398849	0.98142320767868	0.0542178427046105	0.686415561393386	NA	"abundance"	46	9
"PWY-6708: ubiquinol-8 biosynthesis (early decarboxylation)"	"Location"	"Centre"	"LocationCentre"	0.788182308383766	-0.134762365173622	2.2915371600458	0.714077227846059	0.98142320767868	0.779640775324243	0.993695588454555	NA	"abundance"	46	9
"PWY-6708: ubiquinol-8 biosynthesis (early decarboxylation)"	"Sex"	"Female"	"SexFemale"	-4.07112781709445	-0.0946946073416741	4.21599408056387	0.415170005604905	0.98142320767868	0.657973877655833	0.993695588454555	NA	"abundance"	46	9
"PWY-6708: ubiquinol-8 biosynthesis (early decarboxylation)"	"TimeNW"	"TimeNW"	"TimeNW"	-2.37868526212257	-0.0144260567140095	3.20803079579656	0.514549356862137	0.98142320767868	0.749398260061546	0.993695588454555	NA	"abundance"	46	9
"PWY-6731: starch degradation III"	"Sex"	"Female"	"SexFemale"	-0.0202555249193944	-0.0946946073416741	0.192569089886662	0.713754911684767	0.98142320767868	0.713754911684767	0.993695588454555	NA	"abundance"	46	46
"PWY-6749: CMP-legionaminate biosynthesis I"	"Location"	"Centre"	"LocationCentre"	-0.41453217093954	-0.134762365173622	0.627306122790827	0.661918138260782	0.98142320767868	0.072264164077878	0.731351751440348	NA	"abundance"	46	23
"PWY-6749: CMP-legionaminate biosynthesis I"	"TimeNW"	"TimeNW"	"TimeNW"	-0.27032828431506	-0.0144260567140095	0.318853726798524	0.44007407614925	0.98142320767868	0.686482959799884	0.993695588454555	NA	"abundance"	46	23
"PWY-6807: xyloglucan degradation II (exoglucanase)"	"Age"	"Age"	"Age"	-0.217743398477232	0.115099219485005	0.374248715722625	0.386912461319574	0.98142320767868	0.271958377464584	0.954417715573453	NA	"abundance"	46	22
"PWY-6807: xyloglucan degradation II (exoglucanase)"	"FI"	"FI"	"FI"	-0.257397692142443	-0.0218447081487729	0.505124439273632	0.647421204336258	0.98142320767868	0.875688192848305	0.996783998657935	NA	"abundance"	46	22
"PWY-6807: xyloglucan degradation II (exoglucanase)"	"Location"	"Centre"	"LocationCentre"	-0.628704763440016	-0.134762365173622	0.760179260036344	0.525569830590447	0.98142320767868	0.642181304965214	0.993695588454555	NA	"abundance"	46	22
"PWY-6823: molybdopterin biosynthesis"	"Age"	"Age"	"Age"	0.178531946265153	0.115099219485005	0.114213351688024	0.587970373127199	0.98142320767868	0.587970373127199	0.993695588454555	NA	"abundance"	46	46
"PWY-6823: molybdopterin biosynthesis"	"Sex"	"Female"	"SexFemale"	0.0995033696950324	-0.0946946073416741	0.225679420970918	0.409520261789804	0.98142320767868	0.409520261789804	0.992909460673586	NA	"abundance"	46	46
"PWY-6823: molybdopterin biosynthesis"	"TimeNW"	"TimeNW"	"TimeNW"	0.032555696675196	-0.0144260567140095	0.115384655127462	0.716638189217609	0.98142320767868	0.716638189217609	0.993695588454555	NA	"abundance"	46	46
"PWY-6859: all-trans-farnesol biosynthesis"	"FI"	"FI"	"FI"	-0.192518466602955	-0.0218447081487729	0.205463770462759	0.413512411443351	0.98142320767868	0.611183148212208	0.993695588454555	NA	"abundance"	46	43
"PWY-6859: all-trans-farnesol biosynthesis"	"Sex"	"Female"	"SexFemale"	-0.259048801394139	-0.0946946073416741	0.415292164999572	0.6972607340895	0.98142320767868	0.558448960351448	0.993695588454555	NA	"abundance"	46	43
"PWY-6859: all-trans-farnesol biosynthesis"	"TimeNW"	"TimeNW"	"TimeNW"	0.109239631303664	-0.0144260567140095	0.219329002987613	0.588141825110933	0.98142320767868	0.830372843777046	0.993695588454555	NA	"abundance"	46	43
"PWY-6892: thiazole component of thiamine diphosphate biosynthesis I"	"Age"	"Age"	"Age"	0.0732901183526758	0.115099219485005	0.0763053941307975	0.601090317522887	0.98142320767868	0.601090317522887	0.993695588454555	NA	"abundance"	46	46
"PWY-6892: thiazole component of thiamine diphosphate biosynthesis I"	"Sex"	"Female"	"SexFemale"	-0.183887907251401	-0.0946946073416741	0.150775342023359	0.585910456180333	0.98142320767868	0.585910456180333	0.993695588454555	NA	"abundance"	46	46
"PWY-6892: thiazole component of thiamine diphosphate biosynthesis I"	"TimeNW"	"TimeNW"	"TimeNW"	-0.0540023662676348	-0.0144260567140095	0.0770879363578851	0.681469784009681	0.98142320767868	0.681469784009681	0.993695588454555	NA	"abundance"	46	46
"PWY-6895: superpathway of thiamine diphosphate biosynthesis II"	"TimeNW"	"TimeNW"	"TimeNW"	0.151995772867194	-0.0144260567140095	0.215686038826048	0.460381808624826	0.98142320767868	0.310602785353381	0.959114612886705	NA	"abundance"	46	40
"PWY-6897: thiamine diphosphate salvage II"	"FI"	"FI"	"FI"	0.00597110780312533	-0.0218447081487729	0.0467477098782307	0.591874379202777	0.98142320767868	0.591874379202777	0.993695588454555	NA	"abundance"	46	46
"PWY-6897: thiamine diphosphate salvage II"	"Sex"	"Female"	"SexFemale"	-0.0465495938412657	-0.0946946073416741	0.09525694465378	0.670110816812872	0.98142320767868	0.670110816812872	0.993695588454555	NA	"abundance"	46	46
"PWY-6902: chitin degradation II (Vibrio)"	"Age"	"Age"	"Age"	-0.0375244792930627	0.115099219485005	0.207795162968509	0.467980014117822	0.98142320767868	0.661871878880754	0.993695588454555	NA	"abundance"	46	45
"PWY-6902: chitin degradation II (Vibrio)"	"FI"	"FI"	"FI"	0.0726049800269559	-0.0218447081487729	0.197442006875151	0.6365607011867	0.98142320767868	0.859778691289856	0.993695588454555	NA	"abundance"	46	45
"PWY-6906: chitin derivatives degradation"	"FI"	"FI"	"FI"	0.0724784907441189	-0.0218447081487729	0.192978341271933	0.630193891465459	0.98142320767868	0.863243442090539	0.993695588454555	NA	"abundance"	46	37
"PWY-6906: chitin derivatives degradation"	"TimeNW"	"TimeNW"	"TimeNW"	0.163121128495653	-0.0144260567140095	0.193868712882406	0.386062911893676	0.98142320767868	0.515788756061884	0.993695588454555	NA	"abundance"	46	37
"PWY-6922: L-N&delta;-acetylornithine biosynthesis"	"Location"	"Centre"	"LocationCentre"	-0.490527886410941	-0.134762365173622	0.93882008259366	0.709093634453463	0.98142320767868	0.543793746602607	0.993695588454555	NA	"abundance"	46	25
"PWY-6936: seleno-amino acid biosynthesis (plants)"	"TimeNW"	"TimeNW"	"TimeNW"	0.100078545615109	-0.0144260567140095	0.126873006576864	0.414543846806675	0.98142320767868	0.414543846806675	0.992909460673586	NA	"abundance"	46	46
"PWY-6961: L-ascorbate degradation II (bacterial, aerobic)"	"Age"	"Age"	"Age"	0.363485527629004	0.115099219485005	0.370407174051382	0.509035968415465	0.98142320767868	0.44588180225814	0.993695588454555	NA	"abundance"	46	30
"PWY-6961: L-ascorbate degradation II (bacterial, aerobic)"	"FI"	"FI"	"FI"	0.188463264050993	-0.0218447081487729	0.365499109695833	0.570710218740842	0.98142320767868	0.815710283706464	0.993695588454555	NA	"abundance"	46	30
"PWY-6969: TCA cycle V (2-oxoglutarate synthase)"	"Age"	"Age"	"Age"	0.165840712739972	0.115099219485005	0.121033433579686	0.682209547847412	0.98142320767868	0.682209547847412	0.993695588454555	NA	"abundance"	46	46
"PWY-6969: TCA cycle V (2-oxoglutarate synthase)"	"FI"	"FI"	"FI"	0.0322723494853415	-0.0218447081487729	0.117366493319	0.651675453478022	0.98142320767868	0.651675453478022	0.993695588454555	NA	"abundance"	46	46
"PWY-6969: TCA cycle V (2-oxoglutarate synthase)"	"Location"	"Centre"	"LocationCentre"	0.020962237638859	-0.134762365173622	0.249163100515579	0.542860373664164	0.98142320767868	0.542860373664164	0.993695588454555	NA	"abundance"	46	46
"PWY-7013: (S)-propane-1,2-diol degradation"	"Age"	"Age"	"Age"	0.2693950928504	0.115099219485005	0.267519946026598	0.568396208113472	0.98142320767868	0.636249725853502	0.993695588454555	NA	"abundance"	46	42
"PWY-7013: (S)-propane-1,2-diol degradation"	"FI"	"FI"	"FI"	-0.152904513400786	-0.0218447081487729	0.236796255661531	0.584631366059775	0.98142320767868	0.827468897938632	0.993695588454555	NA	"abundance"	46	42
"PWY-7013: (S)-propane-1,2-diol degradation"	"Location"	"Centre"	"LocationCentre"	-0.451248287179928	-0.134762365173622	0.512002622813041	0.541854676321667	0.98142320767868	0.756222648050784	0.993695588454555	NA	"abundance"	46	42
"PWY-7013: (S)-propane-1,2-diol degradation"	"TimeNW"	"TimeNW"	"TimeNW"	0.17805153203621	-0.0144260567140095	0.245249378730762	0.449395293264312	0.98142320767868	0.696834456920507	0.993695588454555	NA	"abundance"	46	42
"PWY-702: L-methionine biosynthesis II"	"TimeNW"	"TimeNW"	"TimeNW"	-0.0871555271587734	-0.0144260567140095	0.18215975018643	0.704942274364054	0.98142320767868	0.704942274364054	0.993695588454555	NA	"abundance"	46	46
"PWY-7094: fatty acid salvage"	"Age"	"Age"	"Age"	0.420190067064893	0.115099219485005	0.361620576890156	0.41039863894121	0.98142320767868	0.652370235037622	0.993695588454555	NA	"abundance"	46	24
"PWY-7094: fatty acid salvage"	"Location"	"Centre"	"LocationCentre"	-0.64805124294745	-0.134762365173622	0.91283420743552	0.581207273558622	0.98142320767868	0.508331087008605	0.993695588454555	NA	"abundance"	46	24
"PWY-7111: pyruvate fermentation to isobutanol (engineered)"	"FI"	"FI"	"FI"	-0.0613312482119907	-0.0218447081487729	0.0702399043750824	0.59339386665995	0.98142320767868	0.59339386665995	0.993695588454555	NA	"abundance"	46	46
"PWY-7111: pyruvate fermentation to isobutanol (engineered)"	"Location"	"Centre"	"LocationCentre"	-0.199878769681161	-0.134762365173622	0.14911574725544	0.680827954544089	0.98142320767868	0.680827954544089	0.993695588454555	NA	"abundance"	46	46
"PWY-7111: pyruvate fermentation to isobutanol (engineered)"	"TimeNW"	"TimeNW"	"TimeNW"	0.0622660211852146	-0.0144260567140095	0.0731772890637506	0.413654916108537	0.98142320767868	0.413654916108537	0.992909460673586	NA	"abundance"	46	46
"PWY-7115: C4 photosynthetic carbon assimilation cycle, NAD-ME type"	"FI"	"FI"	"FI"	0.0875385195823544	-0.0218447081487729	0.170464056509453	0.527899557441255	0.98142320767868	0.612292746014285	0.993695588454555	NA	"abundance"	46	40
"PWY-7115: C4 photosynthetic carbon assimilation cycle, NAD-ME type"	"Sex"	"Female"	"SexFemale"	0.0433428894261975	-0.0946946073416741	0.37116977364677	0.715286681514291	0.98142320767868	0.317551436884983	0.959114612886705	NA	"abundance"	46	40
"PWY-7117: C4 photosynthetic carbon assimilation cycle, PEPCK type"	"FI"	"FI"	"FI"	-0.190854843962669	-0.0218447081487729	0.23057527522186	0.469336800955032	0.98142320767868	0.661945642355818	0.993695588454555	NA	"abundance"	46	44
"PWY-7117: C4 photosynthetic carbon assimilation cycle, PEPCK type"	"Sex"	"Female"	"SexFemale"	-0.316329907532602	-0.0946946073416741	0.473562689404052	0.644839572638423	0.98142320767868	0.365551376049162	0.968877380286383	NA	"abundance"	46	44
"PWY-7118: chitin deacetylation"	"Age"	"Age"	"Age"	0.32011038135585	0.115099219485005	0.308753191556734	0.51286392924039	0.98142320767868	0.46208583956638	0.993695588454555	NA	"abundance"	46	32
"PWY-7118: chitin deacetylation"	"Sex"	"Female"	"SexFemale"	0.199654481939837	-0.0946946073416741	0.655688351640602	0.658284982650229	0.98142320767868	0.511700443545042	0.993695588454555	NA	"abundance"	46	32
"PWY-7184: pyrimidine deoxyribonucleotides de novo biosynthesis I"	"Age"	"Age"	"Age"	0.0145899048801567	0.115099219485005	0.253685679288146	0.695478066830134	0.98142320767868	0.646475001994052	0.993695588454555	NA	"abundance"	46	39
"PWY-7184: pyrimidine deoxyribonucleotides de novo biosynthesis I"	"FI"	"FI"	"FI"	0.181926923115346	-0.0218447081487729	0.256514748407228	0.4339433708269	0.98142320767868	0.679579892569188	0.993695588454555	NA	"abundance"	46	39
"PWY-7184: pyrimidine deoxyribonucleotides de novo biosynthesis I"	"Location"	"Centre"	"LocationCentre"	0.261279997071705	-0.134762365173622	0.547362757629813	0.475863914705937	0.98142320767868	0.458672653913883	0.993695588454555	NA	"abundance"	46	39
"PWY-7184: pyrimidine deoxyribonucleotides de novo biosynthesis I"	"TimeNW"	"TimeNW"	"TimeNW"	-0.234396299997605	-0.0144260567140095	0.283804941546326	0.452257842062044	0.98142320767868	0.699978528417472	0.993695588454555	NA	"abundance"	46	39
"PWY-7185: UTP and CTP dephosphorylation I"	"FI"	"FI"	"FI"	-0.215187226691754	-0.0218447081487729	0.359491608372175	0.596697323801828	0.98142320767868	0.837346951371393	0.993695588454555	NA	"abundance"	46	27
"PWY-7187: pyrimidine deoxyribonucleotides de novo biosynthesis II"	"Age"	"Age"	"Age"	0.295847456798707	0.115099219485005	0.283918465835005	0.53596293276998	0.98142320767868	0.160128744749347	0.897061821880354	NA	"abundance"	46	19
"PWY-7187: pyrimidine deoxyribonucleotides de novo biosynthesis II"	"FI"	"FI"	"FI"	0.278104494187608	-0.0218447081487729	0.316530260630532	0.361309599992251	0.98142320767868	0.592074572937942	0.993695588454555	NA	"abundance"	46	19
"PWY-7197: pyrimidine deoxyribonucleotide phosphorylation"	"FI"	"FI"	"FI"	-0.0817526775571984	-0.0218447081487729	0.0662371930385465	0.395155716553145	0.98142320767868	0.395155716553145	0.98522843796502	NA	"abundance"	46	46
"PWY-7197: pyrimidine deoxyribonucleotide phosphorylation"	"Sex"	"Female"	"SexFemale"	-0.0404856998868941	-0.0946946073416741	0.134970304379184	0.715116201012021	0.98142320767868	0.715116201012021	0.993695588454555	NA	"abundance"	46	46
"PWY-7197: pyrimidine deoxyribonucleotide phosphorylation"	"TimeNW"	"TimeNW"	"TimeNW"	0.0548111740989021	-0.0144260567140095	0.0690071870808619	0.443635190161023	0.98142320767868	0.443635190161023	0.993695588454555	NA	"abundance"	46	46
"PWY-7198: pyrimidine deoxyribonucleotides de novo biosynthesis IV"	"FI"	"FI"	"FI"	-0.118896155297729	-0.0218447081487729	0.194517489408376	0.622096563946004	0.98142320767868	0.622096563946004	0.993695588454555	NA	"abundance"	46	46
"PWY-7208: superpathway of pyrimidine nucleobases salvage"	"TimeNW"	"TimeNW"	"TimeNW"	0.0261102139945239	-0.0144260567140095	0.0650563248237692	0.641721545397805	0.98142320767868	0.641721545397805	0.993695588454555	NA	"abundance"	46	46
"PWY-7209: superpathway of pyrimidine ribonucleosides degradation"	"FI"	"FI"	"FI"	0.165210259469405	-0.0218447081487729	0.268807139902598	0.498976261062057	0.98142320767868	0.647781215652358	0.993695588454555	NA	"abundance"	46	20
"PWY-7209: superpathway of pyrimidine ribonucleosides degradation"	"Sex"	"Female"	"SexFemale"	-0.590744052389168	-0.0946946073416741	0.584059392172702	0.412088771827414	0.98142320767868	0.654360387788602	0.993695588454555	NA	"abundance"	46	20
"PWY-7209: superpathway of pyrimidine ribonucleosides degradation"	"TimeNW"	"TimeNW"	"TimeNW"	0.168766073929591	-0.0144260567140095	0.306076668697967	0.565360654498311	0.98142320767868	0.811088639341863	0.993695588454555	NA	"abundance"	46	20
"PWY-7210: pyrimidine deoxyribonucleotides biosynthesis from CTP"	"FI"	"FI"	"FI"	-0.171410412423431	-0.0218447081487729	0.333500759584166	0.658777313143638	0.98142320767868	0.883567077974525	0.99796173216516	NA	"abundance"	46	27
"PWY-7211: superpathway of pyrimidine deoxyribonucleotides de novo biosynthesis"	"Age"	"Age"	"Age"	-0.0583702111111973	0.115099219485005	0.200129214299226	0.394158625089716	0.98142320767868	0.612627212257848	0.993695588454555	NA	"abundance"	46	36
"PWY-7211: superpathway of pyrimidine deoxyribonucleotides de novo biosynthesis"	"FI"	"FI"	"FI"	0.0622653598297208	-0.0218447081487729	0.204955126017733	0.685763456317808	0.98142320767868	0.729358069180825	0.993695588454555	NA	"abundance"	46	36
"PWY-7220: adenosine deoxyribonucleotides de novo biosynthesis II"	"TimeNW"	"TimeNW"	"TimeNW"	0.0260613926154548	-0.0144260567140095	0.0712085685735371	0.659327417744875	0.98142320767868	0.659327417744875	0.993695588454555	NA	"abundance"	46	46
"PWY-7221: guanosine ribonucleotides de novo biosynthesis"	"FI"	"FI"	"FI"	-0.0409850898403187	-0.0218447081487729	0.0402388697901242	0.678179581449285	0.98142320767868	0.678179581449285	0.993695588454555	NA	"abundance"	46	46
"PWY-7221: guanosine ribonucleotides de novo biosynthesis"	"TimeNW"	"TimeNW"	"TimeNW"	0.0149985793396504	-0.0144260567140095	0.0419216317622881	0.679882797555687	0.98142320767868	0.679882797555687	0.993695588454555	NA	"abundance"	46	46
"PWY-7222: guanosine deoxyribonucleotides de novo biosynthesis II"	"TimeNW"	"TimeNW"	"TimeNW"	0.0260613926154548	-0.0144260567140095	0.0712085685735371	0.658909313992379	0.98142320767868	0.658909313992379	0.993695588454555	NA	"abundance"	46	46
"PWY-7228: superpathway of guanosine nucleotides de novo biosynthesis I"	"Sex"	"Female"	"SexFemale"	-0.0256275542070415	-0.0946946073416741	0.105566807974197	0.573125904641062	0.98142320767868	0.573125904641062	0.993695588454555	NA	"abundance"	46	46
"PWY-7228: superpathway of guanosine nucleotides de novo biosynthesis I"	"TimeNW"	"TimeNW"	"TimeNW"	0.0273248815337232	-0.0144260567140095	0.0539738611460698	0.597323285507624	0.98142320767868	0.597323285507624	0.993695588454555	NA	"abundance"	46	46
"PWY-7229: superpathway of adenosine nucleotides de novo biosynthesis I"	"Sex"	"Female"	"SexFemale"	-0.000696376113541191	-0.0946946073416741	0.0845346213736289	0.373436073729688	0.98142320767868	0.373436073729688	0.97794296831023	NA	"abundance"	46	46
"PWY-7229: superpathway of adenosine nucleotides de novo biosynthesis I"	"TimeNW"	"TimeNW"	"TimeNW"	0.0221420730172792	-0.0144260567140095	0.0432205918092272	0.612618600773788	0.98142320767868	0.612618600773788	0.993695588454555	NA	"abundance"	46	46
"PWY-7234: inosine-5'-phosphate biosynthesis III"	"Location"	"Centre"	"LocationCentre"	0.101454735815341	-0.134762365173622	0.269811397358544	0.394291093658804	0.98142320767868	0.394291093658804	0.98522843796502	NA	"abundance"	46	46
"PWY-7237: myo-, chiro- and scyllo-inositol degradation"	"Location"	"Centre"	"LocationCentre"	-0.0165399747502059	-0.134762365173622	0.142548484943136	0.441227543708308	0.98142320767868	0.375698953293283	0.97794296831023	NA	"abundance"	46	34
"PWY-7237: myo-, chiro- and scyllo-inositol degradation"	"Sex"	"Female"	"SexFemale"	0.00415947784774176	-0.0946946073416741	0.142978421523935	0.52989473034903	0.98142320767868	0.779001035446389	0.993695588454555	NA	"abundance"	46	34
"PWY-7237: myo-, chiro- and scyllo-inositol degradation"	"TimeNW"	"TimeNW"	"TimeNW"	-0.072586933602935	-0.0144260567140095	0.0725791880441311	0.533271398655724	0.98142320767868	0.782164412687215	0.993695588454555	NA	"abundance"	46	34
"PWY-7238: sucrose biosynthesis II"	"Age"	"Age"	"Age"	0.0803013420709809	0.115099219485005	0.0601809774931433	0.588923624592461	0.98142320767868	0.588923624592461	0.993695588454555	NA	"abundance"	46	46
"PWY-7238: sucrose biosynthesis II"	"TimeNW"	"TimeNW"	"TimeNW"	0.0204493565464085	-0.0144260567140095	0.0607981574014872	0.677508833318282	0.98142320767868	0.677508833318282	0.993695588454555	NA	"abundance"	46	46
"PWY-724: superpathway of L-lysine, L-threonine and L-methionine biosynthesis II"	"Location"	"Centre"	"LocationCentre"	-0.0872086744650666	-0.134762365173622	0.0662956157941067	0.575049261165464	0.98142320767868	0.575049261165464	0.993695588454555	NA	"abundance"	46	46
"PWY-7282: 4-amino-2-methyl-5-diphosphomethylpyrimidine biosynthesis II"	"Age"	"Age"	"Age"	0.0522507000134696	0.115099219485005	0.068583248230294	0.387595496023235	0.98142320767868	0.387595496023235	0.980622710853004	NA	"abundance"	46	46
"PWY-7282: 4-amino-2-methyl-5-diphosphomethylpyrimidine biosynthesis II"	"FI"	"FI"	"FI"	0.0291338102524015	-0.0218447081487729	0.0665053870418092	0.470053641635818	0.98142320767868	0.470053641635818	0.993695588454555	NA	"abundance"	46	46
"PWY-7282: 4-amino-2-methyl-5-diphosphomethylpyrimidine biosynthesis II"	"Sex"	"Female"	"SexFemale"	-0.00946761377644163	-0.0946946073416741	0.135516798344168	0.568270566909787	0.98142320767868	0.568270566909787	0.993695588454555	NA	"abundance"	46	46
"PWY-7312: dTDP-&beta;-D-fucofuranose biosynthesis"	"Age"	"Age"	"Age"	-0.0240826220219309	0.115099219485005	0.36356421048091	0.707300988010557	0.98142320767868	0.914327288380404	0.998451798775976	NA	"abundance"	46	21
"PWY-7312: dTDP-&beta;-D-fucofuranose biosynthesis"	"FI"	"FI"	"FI"	-0.274243323698084	-0.0218447081487729	0.337240599570989	0.466297064686211	0.98142320767868	0.378153534704231	0.980279247207519	NA	"abundance"	46	21
"PWY-7315: dTDP-N-acetylthomosamine biosynthesis"	"FI"	"FI"	"FI"	-0.29880215019686	-0.0218447081487729	0.370396193630633	0.462019490696254	0.98142320767868	0.710576971609282	0.993695588454555	NA	"abundance"	46	31
"PWY-7315: dTDP-N-acetylthomosamine biosynthesis"	"Location"	"Centre"	"LocationCentre"	-0.883160975324403	-0.134762365173622	0.814964525285884	0.367924901852854	0.98142320767868	0.600481070302276	0.993695588454555	NA	"abundance"	46	31
"PWY-7315: dTDP-N-acetylthomosamine biosynthesis"	"Sex"	"Female"	"SexFemale"	-0.57626089707616	-0.0946946073416741	0.757699986829032	0.53165040801583	0.98142320767868	0.712725588420938	0.993695588454555	NA	"abundance"	46	31
"PWY-7315: dTDP-N-acetylthomosamine biosynthesis"	"TimeNW"	"TimeNW"	"TimeNW"	-0.367595794985708	-0.0144260567140095	0.471961531651044	0.464098474614187	0.98142320767868	0.396608686561196	0.98522843796502	NA	"abundance"	46	31
"PWY-7316: dTDP-N-acetylviosamine biosynthesis"	"Sex"	"Female"	"SexFemale"	0.393131588795047	-0.0946946073416741	0.625460000785545	0.447772389196129	0.98142320767868	0.385428387223419	0.980622710853004	NA	"abundance"	46	23
"PWY-7323: superpathway of GDP-mannose-derived O-antigen building blocks biosynthesis"	"Location"	"Centre"	"LocationCentre"	-0.213588093102426	-0.134762365173622	0.166307640178806	0.652403201540018	0.98142320767868	0.652403201540018	0.993695588454555	NA	"abundance"	46	46
"PWY-7323: superpathway of GDP-mannose-derived O-antigen building blocks biosynthesis"	"TimeNW"	"TimeNW"	"TimeNW"	-0.105451573240531	-0.0144260567140095	0.0816140647977789	0.365710550736395	0.98142320767868	0.365710550736395	0.968877380286383	NA	"abundance"	46	46
"PWY-7340: 9-cis, 11-trans-octadecadienoyl-CoA degradation (isomerase-dependent, yeast)"	"TimeNW"	"TimeNW"	"TimeNW"	-0.31150491902068	-0.0144260567140095	0.611765627319299	0.643345867372818	0.98142320767868	0.422289571017271	0.993695588454555	NA	"abundance"	46	13
"PWY-7345: superpathway of anaerobic sucrose degradation"	"Age"	"Age"	"Age"	0.167041178556108	0.115099219485005	0.0884358015855573	0.571942761543108	0.98142320767868	0.571942761543108	0.993695588454555	NA	"abundance"	46	46
"PWY-7345: superpathway of anaerobic sucrose degradation"	"FI"	"FI"	"FI"	-0.0684496962865222	-0.0218447081487729	0.085756469175256	0.600818697196914	0.98142320767868	0.600818697196914	0.993695588454555	NA	"abundance"	46	46
"PWY-7356: thiamine diphosphate salvage IV (yeast)"	"FI"	"FI"	"FI"	-0.0964965915104972	-0.0218447081487729	0.187882000513376	0.694793942172629	0.98142320767868	0.885287856467004	0.998451798775976	NA	"abundance"	46	45
"PWY-7356: thiamine diphosphate salvage IV (yeast)"	"Location"	"Centre"	"LocationCentre"	0.132825858402563	-0.134762365173622	0.398626927797938	0.508748683290971	0.98142320767868	0.758672143831645	0.993695588454555	NA	"abundance"	46	45
"PWY-7357: thiamine phosphate formation from pyrithiamine and oxythiamine (yeast)"	"TimeNW"	"TimeNW"	"TimeNW"	0.0491881251464041	-0.0144260567140095	0.0596774892530129	0.445457438806402	0.98142320767868	0.445457438806402	0.993695588454555	NA	"abundance"	46	46
"PWY-7371: 1,4-dihydroxy-6-naphthoate biosynthesis II"	"FI"	"FI"	"FI"	-0.140461030326599	-0.0218447081487729	0.24757218528745	0.638158777547901	0.98142320767868	0.445524070751449	0.993695588454555	NA	"abundance"	46	25
"PWY-7371: 1,4-dihydroxy-6-naphthoate biosynthesis II"	"Location"	"Centre"	"LocationCentre"	-0.330453582396275	-0.134762365173622	0.346871243478302	0.582790052952125	0.98142320767868	0.573715848309355	0.993695588454555	NA	"abundance"	46	25
"PWY-7383: anaerobic energy metabolism (invertebrates, cytosol)"	"FI"	"FI"	"FI"	0.0545391686166955	-0.0218447081487729	0.152529185942141	0.622204052830306	0.98142320767868	0.857270222302154	0.993695588454555	NA	"abundance"	46	45
"PWY-7385: 1,3-propanediol biosynthesis (engineered)"	"Age"	"Age"	"Age"	0.484569680037425	0.115099219485005	0.433984082180081	0.408928871702885	0.98142320767868	0.650634921293576	0.993695588454555	NA	"abundance"	46	20
"PWY-7385: 1,3-propanediol biosynthesis (engineered)"	"Location"	"Centre"	"LocationCentre"	-0.927533652433045	-0.134762365173622	1.04503308914218	0.460794872926422	0.98142320767868	0.709257830937566	0.993695588454555	NA	"abundance"	46	20
"PWY-7385: 1,3-propanediol biosynthesis (engineered)"	"Sex"	"Female"	"SexFemale"	-0.833318090928466	-0.0946946073416741	1.06624784535758	0.500372011706605	0.98142320767868	0.285043601403507	0.954417715573453	NA	"abundance"	46	20
"PWY-7385: 1,3-propanediol biosynthesis (engineered)"	"TimeNW"	"TimeNW"	"TimeNW"	-0.441718036394308	-0.0144260567140095	0.521388863619753	0.428743115469421	0.98142320767868	0.553198408461598	0.993695588454555	NA	"abundance"	46	20
"PWY-7388: octanoyl-[acyl-carrier protein] biosynthesis (mitochondria, yeast)"	"Sex"	"Female"	"SexFemale"	0.740542458589291	-0.0946946073416741	1.9725523840292	0.693770213305512	0.98142320767868	0.878307186513702	0.996959287214095	NA	"abundance"	46	10
"PWY-7388: octanoyl-[acyl-carrier protein] biosynthesis (mitochondria, yeast)"	"TimeNW"	"TimeNW"	"TimeNW"	-1.28917424180475	-0.0144260567140095	2.13764621397236	0.583134881339665	0.98142320767868	0.49832784318068	0.993695588454555	NA	"abundance"	46	10
"PWY-7392: taxadiene biosynthesis (engineered)"	"Age"	"Age"	"Age"	0.0137605451978123	0.115099219485005	0.179587870462023	0.577616450060385	0.98142320767868	0.821592136740409	0.993695588454555	NA	"abundance"	46	42
"PWY-7392: taxadiene biosynthesis (engineered)"	"Sex"	"Female"	"SexFemale"	0.059997515060597	-0.0946946073416741	0.352598758832678	0.667405243045332	0.98142320767868	0.413631969476251	0.992909460673586	NA	"abundance"	46	42
"PWY-7400: L-arginine biosynthesis IV (archaebacteria)"	"FI"	"FI"	"FI"	-0.0398270892298458	-0.0218447081487729	0.0401381927386858	0.696363515146044	0.98142320767868	0.696363515146044	0.993695588454555	NA	"abundance"	46	46
"PWY-7456: &beta;-(1,4)-mannan degradation"	"FI"	"FI"	"FI"	0.0162730786373363	-0.0218447081487729	0.0994838789457435	0.709536692798859	0.98142320767868	0.709536692798859	0.993695588454555	NA	"abundance"	46	46
"PWY-7456: &beta;-(1,4)-mannan degradation"	"Sex"	"Female"	"SexFemale"	0.0709687667902631	-0.0946946073416741	0.202716461947819	0.437383087596971	0.98142320767868	0.437383087596971	0.993695588454555	NA	"abundance"	46	46
"PWY-7456: &beta;-(1,4)-mannan degradation"	"TimeNW"	"TimeNW"	"TimeNW"	-0.0799016680099435	-0.0144260567140095	0.103644226619682	0.582366045570101	0.98142320767868	0.582366045570101	0.993695588454555	NA	"abundance"	46	46
"PWY-7560: methylerythritol phosphate pathway II"	"FI"	"FI"	"FI"	-0.0471795633530453	-0.0218447081487729	0.051037027928707	0.650840576717513	0.98142320767868	0.650840576717513	0.993695588454555	NA	"abundance"	46	46
"PWY-7560: methylerythritol phosphate pathway II"	"Location"	"Centre"	"LocationCentre"	-0.0702552974988941	-0.134762365173622	0.108349016488492	0.593532178270621	0.98142320767868	0.593532178270621	0.993695588454555	NA	"abundance"	46	46
"PWY-7560: methylerythritol phosphate pathway II"	"Sex"	"Female"	"SexFemale"	0.0130706043214891	-0.0946946073416741	0.103997208790804	0.375101874601256	0.98142320767868	0.375101874601256	0.97794296831023	NA	"abundance"	46	46
"PWY-7663: gondoate biosynthesis (anaerobic)"	"FI"	"FI"	"FI"	0.00986715676452147	-0.0218447081487729	0.0562363999004521	0.601970481106286	0.98142320767868	0.601970481106286	0.993695588454555	NA	"abundance"	46	46
"PWY-7664: oleate biosynthesis IV (anaerobic)"	"FI"	"FI"	"FI"	0.0616671656042407	-0.0218447081487729	0.178302173487073	0.643897081047628	0.98142320767868	0.643897081047628	0.993695588454555	NA	"abundance"	46	46
"PWY-7664: oleate biosynthesis IV (anaerobic)"	"Location"	"Centre"	"LocationCentre"	0.192033143093029	-0.134762365173622	0.37852645263888	0.396603510808621	0.98142320767868	0.396603510808621	0.98522843796502	NA	"abundance"	46	46
"PWY-7688: dTDP-&alpha;-D-ravidosamine and dTDP-4-acetyl-&alpha;-D-ravidosamine biosynthesis"	"FI"	"FI"	"FI"	0.282102644692723	-0.0218447081487729	0.340855631119136	0.383344299808796	0.98142320767868	0.619735747421696	0.993695588454555	NA	"abundance"	46	27
"PWY-7688: dTDP-&alpha;-D-ravidosamine and dTDP-4-acetyl-&alpha;-D-ravidosamine biosynthesis"	"Location"	"Centre"	"LocationCentre"	-0.482436764309168	-0.134762365173622	0.81397460004959	0.673883492635665	0.98142320767868	0.792793421634616	0.993695588454555	NA	"abundance"	46	27
"PWY-7761: NAD salvage pathway II (PNC IV cycle)"	"Location"	"Centre"	"LocationCentre"	0.0861772904442779	-0.134762365173622	0.291091980134196	0.458929933844131	0.98142320767868	0.458929933844131	0.993695588454555	NA	"abundance"	46	46
"PWY-7761: NAD salvage pathway II (PNC IV cycle)"	"TimeNW"	"TimeNW"	"TimeNW"	0.0438847386663352	-0.0144260567140095	0.142850921961513	0.706353168605755	0.98142320767868	0.706353168605755	0.993695588454555	NA	"abundance"	46	46
"PWY-7790: UMP biosynthesis II"	"FI"	"FI"	"FI"	-0.0537973198472087	-0.0218447081487729	0.0454835929008186	0.530775068713461	0.98142320767868	0.530775068713461	0.993695588454555	NA	"abundance"	46	46
"PWY-7790: UMP biosynthesis II"	"TimeNW"	"TimeNW"	"TimeNW"	0.0130120229889899	-0.0144260567140095	0.0473856856009885	0.713308818295022	0.98142320767868	0.713308818295022	0.993695588454555	NA	"abundance"	46	46
"PWY-7791: UMP biosynthesis III"	"FI"	"FI"	"FI"	-0.0537973198472087	-0.0218447081487729	0.0454835929008186	0.529911129515887	0.98142320767868	0.529911129515887	0.993695588454555	NA	"abundance"	46	46
"PWY-7791: UMP biosynthesis III"	"TimeNW"	"TimeNW"	"TimeNW"	0.0130120229889899	-0.0144260567140095	0.0473856856009885	0.713195423469306	0.98142320767868	0.713195423469306	0.993695588454555	NA	"abundance"	46	46
"PWY-7805: (aminomethyl)phosphonate degradation"	"Age"	"Age"	"Age"	0.579297775584639	0.115099219485005	0.816232647371406	0.609190126721487	0.98142320767868	0.847267642948033	0.993695588454555	NA	"abundance"	46	9
"PWY-7805: (aminomethyl)phosphonate degradation"	"FI"	"FI"	"FI"	0.530335072064831	-0.0218447081487729	0.913061583174631	0.588008706163881	0.98142320767868	0.83026317380324	0.993695588454555	NA	"abundance"	46	9
"PWY-7805: (aminomethyl)phosphonate degradation"	"Location"	"Centre"	"LocationCentre"	-1.31823591292486	-0.134762365173622	1.68272220421199	0.532448018094902	0.98142320767868	0.781395144216615	0.993695588454555	NA	"abundance"	46	9
"PWY-7807: glyphosate degradation III"	"FI"	"FI"	"FI"	0.786872303540229	-0.0218447081487729	1.1535013773098	0.533722915160753	0.98142320767868	0.782585680153814	0.993695588454555	NA	"abundance"	46	9
"PWY-7807: glyphosate degradation III"	"Sex"	"Female"	"SexFemale"	-1.07837080119727	-0.0946946073416741	2.18228574073807	0.682759804898593	0.98142320767868	0.657402729450305	0.993695588454555	NA	"abundance"	46	9
"PWY-7807: glyphosate degradation III"	"TimeNW"	"TimeNW"	"TimeNW"	-0.721431730429556	-0.0144260567140095	1.22013126438962	0.603245651413122	0.98142320767868	0.842585986877402	0.993695588454555	NA	"abundance"	46	9
"PWY-7851: coenzyme A biosynthesis II (eukaryotic)"	"FI"	"FI"	"FI"	-0.0521082990411004	-0.0218447081487729	0.0476284418065995	0.566129490852095	0.98142320767868	0.566129490852095	0.993695588454555	NA	"abundance"	46	46
"PWY-7851: coenzyme A biosynthesis II (eukaryotic)"	"Sex"	"Female"	"SexFemale"	0.00441001713401189	-0.0946946073416741	0.0970515958307891	0.394451478313967	0.98142320767868	0.394451478313967	0.98522843796502	NA	"abundance"	46	46
"PWY-7851: coenzyme A biosynthesis II (eukaryotic)"	"TimeNW"	"TimeNW"	"TimeNW"	0.0223231208176243	-0.0144260567140095	0.0496202306188499	0.629346725380882	0.98142320767868	0.629346725380882	0.993695588454555	NA	"abundance"	46	46
"PWY-7858: (5Z)-dodecenoate biosynthesis II"	"FI"	"FI"	"FI"	-0.236124332806879	-0.0218447081487729	0.384134682427553	0.583747234933985	0.98142320767868	0.826733635574897	0.993695588454555	NA	"abundance"	46	25
"PWY-7858: (5Z)-dodecenoate biosynthesis II"	"TimeNW"	"TimeNW"	"TimeNW"	-0.280129625574695	-0.0144260567140095	0.486327377950912	0.593455437216797	0.98142320767868	0.834721518471414	0.993695588454555	NA	"abundance"	46	25
"PWY-7883: anhydromuropeptides recycling II"	"Sex"	"Female"	"SexFemale"	0.170608909195659	-0.0946946073416741	0.652722831507909	0.689576395141562	0.98142320767868	0.901447622515637	0.998451798775976	NA	"abundance"	46	26
"PWY-7942: 5-oxo-L-proline metabolism"	"Sex"	"Female"	"SexFemale"	-0.725035628635881	-0.0946946073416741	1.04073173943645	0.553118550447816	0.98142320767868	0.346200184210545	0.96473999596638	NA	"abundance"	46	23
"PWY-7953: UDP-N-acetylmuramoyl-pentapeptide biosynthesis III (meso-diaminopimelate containing)"	"FI"	"FI"	"FI"	-0.0416848009072323	-0.0218447081487729	0.0357793441376294	0.639151614378852	0.98142320767868	0.639151614378852	0.993695588454555	NA	"abundance"	46	46
"PWY-7953: UDP-N-acetylmuramoyl-pentapeptide biosynthesis III (meso-diaminopimelate containing)"	"Location"	"Centre"	"LocationCentre"	-0.0741173168590853	-0.134762365173622	0.0759577292261354	0.512568100099945	0.98142320767868	0.512568100099945	0.993695588454555	NA	"abundance"	46	46
"PWY-7953: UDP-N-acetylmuramoyl-pentapeptide biosynthesis III (meso-diaminopimelate containing)"	"TimeNW"	"TimeNW"	"TimeNW"	0.0273454832150576	-0.0144260567140095	0.0372756118016518	0.543587865681539	0.98142320767868	0.543587865681539	0.993695588454555	NA	"abundance"	46	46
"PWY-7977: L-methionine biosynthesis IV"	"FI"	"FI"	"FI"	0.0170983500399196	-0.0218447081487729	0.037965535007894	0.38015533162416	0.98142320767868	0.38015533162416	0.980279247207519	NA	"abundance"	46	46
"PWY-7977: L-methionine biosynthesis IV"	"TimeNW"	"TimeNW"	"TimeNW"	-0.0587624342358742	-0.0144260567140095	0.0395532276766335	0.526868109487585	0.98142320767868	0.526868109487585	0.993695588454555	NA	"abundance"	46	46
"PWY-7992: superpathway of menaquinol-8 biosynthesis III"	"FI"	"FI"	"FI"	-0.114619458413392	-0.0218447081487729	0.208939979520379	0.663574499794678	0.98142320767868	0.489650851439055	0.993695588454555	NA	"abundance"	46	24
"PWY-8004: Entner-Doudoroff pathway I"	"TimeNW"	"TimeNW"	"TimeNW"	-0.0598981008105361	-0.0144260567140095	0.105543243505923	0.706172975183616	0.98142320767868	0.706172975183616	0.993695588454555	NA	"abundance"	46	46
"PWY-801: homocysteine and cysteine interconversion"	"Age"	"Age"	"Age"	0.314766583910451	0.115099219485005	0.244905762729631	0.42707121437232	0.98142320767868	0.344391283814256	0.96473999596638	NA	"abundance"	46	23
"PWY-801: homocysteine and cysteine interconversion"	"FI"	"FI"	"FI"	-0.235728665977654	-0.0218447081487729	0.23579611042675	0.378823930195254	0.98142320767868	0.614140290301929	0.993695588454555	NA	"abundance"	46	23
"PWY-801: homocysteine and cysteine interconversion"	"Location"	"Centre"	"LocationCentre"	0.398828693921917	-0.134762365173622	0.598275373078511	0.386006531100642	0.98142320767868	0.623012020148933	0.993695588454555	NA	"abundance"	46	23
"PWY-801: homocysteine and cysteine interconversion"	"Sex"	"Female"	"SexFemale"	-0.371995980876988	-0.0946946073416741	0.604591412883106	0.653424314518644	0.98142320767868	0.362390764165916	0.968877380286383	NA	"abundance"	46	23
"PWY-8073: lipid IVA biosynthesis (P. putida)"	"Age"	"Age"	"Age"	0.193285551516099	0.115099219485005	0.158736880927357	0.627912607568502	0.98142320767868	0.845635950940002	0.993695588454555	NA	"abundance"	46	44
"PWY-8073: lipid IVA biosynthesis (P. putida)"	"TimeNW"	"TimeNW"	"TimeNW"	0.0979806708917049	-0.0144260567140095	0.157044578284932	0.504325680123547	0.98142320767868	0.754306968615016	0.993695588454555	NA	"abundance"	46	44
"PWY-8112: factor 420 biosynthesis I (archaea)"	"Age"	"Age"	"Age"	-0.138631291237009	0.115099219485005	0.432793980897371	0.583086884764271	0.98142320767868	0.82618345434444	0.993695588454555	NA	"abundance"	46	11
"PWY-8112: factor 420 biosynthesis I (archaea)"	"FI"	"FI"	"FI"	0.216642376389452	-0.0218447081487729	0.473541506205189	0.636054185979986	0.98142320767868	0.828206922897065	0.993695588454555	NA	"abundance"	46	11
"PWY-8112: factor 420 biosynthesis I (archaea)"	"Location"	"Centre"	"LocationCentre"	1.10655008326361	-0.134762365173622	3.23244579068884	0.716703772942064	0.98142320767868	0.057423064627835	0.686415561393386	NA	"abundance"	46	11
"PWY-8112: factor 420 biosynthesis I (archaea)"	"Sex"	"Female"	"SexFemale"	-0.772713402792849	-0.0946946073416741	1.12741308519813	0.574165500538364	0.98142320767868	0.818664979068258	0.993695588454555	NA	"abundance"	46	11
"PWY-8113: 3PG-factor 420 biosynthesis"	"Age"	"Age"	"Age"	-0.118635450235523	0.115099219485005	0.431089895582226	0.610881563227228	0.98142320767868	0.848586842163514	0.993695588454555	NA	"abundance"	46	11
"PWY-8113: 3PG-factor 420 biosynthesis"	"FI"	"FI"	"FI"	0.226813141851924	-0.0218447081487729	0.471676981367845	0.620770590320126	0.98142320767868	0.828206922897065	0.993695588454555	NA	"abundance"	46	11
"PWY-8113: 3PG-factor 420 biosynthesis"	"Location"	"Centre"	"LocationCentre"	1.18260831066577	-0.134762365173622	3.21971834149351	0.699329614496972	0.98142320767868	0.057423064627835	0.686415561393386	NA	"abundance"	46	11
"PWY-8113: 3PG-factor 420 biosynthesis"	"Sex"	"Female"	"SexFemale"	-0.920631157642287	-0.0946946073416741	1.12297400293871	0.495491684946728	0.98142320767868	0.745471360042108	0.993695588454555	NA	"abundance"	46	11
"PWY-8131: 5'-deoxyadenosine degradation II"	"Age"	"Age"	"Age"	-0.0734370075550004	0.115099219485005	0.213350455659269	0.383453145842205	0.98142320767868	0.619869976628126	0.993695588454555	NA	"abundance"	46	44
"PWY-8131: 5'-deoxyadenosine degradation II"	"FI"	"FI"	"FI"	0.0723715540023055	-0.0218447081487729	0.203611925990415	0.647655112079174	0.98142320767868	0.4720734274182	0.993695588454555	NA	"abundance"	46	44
"PWY-8131: 5'-deoxyadenosine degradation II"	"Location"	"Centre"	"LocationCentre"	-0.429428001818292	-0.134762365173622	0.418267615855874	0.487982732522182	0.98142320767868	0.737838317804549	0.993695588454555	NA	"abundance"	46	44
"PWY-8131: 5'-deoxyadenosine degradation II"	"Sex"	"Female"	"SexFemale"	0.286853962910125	-0.0946946073416741	0.405561399560396	0.357241078690407	0.98142320767868	0.586860969076929	0.993695588454555	NA	"abundance"	46	44
"PWY-8178: pentose phosphate pathway (non-oxidative branch) II"	"Sex"	"Female"	"SexFemale"	0.0187192312546414	-0.0946946073416741	0.120959896978014	0.406016546166481	0.98142320767868	0.406016546166481	0.990896575658083	NA	"abundance"	46	46
"PWY-8187: L-arginine degradation XIII (reductive Stickland reaction)"	"Sex"	"Female"	"SexFemale"	-0.305318179325327	-0.0946946073416741	0.226318257211221	0.372690360404646	0.98142320767868	0.372690360404646	0.977433209363127	NA	"abundance"	46	46
"PWY-8187: L-arginine degradation XIII (reductive Stickland reaction)"	"TimeNW"	"TimeNW"	"TimeNW"	0.0454900598874494	-0.0144260567140095	0.115711277284472	0.644347226708463	0.98142320767868	0.644347226708463	0.993695588454555	NA	"abundance"	46	46
"PWY-8188: L-alanine degradation VI (reductive Stickland reaction)"	"Sex"	"Female"	"SexFemale"	0.708365199373268	-0.0946946073416741	0.569137348103618	0.393838943335562	0.98142320767868	0.632568773383452	0.993695588454555	NA	"abundance"	46	7
"PWY-8189: L-alanine degradation V (oxidative Stickland reaction)"	"Sex"	"Female"	"SexFemale"	0.708365199373268	-0.0946946073416741	0.569137348103618	0.394085534347123	0.98142320767868	0.632867660312589	0.993695588454555	NA	"abundance"	46	7
"PWY-8190: L-glutamate degradation XI (reductive Stickland reaction)"	"TimeNW"	"TimeNW"	"TimeNW"	-0.393083102104895	-0.0144260567140095	0.566170702667232	0.534982449195023	0.98142320767868	0.172445910285818	0.905949068804327	NA	"abundance"	46	11
"PWY-821: superpathway of sulfur amino acid biosynthesis (Saccharomyces cerevisiae)"	"Age"	"Age"	"Age"	0.287227939396366	0.115099219485005	0.26305430125875	0.519124692197545	0.98142320767868	0.501692805447355	0.993695588454555	NA	"abundance"	46	32
"PWY-821: superpathway of sulfur amino acid biosynthesis (Saccharomyces cerevisiae)"	"Location"	"Centre"	"LocationCentre"	0.181679413255828	-0.134762365173622	0.580600228450094	0.591244677169971	0.98142320767868	0.633915923253747	0.993695588454555	NA	"abundance"	46	32
"PWY-821: superpathway of sulfur amino acid biosynthesis (Saccharomyces cerevisiae)"	"Sex"	"Female"	"SexFemale"	-0.369728466895433	-0.0946946073416741	0.540887787549697	0.617053214294653	0.98142320767868	0.612228481188344	0.993695588454555	NA	"abundance"	46	32
"PWY-821: superpathway of sulfur amino acid biosynthesis (Saccharomyces cerevisiae)"	"TimeNW"	"TimeNW"	"TimeNW"	-0.20782374287572	-0.0144260567140095	0.275985819536099	0.498124533272383	0.98142320767868	0.748121015896937	0.993695588454555	NA	"abundance"	46	32
"PWY-822: fructan biosynthesis"	"Location"	"Centre"	"LocationCentre"	0.268948690186271	-0.134762365173622	0.750469770229581	0.60396666963017	0.98142320767868	0.153784392090708	0.895719802447789	NA	"abundance"	46	15
"PWY-841: superpathway of purine nucleotides de novo biosynthesis I"	"Sex"	"Female"	"SexFemale"	-0.0413043210315023	-0.0946946073416741	0.0813477416341962	0.599825608669156	0.98142320767868	0.599825608669156	0.993695588454555	NA	"abundance"	46	46
"PWY-841: superpathway of purine nucleotides de novo biosynthesis I"	"TimeNW"	"TimeNW"	"TimeNW"	0.0191188577138978	-0.0144260567140095	0.0415912140924413	0.636748045210889	0.98142320767868	0.636748045210889	0.993695588454555	NA	"abundance"	46	46
"PWY-I9: L-cysteine biosynthesis VI (from L-methionine)"	"Location"	"Centre"	"LocationCentre"	-0.410596710882465	-0.134762365173622	0.452445927816026	0.547213230695201	0.98142320767868	0.547213230695201	0.993695588454555	NA	"abundance"	46	46
"PWY-I9: L-cysteine biosynthesis VI (from L-methionine)"	"Sex"	"Female"	"SexFemale"	0.254012932592361	-0.0946946073416741	0.43427356469479	0.430168847590684	0.98142320767868	0.430168847590684	0.993695588454555	NA	"abundance"	46	46
"PWY-I9: L-cysteine biosynthesis VI (from L-methionine)"	"TimeNW"	"TimeNW"	"TimeNW"	-0.100781505707873	-0.0144260567140095	0.222034004153792	0.707977861688353	0.98142320767868	0.707977861688353	0.993695588454555	NA	"abundance"	46	46
"PWY0-1061: superpathway of L-alanine biosynthesis"	"Age"	"Age"	"Age"	0.209253266738329	0.115099219485005	0.181754424190676	0.609596982463433	0.98142320767868	0.847585483898343	0.993695588454555	NA	"abundance"	46	41
"PWY0-1241: ADP-L-glycero-&beta;-D-manno-heptose biosynthesis"	"Age"	"Age"	"Age"	0.0503638981197181	0.115099219485005	0.164632286809435	0.697940212577259	0.98142320767868	0.615808265860652	0.993695588454555	NA	"abundance"	46	44
"PWY0-1241: ADP-L-glycero-&beta;-D-manno-heptose biosynthesis"	"Location"	"Centre"	"LocationCentre"	0.166154940858438	-0.134762365173622	0.34769266666287	0.396782860168867	0.98142320767868	0.297320054686929	0.954417715573453	NA	"abundance"	46	44
"PWY0-1241: ADP-L-glycero-&beta;-D-manno-heptose biosynthesis"	"Sex"	"Female"	"SexFemale"	-0.265761552634415	-0.0946946073416741	0.321289251758563	0.603230590781886	0.98142320767868	0.675278440657804	0.993695588454555	NA	"abundance"	46	44
"PWY0-1261: anhydromuropeptides recycling I"	"Age"	"Age"	"Age"	0.192908834347642	0.115099219485005	0.180351503625311	0.66980835107868	0.98142320767868	0.66980835107868	0.993695588454555	NA	"abundance"	46	46
"PWY0-1261: anhydromuropeptides recycling I"	"Sex"	"Female"	"SexFemale"	-0.351664089328286	-0.0946946073416741	0.356364840956352	0.480673988194829	0.98142320767868	0.480673988194829	0.993695588454555	NA	"abundance"	46	46
"PWY0-1277: 3-phenylpropanoate and 3-(3-hydroxyphenyl)propanoate degradation"	"FI"	"FI"	"FI"	-0.279086463482032	-0.0218447081487729	0.296037871173341	0.410974224158947	0.98142320767868	0.421491798149181	0.993695588454555	NA	"abundance"	46	14
"PWY0-1277: 3-phenylpropanoate and 3-(3-hydroxyphenyl)propanoate degradation"	"TimeNW"	"TimeNW"	"TimeNW"	-0.525915013680004	-0.0144260567140095	1.03677986933676	0.635403825025963	0.98142320767868	0.52870106474288	0.993695588454555	NA	"abundance"	46	14
"PWY0-1296: purine ribonucleosides degradation"	"Age"	"Age"	"Age"	0.141965635953204	0.115099219485005	0.0674502906861776	0.706277751131205	0.98142320767868	0.706277751131205	0.993695588454555	NA	"abundance"	46	46
"PWY0-1297: superpathway of purine deoxyribonucleosides degradation"	"Age"	"Age"	"Age"	0.299565540053194	0.115099219485005	0.215102410557003	0.39779347699475	0.98142320767868	0.39779347699475	0.98522843796502	NA	"abundance"	46	46
"PWY0-1297: superpathway of purine deoxyribonucleosides degradation"	"Sex"	"Female"	"SexFemale"	0.221366300553237	-0.0946946073416741	0.425030758195	0.465253336450288	0.98142320767868	0.465253336450288	0.993695588454555	NA	"abundance"	46	46
"PWY0-1298: superpathway of pyrimidine deoxyribonucleosides degradation"	"Sex"	"Female"	"SexFemale"	-0.40627002317643	-0.0946946073416741	0.464980846170713	0.509821371827397	0.98142320767868	0.655870243922588	0.993695588454555	NA	"abundance"	46	45
"PWY0-1337: oleate &beta;-oxidation"	"Age"	"Age"	"Age"	0.37672489760774	0.115099219485005	0.390655103688031	0.513333104168062	0.98142320767868	0.450302059792847	0.993695588454555	NA	"abundance"	46	21
"PWY0-1337: oleate &beta;-oxidation"	"Location"	"Centre"	"LocationCentre"	-0.706714811593479	-0.134762365173622	0.924395007640284	0.545657302328532	0.98142320767868	0.600077983004137	0.993695588454555	NA	"abundance"	46	21
"PWY0-1415: superpathway of heme b biosynthesis from uroporphyrinogen-III"	"Age"	"Age"	"Age"	0.509690239064224	0.115099219485005	0.42015285028805	0.357822528754919	0.98142320767868	0.488769649880488	0.993695588454555	NA	"abundance"	46	29
"PWY0-1415: superpathway of heme b biosynthesis from uroporphyrinogen-III"	"Location"	"Centre"	"LocationCentre"	-0.477585600228764	-0.134762365173622	0.941780434576416	0.719296581678401	0.98142320767868	0.921205590942569	0.998451798775976	NA	"abundance"	46	29
"PWY0-1477: ethanolamine utilization"	"Age"	"Age"	"Age"	0.258631621456103	0.115099219485005	0.18800753856011	0.451916423097728	0.98142320767868	0.451916423097728	0.993695588454555	NA	"abundance"	46	46
"PWY0-1477: ethanolamine utilization"	"FI"	"FI"	"FI"	0.105889733677991	-0.0218447081487729	0.182311489195331	0.49008625140092	0.98142320767868	0.49008625140092	0.993695588454555	NA	"abundance"	46	46
"PWY0-1477: ethanolamine utilization"	"Location"	"Centre"	"LocationCentre"	0.0317699795405567	-0.134762365173622	0.387038026126043	0.671586236017485	0.98142320767868	0.671586236017485	0.993695588454555	NA	"abundance"	46	46
"PWY0-1479: tRNA processing"	"FI"	"FI"	"FI"	0.0496999793971021	-0.0218447081487729	0.175504896953883	0.687853236607395	0.98142320767868	0.29863405948304	0.954417715573453	NA	"abundance"	46	42
"PWY0-1479: tRNA processing"	"Sex"	"Female"	"SexFemale"	-0.275777726972651	-0.0946946073416741	0.36104735098001	0.623170204227867	0.98142320767868	0.574896429427067	0.993695588454555	NA	"abundance"	46	42
"PWY0-1533: methylphosphonate degradation I"	"FI"	"FI"	"FI"	0.790111443368884	-0.0218447081487729	1.20978176977273	0.550092902807112	0.98142320767868	0.79758360389547	0.993695588454555	NA	"abundance"	46	9
"PWY0-1533: methylphosphonate degradation I"	"Sex"	"Female"	"SexFemale"	-1.1039104659268	-0.0946946073416741	2.2887614679205	0.689104201087978	0.98142320767868	0.657402729450305	0.993695588454555	NA	"abundance"	46	9
"PWY0-1533: methylphosphonate degradation I"	"TimeNW"	"TimeNW"	"TimeNW"	-0.721954299538531	-0.0144260567140095	1.27966259028738	0.619110498290859	0.98142320767868	0.854923187487762	0.993695588454555	NA	"abundance"	46	9
"PWY0-1586: peptidoglycan maturation (meso-diaminopimelate containing)"	"Sex"	"Female"	"SexFemale"	0.0113942609713767	-0.0946946073416741	0.156092827647033	0.529110624461829	0.98142320767868	0.529110624461829	0.993695588454555	NA	"abundance"	46	46
"PWY0-166: superpathway of pyrimidine deoxyribonucleotides de novo biosynthesis (E. coli)"	"FI"	"FI"	"FI"	0.166972535270506	-0.0218447081487729	0.267759117444908	0.488996517231591	0.98142320767868	0.738875440598556	0.993695588454555	NA	"abundance"	46	29
"PWY0-166: superpathway of pyrimidine deoxyribonucleotides de novo biosynthesis (E. coli)"	"TimeNW"	"TimeNW"	"TimeNW"	-0.20088906108913	-0.0144260567140095	0.315996866518595	0.566846580886223	0.98142320767868	0.812378115510045	0.993695588454555	NA	"abundance"	46	29
"PWY0-301: L-ascorbate degradation I (bacterial, anaerobic)"	"Age"	"Age"	"Age"	0.326378014689994	0.115099219485005	0.363556830467608	0.565993946374031	0.98142320767868	0.458539366122147	0.993695588454555	NA	"abundance"	46	34
"PWY0-301: L-ascorbate degradation I (bacterial, anaerobic)"	"FI"	"FI"	"FI"	0.208110880403644	-0.0218447081487729	0.337653680537672	0.50194373151693	0.98142320767868	0.75193995342472	0.993695588454555	NA	"abundance"	46	34
"PWY0-301: L-ascorbate degradation I (bacterial, anaerobic)"	"Location"	"Centre"	"LocationCentre"	0.292286609130821	-0.134762365173622	0.750525677816259	0.57432465961632	0.98142320767868	0.818800504589238	0.993695588454555	NA	"abundance"	46	34
"PWY0-301: L-ascorbate degradation I (bacterial, anaerobic)"	"TimeNW"	"TimeNW"	"TimeNW"	-0.368352919880072	-0.0144260567140095	0.377612495007912	0.361729311292147	0.98142320767868	0.592610527936403	0.993695588454555	NA	"abundance"	46	34
"PWY0-41: allantoin degradation IV (anaerobic)"	"Age"	"Age"	"Age"	0.9882236203294	0.115099219485005	0.96947981867201	0.43406154360426	0.98142320767868	0.102594214168514	0.798167673661758	NA	"abundance"	46	9
"PWY0-42: 2-methylcitrate cycle I"	"FI"	"FI"	"FI"	-0.187349533848016	-0.0218447081487729	0.355670869629303	0.647624223321514	0.98142320767868	0.875831312010234	0.996783998657935	NA	"abundance"	46	24
"PWY0-42: 2-methylcitrate cycle I"	"TimeNW"	"TimeNW"	"TimeNW"	-0.369766321604405	-0.0144260567140095	0.463718903570906	0.456361405545233	0.98142320767868	0.704457078619246	0.993695588454555	NA	"abundance"	46	24
"PWY0-781: aspartate superpathway"	"FI"	"FI"	"FI"	0.0953721059551187	-0.0218447081487729	0.257463241216023	0.653708544749231	0.98142320767868	0.880082228020305	0.996959287214095	NA	"abundance"	46	31
"PWY0-845: superpathway of pyridoxal 5'-phosphate biosynthesis and salvage"	"TimeNW"	"TimeNW"	"TimeNW"	-0.0533452814725429	-0.0144260567140095	0.0862866366801308	0.708363768301913	0.98142320767868	0.708363768301913	0.993695588454555	NA	"abundance"	46	46
"PWY0-862: (5Z)-dodecenoate biosynthesis I"	"FI"	"FI"	"FI"	0.0662269957037885	-0.0218447081487729	0.184603814491172	0.637452462084586	0.98142320767868	0.637452462084586	0.993695588454555	NA	"abundance"	46	46
"PWY0-862: (5Z)-dodecenoate biosynthesis I"	"Location"	"Centre"	"LocationCentre"	0.209050288735783	-0.134762365173622	0.391904516228542	0.388486503196442	0.98142320767868	0.388486503196442	0.980622710853004	NA	"abundance"	46	46
"PWY1ZNC-1: assimilatory sulfate reduction IV"	"Location"	"Centre"	"LocationCentre"	0.239822700911771	-0.134762365173622	0.516117871892685	0.474375527104515	0.98142320767868	0.470615677019061	0.993695588454555	NA	"abundance"	46	42
"PWY1ZNC-1: assimilatory sulfate reduction IV"	"TimeNW"	"TimeNW"	"TimeNW"	-0.213966737527323	-0.0144260567140095	0.245131121966379	0.432518668461185	0.98142320767868	0.677964938354933	0.993695588454555	NA	"abundance"	46	42
"PWY3O-4107: NAD salvage pathway V (PNC V cycle)"	"Sex"	"Female"	"SexFemale"	-0.539868512672786	-0.0946946073416741	0.501075099923323	0.383248721929518	0.98142320767868	0.619617860998427	0.993695588454555	NA	"abundance"	46	41
"PWY4FS-7: phosphatidylglycerol biosynthesis I (plastidic)"	"Location"	"Centre"	"LocationCentre"	-0.322346507842342	-0.134762365173622	0.325812208116194	0.571928886482066	0.98142320767868	0.571928886482066	0.993695588454555	NA	"abundance"	46	46
"PWY4FS-8: phosphatidylglycerol biosynthesis II (non-plastidic)"	"Location"	"Centre"	"LocationCentre"	-0.322346507842342	-0.134762365173622	0.325812208116194	0.572133139659111	0.98142320767868	0.572133139659111	0.993695588454555	NA	"abundance"	46	46
"PWY4LZ-257: superpathway of fermentation (Chlamydomonas reinhardtii)"	"Age"	"Age"	"Age"	0.313064844278593	0.115099219485005	0.297585979058069	0.510694532334385	0.98142320767868	0.624085129904414	0.993695588454555	NA	"abundance"	46	42
"PWY4LZ-257: superpathway of fermentation (Chlamydomonas reinhardtii)"	"FI"	"FI"	"FI"	0.107896077598259	-0.0218447081487729	0.281292274999329	0.647972154147379	0.98142320767868	0.363316745117361	0.968877380286383	NA	"abundance"	46	42
"PWY4LZ-257: superpathway of fermentation (Chlamydomonas reinhardtii)"	"Location"	"Centre"	"LocationCentre"	0.359595219875411	-0.134762365173622	0.619604315769073	0.430992022077974	0.98142320767868	0.670944057499428	0.993695588454555	NA	"abundance"	46	42
"PWY4LZ-257: superpathway of fermentation (Chlamydomonas reinhardtii)"	"Sex"	"Female"	"SexFemale"	-0.324989634233105	-0.0946946073416741	0.584525093596551	0.697036002335047	0.98142320767868	0.90821281611887	0.998451798775976	NA	"abundance"	46	42
"PWY4LZ-257: superpathway of fermentation (Chlamydomonas reinhardtii)"	"TimeNW"	"TimeNW"	"TimeNW"	0.213128609606054	-0.0144260567140095	0.282424841577074	0.434309262056094	0.98142320767868	0.679993989004479	0.993695588454555	NA	"abundance"	46	42
"PWY66-367: ketogenesis"	"Age"	"Age"	"Age"	0.517238716513283	0.115099219485005	0.430379115463852	0.403120183585286	0.98142320767868	0.643734484756737	0.993695588454555	NA	"abundance"	46	10
"PWY66-367: ketogenesis"	"FI"	"FI"	"FI"	-0.375099443629071	-0.0218447081487729	0.533544406212719	0.544281058404329	0.98142320767868	0.792320246270921	0.993695588454555	NA	"abundance"	46	10
"PWY66-367: ketogenesis"	"TimeNW"	"TimeNW"	"TimeNW"	-0.410011140550142	-0.0144260567140095	0.768713606792719	0.634754015918296	0.98142320767868	0.400944430233033	0.98522843796502	NA	"abundance"	46	10
"PWY66-389: phytol degradation"	"Location"	"Centre"	"LocationCentre"	-0.692299152217643	-0.134762365173622	1.29669984640717	0.673399157378123	0.98142320767868	0.860140859500884	0.993695588454555	NA	"abundance"	46	21
"PWY66-391: fatty acid &beta;-oxidation VI (mammalian peroxisome)"	"Age"	"Age"	"Age"	0.0214772353249313	0.115099219485005	0.236830795817736	0.6968123575575	0.98142320767868	0.773274516013747	0.993695588454555	NA	"abundance"	46	29
"PWY66-391: fatty acid &beta;-oxidation VI (mammalian peroxisome)"	"TimeNW"	"TimeNW"	"TimeNW"	-0.114986602291533	-0.0144260567140095	0.199227742198706	0.631691550558368	0.98142320767868	0.864348886069901	0.993695588454555	NA	"abundance"	46	29
"PWY66-429: fatty acid biosynthesis initiation (mitochondria)"	"FI"	"FI"	"FI"	-0.0475406216292028	-0.0218447081487729	0.0357171560088058	0.544792745194694	0.98142320767868	0.544792745194694	0.993695588454555	NA	"abundance"	46	46
"PWY66-429: fatty acid biosynthesis initiation (mitochondria)"	"TimeNW"	"TimeNW"	"TimeNW"	-0.0502902436721153	-0.0144260567140095	0.0372108230078779	0.601912741690931	0.98142320767868	0.601912741690931	0.993695588454555	NA	"abundance"	46	46
"PWY66-430: myristate biosynthesis (mitochondria)"	"Sex"	"Female"	"SexFemale"	0.685963352695282	-0.0946946073416741	1.9584669814306	0.716899546008645	0.98142320767868	0.919854132949888	0.998451798775976	NA	"abundance"	46	9
"PWY66-430: myristate biosynthesis (mitochondria)"	"TimeNW"	"TimeNW"	"TimeNW"	2.18020215927844	-0.0144260567140095	4.88049915458378	0.683443004557936	0.98142320767868	0.378685468520026	0.980279247207519	NA	"abundance"	46	9
"PYRIDNUCSAL-PWY: NAD salvage pathway I (PNC VI cycle)"	"Sex"	"Female"	"SexFemale"	-0.502663134875855	-0.0946946073416741	0.451913858375032	0.37678629834638	0.98142320767868	0.611604682071192	0.993695588454555	NA	"abundance"	46	41
"PYRIDNUCSYN-PWY: NAD de novo biosynthesis I (from aspartate)"	"FI"	"FI"	"FI"	0.000849677670308128	-0.0218447081487729	0.0372627778882369	0.60471256648849	0.98142320767868	0.60471256648849	0.993695588454555	NA	"abundance"	46	46
"PYRIDNUCSYN-PWY: NAD de novo biosynthesis I (from aspartate)"	"TimeNW"	"TimeNW"	"TimeNW"	0.0209605624556644	-0.0144260567140095	0.0388210817356006	0.611560649977023	0.98142320767868	0.611560649977023	0.993695588454555	NA	"abundance"	46	46
"PYRIDOXSYN-PWY: pyridoxal 5'-phosphate biosynthesis I"	"TimeNW"	"TimeNW"	"TimeNW"	-0.0844320383039995	-0.0144260567140095	0.106880423249026	0.566168036775022	0.98142320767868	0.566168036775022	0.993695588454555	NA	"abundance"	46	46
"REDCITCYC: TCA cycle VI (Helicobacter)"	"Location"	"Centre"	"LocationCentre"	-0.861576976131542	-0.134762365173622	0.762971064097388	0.354310763284719	0.98142320767868	0.158263787691006	0.897061821880354	NA	"abundance"	46	24
"REDCITCYC: TCA cycle VI (Helicobacter)"	"Sex"	"Female"	"SexFemale"	0.268814585614228	-0.0946946073416741	0.758838802536626	0.638463532738666	0.98142320767868	0.345341555937706	0.96473999596638	NA	"abundance"	46	24
"RUMP-PWY: formaldehyde oxidation I"	"TimeNW"	"TimeNW"	"TimeNW"	0.154491265879294	-0.0144260567140095	0.286444972408805	0.569668905035207	0.98142320767868	0.814815148706402	0.993695588454555	NA	"abundance"	46	24
"SALVADEHYPOX-PWY: adenosine nucleotides degradation II"	"FI"	"FI"	"FI"	0.115538738343693	-0.0218447081487729	0.215295670597517	0.528960318080913	0.98142320767868	0.778121618057565	0.993695588454555	NA	"abundance"	46	45
"SALVADEHYPOX-PWY: adenosine nucleotides degradation II"	"Location"	"Centre"	"LocationCentre"	-0.35638666349214	-0.134762365173622	0.454459950572107	0.630273403691498	0.98142320767868	0.86330224398213	0.993695588454555	NA	"abundance"	46	45
"SALVADEHYPOX-PWY: adenosine nucleotides degradation II"	"Sex"	"Female"	"SexFemale"	0.278439342674385	-0.0946946073416741	0.437395414205415	0.402739109345904	0.98142320767868	0.643279428495076	0.993695588454555	NA	"abundance"	46	45
"SALVADEHYPOX-PWY: adenosine nucleotides degradation II"	"TimeNW"	"TimeNW"	"TimeNW"	0.193788516191481	-0.0144260567140095	0.221938709352326	0.368352299115247	0.98142320767868	0.601021181967006	0.993695588454555	NA	"abundance"	46	45
"SER-GLYSYN-PWY: superpathway of L-serine and glycine biosynthesis I"	"FI"	"FI"	"FI"	0.0149760265819733	-0.0218447081487729	0.0363475289192008	0.392297671552111	0.98142320767868	0.392297671552111	0.983101737002587	NA	"abundance"	46	46
"SER-GLYSYN-PWY: superpathway of L-serine and glycine biosynthesis I"	"Location"	"Centre"	"LocationCentre"	-0.0818854496707728	-0.134762365173622	0.077163956641121	0.571382760167064	0.98142320767868	0.571382760167064	0.993695588454555	NA	"abundance"	46	46
"SER-GLYSYN-PWY: superpathway of L-serine and glycine biosynthesis I"	"Sex"	"Female"	"SexFemale"	-0.028488614023589	-0.0946946073416741	0.0740646880794114	0.492646199352361	0.98142320767868	0.492646199352361	0.993695588454555	NA	"abundance"	46	46
"SO4ASSIM-PWY: assimilatory sulfate reduction I"	"FI"	"FI"	"FI"	0.107884668784497	-0.0218447081487729	0.278953313344608	0.645492116796338	0.98142320767868	0.788331558721176	0.993695588454555	NA	"abundance"	46	38
"SO4ASSIM-PWY: assimilatory sulfate reduction I"	"Location"	"Centre"	"LocationCentre"	0.416241845776621	-0.134762365173622	0.673196104917081	0.420030313388602	0.98142320767868	0.570774705234035	0.993695588454555	NA	"abundance"	46	38
"SO4ASSIM-PWY: assimilatory sulfate reduction I"	"Sex"	"Female"	"SexFemale"	-0.569962601110015	-0.0946946073416741	0.614123408183084	0.446560066963061	0.98142320767868	0.693704240520068	0.993695588454555	NA	"abundance"	46	38
"SO4ASSIM-PWY: assimilatory sulfate reduction I"	"TimeNW"	"TimeNW"	"TimeNW"	-0.171469985060278	-0.0144260567140095	0.306876829921966	0.617911204646914	0.98142320767868	0.854008152465628	0.993695588454555	NA	"abundance"	46	38
"SULFATE-CYS-PWY: superpathway of sulfate assimilation and cysteine biosynthesis"	"FI"	"FI"	"FI"	0.0831808115280305	-0.0218447081487729	0.230095734662467	0.652484859947314	0.98142320767868	0.788331558721176	0.993695588454555	NA	"abundance"	46	38
"SULFATE-CYS-PWY: superpathway of sulfate assimilation and cysteine biosynthesis"	"Location"	"Centre"	"LocationCentre"	0.372642385921778	-0.134762365173622	0.555288447645897	0.369248190313352	0.98142320767868	0.570774705234035	0.993695588454555	NA	"abundance"	46	38
"SULFATE-CYS-PWY: superpathway of sulfate assimilation and cysteine biosynthesis"	"Sex"	"Female"	"SexFemale"	-0.331863106528994	-0.0946946073416741	0.506562102041568	0.644756614474622	0.98142320767868	0.807899549017721	0.993695588454555	NA	"abundance"	46	38
"SULFATE-CYS-PWY: superpathway of sulfate assimilation and cysteine biosynthesis"	"TimeNW"	"TimeNW"	"TimeNW"	-0.140629911681793	-0.0144260567140095	0.253128556836869	0.629726983173358	0.98142320767868	0.862897893010097	0.993695588454555	NA	"abundance"	46	38
"TCA-GLYOX-BYPASS: superpathway of glyoxylate bypass and TCA"	"FI"	"FI"	"FI"	-0.153164999015966	-0.0218447081487729	0.19729774302049	0.515505804745773	0.98142320767868	0.765265374764959	0.993695588454555	NA	"abundance"	46	25
"TCA: TCA cycle I (prokaryotic)"	"Age"	"Age"	"Age"	0.278015391838389	0.115099219485005	0.1915375238474	0.407294152084191	0.98142320767868	0.630647898597001	0.993695588454555	NA	"abundance"	46	27
"TCA: TCA cycle I (prokaryotic)"	"TimeNW"	"TimeNW"	"TimeNW"	0.187173115263921	-0.0144260567140095	0.24002242711962	0.422658505424324	0.98142320767868	0.666676798641124	0.993695588454555	NA	"abundance"	46	27
"THISYNARA-PWY: superpathway of thiamine diphosphate biosynthesis III (eukaryotes)"	"FI"	"FI"	"FI"	-0.0696159703343299	-0.0218447081487729	0.11228561550907	0.677511845985904	0.98142320767868	0.677511845985904	0.993695588454555	NA	"abundance"	46	46
"THISYNARA-PWY: superpathway of thiamine diphosphate biosynthesis III (eukaryotes)"	"TimeNW"	"TimeNW"	"TimeNW"	0.0397793728908731	-0.0144260567140095	0.116981323037269	0.678762675693936	0.98142320767868	0.678762675693936	0.993695588454555	NA	"abundance"	46	46
"THREOCAT-PWY: superpathway of L-threonine metabolism"	"Age"	"Age"	"Age"	-0.475102776991698	0.115099219485005	1.14456146538232	0.696832393786921	0.98142320767868	0.0491776413645638	0.686415561393386	NA	"abundance"	46	7
"THRESYN-PWY: superpathway of L-threonine biosynthesis"	"FI"	"FI"	"FI"	-0.0419399933055773	-0.0218447081487729	0.0344683071535605	0.625918202706726	0.98142320767868	0.625918202706726	0.993695588454555	NA	"abundance"	46	46
"THRESYN-PWY: superpathway of L-threonine biosynthesis"	"Sex"	"Female"	"SexFemale"	-0.010470940105692	-0.0946946073416741	0.0702354326102545	0.369371668620943	0.98142320767868	0.369371668620943	0.975808581655669	NA	"abundance"	46	46
"TRNA-CHARGING-PWY: tRNA charging"	"TimeNW"	"TimeNW"	"TimeNW"	0.0287034547885554	-0.0144260567140095	0.0406018672081232	0.541358263133732	0.98142320767868	0.541358263133732	0.993695588454555	NA	"abundance"	46	46
"TRPSYN-PWY: L-tryptophan biosynthesis"	"Age"	"Age"	"Age"	0.0764058055182858	0.115099219485005	0.0514279863737994	0.49373163622126	0.98142320767868	0.49373163622126	0.993695588454555	NA	"abundance"	46	46
"TRPSYN-PWY: L-tryptophan biosynthesis"	"Sex"	"Female"	"SexFemale"	-0.0108747401723776	-0.0946946073416741	0.101618926465287	0.48245373301648	0.98142320767868	0.48245373301648	0.993695588454555	NA	"abundance"	46	46
"UBISYN-PWY: superpathway of ubiquinol-8 biosynthesis (early decarboxylation)"	"FI"	"FI"	"FI"	-0.949731377706579	-0.0218447081487729	0.903929868329744	0.412535906747662	0.98142320767868	0.0319202739792485	0.588971426962239	NA	"abundance"	46	8
"UBISYN-PWY: superpathway of ubiquinol-8 biosynthesis (early decarboxylation)"	"Location"	"Centre"	"LocationCentre"	2.0457831394926	-0.134762365173622	2.09660014930884	0.40752733859873	0.98142320767868	0.571684175721065	0.993695588454555	NA	"abundance"	46	8
"UBISYN-PWY: superpathway of ubiquinol-8 biosynthesis (early decarboxylation)"	"TimeNW"	"TimeNW"	"TimeNW"	-2.71926587404929	-0.0144260567140095	2.69474974453983	0.421272283030466	0.98142320767868	0.665074229611231	0.993695588454555	NA	"abundance"	46	8
"UDPNAGSYN-PWY: UDP-N-acetyl-D-glucosamine biosynthesis I"	"FI"	"FI"	"FI"	-0.116269911227576	-0.0218447081487729	0.106803176253144	0.391111184636191	0.98142320767868	0.391111184636191	0.982321173200419	NA	"abundance"	46	46
"UDPNAGSYN-PWY: UDP-N-acetyl-D-glucosamine biosynthesis I"	"Sex"	"Female"	"SexFemale"	0.0661726625935354	-0.0946946073416741	0.217630858831254	0.479863486669145	0.98142320767868	0.479863486669145	0.993695588454555	NA	"abundance"	46	46
"URDEGR-PWY: superpathway of allantoin degradation in plants"	"Age"	"Age"	"Age"	1.20187458515527	0.115099219485005	1.38405955696706	0.576160571180316	0.98142320767868	0.351268806437833	0.968877380286383	NA	"abundance"	46	7
"URDEGR-PWY: superpathway of allantoin degradation in plants"	"FI"	"FI"	"FI"	0.749309861748109	-0.0218447081487729	1.44414219996854	0.68771462521485	0.98142320767868	0.447631244973246	0.993695588454555	NA	"abundance"	46	7
"URDEGR-PWY: superpathway of allantoin degradation in plants"	"TimeNW"	"TimeNW"	"TimeNW"	5.71006516499277	-0.0144260567140095	6.69554431993965	0.549685893577454	0.98142320767868	0.755597074232174	0.993695588454555	NA	"abundance"	46	7
"VALSYN-PWY: L-valine biosynthesis"	"FI"	"FI"	"FI"	-0.00750798103345356	-0.0218447081487729	0.0235498160704738	0.659815827802642	0.98142320767868	0.659815827802642	0.993695588454555	NA	"abundance"	46	46
"VALSYN-PWY: L-valine biosynthesis"	"Location"	"Centre"	"LocationCentre"	-0.175956707609853	-0.134762365173622	0.049995062668716	0.573244934926237	0.98142320767868	0.573244934926237	0.993695588454555	NA	"abundance"	46	46
"VALSYN-PWY: L-valine biosynthesis"	"Sex"	"Female"	"SexFemale"	-0.0587308609413413	-0.0946946073416741	0.0479870250729964	0.64428881080147	0.98142320767868	0.64428881080147	0.993695588454555	NA	"abundance"	46	46
"3-HYDROXYPHENYLACETATE-DEGRADATION-PWY: 4-hydroxyphenylacetate degradation"	"Sex"	"Female"	"SexFemale"	0.499553040843586	0	0.993772070432084	0.615186657733059	0.98142320767868	0.615186657733059	0.993695588454555	NA	"prevalence"	46	6
"AEROBACTINSYN-PWY: aerobactin biosynthesis"	"Age"	"Age"	"Age"	-0.277364560777446	0	0.372865188250008	0.456952963012813	0.98142320767868	0.705099915619436	0.993695588454555	NA	"prevalence"	46	9
"AEROBACTINSYN-PWY: aerobactin biosynthesis"	"Location"	"Centre"	"LocationCentre"	0.556277368179693	0	0.780333319351914	0.475925288805311	0.98142320767868	0.555226939620101	0.993695588454555	NA	"prevalence"	46	9
"ALLANTOINDEG-PWY: superpathway of allantoin degradation in yeast"	"FI"	"FI"	"FI"	0.206981785439765	0	0.320925720057176	0.518958089262338	0.98142320767868	0.768598680113859	0.993695588454555	NA	"prevalence"	46	19
"ARG+POLYAMINE-SYN: superpathway of arginine and polyamine biosynthesis"	"FI"	"FI"	"FI"	-0.306782562797616	0	0.479160803408958	0.522010273328685	0.98142320767868	0.644358305592478	0.993695588454555	NA	"prevalence"	46	44
"ARG+POLYAMINE-SYN: superpathway of arginine and polyamine biosynthesis"	"Sex"	"Female"	"SexFemale"	0.993474561717305	0	1.10089846944291	0.366832949494625	0.98142320767868	0.599099486154324	0.993695588454555	NA	"prevalence"	46	44
"AST-PWY: L-arginine degradation II (AST pathway)"	"TimeNW"	"TimeNW"	"TimeNW"	0.199362581652885	0	0.314699096018091	0.526405719781982	0.98142320767868	0.0686705889196435	0.723122110593216	NA	"prevalence"	46	23
"CARNMET-PWY: L-carnitine degradation I"	"Age"	"Age"	"Age"	0.272734768879883	0	0.387013099305148	0.480986275551332	0.98142320767868	0.5007444872399	0.993695588454555	NA	"prevalence"	46	8
"CARNMET-PWY: L-carnitine degradation I"	"TimeNW"	"TimeNW"	"TimeNW"	-0.340773139292339	0	0.464501018548854	0.463172621928941	0.98142320767868	0.278675791642068	0.954417715573453	NA	"prevalence"	46	8
"CENTFERM-PWY: pyruvate fermentation to butanoate"	"FI"	"FI"	"FI"	-0.371235530228648	0	0.430112597696562	0.388075653301445	0.98142320767868	0.625548593917547	0.993695588454555	NA	"prevalence"	46	41
"CENTFERM-PWY: pyruvate fermentation to butanoate"	"Location"	"Centre"	"LocationCentre"	-0.516348648139245	0	1.01040018985588	0.609327389611538	0.98142320767868	0.847374911492265	0.993695588454555	NA	"prevalence"	46	41
"CENTFERM-PWY: pyruvate fermentation to butanoate"	"Sex"	"Female"	"SexFemale"	0.45442047441235	0	0.901774890793276	0.614319098481109	0.98142320767868	0.851250242203575	0.993695588454555	NA	"prevalence"	46	41
"DAPLYSINESYN-PWY: L-lysine biosynthesis I"	"Age"	"Age"	"Age"	0.334866675191471	0	0.6247692274048	0.591969204000701	0.98142320767868	0.308769325971141	0.959114612886705	NA	"prevalence"	46	45
"DAPLYSINESYN-PWY: L-lysine biosynthesis I"	"FI"	"FI"	"FI"	-0.27620329734998	0	0.531900035601299	0.60356779634021	0.98142320767868	0.842841507901443	0.993695588454555	NA	"prevalence"	46	45
"DAPLYSINESYN-PWY: L-lysine biosynthesis I"	"Location"	"Centre"	"LocationCentre"	0.577682061091728	0	1.24233245725672	0.641932915856354	0.98142320767868	0.871787963252867	0.995987892264234	NA	"prevalence"	46	45
"DAPLYSINESYN-PWY: L-lysine biosynthesis I"	"Sex"	"Female"	"SexFemale"	0.609720148822213	0	1.16017263433224	0.599206043647703	0.98142320767868	0.317250361304548	0.959114612886705	NA	"prevalence"	46	45
"DENOVOPURINE2-PWY: superpathway of purine nucleotides de novo biosynthesis II"	"FI"	"FI"	"FI"	-0.123728372553353	0	0.314416383753754	0.69393724666759	0.98142320767868	0.475236037294823	0.993695588454555	NA	"prevalence"	46	19
"DENOVOPURINE2-PWY: superpathway of purine nucleotides de novo biosynthesis II"	"Location"	"Centre"	"LocationCentre"	0.286922015095602	0	0.661406538678336	0.664429444799425	0.98142320767868	0.269903582316082	0.954417715573453	NA	"prevalence"	46	19
"DENOVOPURINE2-PWY: superpathway of purine nucleotides de novo biosynthesis II"	"TimeNW"	"TimeNW"	"TimeNW"	0.19281176328217	0	0.317847013966657	0.544104361343395	0.98142320767868	0.521781754675614	0.993695588454555	NA	"prevalence"	46	19
"ECASYN-PWY: enterobacterial common antigen biosynthesis"	"TimeNW"	"TimeNW"	"TimeNW"	-0.335279527866087	0	0.422192664369229	0.427114698103727	0.98142320767868	0.671802430871216	0.993695588454555	NA	"prevalence"	46	13
"FAO-PWY: fatty acid &beta;-oxidation I (generic)"	"FI"	"FI"	"FI"	0.147364040567981	0	0.306267822264021	0.630402287972121	0.98142320767868	0.863397531263757	0.993695588454555	NA	"prevalence"	46	24
"FASYN-INITIAL-PWY: superpathway of fatty acid biosynthesis initiation (E. coli)"	"Age"	"Age"	"Age"	-0.168285509709554	0	0.394616431147414	0.669777514010819	0.98142320767868	0.890953109747125	0.998451798775976	NA	"prevalence"	46	7
"FASYN-INITIAL-PWY: superpathway of fatty acid biosynthesis initiation (E. coli)"	"FI"	"FI"	"FI"	-0.21914076141118	0	0.407852914038965	0.591058050501718	0.98142320767868	0.832766481940545	0.993695588454555	NA	"prevalence"	46	7
"FASYN-INITIAL-PWY: superpathway of fatty acid biosynthesis initiation (E. coli)"	"Location"	"Centre"	"LocationCentre"	0.783942927720968	0	0.853375275047133	0.358284966289995	0.98142320767868	0.588201815510567	0.993695588454555	NA	"prevalence"	46	7
"FASYN-INITIAL-PWY: superpathway of fatty acid biosynthesis initiation (E. coli)"	"Sex"	"Female"	"SexFemale"	0.385290883124302	0	0.805363402475598	0.632361087961525	0.98142320767868	0.864841630355166	0.993695588454555	NA	"prevalence"	46	7
"FOLSYN-PWY: superpathway of tetrahydrofolate biosynthesis and salvage"	"Sex"	"Female"	"SexFemale"	0.593725929090439	0	0.719604260479007	0.409330239661053	0.98142320767868	0.651109234221131	0.993695588454555	NA	"prevalence"	46	35
"FUC-RHAMCAT-PWY: superpathway of fucose and rhamnose degradation"	"Age"	"Age"	"Age"	0.519769546619908	0	0.575669254369073	0.366581020453388	0.98142320767868	0.298987311744653	0.954417715573453	NA	"prevalence"	46	44
"FUC-RHAMCAT-PWY: superpathway of fucose and rhamnose degradation"	"Sex"	"Female"	"SexFemale"	-1.08326533861096	0	1.25152514119882	0.386733586830264	0.98142320767868	0.623904306477927	0.993695588454555	NA	"prevalence"	46	44
"FUCCAT-PWY: fucose degradation"	"Age"	"Age"	"Age"	0.581420971339655	0	0.644010664014583	0.366625338573494	0.98142320767868	0.343380896454955	0.96473999596638	NA	"prevalence"	46	45
"FUCCAT-PWY: fucose degradation"	"Location"	"Centre"	"LocationCentre"	-1.14362300182303	0	1.41685050055752	0.419575140495437	0.98142320767868	0.663106982469108	0.993695588454555	NA	"prevalence"	46	45
"FUCCAT-PWY: fucose degradation"	"Sex"	"Female"	"SexFemale"	-0.818599374542961	0	1.33072188153517	0.538452781780543	0.98142320767868	0.786974165353881	0.993695588454555	NA	"prevalence"	46	45
"FUCCAT-PWY: fucose degradation"	"TimeNW"	"TimeNW"	"TimeNW"	-0.222391271205403	0	0.595832360262349	0.708966329403062	0.98142320767868	0.915299402578873	0.998451798775976	NA	"prevalence"	46	45
"GALACT-GLUCUROCAT-PWY: superpathway of hexuronide and hexuronate degradation"	"FI"	"FI"	"FI"	-0.306782562797616	0	0.479160803408958	0.522010273328685	0.98142320767868	0.705829827376242	0.993695588454555	NA	"prevalence"	46	44
"GALACT-GLUCUROCAT-PWY: superpathway of hexuronide and hexuronate degradation"	"Sex"	"Female"	"SexFemale"	0.993474561717305	0	1.10089846944291	0.366832949494625	0.98142320767868	0.462825746506471	0.993695588454555	NA	"prevalence"	46	44
"GALACTARDEG-PWY: D-galactarate degradation I"	"Age"	"Age"	"Age"	-0.348566140629168	0	0.446755517316235	0.435263300953294	0.98142320767868	0.011272204273689	0.30330555779697	NA	"prevalence"	46	39
"GALACTITOLCAT-PWY: galactitol degradation"	"Age"	"Age"	"Age"	0.187729290469554	0	0.31037914168047	0.545286232694587	0.98142320767868	0.400366398341	0.98522843796502	NA	"prevalence"	46	27
"GALACTITOLCAT-PWY: galactitol degradation"	"FI"	"FI"	"FI"	0.148698310706981	0	0.303252803558704	0.623890221145579	0.98142320767868	0.685755129675333	0.993695588454555	NA	"prevalence"	46	27
"GALACTITOLCAT-PWY: galactitol degradation"	"Location"	"Centre"	"LocationCentre"	0.225346299232533	0	0.630575117757507	0.720817598993541	0.98142320767868	0.404092766731209	0.988888989007711	NA	"prevalence"	46	27
"GALACTITOLCAT-PWY: galactitol degradation"	"TimeNW"	"TimeNW"	"TimeNW"	0.208569898843329	0	0.319029905427012	0.513264607018728	0.98142320767868	0.763088657219367	0.993695588454555	NA	"prevalence"	46	27
"GLUCARDEG-PWY: D-glucarate degradation I"	"Age"	"Age"	"Age"	0.174812209057498	0	0.388354742183183	0.652612827993098	0.98142320767868	0.0894703756691269	0.782480255952523	NA	"prevalence"	46	37
"GLUCARDEG-PWY: D-glucarate degradation I"	"FI"	"FI"	"FI"	0.173247377149107	0	0.362201141775062	0.632423785806769	0.98142320767868	0.864887726759372	0.993695588454555	NA	"prevalence"	46	37
"GLUCARGALACTSUPER-PWY: superpathway of D-glucarate and D-galactarate degradation"	"Age"	"Age"	"Age"	-0.348566140629168	0	0.446755517316235	0.435263300953294	0.98142320767868	0.0113977182068048	0.30330555779697	NA	"prevalence"	46	39
"GLUCOSE1PMETAB-PWY: glucose and glucose-1-phosphate degradation"	"Age"	"Age"	"Age"	0.264392751212424	0	0.360828211865018	0.4637178892529	0.98142320767868	0.712401497692635	0.993695588454555	NA	"prevalence"	46	35
"GLUCOSE1PMETAB-PWY: glucose and glucose-1-phosphate degradation"	"FI"	"FI"	"FI"	0.1520234415748	0	0.350362410908318	0.664358590152701	0.98142320767868	0.544691511676169	0.993695588454555	NA	"prevalence"	46	35
"GLUDEG-I-PWY: GABA shunt"	"FI"	"FI"	"FI"	0.224020231396336	0	0.414327569991292	0.588725502483082	0.98142320767868	0.174250143948491	0.905949068804327	NA	"prevalence"	46	40
"GLUDEG-I-PWY: GABA shunt"	"Location"	"Centre"	"LocationCentre"	-0.64353342685781	0	0.904018028661277	0.476552054113696	0.98142320767868	0.726002247947409	0.993695588454555	NA	"prevalence"	46	40
"GLYCOCAT-PWY: glycogen degradation I"	"Age"	"Age"	"Age"	0.315108893065787	0	0.524291346421318	0.547827544439987	0.98142320767868	0.795540070432828	0.993695588454555	NA	"prevalence"	46	43
"GLYCOCAT-PWY: glycogen degradation I"	"FI"	"FI"	"FI"	0.305367059797529	0	0.546045959370921	0.576002539550842	0.98142320767868	0.461948997331162	0.993695588454555	NA	"prevalence"	46	43
"GLYCOCAT-PWY: glycogen degradation I"	"Location"	"Centre"	"LocationCentre"	0.39455934911245	0	1.01071716751259	0.6962588070541	0.98142320767868	0.881431754335408	0.996959287214095	NA	"prevalence"	46	43
"GLYCOL-GLYOXDEG-PWY: superpathway of glycol metabolism and degradation"	"Sex"	"Female"	"SexFemale"	0.290414108250782	0	0.637055238792087	0.64848376096874	0.98142320767868	0.817429211004773	0.993695588454555	NA	"prevalence"	46	22
"GLYCOLYSIS-TCA-GLYOX-BYPASS: superpathway of glycolysis, pyruvate dehydrogenase, TCA, and glyoxylate bypass"	"Location"	"Centre"	"LocationCentre"	0.320382179156567	0	0.690648557374261	0.642729441886655	0.98142320767868	0.872357748305379	0.996093047763809	NA	"prevalence"	46	16
"GLYCOLYSIS-TCA-GLYOX-BYPASS: superpathway of glycolysis, pyruvate dehydrogenase, TCA, and glyoxylate bypass"	"TimeNW"	"TimeNW"	"TimeNW"	-0.145868551137545	0	0.363817256010877	0.688464986189172	0.98142320767868	0.0381876327968584	0.663510119845414	NA	"prevalence"	46	16
"GLYOXYLATE-BYPASS: glyoxylate cycle"	"Age"	"Age"	"Age"	0.222325173628358	0	0.36288759446153	0.540103982933651	0.98142320767868	0.694356388646434	0.993695588454555	NA	"prevalence"	46	35
"GLYOXYLATE-BYPASS: glyoxylate cycle"	"FI"	"FI"	"FI"	0.169027249737725	0	0.343272857035911	0.622437227419692	0.98142320767868	0.85744635276147	0.993695588454555	NA	"prevalence"	46	35
"GLYOXYLATE-BYPASS: glyoxylate cycle"	"Location"	"Centre"	"LocationCentre"	-0.543719312603007	0	0.74586975351739	0.466017849882179	0.98142320767868	0.608093936564788	0.993695588454555	NA	"prevalence"	46	35
"GOLPDLCAT-PWY: superpathway of glycerol degradation to 1,3-propanediol"	"FI"	"FI"	"FI"	-0.474371418685392	0	0.529101108926952	0.369953217216136	0.98142320767868	0.603041051503703	0.993695588454555	NA	"prevalence"	46	45
"GOLPDLCAT-PWY: superpathway of glycerol degradation to 1,3-propanediol"	"Location"	"Centre"	"LocationCentre"	1.09054997862099	0	1.25896609374941	0.386365882898052	0.98142320767868	0.623453170328513	0.993695588454555	NA	"prevalence"	46	45
"GOLPDLCAT-PWY: superpathway of glycerol degradation to 1,3-propanediol"	"Sex"	"Female"	"SexFemale"	0.841517708150849	0	1.19520254957806	0.481383216524216	0.98142320767868	0.731036631897232	0.993695588454555	NA	"prevalence"	46	45
"GOLPDLCAT-PWY: superpathway of glycerol degradation to 1,3-propanediol"	"TimeNW"	"TimeNW"	"TimeNW"	0.265992383683501	0	0.672667915686313	0.692526329648818	0.98142320767868	0.789109699582307	0.993695588454555	NA	"prevalence"	46	45
"HEME-BIOSYNTHESIS-II-1: heme b biosynthesis V (aerobic)"	"Age"	"Age"	"Age"	0.323700119910319	0	0.360429598381012	0.369134756909873	0.98142320767868	0.602009045060835	0.993695588454555	NA	"prevalence"	46	32
"HEME-BIOSYNTHESIS-II: heme b biosynthesis I (aerobic)"	"FI"	"FI"	"FI"	-0.36012494697599	0	0.444250289912286	0.417575164719572	0.98142320767868	0.660781311248567	0.993695588454555	NA	"prevalence"	46	43
"HEME-BIOSYNTHESIS-II: heme b biosynthesis I (aerobic)"	"Sex"	"Female"	"SexFemale"	0.447436875784386	0	0.975496720444237	0.646466893845378	0.98142320767868	0.875014342852665	0.996783998657935	NA	"prevalence"	46	43
"HEME-BIOSYNTHESIS-II: heme b biosynthesis I (aerobic)"	"TimeNW"	"TimeNW"	"TimeNW"	-0.2491922564223	0	0.431823794833986	0.563892639929973	0.98142320767868	0.809810370492752	0.993695588454555	NA	"prevalence"	46	43
"HEMESYN2-PWY: heme b biosynthesis II (oxygen-independent)"	"Age"	"Age"	"Age"	0.334866675191471	0	0.6247692274048	0.591969204000701	0.98142320767868	0.195109575037761	0.905949068804327	NA	"prevalence"	46	45
"HEMESYN2-PWY: heme b biosynthesis II (oxygen-independent)"	"FI"	"FI"	"FI"	-0.27620329734998	0	0.531900035601299	0.60356779634021	0.98142320767868	0.842841507901443	0.993695588454555	NA	"prevalence"	46	45
"HEMESYN2-PWY: heme b biosynthesis II (oxygen-independent)"	"Location"	"Centre"	"LocationCentre"	0.577682061091728	0	1.24233245725672	0.641932915856354	0.98142320767868	0.871787963252867	0.995987892264234	NA	"prevalence"	46	45
"HEMESYN2-PWY: heme b biosynthesis II (oxygen-independent)"	"Sex"	"Female"	"SexFemale"	0.609720148822213	0	1.16017263433224	0.599206043647703	0.98142320767868	0.839364204551473	0.993695588454555	NA	"prevalence"	46	45
"HEXITOLDEGSUPER-PWY: superpathway of hexitol degradation (bacteria)"	"Age"	"Age"	"Age"	0.187729290469554	0	0.31037914168047	0.545286232694587	0.98142320767868	0.47701711659934	0.993695588454555	NA	"prevalence"	46	27
"HEXITOLDEGSUPER-PWY: superpathway of hexitol degradation (bacteria)"	"FI"	"FI"	"FI"	0.148698310706981	0	0.303252803558704	0.623890221145579	0.98142320767868	0.700423932974331	0.993695588454555	NA	"prevalence"	46	27
"HEXITOLDEGSUPER-PWY: superpathway of hexitol degradation (bacteria)"	"Location"	"Centre"	"LocationCentre"	0.225346299232533	0	0.630575117757507	0.720817598993541	0.98142320767868	0.477718078597357	0.993695588454555	NA	"prevalence"	46	27
"HEXITOLDEGSUPER-PWY: superpathway of hexitol degradation (bacteria)"	"TimeNW"	"TimeNW"	"TimeNW"	0.208569898843329	0	0.319029905427012	0.513264607018728	0.98142320767868	0.763088657219367	0.993695588454555	NA	"prevalence"	46	27
"HOMOSER-METSYN-PWY: L-methionine biosynthesis I"	"FI"	"FI"	"FI"	0.122634129800649	0	0.33713891535037	0.716045036388051	0.98142320767868	0.919369578640137	0.998451798775976	NA	"prevalence"	46	34
"HOMOSER-METSYN-PWY: L-methionine biosynthesis I"	"Sex"	"Female"	"SexFemale"	0.54728577061441	0	0.676546418025878	0.418549394693864	0.98142320767868	0.661915193589128	0.993695588454555	NA	"prevalence"	46	34
"KDO-NAGLIPASYN-PWY: superpathway of (Kdo)2-lipid A biosynthesis"	"Location"	"Centre"	"LocationCentre"	0.282057095407881	0	0.660491311304223	0.669349216587438	0.98142320767868	0.83209888302228	0.993695588454555	NA	"prevalence"	46	18
"KDO-NAGLIPASYN-PWY: superpathway of (Kdo)2-lipid A biosynthesis"	"Sex"	"Female"	"SexFemale"	0.481498952909685	0	0.649578821409264	0.458543130449613	0.98142320767868	0.028444659206401	0.544101967388496	NA	"prevalence"	46	18
"KETOGLUCONMET-PWY: ketogluconate metabolism"	"Age"	"Age"	"Age"	0.279401959972202	0	0.331634806178241	0.399508754206959	0.98142320767868	0.322903422059553	0.959114612886705	NA	"prevalence"	46	27
"LACTOSECAT-PWY: lactose and galactose degradation I"	"TimeNW"	"TimeNW"	"TimeNW"	0.393148388025957	0	0.656898140617304	0.549511587632059	0.98142320767868	0.797060190322212	0.993695588454555	NA	"prevalence"	46	44
"LIPA-CORESYN-PWY: lipid A-core biosynthesis (E. coli K-12)"	"FI"	"FI"	"FI"	0.206152549532866	0	0.362289220976788	0.569337440457124	0.98142320767868	0.814529759807979	0.993695588454555	NA	"prevalence"	46	9
"LIPA-CORESYN-PWY: lipid A-core biosynthesis (E. coli K-12)"	"Location"	"Centre"	"LocationCentre"	-0.624618616936969	0	0.77222051806699	0.418595434424624	0.98142320767868	0.139470286376705	0.872384882691619	NA	"prevalence"	46	9
"LIPASYN-PWY: phospholipases"	"Location"	"Centre"	"LocationCentre"	0.405454605552504	0	0.943042955373039	0.667237191297112	0.98142320767868	0.585160866465182	0.993695588454555	NA	"prevalence"	46	8
"LPSSYN-PWY: superpathway of lipopolysaccharide biosynthesis"	"FI"	"FI"	"FI"	0.251129858234611	0	0.374291844263678	0.502254517947055	0.98142320767868	0.0577256676762624	0.686415561393386	NA	"prevalence"	46	8
"LPSSYN-PWY: superpathway of lipopolysaccharide biosynthesis"	"Sex"	"Female"	"SexFemale"	-0.362903393585405	0	0.792516137038551	0.647014990540136	0.98142320767868	0.00913733596772543	0.288656749889508	NA	"prevalence"	46	8
"MET-SAM-PWY: superpathway of S-adenosyl-L-methionine biosynthesis"	"FI"	"FI"	"FI"	0.122634129800649	0	0.33713891535037	0.716045036388051	0.98142320767868	0.919369578640137	0.998451798775976	NA	"prevalence"	46	34
"MET-SAM-PWY: superpathway of S-adenosyl-L-methionine biosynthesis"	"Sex"	"Female"	"SexFemale"	0.54728577061441	0	0.676546418025878	0.418549394693864	0.98142320767868	0.661915193589128	0.993695588454555	NA	"prevalence"	46	34
"METH-ACETATE-PWY: methanogenesis from acetate"	"Age"	"Age"	"Age"	-0.439093691465028	0	0.631513727595658	0.486865134838417	0.98142320767868	0.736692610155604	0.993695588454555	NA	"prevalence"	46	45
"METH-ACETATE-PWY: methanogenesis from acetate"	"FI"	"FI"	"FI"	-0.223715296849966	0	0.603171851645807	0.71071342653767	0.98142320767868	0.916313278414424	0.998451798775976	NA	"prevalence"	46	45
"METHANOGENESIS-PWY: methanogenesis from H2 and CO2"	"FI"	"FI"	"FI"	0.152254317189451	0	0.361707619367553	0.673804726199339	0.98142320767868	0.387099307139921	0.980622710853004	NA	"prevalence"	46	10
"METHANOGENESIS-PWY: methanogenesis from H2 and CO2"	"Sex"	"Female"	"SexFemale"	-0.352361507592345	0	0.769591111893526	0.647056273949025	0.98142320767868	0.727926073704629	0.993695588454555	NA	"prevalence"	46	10
"METHANOGENESIS-PWY: methanogenesis from H2 and CO2"	"TimeNW"	"TimeNW"	"TimeNW"	-0.320558174635625	0	0.489664296503876	0.512693856791139	0.98142320767868	0.762532722790905	0.993695588454555	NA	"prevalence"	46	10
"METSYN-PWY: superpathway of L-homoserine and L-methionine biosynthesis"	"FI"	"FI"	"FI"	0.122634129800649	0	0.33713891535037	0.716045036388051	0.98142320767868	0.919369578640137	0.998451798775976	NA	"prevalence"	46	34
"METSYN-PWY: superpathway of L-homoserine and L-methionine biosynthesis"	"Sex"	"Female"	"SexFemale"	0.54728577061441	0	0.676546418025878	0.418549394693864	0.98142320767868	0.661915193589128	0.993695588454555	NA	"prevalence"	46	34
"NAD-BIOSYNTHESIS-II: NAD salvage pathway III (to nicotinamide riboside)"	"Age"	"Age"	"Age"	0.302803678424967	0	0.343637659119642	0.378225054583795	0.98142320767868	0.613395917252675	0.993695588454555	NA	"prevalence"	46	34
"NAD-BIOSYNTHESIS-II: NAD salvage pathway III (to nicotinamide riboside)"	"FI"	"FI"	"FI"	-0.236270100176139	0	0.325920433040945	0.468493844609009	0.98142320767868	0.717501206781488	0.993695588454555	NA	"prevalence"	46	34
"NAD-BIOSYNTHESIS-II: NAD salvage pathway III (to nicotinamide riboside)"	"Sex"	"Female"	"SexFemale"	-0.385677599687817	0	0.687850417490745	0.57500219546926	0.98142320767868	0.293556331722749	0.954417715573453	NA	"prevalence"	46	34
"NAD-BIOSYNTHESIS-II: NAD salvage pathway III (to nicotinamide riboside)"	"TimeNW"	"TimeNW"	"TimeNW"	-0.126541733106484	0	0.327705451510847	0.699389484167843	0.98142320767868	0.909633317771124	0.998451798775976	NA	"prevalence"	46	34
"NAGLIPASYN-PWY: lipid IVA biosynthesis (E. coli)"	"Age"	"Age"	"Age"	-0.284047757308211	0	0.552400892687133	0.607108094942135	0.98142320767868	0.845635950940002	0.993695588454555	NA	"prevalence"	46	44
"NAGLIPASYN-PWY: lipid IVA biosynthesis (E. coli)"	"FI"	"FI"	"FI"	-0.195733439614902	0	0.499303361156032	0.6950485624021	0.98142320767868	0.44678211653458	0.993695588454555	NA	"prevalence"	46	44
"NAGLIPASYN-PWY: lipid IVA biosynthesis (E. coli)"	"Location"	"Centre"	"LocationCentre"	0.463714543973927	0	1.0906492980818	0.670710625367619	0.98142320767868	0.891568507754216	0.998451798775976	NA	"prevalence"	46	44
"NAGLIPASYN-PWY: lipid IVA biosynthesis (E. coli)"	"Sex"	"Female"	"SexFemale"	0.438746996797075	0	1.05920038654128	0.678709530416361	0.98142320767868	0.522623551369361	0.993695588454555	NA	"prevalence"	46	44
"NAGLIPASYN-PWY: lipid IVA biosynthesis (E. coli)"	"TimeNW"	"TimeNW"	"TimeNW"	0.310587916546339	0	0.650050849151767	0.632799546463347	0.98142320767868	0.754060027942696	0.993695588454555	NA	"prevalence"	46	44
"ORNDEG-PWY: superpathway of ornithine degradation"	"FI"	"FI"	"FI"	0.170063041273769	0	0.310712498476296	0.584150335792431	0.98142320767868	0.827069056778452	0.993695588454555	NA	"prevalence"	46	28
"ORNDEG-PWY: superpathway of ornithine degradation"	"TimeNW"	"TimeNW"	"TimeNW"	0.270859848865578	0	0.327271021573647	0.407879149939599	0.98142320767868	0.649392898923749	0.993695588454555	NA	"prevalence"	46	28
"P105-PWY: TCA cycle IV (2-oxoglutarate decarboxylase)"	"Age"	"Age"	"Age"	0.249411203928566	0	0.356149941258745	0.483741023523365	0.98142320767868	0.733476669207297	0.993695588454555	NA	"prevalence"	46	36
"P108-PWY: pyruvate fermentation to propanoate I"	"Sex"	"Female"	"SexFemale"	0.531913495576519	0	0.625011095322379	0.394743531176192	0.98142320767868	0.633664606946935	0.993695588454555	NA	"prevalence"	46	25
"P108-PWY: pyruvate fermentation to propanoate I"	"TimeNW"	"TimeNW"	"TimeNW"	-0.255362399936676	0	0.328892535964619	0.437494476163416	0.98142320767868	0.555703115260155	0.993695588454555	NA	"prevalence"	46	25
"P122-PWY: heterolactic fermentation"	"Age"	"Age"	"Age"	0.116506161647559	0	0.32208367467518	0.717556511839151	0.98142320767868	0.651825281173477	0.993695588454555	NA	"prevalence"	46	17
"P122-PWY: heterolactic fermentation"	"FI"	"FI"	"FI"	0.199742554688249	0	0.316586157619544	0.528088669890011	0.98142320767868	0.526291241091261	0.993695588454555	NA	"prevalence"	46	17
"P122-PWY: heterolactic fermentation"	"Location"	"Centre"	"LocationCentre"	-0.501948460270959	0	0.662871429938255	0.448909976824243	0.98142320767868	0.696299786356144	0.993695588454555	NA	"prevalence"	46	17
"P122-PWY: heterolactic fermentation"	"TimeNW"	"TimeNW"	"TimeNW"	-0.16049627423006	0	0.327134317025129	0.623700351027004	0.98142320767868	0.36449063818778	0.968877380286383	NA	"prevalence"	46	17
"P124-PWY: Bifidobacterium shunt"	"Location"	"Centre"	"LocationCentre"	-0.288416942495502	0	0.689435396736828	0.675700097599148	0.98142320767868	0.422146041607779	0.993695588454555	NA	"prevalence"	46	19
"P124-PWY: Bifidobacterium shunt"	"TimeNW"	"TimeNW"	"TimeNW"	-0.19943398378695	0	0.3532951659161	0.572416090481724	0.98142320767868	0.817172000321066	0.993695588454555	NA	"prevalence"	46	19
"P125-PWY: superpathway of (R,R)-butanediol biosynthesis"	"Age"	"Age"	"Age"	0.184523196446239	0	0.312012534125639	0.554254622187746	0.98142320767868	0.297833821331693	0.954417715573453	NA	"prevalence"	46	19
"P125-PWY: superpathway of (R,R)-butanediol biosynthesis"	"TimeNW"	"TimeNW"	"TimeNW"	0.283715346374684	0	0.314892304908573	0.367592744126713	0.98142320767868	0.27170884034405	0.954417715573453	NA	"prevalence"	46	19
"P161-PWY: acetylene degradation (anaerobic)"	"Age"	"Age"	"Age"	0.427149914995536	0	0.493650877913835	0.386881031042436	0.98142320767868	0.624085129904414	0.993695588454555	NA	"prevalence"	46	42
"P161-PWY: acetylene degradation (anaerobic)"	"Location"	"Centre"	"LocationCentre"	-0.80207132409518	0	1.00835503123542	0.426366020444594	0.98142320767868	0.670944057499428	0.993695588454555	NA	"prevalence"	46	42
"P161-PWY: acetylene degradation (anaerobic)"	"TimeNW"	"TimeNW"	"TimeNW"	0.202217020497262	0	0.558087985975448	0.717098747361373	0.98142320767868	0.657598152756987	0.993695588454555	NA	"prevalence"	46	42
"P163-PWY: L-lysine fermentation to acetate and butanoate"	"FI"	"FI"	"FI"	0.224225987902848	0	0.406169913541528	0.580914287510576	0.98142320767868	0.580914287510576	0.993695588454555	NA	"prevalence"	46	5
"P163-PWY: L-lysine fermentation to acetate and butanoate"	"Location"	"Centre"	"LocationCentre"	0.861071710826201	0	0.950499252551572	0.364980743753699	0.98142320767868	0.364980743753699	0.968877380286383	NA	"prevalence"	46	5
"P164-PWY: purine nucleobases degradation I (anaerobic)"	"Age"	"Age"	"Age"	0.519769546619908	0	0.575669254369073	0.366581020453388	0.98142320767868	0.598780396350129	0.993695588454555	NA	"prevalence"	46	44
"P164-PWY: purine nucleobases degradation I (anaerobic)"	"Sex"	"Female"	"SexFemale"	-1.08326533861096	0	1.25152514119882	0.386733586830264	0.98142320767868	0.15270957680771	0.895719802447789	NA	"prevalence"	46	44
"P185-PWY: formaldehyde assimilation III (dihydroxyacetone cycle)"	"FI"	"FI"	"FI"	-0.298365576905495	0	0.374119581425125	0.425152617139067	0.98142320767868	0.669550486417935	0.993695588454555	NA	"prevalence"	46	39
"P185-PWY: formaldehyde assimilation III (dihydroxyacetone cycle)"	"Location"	"Centre"	"LocationCentre"	0.713684702457572	0	0.806641553986179	0.376285738857194	0.98142320767868	0.610980520447084	0.993695588454555	NA	"prevalence"	46	39
"P185-PWY: formaldehyde assimilation III (dihydroxyacetone cycle)"	"Sex"	"Female"	"SexFemale"	-0.373830767166801	0	0.806350671968181	0.642928492950655	0.98142320767868	0.865539774830434	0.993695588454555	NA	"prevalence"	46	39
"P185-PWY: formaldehyde assimilation III (dihydroxyacetone cycle)"	"TimeNW"	"TimeNW"	"TimeNW"	0.17057787945417	0	0.4068397340676	0.675014895830958	0.98142320767868	0.33967094928662	0.96473999596638	NA	"prevalence"	46	39
"P221-PWY: octane oxidation"	"TimeNW"	"TimeNW"	"TimeNW"	-0.208020628616932	0	0.352948325199789	0.555606494942577	0.98142320767868	0.267098120276166	0.954417715573453	NA	"prevalence"	46	18
"P4-PWY: superpathway of L-lysine, L-threonine and L-methionine biosynthesis I"	"TimeNW"	"TimeNW"	"TimeNW"	0.186528548597224	0	0.335379635221951	0.578093714417957	0.98142320767868	0.821995086186364	0.993695588454555	NA	"prevalence"	46	31
"P42-PWY: incomplete reductive TCA cycle"	"Age"	"Age"	"Age"	0.465757707415343	0	0.630391735576049	0.460005048199693	0.98142320767868	0.708405452030184	0.993695588454555	NA	"prevalence"	46	45
"P42-PWY: incomplete reductive TCA cycle"	"Location"	"Centre"	"LocationCentre"	0.514951298810291	0	1.23639268336304	0.677047867871203	0.98142320767868	0.895701920353464	0.998451798775976	NA	"prevalence"	46	45
"P42-PWY: incomplete reductive TCA cycle"	"Sex"	"Female"	"SexFemale"	0.676686111346992	0	1.14451309695032	0.554357173641743	0.98142320767868	0.801402471315424	0.993695588454555	NA	"prevalence"	46	45
"P441-PWY: superpathway of N-acetylneuraminate degradation"	"Age"	"Age"	"Age"	0.581420971339655	0	0.644010664014583	0.366625338573494	0.98142320767868	0.274857098929286	0.954417715573453	NA	"prevalence"	46	45
"P441-PWY: superpathway of N-acetylneuraminate degradation"	"Location"	"Centre"	"LocationCentre"	-1.14362300182303	0	1.41685050055752	0.419575140495437	0.98142320767868	0.663106982469108	0.993695588454555	NA	"prevalence"	46	45
"P441-PWY: superpathway of N-acetylneuraminate degradation"	"Sex"	"Female"	"SexFemale"	-0.818599374542961	0	1.33072188153517	0.538452781780543	0.98142320767868	0.706407684128357	0.993695588454555	NA	"prevalence"	46	45
"P441-PWY: superpathway of N-acetylneuraminate degradation"	"TimeNW"	"TimeNW"	"TimeNW"	-0.222391271205403	0	0.595832360262349	0.708966329403062	0.98142320767868	0.84481099571893	0.993695588454555	NA	"prevalence"	46	45
"P461-PWY: hexitol fermentation to lactate, formate, ethanol and acetate"	"Age"	"Age"	"Age"	-0.360575093829974	0	0.593682964940572	0.543616712623192	0.98142320767868	0.159062156369201	0.897061821880354	NA	"prevalence"	46	44
"P461-PWY: hexitol fermentation to lactate, formate, ethanol and acetate"	"FI"	"FI"	"FI"	-0.220400239816737	0	0.505597899516102	0.662894768801837	0.98142320767868	0.837710031046558	0.993695588454555	NA	"prevalence"	46	44
"P461-PWY: hexitol fermentation to lactate, formate, ethanol and acetate"	"Location"	"Centre"	"LocationCentre"	0.491815113500542	0	1.0990517213088	0.654521005221411	0.98142320767868	0.880644264166776	0.996959287214095	NA	"prevalence"	46	44
"P461-PWY: hexitol fermentation to lactate, formate, ethanol and acetate"	"TimeNW"	"TimeNW"	"TimeNW"	0.746257040028063	0	0.836852507593108	0.372530908501058	0.98142320767868	0.606282539213493	0.993695588454555	NA	"prevalence"	46	44
"POLYAMINSYN3-PWY: superpathway of polyamine biosynthesis II"	"Location"	"Centre"	"LocationCentre"	-0.279007525941839	0	0.688803902911126	0.685432749464037	0.98142320767868	0.525010956938079	0.993695588454555	NA	"prevalence"	46	31
"POLYAMSYN-PWY: superpathway of polyamine biosynthesis I"	"FI"	"FI"	"FI"	-0.306782562797616	0	0.479160803408958	0.522010273328685	0.98142320767868	0.639749074170138	0.993695588454555	NA	"prevalence"	46	44
"POLYAMSYN-PWY: superpathway of polyamine biosynthesis I"	"Sex"	"Female"	"SexFemale"	0.993474561717305	0	1.10089846944291	0.366832949494625	0.98142320767868	0.599099486154324	0.993695588454555	NA	"prevalence"	46	44
"POLYISOPRENSYN-PWY: polyisoprenoid biosynthesis (E. coli)"	"FI"	"FI"	"FI"	-0.391284467409927	0	0.516686952709568	0.448873120775369	0.98142320767868	0.497587036724943	0.993695588454555	NA	"prevalence"	46	44
"POLYISOPRENSYN-PWY: polyisoprenoid biosynthesis (E. coli)"	"Sex"	"Female"	"SexFemale"	-0.804474610474861	0	1.26947612776374	0.526272723204043	0.98142320767868	0.775582467219487	0.993695588454555	NA	"prevalence"	46	44
"POLYISOPRENSYN-PWY: polyisoprenoid biosynthesis (E. coli)"	"TimeNW"	"TimeNW"	"TimeNW"	0.642709693263594	0	0.824831965442334	0.435861463266069	0.98142320767868	0.681747711371699	0.993695588454555	NA	"prevalence"	46	44
"PPGPPMET-PWY: ppGpp metabolism"	"Age"	"Age"	"Age"	0.29958364256311	0	0.414522437192044	0.469851945204054	0.98142320767868	0.718943039996075	0.993695588454555	NA	"prevalence"	46	39
"PPGPPMET-PWY: ppGpp metabolism"	"FI"	"FI"	"FI"	-0.231941476100782	0	0.357630804546587	0.516629250445025	0.98142320767868	0.766352718474662	0.993695588454555	NA	"prevalence"	46	39
"PPGPPMET-PWY: ppGpp metabolism"	"TimeNW"	"TimeNW"	"TimeNW"	0.292665471597834	0	0.45453683419386	0.519655684747344	0.98142320767868	0.769269338804457	0.993695588454555	NA	"prevalence"	46	39
"PROPFERM-PWY: superpathway of L-alanine fermentation (Stickland reaction)"	"Age"	"Age"	"Age"	0.323956330276993	0	0.420774478342554	0.441356310448156	0.98142320767868	0.687917228123903	0.993695588454555	NA	"prevalence"	46	7
"PROPFERM-PWY: superpathway of L-alanine fermentation (Stickland reaction)"	"Sex"	"Female"	"SexFemale"	-0.325280641246912	0	0.815762889341599	0.690081767942391	0.98142320767868	0.632796663409155	0.993695588454555	NA	"prevalence"	46	7
"PROPFERM-PWY: superpathway of L-alanine fermentation (Stickland reaction)"	"TimeNW"	"TimeNW"	"TimeNW"	-0.332492105766093	0	0.461896948341677	0.471623238380099	0.98142320767868	0.540151688456569	0.993695588454555	NA	"prevalence"	46	7
"PRPP-PWY: superpathway of histidine, purine, and pyrimidine biosynthesis"	"FI"	"FI"	"FI"	-0.123728372553353	0	0.314416383753754	0.69393724666759	0.98142320767868	0.720618777818962	0.993695588454555	NA	"prevalence"	46	19
"PRPP-PWY: superpathway of histidine, purine, and pyrimidine biosynthesis"	"Location"	"Centre"	"LocationCentre"	0.286922015095602	0	0.661406538678336	0.664429444799425	0.98142320767868	0.264339854794377	0.954417715573453	NA	"prevalence"	46	19
"PRPP-PWY: superpathway of histidine, purine, and pyrimidine biosynthesis"	"TimeNW"	"TimeNW"	"TimeNW"	0.19281176328217	0	0.317847013966657	0.544104361343395	0.98142320767868	0.453881672007933	0.993695588454555	NA	"prevalence"	46	19
"PWY-1861: formaldehyde assimilation II (assimilatory RuMP Cycle)"	"FI"	"FI"	"FI"	0.228156857329144	0	0.529780855080186	0.666713638583718	0.98142320767868	0.133405258967289	0.857461487585441	NA	"prevalence"	46	43
"PWY-1861: formaldehyde assimilation II (assimilatory RuMP Cycle)"	"TimeNW"	"TimeNW"	"TimeNW"	-0.438160292438136	0	0.487333756364992	0.368601024228903	0.98142320767868	0.60133533339521	0.993695588454555	NA	"prevalence"	46	43
"PWY-241: C4 photosynthetic carbon assimilation cycle, NADP-ME type"	"Age"	"Age"	"Age"	-0.275704035499963	0	0.589124648138077	0.639792236903075	0.98142320767868	0.601401535836468	0.993695588454555	NA	"prevalence"	46	44
"PWY-241: C4 photosynthetic carbon assimilation cycle, NADP-ME type"	"FI"	"FI"	"FI"	0.475923652468174	0	0.588362750158757	0.418575578734276	0.98142320767868	0.661945642355818	0.993695588454555	NA	"prevalence"	46	44
"PWY-241: C4 photosynthetic carbon assimilation cycle, NADP-ME type"	"TimeNW"	"TimeNW"	"TimeNW"	0.293443882876335	0	0.685049053899811	0.668393005388584	0.98142320767868	0.45766855535125	0.993695588454555	NA	"prevalence"	46	44
"PWY-5004: superpathway of L-citrulline metabolism"	"Location"	"Centre"	"LocationCentre"	0.840154085858909	0	0.96454421170715	0.383733730537692	0.98142320767868	0.383733730537692	0.980622710853004	NA	"prevalence"	46	6
"PWY-5004: superpathway of L-citrulline metabolism"	"Sex"	"Female"	"SexFemale"	0.380465059791529	0	0.880996689159899	0.665844958929924	0.98142320767868	0.665844958929924	0.993695588454555	NA	"prevalence"	46	6
"PWY-5005: biotin biosynthesis II"	"Location"	"Centre"	"LocationCentre"	0.331092409501472	0	0.711273417282126	0.641578838495793	0.98142320767868	0.0874024422668444	0.779383348408652	NA	"prevalence"	46	35
"PWY-5005: biotin biosynthesis II"	"Sex"	"Female"	"SexFemale"	0.409239969634358	0	0.702665177950836	0.560289834966552	0.98142320767868	0.806654970766258	0.993695588454555	NA	"prevalence"	46	35
"PWY-5022: 4-aminobutanoate degradation V"	"FI"	"FI"	"FI"	0.261042044877385	0	0.344621302903665	0.448765297253738	0.98142320767868	0.483794551278734	0.993695588454555	NA	"prevalence"	46	34
"PWY-5022: 4-aminobutanoate degradation V"	"Sex"	"Female"	"SexFemale"	0.609980848580461	0	0.67021797416905	0.36275760266542	0.98142320767868	0.139840010162214	0.872384882691619	NA	"prevalence"	46	34
"PWY-5022: 4-aminobutanoate degradation V"	"TimeNW"	"TimeNW"	"TimeNW"	0.172916440457357	0	0.375672706961521	0.645311802976105	0.98142320767868	0.725883458551042	0.993695588454555	NA	"prevalence"	46	34
"PWY-5104: L-isoleucine biosynthesis IV"	"Age"	"Age"	"Age"	0.128764219846307	0	0.316372471733313	0.684006539917225	0.98142320767868	0.900148133184916	0.998451798775976	NA	"prevalence"	46	27
"PWY-5121: superpathway of geranylgeranyl diphosphate biosynthesis II (via MEP)"	"FI"	"FI"	"FI"	-0.482351280946611	0	0.564399767134894	0.392757674200311	0.98142320767868	0.552132479422749	0.993695588454555	NA	"prevalence"	46	45
"PWY-5121: superpathway of geranylgeranyl diphosphate biosynthesis II (via MEP)"	"Sex"	"Female"	"SexFemale"	-0.605385842136473	0	1.38386420143692	0.661777460056851	0.98142320767868	0.885605513474405	0.998451798775976	NA	"prevalence"	46	45
"PWY-5121: superpathway of geranylgeranyl diphosphate biosynthesis II (via MEP)"	"TimeNW"	"TimeNW"	"TimeNW"	0.326191914252019	0	0.793934535886449	0.681178915844023	0.98142320767868	0.764128848268565	0.993695588454555	NA	"prevalence"	46	45
"PWY-5130: 2-oxobutanoate degradation I"	"TimeNW"	"TimeNW"	"TimeNW"	-0.312409048418935	0	0.424822966428623	0.462104178490788	0.98142320767868	0.71066808520293	0.993695588454555	NA	"prevalence"	46	43
"PWY-5136: fatty acid &beta;-oxidation II (plant peroxisome)"	"Age"	"Age"	"Age"	0.385817168576189	0	0.456645793587976	0.398170174601686	0.98142320767868	0.147462919907056	0.886944932551819	NA	"prevalence"	46	41
"PWY-5136: fatty acid &beta;-oxidation II (plant peroxisome)"	"FI"	"FI"	"FI"	0.394690790414507	0	0.44236138937772	0.372266409044127	0.98142320767868	0.605950538785644	0.993695588454555	NA	"prevalence"	46	41
"PWY-5136: fatty acid &beta;-oxidation II (plant peroxisome)"	"Location"	"Centre"	"LocationCentre"	0.406826336723865	0	0.880503076314687	0.644053698498371	0.98142320767868	0.818173433404519	0.993695588454555	NA	"prevalence"	46	41
"PWY-5136: fatty acid &beta;-oxidation II (plant peroxisome)"	"Sex"	"Female"	"SexFemale"	0.69352217614936	0	0.820299449047299	0.397859633272365	0.98142320767868	0.637426978757109	0.993695588454555	NA	"prevalence"	46	41
"PWY-5136: fatty acid &beta;-oxidation II (plant peroxisome)"	"TimeNW"	"TimeNW"	"TimeNW"	0.173144775739517	0	0.453401405019351	0.702550625754513	0.98142320767868	0.911523869760968	0.998451798775976	NA	"prevalence"	46	41
"PWY-5138: fatty acid &beta;-oxidation IV (unsaturated, even number)"	"FI"	"FI"	"FI"	0.13885377618723	0	0.310500901246236	0.654735839160332	0.98142320767868	0.88079265923968	0.996959287214095	NA	"prevalence"	46	23
"PWY-5138: fatty acid &beta;-oxidation IV (unsaturated, even number)"	"Location"	"Centre"	"LocationCentre"	0.245396490249252	0	0.653616982607491	0.707330382584819	0.98142320767868	0.653335819789454	0.993695588454555	NA	"prevalence"	46	23
"PWY-5189: tetrapyrrole biosynthesis II (from glycine)"	"Age"	"Age"	"Age"	-0.161307202495541	0	0.352318206517395	0.647063654045316	0.98142320767868	0.0676350093169728	0.723122110593216	NA	"prevalence"	46	35
"PWY-5189: tetrapyrrole biosynthesis II (from glycine)"	"Location"	"Centre"	"LocationCentre"	0.495098258689847	0	0.71283902305274	0.487340948233121	0.98142320767868	0.470854057994569	0.993695588454555	NA	"prevalence"	46	35
"PWY-5209: methyl-coenzyme M oxidation to CO2"	"FI"	"FI"	"FI"	0.152254317189451	0	0.361707619367553	0.673804726199339	0.98142320767868	0.493129350328101	0.993695588454555	NA	"prevalence"	46	10
"PWY-5209: methyl-coenzyme M oxidation to CO2"	"Sex"	"Female"	"SexFemale"	-0.352361507592345	0	0.769591111893526	0.647056273949025	0.98142320767868	0.79792043809003	0.993695588454555	NA	"prevalence"	46	10
"PWY-5209: methyl-coenzyme M oxidation to CO2"	"TimeNW"	"TimeNW"	"TimeNW"	-0.320558174635625	0	0.489664296503876	0.512693856791139	0.98142320767868	0.762532722790905	0.993695588454555	NA	"prevalence"	46	10
"PWY-5345: superpathway of L-methionine biosynthesis (by sulfhydrylation)"	"Age"	"Age"	"Age"	0.226748071617299	0	0.387965545326287	0.55891480660424	0.98142320767868	0.805443852167025	0.993695588454555	NA	"prevalence"	46	38
"PWY-5345: superpathway of L-methionine biosynthesis (by sulfhydrylation)"	"FI"	"FI"	"FI"	-0.2130504767818	0	0.347596050510437	0.539925613320168	0.98142320767868	0.788331558721176	0.993695588454555	NA	"prevalence"	46	38
"PWY-5345: superpathway of L-methionine biosynthesis (by sulfhydrylation)"	"Sex"	"Female"	"SexFemale"	0.422362501819681	0	0.727825476411325	0.561707345507275	0.98142320767868	0.807899549017721	0.993695588454555	NA	"prevalence"	46	38
"PWY-5347: superpathway of L-methionine biosynthesis (transsulfuration)"	"FI"	"FI"	"FI"	0.122634129800649	0	0.33713891535037	0.716045036388051	0.98142320767868	0.919369578640137	0.998451798775976	NA	"prevalence"	46	34
"PWY-5347: superpathway of L-methionine biosynthesis (transsulfuration)"	"Sex"	"Female"	"SexFemale"	0.54728577061441	0	0.676546418025878	0.418549394693864	0.98142320767868	0.661915193589128	0.993695588454555	NA	"prevalence"	46	34
"PWY-5367: petroselinate biosynthesis"	"Age"	"Age"	"Age"	0.142471405237656	0	0.345231103017398	0.679838036966341	0.98142320767868	0.897496317426434	0.998451798775976	NA	"prevalence"	46	31
"PWY-5367: petroselinate biosynthesis"	"FI"	"FI"	"FI"	-0.204160433812991	0	0.322016496975507	0.526076820037431	0.98142320767868	0.775396819494167	0.993695588454555	NA	"prevalence"	46	31
"PWY-5367: petroselinate biosynthesis"	"Location"	"Centre"	"LocationCentre"	0.55618916803485	0	0.683297284462154	0.415657377383261	0.98142320767868	0.409249007379063	0.992909460673586	NA	"prevalence"	46	31
"PWY-5392: reductive TCA cycle II"	"FI"	"FI"	"FI"	0.362734103996848	0	0.441744529824056	0.411566527073633	0.98142320767868	0.411566527073633	0.992909460673586	NA	"prevalence"	46	7
"PWY-5417: catechol degradation III (ortho-cleavage pathway)"	"Age"	"Age"	"Age"	0.391420315636715	0	0.495773794951975	0.429811693272927	0.98142320767868	0.429811693272927	0.993695588454555	NA	"prevalence"	46	5
"PWY-5417: catechol degradation III (ortho-cleavage pathway)"	"Location"	"Centre"	"LocationCentre"	0.638898761112069	0	1.00487858673186	0.524908762345411	0.98142320767868	0.524908762345411	0.993695588454555	NA	"prevalence"	46	5
"PWY-5431: aromatic compounds degradation via &beta;-ketoadipate"	"Age"	"Age"	"Age"	0.391420315636715	0	0.495773794951975	0.429811693272927	0.98142320767868	0.429811693272927	0.993695588454555	NA	"prevalence"	46	5
"PWY-5431: aromatic compounds degradation via &beta;-ketoadipate"	"Location"	"Centre"	"LocationCentre"	0.638898761112069	0	1.00487858673186	0.524908762345411	0.98142320767868	0.524908762345411	0.993695588454555	NA	"prevalence"	46	5
"PWY-5497: purine nucleobases degradation II (anaerobic)"	"Age"	"Age"	"Age"	0.334866675191471	0	0.6247692274048	0.591969204000701	0.98142320767868	0.642759101189934	0.993695588454555	NA	"prevalence"	46	45
"PWY-5497: purine nucleobases degradation II (anaerobic)"	"FI"	"FI"	"FI"	-0.27620329734998	0	0.531900035601299	0.60356779634021	0.98142320767868	0.661023492452158	0.993695588454555	NA	"prevalence"	46	45
"PWY-5497: purine nucleobases degradation II (anaerobic)"	"Location"	"Centre"	"LocationCentre"	0.577682061091728	0	1.24233245725672	0.641932915856354	0.98142320767868	0.484269276431177	0.993695588454555	NA	"prevalence"	46	45
"PWY-5497: purine nucleobases degradation II (anaerobic)"	"Sex"	"Female"	"SexFemale"	0.609720148822213	0	1.16017263433224	0.599206043647703	0.98142320767868	0.554649592784871	0.993695588454555	NA	"prevalence"	46	45
"PWY-5505: L-glutamate and L-glutamine biosynthesis"	"Location"	"Centre"	"LocationCentre"	1.10500187398896	0	1.30081675317687	0.3956210708676	0.98142320767868	0.634726110020774	0.993695588454555	NA	"prevalence"	46	44
"PWY-561: superpathway of glyoxylate cycle and fatty acid degradation"	"FI"	"FI"	"FI"	0.227436864519009	0	0.31499766769102	0.470277792751376	0.98142320767868	0.665616071698939	0.993695588454555	NA	"prevalence"	46	27
"PWY-561: superpathway of glyoxylate cycle and fatty acid degradation"	"Location"	"Centre"	"LocationCentre"	0.522143414280373	0	0.65827047386187	0.427658409871767	0.98142320767868	0.516174834024959	0.993695588454555	NA	"prevalence"	46	27
"PWY-5656: mannosylglycerate biosynthesis I"	"Age"	"Age"	"Age"	0.265001917664436	0	0.319326348912827	0.406607754187638	0.98142320767868	0.108879672832656	0.812484435162572	NA	"prevalence"	46	23
"PWY-5656: mannosylglycerate biosynthesis I"	"FI"	"FI"	"FI"	0.181750732708109	0	0.309495408619018	0.557036783960592	0.98142320767868	0.803783589236025	0.993695588454555	NA	"prevalence"	46	23
"PWY-5656: mannosylglycerate biosynthesis I"	"Sex"	"Female"	"SexFemale"	0.542648595707423	0	0.628631652396249	0.388015486935953	0.98142320767868	0.248860863105231	0.954417715573453	NA	"prevalence"	46	23
"PWY-5676: acetyl-CoA fermentation to butanoate II"	"Age"	"Age"	"Age"	-0.439093691465028	0	0.631513727595658	0.486865134838417	0.98142320767868	0.637865234531259	0.993695588454555	NA	"prevalence"	46	45
"PWY-5676: acetyl-CoA fermentation to butanoate II"	"FI"	"FI"	"FI"	-0.223715296849966	0	0.603171851645807	0.71071342653767	0.98142320767868	0.592776438812674	0.993695588454555	NA	"prevalence"	46	45
"PWY-5677: succinate fermentation to butanoate"	"FI"	"FI"	"FI"	0.184197577933638	0	0.329547018658194	0.576201494331824	0.98142320767868	0.784614692146619	0.993695588454555	NA	"prevalence"	46	13
"PWY-5690: TCA cycle II (plants and fungi)"	"Location"	"Centre"	"LocationCentre"	0.308488795649259	0	0.647053589709207	0.633533553643257	0.98142320767868	0.359197669416347	0.968877380286383	NA	"prevalence"	46	24
"PWY-5692: allantoin degradation to glyoxylate II"	"TimeNW"	"TimeNW"	"TimeNW"	-0.312501151254411	0	0.46946095544966	0.505628757139105	0.98142320767868	0.755597074232174	0.993695588454555	NA	"prevalence"	46	7
"PWY-5705: allantoin degradation to glyoxylate III"	"TimeNW"	"TimeNW"	"TimeNW"	-0.383997717752942	0	0.427339494117315	0.368877668612743	0.98142320767868	0.601684602824314	0.993695588454555	NA	"prevalence"	46	13
"PWY-5723: Rubisco shunt"	"Location"	"Centre"	"LocationCentre"	0.312014889963802	0	0.656383553576963	0.634534304206475	0.98142320767868	0.617454546338932	0.993695588454555	NA	"prevalence"	46	31
"PWY-5747: 2-methylcitrate cycle II"	"Sex"	"Female"	"SexFemale"	0.586494475629905	0	0.635214828791782	0.355850375934694	0.98142320767868	0.402481539669696	0.986103419754778	NA	"prevalence"	46	19
"PWY-5837: 2-carboxy-1,4-naphthoquinol biosynthesis"	"Age"	"Age"	"Age"	0.21163455019399	0	0.420639636571432	0.614876001417388	0.98142320767868	0.092562027849349	0.782480255952523	NA	"prevalence"	46	40
"PWY-5837: 2-carboxy-1,4-naphthoquinol biosynthesis"	"Location"	"Centre"	"LocationCentre"	0.403732946127979	0	0.809456675977554	0.617941215542142	0.98142320767868	0.117822282103612	0.816855125839389	NA	"prevalence"	46	40
"PWY-5838: superpathway of menaquinol-8 biosynthesis I"	"Age"	"Age"	"Age"	0.21163455019399	0	0.420639636571432	0.614876001417388	0.98142320767868	0.226817813319441	0.931415651367086	NA	"prevalence"	46	40
"PWY-5838: superpathway of menaquinol-8 biosynthesis I"	"Location"	"Centre"	"LocationCentre"	0.403732946127979	0	0.809456675977554	0.617941215542142	0.98142320767868	0.343697847146335	0.96473999596638	NA	"prevalence"	46	40
"PWY-5840: superpathway of menaquinol-7 biosynthesis"	"Location"	"Centre"	"LocationCentre"	0.49528079529619	0	0.687860567081847	0.471506031332902	0.98142320767868	0.192789004415292	0.905949068804327	NA	"prevalence"	46	31
"PWY-5840: superpathway of menaquinol-7 biosynthesis"	"Sex"	"Female"	"SexFemale"	-0.530998896684972	0	0.685528881075231	0.438586209831435	0.98142320767868	0.684814556208567	0.993695588454555	NA	"prevalence"	46	31
"PWY-5845: superpathway of menaquinol-9 biosynthesis"	"FI"	"FI"	"FI"	0.335663157182384	0	0.369420773871342	0.363550669059096	0.98142320767868	0.45978717564224	0.993695588454555	NA	"prevalence"	46	36
"PWY-5845: superpathway of menaquinol-9 biosynthesis"	"Location"	"Centre"	"LocationCentre"	0.54917851733253	0	0.741684783691075	0.459028609372668	0.98142320767868	0.396351709219941	0.98522843796502	NA	"prevalence"	46	36
"PWY-5845: superpathway of menaquinol-9 biosynthesis"	"TimeNW"	"TimeNW"	"TimeNW"	0.28302054592521	0	0.384541371479723	0.461733710234375	0.98142320767868	0.710269401301948	0.993695588454555	NA	"prevalence"	46	36
"PWY-5850: superpathway of menaquinol-6 biosynthesis"	"Sex"	"Female"	"SexFemale"	-0.463750627692749	0	0.664531865010768	0.48526435610965	0.98142320767868	0.735047216908787	0.993695588454555	NA	"prevalence"	46	24
"PWY-5850: superpathway of menaquinol-6 biosynthesis"	"TimeNW"	"TimeNW"	"TimeNW"	-0.137120100651799	0	0.343845258610758	0.69005212513172	0.98142320767868	0.668985959769451	0.993695588454555	NA	"prevalence"	46	24
"PWY-5855: ubiquinol-7 biosynthesis (early decarboxylation)"	"FI"	"FI"	"FI"	0.210673126973824	0	0.31363970848722	0.501771991520853	0.98142320767868	0.751768851566903	0.993695588454555	NA	"prevalence"	46	26
"PWY-5855: ubiquinol-7 biosynthesis (early decarboxylation)"	"Sex"	"Female"	"SexFemale"	0.562088591257318	0	0.628079634225279	0.370823415566416	0.98142320767868	0.604136825600489	0.993695588454555	NA	"prevalence"	46	26
"PWY-5860: superpathway of demethylmenaquinol-6 biosynthesis I"	"Sex"	"Female"	"SexFemale"	-0.463750627692749	0	0.664531865010768	0.48526435610965	0.98142320767868	0.735047216908787	0.993695588454555	NA	"prevalence"	46	24
"PWY-5860: superpathway of demethylmenaquinol-6 biosynthesis I"	"TimeNW"	"TimeNW"	"TimeNW"	-0.137120100651799	0	0.343845258610758	0.69005212513172	0.98142320767868	0.685804169016134	0.993695588454555	NA	"prevalence"	46	24
"PWY-5861: superpathway of demethylmenaquinol-8 biosynthesis I"	"Age"	"Age"	"Age"	0.21163455019399	0	0.420639636571432	0.614876001417388	0.98142320767868	0.152276091622482	0.895719802447789	NA	"prevalence"	46	40
"PWY-5861: superpathway of demethylmenaquinol-8 biosynthesis I"	"Location"	"Centre"	"LocationCentre"	0.403732946127979	0	0.809456675977554	0.617941215542142	0.98142320767868	0.264216356802016	0.954417715573453	NA	"prevalence"	46	40
"PWY-5862: superpathway of demethylmenaquinol-9 biosynthesis"	"FI"	"FI"	"FI"	0.335663157182384	0	0.369420773871342	0.363550669059096	0.98142320767868	0.514790442786327	0.993695588454555	NA	"prevalence"	46	36
"PWY-5862: superpathway of demethylmenaquinol-9 biosynthesis"	"Location"	"Centre"	"LocationCentre"	0.54917851733253	0	0.741684783691075	0.459028609372668	0.98142320767868	0.316366842559174	0.959114612886705	NA	"prevalence"	46	36
"PWY-5862: superpathway of demethylmenaquinol-9 biosynthesis"	"TimeNW"	"TimeNW"	"TimeNW"	0.28302054592521	0	0.384541371479723	0.461733710234375	0.98142320767868	0.710269401301948	0.993695588454555	NA	"prevalence"	46	36
"PWY-5896: superpathway of menaquinol-10 biosynthesis"	"Sex"	"Female"	"SexFemale"	-0.463750627692749	0	0.664531865010768	0.48526435610965	0.98142320767868	0.735047216908787	0.993695588454555	NA	"prevalence"	46	24
"PWY-5896: superpathway of menaquinol-10 biosynthesis"	"TimeNW"	"TimeNW"	"TimeNW"	-0.137120100651799	0	0.343845258610758	0.69005212513172	0.98142320767868	0.669104168582178	0.993695588454555	NA	"prevalence"	46	24
"PWY-5897: superpathway of menaquinol-11 biosynthesis"	"Age"	"Age"	"Age"	0.21163455019399	0	0.420639636571432	0.614876001417388	0.98142320767868	0.211054628338786	0.931415651367086	NA	"prevalence"	46	40
"PWY-5897: superpathway of menaquinol-11 biosynthesis"	"Location"	"Centre"	"LocationCentre"	0.403732946127979	0	0.809456675977554	0.617941215542142	0.98142320767868	0.248582736014271	0.954417715573453	NA	"prevalence"	46	40
"PWY-5898: superpathway of menaquinol-12 biosynthesis"	"Age"	"Age"	"Age"	0.21163455019399	0	0.420639636571432	0.614876001417388	0.98142320767868	0.211480129455694	0.931415651367086	NA	"prevalence"	46	40
"PWY-5898: superpathway of menaquinol-12 biosynthesis"	"Location"	"Centre"	"LocationCentre"	0.403732946127979	0	0.809456675977554	0.617941215542142	0.98142320767868	0.24863726772644	0.954417715573453	NA	"prevalence"	46	40
"PWY-5899: superpathway of menaquinol-13 biosynthesis"	"Age"	"Age"	"Age"	0.21163455019399	0	0.420639636571432	0.614876001417388	0.98142320767868	0.211447424907244	0.931415651367086	NA	"prevalence"	46	40
"PWY-5899: superpathway of menaquinol-13 biosynthesis"	"Location"	"Centre"	"LocationCentre"	0.403732946127979	0	0.809456675977554	0.617941215542142	0.98142320767868	0.248558186736828	0.954417715573453	NA	"prevalence"	46	40
"PWY-5910: superpathway of geranylgeranyldiphosphate biosynthesis I (via mevalonate)"	"Age"	"Age"	"Age"	-0.143217483926082	0	0.398296529658991	0.719164964468834	0.98142320767868	0.921131682818209	0.998451798775976	NA	"prevalence"	46	7
"PWY-5910: superpathway of geranylgeranyldiphosphate biosynthesis I (via mevalonate)"	"TimeNW"	"TimeNW"	"TimeNW"	0.25404827761282	0	0.400183031978846	0.525539159028837	0.98142320767868	0.692351301279114	0.993695588454555	NA	"prevalence"	46	7
"PWY-5913: partial TCA cycle (obligate autotrophs)"	"Age"	"Age"	"Age"	-0.275704035499963	0	0.589124648138077	0.639792236903075	0.98142320767868	0.238752240098774	0.946384830049322	NA	"prevalence"	46	44
"PWY-5913: partial TCA cycle (obligate autotrophs)"	"FI"	"FI"	"FI"	0.475923652468174	0	0.588362750158757	0.418575578734276	0.98142320767868	0.661945642355818	0.993695588454555	NA	"prevalence"	46	44
"PWY-5913: partial TCA cycle (obligate autotrophs)"	"TimeNW"	"TimeNW"	"TimeNW"	0.293443882876335	0	0.685049053899811	0.668393005388584	0.98142320767868	0.792228719753193	0.993695588454555	NA	"prevalence"	46	44
"PWY-5918: superpathway of heme b biosynthesis from glutamate"	"Location"	"Centre"	"LocationCentre"	0.308619391059432	0	0.732441324858449	0.673494302165599	0.98142320767868	0.678318779629244	0.993695588454555	NA	"prevalence"	46	35
"PWY-5918: superpathway of heme b biosynthesis from glutamate"	"TimeNW"	"TimeNW"	"TimeNW"	-0.247168846769387	0	0.341897902361658	0.469721819861472	0.98142320767868	0.629053826961309	0.993695588454555	NA	"prevalence"	46	35
"PWY-5920: superpathway of heme b biosynthesis from glycine"	"FI"	"FI"	"FI"	0.181778500262717	0	0.303760780126344	0.549555388562504	0.98142320767868	0.797099652026923	0.993695588454555	NA	"prevalence"	46	25
"PWY-5920: superpathway of heme b biosynthesis from glycine"	"Location"	"Centre"	"LocationCentre"	0.234083524023599	0	0.637152170956453	0.713327909731153	0.98142320767868	0.841297670055057	0.993695588454555	NA	"prevalence"	46	25
"PWY-5920: superpathway of heme b biosynthesis from glycine"	"TimeNW"	"TimeNW"	"TimeNW"	-0.221308014163279	0	0.321549304341027	0.49129202286897	0.98142320767868	0.741216194003256	0.993695588454555	NA	"prevalence"	46	25
"PWY-5971: palmitate biosynthesis (type II fatty acid synthase)"	"Age"	"Age"	"Age"	0.142471405237656	0	0.345231103017398	0.679838036966341	0.98142320767868	0.897496317426434	0.998451798775976	NA	"prevalence"	46	31
"PWY-5971: palmitate biosynthesis (type II fatty acid synthase)"	"FI"	"FI"	"FI"	-0.204160433812991	0	0.322016496975507	0.526076820037431	0.98142320767868	0.184743029953689	0.905949068804327	NA	"prevalence"	46	31
"PWY-5971: palmitate biosynthesis (type II fatty acid synthase)"	"Location"	"Centre"	"LocationCentre"	0.55618916803485	0	0.683297284462154	0.415657377383261	0.98142320767868	0.658543699393392	0.993695588454555	NA	"prevalence"	46	31
"PWY-5972: stearate biosynthesis I (animals)"	"Age"	"Age"	"Age"	0.254707522574732	0	0.352097623257721	0.469433993460854	0.98142320767868	0.687188595359532	0.993695588454555	NA	"prevalence"	46	11
"PWY-5972: stearate biosynthesis I (animals)"	"Sex"	"Female"	"SexFemale"	-0.512903277575547	0	0.698991484843243	0.463085181296607	0.98142320767868	0.528398712816211	0.993695588454555	NA	"prevalence"	46	11
"PWY-5972: stearate biosynthesis I (animals)"	"TimeNW"	"TimeNW"	"TimeNW"	0.214095432213744	0	0.360719698760589	0.552831205482168	0.98142320767868	0.800040069209469	0.993695588454555	NA	"prevalence"	46	11
"PWY-5981: CDP-diacylglycerol biosynthesis III"	"TimeNW"	"TimeNW"	"TimeNW"	0.29103962072149	0	0.451145263016962	0.518854036543746	0.98142320767868	0.768498561849754	0.993695588454555	NA	"prevalence"	46	39
"PWY-6143: CMP-pseudaminate biosynthesis"	"Age"	"Age"	"Age"	0.298975951057021	0	0.332158590698731	0.368067030320587	0.98142320767868	0.600660721832158	0.993695588454555	NA	"prevalence"	46	18
"PWY-6143: CMP-pseudaminate biosynthesis"	"FI"	"FI"	"FI"	0.151521727837574	0	0.320425792592508	0.636301513181724	0.98142320767868	0.322514975033686	0.959114612886705	NA	"prevalence"	46	18
"PWY-6143: CMP-pseudaminate biosynthesis"	"Sex"	"Female"	"SexFemale"	-0.424806028323515	0	0.661895334248282	0.521001477173519	0.98142320767868	0.375679311124069	0.97794296831023	NA	"prevalence"	46	18
"PWY-6143: CMP-pseudaminate biosynthesis"	"TimeNW"	"TimeNW"	"TimeNW"	-0.296475083269033	0	0.388229920493176	0.445070770802747	0.98142320767868	0.692053550582543	0.993695588454555	NA	"prevalence"	46	18
"PWY-6160: 3-dehydroquinate biosynthesis II (archaea)"	"Age"	"Age"	"Age"	0.193379352632116	0	0.347805147343224	0.578211462687647	0.98142320767868	0.745488591380363	0.993695588454555	NA	"prevalence"	46	14
"PWY-6160: 3-dehydroquinate biosynthesis II (archaea)"	"Sex"	"Female"	"SexFemale"	-0.508460886266241	0	0.7073714205109	0.472262145993475	0.98142320767868	0.721492757448588	0.993695588454555	NA	"prevalence"	46	14
"PWY-6160: 3-dehydroquinate biosynthesis II (archaea)"	"TimeNW"	"TimeNW"	"TimeNW"	0.23674139026074	0	0.378357746713468	0.531506621490846	0.98142320767868	0.780513954293079	0.993695588454555	NA	"prevalence"	46	14
"PWY-6165: chorismate biosynthesis II (archaea)"	"Age"	"Age"	"Age"	0.193379352632116	0	0.347805147343224	0.578211462687647	0.98142320767868	0.741653660146412	0.993695588454555	NA	"prevalence"	46	14
"PWY-6165: chorismate biosynthesis II (archaea)"	"Sex"	"Female"	"SexFemale"	-0.508460886266241	0	0.7073714205109	0.472262145993475	0.98142320767868	0.721492757448588	0.993695588454555	NA	"prevalence"	46	14
"PWY-6165: chorismate biosynthesis II (archaea)"	"TimeNW"	"TimeNW"	"TimeNW"	0.23674139026074	0	0.378357746713468	0.531506621490846	0.98142320767868	0.780513954293079	0.993695588454555	NA	"prevalence"	46	14
"PWY-6168: flavin biosynthesis III (fungi)"	"Age"	"Age"	"Age"	-0.136916721449718	0	0.374334731665954	0.714544070381213	0.98142320767868	0.336500065371474	0.962417882441047	NA	"prevalence"	46	36
"PWY-6168: flavin biosynthesis III (fungi)"	"FI"	"FI"	"FI"	0.300904291889304	0	0.366416040379818	0.411527010578735	0.98142320767868	0.653699540721599	0.993695588454555	NA	"prevalence"	46	36
"PWY-6168: flavin biosynthesis III (fungi)"	"Sex"	"Female"	"SexFemale"	0.607226955719257	0	0.698398475005418	0.384597599128162	0.98142320767868	0.410735255125223	0.992909460673586	NA	"prevalence"	46	36
"PWY-622: starch biosynthesis"	"Location"	"Centre"	"LocationCentre"	0.633317665039372	0	0.759435646308707	0.404319320237001	0.98142320767868	0.645164527757091	0.993695588454555	NA	"prevalence"	46	11
"PWY-622: starch biosynthesis"	"TimeNW"	"TimeNW"	"TimeNW"	-0.198931079022281	0	0.380984644826436	0.601565993153635	0.98142320767868	0.442156922586706	0.993695588454555	NA	"prevalence"	46	11
"PWY-6284: superpathway of unsaturated fatty acids biosynthesis (E. coli)"	"Age"	"Age"	"Age"	0.142471405237656	0	0.345231103017398	0.679838036966341	0.98142320767868	0.897496317426434	0.998451798775976	NA	"prevalence"	46	31
"PWY-6284: superpathway of unsaturated fatty acids biosynthesis (E. coli)"	"FI"	"FI"	"FI"	-0.204160433812991	0	0.322016496975507	0.526076820037431	0.98142320767868	0.775396819494167	0.993695588454555	NA	"prevalence"	46	31
"PWY-6284: superpathway of unsaturated fatty acids biosynthesis (E. coli)"	"Location"	"Centre"	"LocationCentre"	0.55618916803485	0	0.683297284462154	0.415657377383261	0.98142320767868	0.587918734396223	0.993695588454555	NA	"prevalence"	46	31
"PWY-6285: superpathway of fatty acids biosynthesis (E. coli)"	"Location"	"Centre"	"LocationCentre"	0.351649341394669	0	0.654154476693872	0.590878676121294	0.98142320767868	0.678682705927627	0.993695588454555	NA	"prevalence"	46	20
"PWY-6292: superpathway of L-cysteine biosynthesis (mammalian)"	"Age"	"Age"	"Age"	0.452917328300313	0	0.524370711152373	0.387733490355451	0.98142320767868	0.513660694382946	0.993695588454555	NA	"prevalence"	46	43
"PWY-6292: superpathway of L-cysteine biosynthesis (mammalian)"	"Sex"	"Female"	"SexFemale"	0.487772703503348	0	1.00469045530494	0.627324897959011	0.98142320767868	0.055921512101384	0.686415561393386	NA	"prevalence"	46	43
"PWY-6293: superpathway of L-cysteine biosynthesis (fungi)"	"TimeNW"	"TimeNW"	"TimeNW"	0.145237976280399	0	0.312343066266513	0.641935009281753	0.98142320767868	0.0927186548879957	0.782480255952523	NA	"prevalence"	46	23
"PWY-6328: L-lysine degradation X"	"FI"	"FI"	"FI"	-0.504027994092587	0	0.575160591774289	0.380853010826036	0.98142320767868	0.380853010826036	0.980279247207519	NA	"prevalence"	46	5
"PWY-6349: CDP-archaeol biosynthesis"	"FI"	"FI"	"FI"	0.36235568937713	0	0.406436086585729	0.372637351381611	0.98142320767868	0.372637351381611	0.977433209363127	NA	"prevalence"	46	11
"PWY-6353: purine nucleotides degradation II (aerobic)"	"Age"	"Age"	"Age"	0.334866675191471	0	0.6247692274048	0.591969204000701	0.98142320767868	0.399637917852432	0.98522843796502	NA	"prevalence"	46	45
"PWY-6353: purine nucleotides degradation II (aerobic)"	"FI"	"FI"	"FI"	-0.27620329734998	0	0.531900035601299	0.60356779634021	0.98142320767868	0.842841507901443	0.993695588454555	NA	"prevalence"	46	45
"PWY-6353: purine nucleotides degradation II (aerobic)"	"Location"	"Centre"	"LocationCentre"	0.577682061091728	0	1.24233245725672	0.641932915856354	0.98142320767868	0.812572508096406	0.993695588454555	NA	"prevalence"	46	45
"PWY-6353: purine nucleotides degradation II (aerobic)"	"Sex"	"Female"	"SexFemale"	0.609720148822213	0	1.16017263433224	0.599206043647703	0.98142320767868	0.293940309052496	0.954417715573453	NA	"prevalence"	46	45
"PWY-6396: superpathway of 2,3-butanediol biosynthesis"	"FI"	"FI"	"FI"	-0.359427561541429	0	0.453884061029301	0.428423132115713	0.98142320767868	0.428423132115713	0.993695588454555	NA	"prevalence"	46	5
"PWY-6396: superpathway of 2,3-butanediol biosynthesis"	"Location"	"Centre"	"LocationCentre"	-0.641565181251346	0	0.866504276104692	0.459053527892024	0.98142320767868	0.459053527892024	0.993695588454555	NA	"prevalence"	46	5
"PWY-6470: peptidoglycan biosynthesis V (&beta;-lactam resistance)"	"Age"	"Age"	"Age"	-0.170581637795136	0	0.450730421216968	0.705091865099744	0.98142320767868	0.742044055415984	0.993695588454555	NA	"prevalence"	46	41
"PWY-6470: peptidoglycan biosynthesis V (&beta;-lactam resistance)"	"Sex"	"Female"	"SexFemale"	0.692656483439753	0	0.827566738115519	0.402604030898272	0.98142320767868	0.643118056101007	0.993695588454555	NA	"prevalence"	46	41
"PWY-6471: peptidoglycan biosynthesis IV (Enterococcus faecium)"	"FI"	"FI"	"FI"	-0.169844099034655	0	0.421436638005113	0.68693926281987	0.98142320767868	0.68693926281987	0.993695588454555	NA	"prevalence"	46	5
"PWY-6471: peptidoglycan biosynthesis IV (Enterococcus faecium)"	"Sex"	"Female"	"SexFemale"	-0.600890285301902	0	0.837872436841642	0.473274134037332	0.98142320767868	0.473274134037332	0.993695588454555	NA	"prevalence"	46	5
"PWY-6471: peptidoglycan biosynthesis IV (Enterococcus faecium)"	"TimeNW"	"TimeNW"	"TimeNW"	-0.296843302062876	0	0.502898508908605	0.555013115429451	0.98142320767868	0.555013115429451	0.993695588454555	NA	"prevalence"	46	5
"PWY-6478: GDP-D-glycero-&alpha;-D-manno-heptose biosynthesis"	"Age"	"Age"	"Age"	0.279386245538892	0	0.386834949938948	0.470149204950379	0.98142320767868	0.280218452752116	0.954417715573453	NA	"prevalence"	46	9
"PWY-6478: GDP-D-glycero-&alpha;-D-manno-heptose biosynthesis"	"Location"	"Centre"	"LocationCentre"	0.60398333204355	0	0.794568192084566	0.447170704580754	0.98142320767868	0.109474975926423	0.812484435162572	NA	"prevalence"	46	9
"PWY-6531: mannitol cycle"	"FI"	"FI"	"FI"	0.355802397590537	0	0.471016889034585	0.450013802039294	0.98142320767868	0.697515182052727	0.993695588454555	NA	"prevalence"	46	41
"PWY-6531: mannitol cycle"	"TimeNW"	"TimeNW"	"TimeNW"	-0.262554450858945	0	0.579716394245501	0.650619638069974	0.98142320767868	0.529493738772229	0.993695588454555	NA	"prevalence"	46	41
"PWY-6545: pyrimidine deoxyribonucleotides de novo biosynthesis III"	"Age"	"Age"	"Age"	0.357598418675986	0	0.429816201226101	0.405420318202894	0.98142320767868	0.597640447807149	0.993695588454555	NA	"prevalence"	46	39
"PWY-6545: pyrimidine deoxyribonucleotides de novo biosynthesis III"	"FI"	"FI"	"FI"	-0.130164287133992	0	0.361457144316677	0.718764968175925	0.98142320767868	0.617574977486961	0.993695588454555	NA	"prevalence"	46	39
"PWY-6549: L-glutamine biosynthesis III"	"TimeNW"	"TimeNW"	"TimeNW"	0.510710334021348	0	0.68911398764566	0.458625808375465	0.98142320767868	0.161204790865632	0.897061821880354	NA	"prevalence"	46	43
"PWY-6562: norspermidine biosynthesis"	"Sex"	"Female"	"SexFemale"	0.53340495040663	0	0.915266169696407	0.560036899588911	0.98142320767868	0.560036899588911	0.993695588454555	NA	"prevalence"	46	5
"PWY-6562: norspermidine biosynthesis"	"TimeNW"	"TimeNW"	"TimeNW"	-0.261932898375741	0	0.501890816553428	0.601745395030367	0.98142320767868	0.601745395030367	0.993695588454555	NA	"prevalence"	46	5
"PWY-6572: chondroitin sulfate degradation I (bacterial)"	"Age"	"Age"	"Age"	-0.313577821136899	0	0.357159226786309	0.379955843920543	0.98142320767868	0.0211276792015766	0.440512111352871	NA	"prevalence"	46	20
"PWY-6572: chondroitin sulfate degradation I (bacterial)"	"TimeNW"	"TimeNW"	"TimeNW"	-0.337670104059517	0	0.411312856407036	0.411670851131185	0.98142320767868	0.0525088527428507	0.686415561393386	NA	"prevalence"	46	20
"PWY-6588: pyruvate fermentation to acetone"	"Age"	"Age"	"Age"	-0.305648550468708	0	0.390989059384896	0.434372255105109	0.98142320767868	0.590779464929484	0.993695588454555	NA	"prevalence"	46	38
"PWY-6588: pyruvate fermentation to acetone"	"FI"	"FI"	"FI"	0.265016474007901	0	0.386058368914281	0.492418432489909	0.98142320767868	0.0636854181661485	0.70629838764053	NA	"prevalence"	46	38
"PWY-6588: pyruvate fermentation to acetone"	"Location"	"Centre"	"LocationCentre"	0.587159343084734	0	0.796032650108185	0.460753233146067	0.98142320767868	0.70921292443758	0.993695588454555	NA	"prevalence"	46	38
"PWY-6588: pyruvate fermentation to acetone"	"Sex"	"Female"	"SexFemale"	0.542883031353408	0	0.732658264972496	0.458707296508414	0.98142320767868	0.70700220914677	0.993695588454555	NA	"prevalence"	46	38
"PWY-6588: pyruvate fermentation to acetone"	"TimeNW"	"TimeNW"	"TimeNW"	-0.251270024331867	0	0.356847145931585	0.481346159096548	0.98142320767868	0.730998193316097	0.993695588454555	NA	"prevalence"	46	38
"PWY-6590: superpathway of Clostridium acetobutylicum acidogenic fermentation"	"FI"	"FI"	"FI"	-0.371235530228648	0	0.430112597696562	0.388075653301445	0.98142320767868	0.625548593917547	0.993695588454555	NA	"prevalence"	46	41
"PWY-6590: superpathway of Clostridium acetobutylicum acidogenic fermentation"	"Location"	"Centre"	"LocationCentre"	-0.516348648139245	0	1.01040018985588	0.609327389611538	0.98142320767868	0.847374911492265	0.993695588454555	NA	"prevalence"	46	41
"PWY-6590: superpathway of Clostridium acetobutylicum acidogenic fermentation"	"Sex"	"Female"	"SexFemale"	0.45442047441235	0	0.901774890793276	0.614319098481109	0.98142320767868	0.851250242203575	0.993695588454555	NA	"prevalence"	46	41
"PWY-6595: superpathway of guanosine nucleotides degradation (plants)"	"FI"	"FI"	"FI"	0.146964246981888	0	0.348371627813975	0.673126805482704	0.98142320767868	0.767631758614124	0.993695588454555	NA	"prevalence"	46	34
"PWY-6595: superpathway of guanosine nucleotides degradation (plants)"	"Location"	"Centre"	"LocationCentre"	-0.302552500701622	0	0.768974342092769	0.693987582630102	0.98142320767868	0.582969150401533	0.993695588454555	NA	"prevalence"	46	34
"PWY-6607: guanosine nucleotides degradation I"	"FI"	"FI"	"FI"	0.146964246981888	0	0.348371627813975	0.673126805482704	0.98142320767868	0.893153914706058	0.998451798775976	NA	"prevalence"	46	34
"PWY-6607: guanosine nucleotides degradation I"	"Location"	"Centre"	"LocationCentre"	-0.302552500701622	0	0.768974342092769	0.693987582630102	0.98142320767868	0.552926886524247	0.993695588454555	NA	"prevalence"	46	34
"PWY-6612: superpathway of tetrahydrofolate biosynthesis"	"Sex"	"Female"	"SexFemale"	0.593725929090439	0	0.719604260479007	0.409330239661053	0.98142320767868	0.651109234221131	0.993695588454555	NA	"prevalence"	46	35
"PWY-6708: ubiquinol-8 biosynthesis (early decarboxylation)"	"Location"	"Centre"	"LocationCentre"	-0.540806861389747	0	0.862355484917774	0.530575645416903	0.98142320767868	0.779640775324243	0.993695588454555	NA	"prevalence"	46	9
"PWY-6708: ubiquinol-8 biosynthesis (early decarboxylation)"	"Sex"	"Female"	"SexFemale"	0.560023750401256	0	0.907390690914128	0.53711574158892	0.98142320767868	0.657973877655833	0.993695588454555	NA	"prevalence"	46	9
"PWY-6708: ubiquinol-8 biosynthesis (early decarboxylation)"	"TimeNW"	"TimeNW"	"TimeNW"	-0.344447548325248	0	0.509963053852184	0.499398621717385	0.98142320767868	0.749398260061546	0.993695588454555	NA	"prevalence"	46	9
"PWY-6749: CMP-legionaminate biosynthesis I"	"FI"	"FI"	"FI"	-0.171272441695817	0	0.323423633279292	0.596416556948988	0.98142320767868	0.83712040449509	0.993695588454555	NA	"prevalence"	46	23
"PWY-6797: 6-hydroxymethyl-dihydropterin diphosphate biosynthesis II (Methanocaldococcus)"	"FI"	"FI"	"FI"	-0.165940486775836	0	0.448212334132192	0.711213063114085	0.98142320767868	0.711213063114085	0.993695588454555	NA	"prevalence"	46	5
"PWY-6797: 6-hydroxymethyl-dihydropterin diphosphate biosynthesis II (Methanocaldococcus)"	"Location"	"Centre"	"LocationCentre"	0.626229686545293	0	0.92589447036196	0.498817795301181	0.98142320767868	0.498817795301181	0.993695588454555	NA	"prevalence"	46	5
"PWY-6797: 6-hydroxymethyl-dihydropterin diphosphate biosynthesis II (Methanocaldococcus)"	"TimeNW"	"TimeNW"	"TimeNW"	-0.521447937991742	0	0.634401860412331	0.411104162191157	0.98142320767868	0.411104162191157	0.992909460673586	NA	"prevalence"	46	5
"PWY-6803: phosphatidylcholine acyl editing"	"FI"	"FI"	"FI"	0.142428215789152	0	0.317771449080612	0.654001931156313	0.98142320767868	0.880285336356439	0.996959287214095	NA	"prevalence"	46	27
"PWY-6807: xyloglucan degradation II (exoglucanase)"	"Location"	"Centre"	"LocationCentre"	-0.544425412294619	0	0.649382273861024	0.401820516036544	0.98142320767868	0.642181304965214	0.993695588454555	NA	"prevalence"	46	22
"PWY-6807: xyloglucan degradation II (exoglucanase)"	"Sex"	"Female"	"SexFemale"	-0.358856477241779	0	0.625486982923168	0.566155035596325	0.98142320767868	0.147128100231622	0.886944932551819	NA	"prevalence"	46	22
"PWY-6859: all-trans-farnesol biosynthesis"	"FI"	"FI"	"FI"	-0.437222246916529	0	0.49433832646627	0.376448196387989	0.98142320767868	0.611183148212208	0.993695588454555	NA	"prevalence"	46	43
"PWY-6876: isopropanol biosynthesis (engineered)"	"Age"	"Age"	"Age"	-0.221751898036768	0	0.339321539725458	0.513423976699191	0.98142320767868	0.76324377354877	0.993695588454555	NA	"prevalence"	46	15
"PWY-6876: isopropanol biosynthesis (engineered)"	"Sex"	"Female"	"SexFemale"	0.452061320323367	0	0.699165696329505	0.517908653327048	0.98142320767868	0.767587933463059	0.993695588454555	NA	"prevalence"	46	15
"PWY-6895: superpathway of thiamine diphosphate biosynthesis II"	"FI"	"FI"	"FI"	-0.25870689604693	0	0.388590241803751	0.50556606774694	0.98142320767868	0.755535086636776	0.993695588454555	NA	"prevalence"	46	40
"PWY-6902: chitin degradation II (Vibrio)"	"Age"	"Age"	"Age"	-0.525866598362658	0	0.650016330030371	0.418512148777598	0.98142320767868	0.661871878880754	0.993695588454555	NA	"prevalence"	46	45
"PWY-6902: chitin degradation II (Vibrio)"	"FI"	"FI"	"FI"	0.311650571816776	0	0.638607530290779	0.625538641899937	0.98142320767868	0.859778691289856	0.993695588454555	NA	"prevalence"	46	45
"PWY-6902: chitin degradation II (Vibrio)"	"Location"	"Centre"	"LocationCentre"	0.567189700163144	0	1.29917341026499	0.662417883245116	0.98142320767868	0.0977970166903737	0.782480255952523	NA	"prevalence"	46	45
"PWY-6902: chitin degradation II (Vibrio)"	"Sex"	"Female"	"SexFemale"	0.846720408044871	0	1.16835353557455	0.468628426862987	0.98142320767868	0.0789236052369074	0.743422876756537	NA	"prevalence"	46	45
"PWY-6906: chitin derivatives degradation"	"Age"	"Age"	"Age"	-0.310087368860252	0	0.381430630731356	0.416241708716006	0.98142320767868	0.659226257357191	0.993695588454555	NA	"prevalence"	46	37
"PWY-6922: L-N&delta;-acetylornithine biosynthesis"	"FI"	"FI"	"FI"	0.260913650357886	0	0.323790716489898	0.42035267280552	0.98142320767868	0.481051223922185	0.993695588454555	NA	"prevalence"	46	25
"PWY-6953: dTDP-3-acetamido-&alpha;-D-fucose biosynthesis"	"Age"	"Age"	"Age"	0.131101971228507	0	0.358168035709472	0.714339095862883	0.98142320767868	0.0622013818622191	0.697257425713585	NA	"prevalence"	46	13
"PWY-6953: dTDP-3-acetamido-&alpha;-D-fucose biosynthesis"	"Sex"	"Female"	"SexFemale"	0.312529030412615	0	0.745922183479977	0.675228246720995	0.98142320767868	0.0138945105334831	0.333075118828948	NA	"prevalence"	46	13
"PWY-6961: L-ascorbate degradation II (bacterial, aerobic)"	"Location"	"Centre"	"LocationCentre"	0.383221083013371	0	0.65071424537994	0.555912415176321	0.98142320767868	0.802786217005472	0.993695588454555	NA	"prevalence"	46	30
"PWY-6961: L-ascorbate degradation II (bacterial, aerobic)"	"Sex"	"Female"	"SexFemale"	0.370308836760329	0	0.628367217733242	0.555647198717391	0.98142320767868	0.802550587992298	0.993695588454555	NA	"prevalence"	46	30
"PWY-6992: 1,5-anhydrofructose degradation"	"Sex"	"Female"	"SexFemale"	-0.344455679928714	0	0.64406995694987	0.592780574990672	0.98142320767868	0.556423637471712	0.993695588454555	NA	"prevalence"	46	20
"PWY-7013: (S)-propane-1,2-diol degradation"	"Age"	"Age"	"Age"	0.398729414779741	0	0.470643002738572	0.396882868634543	0.98142320767868	0.636249725853502	0.993695588454555	NA	"prevalence"	46	42
"PWY-7013: (S)-propane-1,2-diol degradation"	"Location"	"Centre"	"LocationCentre"	-0.65353876106659	0	0.983253615355681	0.506261858928018	0.98142320767868	0.756222648050784	0.993695588454555	NA	"prevalence"	46	42
"PWY-7013: (S)-propane-1,2-diol degradation"	"Sex"	"Female"	"SexFemale"	-0.536886452009894	0	0.972731347059702	0.580991495865746	0.98142320767868	0.469351406951168	0.993695588454555	NA	"prevalence"	46	42
"PWY-7115: C4 photosynthetic carbon assimilation cycle, NAD-ME type"	"FI"	"FI"	"FI"	-0.34211842077837	0	0.387533171659338	0.377338571946427	0.98142320767868	0.612292746014285	0.993695588454555	NA	"prevalence"	46	40
"PWY-7117: C4 photosynthetic carbon assimilation cycle, PEPCK type"	"Age"	"Age"	"Age"	-0.275704035499963	0	0.589124648138077	0.639792236903075	0.98142320767868	0.409129118467487	0.992909460673586	NA	"prevalence"	46	44
"PWY-7117: C4 photosynthetic carbon assimilation cycle, PEPCK type"	"FI"	"FI"	"FI"	0.475923652468174	0	0.588362750158757	0.418575578734276	0.98142320767868	0.661945642355818	0.993695588454555	NA	"prevalence"	46	44
"PWY-7117: C4 photosynthetic carbon assimilation cycle, PEPCK type"	"TimeNW"	"TimeNW"	"TimeNW"	0.293443882876335	0	0.685049053899811	0.668393005388584	0.98142320767868	0.468787167969713	0.993695588454555	NA	"prevalence"	46	44
"PWY-7118: chitin deacetylation"	"Location"	"Centre"	"LocationCentre"	0.336610168960624	0	0.666392423727904	0.613472417662445	0.98142320767868	0.850596428092285	0.993695588454555	NA	"prevalence"	46	32
"PWY-7184: pyrimidine deoxyribonucleotides de novo biosynthesis I"	"Age"	"Age"	"Age"	0.357598418675986	0	0.429816201226101	0.405420318202894	0.98142320767868	0.646475001994052	0.993695588454555	NA	"prevalence"	46	39
"PWY-7184: pyrimidine deoxyribonucleotides de novo biosynthesis I"	"FI"	"FI"	"FI"	-0.130164287133992	0	0.361457144316677	0.718764968175925	0.98142320767868	0.679579892569188	0.993695588454555	NA	"prevalence"	46	39
"PWY-7185: UTP and CTP dephosphorylation I"	"Sex"	"Female"	"SexFemale"	0.24619578615163	0	0.612681742135866	0.687806881565974	0.98142320767868	0.263857909282157	0.954417715573453	NA	"prevalence"	46	27
"PWY-7187: pyrimidine deoxyribonucleotides de novo biosynthesis II"	"FI"	"FI"	"FI"	-0.123728372553353	0	0.314416383753754	0.69393724666759	0.98142320767868	0.592074572937942	0.993695588454555	NA	"prevalence"	46	19
"PWY-7187: pyrimidine deoxyribonucleotides de novo biosynthesis II"	"Location"	"Centre"	"LocationCentre"	0.286922015095602	0	0.661406538678336	0.664429444799425	0.98142320767868	0.273147963279861	0.954417715573453	NA	"prevalence"	46	19
"PWY-7187: pyrimidine deoxyribonucleotides de novo biosynthesis II"	"TimeNW"	"TimeNW"	"TimeNW"	0.19281176328217	0	0.317847013966657	0.544104361343395	0.98142320767868	0.534447165989834	0.993695588454555	NA	"prevalence"	46	19
"PWY-7200: superpathway of pyrimidine deoxyribonucleoside salvage"	"FI"	"FI"	"FI"	0.36753281310789	0	0.491068560683188	0.45419792241542	0.98142320767868	0.45419792241542	0.993695588454555	NA	"prevalence"	46	4
"PWY-7200: superpathway of pyrimidine deoxyribonucleoside salvage"	"Location"	"Centre"	"LocationCentre"	0.988328974795947	0	1.23430865985127	0.423296883691531	0.98142320767868	0.423296883691531	0.993695588454555	NA	"prevalence"	46	4
"PWY-7204: pyridoxal 5'-phosphate salvage II (plants)"	"FI"	"FI"	"FI"	0.229670638682278	0	0.301167969952061	0.445702093937699	0.98142320767868	0.692753831334949	0.993695588454555	NA	"prevalence"	46	23
"PWY-7204: pyridoxal 5'-phosphate salvage II (plants)"	"Location"	"Centre"	"LocationCentre"	0.249907822041674	0	0.63260806473168	0.692810647321505	0.98142320767868	0.351626670995803	0.968877380286383	NA	"prevalence"	46	23
"PWY-7204: pyridoxal 5'-phosphate salvage II (plants)"	"Sex"	"Female"	"SexFemale"	0.537305591832384	0	0.611919703581361	0.379908164062806	0.98142320767868	0.302220949301909	0.957645409262128	NA	"prevalence"	46	23
"PWY-7204: pyridoxal 5'-phosphate salvage II (plants)"	"TimeNW"	"TimeNW"	"TimeNW"	0.128541914944962	0	0.310260033997238	0.678651622116554	0.98142320767868	0.52485634403482	0.993695588454555	NA	"prevalence"	46	23
"PWY-7209: superpathway of pyrimidine ribonucleosides degradation"	"FI"	"FI"	"FI"	0.254092796700833	0	0.306123495656615	0.406519769202341	0.98142320767868	0.647781215652358	0.993695588454555	NA	"prevalence"	46	20
"PWY-7209: superpathway of pyrimidine ribonucleosides degradation"	"Sex"	"Female"	"SexFemale"	0.489161744076157	0	0.636527312618022	0.442199050092552	0.98142320767868	0.654360387788602	0.993695588454555	NA	"prevalence"	46	20
"PWY-7210: pyrimidine deoxyribonucleotides biosynthesis from CTP"	"Sex"	"Female"	"SexFemale"	0.24619578615163	0	0.612681742135866	0.687806881565974	0.98142320767868	0.272872916629361	0.954417715573453	NA	"prevalence"	46	27
"PWY-7211: superpathway of pyrimidine deoxyribonucleotides de novo biosynthesis"	"Age"	"Age"	"Age"	0.346794862505993	0	0.393051672638937	0.377607207832424	0.98142320767868	0.612627212257848	0.993695588454555	NA	"prevalence"	46	36
"PWY-7211: superpathway of pyrimidine deoxyribonucleotides de novo biosynthesis"	"FI"	"FI"	"FI"	-0.235561794425675	0	0.333337439717833	0.479767426222487	0.98142320767868	0.729358069180825	0.993695588454555	NA	"prevalence"	46	36
"PWY-7211: superpathway of pyrimidine deoxyribonucleotides de novo biosynthesis"	"Location"	"Centre"	"LocationCentre"	0.501660312532867	0	0.773704164001814	0.51673418266111	0.98142320767868	0.524658321480799	0.993695588454555	NA	"prevalence"	46	36
"PWY-7211: superpathway of pyrimidine deoxyribonucleotides de novo biosynthesis"	"TimeNW"	"TimeNW"	"TimeNW"	-0.307963356767267	0	0.344656221807763	0.371569247250598	0.98142320767868	0.60507478899882	0.993695588454555	NA	"prevalence"	46	36
"PWY-7237: myo-, chiro- and scyllo-inositol degradation"	"Age"	"Age"	"Age"	0.133828399079194	0	0.356522445547877	0.707384126843206	0.98142320767868	0.064739183383825	0.70952380393303	NA	"prevalence"	46	34
"PWY-7237: myo-, chiro- and scyllo-inositol degradation"	"TimeNW"	"TimeNW"	"TimeNW"	-0.186530057674256	0	0.361062300798504	0.605425218770998	0.98142320767868	0.782164412687215	0.993695588454555	NA	"prevalence"	46	34
"PWY-7254: TCA cycle VII (acetate-producers)"	"Age"	"Age"	"Age"	0.27176342699162	0	0.35725440455042	0.446836272396631	0.98142320767868	0.694009890463946	0.993695588454555	NA	"prevalence"	46	20
"PWY-7254: TCA cycle VII (acetate-producers)"	"FI"	"FI"	"FI"	0.165983466049138	0	0.330250153629199	0.615246085386631	0.98142320767868	0.479266105739771	0.993695588454555	NA	"prevalence"	46	20
"PWY-7254: TCA cycle VII (acetate-producers)"	"TimeNW"	"TimeNW"	"TimeNW"	0.186648596239297	0	0.346229057214367	0.589824807567037	0.98142320767868	0.564753294204393	0.993695588454555	NA	"prevalence"	46	20
"PWY-7269: mitochondrial NADPH production (yeast)"	"Location"	"Centre"	"LocationCentre"	0.466921494589813	0	0.882504790061968	0.596745348522428	0.98142320767868	0.065889224159641	0.714330244039166	NA	"prevalence"	46	8
"PWY-7269: mitochondrial NADPH production (yeast)"	"TimeNW"	"TimeNW"	"TimeNW"	-0.43597622331083	0	0.586246055208611	0.457073439316335	0.98142320767868	0.0558781945828189	0.686415561393386	NA	"prevalence"	46	8
"PWY-7286: 7-(3-amino-3-carboxypropyl)-wyosine biosynthesis"	"Age"	"Age"	"Age"	0.176369904997786	0	0.373481683202991	0.636761386961653	0.98142320767868	0.868057709997978	0.994107327529712	NA	"prevalence"	46	11
"PWY-7286: 7-(3-amino-3-carboxypropyl)-wyosine biosynthesis"	"TimeNW"	"TimeNW"	"TimeNW"	0.31400464084037	0	0.412601292208212	0.446635270037926	0.98142320767868	0.693787475634001	0.993695588454555	NA	"prevalence"	46	11
"PWY-7312: dTDP-&beta;-D-fucofuranose biosynthesis"	"Sex"	"Female"	"SexFemale"	0.308251609676006	0	0.643047856557726	0.631682335317175	0.98142320767868	0.86434209788259	0.993695588454555	NA	"prevalence"	46	21
"PWY-7312: dTDP-&beta;-D-fucofuranose biosynthesis"	"TimeNW"	"TimeNW"	"TimeNW"	0.227169051215925	0	0.324048926004447	0.483282304662235	0.98142320767868	0.733002823324829	0.993695588454555	NA	"prevalence"	46	21
"PWY-7315: dTDP-N-acetylthomosamine biosynthesis"	"Sex"	"Female"	"SexFemale"	0.462103535322711	0	0.631079309560952	0.464020138830701	0.98142320767868	0.712725588420938	0.993695588454555	NA	"prevalence"	46	31
"PWY-7340: 9-cis, 11-trans-octadecadienoyl-CoA degradation (isomerase-dependent, yeast)"	"Age"	"Age"	"Age"	0.153543346218243	0	0.33435407925643	0.646073471094528	0.98142320767868	0.874736012136924	0.996783998657935	NA	"prevalence"	46	13
"PWY-7340: 9-cis, 11-trans-octadecadienoyl-CoA degradation (isomerase-dependent, yeast)"	"FI"	"FI"	"FI"	-0.130667150627512	0	0.336824352737914	0.698061509874552	0.98142320767868	0.908833148180765	0.998451798775976	NA	"prevalence"	46	13
"PWY-7356: thiamine diphosphate salvage IV (yeast)"	"Age"	"Age"	"Age"	-0.219486966917245	0	0.613562074651157	0.720548544317302	0.98142320767868	0.545966109021025	0.993695588454555	NA	"prevalence"	46	45
"PWY-7356: thiamine diphosphate salvage IV (yeast)"	"FI"	"FI"	"FI"	0.300119883451041	0	0.685036715620635	0.661308187974678	0.98142320767868	0.885287856467004	0.998451798775976	NA	"prevalence"	46	45
"PWY-7356: thiamine diphosphate salvage IV (yeast)"	"Location"	"Centre"	"LocationCentre"	-0.500945941639453	0	1.31777419822275	0.703837406631022	0.98142320767868	0.758672143831645	0.993695588454555	NA	"prevalence"	46	45
"PWY-7371: 1,4-dihydroxy-6-naphthoate biosynthesis II"	"Sex"	"Female"	"SexFemale"	0.471240167087087	0	0.615175713573223	0.443661242131938	0.98142320767868	0.690487186493822	0.993695588454555	NA	"prevalence"	46	25
"PWY-7383: anaerobic energy metabolism (invertebrates, cytosol)"	"Age"	"Age"	"Age"	-0.385710304390511	0	0.637134749930335	0.5449247961622	0.98142320767868	0.317689548776193	0.959114612886705	NA	"prevalence"	46	45
"PWY-7383: anaerobic energy metabolism (invertebrates, cytosol)"	"FI"	"FI"	"FI"	0.252895812850122	0	0.675817765788106	0.708250234827584	0.98142320767868	0.857270222302154	0.993695588454555	NA	"prevalence"	46	45
"PWY-7383: anaerobic energy metabolism (invertebrates, cytosol)"	"Location"	"Centre"	"LocationCentre"	0.939852294487898	0	1.2893334175432	0.46603571167972	0.98142320767868	0.714882138798617	0.993695588454555	NA	"prevalence"	46	45
"PWY-7383: anaerobic energy metabolism (invertebrates, cytosol)"	"Sex"	"Female"	"SexFemale"	-0.52378061998722	0	1.28815385591889	0.684291953349907	0.98142320767868	0.532852055664172	0.993695588454555	NA	"prevalence"	46	45
"PWY-7385: 1,3-propanediol biosynthesis (engineered)"	"Age"	"Age"	"Age"	0.190363390033961	0	0.319921634223573	0.551822540291256	0.98142320767868	0.650634921293576	0.993695588454555	NA	"prevalence"	46	20
"PWY-7385: 1,3-propanediol biosynthesis (engineered)"	"FI"	"FI"	"FI"	0.247292574665618	0	0.311656076906874	0.427498757728674	0.98142320767868	0.672242327597789	0.993695588454555	NA	"prevalence"	46	20
"PWY-7388: octanoyl-[acyl-carrier protein] biosynthesis (mitochondria, yeast)"	"FI"	"FI"	"FI"	0.141918995047184	0	0.341883784248527	0.678062198518213	0.98142320767868	0.896356051977073	0.998451798775976	NA	"prevalence"	46	10
"PWY-7388: octanoyl-[acyl-carrier protein] biosynthesis (mitochondria, yeast)"	"Location"	"Centre"	"LocationCentre"	0.320067094564343	0	0.734809744385896	0.663142801488404	0.98142320767868	0.546871438675484	0.993695588454555	NA	"prevalence"	46	10
"PWY-7388: octanoyl-[acyl-carrier protein] biosynthesis (mitochondria, yeast)"	"Sex"	"Female"	"SexFemale"	-0.325596188149298	0	0.720093540166569	0.65115502943815	0.98142320767868	0.878307186513702	0.996959287214095	NA	"prevalence"	46	10
"PWY-7392: taxadiene biosynthesis (engineered)"	"Age"	"Age"	"Age"	-0.179526375816922	0	0.49505821967817	0.716876145212495	0.98142320767868	0.821592136740409	0.993695588454555	NA	"prevalence"	46	42
"PWY-7392: taxadiene biosynthesis (engineered)"	"Location"	"Centre"	"LocationCentre"	0.663129601592516	0	1.02073085996568	0.515910859966491	0.98142320767868	0.332666942984126	0.961519999886396	NA	"prevalence"	46	42
"PWY-7434: terminal O-glycans residues modification (via type 2 precursor disaccharide)"	"FI"	"FI"	"FI"	-0.197152932620503	0	0.441391914181819	0.655119225030772	0.98142320767868	0.655119225030772	0.993695588454555	NA	"prevalence"	46	6
"PWY-7434: terminal O-glycans residues modification (via type 2 precursor disaccharide)"	"Location"	"Centre"	"LocationCentre"	-0.399707809326377	0	0.842846897028829	0.635332074152078	0.98142320767868	0.635332074152078	0.993695588454555	NA	"prevalence"	46	6
"PWY-7434: terminal O-glycans residues modification (via type 2 precursor disaccharide)"	"Sex"	"Female"	"SexFemale"	0.758299796590853	0	0.896326556576007	0.397548057910495	0.98142320767868	0.397548057910495	0.98522843796502	NA	"prevalence"	46	6
"PWY-7434: terminal O-glycans residues modification (via type 2 precursor disaccharide)"	"TimeNW"	"TimeNW"	"TimeNW"	-0.198151370981592	0	0.451046605930184	0.660433577821292	0.98142320767868	0.660433577821292	0.993695588454555	NA	"prevalence"	46	6
"PWY-7616: methanol oxidation to carbon dioxide"	"FI"	"FI"	"FI"	-0.285504780805695	0	0.476380655365257	0.548959056527782	0.98142320767868	0.548959056527782	0.993695588454555	NA	"prevalence"	46	6
"PWY-7616: methanol oxidation to carbon dioxide"	"Location"	"Centre"	"LocationCentre"	-0.490845607539077	0	0.973128627855385	0.613980659077979	0.98142320767868	0.613980659077979	0.993695588454555	NA	"prevalence"	46	6
"PWY-7616: methanol oxidation to carbon dioxide"	"TimeNW"	"TimeNW"	"TimeNW"	0.349764409354249	0	0.414217219803479	0.398446746435503	0.98142320767868	0.398446746435503	0.98522843796502	NA	"prevalence"	46	6
"PWY-7688: dTDP-&alpha;-D-ravidosamine and dTDP-4-acetyl-&alpha;-D-ravidosamine biosynthesis"	"Location"	"Centre"	"LocationCentre"	0.386164227142789	0	0.637687465465422	0.544800507068183	0.98142320767868	0.792793421634616	0.993695588454555	NA	"prevalence"	46	27
"PWY-7805: (aminomethyl)phosphonate degradation"	"FI"	"FI"	"FI"	-0.197803433001453	0	0.385199862226455	0.607595612852429	0.98142320767868	0.83026317380324	0.993695588454555	NA	"prevalence"	46	9
"PWY-7805: (aminomethyl)phosphonate degradation"	"Location"	"Centre"	"LocationCentre"	0.438472111903426	0	0.774861116290296	0.571480882676535	0.98142320767868	0.781395144216615	0.993695588454555	NA	"prevalence"	46	9
"PWY-7805: (aminomethyl)phosphonate degradation"	"Sex"	"Female"	"SexFemale"	0.630137320406808	0	0.772527951833646	0.414681906524585	0.98142320767868	0.561283847816616	0.993695588454555	NA	"prevalence"	46	9
"PWY-7807: glyphosate degradation III"	"FI"	"FI"	"FI"	-0.197803433001453	0	0.385199862226455	0.607595612852429	0.98142320767868	0.782585680153814	0.993695588454555	NA	"prevalence"	46	9
"PWY-7807: glyphosate degradation III"	"Location"	"Centre"	"LocationCentre"	0.438472111903426	0	0.774861116290296	0.571480882676535	0.98142320767868	0.816371366088318	0.993695588454555	NA	"prevalence"	46	9
"PWY-7807: glyphosate degradation III"	"Sex"	"Female"	"SexFemale"	0.630137320406808	0	0.772527951833646	0.414681906524585	0.98142320767868	0.657402729450305	0.993695588454555	NA	"prevalence"	46	9
"PWY-7858: (5Z)-dodecenoate biosynthesis II"	"Location"	"Centre"	"LocationCentre"	0.397148511006069	0	0.632398109446761	0.530001352075454	0.98142320767868	0.779101270949099	0.993695588454555	NA	"prevalence"	46	25
"PWY-7858: (5Z)-dodecenoate biosynthesis II"	"Sex"	"Female"	"SexFemale"	0.244121944605078	0	0.608504126520523	0.688284871350052	0.98142320767868	0.322524386919994	0.959114612886705	NA	"prevalence"	46	25
"PWY-7873: D-erythronate degradation II"	"TimeNW"	"TimeNW"	"TimeNW"	-0.327562346284863	0	0.48301240401821	0.497666767324216	0.98142320767868	0.0633556339846173	0.70629838764053	NA	"prevalence"	46	7
"PWY-7874: L-threonate degradation"	"TimeNW"	"TimeNW"	"TimeNW"	0.141195546384182	0	0.322463006627628	0.661483514673107	0.98142320767868	0.346316027661029	0.96473999596638	NA	"prevalence"	46	13
"PWY-7883: anhydromuropeptides recycling II"	"FI"	"FI"	"FI"	-0.246370530452566	0	0.321923941635301	0.444088970409152	0.98142320767868	0.690962927179243	0.993695588454555	NA	"prevalence"	46	26
"PWY-7883: anhydromuropeptides recycling II"	"Location"	"Centre"	"LocationCentre"	-0.390595104082203	0	0.663949106718943	0.556337167295006	0.98142320767868	0.80316329087618	0.993695588454555	NA	"prevalence"	46	26
"PWY-7883: anhydromuropeptides recycling II"	"Sex"	"Female"	"SexFemale"	0.266619980440722	0	0.659632370719715	0.686069470289423	0.98142320767868	0.901447622515637	0.998451798775976	NA	"prevalence"	46	26
"PWY-7942: 5-oxo-L-proline metabolism"	"Age"	"Age"	"Age"	0.225630773293597	0	0.314016881248785	0.472430118174353	0.98142320767868	0.51661787255326	0.993695588454555	NA	"prevalence"	46	23
"PWY-7942: 5-oxo-L-proline metabolism"	"Location"	"Centre"	"LocationCentre"	0.273808029986141	0	0.637430410455956	0.667523246598859	0.98142320767868	0.507057994435646	0.993695588454555	NA	"prevalence"	46	23
"PWY-7942: 5-oxo-L-proline metabolism"	"TimeNW"	"TimeNW"	"TimeNW"	0.135352360282499	0	0.311172727196128	0.663580566304003	0.98142320767868	0.361460079823328	0.968877380286383	NA	"prevalence"	46	23
"PWY-7992: superpathway of menaquinol-8 biosynthesis III"	"Location"	"Centre"	"LocationCentre"	-0.348770548752901	0	0.635949755791595	0.583400325947816	0.98142320767868	0.826444711579614	0.993695588454555	NA	"prevalence"	46	24
"PWY-7992: superpathway of menaquinol-8 biosynthesis III"	"Sex"	"Female"	"SexFemale"	0.335286848715724	0	0.610360118261478	0.582781560503343	0.98142320767868	0.825928773743974	0.993695588454555	NA	"prevalence"	46	24
"PWY-801: homocysteine and cysteine interconversion"	"TimeNW"	"TimeNW"	"TimeNW"	0.145237976280399	0	0.312343066266513	0.641935009281753	0.98142320767868	0.090534213416984	0.782480255952523	NA	"prevalence"	46	23
"PWY-8073: lipid IVA biosynthesis (P. putida)"	"Age"	"Age"	"Age"	-0.284047757308211	0	0.552400892687133	0.607108094942135	0.98142320767868	0.845635950940002	0.993695588454555	NA	"prevalence"	46	44
"PWY-8073: lipid IVA biosynthesis (P. putida)"	"FI"	"FI"	"FI"	-0.195733439614902	0	0.499303361156032	0.6950485624021	0.98142320767868	0.446995290860522	0.993695588454555	NA	"prevalence"	46	44
"PWY-8073: lipid IVA biosynthesis (P. putida)"	"Location"	"Centre"	"LocationCentre"	0.463714543973927	0	1.0906492980818	0.670710625367619	0.98142320767868	0.891568507754216	0.998451798775976	NA	"prevalence"	46	44
"PWY-8073: lipid IVA biosynthesis (P. putida)"	"Sex"	"Female"	"SexFemale"	0.438746996797075	0	1.05920038654128	0.678709530416361	0.98142320767868	0.521912391969839	0.993695588454555	NA	"prevalence"	46	44
"PWY-8073: lipid IVA biosynthesis (P. putida)"	"TimeNW"	"TimeNW"	"TimeNW"	0.310587916546339	0	0.650050849151767	0.632799546463347	0.98142320767868	0.754306968615016	0.993695588454555	NA	"prevalence"	46	44
"PWY-8112: factor 420 biosynthesis I (archaea)"	"Age"	"Age"	"Age"	0.181500288437305	0	0.370770415003884	0.624472157590122	0.98142320767868	0.82618345434444	0.993695588454555	NA	"prevalence"	46	11
"PWY-8112: factor 420 biosynthesis I (archaea)"	"FI"	"FI"	"FI"	-0.206492323011608	0	0.378649802525223	0.585520715713156	0.98142320767868	0.828206922897065	0.993695588454555	NA	"prevalence"	46	11
"PWY-8112: factor 420 biosynthesis I (archaea)"	"TimeNW"	"TimeNW"	"TimeNW"	0.27074432761443	0	0.40911907866072	0.508116136452968	0.98142320767868	0.758050264782045	0.993695588454555	NA	"prevalence"	46	11
"PWY-8113: 3PG-factor 420 biosynthesis"	"Age"	"Age"	"Age"	0.181500288437305	0	0.370770415003884	0.624472157590122	0.98142320767868	0.848586842163514	0.993695588454555	NA	"prevalence"	46	11
"PWY-8113: 3PG-factor 420 biosynthesis"	"FI"	"FI"	"FI"	-0.206492323011608	0	0.378649802525223	0.585520715713156	0.98142320767868	0.828206922897065	0.993695588454555	NA	"prevalence"	46	11
"PWY-8113: 3PG-factor 420 biosynthesis"	"TimeNW"	"TimeNW"	"TimeNW"	0.27074432761443	0	0.40911907866072	0.508116136452968	0.98142320767868	0.758050264782045	0.993695588454555	NA	"prevalence"	46	11
"PWY-8131: 5'-deoxyadenosine degradation II"	"Age"	"Age"	"Age"	-0.221004272884868	0	0.567316519485904	0.696861349136153	0.98142320767868	0.619869976628126	0.993695588454555	NA	"prevalence"	46	44
"PWY-8131: 5'-deoxyadenosine degradation II"	"Location"	"Centre"	"LocationCentre"	-0.509069905940324	0	1.22860040177934	0.678618200657228	0.98142320767868	0.737838317804549	0.993695588454555	NA	"prevalence"	46	44
"PWY-8131: 5'-deoxyadenosine degradation II"	"Sex"	"Female"	"SexFemale"	0.492158967862929	0	1.1659414840296	0.672942595734236	0.98142320767868	0.586860969076929	0.993695588454555	NA	"prevalence"	46	44
"PWY-8131: 5'-deoxyadenosine degradation II"	"TimeNW"	"TimeNW"	"TimeNW"	0.444796810288933	0	0.784972969608697	0.570959029382353	0.98142320767868	0.815923845531468	0.993695588454555	NA	"prevalence"	46	44
"PWY-8134: bile acid 7&beta;-dehydroxylation"	"Location"	"Centre"	"LocationCentre"	-0.559152178834604	0	0.860660213720245	0.515900108079733	0.98142320767868	0.515900108079733	0.993695588454555	NA	"prevalence"	46	5
"PWY-8134: bile acid 7&beta;-dehydroxylation"	"TimeNW"	"TimeNW"	"TimeNW"	-0.437232450208365	0	0.505636369602001	0.387194043489302	0.98142320767868	0.387194043489302	0.980622710853004	NA	"prevalence"	46	5
"PWY-8188: L-alanine degradation VI (reductive Stickland reaction)"	"Age"	"Age"	"Age"	0.323956330276993	0	0.420774478342554	0.441356310448156	0.98142320767868	0.687917228123903	0.993695588454555	NA	"prevalence"	46	7
"PWY-8188: L-alanine degradation VI (reductive Stickland reaction)"	"Sex"	"Female"	"SexFemale"	-0.325280641246912	0	0.815762889341599	0.690081767942391	0.98142320767868	0.632568773383452	0.993695588454555	NA	"prevalence"	46	7
"PWY-8188: L-alanine degradation VI (reductive Stickland reaction)"	"TimeNW"	"TimeNW"	"TimeNW"	-0.332492105766093	0	0.461896948341677	0.471623238380099	0.98142320767868	0.540020670491663	0.993695588454555	NA	"prevalence"	46	7
"PWY-8189: L-alanine degradation V (oxidative Stickland reaction)"	"Age"	"Age"	"Age"	0.323956330276993	0	0.420774478342554	0.441356310448156	0.98142320767868	0.687917228123903	0.993695588454555	NA	"prevalence"	46	7
"PWY-8189: L-alanine degradation V (oxidative Stickland reaction)"	"Sex"	"Female"	"SexFemale"	-0.325280641246912	0	0.815762889341599	0.690081767942391	0.98142320767868	0.632867660312589	0.993695588454555	NA	"prevalence"	46	7
"PWY-8189: L-alanine degradation V (oxidative Stickland reaction)"	"TimeNW"	"TimeNW"	"TimeNW"	-0.332492105766093	0	0.461896948341677	0.471623238380099	0.98142320767868	0.540124947947278	0.993695588454555	NA	"prevalence"	46	7
"PWY-8190: L-glutamate degradation XI (reductive Stickland reaction)"	"FI"	"FI"	"FI"	0.179467758400842	0	0.347160272165337	0.605184516049998	0.98142320767868	0.22884915476171	0.931415651367086	NA	"prevalence"	46	11
"PWY-8190: L-glutamate degradation XI (reductive Stickland reaction)"	"Location"	"Centre"	"LocationCentre"	0.658272119031257	0	0.7779801898366	0.397480412307469	0.98142320767868	0.636970146446823	0.993695588454555	NA	"prevalence"	46	11
"PWY-821: superpathway of sulfur amino acid biosynthesis (Saccharomyces cerevisiae)"	"FI"	"FI"	"FI"	-0.127659072979562	0	0.30892535337999	0.679433725121747	0.98142320767868	0.360493303078016	0.968877380286383	NA	"prevalence"	46	32
"PWY-821: superpathway of sulfur amino acid biosynthesis (Saccharomyces cerevisiae)"	"Location"	"Centre"	"LocationCentre"	0.570814056918398	0	0.671014880212091	0.394951178212656	0.98142320767868	0.633915923253747	0.993695588454555	NA	"prevalence"	46	32
"PWY-821: superpathway of sulfur amino acid biosynthesis (Saccharomyces cerevisiae)"	"Sex"	"Female"	"SexFemale"	0.562455502485638	0	0.637050142956074	0.377286969132927	0.98142320767868	0.612228481188344	0.993695588454555	NA	"prevalence"	46	32
"PWY-822: fructan biosynthesis"	"FI"	"FI"	"FI"	-0.298566529351354	0	0.336425416204508	0.374827406191231	0.98142320767868	0.381298066899424	0.980279247207519	NA	"prevalence"	46	15
"PWY-822: fructan biosynthesis"	"TimeNW"	"TimeNW"	"TimeNW"	0.218733852507396	0	0.336041493427539	0.515102503321134	0.98142320767868	0.0941943650721481	0.782480255952523	NA	"prevalence"	46	15
"PWY-922: mevalonate pathway I (eukaryotes and bacteria)"	"Age"	"Age"	"Age"	-0.217265062184085	0	0.382759846253163	0.570287845600676	0.98142320767868	0.815347464361491	0.993695588454555	NA	"prevalence"	46	8
"PWY-922: mevalonate pathway I (eukaryotes and bacteria)"	"FI"	"FI"	"FI"	-0.215610164968646	0	0.385987865781369	0.576439438727746	0.98142320767868	0.165600367043062	0.901505914581682	NA	"prevalence"	46	8
"PWY0-1061: superpathway of L-alanine biosynthesis"	"Age"	"Age"	"Age"	0.212307097738643	0	0.474398552025873	0.654493172003689	0.98142320767868	0.847585483898343	0.993695588454555	NA	"prevalence"	46	41
"PWY0-1241: ADP-L-glycero-&beta;-D-manno-heptose biosynthesis"	"Age"	"Age"	"Age"	-0.544839984605601	0	0.620838834567281	0.380167979094861	0.98142320767868	0.615808265860652	0.993695588454555	NA	"prevalence"	46	44
"PWY0-1241: ADP-L-glycero-&beta;-D-manno-heptose biosynthesis"	"FI"	"FI"	"FI"	-0.250374599512192	0	0.558224633771623	0.653778360299899	0.98142320767868	0.20872920533113	0.929915369904712	NA	"prevalence"	46	44
"PWY0-1241: ADP-L-glycero-&beta;-D-manno-heptose biosynthesis"	"Sex"	"Female"	"SexFemale"	-1.01175455550168	0	1.2824490328062	0.430156548390529	0.98142320767868	0.675278440657804	0.993695588454555	NA	"prevalence"	46	44
"PWY0-1298: superpathway of pyrimidine deoxyribonucleosides degradation"	"Age"	"Age"	"Age"	-0.289581589166995	0	0.646931137309541	0.65442492992248	0.98142320767868	0.105873728731364	0.808596060091189	NA	"prevalence"	46	45
"PWY0-1298: superpathway of pyrimidine deoxyribonucleosides degradation"	"Location"	"Centre"	"LocationCentre"	0.978130395911633	0	1.22302832752971	0.423849265123376	0.98142320767868	0.459308034572625	0.993695588454555	NA	"prevalence"	46	45
"PWY0-1298: superpathway of pyrimidine deoxyribonucleosides degradation"	"Sex"	"Female"	"SexFemale"	0.960102241007813	0	1.17376202943841	0.413374262346586	0.98142320767868	0.655870243922588	0.993695588454555	NA	"prevalence"	46	45
"PWY0-1298: superpathway of pyrimidine deoxyribonucleosides degradation"	"TimeNW"	"TimeNW"	"TimeNW"	0.481997533423453	0	0.779518407838552	0.536359591925476	0.98142320767868	0.785037572000489	0.993695588454555	NA	"prevalence"	46	45
"PWY0-1337: oleate &beta;-oxidation"	"Location"	"Centre"	"LocationCentre"	0.594294300928481	0	0.659618630581725	0.367606121949411	0.98142320767868	0.600077983004137	0.993695588454555	NA	"prevalence"	46	21
"PWY0-1337: oleate &beta;-oxidation"	"TimeNW"	"TimeNW"	"TimeNW"	0.227864067250401	0	0.317810286313292	0.47338556723335	0.98142320767868	0.122846959345913	0.832223965083102	NA	"prevalence"	46	21
"PWY0-1338: polymyxin resistance"	"FI"	"FI"	"FI"	-0.147506137421718	0	0.30766308543938	0.631625301423472	0.98142320767868	0.864300081448652	0.993695588454555	NA	"prevalence"	46	21
"PWY0-1338: polymyxin resistance"	"Location"	"Centre"	"LocationCentre"	0.449576754619153	0	0.647231508145104	0.487296570036473	0.98142320767868	0.360400670489923	0.968877380286383	NA	"prevalence"	46	21
"PWY0-1338: polymyxin resistance"	"TimeNW"	"TimeNW"	"TimeNW"	0.113822275579658	0	0.315416938067385	0.718201928037798	0.98142320767868	0.275508536452926	0.954417715573453	NA	"prevalence"	46	21
"PWY0-1415: superpathway of heme b biosynthesis from uroporphyrinogen-III"	"TimeNW"	"TimeNW"	"TimeNW"	-0.127794529502207	0	0.321634574812494	0.691125356498963	0.98142320767868	0.413205439931506	0.992909460673586	NA	"prevalence"	46	29
"PWY0-1479: tRNA processing"	"Location"	"Centre"	"LocationCentre"	-0.520132467117438	0	1.00000084180695	0.60297155583123	0.98142320767868	0.842368414520926	0.993695588454555	NA	"prevalence"	46	42
"PWY0-1479: tRNA processing"	"TimeNW"	"TimeNW"	"TimeNW"	0.348802365975093	0	0.586322595132993	0.551911395706284	0.98142320767868	0.0874703614041364	0.779383348408652	NA	"prevalence"	46	42
"PWY0-1533: methylphosphonate degradation I"	"FI"	"FI"	"FI"	-0.197803433001453	0	0.385199862226455	0.607595612852429	0.98142320767868	0.79758360389547	0.993695588454555	NA	"prevalence"	46	9
"PWY0-1533: methylphosphonate degradation I"	"Location"	"Centre"	"LocationCentre"	0.438472111903426	0	0.774861116290296	0.571480882676535	0.98142320767868	0.816371366088318	0.993695588454555	NA	"prevalence"	46	9
"PWY0-1533: methylphosphonate degradation I"	"Sex"	"Female"	"SexFemale"	0.630137320406808	0	0.772527951833646	0.414681906524585	0.98142320767868	0.657402729450305	0.993695588454555	NA	"prevalence"	46	9
"PWY0-166: superpathway of pyrimidine deoxyribonucleotides de novo biosynthesis (E. coli)"	"FI"	"FI"	"FI"	-0.118795873087443	0	0.309028601215296	0.700669341879925	0.98142320767868	0.738875440598556	0.993695588454555	NA	"prevalence"	46	29
"PWY0-166: superpathway of pyrimidine deoxyribonucleotides de novo biosynthesis (E. coli)"	"Location"	"Centre"	"LocationCentre"	0.362636236263522	0	0.66046953515802	0.582965486859539	0.98142320767868	0.826082214849699	0.993695588454555	NA	"prevalence"	46	29
"PWY0-166: superpathway of pyrimidine deoxyribonucleotides de novo biosynthesis (E. coli)"	"Sex"	"Female"	"SexFemale"	0.445811490885433	0	0.631445171092755	0.480177107099885	0.98142320767868	0.729784160016956	0.993695588454555	NA	"prevalence"	46	29
"PWY0-166: superpathway of pyrimidine deoxyribonucleotides de novo biosynthesis (E. coli)"	"TimeNW"	"TimeNW"	"TimeNW"	0.127329640739994	0	0.319936391863802	0.690641805285245	0.98142320767868	0.812378115510045	0.993695588454555	NA	"prevalence"	46	29
"PWY0-301: L-ascorbate degradation I (bacterial, anaerobic)"	"Sex"	"Female"	"SexFemale"	0.528089243935721	0	0.655436782483786	0.420412480904139	0.98142320767868	0.664078307708305	0.993695588454555	NA	"prevalence"	46	34
"PWY0-41: allantoin degradation IV (anaerobic)"	"Sex"	"Female"	"SexFemale"	0.391590391906178	0	0.840163989692953	0.641152479772156	0.98142320767868	0.515983100083538	0.993695588454555	NA	"prevalence"	46	9
"PWY0-41: allantoin degradation IV (anaerobic)"	"TimeNW"	"TimeNW"	"TimeNW"	-0.437044259631836	0	0.506453131176231	0.388164382732978	0.98142320767868	0.223471480980443	0.931415651367086	NA	"prevalence"	46	9
"PWY0-42: 2-methylcitrate cycle I"	"Age"	"Age"	"Age"	0.160558458399891	0	0.319986564426084	0.615831956509666	0.98142320767868	0.0295701839376848	0.555439941532187	NA	"prevalence"	46	24
"PWY0-42: 2-methylcitrate cycle I"	"FI"	"FI"	"FI"	-0.137964941391544	0	0.303544698911906	0.649459804077423	0.98142320767868	0.875831312010234	0.996783998657935	NA	"prevalence"	46	24
"PWY0-461: L-lysine degradation I"	"FI"	"FI"	"FI"	0.359790255181805	0	0.458596934840964	0.432719975002637	0.98142320767868	0.432719975002637	0.993695588454555	NA	"prevalence"	46	5
"PWY0-461: L-lysine degradation I"	"Sex"	"Female"	"SexFemale"	0.527598633250151	0	1.03584795383019	0.610514035524256	0.98142320767868	0.610514035524256	0.993695588454555	NA	"prevalence"	46	5
"PWY0-461: L-lysine degradation I"	"TimeNW"	"TimeNW"	"TimeNW"	0.303899146013247	0	0.454876314784616	0.504074981636254	0.98142320767868	0.504074981636254	0.993695588454555	NA	"prevalence"	46	5
"PWY0-781: aspartate superpathway"	"TimeNW"	"TimeNW"	"TimeNW"	0.186528548597224	0	0.335379635221951	0.578093714417957	0.98142320767868	0.821995086186364	0.993695588454555	NA	"prevalence"	46	31
"PWY1ZNC-1: assimilatory sulfate reduction IV"	"Age"	"Age"	"Age"	0.391360205262567	0	0.494573672604086	0.42876416140957	0.98142320767868	0.673689616709888	0.993695588454555	NA	"prevalence"	46	42
"PWY1ZNC-1: assimilatory sulfate reduction IV"	"Sex"	"Female"	"SexFemale"	0.332478790407149	0	0.904530307171875	0.71319340499135	0.98142320767868	0.298442040671014	0.954417715573453	NA	"prevalence"	46	42
"PWY1ZNC-1: assimilatory sulfate reduction IV"	"TimeNW"	"TimeNW"	"TimeNW"	0.311624184835111	0	0.495377780284764	0.529307346833242	0.98142320767868	0.677964938354933	0.993695588454555	NA	"prevalence"	46	42
"PWY3O-4107: NAD salvage pathway V (PNC V cycle)"	"Age"	"Age"	"Age"	0.21516802248838	0	0.453540351940665	0.635201363253286	0.98142320767868	0.866921954627739	0.993695588454555	NA	"prevalence"	46	41
"PWY3O-4107: NAD salvage pathway V (PNC V cycle)"	"Location"	"Centre"	"LocationCentre"	0.73875056857797	0	0.850534227907335	0.385081047791545	0.98142320767868	0.621874682214855	0.993695588454555	NA	"prevalence"	46	41
"PWY4LZ-257: superpathway of fermentation (Chlamydomonas reinhardtii)"	"Age"	"Age"	"Age"	0.427149914995536	0	0.493650877913835	0.386881031042436	0.98142320767868	0.624085129904414	0.993695588454555	NA	"prevalence"	46	42
"PWY4LZ-257: superpathway of fermentation (Chlamydomonas reinhardtii)"	"Location"	"Centre"	"LocationCentre"	-0.80207132409518	0	1.00835503123542	0.426366020444594	0.98142320767868	0.670944057499428	0.993695588454555	NA	"prevalence"	46	42
"PWY4LZ-257: superpathway of fermentation (Chlamydomonas reinhardtii)"	"TimeNW"	"TimeNW"	"TimeNW"	0.202217020497262	0	0.558087985975448	0.717098747361373	0.98142320767868	0.679993989004479	0.993695588454555	NA	"prevalence"	46	42
"PWY66-388: ceramide degradation by &alpha;-oxidation"	"Age"	"Age"	"Age"	-0.321828862651143	0	0.460520547849732	0.484653815041427	0.98142320767868	0.484653815041427	0.993695588454555	NA	"prevalence"	46	5
"PWY66-388: ceramide degradation by &alpha;-oxidation"	"Location"	"Centre"	"LocationCentre"	0.798238757992247	0	0.978719242477951	0.414731671320867	0.98142320767868	0.414731671320867	0.992909460673586	NA	"prevalence"	46	5
"PWY66-388: ceramide degradation by &alpha;-oxidation"	"TimeNW"	"TimeNW"	"TimeNW"	-0.483720020717965	0	0.625888165624098	0.439608934366204	0.98142320767868	0.439608934366204	0.993695588454555	NA	"prevalence"	46	5
"PWY66-389: phytol degradation"	"Age"	"Age"	"Age"	0.223835579978014	0	0.320666087911304	0.485156422859225	0.98142320767868	0.123735937254562	0.832223965083102	NA	"prevalence"	46	21
"PWY66-389: phytol degradation"	"FI"	"FI"	"FI"	0.260721273750065	0	0.306476149507695	0.394932372991107	0.98142320767868	0.0465475474154884	0.683462227896432	NA	"prevalence"	46	21
"PWY66-389: phytol degradation"	"Location"	"Centre"	"LocationCentre"	0.310815366354773	0	0.637788788297191	0.626022540118905	0.98142320767868	0.860140859500884	0.993695588454555	NA	"prevalence"	46	21
"PWY66-389: phytol degradation"	"Sex"	"Female"	"SexFemale"	0.458367522408349	0	0.629587184311787	0.466586311594153	0.98142320767868	0.511221323856757	0.993695588454555	NA	"prevalence"	46	21
"PWY66-389: phytol degradation"	"TimeNW"	"TimeNW"	"TimeNW"	-0.314288829783784	0	0.344086090328796	0.361031296639986	0.98142320767868	0.0751026960235178	0.738627930231295	NA	"prevalence"	46	21
"PWY66-391: fatty acid &beta;-oxidation VI (mammalian peroxisome)"	"Age"	"Age"	"Age"	-0.200120513537527	0	0.313947651901442	0.523843004896229	0.98142320767868	0.773274516013747	0.993695588454555	NA	"prevalence"	46	29
"PWY66-391: fatty acid &beta;-oxidation VI (mammalian peroxisome)"	"Location"	"Centre"	"LocationCentre"	0.303105433252928	0	0.642955544501644	0.637337138126056	0.98142320767868	0.272402554596206	0.954417715573453	NA	"prevalence"	46	29
"PWY66-399: gluconeogenesis III"	"Age"	"Age"	"Age"	-0.385710304390511	0	0.637134749930335	0.5449247961622	0.98142320767868	0.387638704928036	0.980622710853004	NA	"prevalence"	46	45
"PWY66-399: gluconeogenesis III"	"FI"	"FI"	"FI"	0.252895812850122	0	0.675817765788106	0.708250234827584	0.98142320767868	0.91488207452184	0.998451798775976	NA	"prevalence"	46	45
"PWY66-399: gluconeogenesis III"	"Location"	"Centre"	"LocationCentre"	0.939852294487898	0	1.2893334175432	0.46603571167972	0.98142320767868	0.500627961498579	0.993695588454555	NA	"prevalence"	46	45
"PWY66-399: gluconeogenesis III"	"Sex"	"Female"	"SexFemale"	-0.52378061998722	0	1.28815385591889	0.684291953349907	0.98142320767868	0.535129417202371	0.993695588454555	NA	"prevalence"	46	45
"PWY66-409: superpathway of purine nucleotide salvage"	"Age"	"Age"	"Age"	0.184715119788129	0	0.515558053188964	0.720132360628519	0.98142320767868	0.921674104432634	0.998451798775976	NA	"prevalence"	46	43
"PWY66-409: superpathway of purine nucleotide salvage"	"Location"	"Centre"	"LocationCentre"	0.721215586947081	0	1.01524808613679	0.477466292387577	0.98142320767868	0.726958524408815	0.993695588454555	NA	"prevalence"	46	43
"PWY66-430: myristate biosynthesis (mitochondria)"	"Age"	"Age"	"Age"	0.222057116146092	0	0.386497500330635	0.565604467011492	0.98142320767868	0.81130052091963	0.993695588454555	NA	"prevalence"	46	9
"PWY66-430: myristate biosynthesis (mitochondria)"	"FI"	"FI"	"FI"	0.151587902958293	0	0.367664836012476	0.680120164439318	0.98142320767868	0.897676890801671	0.998451798775976	NA	"prevalence"	46	9
"PWY66-430: myristate biosynthesis (mitochondria)"	"Location"	"Centre"	"LocationCentre"	0.523328212133948	0	0.789432269153432	0.507383599291326	0.98142320767868	0.757329081752831	0.993695588454555	NA	"prevalence"	46	9
"PYRIDNUCSAL-PWY: NAD salvage pathway I (PNC VI cycle)"	"Age"	"Age"	"Age"	0.21516802248838	0	0.453540351940665	0.635201363253286	0.98142320767868	0.866921954627739	0.993695588454555	NA	"prevalence"	46	41
"PYRIDNUCSAL-PWY: NAD salvage pathway I (PNC VI cycle)"	"Location"	"Centre"	"LocationCentre"	0.73875056857797	0	0.850534227907335	0.385081047791545	0.98142320767868	0.621874682214855	0.993695588454555	NA	"prevalence"	46	41
"REDCITCYC: TCA cycle VI (Helicobacter)"	"Age"	"Age"	"Age"	0.313971244447131	0	0.348010585509257	0.366956595707835	0.98142320767868	0.575150249544961	0.993695588454555	NA	"prevalence"	46	24
"REDCITCYC: TCA cycle VI (Helicobacter)"	"FI"	"FI"	"FI"	0.167315393745802	0	0.314850196598334	0.59513282123824	0.98142320767868	0.327429956256581	0.959114612886705	NA	"prevalence"	46	24
"RUMP-PWY: formaldehyde oxidation I"	"FI"	"FI"	"FI"	0.249410171490841	0	0.307362780413012	0.417106093899751	0.98142320767868	0.289108280881312	0.954417715573453	NA	"prevalence"	46	24
"RUMP-PWY: formaldehyde oxidation I"	"Sex"	"Female"	"SexFemale"	0.44827236173246	0	0.630957752616104	0.477416847536184	0.98142320767868	0.486093477634495	0.993695588454555	NA	"prevalence"	46	24
"SALVADEHYPOX-PWY: adenosine nucleotides degradation II"	"Age"	"Age"	"Age"	0.334866675191471	0	0.6247692274048	0.591969204000701	0.98142320767868	0.117499403092252	0.816855125839389	NA	"prevalence"	46	45
"SALVADEHYPOX-PWY: adenosine nucleotides degradation II"	"FI"	"FI"	"FI"	-0.27620329734998	0	0.531900035601299	0.60356779634021	0.98142320767868	0.778121618057565	0.993695588454555	NA	"prevalence"	46	45
"SALVADEHYPOX-PWY: adenosine nucleotides degradation II"	"Location"	"Centre"	"LocationCentre"	0.577682061091728	0	1.24233245725672	0.641932915856354	0.98142320767868	0.86330224398213	0.993695588454555	NA	"prevalence"	46	45
"SALVADEHYPOX-PWY: adenosine nucleotides degradation II"	"Sex"	"Female"	"SexFemale"	0.609720148822213	0	1.16017263433224	0.599206043647703	0.98142320767868	0.643279428495076	0.993695588454555	NA	"prevalence"	46	45
"SO4ASSIM-PWY: assimilatory sulfate reduction I"	"Age"	"Age"	"Age"	0.226748071617299	0	0.387965545326287	0.55891480660424	0.98142320767868	0.805443852167025	0.993695588454555	NA	"prevalence"	46	38
"SO4ASSIM-PWY: assimilatory sulfate reduction I"	"FI"	"FI"	"FI"	-0.2130504767818	0	0.347596050510437	0.539925613320168	0.98142320767868	0.788331558721176	0.993695588454555	NA	"prevalence"	46	38
"SO4ASSIM-PWY: assimilatory sulfate reduction I"	"Sex"	"Female"	"SexFemale"	0.422362501819681	0	0.727825476411325	0.561707345507275	0.98142320767868	0.693704240520068	0.993695588454555	NA	"prevalence"	46	38
"SULFATE-CYS-PWY: superpathway of sulfate assimilation and cysteine biosynthesis"	"Age"	"Age"	"Age"	0.226748071617299	0	0.387965545326287	0.55891480660424	0.98142320767868	0.805443852167025	0.993695588454555	NA	"prevalence"	46	38
"SULFATE-CYS-PWY: superpathway of sulfate assimilation and cysteine biosynthesis"	"FI"	"FI"	"FI"	-0.2130504767818	0	0.347596050510437	0.539925613320168	0.98142320767868	0.788331558721176	0.993695588454555	NA	"prevalence"	46	38
"SULFATE-CYS-PWY: superpathway of sulfate assimilation and cysteine biosynthesis"	"Sex"	"Female"	"SexFemale"	0.422362501819681	0	0.727825476411325	0.561707345507275	0.98142320767868	0.807899549017721	0.993695588454555	NA	"prevalence"	46	38
"TCA-GLYOX-BYPASS: superpathway of glyoxylate bypass and TCA"	"Age"	"Age"	"Age"	0.252491295946721	0	0.332684357050387	0.447881562533116	0.98142320767868	0.0209430514691168	0.440512111352871	NA	"prevalence"	46	25
"TCA-GLYOX-BYPASS: superpathway of glyoxylate bypass and TCA"	"FI"	"FI"	"FI"	0.1166896755752	0	0.30744089156776	0.704278310538236	0.98142320767868	0.765265374764959	0.993695588454555	NA	"prevalence"	46	25
"TCA-GLYOX-BYPASS: superpathway of glyoxylate bypass and TCA"	"TimeNW"	"TimeNW"	"TimeNW"	0.164573802361843	0	0.319772273811548	0.606791058236775	0.98142320767868	0.845386728117445	0.993695588454555	NA	"prevalence"	46	25
"TCA: TCA cycle I (prokaryotic)"	"Age"	"Age"	"Age"	0.276987748751854	0	0.323760727395204	0.392256549683175	0.98142320767868	0.630647898597001	0.993695588454555	NA	"prevalence"	46	27
"THREOCAT-PWY: superpathway of L-threonine metabolism"	"Sex"	"Female"	"SexFemale"	0.72564638740384	0	1.01062543127116	0.472746715117783	0.98142320767868	0.722003973580912	0.993695588454555	NA	"prevalence"	46	7
"THREOCAT-PWY: superpathway of L-threonine metabolism"	"TimeNW"	"TimeNW"	"TimeNW"	-0.240763021025641	0	0.574835123394785	0.675334241729933	0.98142320767868	0.894592145406922	0.998451798775976	NA	"prevalence"	46	7
"UBISYN-PWY: superpathway of ubiquinol-8 biosynthesis (early decarboxylation)"	"Sex"	"Female"	"SexFemale"	0.440020168947714	0	0.947849463233394	0.642482960148957	0.98142320767868	0.517269770327351	0.993695588454555	NA	"prevalence"	46	8
"UBISYN-PWY: superpathway of ubiquinol-8 biosynthesis (early decarboxylation)"	"TimeNW"	"TimeNW"	"TimeNW"	-0.3344194074438	0	0.526312911487102	0.525167340777294	0.98142320767868	0.665074229611231	0.993695588454555	NA	"prevalence"	46	8
"URDEGR-PWY: superpathway of allantoin degradation in plants"	"TimeNW"	"TimeNW"	"TimeNW"	-0.312501151254411	0	0.46946095544966	0.505628757139105	0.98142320767868	0.755597074232174	0.993695588454555	NA	"prevalence"	46	7
"METSYN-PWY: superpathway of L-homoserine and L-methionine biosynthesis"	"TimeNW"	"TimeNW"	"TimeNW"	-0.14229413560507	-0.0144260567140095	0.35068951918088	0.721519631583571	0.981967672800086	0.531603885260798	0.993695588454555	NA	"abundance"	46	34
"PWY-6731: starch degradation III"	"FI"	"FI"	"FI"	-0.0564172059856746	-0.0218447081487729	0.0945040173003218	0.722530177584145	0.982931384323345	0.722530177584145	0.993695588454555	NA	"abundance"	46	46
"HEXITOLDEGSUPER-PWY: superpathway of hexitol degradation (bacteria)"	"TimeNW"	"TimeNW"	"TimeNW"	-0.12510606812366	-0.0144260567140095	0.30380776885895	0.72349086839432	0.982946821086659	0.763088657219367	0.993695588454555	NA	"abundance"	46	27
"PWY-5910: superpathway of geranylgeranyldiphosphate biosynthesis I (via mevalonate)"	"Sex"	"Female"	"SexFemale"	0.277860824611201	-0.0946946073416741	0.804288046671798	0.724293902632718	0.982946821086659	0.923986147874503	0.998451798775976	NA	"abundance"	46	7
"PWY4FS-7: phosphatidylglycerol biosynthesis I (plastidic)"	"Sex"	"Female"	"SexFemale"	0.0184136696457826	-0.0946946073416741	0.312726052641662	0.724429798754948	0.982946821086659	0.724429798754948	0.993695588454555	NA	"abundance"	46	46
"PWY4FS-8: phosphatidylglycerol biosynthesis II (non-plastidic)"	"Sex"	"Female"	"SexFemale"	0.0184136696457826	-0.0946946073416741	0.312726052641662	0.724563012931712	0.982946821086659	0.724563012931712	0.993695588454555	NA	"abundance"	46	46
"P163-PWY: L-lysine fermentation to acetate and butanoate"	"TimeNW"	"TimeNW"	"TimeNW"	-0.17784960829333	0	0.50272685729402	0.723511365304286	0.982946821086659	0.723511365304286	0.993695588454555	NA	"prevalence"	46	5
"PWY-7209: superpathway of pyrimidine ribonucleosides degradation"	"TimeNW"	"TimeNW"	"TimeNW"	-0.115832856839075	0	0.328846850642994	0.724658641022657	0.982946821086659	0.811088639341863	0.993695588454555	NA	"prevalence"	46	20
"PWY-7992: superpathway of menaquinol-8 biosynthesis III"	"Age"	"Age"	"Age"	0.108696903216009	0	0.308180965921753	0.724309767120872	0.982946821086659	0.148728849677433	0.890115677507796	NA	"prevalence"	46	24
"PWY-5004: superpathway of L-citrulline metabolism"	"FI"	"FI"	"FI"	0.146188908638121	0	0.415652188978769	0.725055981738936	0.983075486296013	0.725055981738936	0.993695588454555	NA	"prevalence"	46	6
"PWY-4984: urea cycle"	"Location"	"Centre"	"LocationCentre"	-0.0390361437860866	-0.134762365173622	0.265834177573973	0.725372496439165	0.983094501012212	0.725372496439165	0.993695588454555	NA	"abundance"	46	46
"DARABCATK12-PWY: D-arabinose degradation I"	"FI"	"FI"	"FI"	0.19374199673315	-0.0218447081487729	0.607694578771764	0.728444849297873	0.983416702605434	0.926257800127145	0.998451798775976	NA	"abundance"	46	19
"FUCCAT-PWY: fucose degradation"	"TimeNW"	"TimeNW"	"TimeNW"	-0.0762264579465196	-0.0144260567140095	0.167974856771258	0.72894287216219	0.983416702605434	0.915299402578873	0.998451798775976	NA	"abundance"	46	45
"GOLPDLCAT-PWY: superpathway of glycerol degradation to 1,3-propanediol"	"Age"	"Age"	"Age"	0.189039875193958	0.115099219485005	0.211295624434742	0.729075123102103	0.983416702605434	0.926599711077859	0.998451798775976	NA	"abundance"	46	45
"P461-PWY: hexitol fermentation to lactate, formate, ethanol and acetate"	"TimeNW"	"TimeNW"	"TimeNW"	0.0587369428303665	-0.0144260567140095	0.202626111469634	0.72964379355501	0.983416702605434	0.606282539213493	0.993695588454555	NA	"abundance"	46	44
"P621-PWY: nylon-6 oligomer degradation"	"Age"	"Age"	"Age"	-0.115772555960692	0.115099219485005	0.633262958783562	0.730149077965204	0.983416702605434	0.92718047987697	0.998451798775976	NA	"abundance"	46	11
"PWY-5347: superpathway of L-methionine biosynthesis (transsulfuration)"	"TimeNW"	"TimeNW"	"TimeNW"	-0.135122441833484	-0.0144260567140095	0.34107493487628	0.729374568481429	0.983416702605434	0.531603885260798	0.993695588454555	NA	"abundance"	46	34
"PWY-5367: petroselinate biosynthesis"	"Age"	"Age"	"Age"	0.0143104798645079	0.115099219485005	0.285222025805975	0.727579523196488	0.983416702605434	0.897496317426434	0.998451798775976	NA	"abundance"	46	31
"PWY-6122: 5-aminoimidazole ribonucleotide biosynthesis II"	"FI"	"FI"	"FI"	-0.0372709974754032	-0.0218447081487729	0.0379078230977125	0.726718503756815	0.983416702605434	0.726718503756815	0.993695588454555	NA	"abundance"	46	46
"PWY-6277: superpathway of 5-aminoimidazole ribonucleotide biosynthesis"	"FI"	"FI"	"FI"	-0.0372709974754032	-0.0218447081487729	0.0379078230977125	0.726125454103014	0.983416702605434	0.726125454103014	0.993695588454555	NA	"abundance"	46	46
"PWY-6876: isopropanol biosynthesis (engineered)"	"Age"	"Age"	"Age"	-0.0237491027562588	0.115099219485005	0.386046614403629	0.727733085481056	0.983416702605434	0.76324377354877	0.993695588454555	NA	"abundance"	46	15
"PWY-6895: superpathway of thiamine diphosphate biosynthesis II"	"FI"	"FI"	"FI"	0.0512741574598233	-0.0218447081487729	0.209315695601888	0.730025929760153	0.983416702605434	0.755535086636776	0.993695588454555	NA	"abundance"	46	40
"PWY-7254: TCA cycle VII (acetate-producers)"	"Location"	"Centre"	"LocationCentre"	0.302494893611633	-0.134762365173622	1.22984128063379	0.727543176026962	0.983416702605434	0.0534554929680138	0.686415561393386	NA	"abundance"	46	20
"POLYISOPRENSYN-PWY: polyisoprenoid biosynthesis (E. coli)"	"Location"	"Centre"	"LocationCentre"	0.384066969573851	0	1.10523478087212	0.728217157103031	0.983416702605434	0.717955907634403	0.993695588454555	NA	"prevalence"	46	44
"PWY-6328: L-lysine degradation X"	"Sex"	"Female"	"SexFemale"	0.345793281410603	0	0.997682994662095	0.728894590670784	0.983416702605434	0.728894590670784	0.993695588454555	NA	"prevalence"	46	5
"PWY-7434: terminal O-glycans residues modification (via type 2 precursor disaccharide)"	"Age"	"Age"	"Age"	0.145757483538779	0	0.418313313298326	0.727509061900571	0.983416702605434	0.727509061900571	0.993695588454555	NA	"prevalence"	46	6
"PWY-3841: folate transformations II (plants)"	"FI"	"FI"	"FI"	-0.0381342597898927	-0.0218447081487729	0.0416936813692796	0.730877549379	0.983990072693351	0.730877549379	0.993695588454555	NA	"abundance"	46	46
"GALACTITOLCAT-PWY: galactitol degradation"	"Sex"	"Female"	"SexFemale"	-0.364861389209784	-0.0946946073416741	0.791855352926692	0.736838082557831	0.985839437509823	0.930745805208161	0.998451798775976	NA	"abundance"	46	27
"GALACTITOLCAT-PWY: galactitol degradation"	"TimeNW"	"TimeNW"	"TimeNW"	-0.14571718222335	-0.0144260567140095	0.387954765118723	0.740852083078762	0.985839437509823	0.763088657219367	0.993695588454555	NA	"abundance"	46	27
"GLYCOLYSIS-E-D: superpathway of glycolysis and the Entner-Doudoroff pathway"	"TimeNW"	"TimeNW"	"TimeNW"	-0.054414979418329	-0.0144260567140095	0.102317127570809	0.734175908404119	0.985839437509823	0.734175908404119	0.993695588454555	NA	"abundance"	46	46
"PWY-5198: factor 420 biosynthesis II (mycobacteria)"	"FI"	"FI"	"FI"	0.122781624154877	-0.0218447081487729	0.408208091592232	0.735433471758541	0.985839437509823	0.930004552134261	0.998451798775976	NA	"abundance"	46	12
"PWY-5384: sucrose degradation IV (sucrose phosphorylase)"	"Location"	"Centre"	"LocationCentre"	-0.041519880606957	-0.134762365173622	0.27331646135687	0.738504555816218	0.985839437509823	0.738504555816218	0.993695588454555	NA	"abundance"	46	46
"PWY-5505: L-glutamate and L-glutamine biosynthesis"	"Location"	"Centre"	"LocationCentre"	-0.251003120479853	-0.134762365173622	0.345974811812471	0.740626064327905	0.985839437509823	0.634726110020774	0.993695588454555	NA	"abundance"	46	44
"PWY-5723: Rubisco shunt"	"Sex"	"Female"	"SexFemale"	0.144474596100703	-0.0946946073416741	0.700484659929065	0.736375562907431	0.985839437509823	0.531565093637283	0.993695588454555	NA	"abundance"	46	31
"PWY-5837: 2-carboxy-1,4-naphthoquinol biosynthesis"	"Sex"	"Female"	"SexFemale"	-0.224867515034481	-0.0946946073416741	0.385598604565694	0.740271408824254	0.985839437509823	0.932541058925862	0.998451798775976	NA	"abundance"	46	40
"PWY-5972: stearate biosynthesis I (animals)"	"TimeNW"	"TimeNW"	"TimeNW"	-0.200029343056844	-0.0144260567140095	0.517444157339076	0.735752439493105	0.985839437509823	0.800040069209469	0.993695588454555	NA	"abundance"	46	11
"PWY-6607: guanosine nucleotides degradation I"	"Sex"	"Female"	"SexFemale"	0.0629421072285645	-0.0946946073416741	0.462689872685827	0.737811956955291	0.985839437509823	0.275298551905223	0.954417715573453	NA	"abundance"	46	34
"PWY-6969: TCA cycle V (2-oxoglutarate synthase)"	"Sex"	"Female"	"SexFemale"	-0.177190562867336	-0.0946946073416741	0.239155534836209	0.739241640833392	0.985839437509823	0.739241640833392	0.993695588454555	NA	"abundance"	46	46
"PWY-6992: 1,5-anhydrofructose degradation"	"Age"	"Age"	"Age"	0.259814753483382	0.115099219485005	0.421083731374723	0.736176927925398	0.985839437509823	0.10823685633759	0.812484435162572	NA	"abundance"	46	20
"PWY-7208: superpathway of pyrimidine nucleobases salvage"	"Sex"	"Female"	"SexFemale"	-0.0477702535279242	-0.0946946073416741	0.127242861717665	0.740350165555128	0.985839437509823	0.740350165555128	0.993695588454555	NA	"abundance"	46	46
"PWY-7400: L-arginine biosynthesis IV (archaebacteria)"	"Sex"	"Female"	"SexFemale"	-0.060777785464366	-0.0946946073416741	0.0817888537036599	0.740238411740649	0.985839437509823	0.740238411740649	0.993695588454555	NA	"abundance"	46	46
"PWY-7761: NAD salvage pathway II (PNC IV cycle)"	"Age"	"Age"	"Age"	0.162837440365877	0.115099219485005	0.141400800400413	0.739924637757005	0.985839437509823	0.739924637757005	0.993695588454555	NA	"abundance"	46	46
"PWY-7874: L-threonate degradation"	"FI"	"FI"	"FI"	-0.151190189613815	-0.0218447081487729	0.371693345102993	0.738291749878427	0.985839437509823	0.931508791818304	0.998451798775976	NA	"abundance"	46	13
"PWY-922: mevalonate pathway I (eukaryotes and bacteria)"	"Age"	"Age"	"Age"	0.279324703938059	0.115099219485005	0.42138832758237	0.734363842576407	0.985839437509823	0.815347464361491	0.993695588454555	NA	"abundance"	46	8
"PWY0-1061: superpathway of L-alanine biosynthesis"	"FI"	"FI"	"FI"	-0.0815736857233214	-0.0218447081487729	0.174893373297873	0.736276066581928	0.985839437509823	0.581208546095786	0.993695588454555	NA	"abundance"	46	41
"PWY0-1296: purine ribonucleosides degradation"	"Sex"	"Female"	"SexFemale"	-0.0458944757573641	-0.0946946073416741	0.133278135361584	0.739709887163971	0.985839437509823	0.739709887163971	0.993695588454555	NA	"abundance"	46	46
"GALACTARDEG-PWY: D-galactarate degradation I"	"FI"	"FI"	"FI"	0.139634002098935	0	0.417969676806825	0.738321552126819	0.985839437509823	0.931524389918683	0.998451798775976	NA	"prevalence"	46	39
"GLUCARGALACTSUPER-PWY: superpathway of D-glucarate and D-galactarate degradation"	"FI"	"FI"	"FI"	0.139634002098935	0	0.417969676806825	0.738321552126819	0.985839437509823	0.931524389918683	0.998451798775976	NA	"prevalence"	46	39
"PWY-5198: factor 420 biosynthesis II (mycobacteria)"	"Age"	"Age"	"Age"	0.118230218771232	0	0.351057972266408	0.736280786249726	0.985839437509823	0.749946452914382	0.993695588454555	NA	"prevalence"	46	12
"PWY-5677: succinate fermentation to butanoate"	"Location"	"Centre"	"LocationCentre"	-0.233574331390263	0	0.690938005331535	0.735322521890438	0.985839437509823	0.728326196423087	0.993695588454555	NA	"prevalence"	46	13
"PWY-5840: superpathway of menaquinol-7 biosynthesis"	"TimeNW"	"TimeNW"	"TimeNW"	-0.112344529617228	0	0.338607233159886	0.740052216488428	0.985839437509823	0.524235230536485	0.993695588454555	NA	"prevalence"	46	31
"PWY-6859: all-trans-farnesol biosynthesis"	"Age"	"Age"	"Age"	-0.171492644415393	0	0.51444512539037	0.738866635774848	0.985839437509823	0.931809366088454	0.998451798775976	NA	"prevalence"	46	43
"PWY-7185: UTP and CTP dephosphorylation I"	"FI"	"FI"	"FI"	0.0999178068892542	0	0.302722101807248	0.741351257007387	0.985839437509823	0.837346951371393	0.993695588454555	NA	"prevalence"	46	27
"PWY-7210: pyrimidine deoxyribonucleotides biosynthesis from CTP"	"FI"	"FI"	"FI"	0.0999178068892542	0	0.302722101807248	0.741351257007387	0.985839437509823	0.883567077974525	0.99796173216516	NA	"prevalence"	46	27
"PWY-7409: phospholipid remodeling (phosphatidylethanolamine, yeast)"	"TimeNW"	"TimeNW"	"TimeNW"	-0.117447682875679	0	0.351519492853619	0.738293323468532	0.985839437509823	0.274825626649528	0.954417715573453	NA	"prevalence"	46	14
"PWY-8134: bile acid 7&beta;-dehydroxylation"	"FI"	"FI"	"FI"	0.136805794433764	0	0.403897814338908	0.734825285986231	0.985839437509823	0.734825285986231	0.993695588454555	NA	"prevalence"	46	5
"PWY0-301: L-ascorbate degradation I (bacterial, anaerobic)"	"Location"	"Centre"	"LocationCentre"	-0.234867954356835	0	0.695836689907432	0.735715021814942	0.985839437509823	0.818800504589238	0.993695588454555	NA	"prevalence"	46	34
"COMPLETE-ARO-PWY: superpathway of aromatic amino acid biosynthesis"	"FI"	"FI"	"FI"	-0.0343650301637736	-0.0218447081487729	0.0306691691555244	0.741657391079686	0.985843157876883	0.741657391079686	0.993695588454555	NA	"abundance"	46	46
"KETOGLUCONMET-PWY: ketogluconate metabolism"	"Sex"	"Female"	"SexFemale"	-0.342481469483403	-0.0946946073416741	0.744156312091543	0.743013809021203	0.986838937196122	0.234868538513276	0.939924957389981	NA	"abundance"	46	27
"UBISYN-PWY: superpathway of ubiquinol-8 biosynthesis (early decarboxylation)"	"Age"	"Age"	"Age"	-0.25781174409129	0.115099219485005	0.992146008189518	0.742984314549997	0.986838937196122	0.213770714197213	0.931415651367086	NA	"abundance"	46	8
"PWY-6147: 6-hydroxymethyl-dihydropterin diphosphate biosynthesis I"	"Sex"	"Female"	"SexFemale"	-0.15046305174616	-0.0946946073416741	0.159807269509373	0.745460201033871	0.989683681928138	0.745460201033871	0.993695588454555	NA	"abundance"	46	46
"FASYN-INITIAL-PWY: superpathway of fatty acid biosynthesis initiation (E. coli)"	"TimeNW"	"TimeNW"	"TimeNW"	0.949231045970321	-0.0144260567140095	2.28887776771216	0.746346094879289	0.989748183813496	0.935659696417013	0.998451798775976	NA	"abundance"	46	7
"HSERMETANA-PWY: L-methionine biosynthesis III"	"FI"	"FI"	"FI"	-0.00309610902172391	-0.0218447081487729	0.0527408628476683	0.745838584432862	0.989748183813496	0.745838584432862	0.993695588454555	NA	"abundance"	46	46
"METH-ACETATE-PWY: methanogenesis from acetate"	"Age"	"Age"	"Age"	0.047241869465715	0.115099219485005	0.207747826933572	0.746422399546732	0.989748183813496	0.736692610155604	0.993695588454555	NA	"abundance"	46	45
"PWY-1042: glycolysis IV"	"TimeNW"	"TimeNW"	"TimeNW"	0.00820231922496379	-0.0144260567140095	0.0402902463061309	0.747901371286623	0.989956753066847	0.747901371286623	0.993695588454555	NA	"abundance"	46	46
"PWY0-781: aspartate superpathway"	"TimeNW"	"TimeNW"	"TimeNW"	-0.116094844578754	-0.0144260567140095	0.306970065037631	0.747217044800562	0.989956753066847	0.821995086186364	0.993695588454555	NA	"abundance"	46	31
"PWY-5392: reductive TCA cycle II"	"Age"	"Age"	"Age"	-0.139780612635908	0	0.434635650660622	0.747752628008564	0.989956753066847	0.747752628008564	0.993695588454555	NA	"prevalence"	46	7
"PWY-5723: Rubisco shunt"	"FI"	"FI"	"FI"	0.100820356292142	0	0.313943125387058	0.748102703240669	0.989956753066847	0.903356597090122	0.998451798775976	NA	"prevalence"	46	31
"PWY-7031: protein N-glycosylation (bacterial)"	"TimeNW"	"TimeNW"	"TimeNW"	0.16640537996845	0	0.517440528914273	0.747760860187668	0.989956753066847	0.747760860187668	0.993695588454555	NA	"prevalence"	46	6
"PWY-6700: queuosine biosynthesis I (de novo)"	"FI"	"FI"	"FI"	-0.0381656997657728	-0.0218447081487729	0.0459086261109899	0.749390974674208	0.990699301250302	0.749390974674208	0.993695588454555	NA	"abundance"	46	46
"PWY-7388: octanoyl-[acyl-carrier protein] biosynthesis (mitochondria, yeast)"	"FI"	"FI"	"FI"	0.214111933526307	-0.0218447081487729	0.688946951949625	0.749243796410119	0.990699301250302	0.896356051977073	0.998451798775976	NA	"abundance"	46	10
"DARABCATK12-PWY: D-arabinose degradation I"	"Sex"	"Female"	"SexFemale"	0.197708606818865	0	0.620160562659863	0.749876442538997	0.990699301250302	0.460261582539062	0.993695588454555	NA	"prevalence"	46	19
"GOLPDLCAT-PWY: superpathway of glycerol degradation to 1,3-propanediol"	"Age"	"Age"	"Age"	-0.203420511044866	0	0.638273874655336	0.749950893111301	0.990699301250302	0.926599711077859	0.998451798775976	NA	"prevalence"	46	45
"PWY-6902: chitin degradation II (Vibrio)"	"TimeNW"	"TimeNW"	"TimeNW"	-0.181149229860283	0	0.56895123303575	0.750187993962152	0.990699301250302	0.445775918436864	0.993695588454555	NA	"prevalence"	46	45
"ARGININE-SYN4-PWY: L-ornithine biosynthesis II"	"TimeNW"	"TimeNW"	"TimeNW"	0.0290070251063263	-0.0144260567140095	0.126079450935027	0.754777989905636	0.991177854810543	0.754777989905636	0.993695588454555	NA	"abundance"	46	46
"GLUTORN-PWY: L-ornithine biosynthesis I"	"FI"	"FI"	"FI"	-0.0375989743081802	-0.0218447081487729	0.0445192041660891	0.752801655122046	0.991177854810543	0.752801655122046	0.993695588454555	NA	"abundance"	46	46
"HCAMHPDEG-PWY: 3-phenylpropanoate and 3-(3-hydroxyphenyl)propanoate degradation to 2-hydroxypentadienoate"	"TimeNW"	"TimeNW"	"TimeNW"	-0.457044263749079	-0.0144260567140095	1.37590162078944	0.756083045847811	0.991177854810543	0.52870106474288	0.993695588454555	NA	"abundance"	46	14
"P4-PWY: superpathway of L-lysine, L-threonine and L-methionine biosynthesis I"	"Location"	"Centre"	"LocationCentre"	0.0690529464688804	-0.134762365173622	0.645383577739871	0.75523313318801	0.991177854810543	0.940089180911042	0.998451798775976	NA	"abundance"	46	31
"P4-PWY: superpathway of L-lysine, L-threonine and L-methionine biosynthesis I"	"TimeNW"	"TimeNW"	"TimeNW"	-0.115103500245086	-0.0144260567140095	0.310749491099297	0.75235195272044	0.991177854810543	0.821995086186364	0.993695588454555	NA	"abundance"	46	31
"PWY-5188: tetrapyrrole biosynthesis I (from glutamate)"	"TimeNW"	"TimeNW"	"TimeNW"	0.0159658859885694	-0.0144260567140095	0.0771998857895524	0.752463728576859	0.991177854810543	0.752463728576859	0.993695588454555	NA	"abundance"	46	46
"PWY-5347: superpathway of L-methionine biosynthesis (transsulfuration)"	"Location"	"Centre"	"LocationCentre"	0.112679367998462	-0.134762365173622	0.789240249448872	0.756344947670815	0.991177854810543	0.940632215474462	0.998451798775976	NA	"abundance"	46	34
"PWY-5494: pyruvate fermentation to propanoate II (acrylate pathway)"	"Age"	"Age"	"Age"	0.2824530305338	0.115099219485005	0.462409721648133	0.751917897403122	0.991177854810543	0.474610555891316	0.993695588454555	NA	"abundance"	46	8
"PWY-5840: superpathway of menaquinol-7 biosynthesis"	"FI"	"FI"	"FI"	0.046784380960819	-0.0218447081487729	0.215016433161704	0.753058350364803	0.991177854810543	0.939019821675448	0.998451798775976	NA	"abundance"	46	31
"PWY-6690: cinnamate and 3-hydroxycinnamate degradation to 2-hydroxypentadienoate"	"TimeNW"	"TimeNW"	"TimeNW"	-0.457044263749079	-0.0144260567140095	1.37590162078944	0.7560668591199	0.991177854810543	0.52870106474288	0.993695588454555	NA	"abundance"	46	14
"PWY-6897: thiamine diphosphate salvage II"	"TimeNW"	"TimeNW"	"TimeNW"	0.00913610857304809	-0.0144260567140095	0.0487026670845126	0.754781629847991	0.991177854810543	0.754781629847991	0.993695588454555	NA	"abundance"	46	46
"PWY-7118: chitin deacetylation"	"FI"	"FI"	"FI"	0.0694255911642533	-0.0218447081487729	0.289574448992817	0.755510433464287	0.991177854810543	0.940224851855179	0.998451798775976	NA	"abundance"	46	32
"PWY0-781: aspartate superpathway"	"Location"	"Centre"	"LocationCentre"	0.0700499111507759	-0.134762365173622	0.637534234190338	0.751108115182382	0.991177854810543	0.938052829671934	0.998451798775976	NA	"abundance"	46	31
"AST-PWY: L-arginine degradation II (AST pathway)"	"Age"	"Age"	"Age"	0.0991123128159292	0	0.31524895854021	0.753221977027803	0.991177854810543	0.00435790308146199	0.168263480089782	NA	"prevalence"	46	23
"P108-PWY: pyruvate fermentation to propanoate I"	"Location"	"Centre"	"LocationCentre"	0.202580421818162	0	0.645243931122183	0.753551846173115	0.991177854810543	0.909083162465217	0.998451798775976	NA	"prevalence"	46	25
"POLYISOPRENSYN-PWY: polyisoprenoid biosynthesis (E. coli)"	"Age"	"Age"	"Age"	0.179407474534067	0	0.57222530149681	0.753881117478735	0.991177854810543	0.476632983157137	0.993695588454555	NA	"prevalence"	46	44
"PWY-5121: superpathway of geranylgeranyl diphosphate biosynthesis II (via MEP)"	"Location"	"Centre"	"LocationCentre"	-0.416183155618705	0	1.32073266620688	0.752674063122712	0.991177854810543	0.291520554093846	0.954417715573453	NA	"prevalence"	46	45
"PWY-6293: superpathway of L-cysteine biosynthesis (fungi)"	"Location"	"Centre"	"LocationCentre"	-0.200598377088093	0	0.644510088471188	0.755616929606126	0.991177854810543	0.594605211460061	0.993695588454555	NA	"prevalence"	46	23
"PWY-801: homocysteine and cysteine interconversion"	"Location"	"Centre"	"LocationCentre"	-0.200598377088093	0	0.644510088471188	0.755616929606126	0.991177854810543	0.623012020148933	0.993695588454555	NA	"prevalence"	46	23
"PWY-7312: dTDP-&beta;-D-fucofuranose biosynthesis"	"Sex"	"Female"	"SexFemale"	0.142726930768166	-0.0946946073416741	0.752183069238238	0.757156087900043	0.99184090514919	0.86434209788259	0.993695588454555	NA	"abundance"	46	21
"PYRIDNUCSYN-PWY: NAD de novo biosynthesis I (from aspartate)"	"Sex"	"Female"	"SexFemale"	-0.0648769134864144	-0.0946946073416741	0.0759296739924112	0.759721159920552	0.994800068389119	0.759721159920552	0.993695588454555	NA	"abundance"	46	46
"BIOTIN-BIOSYNTHESIS-PWY: biotin biosynthesis I"	"Sex"	"Female"	"SexFemale"	-0.185927248653425	-0.0946946073416741	0.294302555259524	0.762642342891899	0.994956489489752	0.762642342891899	0.993695588454555	NA	"abundance"	46	46
"GLYCOLYSIS: glycolysis I (from glucose 6-phosphate)"	"FI"	"FI"	"FI"	-0.000732810339355688	-0.0218447081487729	0.0681521187697076	0.770193559716136	0.994956489489752	0.770193559716136	0.993695588454555	NA	"abundance"	46	46
"GLYOXYLATE-BYPASS: glyoxylate cycle"	"Sex"	"Female"	"SexFemale"	-0.286065759027625	-0.0946946073416741	0.649482282053326	0.770954850470837	0.994956489489752	0.140365720476358	0.872384882691619	NA	"abundance"	46	35
"LACTOSECAT-PWY: lactose and galactose degradation I"	"Sex"	"Female"	"SexFemale"	0.0413675564504062	-0.0946946073416741	0.461259508337326	0.771167814469134	0.994956489489752	0.947635830865167	0.998451798775976	NA	"abundance"	46	44
"NONOXIPENT-PWY: pentose phosphate pathway (non-oxidative branch) I"	"TimeNW"	"TimeNW"	"TimeNW"	-0.0420866766837874	-0.0144260567140095	0.0727084970774109	0.765923091461683	0.994956489489752	0.765923091461683	0.993695588454555	NA	"abundance"	46	46
"PWY-1269: CMP-3-deoxy-D-manno-octulosonate biosynthesis"	"Age"	"Age"	"Age"	0.0791411454926833	0.115099219485005	0.117989578061358	0.765208086540734	0.994956489489752	0.765208086540734	0.993695588454555	NA	"abundance"	46	46
"PWY-5104: L-isoleucine biosynthesis IV"	"Age"	"Age"	"Age"	0.0320895918908002	0.115099219485005	0.26851171648375	0.760509519476027	0.994956489489752	0.900148133184916	0.998451798775976	NA	"abundance"	46	27
"PWY-5189: tetrapyrrole biosynthesis II (from glycine)"	"TimeNW"	"TimeNW"	"TimeNW"	0.0857603490378786	-0.0144260567140095	0.333293283589566	0.768870476935859	0.994956489489752	0.946579143568143	0.998451798775976	NA	"abundance"	46	35
"PWY-6859: all-trans-farnesol biosynthesis"	"Age"	"Age"	"Age"	0.179049438911956	0.115099219485005	0.213267609694422	0.766449415326725	0.994956489489752	0.931809366088454	0.998451798775976	NA	"abundance"	46	43
"PWY-724: superpathway of L-lysine, L-threonine and L-methionine biosynthesis II"	"TimeNW"	"TimeNW"	"TimeNW"	0.00558465106951772	-0.0144260567140095	0.0325340115307487	0.762283680496885	0.994956489489752	0.762283680496885	0.993695588454555	NA	"abundance"	46	46
"PWY0-1061: superpathway of L-alanine biosynthesis"	"TimeNW"	"TimeNW"	"TimeNW"	-0.0724085553087596	-0.0144260567140095	0.184982605458943	0.765899897766102	0.994956489489752	0.518489911044821	0.993695588454555	NA	"abundance"	46	41
"PWY66-430: myristate biosynthesis (mitochondria)"	"Location"	"Centre"	"LocationCentre"	-1.0187193505749	-0.134762365173622	2.76352716142348	0.770023553143268	0.994956489489752	0.757329081752831	0.993695588454555	NA	"abundance"	46	9
"3-HYDROXYPHENYLACETATE-DEGRADATION-PWY: 4-hydroxyphenylacetate degradation"	"TimeNW"	"TimeNW"	"TimeNW"	-0.165733370611665	0	0.552656997217618	0.764265115113529	0.994956489489752	0.764265115113529	0.993695588454555	NA	"prevalence"	46	6
"DENOVOPURINE2-PWY: superpathway of purine nucleotides de novo biosynthesis II"	"Sex"	"Female"	"SexFemale"	0.18458410583589	0	0.62807137002443	0.76884170310593	0.994956489489752	0.860258259819216	0.993695588454555	NA	"prevalence"	46	19
"HOMOSER-METSYN-PWY: L-methionine biosynthesis I"	"Location"	"Centre"	"LocationCentre"	0.207660505604228	0	0.704898231692485	0.768302186366473	0.994956489489752	0.946316123157444	0.998451798775976	NA	"prevalence"	46	34
"MET-SAM-PWY: superpathway of S-adenosyl-L-methionine biosynthesis"	"Location"	"Centre"	"LocationCentre"	0.207660505604228	0	0.704898231692485	0.768302186366473	0.994956489489752	0.946316123157444	0.998451798775976	NA	"prevalence"	46	34
"METSYN-PWY: superpathway of L-homoserine and L-methionine biosynthesis"	"Location"	"Centre"	"LocationCentre"	0.207660505604228	0	0.704898231692485	0.768302186366473	0.994956489489752	0.946316123157444	0.998451798775976	NA	"prevalence"	46	34
"PRPP-PWY: superpathway of histidine, purine, and pyrimidine biosynthesis"	"Sex"	"Female"	"SexFemale"	0.18458410583589	0	0.62807137002443	0.76884170310593	0.994956489489752	0.946565841777033	0.998451798775976	NA	"prevalence"	46	19
"PWY-5265: peptidoglycan biosynthesis II (staphylococci)"	"Age"	"Age"	"Age"	-0.106385134128453	0	0.352248692093475	0.762639015114107	0.994956489489752	0.167296182123745	0.903269452466154	NA	"prevalence"	46	12
"PWY-5265: peptidoglycan biosynthesis II (staphylococci)"	"FI"	"FI"	"FI"	-0.105568621025319	0	0.361605814434335	0.77032949782801	0.994956489489752	0.633096757397296	0.993695588454555	NA	"prevalence"	46	12
"PWY-5347: superpathway of L-methionine biosynthesis (transsulfuration)"	"Location"	"Centre"	"LocationCentre"	0.207660505604228	0	0.704898231692485	0.768302186366473	0.994956489489752	0.940632215474462	0.998451798775976	NA	"prevalence"	46	34
"PWY-6328: L-lysine degradation X"	"Location"	"Centre"	"LocationCentre"	-0.30277115110059	0	1.00579394506869	0.763393892813735	0.994956489489752	0.763393892813735	0.993695588454555	NA	"prevalence"	46	5
"PWY-6545: pyrimidine deoxyribonucleotides de novo biosynthesis III"	"TimeNW"	"TimeNW"	"TimeNW"	-0.108662599806072	0	0.366101328305625	0.766611435816477	0.994956489489752	0.699895498546569	0.993695588454555	NA	"prevalence"	46	39
"PWY-6595: superpathway of guanosine nucleotides degradation (plants)"	"Age"	"Age"	"Age"	-0.109122627620742	0	0.358552616220324	0.760867334881234	0.994956489489752	0.299103284652443	0.954417715573453	NA	"prevalence"	46	34
"PWY-6607: guanosine nucleotides degradation I"	"Age"	"Age"	"Age"	-0.109122627620742	0	0.358552616220324	0.760867334881234	0.994956489489752	0.38839122231017	0.980622710853004	NA	"prevalence"	46	34
"PWY-6797: 6-hydroxymethyl-dihydropterin diphosphate biosynthesis II (Methanocaldococcus)"	"Sex"	"Female"	"SexFemale"	-0.255878161625692	0	0.875322013559317	0.770038448145406	0.994956489489752	0.770038448145406	0.993695588454555	NA	"prevalence"	46	5
"PWY-6961: L-ascorbate degradation II (bacterial, aerobic)"	"FI"	"FI"	"FI"	0.09472741979155	0	0.312858838997986	0.762057476120379	0.994956489489752	0.815710283706464	0.993695588454555	NA	"prevalence"	46	30
"PWY-7013: (S)-propane-1,2-diol degradation"	"TimeNW"	"TimeNW"	"TimeNW"	0.154810377124237	0	0.515175490796963	0.763795586002791	0.994956489489752	0.696834456920507	0.993695588454555	NA	"prevalence"	46	42
"PWY-7184: pyrimidine deoxyribonucleotides de novo biosynthesis I"	"TimeNW"	"TimeNW"	"TimeNW"	-0.108662599806072	0	0.366101328305625	0.766611435816477	0.994956489489752	0.699978528417472	0.993695588454555	NA	"prevalence"	46	39
"PWY-7187: pyrimidine deoxyribonucleotides de novo biosynthesis II"	"Sex"	"Female"	"SexFemale"	0.18458410583589	0	0.62807137002443	0.76884170310593	0.994956489489752	0.946565841777033	0.998451798775976	NA	"prevalence"	46	19
"PWY-7356: thiamine diphosphate salvage IV (yeast)"	"Sex"	"Female"	"SexFemale"	-0.381024914773486	0	1.29809826728583	0.769120527824717	0.994956489489752	0.142034443723119	0.872384882691619	NA	"prevalence"	46	45
"PWY-7858: (5Z)-dodecenoate biosynthesis II"	"FI"	"FI"	"FI"	-0.087812523598825	0	0.29864330221725	0.768728753009203	0.994956489489752	0.826733635574897	0.993695588454555	NA	"prevalence"	46	25
"PWY-7873: D-erythronate degradation II"	"Location"	"Centre"	"LocationCentre"	-0.245565976749644	0	0.816399185875441	0.763573452119027	0.994956489489752	0.0598893201518614	0.686415561393386	NA	"prevalence"	46	7
"PWY-8190: L-glutamate degradation XI (reductive Stickland reaction)"	"Sex"	"Female"	"SexFemale"	0.212541543111714	0	0.726246235518896	0.769783815703066	0.994956489489752	0.441147718897548	0.993695588454555	NA	"prevalence"	46	11
"PWY-822: fructan biosynthesis"	"Sex"	"Female"	"SexFemale"	-0.191708455519061	0	0.653856389987476	0.76937190019649	0.994956489489752	0.946810679581022	0.998451798775976	NA	"prevalence"	46	15
"PWY0-461: L-lysine degradation I"	"Location"	"Centre"	"LocationCentre"	0.305317757705113	0	1.04766055855971	0.770723902939006	0.994956489489752	0.770723902939006	0.993695588454555	NA	"prevalence"	46	5
"PWY66-409: superpathway of purine nucleotide salvage"	"TimeNW"	"TimeNW"	"TimeNW"	0.149487524918545	0	0.505428176990079	0.767410218349494	0.994956489489752	0.94590199347177	0.998451798775976	NA	"prevalence"	46	43
"P185-PWY: formaldehyde assimilation III (dihydroxyacetone cycle)"	"Age"	"Age"	"Age"	0.195428038352564	0.115099219485005	0.274166023009612	0.77166058481614	0.995197182798594	0.947861111473493	0.998451798775976	NA	"abundance"	46	39
"1CMET2-PWY: folate transformations III (E. coli)"	"TimeNW"	"TimeNW"	"TimeNW"	-0.033857240653066	-0.0144260567140095	0.0389998710359414	0.780005983924281	0.995234906080079	0.780005983924281	0.993695588454555	NA	"abundance"	46	46
"ANAEROFRUCAT-PWY: homolactic fermentation"	"TimeNW"	"TimeNW"	"TimeNW"	0.00615376668276926	-0.0144260567140095	0.0527370185129976	0.792290386330728	0.995234906080079	0.792290386330728	0.993695588454555	NA	"abundance"	46	46
"ANAGLYCOLYSIS-PWY: glycolysis III (from glucose)"	"TimeNW"	"TimeNW"	"TimeNW"	-0.0320391195032234	-0.0144260567140095	0.0315255997045327	0.788518000103045	0.995234906080079	0.788518000103045	0.993695588454555	NA	"abundance"	46	46
"ASPASN-PWY: superpathway of L-aspartate and L-asparagine biosynthesis"	"TimeNW"	"TimeNW"	"TimeNW"	0.00584054094358855	-0.0144260567140095	0.0510695408675824	0.792264549550643	0.995234906080079	0.792264549550643	0.993695588454555	NA	"abundance"	46	46
"CALVIN-PWY: Calvin-Benson-Bassham cycle"	"Location"	"Centre"	"LocationCentre"	-0.116557503462458	-0.134762365173622	0.079457557814833	0.848545561052898	0.995234906080079	0.848545561052898	0.993695588454555	NA	"abundance"	46	46
"CENTFERM-PWY: pyruvate fermentation to butanoate"	"Location"	"Centre"	"LocationCentre"	-0.0280166432453958	-0.134762365173622	0.381227761194496	0.78276385775287	0.995234906080079	0.847374911492265	0.993695588454555	NA	"abundance"	46	41
"CENTFERM-PWY: pyruvate fermentation to butanoate"	"Sex"	"Female"	"SexFemale"	-0.0071445991348455	-0.0946946073416741	0.374269935724768	0.818750386516811	0.995234906080079	0.851250242203575	0.993695588454555	NA	"abundance"	46	41
"CITRULBIO-PWY: L-citrulline biosynthesis"	"FI"	"FI"	"FI"	0.00280389041762162	-0.0218447081487729	0.097301538544031	0.806285525166874	0.995234906080079	0.806285525166874	0.993695588454555	NA	"abundance"	46	46
"COLANSYN-PWY: colanic acid building blocks biosynthesis"	"FI"	"FI"	"FI"	-0.00622908395236114	-0.0218447081487729	0.0548188933536194	0.792484579830421	0.995234906080079	0.792484579830421	0.993695588454555	NA	"abundance"	46	46
"COLANSYN-PWY: colanic acid building blocks biosynthesis"	"Sex"	"Female"	"SexFemale"	-0.0619790383958265	-0.0946946073416741	0.111703446089001	0.797786364427824	0.995234906080079	0.797786364427824	0.993695588454555	NA	"abundance"	46	46
"COLANSYN-PWY: colanic acid building blocks biosynthesis"	"TimeNW"	"TimeNW"	"TimeNW"	-0.0342415310911755	-0.0144260567140095	0.0571113819243153	0.80709577375244	0.995234906080079	0.80709577375244	0.993695588454555	NA	"abundance"	46	46
"DAPLYSINESYN-PWY: L-lysine biosynthesis I"	"FI"	"FI"	"FI"	0.0163632243710891	-0.0218447081487729	0.163039648602643	0.817058106777648	0.995234906080079	0.842841507901443	0.993695588454555	NA	"abundance"	46	45
"DARABCATK12-PWY: D-arabinose degradation I"	"TimeNW"	"TimeNW"	"TimeNW"	-0.135587369545057	-0.0144260567140095	0.586886126087005	0.840261092961685	0.995234906080079	0.974483481578204	0.998451798775976	NA	"abundance"	46	19
"DTDPRHAMSYN-PWY: dTDP-&beta;-L-rhamnose biosynthesis"	"FI"	"FI"	"FI"	-0.0336538902844845	-0.0218447081487729	0.0404886139517226	0.79871269677453	0.995234906080079	0.79871269677453	0.993695588454555	NA	"abundance"	46	46
"FASYN-INITIAL-PWY: superpathway of fatty acid biosynthesis initiation (E. coli)"	"FI"	"FI"	"FI"	-2.29181237342733	-0.0218447081487729	7.16198397844872	0.804595971539137	0.995234906080079	0.832766481940545	0.993695588454555	NA	"abundance"	46	7
"FERMENTATION-PWY: mixed acid fermentation"	"TimeNW"	"TimeNW"	"TimeNW"	0.0224308023734499	-0.0144260567140095	0.174155764287015	0.841248457754781	0.995234906080079	0.841248457754781	0.993695588454555	NA	"abundance"	46	46
"FOLSYN-PWY: superpathway of tetrahydrofolate biosynthesis and salvage"	"FI"	"FI"	"FI"	-0.0547590437433633	-0.0218447081487729	0.172376618274061	0.850927522121538	0.995234906080079	0.977777396339176	0.998451798775976	NA	"abundance"	46	35
"GALACT-GLUCUROCAT-PWY: superpathway of hexuronide and hexuronate degradation"	"TimeNW"	"TimeNW"	"TimeNW"	0.0237124078066586	-0.0144260567140095	0.132489638169954	0.792601884781197	0.995234906080079	0.956986021803688	0.998451798775976	NA	"abundance"	46	44
"GLUCARDEG-PWY: D-glucarate degradation I"	"FI"	"FI"	"FI"	0.038170060044175	-0.0218447081487729	0.281278415184279	0.832776972664971	0.995234906080079	0.864887726759372	0.993695588454555	NA	"abundance"	46	37
"GLUCOSE1PMETAB-PWY: glucose and glucose-1-phosphate degradation"	"Age"	"Age"	"Age"	0.0889601862092469	0.115099219485005	0.138914932978893	0.853030255350828	0.995234906080079	0.712401497692635	0.993695588454555	NA	"abundance"	46	35
"GLUCOSE1PMETAB-PWY: glucose and glucose-1-phosphate degradation"	"TimeNW"	"TimeNW"	"TimeNW"	-0.0416660498529176	-0.0144260567140095	0.125772412651867	0.84465806497603	0.995234906080079	0.308274661999396	0.959114612886705	NA	"abundance"	46	35
"GLUCUROCAT-PWY: superpathway of &beta;-D-glucuronosides degradation"	"FI"	"FI"	"FI"	-0.0458685066706644	-0.0218447081487729	0.0958081192136452	0.807595652649591	0.995234906080079	0.807595652649591	0.993695588454555	NA	"abundance"	46	46
"GLUCUROCAT-PWY: superpathway of &beta;-D-glucuronosides degradation"	"TimeNW"	"TimeNW"	"TimeNW"	0.00958212106703835	-0.0144260567140095	0.0998147491333763	0.835265240465598	0.995234906080079	0.835265240465598	0.993695588454555	NA	"abundance"	46	46
"GLYCOGENSYNTH-PWY: glycogen biosynthesis I (from ADP-D-Glucose)"	"TimeNW"	"TimeNW"	"TimeNW"	-0.0380644113695601	-0.0144260567140095	0.0761289326911776	0.804777421305648	0.995234906080079	0.804777421305648	0.993695588454555	NA	"abundance"	46	46
"GLYCOLYSIS-E-D: superpathway of glycolysis and the Entner-Doudoroff pathway"	"FI"	"FI"	"FI"	-0.0452686262692557	-0.0218447081487729	0.0982100505287343	0.816872141601859	0.995234906080079	0.816872141601859	0.993695588454555	NA	"abundance"	46	46
"GLYCOLYSIS-TCA-GLYOX-BYPASS: superpathway of glycolysis, pyruvate dehydrogenase, TCA, and glyoxylate bypass"	"Location"	"Centre"	"LocationCentre"	-0.283848317467783	-0.134762365173622	0.776380120371612	0.851691673679966	0.995234906080079	0.872357748305379	0.996093047763809	NA	"abundance"	46	16
"GLYOXYLATE-BYPASS: glyoxylate cycle"	"TimeNW"	"TimeNW"	"TimeNW"	0.040877163177033	-0.0144260567140095	0.291646311439714	0.853405145135188	0.995234906080079	0.978509948527165	0.998451798775976	NA	"abundance"	46	35
"HEMESYN2-PWY: heme b biosynthesis II (oxygen-independent)"	"FI"	"FI"	"FI"	-0.0732584582473835	-0.0218447081487729	0.221495065114723	0.818303208688103	0.995234906080079	0.842841507901443	0.993695588454555	NA	"abundance"	46	45
"HEMESYN2-PWY: heme b biosynthesis II (oxygen-independent)"	"Sex"	"Female"	"SexFemale"	-0.185422923152188	-0.0946946073416741	0.449990125121573	0.842437768835403	0.995234906080079	0.839364204551473	0.993695588454555	NA	"abundance"	46	45
"HEXITOLDEGSUPER-PWY: superpathway of hexitol degradation (bacteria)"	"Sex"	"Female"	"SexFemale"	-0.266599731310397	-0.0946946073416741	0.620102727590042	0.785088991722896	0.995234906080079	0.953813258521318	0.998451798775976	NA	"abundance"	46	27
"HOMOSER-METSYN-PWY: L-methionine biosynthesis I"	"Age"	"Age"	"Age"	0.188013275039786	0.115099219485005	0.365107165359517	0.843088450995567	0.995234906080079	0.0958556720384507	0.782480255952523	NA	"abundance"	46	34
"HOMOSER-METSYN-PWY: L-methionine biosynthesis I"	"Location"	"Centre"	"LocationCentre"	0.0279993226548217	-0.134762365173622	0.857499798136059	0.85110186468902	0.995234906080079	0.946316123157444	0.998451798775976	NA	"abundance"	46	34
"KETOGLUCONMET-PWY: ketogluconate metabolism"	"FI"	"FI"	"FI"	0.0438563395541376	-0.0218447081487729	0.289261968536704	0.822825907037731	0.995234906080079	0.968609340782997	0.998451798775976	NA	"abundance"	46	27
"LIPASYN-PWY: phospholipases"	"TimeNW"	"TimeNW"	"TimeNW"	-0.285417800915835	-0.0144260567140095	0.888632645905408	0.789547212560785	0.995234906080079	0.466538701758645	0.993695588454555	NA	"abundance"	46	8
"MET-SAM-PWY: superpathway of S-adenosyl-L-methionine biosynthesis"	"Location"	"Centre"	"LocationCentre"	0.0804608018608673	-0.134762365173622	0.790387968524572	0.787623181604865	0.995234906080079	0.946316123157444	0.998451798775976	NA	"abundance"	46	34
"METHANOGENESIS-PWY: methanogenesis from H2 and CO2"	"TimeNW"	"TimeNW"	"TimeNW"	-0.139376026555522	-0.0144260567140095	0.530040696779883	0.826105572036149	0.995234906080079	0.762532722790905	0.993695588454555	NA	"abundance"	46	10
"METSYN-PWY: superpathway of L-homoserine and L-methionine biosynthesis"	"Location"	"Centre"	"LocationCentre"	0.0776230053339601	-0.134762365173622	0.811488195981978	0.795594379160094	0.995234906080079	0.946316123157444	0.998451798775976	NA	"abundance"	46	34
"NAGLIPASYN-PWY: lipid IVA biosynthesis (E. coli)"	"Location"	"Centre"	"LocationCentre"	-0.0697352589860734	-0.134762365173622	0.324284472280285	0.843741312936852	0.995234906080079	0.891568507754216	0.998451798775976	NA	"abundance"	46	44
"ORNDEG-PWY: superpathway of ornithine degradation"	"FI"	"FI"	"FI"	0.0334368299713054	-0.0218447081487729	0.256108083305263	0.831576769083264	0.995234906080079	0.827069056778452	0.993695588454555	NA	"abundance"	46	28
"P125-PWY: superpathway of (R,R)-butanediol biosynthesis"	"FI"	"FI"	"FI"	-0.148212946598968	-0.0218447081487729	0.515300431316311	0.810138938815501	0.995234906080079	0.535232032262629	0.993695588454555	NA	"abundance"	46	19
"P185-PWY: formaldehyde assimilation III (dihydroxyacetone cycle)"	"Location"	"Centre"	"LocationCentre"	-0.259819553339475	-0.134762365173622	0.567149455304412	0.827195939698132	0.995234906080079	0.610980520447084	0.993695588454555	NA	"abundance"	46	39
"P23-PWY: reductive TCA cycle I"	"Age"	"Age"	"Age"	0.198003417718187	0.115099219485005	0.349210382209735	0.816357460359462	0.995234906080079	0.436743705001268	0.993695588454555	NA	"abundance"	46	18
"P41-PWY: pyruvate fermentation to acetate and (S)-lactate I"	"TimeNW"	"TimeNW"	"TimeNW"	0.0103884195548995	-0.0144260567140095	0.105980012672184	0.837448335874535	0.995234906080079	0.837448335874535	0.993695588454555	NA	"abundance"	46	46
"P42-PWY: incomplete reductive TCA cycle"	"Age"	"Age"	"Age"	0.0589245451261345	0.115099219485005	0.218944373631364	0.799138841423803	0.995234906080079	0.708405452030184	0.993695588454555	NA	"abundance"	46	45
"P42-PWY: incomplete reductive TCA cycle"	"Location"	"Centre"	"LocationCentre"	-0.0400884546961324	-0.134762365173622	0.444861662113018	0.833304572476925	0.995234906080079	0.895701920353464	0.998451798775976	NA	"abundance"	46	45
"P441-PWY: superpathway of N-acetylneuraminate degradation"	"FI"	"FI"	"FI"	0.00643739868614133	-0.0218447081487729	0.134503163947649	0.836624514280862	0.995234906080079	0.973308450666036	0.998451798775976	NA	"abundance"	46	45
"P461-PWY: hexitol fermentation to lactate, formate, ethanol and acetate"	"Location"	"Centre"	"LocationCentre"	-0.24424696911418	-0.134762365173622	0.417144090284095	0.795444748919805	0.995234906080079	0.880644264166776	0.996959287214095	NA	"abundance"	46	44
"PANTOSYN-PWY: superpathway of coenzyme A biosynthesis I (bacteria)"	"Sex"	"Female"	"SexFemale"	-0.0733008139391106	-0.0946946073416741	0.0857779335538918	0.839265210481056	0.995234906080079	0.839265210481056	0.993695588454555	NA	"abundance"	46	46
"PENTOSE-P-PWY: pentose phosphate pathway"	"TimeNW"	"TimeNW"	"TimeNW"	-0.0329869277195114	-0.0144260567140095	0.0553390295755134	0.816199695311445	0.995234906080079	0.816199695311445	0.993695588454555	NA	"abundance"	46	46
"PHOSLIPSYN-PWY: superpathway of phospholipid biosynthesis I (bacteria)"	"Location"	"Centre"	"LocationCentre"	-0.212568037243716	-0.134762365173622	0.279473994105253	0.78499051714471	0.995234906080079	0.78499051714471	0.993695588454555	NA	"abundance"	46	46
"PHOSLIPSYN-PWY: superpathway of phospholipid biosynthesis I (bacteria)"	"TimeNW"	"TimeNW"	"TimeNW"	0.0267456824651713	-0.0144260567140095	0.137149493791608	0.782737134603641	0.995234906080079	0.782737134603641	0.993695588454555	NA	"abundance"	46	46
"POLYAMINSYN3-PWY: superpathway of polyamine biosynthesis II"	"FI"	"FI"	"FI"	0.033172734082407	-0.0218447081487729	0.210608195688835	0.796772037977331	0.995234906080079	0.958698395452113	0.998451798775976	NA	"abundance"	46	31
"POLYAMSYN-PWY: superpathway of polyamine biosynthesis I"	"Sex"	"Female"	"SexFemale"	-0.179573188143708	-0.0946946073416741	0.391583822791636	0.831253447194928	0.995234906080079	0.599099486154324	0.993695588454555	NA	"abundance"	46	44
"PRPP-PWY: superpathway of histidine, purine, and pyrimidine biosynthesis"	"Sex"	"Female"	"SexFemale"	-0.184660020540173	-0.0946946073416741	0.458218377288305	0.848426353352474	0.995234906080079	0.946565841777033	0.998451798775976	NA	"abundance"	46	19
"PWY-241: C4 photosynthetic carbon assimilation cycle, NADP-ME type"	"Sex"	"Female"	"SexFemale"	-0.185508525895935	-0.0946946073416741	0.462210418427898	0.846339224716251	0.995234906080079	0.365551376049162	0.968877380286383	NA	"abundance"	46	44
"PWY-2941: L-lysine biosynthesis II"	"TimeNW"	"TimeNW"	"TimeNW"	-0.0540934450086961	-0.0144260567140095	0.143634392279113	0.798315037962567	0.995234906080079	0.798315037962567	0.993695588454555	NA	"abundance"	46	46
"PWY-4041: &gamma;-glutamyl cycle"	"Age"	"Age"	"Age"	0.149576454246353	0.115099219485005	0.171147672556366	0.842303903813773	0.995234906080079	0.842303903813773	0.993695588454555	NA	"abundance"	46	46
"PWY-4041: &gamma;-glutamyl cycle"	"TimeNW"	"TimeNW"	"TimeNW"	0.0295592792987826	-0.0144260567140095	0.172902860146559	0.810090590663979	0.995234906080079	0.810090590663979	0.993695588454555	NA	"abundance"	46	46
"PWY-5030: L-histidine degradation III"	"TimeNW"	"TimeNW"	"TimeNW"	0.0169414348801457	-0.0144260567140095	0.162414645671786	0.856091358291351	0.995234906080079	0.856091358291351	0.993695588454555	NA	"abundance"	46	46
"PWY-5097: L-lysine biosynthesis VI"	"TimeNW"	"TimeNW"	"TimeNW"	0.00472052055917876	-0.0144260567140095	0.0362624567066223	0.778349554934461	0.995234906080079	0.778349554934461	0.993695588454555	NA	"abundance"	46	46
"PWY-5100: pyruvate fermentation to acetate and lactate II"	"TimeNW"	"TimeNW"	"TimeNW"	0.0113889054921737	-0.0144260567140095	0.0924636410645972	0.813157907104541	0.995234906080079	0.813157907104541	0.993695588454555	NA	"abundance"	46	46
"PWY-5103: L-isoleucine biosynthesis III"	"TimeNW"	"TimeNW"	"TimeNW"	0.000175144239477022	-0.0144260567140095	0.0319287114939035	0.824882002575325	0.995234906080079	0.824882002575325	0.993695588454555	NA	"abundance"	46	46
"PWY-5130: 2-oxobutanoate degradation I"	"TimeNW"	"TimeNW"	"TimeNW"	-0.0566830153502574	-0.0144260567140095	0.204914466077653	0.843406584403458	0.995234906080079	0.71066808520293	0.993695588454555	NA	"abundance"	46	43
"PWY-5138: fatty acid &beta;-oxidation IV (unsaturated, even number)"	"FI"	"FI"	"FI"	-0.0996896645215682	-0.0218447081487729	0.280111157459775	0.784797521663733	0.995234906080079	0.88079265923968	0.996959287214095	NA	"abundance"	46	23
"PWY-5154: L-arginine biosynthesis III (via N-acetyl-L-citrulline)"	"FI"	"FI"	"FI"	-0.0120788119484004	-0.0218447081487729	0.0480695965229365	0.853852651228763	0.995234906080079	0.853852651228763	0.993695588454555	NA	"abundance"	46	46
"PWY-5154: L-arginine biosynthesis III (via N-acetyl-L-citrulline)"	"Location"	"Centre"	"LocationCentre"	-0.165218772753031	-0.134762365173622	0.102049310424859	0.79087459413521	0.995234906080079	0.79087459413521	0.993695588454555	NA	"abundance"	46	46
"PWY-5209: methyl-coenzyme M oxidation to CO2"	"Age"	"Age"	"Age"	0.0302631547671918	0.115099219485005	0.300243646432613	0.791635889150266	0.995234906080079	0.9565843973098	0.998451798775976	NA	"abundance"	46	10
"PWY-5384: sucrose degradation IV (sucrose phosphorylase)"	"TimeNW"	"TimeNW"	"TimeNW"	0.0125202570763636	-0.0144260567140095	0.134127736786454	0.853931389919633	0.995234906080079	0.853931389919633	0.993695588454555	NA	"abundance"	46	46
"PWY-5484: glycolysis II (from fructose 6-phosphate)"	"Location"	"Centre"	"LocationCentre"	-0.165513162862916	-0.134762365173622	0.145228906531058	0.842179090731954	0.995234906080079	0.842179090731954	0.993695588454555	NA	"abundance"	46	46
"PWY-5505: L-glutamate and L-glutamine biosynthesis"	"Age"	"Age"	"Age"	0.0731176735090632	0.115099219485005	0.169008247679459	0.806042167589879	0.995234906080079	0.504082188143294	0.993695588454555	NA	"abundance"	46	44
"PWY-5676: acetyl-CoA fermentation to butanoate II"	"TimeNW"	"TimeNW"	"TimeNW"	-0.0565464856500822	-0.0144260567140095	0.136361402254499	0.776619784150355	0.995234906080079	0.950101279166966	0.998451798775976	NA	"abundance"	46	45
"PWY-5692: allantoin degradation to glyoxylate II"	"Location"	"Centre"	"LocationCentre"	-0.791809938479509	-0.134762365173622	2.55318233645971	0.839594252533691	0.995234906080079	0.287486516798158	0.954417715573453	NA	"abundance"	46	7
"PWY-5692: allantoin degradation to glyoxylate II"	"Sex"	"Female"	"SexFemale"	1.65496460321118	-0.0946946073416741	5.28765930038	0.796544857253441	0.995234906080079	0.958606004889977	0.998451798775976	NA	"abundance"	46	7
"PWY-5695: inosine 5'-phosphate degradation"	"Sex"	"Female"	"SexFemale"	-0.0782025791446664	-0.0946946073416741	0.050130658534016	0.834896472072857	0.995234906080079	0.834896472072857	0.993695588454555	NA	"abundance"	46	46
"PWY-5705: allantoin degradation to glyoxylate III"	"Sex"	"Female"	"SexFemale"	-0.449839128987934	-0.0946946073416741	1.71383435192658	0.841762164211286	0.995234906080079	0.974960787324904	0.998451798775976	NA	"abundance"	46	13
"PWY-5850: superpathway of menaquinol-6 biosynthesis"	"Sex"	"Female"	"SexFemale"	-0.229204585957425	-0.0946946073416741	0.506762411528511	0.79478870251706	0.995234906080079	0.735047216908787	0.993695588454555	NA	"abundance"	46	24
"PWY-5855: ubiquinol-7 biosynthesis (early decarboxylation)"	"FI"	"FI"	"FI"	0.0789128735074955	-0.0218447081487729	0.405162260910056	0.806342621013895	0.995234906080079	0.751768851566903	0.993695588454555	NA	"abundance"	46	26
"PWY-5860: superpathway of demethylmenaquinol-6 biosynthesis I"	"Sex"	"Female"	"SexFemale"	-0.232120563239295	-0.0946946073416741	0.551882244939469	0.80698930944494	0.995234906080079	0.735047216908787	0.993695588454555	NA	"abundance"	46	24
"PWY-5861: superpathway of demethylmenaquinol-8 biosynthesis I"	"FI"	"FI"	"FI"	-0.0583446135097227	-0.0218447081487729	0.166454418730777	0.828846379686742	0.995234906080079	0.970706438253665	0.998451798775976	NA	"abundance"	46	40
"PWY-5896: superpathway of menaquinol-10 biosynthesis"	"Sex"	"Female"	"SexFemale"	-0.229204585957425	-0.0946946073416741	0.506762411528511	0.794924333329876	0.995234906080079	0.735047216908787	0.993695588454555	NA	"abundance"	46	24
"PWY-5897: superpathway of menaquinol-11 biosynthesis"	"FI"	"FI"	"FI"	-0.0514938480424494	-0.0218447081487729	0.161391248512517	0.856425102867918	0.995234906080079	0.979386248913512	0.998451798775976	NA	"abundance"	46	40
"PWY-5897: superpathway of menaquinol-11 biosynthesis"	"Sex"	"Female"	"SexFemale"	-0.18819683331763	-0.0946946073416741	0.323742739587337	0.777842116930085	0.995234906080079	0.950645874989894	0.998451798775976	NA	"abundance"	46	40
"PWY-5898: superpathway of menaquinol-12 biosynthesis"	"FI"	"FI"	"FI"	-0.0514938480424494	-0.0218447081487729	0.161391248512517	0.856294893314908	0.995234906080079	0.979348842312626	0.998451798775976	NA	"abundance"	46	40
"PWY-5898: superpathway of menaquinol-12 biosynthesis"	"Sex"	"Female"	"SexFemale"	-0.18819683331763	-0.0946946073416741	0.323742739587337	0.778032095298886	0.995234906080079	0.950730249282597	0.998451798775976	NA	"abundance"	46	40
"PWY-5899: superpathway of menaquinol-13 biosynthesis"	"FI"	"FI"	"FI"	-0.0514938480424494	-0.0218447081487729	0.161391248512517	0.856255187414555	0.995234906080079	0.979337428854775	0.998451798775976	NA	"abundance"	46	40
"PWY-5899: superpathway of menaquinol-13 biosynthesis"	"Sex"	"Female"	"SexFemale"	-0.18819683331763	-0.0946946073416741	0.323742739587337	0.77794573324966	0.995234906080079	0.950691902617969	0.998451798775976	NA	"abundance"	46	40
"PWY-5920: superpathway of heme b biosynthesis from glycine"	"FI"	"FI"	"FI"	0.0362593238178237	-0.0218447081487729	0.301930066209336	0.849608209728303	0.995234906080079	0.797099652026923	0.993695588454555	NA	"abundance"	46	25
"PWY-5981: CDP-diacylglycerol biosynthesis III"	"Location"	"Centre"	"LocationCentre"	0.00455595145924734	-0.134762365173622	0.647984049855463	0.831727400385329	0.995234906080079	0.0949454904843102	0.782480255952523	NA	"abundance"	46	39
"PWY-6143: CMP-pseudaminate biosynthesis"	"TimeNW"	"TimeNW"	"TimeNW"	0.119125240493709	-0.0144260567140095	0.481454595825791	0.787489899297779	0.995234906080079	0.692053550582543	0.993695588454555	NA	"abundance"	46	18
"PWY-6168: flavin biosynthesis III (fungi)"	"Location"	"Centre"	"LocationCentre"	-0.0699396351435695	-0.134762365173622	0.303796857453461	0.834252368957307	0.995234906080079	0.245280113789635	0.954417715573453	NA	"abundance"	46	36
"PWY-621: sucrose degradation III (sucrose invertase)"	"TimeNW"	"TimeNW"	"TimeNW"	0.0129903531247853	-0.0144260567140095	0.138480796752532	0.855479706486038	0.995234906080079	0.855479706486038	0.993695588454555	NA	"abundance"	46	46
"PWY-6270: isoprene biosynthesis I"	"TimeNW"	"TimeNW"	"TimeNW"	0.000668081665461378	-0.0144260567140095	0.0505081651942224	0.844081477330934	0.995234906080079	0.844081477330934	0.993695588454555	NA	"abundance"	46	46
"PWY-6317: D-galactose degradation I (Leloir pathway)"	"TimeNW"	"TimeNW"	"TimeNW"	-0.0331955386036576	-0.0144260567140095	0.0741073759192616	0.841813938642449	0.995234906080079	0.841813938642449	0.993695588454555	NA	"abundance"	46	46
"PWY-6519: 8-amino-7-oxononanoate biosynthesis I"	"Sex"	"Female"	"SexFemale"	-0.168780986488073	-0.0946946073416741	0.322151744816714	0.822048294484703	0.995234906080079	0.822048294484703	0.993695588454555	NA	"abundance"	46	46
"PWY-6531: mannitol cycle"	"FI"	"FI"	"FI"	0.0330054356089339	-0.0218447081487729	0.200337566061238	0.786837368143876	0.995234906080079	0.697515182052727	0.993695588454555	NA	"abundance"	46	41
"PWY-6590: superpathway of Clostridium acetobutylicum acidogenic fermentation"	"Location"	"Centre"	"LocationCentre"	-0.032762594394009	-0.134762365173622	0.372106501555577	0.787131894582737	0.995234906080079	0.847374911492265	0.993695588454555	NA	"abundance"	46	41
"PWY-6590: superpathway of Clostridium acetobutylicum acidogenic fermentation"	"Sex"	"Female"	"SexFemale"	0.00923341062647288	-0.0946946073416741	0.365315149095142	0.780825363377096	0.995234906080079	0.851250242203575	0.993695588454555	NA	"abundance"	46	41
"PWY-6595: superpathway of guanosine nucleotides degradation (plants)"	"TimeNW"	"TimeNW"	"TimeNW"	-0.0756737895762159	-0.0144260567140095	0.244216736951719	0.808494057238353	0.995234906080079	0.060246545676254	0.686415561393386	NA	"abundance"	46	34
"PWY-6630: superpathway of L-tyrosine biosynthesis"	"Sex"	"Female"	"SexFemale"	-0.146004883017123	-0.0946946073416741	0.261375934343976	0.849219276716506	0.995234906080079	0.849219276716506	0.993695588454555	NA	"abundance"	46	46
"PWY-6703: preQ0 biosynthesis"	"TimeNW"	"TimeNW"	"TimeNW"	-0.0320905690698441	-0.0144260567140095	0.0750817494497141	0.852029623627435	0.995234906080079	0.852029623627435	0.993695588454555	NA	"abundance"	46	46
"PWY-6731: starch degradation III"	"TimeNW"	"TimeNW"	"TimeNW"	-0.0384773705310892	-0.0144260567140095	0.0984561105713097	0.833391218498253	0.995234906080079	0.833391218498253	0.993695588454555	NA	"abundance"	46	46
"PWY-6749: CMP-legionaminate biosynthesis I"	"FI"	"FI"	"FI"	-0.0759725716702096	-0.0218447081487729	0.232144107021451	0.819009946996726	0.995234906080079	0.83712040449509	0.993695588454555	NA	"abundance"	46	23
"PWY-6807: xyloglucan degradation II (exoglucanase)"	"TimeNW"	"TimeNW"	"TimeNW"	0.0619791850320682	-0.0144260567140095	0.330121025888109	0.822276178107094	0.995234906080079	0.50583484275071	0.993695588454555	NA	"abundance"	46	22
"PWY-6876: isopropanol biosynthesis (engineered)"	"FI"	"FI"	"FI"	-0.0908434033569279	-0.0218447081487729	0.365677865205564	0.854646506796991	0.995234906080079	0.974751984954894	0.998451798775976	NA	"abundance"	46	15
"PWY-6876: isopropanol biosynthesis (engineered)"	"Sex"	"Female"	"SexFemale"	0.060433245924716	-0.0946946073416741	0.721964322058408	0.834963445663028	0.995234906080079	0.767587933463059	0.993695588454555	NA	"abundance"	46	15
"PWY-6906: chitin derivatives degradation"	"Sex"	"Female"	"SexFemale"	-0.010155854358569	-0.0946946073416741	0.404709460954855	0.837658570335647	0.995234906080079	0.973645260214534	0.998451798775976	NA	"abundance"	46	37
"PWY-6961: L-ascorbate degradation II (bacterial, aerobic)"	"Location"	"Centre"	"LocationCentre"	-0.322524928825707	-0.134762365173622	0.82401855044893	0.821808698460573	0.995234906080079	0.802786217005472	0.993695588454555	NA	"abundance"	46	30
"PWY-702: L-methionine biosynthesis II"	"Sex"	"Female"	"SexFemale"	-0.0204747737573969	-0.0946946073416741	0.356284004150012	0.838310636360195	0.995234906080079	0.838310636360195	0.993695588454555	NA	"abundance"	46	46
"PWY-7094: fatty acid salvage"	"FI"	"FI"	"FI"	0.0583607367990318	-0.0218447081487729	0.347548171239237	0.82029229767838	0.995234906080079	0.967705141726284	0.998451798775976	NA	"abundance"	46	24
"PWY-7111: pyruvate fermentation to isobutanol (engineered)"	"Age"	"Age"	"Age"	0.132067208291112	0.115099219485005	0.0724344449630819	0.82385312702778	0.995234906080079	0.82385312702778	0.993695588454555	NA	"abundance"	46	46
"PWY-7111: pyruvate fermentation to isobutanol (engineered)"	"Sex"	"Female"	"SexFemale"	-0.0514179331510004	-0.0946946073416741	0.14312655531089	0.781331028960647	0.995234906080079	0.781331028960647	0.993695588454555	NA	"abundance"	46	46
"PWY-7115: C4 photosynthetic carbon assimilation cycle, NAD-ME type"	"Age"	"Age"	"Age"	0.165726004690876	0.115099219485005	0.18061540202647	0.781614964489897	0.995234906080079	0.521147262339982	0.993695588454555	NA	"abundance"	46	40
"PWY-7185: UTP and CTP dephosphorylation I"	"TimeNW"	"TimeNW"	"TimeNW"	-0.155615373635756	-0.0144260567140095	0.497265648530331	0.780525169048268	0.995234906080079	0.370861284470747	0.975808581655669	NA	"abundance"	46	27
"PWY-7209: superpathway of pyrimidine ribonucleosides degradation"	"Location"	"Centre"	"LocationCentre"	-0.244459014345466	-0.134762365173622	0.592389689859402	0.856061316138573	0.995234906080079	0.422038392460949	0.993695588454555	NA	"abundance"	46	20
"PWY-7210: pyrimidine deoxyribonucleotides biosynthesis from CTP"	"TimeNW"	"TimeNW"	"TimeNW"	-0.119605880330432	-0.0144260567140095	0.461313887828749	0.822986427461643	0.995234906080079	0.370861284470747	0.975808581655669	NA	"abundance"	46	27
"PWY-7211: superpathway of pyrimidine deoxyribonucleotides de novo biosynthesis"	"Sex"	"Female"	"SexFemale"	-0.197591945456456	-0.0946946073416741	0.44036009130742	0.818140563418092	0.995234906080079	0.128933952095492	0.848035615517665	NA	"abundance"	46	36
"PWY-7220: adenosine deoxyribonucleotides de novo biosynthesis II"	"Sex"	"Female"	"SexFemale"	-0.0550235112860401	-0.0946946073416741	0.139275959234712	0.794724870506508	0.995234906080079	0.794724870506508	0.993695588454555	NA	"abundance"	46	46
"PWY-7222: guanosine deoxyribonucleotides de novo biosynthesis II"	"Sex"	"Female"	"SexFemale"	-0.0550235112860401	-0.0946946073416741	0.139275959234712	0.794773019311747	0.995234906080079	0.794773019311747	0.993695588454555	NA	"abundance"	46	46
"PWY-7242: D-fructuronate degradation"	"TimeNW"	"TimeNW"	"TimeNW"	0.0111804733285848	-0.0144260567140095	0.110494012243337	0.837559705765993	0.995234906080079	0.837559705765993	0.993695588454555	NA	"abundance"	46	46
"PWY-7282: 4-amino-2-methyl-5-diphosphomethylpyrimidine biosynthesis II"	"TimeNW"	"TimeNW"	"TimeNW"	0.00471622241122125	-0.0144260567140095	0.069286596773636	0.831955217116433	0.995234906080079	0.831955217116433	0.993695588454555	NA	"abundance"	46	46
"PWY-7323: superpathway of GDP-mannose-derived O-antigen building blocks biosynthesis"	"Age"	"Age"	"Age"	0.0919193661835109	0.115099219485005	0.080785576514839	0.782589642033709	0.995234906080079	0.782589642033709	0.993695588454555	NA	"abundance"	46	46
"PWY-7323: superpathway of GDP-mannose-derived O-antigen building blocks biosynthesis"	"Sex"	"Female"	"SexFemale"	-0.141982491647207	-0.0946946073416741	0.159627940702333	0.782808050429334	0.995234906080079	0.782808050429334	0.993695588454555	NA	"abundance"	46	46
"PWY-7328: superpathway of UDP-glucose-derived O-antigen building blocks biosynthesis"	"FI"	"FI"	"FI"	-0.0422426841670868	-0.0218447081487729	0.0886821856073272	0.82418363547519	0.995234906080079	0.82418363547519	0.993695588454555	NA	"abundance"	46	46
"PWY-7345: superpathway of anaerobic sucrose degradation"	"TimeNW"	"TimeNW"	"TimeNW"	-0.0348924765359884	-0.0144260567140095	0.0893427459754705	0.847541696531781	0.995234906080079	0.847541696531781	0.993695588454555	NA	"abundance"	46	46
"PWY-7383: anaerobic energy metabolism (invertebrates, cytosol)"	"Location"	"Centre"	"LocationCentre"	-0.196313791974292	-0.134762365173622	0.328777179574376	0.853762974205506	0.995234906080079	0.714882138798617	0.993695588454555	NA	"abundance"	46	45
"PWY-7385: 1,3-propanediol biosynthesis (engineered)"	"FI"	"FI"	"FI"	-0.117320097958576	-0.0218447081487729	0.383192018717249	0.806997640060076	0.995234906080079	0.672242327597789	0.993695588454555	NA	"abundance"	46	20
"PWY-7388: octanoyl-[acyl-carrier protein] biosynthesis (mitochondria, yeast)"	"Age"	"Age"	"Age"	0.317959356953109	0.115099219485005	0.811729278841006	0.814887387819638	0.995234906080079	0.965733320811763	0.998451798775976	NA	"abundance"	46	10
"PWY-7392: taxadiene biosynthesis (engineered)"	"FI"	"FI"	"FI"	-0.0670996469916225	-0.0218447081487729	0.174128688760263	0.797572106815326	0.995234906080079	0.474601498077398	0.993695588454555	NA	"abundance"	46	42
"PWY-7400: L-arginine biosynthesis IV (archaebacteria)"	"Location"	"Centre"	"LocationCentre"	-0.157199744676484	-0.134762365173622	0.0852113432807474	0.822429999665983	0.995234906080079	0.822429999665983	0.993695588454555	NA	"abundance"	46	46
"PWY-7409: phospholipid remodeling (phosphatidylethanolamine, yeast)"	"Age"	"Age"	"Age"	0.194701734657206	0.115099219485005	0.411163282906211	0.851226545621893	0.995234906080079	0.977866459272405	0.998451798775976	NA	"abundance"	46	14
"PWY-7663: gondoate biosynthesis (anaerobic)"	"TimeNW"	"TimeNW"	"TimeNW"	-0.0371339808143725	-0.0144260567140095	0.0585881676239857	0.782317012619569	0.995234906080079	0.782317012619569	0.993695588454555	NA	"abundance"	46	46
"PWY-7761: NAD salvage pathway II (PNC IV cycle)"	"Sex"	"Female"	"SexFemale"	-0.150164497939367	-0.0946946073416741	0.279400352827011	0.84686941530713	0.995234906080079	0.84686941530713	0.993695588454555	NA	"abundance"	46	46
"PWY-7807: glyphosate degradation III"	"Age"	"Age"	"Age"	0.333050901507079	0.115099219485005	1.03117412921322	0.846077017301033	0.995234906080079	0.976307715397054	0.998451798775976	NA	"abundance"	46	9
"PWY-7883: anhydromuropeptides recycling II"	"Age"	"Age"	"Age"	0.0334699254921276	0.115099219485005	0.331811709694231	0.808270576380101	0.995234906080079	0.236582059161029	0.943161746368538	NA	"abundance"	46	26
"PWY-7883: anhydromuropeptides recycling II"	"FI"	"FI"	"FI"	-0.120383510172658	-0.0218447081487729	0.34441360234109	0.777955104983577	0.995234906080079	0.690962927179243	0.993695588454555	NA	"abundance"	46	26
"PWY-7942: 5-oxo-L-proline metabolism"	"FI"	"FI"	"FI"	-0.134274555829512	-0.0218447081487729	0.442870269355603	0.802696099490335	0.995234906080079	0.961071170843672	0.998451798775976	NA	"abundance"	46	23
"PWY-7992: superpathway of menaquinol-8 biosynthesis III"	"Sex"	"Female"	"SexFemale"	-0.175570459957401	-0.0946946073416741	0.362283264465665	0.828002437285443	0.995234906080079	0.825928773743974	0.993695588454555	NA	"abundance"	46	24
"PWY-8004: Entner-Doudoroff pathway I"	"FI"	"FI"	"FI"	-0.0509470570001006	-0.0218447081487729	0.101306668040596	0.780051713426775	0.995234906080079	0.780051713426775	0.993695588454555	NA	"abundance"	46	46
"PWY-8073: lipid IVA biosynthesis (P. putida)"	"Location"	"Centre"	"LocationCentre"	-0.0697352589860734	-0.134762365173622	0.324284472280285	0.843672654115873	0.995234906080079	0.891568507754216	0.998451798775976	NA	"abundance"	46	44
"PWY-8113: 3PG-factor 420 biosynthesis"	"TimeNW"	"TimeNW"	"TimeNW"	0.196638424986223	-0.0144260567140095	0.915982575210371	0.827156678279974	0.995234906080079	0.758050264782045	0.993695588454555	NA	"abundance"	46	11
"PWY-8178: pentose phosphate pathway (non-oxidative branch) II"	"TimeNW"	"TimeNW"	"TimeNW"	-0.0298396482682285	-0.0144260567140095	0.0618439906351057	0.855281124412357	0.995234906080079	0.855281124412357	0.993695588454555	NA	"abundance"	46	46
"PWY-8190: L-glutamate degradation XI (reductive Stickland reaction)"	"Location"	"Centre"	"LocationCentre"	-0.4334954551972	-0.134762365173622	1.28233033031811	0.824999933723896	0.995234906080079	0.636970146446823	0.993695588454555	NA	"abundance"	46	11
"PWY-822: fructan biosynthesis"	"Sex"	"Female"	"SexFemale"	-0.210093432050768	-0.0946946073416741	0.582681291782665	0.84796781105693	0.995234906080079	0.946810679581022	0.998451798775976	NA	"abundance"	46	15
"PWY-922: mevalonate pathway I (eukaryotes and bacteria)"	"Sex"	"Female"	"SexFemale"	0.0474830801056231	-0.0946946073416741	0.590418676424872	0.832757694791619	0.995234906080079	0.972030011348587	0.998451798775976	NA	"abundance"	46	8
"PWY0-1261: anhydromuropeptides recycling I"	"FI"	"FI"	"FI"	0.0107842594241596	-0.0218447081487729	0.174887408538862	0.854161193815993	0.995234906080079	0.854161193815993	0.993695588454555	NA	"abundance"	46	46
"PWY0-1297: superpathway of purine deoxyribonucleosides degradation"	"FI"	"FI"	"FI"	0.0221439552124404	-0.0218447081487729	0.208585470021537	0.834670434417577	0.995234906080079	0.834670434417577	0.993695588454555	NA	"abundance"	46	46
"PWY0-1297: superpathway of purine deoxyribonucleosides degradation"	"Location"	"Centre"	"LocationCentre"	-0.0479261810423028	-0.134762365173622	0.442816352123661	0.846166533605881	0.995234906080079	0.846166533605881	0.993695588454555	NA	"abundance"	46	46
"PWY0-1338: polymyxin resistance"	"FI"	"FI"	"FI"	0.0361459407541973	-0.0218447081487729	0.233687088981682	0.808058805841187	0.995234906080079	0.864300081448652	0.993695588454555	NA	"abundance"	46	21
"PWY0-1479: tRNA processing"	"Location"	"Centre"	"LocationCentre"	-0.0542618978668613	-0.134762365173622	0.366119413964937	0.828481350189347	0.995234906080079	0.842368414520926	0.993695588454555	NA	"abundance"	46	42
"PWY0-1533: methylphosphonate degradation I"	"Age"	"Age"	"Age"	0.356727277682249	0.115099219485005	1.08148606280196	0.837500933310282	0.995234906080079	0.973594053324971	0.998451798775976	NA	"abundance"	46	9
"PWY0-1586: peptidoglycan maturation (meso-diaminopimelate containing)"	"FI"	"FI"	"FI"	-0.000250223666809246	-0.0218447081487729	0.0766031521107224	0.787987637048913	0.995234906080079	0.787987637048913	0.993695588454555	NA	"abundance"	46	46
"PWY0-41: allantoin degradation IV (anaerobic)"	"Location"	"Centre"	"LocationCentre"	0.324705060425114	-0.134762365173622	2.29599219782622	0.854177798788988	0.995234906080079	0.419993990412177	0.993695588454555	NA	"abundance"	46	9
"PWY0-862: (5Z)-dodecenoate biosynthesis I"	"Age"	"Age"	"Age"	0.153897715406275	0.115099219485005	0.190371484125758	0.84010654878737	0.995234906080079	0.84010654878737	0.993695588454555	NA	"abundance"	46	46
"PWY3O-4107: NAD salvage pathway V (PNC V cycle)"	"TimeNW"	"TimeNW"	"TimeNW"	0.0378801912632119	-0.0144260567140095	0.240163730766816	0.833207958974017	0.995234906080079	0.435130691825944	0.993695588454555	NA	"abundance"	46	41
"PWY4FS-7: phosphatidylglycerol biosynthesis I (plastidic)"	"Age"	"Age"	"Age"	0.0752987014719849	0.115099219485005	0.158266493589473	0.803926544336464	0.995234906080079	0.803926544336464	0.993695588454555	NA	"abundance"	46	46
"PWY4FS-7: phosphatidylglycerol biosynthesis I (plastidic)"	"FI"	"FI"	"FI"	0.0108225219493557	-0.0218447081487729	0.153471506286409	0.833856547470965	0.995234906080079	0.833856547470965	0.993695588454555	NA	"abundance"	46	46
"PWY4FS-7: phosphatidylglycerol biosynthesis I (plastidic)"	"TimeNW"	"TimeNW"	"TimeNW"	0.0222012481957075	-0.0144260567140095	0.159889579555775	0.830046144434225	0.995234906080079	0.830046144434225	0.993695588454555	NA	"abundance"	46	46
"PWY4FS-8: phosphatidylglycerol biosynthesis II (non-plastidic)"	"Age"	"Age"	"Age"	0.0752987014719849	0.115099219485005	0.158266493589473	0.803810875576606	0.995234906080079	0.803810875576606	0.993695588454555	NA	"abundance"	46	46
"PWY4FS-8: phosphatidylglycerol biosynthesis II (non-plastidic)"	"FI"	"FI"	"FI"	0.0108225219493557	-0.0218447081487729	0.153471506286409	0.833863873877279	0.995234906080079	0.833863873877279	0.993695588454555	NA	"abundance"	46	46
"PWY4FS-8: phosphatidylglycerol biosynthesis II (non-plastidic)"	"TimeNW"	"TimeNW"	"TimeNW"	0.0222012481957075	-0.0144260567140095	0.159889579555775	0.830086214050648	0.995234906080079	0.830086214050648	0.993695588454555	NA	"abundance"	46	46
"PWY66-409: superpathway of purine nucleotide salvage"	"Age"	"Age"	"Age"	0.155802525604205	0.115099219485005	0.165928001849243	0.808329675139814	0.995234906080079	0.921674104432634	0.998451798775976	NA	"abundance"	46	43
"PWY66-409: superpathway of purine nucleotide salvage"	"Location"	"Centre"	"LocationCentre"	-0.0382750919316729	-0.134762365173622	0.351879439000557	0.787163580548152	0.995234906080079	0.726958524408815	0.993695588454555	NA	"abundance"	46	43
"PWY66-430: myristate biosynthesis (mitochondria)"	"Age"	"Age"	"Age"	0.353222371363982	0.115099219485005	0.809164001946764	0.787568071165966	0.995234906080079	0.81130052091963	0.993695588454555	NA	"abundance"	46	9
"PWY66-430: myristate biosynthesis (mitochondria)"	"FI"	"FI"	"FI"	-0.229386382069986	-0.0218447081487729	0.888813715353385	0.8303818276632	0.995234906080079	0.897676890801671	0.998451798775976	NA	"abundance"	46	9
"PYRIDNUCSAL-PWY: NAD salvage pathway I (PNC VI cycle)"	"Age"	"Age"	"Age"	0.16721825502329	0.115099219485005	0.210194613945442	0.806230116768075	0.995234906080079	0.866921954627739	0.993695588454555	NA	"abundance"	46	41
"PYRIDNUCSAL-PWY: NAD salvage pathway I (PNC VI cycle)"	"TimeNW"	"TimeNW"	"TimeNW"	0.0395420557286363	-0.0144260567140095	0.216600901200604	0.81072909498572	0.995234906080079	0.435130691825944	0.993695588454555	NA	"abundance"	46	41
"RIBOSYN2-PWY: flavin biosynthesis I (bacteria and plants)"	"FI"	"FI"	"FI"	-0.00496803502345701	-0.0218447081487729	0.058373589765716	0.787742887388204	0.995234906080079	0.787742887388204	0.993695588454555	NA	"abundance"	46	46
"SULFATE-CYS-PWY: superpathway of sulfate assimilation and cysteine biosynthesis"	"Age"	"Age"	"Age"	0.0427569123164556	0.115099219485005	0.252312594430425	0.776624738942247	0.995234906080079	0.805443852167025	0.993695588454555	NA	"abundance"	46	38
"THREOCAT-PWY: superpathway of L-threonine metabolism"	"TimeNW"	"TimeNW"	"TimeNW"	-1.15210970193743	-0.0144260567140095	4.05856069180353	0.826008730373832	0.995234906080079	0.894592145406922	0.998451798775976	NA	"abundance"	46	7
"THRESYN-PWY: superpathway of L-threonine biosynthesis"	"TimeNW"	"TimeNW"	"TimeNW"	0.00481680857724423	-0.0144260567140095	0.0359097481489315	0.77662739513642	0.995234906080079	0.77662739513642	0.993695588454555	NA	"abundance"	46	46
"TRPSYN-PWY: L-tryptophan biosynthesis"	"FI"	"FI"	"FI"	-0.00919536888593801	-0.0218447081487729	0.0498698767822383	0.817429964449297	0.995234906080079	0.817429964449297	0.993695588454555	NA	"abundance"	46	46
"UDPNAGSYN-PWY: UDP-N-acetyl-D-glucosamine biosynthesis I"	"Age"	"Age"	"Age"	0.146332641827952	0.115099219485005	0.110140081496682	0.781617621277824	0.995234906080079	0.781617621277824	0.993695588454555	NA	"abundance"	46	46
"UNINTEGRATED"	"TimeNW"	"TimeNW"	"TimeNW"	-0.000738776960214071	-0.0144260567140095	0.0015198007540251	0.812391571751515	0.995234906080079	0.812391571751515	0.993695588454555	NA	"abundance"	46	46
"URDEGR-PWY: superpathway of allantoin degradation in plants"	"Location"	"Centre"	"LocationCentre"	-0.791809938479509	-0.134762365173622	2.55318233645971	0.839628611768363	0.995234906080079	0.287486516798158	0.954417715573453	NA	"abundance"	46	7
"URDEGR-PWY: superpathway of allantoin degradation in plants"	"Sex"	"Female"	"SexFemale"	1.65496460321118	-0.0946946073416741	5.28765930038	0.796552475651154	0.995234906080079	0.958609104836326	0.998451798775976	NA	"abundance"	46	7
"CARNMET-PWY: L-carnitine degradation I"	"FI"	"FI"	"FI"	0.081436530602165	0	0.360547106819175	0.821303058678741	0.995234906080079	0.119043946231017	0.816855125839389	NA	"prevalence"	46	8
"CATECHOL-ORTHO-CLEAVAGE-PWY: catechol degradation to &beta;-ketoadipate"	"Age"	"Age"	"Age"	0.115814343452875	0	0.469648528273442	0.805219425569993	0.995234906080079	0.805219425569993	0.993695588454555	NA	"prevalence"	46	6
"DAPLYSINESYN-PWY: L-lysine biosynthesis I"	"TimeNW"	"TimeNW"	"TimeNW"	-0.116556869494994	0	0.533192273953718	0.82696013558265	0.995234906080079	0.892170849757488	0.998451798775976	NA	"prevalence"	46	45
"DARABCATK12-PWY: D-arabinose degradation I"	"FI"	"FI"	"FI"	-0.0841626614128023	0	0.306150308483416	0.783388194585123	0.995234906080079	0.926257800127145	0.998451798775976	NA	"prevalence"	46	19
"DARABCATK12-PWY: D-arabinose degradation I"	"Location"	"Centre"	"LocationCentre"	-0.139932103344543	0	0.644966067970585	0.828239197310565	0.995234906080079	0.778364568341783	0.993695588454555	NA	"prevalence"	46	19
"ECASYN-PWY: enterobacterial common antigen biosynthesis"	"Location"	"Centre"	"LocationCentre"	0.198326685916291	0	0.709973106075	0.779980887308003	0.995234906080079	0.283902045481622	0.954417715573453	NA	"prevalence"	46	13
"FAO-PWY: fatty acid &beta;-oxidation I (generic)"	"Location"	"Centre"	"LocationCentre"	0.135481072832506	0	0.642616591929738	0.833022093489528	0.995234906080079	0.604399127178598	0.993695588454555	NA	"prevalence"	46	24
"FASYN-INITIAL-PWY: superpathway of fatty acid biosynthesis initiation (E. coli)"	"TimeNW"	"TimeNW"	"TimeNW"	0.0801741276306893	0	0.40507362620395	0.843103878809306	0.995234906080079	0.935659696417013	0.998451798775976	NA	"prevalence"	46	7
"FOLSYN-PWY: superpathway of tetrahydrofolate biosynthesis and salvage"	"Age"	"Age"	"Age"	0.0895457846865156	0	0.373274485352641	0.810413522125926	0.995234906080079	0.63282043796808	0.993695588454555	NA	"prevalence"	46	35
"GLUDEG-I-PWY: GABA shunt"	"TimeNW"	"TimeNW"	"TimeNW"	0.113583357434413	0	0.460572733619531	0.805207517720264	0.995234906080079	0.962055888847299	0.998451798775976	NA	"prevalence"	46	40
"GLYCOCAT-PWY: glycogen degradation I"	"TimeNW"	"TimeNW"	"TimeNW"	0.0975523147654386	0	0.492285238646379	0.842918178744737	0.995234906080079	0.888457044960681	0.998451798775976	NA	"prevalence"	46	43
"HEME-BIOSYNTHESIS-II-1: heme b biosynthesis V (aerobic)"	"TimeNW"	"TimeNW"	"TimeNW"	-0.0746977607029672	0	0.336178418192871	0.824160703726163	0.995234906080079	0.581034043352234	0.993695588454555	NA	"prevalence"	46	32
"HEME-BIOSYNTHESIS-II: heme b biosynthesis I (aerobic)"	"Location"	"Centre"	"LocationCentre"	0.280711915411425	0	1.03928937856153	0.787083429988833	0.995234906080079	0.691576611311427	0.993695588454555	NA	"prevalence"	46	43
"HEMESYN2-PWY: heme b biosynthesis II (oxygen-independent)"	"TimeNW"	"TimeNW"	"TimeNW"	-0.116556869494994	0	0.533192273953718	0.82696013558265	0.995234906080079	0.846571941805329	0.993695588454555	NA	"prevalence"	46	45
"LIPA-CORESYN-PWY: lipid A-core biosynthesis (E. coli K-12)"	"Sex"	"Female"	"SexFemale"	-0.154164722396475	0	0.764890721215673	0.840267517489899	0.995234906080079	0.0780427119163987	0.743422876756537	NA	"prevalence"	46	9
"METH-ACETATE-PWY: methanogenesis from acetate"	"Sex"	"Female"	"SexFemale"	-0.319987204667335	0	1.35640997873199	0.813504495465944	0.995234906080079	0.693983102091994	0.993695588454555	NA	"prevalence"	46	45
"METHGLYUT-PWY: superpathway of methylglyoxal degradation"	"FI"	"FI"	"FI"	0.0853444574338697	0	0.359831119086953	0.812517770960177	0.995234906080079	0.519704874555589	0.993695588454555	NA	"prevalence"	46	36
"NAD-BIOSYNTHESIS-II: NAD salvage pathway III (to nicotinamide riboside)"	"Location"	"Centre"	"LocationCentre"	0.157286556264157	0	0.699252569853352	0.822029641171961	0.995234906080079	0.688376519347076	0.993695588454555	NA	"prevalence"	46	34
"P105-PWY: TCA cycle IV (2-oxoglutarate decarboxylase)"	"FI"	"FI"	"FI"	0.0694213938751519	0	0.341083489371632	0.83871926163334	0.995234906080079	0.460578217478479	0.993695588454555	NA	"prevalence"	46	36
"P105-PWY: TCA cycle IV (2-oxoglutarate decarboxylase)"	"TimeNW"	"TimeNW"	"TimeNW"	-0.0803425372226721	0	0.340742178961975	0.813598044934802	0.995234906080079	0.965254311147872	0.998451798775976	NA	"prevalence"	46	36
"P124-PWY: Bifidobacterium shunt"	"Age"	"Age"	"Age"	-0.0636099915483064	0	0.333059537515171	0.848535896607909	0.995234906080079	0.653263120020137	0.993695588454555	NA	"prevalence"	46	19
"P161-PWY: acetylene degradation (anaerobic)"	"Sex"	"Female"	"SexFemale"	0.218358449540871	0	0.914263021195126	0.811233155449608	0.995234906080079	0.899042400650789	0.998451798775976	NA	"prevalence"	46	42
"P221-PWY: octane oxidation"	"Location"	"Centre"	"LocationCentre"	0.159665670534655	0	0.656629969416558	0.807882010184026	0.995234906080079	0.757016529651782	0.993695588454555	NA	"prevalence"	46	18
"P23-PWY: reductive TCA cycle I"	"TimeNW"	"TimeNW"	"TimeNW"	0.0683438796241579	0	0.360126314604317	0.849483470562736	0.995234906080079	0.977344774366161	0.998451798775976	NA	"prevalence"	46	18
"P4-PWY: superpathway of L-lysine, L-threonine and L-methionine biosynthesis I"	"FI"	"FI"	"FI"	-0.0680606627316366	0	0.309715485854326	0.826064140063146	0.995234906080079	0.881627348180616	0.996959287214095	NA	"prevalence"	46	31
"P621-PWY: nylon-6 oligomer degradation"	"Age"	"Age"	"Age"	0.0765978506522696	0	0.351174372551478	0.827336288134797	0.995234906080079	0.92718047987697	0.998451798775976	NA	"prevalence"	46	11
"PWY-5104: L-isoleucine biosynthesis IV"	"FI"	"FI"	"FI"	-0.0557403302824953	0	0.302741934941104	0.853920650875018	0.995234906080079	0.656052284472842	0.993695588454555	NA	"prevalence"	46	27
"PWY-5104: L-isoleucine biosynthesis IV"	"Location"	"Centre"	"LocationCentre"	-0.169056941825593	0	0.647357810466896	0.793977490259533	0.995234906080079	0.11876334241226	0.816855125839389	NA	"prevalence"	46	27
"PWY-5121: superpathway of geranylgeranyl diphosphate biosynthesis II (via MEP)"	"Age"	"Age"	"Age"	0.178275852603701	0	0.61948206825288	0.773513537547694	0.995234906080079	0.787084118021859	0.993695588454555	NA	"prevalence"	46	45
"PWY-5130: 2-oxobutanoate degradation I"	"Sex"	"Female"	"SexFemale"	-0.193575065149273	0	0.989403945530083	0.84488555949492	0.995234906080079	0.975939510346796	0.998451798775976	NA	"prevalence"	46	43
"PWY-5189: tetrapyrrole biosynthesis II (from glycine)"	"FI"	"FI"	"FI"	0.0783695285167524	0	0.333038898173611	0.81396313463106	0.995234906080079	0.729994251402709	0.993695588454555	NA	"prevalence"	46	35
"PWY-5198: factor 420 biosynthesis II (mycobacteria)"	"TimeNW"	"TimeNW"	"TimeNW"	0.0923420235536571	0	0.381269515773718	0.808628148199871	0.995234906080079	0.529650098891177	0.993695588454555	NA	"prevalence"	46	12
"PWY-5497: purine nucleobases degradation II (anaerobic)"	"TimeNW"	"TimeNW"	"TimeNW"	-0.116556869494994	0	0.533192273953718	0.82696013558265	0.995234906080079	0.970057205322425	0.998451798775976	NA	"prevalence"	46	45
"PWY-5505: L-glutamate and L-glutamine biosynthesis"	"FI"	"FI"	"FI"	0.149945397521308	0	0.587940609704683	0.798696113861095	0.995234906080079	0.180466819922808	0.905949068804327	NA	"prevalence"	46	44
"PWY-5675: nitrate reduction V (assimilatory)"	"Age"	"Age"	"Age"	0.0889137925548033	0	0.335059982984707	0.790726916099819	0.995234906080079	0.154917131051512	0.89621815431277	NA	"prevalence"	46	31
"PWY-5675: nitrate reduction V (assimilatory)"	"FI"	"FI"	"FI"	0.0616290044309695	0	0.320017690185087	0.847287915142448	0.995234906080079	0.97667901913846	0.998451798775976	NA	"prevalence"	46	31
"PWY-5676: acetyl-CoA fermentation to butanoate II"	"Sex"	"Female"	"SexFemale"	-0.319987204667335	0	1.35640997873199	0.813504495465944	0.995234906080079	0.357819719910455	0.968877380286383	NA	"prevalence"	46	45
"PWY-5677: succinate fermentation to butanoate"	"Age"	"Age"	"Age"	-0.0665082758207328	0	0.335662958679426	0.842935489645821	0.995234906080079	0.31423010621297	0.959114612886705	NA	"prevalence"	46	13
"PWY-5692: allantoin degradation to glyoxylate II"	"Sex"	"Female"	"SexFemale"	0.210864151961466	0	0.849905871776931	0.804054755061064	0.995234906080079	0.958606004889977	0.998451798775976	NA	"prevalence"	46	7
"PWY-5747: 2-methylcitrate cycle II"	"Location"	"Centre"	"LocationCentre"	0.18091054972414	0	0.65526231277329	0.782479904863456	0.995234906080079	0.00979166943237844	0.297674461570942	NA	"prevalence"	46	19
"PWY-5747: 2-methylcitrate cycle II"	"TimeNW"	"TimeNW"	"TimeNW"	0.0881193020522348	0	0.317669793748967	0.781478537386745	0.995234906080079	0.0822167392715181	0.753720177028358	NA	"prevalence"	46	19
"PWY-5850: superpathway of menaquinol-6 biosynthesis"	"FI"	"FI"	"FI"	-0.0797334114054129	0	0.323893137836217	0.80554911366226	0.995234906080079	0.324340809263327	0.959114612886705	NA	"prevalence"	46	24
"PWY-5860: superpathway of demethylmenaquinol-6 biosynthesis I"	"FI"	"FI"	"FI"	-0.0797334114054129	0	0.323893137836217	0.80554911366226	0.995234906080079	0.360079523177974	0.968877380286383	NA	"prevalence"	46	24
"PWY-5896: superpathway of menaquinol-10 biosynthesis"	"FI"	"FI"	"FI"	-0.0797334114054129	0	0.323893137836217	0.80554911366226	0.995234906080079	0.324405876244348	0.959114612886705	NA	"prevalence"	46	24
"PWY-5910: superpathway of geranylgeranyldiphosphate biosynthesis I (via mevalonate)"	"Sex"	"Female"	"SexFemale"	-0.20519161944964	0	0.77347967366168	0.790790850865202	0.995234906080079	0.923986147874503	0.998451798775976	NA	"prevalence"	46	7
"PWY-5972: stearate biosynthesis I (animals)"	"FI"	"FI"	"FI"	0.0759620918457812	0	0.34350736701386	0.824985980839665	0.995234906080079	0.736220133173738	0.993695588454555	NA	"prevalence"	46	11
"PWY-6160: 3-dehydroquinate biosynthesis II (archaea)"	"FI"	"FI"	"FI"	0.0825624609619694	0	0.350351756072356	0.813699687151578	0.995234906080079	0.96529219343258	0.998451798775976	NA	"prevalence"	46	14
"PWY-6165: chorismate biosynthesis II (archaea)"	"FI"	"FI"	"FI"	0.0825624609619694	0	0.350351756072356	0.813699687151578	0.995234906080079	0.96529219343258	0.998451798775976	NA	"prevalence"	46	14
"PWY-6167: flavin biosynthesis II (archaea)"	"TimeNW"	"TimeNW"	"TimeNW"	0.138759761306453	0	0.490760062052155	0.777372618725397	0.995234906080079	0.777372618725397	0.993695588454555	NA	"prevalence"	46	8
"PWY-6285: superpathway of fatty acids biosynthesis (E. coli)"	"FI"	"FI"	"FI"	-0.0619312298754492	0	0.310424414020783	0.841867714505454	0.995234906080079	0.750848107860974	0.993695588454555	NA	"prevalence"	46	20
"PWY-6285: superpathway of fatty acids biosynthesis (E. coli)"	"TimeNW"	"TimeNW"	"TimeNW"	0.0579009134226164	0	0.319179065597807	0.856049116622586	0.995234906080079	0.664172619933521	0.993695588454555	NA	"prevalence"	46	20
"PWY-6292: superpathway of L-cysteine biosynthesis (mammalian)"	"Location"	"Centre"	"LocationCentre"	-0.25267878883817	0	1.03708681950136	0.807507438301669	0.995234906080079	0.833292923169848	0.993695588454555	NA	"prevalence"	46	43
"PWY-6292: superpathway of L-cysteine biosynthesis (mammalian)"	"TimeNW"	"TimeNW"	"TimeNW"	0.130246631881155	0	0.541352910351692	0.809869271471788	0.995234906080079	0.476337354407004	0.993695588454555	NA	"prevalence"	46	43
"PWY-6353: purine nucleotides degradation II (aerobic)"	"TimeNW"	"TimeNW"	"TimeNW"	-0.116556869494994	0	0.533192273953718	0.82696013558265	0.995234906080079	0.904684615162865	0.998451798775976	NA	"prevalence"	46	45
"PWY-6470: peptidoglycan biosynthesis V (&beta;-lactam resistance)"	"TimeNW"	"TimeNW"	"TimeNW"	-0.112686373699892	0	0.394620378896708	0.77521790326587	0.995234906080079	0.9068139402047	0.998451798775976	NA	"prevalence"	46	41
"PWY-6471: peptidoglycan biosynthesis IV (Enterococcus faecium)"	"Location"	"Centre"	"LocationCentre"	0.205695243965015	0	0.893135679469909	0.817853356406918	0.995234906080079	0.817853356406918	0.993695588454555	NA	"prevalence"	46	5
"PWY-6478: GDP-D-glycero-&alpha;-D-manno-heptose biosynthesis"	"FI"	"FI"	"FI"	-0.0988029728209492	0	0.386444941350077	0.798204473615997	0.995234906080079	0.0590043655436542	0.686415561393386	NA	"prevalence"	46	9
"PWY-6478: GDP-D-glycero-&alpha;-D-manno-heptose biosynthesis"	"Sex"	"Female"	"SexFemale"	-0.175335683915338	0	0.773883520821393	0.820761242764642	0.995234906080079	0.226033154027692	0.931415651367086	NA	"prevalence"	46	9
"PWY-6612: superpathway of tetrahydrofolate biosynthesis"	"Age"	"Age"	"Age"	0.0895457846865156	0	0.373274485352641	0.810413522125926	0.995234906080079	0.59714984634192	0.993695588454555	NA	"prevalence"	46	35
"PWY-6807: xyloglucan degradation II (exoglucanase)"	"FI"	"FI"	"FI"	0.0760189969182324	0	0.305295478547108	0.803359710264256	0.995234906080079	0.875688192848305	0.996783998657935	NA	"prevalence"	46	22
"PWY-6876: isopropanol biosynthesis (engineered)"	"FI"	"FI"	"FI"	0.0665941320903211	0	0.332170397354651	0.841103760129114	0.995234906080079	0.974751984954894	0.998451798775976	NA	"prevalence"	46	15
"PWY-6906: chitin derivatives degradation"	"FI"	"FI"	"FI"	0.0852541989011214	0	0.3739872088584	0.819677181762996	0.995234906080079	0.863243442090539	0.993695588454555	NA	"prevalence"	46	37
"PWY-6953: dTDP-3-acetamido-&alpha;-D-fucose biosynthesis"	"TimeNW"	"TimeNW"	"TimeNW"	0.0954527321876496	0	0.382961592109769	0.803168303200325	0.995234906080079	0.503077275048419	0.993695588454555	NA	"prevalence"	46	13
"PWY-7013: (S)-propane-1,2-diol degradation"	"FI"	"FI"	"FI"	-0.116185209673264	0	0.445206749972454	0.794116328028293	0.995234906080079	0.827468897938632	0.993695588454555	NA	"prevalence"	46	42
"PWY-7094: fatty acid salvage"	"FI"	"FI"	"FI"	0.0615857518100129	0	0.307625540857349	0.841326408070461	0.995234906080079	0.967705141726284	0.998451798775976	NA	"prevalence"	46	24
"PWY-7200: superpathway of pyrimidine deoxyribonucleoside salvage"	"TimeNW"	"TimeNW"	"TimeNW"	0.133152821467549	0	0.560821225858759	0.812327315579937	0.995234906080079	0.812327315579937	0.993695588454555	NA	"prevalence"	46	4
"PWY-7204: pyridoxal 5'-phosphate salvage II (plants)"	"Age"	"Age"	"Age"	0.081516102053558	0	0.308754574328921	0.791767703746324	0.995234906080079	0.0453580152163996	0.677654893257433	NA	"prevalence"	46	23
"PWY-7209: superpathway of pyrimidine ribonucleosides degradation"	"Age"	"Age"	"Age"	-0.0658445136790862	0	0.317491830598132	0.83570557962565	0.995234906080079	0.265482651037176	0.954417715573453	NA	"prevalence"	46	20
"PWY-7286: 7-(3-amino-3-carboxypropyl)-wyosine biosynthesis"	"Sex"	"Female"	"SexFemale"	-0.181262441725615	0	0.75731017236237	0.810833939500771	0.995234906080079	0.344757600479249	0.96473999596638	NA	"prevalence"	46	11
"PWY-7316: dTDP-N-acetylviosamine biosynthesis"	"TimeNW"	"TimeNW"	"TimeNW"	-0.0716682415903171	0	0.343774930326402	0.83485863916975	0.995234906080079	0.113007803321638	0.816855125839389	NA	"prevalence"	46	23
"PWY-7371: 1,4-dihydroxy-6-naphthoate biosynthesis II"	"Age"	"Age"	"Age"	0.0784306942759952	0	0.31010128947549	0.800330342713463	0.995234906080079	0.181978212650657	0.905949068804327	NA	"prevalence"	46	25
"PWY-7385: 1,3-propanediol biosynthesis (engineered)"	"Location"	"Centre"	"LocationCentre"	0.173870178125812	0	0.656530905766319	0.791139136278497	0.995234906080079	0.709257830937566	0.993695588454555	NA	"prevalence"	46	20
"PWY-7392: taxadiene biosynthesis (engineered)"	"TimeNW"	"TimeNW"	"TimeNW"	0.144223765766953	0	0.514741269893633	0.779334109077567	0.995234906080079	0.951306564583409	0.998451798775976	NA	"prevalence"	46	42
"PWY-7409: phospholipid remodeling (phosphatidylethanolamine, yeast)"	"Location"	"Centre"	"LocationCentre"	0.170818622305313	0	0.695469221799687	0.805979219719259	0.995234906080079	0.962355936819252	0.998451798775976	NA	"prevalence"	46	14
"PWY-7688: dTDP-&alpha;-D-ravidosamine and dTDP-4-acetyl-&alpha;-D-ravidosamine biosynthesis"	"Sex"	"Female"	"SexFemale"	-0.174054703914533	0	0.616294918499068	0.777620618984215	0.995234906080079	0.385570104330158	0.980622710853004	NA	"prevalence"	46	27
"PWY-7858: (5Z)-dodecenoate biosynthesis II"	"TimeNW"	"TimeNW"	"TimeNW"	-0.0840352611268694	0	0.312808831010992	0.788201077091542	0.995234906080079	0.834721518471414	0.993695588454555	NA	"prevalence"	46	25
"PWY-7874: L-threonate degradation"	"Age"	"Age"	"Age"	0.0593815269358063	0	0.328414295927633	0.856514471478763	0.995234906080079	0.0950764775514628	0.782480255952523	NA	"prevalence"	46	13
"PWY-7874: L-threonate degradation"	"FI"	"FI"	"FI"	-0.0585370991155406	0	0.320726707259568	0.855179405495338	0.995234906080079	0.931508791818304	0.998451798775976	NA	"prevalence"	46	13
"PWY-7942: 5-oxo-L-proline metabolism"	"FI"	"FI"	"FI"	-0.0550574609764202	0	0.300008222477089	0.854390153087251	0.995234906080079	0.961071170843672	0.998451798775976	NA	"prevalence"	46	23
"PWY-7992: superpathway of menaquinol-8 biosynthesis III"	"TimeNW"	"TimeNW"	"TimeNW"	0.057979061846262	0	0.311195895422173	0.852201276406263	0.995234906080079	0.197821752166038	0.906022929422719	NA	"prevalence"	46	24
"PWY-8112: factor 420 biosynthesis I (archaea)"	"Sex"	"Female"	"SexFemale"	-0.16056136448717	0	0.753633290921664	0.83128817887584	0.995234906080079	0.818664979068258	0.993695588454555	NA	"prevalence"	46	11
"PWY-8113: 3PG-factor 420 biosynthesis"	"Sex"	"Female"	"SexFemale"	-0.16056136448717	0	0.753633290921664	0.83128817887584	0.995234906080079	0.745471360042108	0.993695588454555	NA	"prevalence"	46	11
"PWY-822: fructan biosynthesis"	"Age"	"Age"	"Age"	-0.0914085239543825	0	0.328357364443072	0.780719733665247	0.995234906080079	0.95191616479616	0.998451798775976	NA	"prevalence"	46	15
"PWY-922: mevalonate pathway I (eukaryotes and bacteria)"	"TimeNW"	"TimeNW"	"TimeNW"	0.112262758033032	0	0.394417127343825	0.775927991848724	0.995234906080079	0.452563100547183	0.993695588454555	NA	"prevalence"	46	8
"PWY0-1337: oleate &beta;-oxidation"	"FI"	"FI"	"FI"	0.0837983029232473	0	0.309910698995649	0.786856387633118	0.995234906080079	0.954569800507196	0.998451798775976	NA	"prevalence"	46	21
"PWY0-1415: superpathway of heme b biosynthesis from uroporphyrinogen-III"	"Location"	"Centre"	"LocationCentre"	0.149930274497946	0	0.666623656377946	0.822049350465492	0.995234906080079	0.921205590942569	0.998451798775976	NA	"prevalence"	46	29
"PWY0-301: L-ascorbate degradation I (bacterial, anaerobic)"	"TimeNW"	"TimeNW"	"TimeNW"	0.0703903287643116	0	0.346247393078314	0.838904542384502	0.995234906080079	0.592610527936403	0.993695588454555	NA	"prevalence"	46	34
"PWY0-781: aspartate superpathway"	"FI"	"FI"	"FI"	-0.0680606627316366	0	0.309715485854326	0.826064140063146	0.995234906080079	0.880082228020305	0.996959287214095	NA	"prevalence"	46	31
"PWY3O-4107: NAD salvage pathway V (PNC V cycle)"	"FI"	"FI"	"FI"	0.0940746284746117	0	0.426970385781828	0.82561371366453	0.995234906080079	0.969589423138123	0.998451798775976	NA	"prevalence"	46	41
"PWY3O-4107: NAD salvage pathway V (PNC V cycle)"	"Sex"	"Female"	"SexFemale"	0.168165903151833	0	0.851331644188764	0.843410634987398	0.995234906080079	0.619617860998427	0.993695588454555	NA	"prevalence"	46	41
"PWY4LZ-257: superpathway of fermentation (Chlamydomonas reinhardtii)"	"Sex"	"Female"	"SexFemale"	0.218358449540871	0	0.914263021195126	0.811233155449608	0.995234906080079	0.90821281611887	0.998451798775976	NA	"prevalence"	46	42
"PWY66-367: ketogenesis"	"Age"	"Age"	"Age"	-0.082327381958193	0	0.371503422739696	0.824620622914641	0.995234906080079	0.643734484756737	0.993695588454555	NA	"prevalence"	46	10
"PWY66-367: ketogenesis"	"FI"	"FI"	"FI"	-0.0776148030427258	0	0.373225103366802	0.835262479109849	0.995234906080079	0.792320246270921	0.993695588454555	NA	"prevalence"	46	10
"PWY66-367: ketogenesis"	"Sex"	"Female"	"SexFemale"	0.201093968058815	0	0.763375359819711	0.792221192405738	0.995234906080079	0.226435040123583	0.931415651367086	NA	"prevalence"	46	10
"PWY66-409: superpathway of purine nucleotide salvage"	"Sex"	"Female"	"SexFemale"	-0.229997741253476	0	1.01283900501825	0.820359800491146	0.995234906080079	0.263222733522681	0.954417715573453	NA	"prevalence"	46	43
"PWY66-430: myristate biosynthesis (mitochondria)"	"Sex"	"Female"	"SexFemale"	-0.18505312577252	0	0.776416139119495	0.811615298753682	0.995234906080079	0.919854132949888	0.998451798775976	NA	"prevalence"	46	9
"PYRIDNUCSAL-PWY: NAD salvage pathway I (PNC VI cycle)"	"FI"	"FI"	"FI"	0.0940746284746117	0	0.426970385781828	0.82561371366453	0.995234906080079	0.969589423138123	0.998451798775976	NA	"prevalence"	46	41
"PYRIDNUCSAL-PWY: NAD salvage pathway I (PNC VI cycle)"	"Sex"	"Female"	"SexFemale"	0.168165903151833	0	0.851331644188764	0.843410634987398	0.995234906080079	0.611604682071192	0.993695588454555	NA	"prevalence"	46	41
"SALVADEHYPOX-PWY: adenosine nucleotides degradation II"	"TimeNW"	"TimeNW"	"TimeNW"	-0.116556869494994	0	0.533192273953718	0.82696013558265	0.995234906080079	0.601021181967006	0.993695588454555	NA	"prevalence"	46	45
"TCA: TCA cycle I (prokaryotic)"	"FI"	"FI"	"FI"	-0.0639755377449338	0	0.300855352454162	0.831603476789117	0.995234906080079	0.398116435737416	0.98522843796502	NA	"prevalence"	46	27
"THREOCAT-PWY: superpathway of L-threonine metabolism"	"Location"	"Centre"	"LocationCentre"	0.187805039371118	0	0.959079919117779	0.844752679804505	0.995234906080079	0.528451815534488	0.993695588454555	NA	"prevalence"	46	7
"URDEGR-PWY: superpathway of allantoin degradation in plants"	"Sex"	"Female"	"SexFemale"	0.210864151961466	0	0.849905871776931	0.804054755061064	0.995234906080079	0.958609104836326	0.998451798775976	NA	"prevalence"	46	7
"CARNMET-PWY: L-carnitine degradation I"	"Sex"	"Female"	"SexFemale"	-0.273327360906585	-0.0946946073416741	0.939491121870679	0.866923228221949	0.995442716357383	0.531909039599263	0.993695588454555	NA	"abundance"	46	8
"HOMOSER-METSYN-PWY: L-methionine biosynthesis I"	"FI"	"FI"	"FI"	0.0384936846524515	-0.0218447081487729	0.340490492797162	0.860791834923223	0.995442716357383	0.919369578640137	0.998451798775976	NA	"abundance"	46	34
"HOMOSER-METSYN-PWY: L-methionine biosynthesis I"	"Sex"	"Female"	"SexFemale"	-0.224568358169934	-0.0946946073416741	0.760097890964757	0.865816456525167	0.995442716357383	0.661915193589128	0.993695588454555	NA	"abundance"	46	34
"HSERMETANA-PWY: L-methionine biosynthesis III"	"TimeNW"	"TimeNW"	"TimeNW"	-0.000683520299352368	-0.0144260567140095	0.054946449605996	0.863422046555382	0.995442716357383	0.863422046555382	0.993695588454555	NA	"abundance"	46	46
"P105-PWY: TCA cycle IV (2-oxoglutarate decarboxylase)"	"TimeNW"	"TimeNW"	"TimeNW"	-0.067725347296237	-0.0144260567140095	0.311582347781432	0.867311020856006	0.995442716357383	0.965254311147872	0.998451798775976	NA	"abundance"	46	36
"P164-PWY: purine nucleobases degradation I (anaerobic)"	"FI"	"FI"	"FI"	-0.0456734385289092	-0.0218447081487729	0.132248900833589	0.859523769802367	0.995442716357383	0.980266428749462	0.998451798775976	NA	"abundance"	46	44
"P42-PWY: incomplete reductive TCA cycle"	"Sex"	"Female"	"SexFemale"	-0.17055684824969	-0.0946946073416741	0.429654739774056	0.861854031964383	0.995442716357383	0.801402471315424	0.993695588454555	NA	"abundance"	46	45
"PWY-1861: formaldehyde assimilation II (assimilatory RuMP Cycle)"	"Age"	"Age"	"Age"	0.0830393803184925	0.115099219485005	0.178692309201615	0.85904512369823	0.995442716357383	0.313463845819114	0.959114612886705	NA	"abundance"	46	43
"PWY-5345: superpathway of L-methionine biosynthesis (by sulfhydrylation)"	"Sex"	"Female"	"SexFemale"	-0.16940294001503	-0.0946946073416741	0.441514568192139	0.867719758597067	0.995442716357383	0.807899549017721	0.993695588454555	NA	"abundance"	46	38
"PWY-5667: CDP-diacylglycerol biosynthesis I"	"FI"	"FI"	"FI"	-0.0144451232481998	-0.0218447081487729	0.0373585095192527	0.86532504028309	0.995442716357383	0.86532504028309	0.993695588454555	NA	"abundance"	46	46
"PWY-5910: superpathway of geranylgeranyldiphosphate biosynthesis I (via mevalonate)"	"Age"	"Age"	"Age"	-0.0314088509990381	0.115099219485005	0.674181688600674	0.863822205846391	0.995442716357383	0.921131682818209	0.998451798775976	NA	"abundance"	46	7
"PWY-6282: palmitoleate biosynthesis I (from (5Z)-dodec-5-enoate)"	"Age"	"Age"	"Age"	0.147390982725433	0.115099219485005	0.190550867827622	0.866780644807096	0.995442716357383	0.866780644807096	0.993695588454555	NA	"abundance"	46	46
"PWY-6519: 8-amino-7-oxononanoate biosynthesis I"	"Age"	"Age"	"Age"	0.144381280501002	0.115099219485005	0.163036710965345	0.859381254325108	0.995442716357383	0.859381254325108	0.993695588454555	NA	"abundance"	46	46
"PWY-6612: superpathway of tetrahydrofolate biosynthesis"	"FI"	"FI"	"FI"	-0.0533251951066026	-0.0218447081487729	0.179950864263373	0.863145101359401	0.995442716357383	0.981270736718072	0.998451798775976	NA	"abundance"	46	35
"PWY-6630: superpathway of L-tyrosine biosynthesis"	"Location"	"Centre"	"LocationCentre"	-0.0862729690367643	-0.134762365173622	0.27231332214788	0.861591551090799	0.995442716357383	0.861591551090799	0.993695588454555	NA	"abundance"	46	46
"PWY-6895: superpathway of thiamine diphosphate biosynthesis II"	"Location"	"Centre"	"LocationCentre"	-0.214606413696478	-0.134762365173622	0.455063273478115	0.862335702940557	0.995442716357383	0.326859020132752	0.959114612886705	NA	"abundance"	46	40
"PWY-7187: pyrimidine deoxyribonucleotides de novo biosynthesis II"	"Sex"	"Female"	"SexFemale"	-0.218821310138739	-0.0946946073416741	0.695199400348191	0.861342862390239	0.995442716357383	0.946565841777033	0.998451798775976	NA	"abundance"	46	19
"PWY-7242: D-fructuronate degradation"	"FI"	"FI"	"FI"	-0.0412497008069465	-0.0218447081487729	0.106058709652798	0.85863305147466	0.995442716357383	0.85863305147466	0.993695588454555	NA	"abundance"	46	46
"PWY-7312: dTDP-&beta;-D-fucofuranose biosynthesis"	"TimeNW"	"TimeNW"	"TimeNW"	-0.0735032925783675	-0.0144260567140095	0.338106543536596	0.865334301586387	0.995442716357383	0.733002823324829	0.993695588454555	NA	"abundance"	46	21
"PWY-7345: superpathway of anaerobic sucrose degradation"	"Location"	"Centre"	"LocationCentre"	-0.102105989663132	-0.134762365173622	0.182056625743255	0.863472220267556	0.995442716357383	0.863472220267556	0.993695588454555	NA	"abundance"	46	46
"PWY0-1319: CDP-diacylglycerol biosynthesis II"	"FI"	"FI"	"FI"	-0.0144451232481998	-0.0218447081487729	0.0373585095192527	0.865080730305204	0.995442716357383	0.865080730305204	0.993695588454555	NA	"abundance"	46	46
"PWY0-1337: oleate &beta;-oxidation"	"FI"	"FI"	"FI"	0.0376919279387264	-0.0218447081487729	0.348228227504669	0.866706152299693	0.995442716357383	0.954569800507196	0.998451798775976	NA	"abundance"	46	21
"PWY0-166: superpathway of pyrimidine deoxyribonucleotides de novo biosynthesis (E. coli)"	"Age"	"Age"	"Age"	0.0649560575326358	0.115099219485005	0.295238165627626	0.866630660505934	0.995442716357383	0.0893792402701475	0.782480255952523	NA	"abundance"	46	29
"PWY0-781: aspartate superpathway"	"Sex"	"Female"	"SexFemale"	0.0103728969658836	-0.0946946073416741	0.606985969386318	0.864611413514809	0.995442716357383	0.375259543379779	0.97794296831023	NA	"abundance"	46	31
"TCA-GLYOX-BYPASS: superpathway of glyoxylate bypass and TCA"	"TimeNW"	"TimeNW"	"TimeNW"	-0.0620935105491886	-0.0144260567140095	0.261155226488963	0.860205372448394	0.995442716357383	0.845386728117445	0.993695588454555	NA	"abundance"	46	25
"VALSYN-PWY: L-valine biosynthesis"	"TimeNW"	"TimeNW"	"TimeNW"	-0.0256124176751826	-0.0144260567140095	0.0245346532475998	0.858131995400233	0.995442716357383	0.858131995400233	0.993695588454555	NA	"abundance"	46	46
"FUCCAT-PWY: fucose degradation"	"FI"	"FI"	"FI"	0.113763986696237	0	0.642928211748532	0.859550303338158	0.995442716357383	0.82576070277288	0.993695588454555	NA	"prevalence"	46	45
"METHANOGENESIS-PWY: methanogenesis from H2 and CO2"	"Age"	"Age"	"Age"	0.0628323202250857	0	0.377187744520785	0.867699726749745	0.995442716357383	0.982496637697908	0.998451798775976	NA	"prevalence"	46	10
"P441-PWY: superpathway of N-acetylneuraminate degradation"	"FI"	"FI"	"FI"	0.113763986696237	0	0.642928211748532	0.859550303338158	0.995442716357383	0.973308450666036	0.998451798775976	NA	"prevalence"	46	45
"PWY-5209: methyl-coenzyme M oxidation to CO2"	"Age"	"Age"	"Age"	0.0628323202250857	0	0.377187744520785	0.867699726749745	0.995442716357383	0.9565843973098	0.998451798775976	NA	"prevalence"	46	10
"PWY-5918: superpathway of heme b biosynthesis from glutamate"	"Age"	"Age"	"Age"	-0.0618975622382044	0	0.359614429218893	0.86334160108183	0.995442716357383	0.164315102366136	0.897061821880354	NA	"prevalence"	46	35
"PWY-6749: CMP-legionaminate biosynthesis I"	"TimeNW"	"TimeNW"	"TimeNW"	-0.0583351111594466	0	0.334318398494877	0.861480638673845	0.995442716357383	0.686482959799884	0.993695588454555	NA	"prevalence"	46	23
"PWY-7340: 9-cis, 11-trans-octadecadienoyl-CoA degradation (isomerase-dependent, yeast)"	"Sex"	"Female"	"SexFemale"	-0.113998682314923	0	0.667711628411193	0.864435747529976	0.995442716357383	0.981622333452243	0.998451798775976	NA	"prevalence"	46	13
"PWY-7688: dTDP-&alpha;-D-ravidosamine and dTDP-4-acetyl-&alpha;-D-ravidosamine biosynthesis"	"TimeNW"	"TimeNW"	"TimeNW"	0.05577686381357	0	0.314573349700948	0.859265238006439	0.995442716357383	0.279086695486598	0.954417715573453	NA	"prevalence"	46	27
"PWY0-1241: ADP-L-glycero-&beta;-D-manno-heptose biosynthesis"	"TimeNW"	"TimeNW"	"TimeNW"	0.0996701952209185	0	0.5596407989223	0.858647011524372	0.995442716357383	0.17750047485542	0.905949068804327	NA	"prevalence"	46	44
"PWY0-42: 2-methylcitrate cycle I"	"TimeNW"	"TimeNW"	"TimeNW"	0.0543453913232896	0	0.315536782747908	0.863255489813577	0.995442716357383	0.704457078619246	0.993695588454555	NA	"prevalence"	46	24
"PWY-5130: 2-oxobutanoate degradation I"	"Sex"	"Female"	"SexFemale"	-0.158324103383393	-0.0946946073416741	0.38864976260335	0.872192465949956	0.995620950404972	0.975939510346796	0.998451798775976	NA	"abundance"	46	43
"PWY-5675: nitrate reduction V (assimilatory)"	"FI"	"FI"	"FI"	0.0320949087632497	-0.0218447081487729	0.335476916665963	0.87369567709384	0.995620950404972	0.97667901913846	0.998451798775976	NA	"abundance"	46	31
"PWY-5675: nitrate reduction V (assimilatory)"	"TimeNW"	"TimeNW"	"TimeNW"	0.0565581110932581	-0.0144260567140095	0.426230085672776	0.870104280638393	0.995620950404972	0.983127102091531	0.998451798775976	NA	"abundance"	46	31
"PWY-5918: superpathway of heme b biosynthesis from glutamate"	"FI"	"FI"	"FI"	0.0181242443840427	-0.0218447081487729	0.245343425365557	0.872048371403283	0.995620950404972	0.983628380739448	0.998451798775976	NA	"abundance"	46	35
"PWY-5941: glycogen degradation II"	"TimeNW"	"TimeNW"	"TimeNW"	0.000474238747693566	-0.0144260567140095	0.0692379275403668	0.868982492952306	0.995620950404972	0.868982492952306	0.994417397258814	NA	"abundance"	46	46
"PWY-5981: CDP-diacylglycerol biosynthesis III"	"TimeNW"	"TimeNW"	"TimeNW"	0.0373546493944343	-0.0144260567140095	0.317997141365184	0.873474560663433	0.995620950404972	0.768498561849754	0.993695588454555	NA	"abundance"	46	39
"PWY-724: superpathway of L-lysine, L-threonine and L-methionine biosynthesis II"	"FI"	"FI"	"FI"	-0.0281135995772918	-0.0218447081487729	0.0312280748316162	0.870638532075808	0.995620950404972	0.870638532075808	0.995765956872222	NA	"abundance"	46	46
"PWY-7323: superpathway of GDP-mannose-derived O-antigen building blocks biosynthesis"	"FI"	"FI"	"FI"	-0.00831623920313528	-0.0218447081487729	0.0783380223618789	0.86823474505113	0.995620950404972	0.86823474505113	0.994107327529712	NA	"abundance"	46	46
"PWY-7340: 9-cis, 11-trans-octadecadienoyl-CoA degradation (isomerase-dependent, yeast)"	"FI"	"FI"	"FI"	0.0713465129050894	-0.0218447081487729	0.553330189377921	0.871078474581341	0.995620950404972	0.908833148180765	0.998451798775976	NA	"abundance"	46	13
"PWY-7664: oleate biosynthesis IV (anaerobic)"	"Age"	"Age"	"Age"	0.144810546390276	0.115099219485005	0.183872957788777	0.873098935791024	0.995620950404972	0.873098935791024	0.996393695196653	NA	"abundance"	46	46
"PWY-8190: L-glutamate degradation XI (reductive Stickland reaction)"	"Age"	"Age"	"Age"	0.041916263406683	0.115099219485005	0.432895391401804	0.872292192838053	0.995620950404972	0.983690715989887	0.998451798775976	NA	"abundance"	46	11
"PWY0-1061: superpathway of L-alanine biosynthesis"	"Sex"	"Female"	"SexFemale"	-0.156558897165547	-0.0946946073416741	0.376190386627081	0.871710640438851	0.995620950404972	0.537794277751826	0.993695588454555	NA	"abundance"	46	41
"PWY0-1533: methylphosphonate degradation I"	"Location"	"Centre"	"LocationCentre"	0.252926199629324	-0.134762365173622	2.22956116406673	0.872992686566375	0.995620950404972	0.816371366088318	0.993695588454555	NA	"abundance"	46	9
"PWY-5677: succinate fermentation to butanoate"	"TimeNW"	"TimeNW"	"TimeNW"	-0.0541666001232385	0	0.337543148736712	0.872508399213742	0.995620950404972	0.983745891728957	0.998451798775976	NA	"prevalence"	46	13
"PWY-5690: TCA cycle II (plants and fungi)"	"Sex"	"Female"	"SexFemale"	0.100929500572248	0	0.634538097527736	0.873621762756858	0.995620950404972	0.307721945088017	0.959114612886705	NA	"prevalence"	46	24
"PWY-5705: allantoin degradation to glyoxylate III"	"Location"	"Centre"	"LocationCentre"	0.113443392453713	0	0.706349657066597	0.872404398637128	0.995620950404972	0.109889981158679	0.812484435162572	NA	"prevalence"	46	13
"PWY-7315: dTDP-N-acetylthomosamine biosynthesis"	"Location"	"Centre"	"LocationCentre"	-0.108249064976119	0	0.673526967677167	0.872314157830918	0.995620950404972	0.600481070302276	0.993695588454555	NA	"prevalence"	46	31
"PWY-7383: anaerobic energy metabolism (invertebrates, cytosol)"	"TimeNW"	"TimeNW"	"TimeNW"	0.100621623558128	0	0.62680861651458	0.872463545797447	0.995620950404972	0.333307777717862	0.961519999886396	NA	"prevalence"	46	45
"PWY66-399: gluconeogenesis III"	"TimeNW"	"TimeNW"	"TimeNW"	0.100621623558128	0	0.62680861651458	0.872463545797447	0.995620950404972	0.230225927704666	0.931415651367086	NA	"prevalence"	46	45
"PWY-5347: superpathway of L-methionine biosynthesis (transsulfuration)"	"FI"	"FI"	"FI"	0.0283353453662482	-0.0218447081487729	0.313386431173903	0.874109194800992	0.995743036489038	0.919369578640137	0.998451798775976	NA	"abundance"	46	34
"FASYN-INITIAL-PWY: superpathway of fatty acid biosynthesis initiation (E. coli)"	"Age"	"Age"	"Age"	1.30706399954462	0.115099219485005	6.11252980074986	0.877377411048008	0.995746274858238	0.890953109747125	0.998451798775976	NA	"abundance"	46	7
"METSYN-PWY: superpathway of L-homoserine and L-methionine biosynthesis"	"FI"	"FI"	"FI"	0.0288057021931636	-0.0218447081487729	0.322220502383305	0.876343649206862	0.995746274858238	0.919369578640137	0.998451798775976	NA	"abundance"	46	34
"PWY-4041: &gamma;-glutamyl cycle"	"Location"	"Centre"	"LocationCentre"	-0.0796587321871701	-0.134762365173622	0.352329794164631	0.877610515562075	0.995746274858238	0.877610515562075	0.996959287214095	NA	"abundance"	46	46
"PWY-5136: fatty acid &beta;-oxidation II (plant peroxisome)"	"FI"	"FI"	"FI"	0.00873022969144153	-0.0218447081487729	0.193054883604664	0.875968417629347	0.995746274858238	0.605950538785644	0.993695588454555	NA	"abundance"	46	41
"PWY-7340: 9-cis, 11-trans-octadecadienoyl-CoA degradation (isomerase-dependent, yeast)"	"Sex"	"Female"	"SexFemale"	0.126702562010998	-0.0946946073416741	1.38773310287454	0.877788639221185	0.995746274858238	0.981622333452243	0.998451798775976	NA	"abundance"	46	13
"PWY-7356: thiamine diphosphate salvage IV (yeast)"	"TimeNW"	"TimeNW"	"TimeNW"	0.0175597281374102	-0.0144260567140095	0.194613419495206	0.875319373857242	0.995746274858238	0.98445474146465	0.998451798775976	NA	"abundance"	46	45
"PWY-7392: taxadiene biosynthesis (engineered)"	"TimeNW"	"TimeNW"	"TimeNW"	0.0162886689387438	-0.0144260567140095	0.186367687985007	0.875370734388851	0.995746274858238	0.951306564583409	0.998451798775976	NA	"abundance"	46	42
"PWY0-166: superpathway of pyrimidine deoxyribonucleotides de novo biosynthesis (E. coli)"	"Location"	"Centre"	"LocationCentre"	-0.240604114702281	-0.134762365173622	0.679474297876309	0.877787016265782	0.995746274858238	0.826082214849699	0.993695588454555	NA	"abundance"	46	29
"PWY-6293: superpathway of L-cysteine biosynthesis (fungi)"	"FI"	"FI"	"FI"	0.0467453917674386	0	0.30281822868714	0.877319720341353	0.995746274858238	0.63538683013007	0.993695588454555	NA	"prevalence"	46	23
"PWY-7031: protein N-glycosylation (bacterial)"	"Age"	"Age"	"Age"	0.0744664230764919	0	0.471322044952737	0.874460911550873	0.995746274858238	0.874460911550873	0.996783998657935	NA	"prevalence"	46	6
"PWY-7316: dTDP-N-acetylviosamine biosynthesis"	"FI"	"FI"	"FI"	-0.0508060074559308	0	0.325911295130805	0.876120463866251	0.995746274858238	0.335135490155072	0.961519999886396	NA	"prevalence"	46	23
"PWY-801: homocysteine and cysteine interconversion"	"FI"	"FI"	"FI"	0.0467453917674386	0	0.30281822868714	0.877319720341353	0.995746274858238	0.614140290301929	0.993695588454555	NA	"prevalence"	46	23
"PWY-7807: glyphosate degradation III"	"Location"	"Centre"	"LocationCentre"	0.219105986880741	-0.134762365173622	2.12583950081391	0.878350899721742	0.996036435483483	0.816371366088318	0.993695588454555	NA	"abundance"	46	9
"PWY-6606: guanosine nucleotides degradation II"	"TimeNW"	"TimeNW"	"TimeNW"	-0.0461783232162311	-0.0144260567140095	0.200348909146761	0.879460758341938	0.99694714496383	0.879460758341938	0.996959287214095	NA	"abundance"	46	46
"AEROBACTINSYN-PWY: aerobactin biosynthesis"	"Age"	"Age"	"Age"	0.160425016788539	0.115099219485005	0.420855850546422	0.921001179645018	0.997082277440688	0.705099915619436	0.993695588454555	NA	"abundance"	46	9
"AEROBACTINSYN-PWY: aerobactin biosynthesis"	"FI"	"FI"	"FI"	-0.000648176590036818	-0.0218447081487729	0.251353355017916	0.93835436477517	0.997082277440688	0.996199815657727	0.999466806678632	NA	"abundance"	46	9
"ANAEROFRUCAT-PWY: homolactic fermentation"	"FI"	"FI"	"FI"	-0.0241237545693968	-0.0218447081487729	0.0506201197772282	0.967230669910014	0.997082277440688	0.967230669910014	0.998451798775976	NA	"abundance"	46	46
"ARG+POLYAMINE-SYN: superpathway of arginine and polyamine biosynthesis"	"Sex"	"Female"	"SexFemale"	-0.141475883467331	-0.0946946073416741	0.338173832451253	0.892244874233322	0.997082277440688	0.599099486154324	0.993695588454555	NA	"abundance"	46	44
"ARO-PWY: chorismate biosynthesis I"	"Location"	"Centre"	"LocationCentre"	-0.1314086422511	-0.134762365173622	0.066031967908882	0.968316172103489	0.997082277440688	0.968316172103489	0.998451798775976	NA	"abundance"	46	46
"ASPASN-PWY: superpathway of L-aspartate and L-asparagine biosynthesis"	"FI"	"FI"	"FI"	-0.0149098677038469	-0.0218447081487729	0.049019575785232	0.897495591765542	0.997082277440688	0.897495591765542	0.998451798775976	NA	"abundance"	46	46
"ASPASN-PWY: superpathway of L-aspartate and L-asparagine biosynthesis"	"Sex"	"Female"	"SexFemale"	-0.0770518584822713	-0.0946946073416741	0.0998862838348381	0.880504279589387	0.997082277440688	0.880504279589387	0.996959287214095	NA	"abundance"	46	46
"BIOTIN-BIOSYNTHESIS-PWY: biotin biosynthesis I"	"Age"	"Age"	"Age"	0.124722616032927	0.115099219485005	0.148942606738041	0.94921379454215	0.997082277440688	0.94921379454215	0.998451798775976	NA	"abundance"	46	46
"BRANCHED-CHAIN-AA-SYN-PWY: superpathway of branched chain amino acid biosynthesis"	"TimeNW"	"TimeNW"	"TimeNW"	-0.00654137059606747	-0.0144260567140095	0.0259496926937115	0.900588522985443	0.997082277440688	0.900588522985443	0.998451798775976	NA	"abundance"	46	46
"CALVIN-PWY: Calvin-Benson-Bassham cycle"	"TimeNW"	"TimeNW"	"TimeNW"	-0.0118821095897947	-0.0144260567140095	0.0389931230170835	0.970788923336681	0.997082277440688	0.970788923336681	0.998451798775976	NA	"abundance"	46	46
"CENTFERM-PWY: pyruvate fermentation to butanoate"	"TimeNW"	"TimeNW"	"TimeNW"	-0.0376687704955162	-0.0144260567140095	0.209861084647939	0.915426785928624	0.997082277440688	0.17508965248891	0.905949068804327	NA	"abundance"	46	41
"CITRULBIO-PWY: L-citrulline biosynthesis"	"Location"	"Centre"	"LocationCentre"	-0.115053448341772	-0.134762365173622	0.206566221269577	0.926507510920389	0.997082277440688	0.926507510920389	0.998451798775976	NA	"abundance"	46	46
"COBALSYN-PWY: superpathway of adenosylcobalamin salvage from cobinamide I"	"Sex"	"Female"	"SexFemale"	-0.0800988939804792	-0.0946946073416741	0.158960974698575	0.931868705102386	0.997082277440688	0.931868705102386	0.998451798775976	NA	"abundance"	46	46
"DTDPRHAMSYN-PWY: dTDP-&beta;-L-rhamnose biosynthesis"	"TimeNW"	"TimeNW"	"TimeNW"	-0.00936790639781324	-0.0144260567140095	0.0421818200536571	0.943485384020002	0.997082277440688	0.943485384020002	0.998451798775976	NA	"abundance"	46	46
"FASYN-ELONG-PWY: fatty acid elongation -- saturated"	"Age"	"Age"	"Age"	0.138601514654619	0.115099219485005	0.178878804574877	0.896613153411453	0.997082277440688	0.896613153411453	0.998451798775976	NA	"abundance"	46	46
"FASYN-ELONG-PWY: fatty acid elongation -- saturated"	"Sex"	"Female"	"SexFemale"	-0.118020789721931	-0.0946946073416741	0.353454867086797	0.948390419435491	0.997082277440688	0.948390419435491	0.998451798775976	NA	"abundance"	46	46
"FASYN-INITIAL-PWY: superpathway of fatty acid biosynthesis initiation (E. coli)"	"Sex"	"Female"	"SexFemale"	0.197562531687507	-0.0946946073416741	5.48755313567724	0.966128003375159	0.997082277440688	0.864841630355166	0.993695588454555	NA	"abundance"	46	7
"FUC-RHAMCAT-PWY: superpathway of fucose and rhamnose degradation"	"FI"	"FI"	"FI"	-0.0400054113706211	-0.0218447081487729	0.120596237020909	0.882724018893432	0.997082277440688	0.986246344255492	0.998451798775976	NA	"abundance"	46	44
"FUC-RHAMCAT-PWY: superpathway of fucose and rhamnose degradation"	"Sex"	"Female"	"SexFemale"	-0.0616077476783674	-0.0946946073416741	0.248550023396212	0.897514701198391	0.997082277440688	0.623904306477927	0.993695588454555	NA	"abundance"	46	44
"FUC-RHAMCAT-PWY: superpathway of fucose and rhamnose degradation"	"TimeNW"	"TimeNW"	"TimeNW"	-0.0261445304694956	-0.0144260567140095	0.126092891595351	0.932753595385232	0.997082277440688	0.995254521853258	0.999466806678632	NA	"abundance"	46	44
"GLUDEG-I-PWY: GABA shunt"	"Location"	"Centre"	"LocationCentre"	-0.192884106811644	-0.134762365173622	0.467910281092312	0.902169452479515	0.997082277440688	0.726002247947409	0.993695588454555	NA	"abundance"	46	40
"GLUTORN-PWY: L-ornithine biosynthesis I"	"TimeNW"	"TimeNW"	"TimeNW"	-0.0103098234734284	-0.0144260567140095	0.046380966789951	0.955534343065075	0.997082277440688	0.955534343065075	0.998451798775976	NA	"abundance"	46	46
"GLYOXYLATE-BYPASS: glyoxylate cycle"	"FI"	"FI"	"FI"	-0.0618752699542129	-0.0218447081487729	0.296273518428317	0.893628168458686	0.997082277440688	0.85744635276147	0.993695588454555	NA	"abundance"	46	35
"GOLPDLCAT-PWY: superpathway of glycerol degradation to 1,3-propanediol"	"FI"	"FI"	"FI"	0.00743295908939932	-0.0218447081487729	0.210673872749731	0.890724132265539	0.997082277440688	0.603041051503703	0.993695588454555	NA	"abundance"	46	45
"GOLPDLCAT-PWY: superpathway of glycerol degradation to 1,3-propanediol"	"Sex"	"Female"	"SexFemale"	-0.0690877821538004	-0.0946946073416741	0.425080124400729	0.952666124684565	0.997082277440688	0.731036631897232	0.993695588454555	NA	"abundance"	46	45
"HEME-BIOSYNTHESIS-II-1: heme b biosynthesis V (aerobic)"	"Location"	"Centre"	"LocationCentre"	-0.0301000900712105	-0.134762365173622	0.844515074179225	0.902536263596958	0.997082277440688	0.990500820086358	0.998451798775976	NA	"abundance"	46	32
"HEME-BIOSYNTHESIS-II: heme b biosynthesis I (aerobic)"	"FI"	"FI"	"FI"	0.00592135993406319	-0.0218447081487729	0.230244056048986	0.905107090173946	0.997082277440688	0.660781311248567	0.993695588454555	NA	"abundance"	46	43
"HEME-BIOSYNTHESIS-II: heme b biosynthesis I (aerobic)"	"Sex"	"Female"	"SexFemale"	-0.139231916652025	-0.0946946073416741	0.476079864344065	0.926443540312267	0.997082277440688	0.875014342852665	0.996783998657935	NA	"abundance"	46	43
"HEME-BIOSYNTHESIS-II: heme b biosynthesis I (aerobic)"	"TimeNW"	"TimeNW"	"TimeNW"	-0.034015899602537	-0.0144260567140095	0.24765733895327	0.938888281124603	0.997082277440688	0.809810370492752	0.993695588454555	NA	"abundance"	46	43
"HISTSYN-PWY: L-histidine biosynthesis"	"TimeNW"	"TimeNW"	"TimeNW"	-0.020451841899487	-0.0144260567140095	0.0507559572186289	0.937398010894666	0.997082277440688	0.937398010894666	0.998451798775976	NA	"abundance"	46	46
"HSERMETANA-PWY: L-methionine biosynthesis III"	"Location"	"Centre"	"LocationCentre"	-0.119471695313311	-0.134762365173622	0.111966171429138	0.901726868372539	0.997082277440688	0.901726868372539	0.998451798775976	NA	"abundance"	46	46
"ILEUSYN-PWY: L-isoleucine biosynthesis I (from threonine)"	"TimeNW"	"TimeNW"	"TimeNW"	-0.00840941522035328	-0.0144260567140095	0.0270330799649228	0.9246242584447	0.997082277440688	0.9246242584447	0.998451798775976	NA	"abundance"	46	46
"LACTOSECAT-PWY: lactose and galactose degradation I"	"Location"	"Centre"	"LocationCentre"	-0.195592263794783	-0.134762365173622	0.479209543487539	0.900025086736525	0.997082277440688	0.985830710494044	0.998451798775976	NA	"abundance"	46	44
"LIPA-CORESYN-PWY: lipid A-core biosynthesis (E. coli K-12)"	"FI"	"FI"	"FI"	0.0197976899535913	-0.0218447081487729	0.379829273852048	0.919759267408295	0.997082277440688	0.814529759807979	0.993695588454555	NA	"abundance"	46	9
"MET-SAM-PWY: superpathway of S-adenosyl-L-methionine biosynthesis"	"Age"	"Age"	"Age"	0.148680864336278	0.115099219485005	0.33653222000699	0.921219348688886	0.997082277440688	0.0958556720384507	0.782480255952523	NA	"abundance"	46	34
"MET-SAM-PWY: superpathway of S-adenosyl-L-methionine biosynthesis"	"FI"	"FI"	"FI"	0.0191222538475273	-0.0218447081487729	0.313842160066816	0.897338499885839	0.997082277440688	0.919369578640137	0.998451798775976	NA	"abundance"	46	34
"MET-SAM-PWY: superpathway of S-adenosyl-L-methionine biosynthesis"	"Sex"	"Female"	"SexFemale"	-0.162294851112467	-0.0946946073416741	0.700609177081255	0.924018197999569	0.997082277440688	0.661915193589128	0.993695588454555	NA	"abundance"	46	34
"METH-ACETATE-PWY: methanogenesis from acetate"	"FI"	"FI"	"FI"	-0.0288080893899436	-0.0218447081487729	0.198196204934608	0.972274220949506	0.997082277440688	0.916313278414424	0.998451798775976	NA	"abundance"	46	45
"METHANOGENESIS-PWY: methanogenesis from H2 and CO2"	"Age"	"Age"	"Age"	0.124771504671697	0.115099219485005	0.250897177488145	0.971103180834845	0.997082277440688	0.982496637697908	0.998451798775976	NA	"abundance"	46	10
"METHGLYUT-PWY: superpathway of methylglyoxal degradation"	"Sex"	"Female"	"SexFemale"	-0.153109811036191	-0.0946946073416741	0.537205848242038	0.914623049163407	0.997082277440688	0.268138279911489	0.954417715573453	NA	"abundance"	46	36
"METSYN-PWY: superpathway of L-homoserine and L-methionine biosynthesis"	"Age"	"Age"	"Age"	0.158962911794765	0.115099219485005	0.345516297032035	0.899872053872624	0.997082277440688	0.0958556720384507	0.782480255952523	NA	"abundance"	46	34
"METSYN-PWY: superpathway of L-homoserine and L-methionine biosynthesis"	"Sex"	"Female"	"SexFemale"	-0.18685269215863	-0.0946946073416741	0.719312666486282	0.899211239616891	0.997082277440688	0.661915193589128	0.993695588454555	NA	"abundance"	46	34
"NAD-BIOSYNTHESIS-II: NAD salvage pathway III (to nicotinamide riboside)"	"FI"	"FI"	"FI"	-0.00591647700463421	-0.0218447081487729	0.291859825151492	0.956988936222109	0.997082277440688	0.717501206781488	0.993695588454555	NA	"abundance"	46	34
"P105-PWY: TCA cycle IV (2-oxoglutarate decarboxylase)"	"Sex"	"Female"	"SexFemale"	-0.0614337093796654	-0.0946946073416741	0.613624369281266	0.957270544185801	0.997082277440688	0.998067329676166	0.999573552303566	NA	"abundance"	46	36
"P108-PWY: pyruvate fermentation to propanoate I"	"Age"	"Age"	"Age"	0.138194537506894	0.115099219485005	0.243912237259245	0.925709252637623	0.997082277440688	0.159196615286565	0.897061821880354	NA	"abundance"	46	25
"P108-PWY: pyruvate fermentation to propanoate I"	"Sex"	"Female"	"SexFemale"	-0.148423199736455	-0.0946946073416741	0.577529257445332	0.927111564927313	0.997082277440688	0.633664606946935	0.993695588454555	NA	"abundance"	46	25
"P122-PWY: heterolactic fermentation"	"Location"	"Centre"	"LocationCentre"	-0.0626199192295137	-0.134762365173622	1.34595088509469	0.95825582116936	0.997082277440688	0.696299786356144	0.993695588454555	NA	"abundance"	46	17
"P124-PWY: Bifidobacterium shunt"	"FI"	"FI"	"FI"	-0.125067802231178	-0.0218447081487729	0.940968680170621	0.91430825407567	0.997082277440688	0.223887413157137	0.931415651367086	NA	"abundance"	46	19
"P124-PWY: Bifidobacterium shunt"	"Sex"	"Female"	"SexFemale"	0.0291309278080752	-0.0946946073416741	1.39999529675477	0.930952765142718	0.997082277440688	0.0453182914399	0.677654893257433	NA	"abundance"	46	19
"P23-PWY: reductive TCA cycle I"	"TimeNW"	"TimeNW"	"TimeNW"	0.0550606452756635	-0.0144260567140095	0.506892953812776	0.89379672360654	0.997082277440688	0.977344774366161	0.998451798775976	NA	"abundance"	46	18
"P4-PWY: superpathway of L-lysine, L-threonine and L-methionine biosynthesis I"	"Age"	"Age"	"Age"	0.151198624771717	0.115099219485005	0.277130654464468	0.897521963908422	0.997082277440688	0.189999411238189	0.905949068804327	NA	"abundance"	46	31
"P4-PWY: superpathway of L-lysine, L-threonine and L-methionine biosynthesis I"	"Sex"	"Female"	"SexFemale"	-0.00604829298888419	-0.0946946073416741	0.614459201642639	0.887023990023374	0.997082277440688	0.375259543379779	0.97794296831023	NA	"abundance"	46	31
"P621-PWY: nylon-6 oligomer degradation"	"TimeNW"	"TimeNW"	"TimeNW"	-0.0846168773825507	-0.0144260567140095	0.622492584626434	0.914910667329186	0.997082277440688	0.459662454887177	0.993695588454555	NA	"abundance"	46	11
"PANTO-PWY: phosphopantothenate biosynthesis I"	"Sex"	"Female"	"SexFemale"	-0.0881049319561238	-0.0946946073416741	0.0856047723613157	0.950018111965937	0.997082277440688	0.950018111965937	0.998451798775976	NA	"abundance"	46	46
"PANTOSYN-PWY: superpathway of coenzyme A biosynthesis I (bacteria)"	"FI"	"FI"	"FI"	-0.016634597929297	-0.0218447081487729	0.0420958489305521	0.913061124796148	0.997082277440688	0.913061124796148	0.998451798775976	NA	"abundance"	46	46
"POLYISOPRENSYN-PWY: polyisoprenoid biosynthesis (E. coli)"	"Sex"	"Female"	"SexFemale"	-0.0606048764661386	-0.0946946073416741	0.292522255327961	0.909512163131134	0.997082277440688	0.775582467219487	0.993695588454555	NA	"abundance"	46	44
"PPGPPMET-PWY: ppGpp metabolism"	"FI"	"FI"	"FI"	0.0160715043487455	-0.0218447081487729	0.281228029053196	0.893886275783393	0.997082277440688	0.766352718474662	0.993695588454555	NA	"abundance"	46	39
"PWY-2942: L-lysine biosynthesis III"	"TimeNW"	"TimeNW"	"TimeNW"	-0.0206250299121537	-0.0144260567140095	0.0601754555997859	0.940682621573075	0.997082277440688	0.940682621573075	0.998451798775976	NA	"abundance"	46	46
"PWY-5030: L-histidine degradation III"	"Sex"	"Female"	"SexFemale"	-0.0608080653232668	-0.0946946073416741	0.317664798251684	0.916872651540473	0.997082277440688	0.916872651540473	0.998451798775976	NA	"abundance"	46	46
"PWY-5097: L-lysine biosynthesis VI"	"FI"	"FI"	"FI"	-0.0204651976845837	-0.0218447081487729	0.0348068577569164	0.973443068058254	0.997082277440688	0.973443068058254	0.998451798775976	NA	"abundance"	46	46
"PWY-5103: L-isoleucine biosynthesis III"	"Location"	"Centre"	"LocationCentre"	-0.145120973016716	-0.134762365173622	0.065062176178309	0.901348199922833	0.997082277440688	0.901348199922833	0.998451798775976	NA	"abundance"	46	46
"PWY-5136: fatty acid &beta;-oxidation II (plant peroxisome)"	"TimeNW"	"TimeNW"	"TimeNW"	-0.0368937680182808	-0.0144260567140095	0.194590545393413	0.91229213786652	0.997082277440688	0.911523869760968	0.998451798775976	NA	"abundance"	46	41
"PWY-5188: tetrapyrrole biosynthesis I (from glutamate)"	"Sex"	"Female"	"SexFemale"	-0.112599748758404	-0.0946946073416741	0.150994302533219	0.912570630988157	0.997082277440688	0.912570630988157	0.998451798775976	NA	"abundance"	46	46
"PWY-5347: superpathway of L-methionine biosynthesis (transsulfuration)"	"Age"	"Age"	"Age"	0.146762946280123	0.115099219485005	0.336043542972583	0.925647456475925	0.997082277440688	0.0958556720384507	0.782480255952523	NA	"abundance"	46	34
"PWY-5347: superpathway of L-methionine biosynthesis (transsulfuration)"	"Sex"	"Female"	"SexFemale"	-0.184094295957877	-0.0946946073416741	0.699591825414519	0.899476457241602	0.997082277440688	0.661915193589128	0.993695588454555	NA	"abundance"	46	34
"PWY-5367: petroselinate biosynthesis"	"FI"	"FI"	"FI"	-0.00156535299372732	-0.0218447081487729	0.260466098781492	0.938776417294122	0.997082277440688	0.775396819494167	0.993695588454555	NA	"abundance"	46	31
"PWY-5497: purine nucleobases degradation II (anaerobic)"	"TimeNW"	"TimeNW"	"TimeNW"	-0.00952024524313357	-0.0144260567140095	0.115712843023211	0.969842398187944	0.997082277440688	0.970057205322425	0.998451798775976	NA	"abundance"	46	45
"PWY-5505: L-glutamate and L-glutamine biosynthesis"	"TimeNW"	"TimeNW"	"TimeNW"	0.0112651068249464	-0.0144260567140095	0.181681599487778	0.893466384305877	0.997082277440688	0.477971909896167	0.993695588454555	NA	"abundance"	46	44
"PWY-5656: mannosylglycerate biosynthesis I"	"FI"	"FI"	"FI"	-0.0103419050609164	-0.0218447081487729	0.356445290497839	0.974676999227402	0.997082277440688	0.803783589236025	0.993695588454555	NA	"abundance"	46	23
"PWY-5659: GDP-mannose biosynthesis"	"FI"	"FI"	"FI"	-0.0133424653652325	-0.0218447081487729	0.0754537649191028	0.914058983269626	0.997082277440688	0.914058983269626	0.998451798775976	NA	"abundance"	46	46
"PWY-5677: succinate fermentation to butanoate"	"TimeNW"	"TimeNW"	"TimeNW"	-0.0491777001678662	-0.0144260567140095	0.415664078465087	0.93625933905632	0.997082277440688	0.983745891728957	0.998451798775976	NA	"abundance"	46	13
"PWY-5838: superpathway of menaquinol-8 biosynthesis I"	"FI"	"FI"	"FI"	-0.0428671825828497	-0.0218447081487729	0.153912906731158	0.89301356761228	0.997082277440688	0.988553903284948	0.998451798775976	NA	"abundance"	46	40
"PWY-5845: superpathway of menaquinol-9 biosynthesis"	"Sex"	"Female"	"SexFemale"	-0.142950200764554	-0.0946946073416741	0.327357834716714	0.885454735869333	0.997082277440688	0.986879382465236	0.998451798775976	NA	"abundance"	46	36
"PWY-5845: superpathway of menaquinol-9 biosynthesis"	"TimeNW"	"TimeNW"	"TimeNW"	-0.0349421423111265	-0.0144260567140095	0.162154114705304	0.905696387736439	0.997082277440688	0.710269401301948	0.993695588454555	NA	"abundance"	46	36
"PWY-5855: ubiquinol-7 biosynthesis (early decarboxylation)"	"Age"	"Age"	"Age"	0.164164262377784	0.115099219485005	0.408075827872921	0.905525599269193	0.997082277440688	0.524366980995985	0.993695588454555	NA	"abundance"	46	26
"PWY-5855: ubiquinol-7 biosynthesis (early decarboxylation)"	"Sex"	"Female"	"SexFemale"	-0.0246469741462449	-0.0946946073416741	1.0192503587808	0.945992774297129	0.997082277440688	0.604136825600489	0.993695588454555	NA	"abundance"	46	26
"PWY-5862: superpathway of demethylmenaquinol-9 biosynthesis"	"Sex"	"Female"	"SexFemale"	-0.146374213258526	-0.0946946073416741	0.354032523268323	0.886254712903626	0.997082277440688	0.987062009663364	0.998451798775976	NA	"abundance"	46	36
"PWY-5862: superpathway of demethylmenaquinol-9 biosynthesis"	"TimeNW"	"TimeNW"	"TimeNW"	-0.035495130924031	-0.0144260567140095	0.175367210737873	0.909671968522428	0.997082277440688	0.710269401301948	0.993695588454555	NA	"abundance"	46	36
"PWY-5971: palmitate biosynthesis (type II fatty acid synthase)"	"Age"	"Age"	"Age"	0.108359584365766	0.115099219485005	0.155987282204209	0.966079863822978	0.997082277440688	0.897496317426434	0.998451798775976	NA	"abundance"	46	31
"PWY-5973: cis-vaccenate biosynthesis"	"TimeNW"	"TimeNW"	"TimeNW"	-0.026822922683106	-0.0144260567140095	0.0615101684228609	0.882905967153133	0.997082277440688	0.882905967153133	0.99775552385598	NA	"abundance"	46	46
"PWY-5989: stearate biosynthesis II (bacteria and plants)"	"Age"	"Age"	"Age"	0.134671451682824	0.115099219485005	0.185508146211295	0.916859976584434	0.997082277440688	0.916859976584434	0.998451798775976	NA	"abundance"	46	46
"PWY-5989: stearate biosynthesis II (bacteria and plants)"	"Sex"	"Female"	"SexFemale"	-0.108183094357914	-0.0946946073416741	0.366554088498421	0.971164198385326	0.997082277440688	0.971164198385326	0.998451798775976	NA	"abundance"	46	46
"PWY-6123: inosine-5'-phosphate biosynthesis I"	"Sex"	"Female"	"SexFemale"	-0.0907573263534671	-0.0946946073416741	0.0910687748829732	0.971354142095015	0.997082277440688	0.971354142095015	0.998451798775976	NA	"abundance"	46	46
"PWY-6123: inosine-5'-phosphate biosynthesis I"	"TimeNW"	"TimeNW"	"TimeNW"	-0.0172481015349431	-0.0144260567140095	0.046561352991536	0.969558699564374	0.997082277440688	0.969558699564374	0.998451798775976	NA	"abundance"	46	46
"PWY-6124: inosine-5'-phosphate biosynthesis II"	"Sex"	"Female"	"SexFemale"	-0.0994808931386706	-0.0946946073416741	0.094598351916443	0.966089063155525	0.997082277440688	0.966089063155525	0.998451798775976	NA	"abundance"	46	46
"PWY-6124: inosine-5'-phosphate biosynthesis II"	"TimeNW"	"TimeNW"	"TimeNW"	-0.020521926916398	-0.0144260567140095	0.0483659438886618	0.935366793034296	0.997082277440688	0.935366793034296	0.998451798775976	NA	"abundance"	46	46
"PWY-6147: 6-hydroxymethyl-dihydropterin diphosphate biosynthesis I"	"TimeNW"	"TimeNW"	"TimeNW"	-0.00326086287597682	-0.0144260567140095	0.0817057514587321	0.911377535866875	0.997082277440688	0.911377535866875	0.998451798775976	NA	"abundance"	46	46
"PWY-6160: 3-dehydroquinate biosynthesis II (archaea)"	"FI"	"FI"	"FI"	-0.0461973929716007	-0.0218447081487729	0.422767708392636	0.955504793572196	0.997082277440688	0.96529219343258	0.998451798775976	NA	"abundance"	46	14
"PWY-6160: 3-dehydroquinate biosynthesis II (archaea)"	"Sex"	"Female"	"SexFemale"	-0.0528336146285073	-0.0946946073416741	1.11276798232774	0.970957868786457	0.997082277440688	0.721492757448588	0.993695588454555	NA	"abundance"	46	14
"PWY-6165: chorismate biosynthesis II (archaea)"	"FI"	"FI"	"FI"	-0.0571767952876733	-0.0218447081487729	0.399772149313458	0.931791436219684	0.997082277440688	0.96529219343258	0.998451798775976	NA	"abundance"	46	14
"PWY-6165: chorismate biosynthesis II (archaea)"	"Sex"	"Female"	"SexFemale"	-0.0460345936018969	-0.0946946073416741	1.05224131160276	0.964305234098045	0.997082277440688	0.721492757448588	0.993695588454555	NA	"abundance"	46	14
"PWY-622: starch biosynthesis"	"FI"	"FI"	"FI"	0.0179723883980048	-0.0218447081487729	0.510059800386131	0.940867442379445	0.997082277440688	0.990789818545561	0.998451798775976	NA	"abundance"	46	11
"PWY-6284: superpathway of unsaturated fatty acids biosynthesis (E. coli)"	"Age"	"Age"	"Age"	0.0870618581021048	0.115099219485005	0.227371805202275	0.902949731452481	0.997082277440688	0.897496317426434	0.998451798775976	NA	"abundance"	46	31
"PWY-6305: superpathway of putrescine biosynthesis"	"FI"	"FI"	"FI"	-0.0162305346397277	-0.0218447081487729	0.1257650389308	0.965101881901951	0.997082277440688	0.965101881901951	0.998451798775976	NA	"abundance"	46	46
"PWY-6317: D-galactose degradation I (Leloir pathway)"	"Age"	"Age"	"Age"	0.121989549143377	0.115099219485005	0.073355090234427	0.92851424812633	0.997082277440688	0.92851424812633	0.998451798775976	NA	"abundance"	46	46
"PWY-6353: purine nucleotides degradation II (aerobic)"	"FI"	"FI"	"FI"	-0.0283652915189128	-0.0218447081487729	0.16671739764792	0.969231059360423	0.997082277440688	0.842841507901443	0.993695588454555	NA	"abundance"	46	45
"PWY-6470: peptidoglycan biosynthesis V (&beta;-lactam resistance)"	"Sex"	"Female"	"SexFemale"	-0.0452134827760569	-0.0946946073416741	0.396028652652741	0.902172209082883	0.997082277440688	0.643118056101007	0.993695588454555	NA	"abundance"	46	41
"PWY-6507: 4-deoxy-L-threo-hex-4-enopyranuronate degradation"	"TimeNW"	"TimeNW"	"TimeNW"	-0.00949043670033415	-0.0144260567140095	0.119682718992211	0.970436117277914	0.997082277440688	0.970436117277914	0.998451798775976	NA	"abundance"	46	46
"PWY-6549: L-glutamine biosynthesis III"	"Age"	"Age"	"Age"	0.098785491540309	0.115099219485005	0.163011245882217	0.921378024192151	0.997082277440688	0.99381858492007	0.999466806678632	NA	"abundance"	46	43
"PWY-6590: superpathway of Clostridium acetobutylicum acidogenic fermentation"	"TimeNW"	"TimeNW"	"TimeNW"	-0.0396495604230132	-0.0144260567140095	0.204839946011075	0.906173121531271	0.997082277440688	0.17508965248891	0.905949068804327	NA	"abundance"	46	41
"PWY-6606: guanosine nucleotides degradation II"	"FI"	"FI"	"FI"	-0.0492005503749956	-0.0218447081487729	0.192306771679679	0.888195903551559	0.997082277440688	0.888195903551559	0.998451798775976	NA	"abundance"	46	46
"PWY-6607: guanosine nucleotides degradation I"	"TimeNW"	"TimeNW"	"TimeNW"	-0.028621228880798	-0.0144260567140095	0.256323495295292	0.957176272041507	0.997082277440688	0.060246545676254	0.686415561393386	NA	"abundance"	46	34
"PWY-6609: adenine and adenosine salvage III"	"TimeNW"	"TimeNW"	"TimeNW"	-0.00662980838680231	-0.0144260567140095	0.0394666750890031	0.911119847356499	0.997082277440688	0.911119847356499	0.998451798775976	NA	"abundance"	46	46
"PWY-6629: superpathway of L-tryptophan biosynthesis"	"FI"	"FI"	"FI"	-0.0196263642748055	-0.0218447081487729	0.0339876429063893	0.956664195608973	0.997082277440688	0.956664195608973	0.998451798775976	NA	"abundance"	46	46
"PWY-6630: superpathway of L-tyrosine biosynthesis"	"Age"	"Age"	"Age"	0.121547212871836	0.115099219485005	0.13227888206901	0.961752309994002	0.997082277440688	0.961752309994002	0.998451798775976	NA	"abundance"	46	46
"PWY-6708: ubiquinol-8 biosynthesis (early decarboxylation)"	"Age"	"Age"	"Age"	0.25764132191572	0.115099219485005	1.11193650927925	0.90607033119497	0.997082277440688	0.229845018604272	0.931415651367086	NA	"abundance"	46	9
"PWY-6731: starch degradation III"	"Age"	"Age"	"Age"	0.12151128269163	0.115099219485005	0.097456653747363	0.948908765990492	0.997082277440688	0.948908765990492	0.998451798775976	NA	"abundance"	46	46
"PWY-6749: CMP-legionaminate biosynthesis I"	"Sex"	"Female"	"SexFemale"	-0.152018735621044	-0.0946946073416741	0.50681554863809	0.911715978349721	0.997082277440688	0.466141906160153	0.993695588454555	NA	"abundance"	46	23
"PWY-6803: phosphatidylcholine acyl editing"	"FI"	"FI"	"FI"	-0.0124943538660545	-0.0218447081487729	0.273750649432185	0.973174141780069	0.997082277440688	0.880285336356439	0.996959287214095	NA	"abundance"	46	27
"PWY-6876: isopropanol biosynthesis (engineered)"	"Location"	"Centre"	"LocationCentre"	-0.0127547828151088	-0.134762365173622	0.945923224765288	0.900355938094433	0.997082277440688	0.0987013464342991	0.782480255952523	NA	"abundance"	46	15
"PWY-6876: isopropanol biosynthesis (engineered)"	"TimeNW"	"TimeNW"	"TimeNW"	-0.00127338836498596	-0.0144260567140095	0.317179458068811	0.968341076346203	0.997082277440688	0.142275014913999	0.872384882691619	NA	"abundance"	46	15
"PWY-6895: superpathway of thiamine diphosphate biosynthesis II"	"Sex"	"Female"	"SexFemale"	-0.130079624464619	-0.0946946073416741	0.44254313987959	0.93719174096403	0.997082277440688	0.28389546790918	0.954417715573453	NA	"abundance"	46	40
"PWY-6901: superpathway of glucose and xylose degradation"	"FI"	"FI"	"FI"	-0.0179762341700151	-0.0218447081487729	0.0465633877428828	0.940288347789922	0.997082277440688	0.940288347789922	0.998451798775976	NA	"abundance"	46	46
"PWY-6906: chitin derivatives degradation"	"Age"	"Age"	"Age"	0.141626581398051	0.115099219485005	0.216570229595166	0.903549951340883	0.997082277440688	0.659226257357191	0.993695588454555	NA	"abundance"	46	37
"PWY-6922: L-N&delta;-acetylornithine biosynthesis"	"TimeNW"	"TimeNW"	"TimeNW"	-0.0367200831333773	-0.0144260567140095	0.333387020645296	0.948071854749329	0.997082277440688	0.0697399208513122	0.72703867487493	NA	"abundance"	46	25
"PWY-6936: seleno-amino acid biosynthesis (plants)"	"FI"	"FI"	"FI"	-0.0323995231658251	-0.0218447081487729	0.121780240341708	0.932251872274702	0.997082277440688	0.932251872274702	0.998451798775976	NA	"abundance"	46	46
"PWY-6936: seleno-amino acid biosynthesis (plants)"	"Sex"	"Female"	"SexFemale"	-0.118810949078617	-0.0946946073416741	0.248149345590855	0.925087680206604	0.997082277440688	0.925087680206604	0.998451798775976	NA	"abundance"	46	46
"PWY-6961: L-ascorbate degradation II (bacterial, aerobic)"	"Sex"	"Female"	"SexFemale"	-0.201578844110483	-0.0946946073416741	0.844623457060819	0.900505160756342	0.997082277440688	0.802550587992298	0.993695588454555	NA	"abundance"	46	30
"PWY-7115: C4 photosynthetic carbon assimilation cycle, NAD-ME type"	"TimeNW"	"TimeNW"	"TimeNW"	0.00648476219337245	-0.0144260567140095	0.180008241871125	0.912490185791149	0.997082277440688	0.570258751337119	0.993695588454555	NA	"abundance"	46	40
"PWY-7118: chitin deacetylation"	"Location"	"Centre"	"LocationCentre"	-0.229106544017693	-0.134762365173622	0.710554879557736	0.895496770342525	0.997082277440688	0.850596428092285	0.993695588454555	NA	"abundance"	46	32
"PWY-7185: UTP and CTP dephosphorylation I"	"Location"	"Centre"	"LocationCentre"	-0.186311198763933	-0.134762365173622	0.788511876249553	0.948521073166355	0.997082277440688	0.996078990161123	0.999466806678632	NA	"abundance"	46	27
"PWY-7211: superpathway of pyrimidine deoxyribonucleotides de novo biosynthesis"	"TimeNW"	"TimeNW"	"TimeNW"	-0.0010305800246284	-0.0144260567140095	0.247883021945633	0.958338802802646	0.997082277440688	0.60507478899882	0.993695588454555	NA	"abundance"	46	36
"PWY-7254: TCA cycle VII (acetate-producers)"	"Age"	"Age"	"Age"	0.054384245601438	0.115099219485005	0.424062792792527	0.888114984876239	0.997082277440688	0.694009890463946	0.993695588454555	NA	"abundance"	46	20
"PWY-7282: 4-amino-2-methyl-5-diphosphomethylpyrimidine biosynthesis II"	"Location"	"Centre"	"LocationCentre"	-0.145499879613731	-0.134762365173622	0.141187556752565	0.943304015194702	0.997082277440688	0.943304015194702	0.998451798775976	NA	"abundance"	46	46
"PWY-7286: 7-(3-amino-3-carboxypropyl)-wyosine biosynthesis"	"Location"	"Centre"	"LocationCentre"	0.216066969882628	-0.134762365173622	2.42608361302412	0.890646584929614	0.997082277440688	0.0439057890930775	0.677654893257433	NA	"abundance"	46	11
"PWY-7328: superpathway of UDP-glucose-derived O-antigen building blocks biosynthesis"	"Age"	"Age"	"Age"	0.104196294038658	0.115099219485005	0.0914529276446245	0.908150781654719	0.997082277440688	0.908150781654719	0.998451798775976	NA	"abundance"	46	46
"PWY-7328: superpathway of UDP-glucose-derived O-antigen building blocks biosynthesis"	"Location"	"Centre"	"LocationCentre"	-0.115831948657228	-0.134762365173622	0.188267773037764	0.922845320883385	0.997082277440688	0.922845320883385	0.998451798775976	NA	"abundance"	46	46
"PWY-7328: superpathway of UDP-glucose-derived O-antigen building blocks biosynthesis"	"TimeNW"	"TimeNW"	"TimeNW"	-0.00478731659178334	-0.0144260567140095	0.0923908138647	0.929825891542484	0.997082277440688	0.929825891542484	0.998451798775976	NA	"abundance"	46	46
"PWY-7340: 9-cis, 11-trans-octadecadienoyl-CoA degradation (isomerase-dependent, yeast)"	"Age"	"Age"	"Age"	0.0480870809221805	0.115099219485005	0.68158423714303	0.924395453207352	0.997082277440688	0.874736012136924	0.996783998657935	NA	"abundance"	46	13
"PWY-7340: 9-cis, 11-trans-octadecadienoyl-CoA degradation (isomerase-dependent, yeast)"	"Location"	"Centre"	"LocationCentre"	-0.194657812340829	-0.134762365173622	1.33802706140787	0.965539277641213	0.997082277440688	0.389968694670841	0.982321173200419	NA	"abundance"	46	13
"PWY-7357: thiamine phosphate formation from pyrithiamine and oxythiamine (yeast)"	"FI"	"FI"	"FI"	-0.0258383613626205	-0.0218447081487729	0.0572819954402093	0.948283189019036	0.997082277440688	0.948283189019036	0.998451798775976	NA	"abundance"	46	46
"PWY-7371: 1,4-dihydroxy-6-naphthoate biosynthesis II"	"Sex"	"Female"	"SexFemale"	-0.132557484247804	-0.0946946073416741	0.426186392174159	0.930725058111337	0.997082277440688	0.690487186493822	0.993695588454555	NA	"abundance"	46	25
"PWY-7409: phospholipid remodeling (phosphatidylethanolamine, yeast)"	"Location"	"Centre"	"LocationCentre"	-0.19107538999675	-0.134762365173622	0.959384167561383	0.954645954859534	0.997082277440688	0.962355936819252	0.998451798775976	NA	"abundance"	46	14
"PWY-7560: methylerythritol phosphate pathway II"	"TimeNW"	"TimeNW"	"TimeNW"	-0.00803873191643369	-0.0144260567140095	0.0531713614778013	0.935021207189003	0.997082277440688	0.935021207189003	0.998451798775976	NA	"abundance"	46	46
"PWY-7664: oleate biosynthesis IV (anaerobic)"	"Sex"	"Female"	"SexFemale"	-0.106763865843181	-0.0946946073416741	0.363323044396152	0.973949922727245	0.997082277440688	0.973949922727245	0.998451798775976	NA	"abundance"	46	46
"PWY-7858: (5Z)-dodecenoate biosynthesis II"	"Location"	"Centre"	"LocationCentre"	-0.259254957506278	-0.134762365173622	0.876652036756846	0.888627941803079	0.997082277440688	0.779101270949099	0.993695588454555	NA	"abundance"	46	25
"PWY-7883: anhydromuropeptides recycling II"	"Location"	"Centre"	"LocationCentre"	-0.168350450011669	-0.134762365173622	0.692350451162386	0.961844528884736	0.997082277440688	0.80316329087618	0.993695588454555	NA	"abundance"	46	26
"PWY-7883: anhydromuropeptides recycling II"	"TimeNW"	"TimeNW"	"TimeNW"	-0.0526717526061684	-0.0144260567140095	0.281163471874119	0.895183800463045	0.997082277440688	0.0947557215656643	0.782480255952523	NA	"abundance"	46	26
"PWY-7977: L-methionine biosynthesis IV"	"Sex"	"Female"	"SexFemale"	-0.0821918746857541	-0.0946946073416741	0.0773616691901782	0.899066704238639	0.997082277440688	0.899066704238639	0.998451798775976	NA	"abundance"	46	46
"PWY-7992: superpathway of menaquinol-8 biosynthesis III"	"Location"	"Centre"	"LocationCentre"	-0.10906088419297	-0.134762365173622	0.30210698444402	0.933905216563813	0.997082277440688	0.826444711579614	0.993695588454555	NA	"abundance"	46	24
"PWY-8112: factor 420 biosynthesis I (archaea)"	"TimeNW"	"TimeNW"	"TimeNW"	0.0959928803016683	-0.0144260567140095	0.919603426618257	0.909233354262347	0.997082277440688	0.758050264782045	0.993695588454555	NA	"abundance"	46	11
"PWY-8131: 5'-deoxyadenosine degradation II"	"TimeNW"	"TimeNW"	"TimeNW"	0.0125072190970682	-0.0144260567140095	0.204818426522818	0.899878570391293	0.997082277440688	0.815923845531468	0.993695588454555	NA	"abundance"	46	44
"PWY-8178: pentose phosphate pathway (non-oxidative branch) II"	"FI"	"FI"	"FI"	-0.0274530463547621	-0.0218447081487729	0.0593615320266782	0.92955252853863	0.997082277440688	0.92955252853863	0.998451798775976	NA	"abundance"	46	46
"PWY0-1261: anhydromuropeptides recycling I"	"Location"	"Centre"	"LocationCentre"	-0.0969320472215423	-0.134762365173622	0.371277080199032	0.919951630852255	0.997082277440688	0.919951630852255	0.998451798775976	NA	"abundance"	46	46
"PWY0-1298: superpathway of pyrimidine deoxyribonucleosides degradation"	"TimeNW"	"TimeNW"	"TimeNW"	0.0155426239994001	-0.0144260567140095	0.234945539329882	0.901882862158433	0.997082277440688	0.785037572000489	0.993695588454555	NA	"abundance"	46	45
"PWY0-1415: superpathway of heme b biosynthesis from uroporphyrinogen-III"	"FI"	"FI"	"FI"	-0.0711841171920467	-0.0218447081487729	0.381946163330341	0.898406720855425	0.997082277440688	0.379988375670751	0.980279247207519	NA	"abundance"	46	29
"PWY0-1586: peptidoglycan maturation (meso-diaminopimelate containing)"	"TimeNW"	"TimeNW"	"TimeNW"	-0.0273060334098871	-0.0144260567140095	0.0798066434610549	0.895901971233274	0.997082277440688	0.895901971233274	0.998451798775976	NA	"abundance"	46	46
"PWY0-301: L-ascorbate degradation I (bacterial, anaerobic)"	"Sex"	"Female"	"SexFemale"	-0.0277604193797296	-0.0946946073416741	0.771824125868471	0.931697735118301	0.997082277440688	0.664078307708305	0.993695588454555	NA	"abundance"	46	34
"PWY0-781: aspartate superpathway"	"Age"	"Age"	"Age"	0.146481773874117	0.115099219485005	0.27376011051196	0.909727313474506	0.997082277440688	0.189999411238189	0.905949068804327	NA	"abundance"	46	31
"PWY0-845: superpathway of pyridoxal 5'-phosphate biosynthesis and salvage"	"Sex"	"Female"	"SexFemale"	-0.107526777177641	-0.0946946073416741	0.168766966300575	0.943211104073697	0.997082277440688	0.943211104073697	0.998451798775976	NA	"abundance"	46	46
"PWY3O-4107: NAD salvage pathway V (PNC V cycle)"	"Age"	"Age"	"Age"	0.13515204967315	0.115099219485005	0.233060538494599	0.932085312919836	0.997082277440688	0.866921954627739	0.993695588454555	NA	"abundance"	46	41
"PWY3O-4107: NAD salvage pathway V (PNC V cycle)"	"FI"	"FI"	"FI"	0.0136528218503643	-0.0218447081487729	0.247474397398242	0.887186403766928	0.997082277440688	0.969589423138123	0.998451798775976	NA	"abundance"	46	41
"PWY3O-4107: NAD salvage pathway V (PNC V cycle)"	"Location"	"Centre"	"LocationCentre"	-0.0770716385637427	-0.134762365173622	0.531044665163668	0.914343796460555	0.997082277440688	0.621874682214855	0.993695588454555	NA	"abundance"	46	41
"PWY66-367: ketogenesis"	"Location"	"Centre"	"LocationCentre"	-0.207616126937597	-0.134762365173622	0.98762654947075	0.944746943520879	0.997082277440688	0.442344874649782	0.993695588454555	NA	"abundance"	46	10
"PWY66-391: fatty acid &beta;-oxidation VI (mammalian peroxisome)"	"FI"	"FI"	"FI"	-0.0319968763943031	-0.0218447081487729	0.201856160010192	0.960521268903159	0.997082277440688	0.987771960108373	0.998451798775976	NA	"abundance"	46	29
"PWY66-409: superpathway of purine nucleotide salvage"	"FI"	"FI"	"FI"	-0.00999157180352572	-0.0218447081487729	0.164990924901611	0.943641927910117	0.997082277440688	0.469271696749007	0.993695588454555	NA	"abundance"	46	43
"PYRIDNUCSAL-PWY: NAD salvage pathway I (PNC VI cycle)"	"FI"	"FI"	"FI"	0.00955620715334312	-0.0218447081487729	0.223194307189461	0.889578775226001	0.997082277440688	0.969589423138123	0.998451798775976	NA	"abundance"	46	41
"PYRIDNUCSAL-PWY: NAD salvage pathway I (PNC VI cycle)"	"Location"	"Centre"	"LocationCentre"	-0.102162837184135	-0.134762365173622	0.478943063904621	0.946326539404015	0.997082277440688	0.621874682214855	0.993695588454555	NA	"abundance"	46	41
"PYRIDOXSYN-PWY: pyridoxal 5'-phosphate biosynthesis I"	"Sex"	"Female"	"SexFemale"	-0.0820122544962213	-0.0946946073416741	0.209046098940292	0.953715892100413	0.997082277440688	0.953715892100413	0.998451798775976	NA	"abundance"	46	46
"REDCITCYC: TCA cycle VI (Helicobacter)"	"TimeNW"	"TimeNW"	"TimeNW"	0.0316563337417364	-0.0144260567140095	0.486948149198203	0.926105234059137	0.997082277440688	0.550591973418065	0.993695588454555	NA	"abundance"	46	24
"RHAMCAT-PWY: L-rhamnose degradation I"	"Age"	"Age"	"Age"	0.112536347699954	0.115099219485005	0.0748724245593175	0.973846958838037	0.997082277440688	0.973846958838037	0.998451798775976	NA	"abundance"	46	46
"RHAMCAT-PWY: L-rhamnose degradation I"	"TimeNW"	"TimeNW"	"TimeNW"	-0.0199560833997548	-0.0144260567140095	0.0756402711123628	0.95366820640713	0.997082277440688	0.95366820640713	0.998451798775976	NA	"abundance"	46	46
"RIBOSYN2-PWY: flavin biosynthesis I (bacteria and plants)"	"TimeNW"	"TimeNW"	"TimeNW"	-0.0263261358496938	-0.0144260567140095	0.0608147333055019	0.886946198362806	0.997082277440688	0.886946198362806	0.998451798775976	NA	"abundance"	46	46
"SER-GLYSYN-PWY: superpathway of L-serine and glycine biosynthesis I"	"TimeNW"	"TimeNW"	"TimeNW"	-0.0114313954100463	-0.0144260567140095	0.0378675576815984	0.965289389451854	0.997082277440688	0.965289389451854	0.998451798775976	NA	"abundance"	46	46
"SO4ASSIM-PWY: assimilatory sulfate reduction I"	"Age"	"Age"	"Age"	0.0769452235903104	0.115099219485005	0.305887609425653	0.901563030062015	0.997082277440688	0.805443852167025	0.993695588454555	NA	"abundance"	46	38
"TCA: TCA cycle I (prokaryotic)"	"Sex"	"Female"	"SexFemale"	-0.151423118311591	-0.0946946073416741	0.435097979977841	0.898285064822749	0.997082277440688	0.581119495598863	0.993695588454555	NA	"abundance"	46	27
"THISYN-PWY: superpathway of thiamine diphosphate biosynthesis I"	"Location"	"Centre"	"LocationCentre"	-0.12542904372096	-0.134762365173622	0.114071859398437	0.940871438472655	0.997082277440688	0.940871438472655	0.998451798775976	NA	"abundance"	46	46
"THISYN-PWY: superpathway of thiamine diphosphate biosynthesis I"	"TimeNW"	"TimeNW"	"TimeNW"	-0.00604896464692395	-0.0144260567140095	0.0559797981291637	0.916875330807161	0.997082277440688	0.916875330807161	0.998451798775976	NA	"abundance"	46	46
"THISYNARA-PWY: superpathway of thiamine diphosphate biosynthesis III (eukaryotes)"	"Location"	"Centre"	"LocationCentre"	-0.103712425204263	-0.134762365173622	0.238376655145502	0.898985350439925	0.997082277440688	0.898985350439925	0.998451798775976	NA	"abundance"	46	46
"THREOCAT-PWY: superpathway of L-threonine metabolism"	"Sex"	"Female"	"SexFemale"	-0.727588709412169	-0.0946946073416741	3.77106055626857	0.894123450070918	0.997082277440688	0.722003973580912	0.993695588454555	NA	"abundance"	46	7
"TRPSYN-PWY: L-tryptophan biosynthesis"	"TimeNW"	"TimeNW"	"TimeNW"	-0.00501428966036927	-0.0144260567140095	0.0519554008698519	0.903362306893552	0.997082277440688	0.903362306893552	0.998451798775976	NA	"abundance"	46	46
"3-HYDROXYPHENYLACETATE-DEGRADATION-PWY: 4-hydroxyphenylacetate degradation"	"Location"	"Centre"	"LocationCentre"	-0.0976726370676196	0	0.97147703179049	0.91991535348311	0.997082277440688	0.91991535348311	0.998451798775976	NA	"prevalence"	46	6
"AEROBACTINSYN-PWY: aerobactin biosynthesis"	"FI"	"FI"	"FI"	0.0145290566779727	0	0.366685671947661	0.968393972488088	0.997082277440688	0.996199815657727	0.999466806678632	NA	"prevalence"	46	9
"AEROBACTINSYN-PWY: aerobactin biosynthesis"	"TimeNW"	"TimeNW"	"TimeNW"	-0.0266891578562269	0	0.381209473568052	0.94418427508771	0.997082277440688	0.279274227238288	0.954417715573453	NA	"prevalence"	46	9
"ALLANTOINDEG-PWY: superpathway of allantoin degradation in yeast"	"Location"	"Centre"	"LocationCentre"	-0.0508211837399912	0	0.676787355956852	0.940141668573019	0.997082277440688	0.267045595530273	0.954417715573453	NA	"prevalence"	46	19
"AST-PWY: L-arginine degradation II (AST pathway)"	"FI"	"FI"	"FI"	0.0355874092743336	0	0.301039442478206	0.905897221892324	0.997082277440688	0.772103447031957	0.993695588454555	NA	"prevalence"	46	23
"CARNMET-PWY: L-carnitine degradation I"	"Location"	"Centre"	"LocationCentre"	-0.0276385826477931	0	0.777240871149964	0.971633308902645	0.997082277440688	0.305755713297927	0.959114612886705	NA	"prevalence"	46	8
"CENTFERM-PWY: pyruvate fermentation to butanoate"	"Age"	"Age"	"Age"	-0.0250273802854438	0	0.450465462331914	0.955693180935604	0.997082277440688	0.522639185778625	0.993695588454555	NA	"prevalence"	46	41
"DARABCATK12-PWY: D-arabinose degradation I"	"TimeNW"	"TimeNW"	"TimeNW"	-0.0111010124888094	0	0.315864370848018	0.971964221808214	0.997082277440688	0.974483481578204	0.998451798775976	NA	"prevalence"	46	19
"ECASYN-PWY: enterobacterial common antigen biosynthesis"	"FI"	"FI"	"FI"	0.0219932914794444	0	0.339761041090403	0.948387665688258	0.997082277440688	0.897569912858852	0.998451798775976	NA	"prevalence"	46	13
"ECASYN-PWY: enterobacterial common antigen biosynthesis"	"Sex"	"Female"	"SexFemale"	-0.0347762949548358	0	0.69807582206288	0.960267932100676	0.997082277440688	0.780045126270031	0.993695588454555	NA	"prevalence"	46	13
"FOLSYN-PWY: superpathway of tetrahydrofolate biosynthesis and salvage"	"FI"	"FI"	"FI"	0.0370117107047601	0	0.355235923313321	0.917019284800969	0.997082277440688	0.977777396339176	0.998451798775976	NA	"prevalence"	46	35
"FUC-RHAMCAT-PWY: superpathway of fucose and rhamnose degradation"	"FI"	"FI"	"FI"	-0.0527381018372431	0	0.539915353242463	0.922187617823866	0.997082277440688	0.986246344255492	0.998451798775976	NA	"prevalence"	46	44
"FUC-RHAMCAT-PWY: superpathway of fucose and rhamnose degradation"	"Location"	"Centre"	"LocationCentre"	-0.136023428896905	0	1.11327942475382	0.902754367795379	0.997082277440688	0.604499299576044	0.993695588454555	NA	"prevalence"	46	44
"FUC-RHAMCAT-PWY: superpathway of fucose and rhamnose degradation"	"TimeNW"	"TimeNW"	"TimeNW"	0.0462850976077814	0	0.535427446090362	0.931112569022047	0.997082277440688	0.995254521853258	0.999466806678632	NA	"prevalence"	46	44
"GALACTITOLCAT-PWY: galactitol degradation"	"Sex"	"Female"	"SexFemale"	-0.0201079368637872	0	0.608659344077326	0.973645529932603	0.997082277440688	0.930745805208161	0.998451798775976	NA	"prevalence"	46	27
"GLYCOLYSIS-TCA-GLYOX-BYPASS: superpathway of glycolysis, pyruvate dehydrogenase, TCA, and glyoxylate bypass"	"FI"	"FI"	"FI"	-0.0174696233923025	0	0.334341791169316	0.958328862000392	0.997082277440688	0.215050631034523	0.931415651367086	NA	"prevalence"	46	16
"GLYOXYLATE-BYPASS: glyoxylate cycle"	"TimeNW"	"TimeNW"	"TimeNW"	0.0267161810389818	0	0.371714573705451	0.942703106907475	0.997082277440688	0.978509948527165	0.998451798775976	NA	"prevalence"	46	35
"HCAMHPDEG-PWY: 3-phenylpropanoate and 3-(3-hydroxyphenyl)propanoate degradation to 2-hydroxypentadienoate"	"Sex"	"Female"	"SexFemale"	-0.0282153591906313	0	0.738648009663433	0.969529294669302	0.997082277440688	0.292542530879582	0.954417715573453	NA	"prevalence"	46	14
"HEXITOLDEGSUPER-PWY: superpathway of hexitol degradation (bacteria)"	"Sex"	"Female"	"SexFemale"	-0.0201079368637872	0	0.608659344077326	0.973645529932603	0.997082277440688	0.953813258521318	0.998451798775976	NA	"prevalence"	46	27
"KETOGLUCONMET-PWY: ketogluconate metabolism"	"FI"	"FI"	"FI"	-0.0375961869664009	0	0.30259088045483	0.901119244559208	0.997082277440688	0.968609340782997	0.998451798775976	NA	"prevalence"	46	27
"KETOGLUCONMET-PWY: ketogluconate metabolism"	"TimeNW"	"TimeNW"	"TimeNW"	0.0348582265564076	0	0.316108421783824	0.912192863106341	0.997082277440688	0.654687279952529	0.993695588454555	NA	"prevalence"	46	27
"LACTOSECAT-PWY: lactose and galactose degradation I"	"Location"	"Centre"	"LocationCentre"	0.162898332776097	0	1.08783242486611	0.880965175238691	0.997082277440688	0.985830710494044	0.998451798775976	NA	"prevalence"	46	44
"LACTOSECAT-PWY: lactose and galactose degradation I"	"Sex"	"Female"	"SexFemale"	0.112043032967158	0	1.09322882148936	0.918369193909799	0.997082277440688	0.947635830865167	0.998451798775976	NA	"prevalence"	46	44
"LIPASYN-PWY: phospholipases"	"FI"	"FI"	"FI"	0.0310999081546546	0	0.438703800742006	0.943484947127727	0.997082277440688	0.311932535805955	0.959114612886705	NA	"prevalence"	46	8
"METH-ACETATE-PWY: methanogenesis from acetate"	"Location"	"Centre"	"LocationCentre"	-0.130262365119257	0	1.35775742618938	0.923568741813648	0.997082277440688	0.716133824158961	0.993695588454555	NA	"prevalence"	46	45
"METH-ACETATE-PWY: methanogenesis from acetate"	"TimeNW"	"TimeNW"	"TimeNW"	0.0432899683517772	0	0.695003193464013	0.9503339320427	0.997082277440688	0.822950927952914	0.993695588454555	NA	"prevalence"	46	45
"P105-PWY: TCA cycle IV (2-oxoglutarate decarboxylase)"	"Location"	"Centre"	"LocationCentre"	0.0798318076178527	0	0.719123278417414	0.911606285931371	0.997082277440688	0.992186551313153	0.999376308931365	NA	"prevalence"	46	36
"P105-PWY: TCA cycle IV (2-oxoglutarate decarboxylase)"	"Sex"	"Female"	"SexFemale"	0.0378258609043158	0	0.686167390474497	0.956037853511982	0.997082277440688	0.998067329676166	0.999573552303566	NA	"prevalence"	46	36
"P108-PWY: pyruvate fermentation to propanoate I"	"FI"	"FI"	"FI"	-0.0302361235629817	0	0.303530263365914	0.920650098885256	0.997082277440688	0.857985292549265	0.993695588454555	NA	"prevalence"	46	25
"P125-PWY: superpathway of (R,R)-butanediol biosynthesis"	"Location"	"Centre"	"LocationCentre"	-0.0468527445397232	0	0.642410370127017	0.941859645460045	0.997082277440688	0.473559454491747	0.993695588454555	NA	"prevalence"	46	19
"P163-PWY: L-lysine fermentation to acetate and butanoate"	"Sex"	"Female"	"SexFemale"	0.0715947826111675	0	0.88492752416331	0.935517754072281	0.997082277440688	0.935517754072281	0.998451798775976	NA	"prevalence"	46	5
"P164-PWY: purine nucleobases degradation I (anaerobic)"	"FI"	"FI"	"FI"	-0.0527381018372431	0	0.539915353242463	0.922187617823866	0.997082277440688	0.980266428749462	0.998451798775976	NA	"prevalence"	46	44
"P164-PWY: purine nucleobases degradation I (anaerobic)"	"Location"	"Centre"	"LocationCentre"	-0.136023428896905	0	1.11327942475382	0.902754367795379	0.997082277440688	0.697306478813998	0.993695588454555	NA	"prevalence"	46	44
"P164-PWY: purine nucleobases degradation I (anaerobic)"	"TimeNW"	"TimeNW"	"TimeNW"	0.0462850976077814	0	0.535427446090362	0.931112569022047	0.997082277440688	0.47172977330255	0.993695588454555	NA	"prevalence"	46	44
"P185-PWY: formaldehyde assimilation III (dihydroxyacetone cycle)"	"Age"	"Age"	"Age"	0.019288744010348	0	0.400353500716557	0.961573361977548	0.997082277440688	0.947861111473493	0.998451798775976	NA	"prevalence"	46	39
"P221-PWY: octane oxidation"	"Sex"	"Female"	"SexFemale"	0.0324391699723681	0	0.649877617547215	0.960189475640604	0.997082277440688	0.731669059211339	0.993695588454555	NA	"prevalence"	46	18
"P4-PWY: superpathway of L-lysine, L-threonine and L-methionine biosynthesis I"	"Location"	"Centre"	"LocationCentre"	0.0310116111373451	0	0.670423486661708	0.963105611454465	0.997082277440688	0.940089180911042	0.998451798775976	NA	"prevalence"	46	31
"P42-PWY: incomplete reductive TCA cycle"	"FI"	"FI"	"FI"	-0.0274382804076665	0	0.550280964387153	0.96023211164363	0.997082277440688	0.447485404350392	0.993695588454555	NA	"prevalence"	46	45
"P42-PWY: incomplete reductive TCA cycle"	"TimeNW"	"TimeNW"	"TimeNW"	-0.0528589437021977	0	0.550584887451861	0.923516541500423	0.997082277440688	0.256249126266308	0.954417715573453	NA	"prevalence"	46	45
"P621-PWY: nylon-6 oligomer degradation"	"Sex"	"Female"	"SexFemale"	-0.0229997800455146	0	0.702274922838069	0.973873637247007	0.997082277440688	0.999317413169299	0.999796932081568	NA	"prevalence"	46	11
"POLYAMINSYN3-PWY: superpathway of polyamine biosynthesis II"	"FI"	"FI"	"FI"	0.0345427175720152	0	0.331159823300743	0.91692469289592	0.997082277440688	0.958698395452113	0.998451798775976	NA	"prevalence"	46	31
"POLYAMINSYN3-PWY: superpathway of polyamine biosynthesis II"	"Sex"	"Female"	"SexFemale"	0.0393103774584785	0	0.671523389634129	0.953319215498047	0.997082277440688	0.406814133699434	0.990896575658083	NA	"prevalence"	46	31
"PPGPPMET-PWY: ppGpp metabolism"	"Location"	"Centre"	"LocationCentre"	0.0634366594278863	0	0.805352954467148	0.937216546955186	0.997082277440688	0.908937291443784	0.998451798775976	NA	"prevalence"	46	39
"PROTOCATECHUATE-ORTHO-CLEAVAGE-PWY: protocatechuate degradation II (ortho-cleavage pathway)"	"Location"	"Centre"	"LocationCentre"	0.112721870054496	0	0.939142298831866	0.904462234249947	0.997082277440688	0.904462234249947	0.998451798775976	NA	"prevalence"	46	7
"PWY-241: C4 photosynthetic carbon assimilation cycle, NADP-ME type"	"Location"	"Centre"	"LocationCentre"	0.0693218261103327	0	1.12139303703073	0.950708087587308	0.997082277440688	0.384454783883586	0.980622710853004	NA	"prevalence"	46	44
"PWY-5004: superpathway of L-citrulline metabolism"	"Age"	"Age"	"Age"	-0.0433654370957477	0	0.419491547404074	0.917664410052362	0.997082277440688	0.917664410052362	0.998451798775976	NA	"prevalence"	46	6
"PWY-5104: L-isoleucine biosynthesis IV"	"TimeNW"	"TimeNW"	"TimeNW"	0.0359861691978531	0	0.319075013986758	0.910202765598882	0.997082277440688	0.54235456501052	0.993695588454555	NA	"prevalence"	46	27
"PWY-5130: 2-oxobutanoate degradation I"	"Age"	"Age"	"Age"	-0.0313868821595522	0	0.527687072876098	0.952569711844177	0.997082277440688	0.276124661629208	0.954417715573453	NA	"prevalence"	46	43
"PWY-5198: factor 420 biosynthesis II (mycobacteria)"	"Sex"	"Female"	"SexFemale"	0.0740128809555515	0	0.715462328507008	0.917607713036823	0.997082277440688	0.773137527124357	0.993695588454555	NA	"prevalence"	46	12
"PWY-5265: peptidoglycan biosynthesis II (staphylococci)"	"TimeNW"	"TimeNW"	"TimeNW"	0.0168333278435766	0	0.342815606068296	0.960837089110449	0.997082277440688	0.828398986144891	0.993695588454555	NA	"prevalence"	46	12
"PWY-5345: superpathway of L-methionine biosynthesis (by sulfhydrylation)"	"TimeNW"	"TimeNW"	"TimeNW"	0.0357956861125447	0	0.362831892926004	0.921411092595086	0.997082277440688	0.88087848960266	0.996959287214095	NA	"prevalence"	46	38
"PWY-5505: L-glutamate and L-glutamine biosynthesis"	"Sex"	"Female"	"SexFemale"	0.115022179191181	0	1.08444161309983	0.91553013694884	0.997082277440688	0.155172543744321	0.89621815431277	NA	"prevalence"	46	44
"PWY-5675: nitrate reduction V (assimilatory)"	"Sex"	"Female"	"SexFemale"	0.0880595298764911	0	0.643456049593649	0.891146204638372	0.997082277440688	0.696119201217787	0.993695588454555	NA	"prevalence"	46	31
"PWY-5675: nitrate reduction V (assimilatory)"	"TimeNW"	"TimeNW"	"TimeNW"	-0.0305641777205593	0	0.319512150690459	0.923791492029744	0.997082277440688	0.983127102091531	0.998451798775976	NA	"prevalence"	46	31
"PWY-5676: acetyl-CoA fermentation to butanoate II"	"Location"	"Centre"	"LocationCentre"	-0.130262365119257	0	1.35775742618938	0.923568741813648	0.997082277440688	0.492059371022725	0.993695588454555	NA	"prevalence"	46	45
"PWY-5676: acetyl-CoA fermentation to butanoate II"	"TimeNW"	"TimeNW"	"TimeNW"	0.0432899683517772	0	0.695003193464013	0.9503339320427	0.997082277440688	0.950101279166966	0.998451798775976	NA	"prevalence"	46	45
"PWY-5690: TCA cycle II (plants and fungi)"	"Age"	"Age"	"Age"	0.0324545239258628	0	0.313882770872654	0.91764792574263	0.997082277440688	0.448054362353653	0.993695588454555	NA	"prevalence"	46	24
"PWY-5705: allantoin degradation to glyoxylate III"	"Sex"	"Female"	"SexFemale"	0.0323461074056433	0	0.706104912750377	0.963462318931035	0.997082277440688	0.974960787324904	0.998451798775976	NA	"prevalence"	46	13
"PWY-5723: Rubisco shunt"	"Age"	"Age"	"Age"	0.0268855520275918	0	0.325758293013288	0.934223505381603	0.997082277440688	0.315344014983042	0.959114612886705	NA	"prevalence"	46	31
"PWY-5747: 2-methylcitrate cycle II"	"FI"	"FI"	"FI"	0.030777059563403	0	0.309724532158598	0.920845186317493	0.997082277440688	0.532208411949904	0.993695588454555	NA	"prevalence"	46	19
"PWY-5837: 2-carboxy-1,4-naphthoquinol biosynthesis"	"FI"	"FI"	"FI"	-0.0191848058913686	0	0.397737654827495	0.96152909671246	0.997082277440688	0.892953632742714	0.998451798775976	NA	"prevalence"	46	40
"PWY-5837: 2-carboxy-1,4-naphthoquinol biosynthesis"	"Sex"	"Female"	"SexFemale"	-0.0875433621566718	0	0.819524684984233	0.914930100678573	0.997082277440688	0.932541058925862	0.998451798775976	NA	"prevalence"	46	40
"PWY-5838: superpathway of menaquinol-8 biosynthesis I"	"FI"	"FI"	"FI"	-0.0191848058913686	0	0.397737654827495	0.96152909671246	0.997082277440688	0.988553903284948	0.998451798775976	NA	"prevalence"	46	40
"PWY-5838: superpathway of menaquinol-8 biosynthesis I"	"Sex"	"Female"	"SexFemale"	-0.0875433621566718	0	0.819524684984233	0.914930100678573	0.997082277440688	0.919328913482442	0.998451798775976	NA	"prevalence"	46	40
"PWY-5840: superpathway of menaquinol-7 biosynthesis"	"FI"	"FI"	"FI"	-0.0131546108208645	0	0.33640231183082	0.968807626350432	0.997082277440688	0.939019821675448	0.998451798775976	NA	"prevalence"	46	31
"PWY-5850: superpathway of menaquinol-6 biosynthesis"	"Location"	"Centre"	"LocationCentre"	-0.0275975778596626	0	0.678211348687487	0.967541672536073	0.997082277440688	0.261449927012704	0.954417715573453	NA	"prevalence"	46	24
"PWY-5860: superpathway of demethylmenaquinol-6 biosynthesis I"	"Location"	"Centre"	"LocationCentre"	-0.0275975778596626	0	0.678211348687487	0.967541672536073	0.997082277440688	0.224340289654517	0.931415651367086	NA	"prevalence"	46	24
"PWY-5861: superpathway of demethylmenaquinol-8 biosynthesis I"	"FI"	"FI"	"FI"	-0.0191848058913686	0	0.397737654827495	0.96152909671246	0.997082277440688	0.970706438253665	0.998451798775976	NA	"prevalence"	46	40
"PWY-5861: superpathway of demethylmenaquinol-8 biosynthesis I"	"Sex"	"Female"	"SexFemale"	-0.0875433621566718	0	0.819524684984233	0.914930100678573	0.997082277440688	0.896797927772552	0.998451798775976	NA	"prevalence"	46	40
"PWY-5896: superpathway of menaquinol-10 biosynthesis"	"Location"	"Centre"	"LocationCentre"	-0.0275975778596626	0	0.678211348687487	0.967541672536073	0.997082277440688	0.261661370262604	0.954417715573453	NA	"prevalence"	46	24
"PWY-5897: superpathway of menaquinol-11 biosynthesis"	"FI"	"FI"	"FI"	-0.0191848058913686	0	0.397737654827495	0.96152909671246	0.997082277440688	0.979386248913512	0.998451798775976	NA	"prevalence"	46	40
"PWY-5897: superpathway of menaquinol-11 biosynthesis"	"Sex"	"Female"	"SexFemale"	-0.0875433621566718	0	0.819524684984233	0.914930100678573	0.997082277440688	0.950645874989894	0.998451798775976	NA	"prevalence"	46	40
"PWY-5898: superpathway of menaquinol-12 biosynthesis"	"FI"	"FI"	"FI"	-0.0191848058913686	0	0.397737654827495	0.96152909671246	0.997082277440688	0.979348842312626	0.998451798775976	NA	"prevalence"	46	40
"PWY-5898: superpathway of menaquinol-12 biosynthesis"	"Sex"	"Female"	"SexFemale"	-0.0875433621566718	0	0.819524684984233	0.914930100678573	0.997082277440688	0.950730249282597	0.998451798775976	NA	"prevalence"	46	40
"PWY-5899: superpathway of menaquinol-13 biosynthesis"	"FI"	"FI"	"FI"	-0.0191848058913686	0	0.397737654827495	0.96152909671246	0.997082277440688	0.979337428854775	0.998451798775976	NA	"prevalence"	46	40
"PWY-5899: superpathway of menaquinol-13 biosynthesis"	"Sex"	"Female"	"SexFemale"	-0.0875433621566718	0	0.819524684984233	0.914930100678573	0.997082277440688	0.950691902617969	0.998451798775976	NA	"prevalence"	46	40
"PWY-5913: partial TCA cycle (obligate autotrophs)"	"Location"	"Centre"	"LocationCentre"	0.0693218261103327	0	1.12139303703073	0.950708087587308	0.997082277440688	0.854916616407586	0.993695588454555	NA	"prevalence"	46	44
"PWY-5918: superpathway of heme b biosynthesis from glutamate"	"FI"	"FI"	"FI"	0.0412378915811205	0	0.332790238106476	0.901382125992017	0.997082277440688	0.983628380739448	0.998451798775976	NA	"prevalence"	46	35
"PWY-6167: flavin biosynthesis II (archaea)"	"Sex"	"Female"	"SexFemale"	0.11001396772926	0	0.950551930894173	0.907861032465136	0.997082277440688	0.907861032465136	0.998451798775976	NA	"prevalence"	46	8
"PWY-6168: flavin biosynthesis III (fungi)"	"TimeNW"	"TimeNW"	"TimeNW"	0.0443482473543414	0	0.353336169759712	0.900117513045561	0.997082277440688	0.881723225718365	0.996959287214095	NA	"prevalence"	46	36
"PWY-622: starch biosynthesis"	"FI"	"FI"	"FI"	0.042366709884705	0	0.351381963321002	0.904030309709581	0.997082277440688	0.990789818545561	0.998451798775976	NA	"prevalence"	46	11
"PWY-6328: L-lysine degradation X"	"TimeNW"	"TimeNW"	"TimeNW"	-0.0297526599315905	0	0.520234030799115	0.954393115561814	0.997082277440688	0.954393115561814	0.998451798775976	NA	"prevalence"	46	5
"PWY-6349: CDP-archaeol biosynthesis"	"TimeNW"	"TimeNW"	"TimeNW"	-0.0495912318686568	0	0.508367920659677	0.92228972110827	0.997082277440688	0.92228972110827	0.998451798775976	NA	"prevalence"	46	11
"PWY-6396: superpathway of 2,3-butanediol biosynthesis"	"Sex"	"Female"	"SexFemale"	-0.0392073158687355	0	0.863231535940203	0.963773149606952	0.997082277440688	0.963773149606952	0.998451798775976	NA	"prevalence"	46	5
"PWY-6531: mannitol cycle"	"Age"	"Age"	"Age"	0.0325105802861809	0	0.527104744024083	0.950819541253221	0.997082277440688	0.635536419707464	0.993695588454555	NA	"prevalence"	46	41
"PWY-6549: L-glutamine biosynthesis III"	"Age"	"Age"	"Age"	-0.0292425325238997	0	0.530293401974514	0.956023692695001	0.997082277440688	0.99381858492007	0.999466806678632	NA	"prevalence"	46	43
"PWY-6549: L-glutamine biosynthesis III"	"FI"	"FI"	"FI"	-0.0269434545757496	0	0.463455921458692	0.953640331458782	0.997082277440688	0.358220012937893	0.968877380286383	NA	"prevalence"	46	43
"PWY-6549: L-glutamine biosynthesis III"	"Location"	"Centre"	"LocationCentre"	-0.111220513544042	0	1.03089932058391	0.914085422881913	0.997082277440688	0.438188944426108	0.993695588454555	NA	"prevalence"	46	43
"PWY-6562: norspermidine biosynthesis"	"Age"	"Age"	"Age"	0.0358988627933882	0	0.433331975493326	0.933975750097469	0.997082277440688	0.933975750097469	0.998451798775976	NA	"prevalence"	46	5
"PWY-6562: norspermidine biosynthesis"	"FI"	"FI"	"FI"	-0.0233755639257961	0	0.436352589280231	0.957277474382919	0.997082277440688	0.957277474382919	0.998451798775976	NA	"prevalence"	46	5
"PWY-6562: norspermidine biosynthesis"	"Location"	"Centre"	"LocationCentre"	-0.065796913848044	0	0.879111384403813	0.940338198224369	0.997082277440688	0.940338198224369	0.998451798775976	NA	"prevalence"	46	5
"PWY-6590: superpathway of Clostridium acetobutylicum acidogenic fermentation"	"Age"	"Age"	"Age"	-0.0250273802854438	0	0.450465462331914	0.955693180935604	0.997082277440688	0.521247128580439	0.993695588454555	NA	"prevalence"	46	41
"PWY-6612: superpathway of tetrahydrofolate biosynthesis"	"FI"	"FI"	"FI"	0.0370117107047601	0	0.355235923313321	0.917019284800969	0.997082277440688	0.981270736718072	0.998451798775976	NA	"prevalence"	46	35
"PWY-6690: cinnamate and 3-hydroxycinnamate degradation to 2-hydroxypentadienoate"	"Sex"	"Female"	"SexFemale"	-0.0282153591906313	0	0.738648009663433	0.969529294669302	0.997082277440688	0.292518573390284	0.954417715573453	NA	"prevalence"	46	14
"PWY-6749: CMP-legionaminate biosynthesis I"	"Age"	"Age"	"Age"	0.0393305833693373	0	0.319740915749238	0.902101028476077	0.997082277440688	0.0967318225466983	0.782480255952523	NA	"prevalence"	46	23
"PWY-6797: 6-hydroxymethyl-dihydropterin diphosphate biosynthesis II (Methanocaldococcus)"	"Age"	"Age"	"Age"	0.0282221631541079	0	0.441816627300593	0.94906772925488	0.997082277440688	0.94906772925488	0.998451798775976	NA	"prevalence"	46	5
"PWY-6803: phosphatidylcholine acyl editing"	"Age"	"Age"	"Age"	0.0471949753911315	0	0.329130306742978	0.885979827074817	0.997082277440688	0.0112706477245728	0.30330555779697	NA	"prevalence"	46	27
"PWY-6859: all-trans-farnesol biosynthesis"	"Location"	"Centre"	"LocationCentre"	0.105832561540264	0	1.09062425242241	0.922695805549316	0.997082277440688	0.217290052358339	0.931415651367086	NA	"prevalence"	46	43
"PWY-6859: all-trans-farnesol biosynthesis"	"TimeNW"	"TimeNW"	"TimeNW"	0.0348279695845973	0	0.537113344606486	0.948299109699137	0.997082277440688	0.830372843777046	0.993695588454555	NA	"prevalence"	46	43
"PWY-6922: L-N&delta;-acetylornithine biosynthesis"	"Age"	"Age"	"Age"	0.0215702820917047	0	0.322879553436406	0.946736169840261	0.997082277440688	0.28585285547631	0.954417715573453	NA	"prevalence"	46	25
"PWY-7094: fatty acid salvage"	"Age"	"Age"	"Age"	0.0374304077798862	0	0.320176089586209	0.906934786371599	0.997082277440688	0.652370235037622	0.993695588454555	NA	"prevalence"	46	24
"PWY-7117: C4 photosynthetic carbon assimilation cycle, PEPCK type"	"Location"	"Centre"	"LocationCentre"	0.0693218261103327	0	1.12139303703073	0.950708087587308	0.997082277440688	0.475109244958152	0.993695588454555	NA	"prevalence"	46	44
"PWY-7118: chitin deacetylation"	"FI"	"FI"	"FI"	0.0276018466111196	0	0.31480609801675	0.930131904970236	0.997082277440688	0.940224851855179	0.998451798775976	NA	"prevalence"	46	32
"PWY-7185: UTP and CTP dephosphorylation I"	"Age"	"Age"	"Age"	-0.00985198734938718	0	0.310480967161302	0.974686275516636	0.997082277440688	0.4697087152586	0.993695588454555	NA	"prevalence"	46	27
"PWY-7185: UTP and CTP dephosphorylation I"	"Location"	"Centre"	"LocationCentre"	-0.0502911196807733	0	0.640156051452347	0.93738203261941	0.997082277440688	0.996078990161123	0.999466806678632	NA	"prevalence"	46	27
"PWY-7210: pyrimidine deoxyribonucleotides biosynthesis from CTP"	"Age"	"Age"	"Age"	-0.00985198734938718	0	0.310480967161302	0.974686275516636	0.997082277440688	0.415259975878833	0.992909460673586	NA	"prevalence"	46	27
"PWY-7210: pyrimidine deoxyribonucleotides biosynthesis from CTP"	"Location"	"Centre"	"LocationCentre"	-0.0502911196807733	0	0.640156051452347	0.93738203261941	0.997082277440688	0.996078990161123	0.999466806678632	NA	"prevalence"	46	27
"PWY-7237: myo-, chiro- and scyllo-inositol degradation"	"Sex"	"Female"	"SexFemale"	0.0571938980596394	0	0.733050133852848	0.937810704224164	0.997082277440688	0.779001035446389	0.993695588454555	NA	"prevalence"	46	34
"PWY-7269: mitochondrial NADPH production (yeast)"	"Sex"	"Female"	"SexFemale"	0.0989386175335075	0	0.876553613658531	0.910131801803526	0.997082277440688	0.0800401863034166	0.746513424476163	NA	"prevalence"	46	8
"PWY-7312: dTDP-&beta;-D-fucofuranose biosynthesis"	"Age"	"Age"	"Age"	0.0453644057210945	0	0.320999357773021	0.887615239592884	0.997082277440688	0.914327288380404	0.998451798775976	NA	"prevalence"	46	21
"PWY-7315: dTDP-N-acetylthomosamine biosynthesis"	"Age"	"Age"	"Age"	-0.0347646062017153	0	0.322924802745688	0.914269031304768	0.997082277440688	0.0707954211568891	0.730734916396603	NA	"prevalence"	46	31
"PWY-7315: dTDP-N-acetylthomosamine biosynthesis"	"FI"	"FI"	"FI"	0.0417398272598092	0	0.31287365038785	0.893870771177184	0.997082277440688	0.710576971609282	0.993695588454555	NA	"prevalence"	46	31
"PWY-7356: thiamine diphosphate salvage IV (yeast)"	"TimeNW"	"TimeNW"	"TimeNW"	0.0800271378063661	0	0.704053117547388	0.909502299967232	0.997082277440688	0.98445474146465	0.998451798775976	NA	"prevalence"	46	45
"PWY-7371: 1,4-dihydroxy-6-naphthoate biosynthesis II"	"TimeNW"	"TimeNW"	"TimeNW"	-0.0435928815031352	0	0.313074238865724	0.889259429543204	0.997082277440688	0.466128886260504	0.993695588454555	NA	"prevalence"	46	25
"PWY-7388: octanoyl-[acyl-carrier protein] biosynthesis (mitochondria, yeast)"	"Age"	"Age"	"Age"	0.0524861711887666	0	0.361306652019756	0.884499548934201	0.997082277440688	0.965733320811763	0.998451798775976	NA	"prevalence"	46	10
"PWY-7409: phospholipid remodeling (phosphatidylethanolamine, yeast)"	"Age"	"Age"	"Age"	0.0320384674979325	0	0.336814564887388	0.924217941621592	0.997082277440688	0.977866459272405	0.998451798775976	NA	"prevalence"	46	14
"PWY-7616: methanol oxidation to carbon dioxide"	"Sex"	"Female"	"SexFemale"	-0.0538815883451617	0	0.888381104498407	0.951636810104399	0.997082277440688	0.951636810104399	0.998451798775976	NA	"prevalence"	46	6
"PWY-7688: dTDP-&alpha;-D-ravidosamine and dTDP-4-acetyl-&alpha;-D-ravidosamine biosynthesis"	"FI"	"FI"	"FI"	0.0124996431757577	0	0.305449899354035	0.967358020223275	0.997082277440688	0.619735747421696	0.993695588454555	NA	"prevalence"	46	27
"PWY-7805: (aminomethyl)phosphonate degradation"	"Age"	"Age"	"Age"	0.048077735610514	0	0.367223149764517	0.895836695623028	0.997082277440688	0.847267642948033	0.993695588454555	NA	"prevalence"	46	9
"PWY-7807: glyphosate degradation III"	"Age"	"Age"	"Age"	0.048077735610514	0	0.367223149764517	0.895836695623028	0.997082277440688	0.976307715397054	0.998451798775976	NA	"prevalence"	46	9
"PWY-7873: D-erythronate degradation II"	"FI"	"FI"	"FI"	0.0338202342146179	0	0.379717197016189	0.929028741534567	0.997082277440688	0.221510132706038	0.931415651367086	NA	"prevalence"	46	7
"PWY-7874: L-threonate degradation"	"Location"	"Centre"	"LocationCentre"	-0.0462287682501105	0	0.679086558680566	0.945725989000312	0.997082277440688	0.295963187630343	0.954417715573453	NA	"prevalence"	46	13
"PWY-7874: L-threonate degradation"	"Sex"	"Female"	"SexFemale"	-0.062737197610326	0	0.645825597336071	0.922613126391644	0.997082277440688	0.227186707881908	0.931415651367086	NA	"prevalence"	46	13
"PWY-8134: bile acid 7&beta;-dehydroxylation"	"Sex"	"Female"	"SexFemale"	-0.03023242770138	0	0.852011864856797	0.971694142636048	0.997082277440688	0.971694142636048	0.998451798775976	NA	"prevalence"	46	5
"PWY-8190: L-glutamate degradation XI (reductive Stickland reaction)"	"Age"	"Age"	"Age"	0.0318674068045614	0	0.351717436105034	0.927806349263885	0.997082277440688	0.983690715989887	0.998451798775976	NA	"prevalence"	46	11
"PWY-821: superpathway of sulfur amino acid biosynthesis (Saccharomyces cerevisiae)"	"TimeNW"	"TimeNW"	"TimeNW"	-0.0139903624417972	0	0.319847958754591	0.965111124170278	0.997082277440688	0.748121015896937	0.993695588454555	NA	"prevalence"	46	32
"PWY-922: mevalonate pathway I (eukaryotes and bacteria)"	"Sex"	"Female"	"SexFemale"	0.0390270187461287	0	0.758088522174781	0.95894238501406	0.997082277440688	0.972030011348587	0.998451798775976	NA	"prevalence"	46	8
"PWY0-1277: 3-phenylpropanoate and 3-(3-hydroxyphenyl)propanoate degradation"	"Sex"	"Female"	"SexFemale"	-0.0282153591906313	0	0.738648009663433	0.969529294669302	0.997082277440688	0.163105525214138	0.897061821880354	NA	"prevalence"	46	14
"PWY0-1298: superpathway of pyrimidine deoxyribonucleosides degradation"	"FI"	"FI"	"FI"	-0.0492426907694626	0	0.577634255778016	0.932063507395515	0.997082277440688	0.380592590114687	0.980279247207519	NA	"prevalence"	46	45
"PWY0-1338: polymyxin resistance"	"Age"	"Age"	"Age"	0.0108959633501723	0	0.312934190292416	0.972224305001838	0.997082277440688	0.0249826364087126	0.496083780115865	NA	"prevalence"	46	21
"PWY0-1533: methylphosphonate degradation I"	"Age"	"Age"	"Age"	0.048077735610514	0	0.367223149764517	0.895836695623028	0.997082277440688	0.973594053324971	0.998451798775976	NA	"prevalence"	46	9
"PWY0-301: L-ascorbate degradation I (bacterial, anaerobic)"	"FI"	"FI"	"FI"	-0.0193840940654892	0	0.320046664150724	0.951704484057124	0.997082277440688	0.75193995342472	0.993695588454555	NA	"prevalence"	46	34
"PWY0-781: aspartate superpathway"	"Location"	"Centre"	"LocationCentre"	0.0310116111373451	0	0.670423486661708	0.963105611454465	0.997082277440688	0.938052829671934	0.998451798775976	NA	"prevalence"	46	31
"PWY66-388: ceramide degradation by &alpha;-oxidation"	"FI"	"FI"	"FI"	0.035777150381483	0	0.484398832463668	0.941122683426611	0.997082277440688	0.941122683426611	0.998451798775976	NA	"prevalence"	46	5
"PWY66-391: fatty acid &beta;-oxidation VI (mammalian peroxisome)"	"FI"	"FI"	"FI"	0.0423525044292932	0	0.304609368658592	0.889419532051869	0.997082277440688	0.987771960108373	0.998451798775976	NA	"prevalence"	46	29
"PWY66-391: fatty acid &beta;-oxidation VI (mammalian peroxisome)"	"Sex"	"Female"	"SexFemale"	-0.0411208168889844	0	0.61799268998168	0.946948449672971	0.997082277440688	0.194576130535557	0.905949068804327	NA	"prevalence"	46	29
"RUMP-PWY: formaldehyde oxidation I"	"TimeNW"	"TimeNW"	"TimeNW"	0.0305772768962681	0	0.315357963921556	0.922757735240051	0.997082277440688	0.814815148706402	0.993695588454555	NA	"prevalence"	46	24
"SO4ASSIM-PWY: assimilatory sulfate reduction I"	"TimeNW"	"TimeNW"	"TimeNW"	0.0357956861125447	0	0.362831892926004	0.921411092595086	0.997082277440688	0.854008152465628	0.993695588454555	NA	"prevalence"	46	38
"SULFATE-CYS-PWY: superpathway of sulfate assimilation and cysteine biosynthesis"	"TimeNW"	"TimeNW"	"TimeNW"	0.0357956861125447	0	0.362831892926004	0.921411092595086	0.997082277440688	0.862897893010097	0.993695588454555	NA	"prevalence"	46	38
"THISYN-PWY: superpathway of thiamine diphosphate biosynthesis I"	"Sex"	"Female"	"SexFemale"	-0.0983411964487483	-0.0946946073416741	0.109490195328856	0.976876413186186	0.997547744133149	0.976876413186186	0.998451798775976	NA	"abundance"	46	46
"ARG+POLYAMINE-SYN: superpathway of arginine and polyamine biosynthesis"	"Location"	"Centre"	"LocationCentre"	-0.0324679636390414	0	1.142473261626	0.977327959330853	0.997547744133149	0.858172306887796	0.993695588454555	NA	"prevalence"	46	44
"GALACT-GLUCUROCAT-PWY: superpathway of hexuronide and hexuronate degradation"	"Location"	"Centre"	"LocationCentre"	-0.0324679636390414	0	1.142473261626	0.977327959330853	0.997547744133149	0.612973154930308	0.993695588454555	NA	"prevalence"	46	44
"POLYAMSYN-PWY: superpathway of polyamine biosynthesis I"	"Location"	"Centre"	"LocationCentre"	-0.0324679636390414	0	1.142473261626	0.977327959330853	0.997547744133149	0.81898296235239	0.993695588454555	NA	"prevalence"	46	44
"PWY-5189: tetrapyrrole biosynthesis II (from glycine)"	"TimeNW"	"TimeNW"	"TimeNW"	-0.0102940152325475	0	0.34699725225241	0.976333440122493	0.997547744133149	0.946579143568143	0.998451798775976	NA	"prevalence"	46	35
"PWY-7805: (aminomethyl)phosphonate degradation"	"TimeNW"	"TimeNW"	"TimeNW"	-0.0108418695611684	0	0.386079638230975	0.977596789250486	0.997547744133149	0.391515057520167	0.982321173200419	NA	"prevalence"	46	9
"PWY-7807: glyphosate degradation III"	"TimeNW"	"TimeNW"	"TimeNW"	-0.0108418695611684	0	0.386079638230975	0.977596789250486	0.997547744133149	0.842585986877402	0.993695588454555	NA	"prevalence"	46	9
"PWY0-1533: methylphosphonate degradation I"	"TimeNW"	"TimeNW"	"TimeNW"	-0.0108418695611684	0	0.386079638230975	0.977596789250486	0.997547744133149	0.854923187487762	0.993695588454555	NA	"prevalence"	46	9
"FASYN-INITIAL-PWY: superpathway of fatty acid biosynthesis initiation (E. coli)"	"Location"	"Centre"	"LocationCentre"	0.0544917165854892	-0.134762365173622	6.11455870822287	0.980302865333808	0.997832217314607	0.588201815510567	0.993695588454555	NA	"abundance"	46	7
"GALACTARDEG-PWY: D-galactarate degradation I"	"FI"	"FI"	"FI"	-0.026880150334051	-0.0218447081487729	0.234648279313917	0.983056009698382	0.997832217314607	0.931524389918683	0.998451798775976	NA	"abundance"	46	39
"GLUCARGALACTSUPER-PWY: superpathway of D-glucarate and D-galactarate degradation"	"FI"	"FI"	"FI"	-0.026880150334051	-0.0218447081487729	0.234648279313917	0.983052756527597	0.997832217314607	0.931524389918683	0.998451798775976	NA	"abundance"	46	39
"GLUCONEO-PWY: gluconeogenesis I"	"Age"	"Age"	"Age"	0.113236650606615	0.115099219485005	0.0703474508885037	0.979899799136514	0.997832217314607	0.979899799136514	0.998451798775976	NA	"abundance"	46	46
"GLUDEG-I-PWY: GABA shunt"	"TimeNW"	"TimeNW"	"TimeNW"	-0.0190996617989673	-0.0144260567140095	0.212788743935971	0.98317506390818	0.997832217314607	0.962055888847299	0.998451798775976	NA	"abundance"	46	40
"NAD-BIOSYNTHESIS-II: NAD salvage pathway III (to nicotinamide riboside)"	"TimeNW"	"TimeNW"	"TimeNW"	-0.0220812340064537	-0.0144260567140095	0.357030587627689	0.983264015269205	0.997832217314607	0.909633317771124	0.998451798775976	NA	"abundance"	46	34
"P105-PWY: TCA cycle IV (2-oxoglutarate decarboxylase)"	"Location"	"Centre"	"LocationCentre"	-0.150906120125231	-0.134762365173622	0.616869390947007	0.979334677896641	0.997832217314607	0.992186551313153	0.999376308931365	NA	"abundance"	46	36
"P23-PWY: reductive TCA cycle I"	"FI"	"FI"	"FI"	-0.0139745760665455	-0.0218447081487729	0.359807200800679	0.982947840096955	0.997832217314607	0.451074167988956	0.993695588454555	NA	"abundance"	46	18
"PWY-6282: palmitoleate biosynthesis I (from (5Z)-dodec-5-enoate)"	"Sex"	"Female"	"SexFemale"	-0.103073951912161	-0.0946946073416741	0.376518234350641	0.982551456934822	0.997832217314607	0.982551456934822	0.998451798775976	NA	"abundance"	46	46
"PWY-7286: 7-(3-amino-3-carboxypropyl)-wyosine biosynthesis"	"TimeNW"	"TimeNW"	"TimeNW"	0.00209575976031655	-0.0144260567140095	0.686376922282773	0.981792752428745	0.997832217314607	0.693787475634001	0.993695588454555	NA	"abundance"	46	11
"PWY1ZNC-1: assimilatory sulfate reduction IV"	"Age"	"Age"	"Age"	0.120814961503652	0.115099219485005	0.243446872119514	0.981442396133216	0.997832217314607	0.673689616709888	0.993695588454555	NA	"abundance"	46	42
"HCAMHPDEG-PWY: 3-phenylpropanoate and 3-(3-hydroxyphenyl)propanoate degradation to 2-hydroxypentadienoate"	"Location"	"Centre"	"LocationCentre"	0.0173893921196526	0	0.733301555337067	0.981080870341528	0.997832217314607	0.0397163134474415	0.667846772939063	NA	"prevalence"	46	14
"PWY-5198: factor 420 biosynthesis II (mycobacteria)"	"FI"	"FI"	"FI"	-0.00761802926444658	0	0.347496449961688	0.982509688670797	0.997832217314607	0.930004552134261	0.998451798775976	NA	"prevalence"	46	12
"PWY-6167: flavin biosynthesis II (archaea)"	"Age"	"Age"	"Age"	0.00947188917639456	0	0.430999980607523	0.982466667789556	0.997832217314607	0.982466667789556	0.998451798775976	NA	"prevalence"	46	8
"PWY-6470: peptidoglycan biosynthesis V (&beta;-lactam resistance)"	"FI"	"FI"	"FI"	-0.0086102981884625	0	0.413877586471268	0.98340202832575	0.997832217314607	0.61619317092058	0.993695588454555	NA	"prevalence"	46	41
"PWY-6690: cinnamate and 3-hydroxycinnamate degradation to 2-hydroxypentadienoate"	"Location"	"Centre"	"LocationCentre"	0.0173893921196526	0	0.733301555337067	0.981080870341528	0.997832217314607	0.0397184651532105	0.667846772939063	NA	"prevalence"	46	14
"PWY-7200: superpathway of pyrimidine deoxyribonucleoside salvage"	"Sex"	"Female"	"SexFemale"	0.0300252606374734	0	1.12382361881011	0.978685407791374	0.997832217314607	0.978685407791374	0.998451798775976	NA	"prevalence"	46	4
"PWY0-1277: 3-phenylpropanoate and 3-(3-hydroxyphenyl)propanoate degradation"	"Location"	"Centre"	"LocationCentre"	0.0173893921196526	0	0.733301555337067	0.981080870341528	0.997832217314607	0.0146771082686964	0.343840120676765	NA	"prevalence"	46	14
"COBALSYN-PWY: superpathway of adenosylcobalamin salvage from cobinamide I"	"TimeNW"	"TimeNW"	"TimeNW"	-0.0124313539034722	-0.0144260567140095	0.0812730605449573	0.984042242712797	0.997856628446116	0.984042242712797	0.998451798775976	NA	"abundance"	46	46
"RHAMCAT-PWY: L-rhamnose degradation I"	"FI"	"FI"	"FI"	-0.020350600512823	-0.0218447081487729	0.0726040206984044	0.984347184860999	0.997856628446116	0.984347184860999	0.998451798775976	NA	"abundance"	46	46
"TCA: TCA cycle I (prokaryotic)"	"TimeNW"	"TimeNW"	"TimeNW"	-0.00636727163217532	0	0.313107833128197	0.983775565289711	0.997856628446116	0.666676798641124	0.993695588454555	NA	"prevalence"	46	27
"PWY-8004: Entner-Doudoroff pathway I"	"Location"	"Centre"	"LocationCentre"	-0.139028461047213	-0.134762365173622	0.215068907642067	0.984658890087823	0.997861363512762	0.984658890087823	0.998451798775976	NA	"abundance"	46	46
"PWY-5209: methyl-coenzyme M oxidation to CO2"	"TimeNW"	"TimeNW"	"TimeNW"	-0.0263265612259695	-0.0144260567140095	0.634289126534292	0.985984253831379	0.998537541863826	0.762532722790905	0.993695588454555	NA	"abundance"	46	10
"PWY-7204: pyridoxal 5'-phosphate salvage II (plants)"	"FI"	"FI"	"FI"	-0.0181952294805443	-0.0218447081487729	0.212307219262896	0.986533710918118	0.998537541863826	0.692753831334949	0.993695588454555	NA	"abundance"	46	23
"PWY0-162: superpathway of pyrimidine ribonucleotides de novo biosynthesis"	"Sex"	"Female"	"SexFemale"	-0.0975707070222891	-0.0946946073416741	0.148999159303535	0.985744945038323	0.998537541863826	0.985744945038323	0.998451798775976	NA	"abundance"	46	46
"P125-PWY: superpathway of (R,R)-butanediol biosynthesis"	"Sex"	"Female"	"SexFemale"	-0.0103685862582466	0	0.615291898506034	0.98655509136146	0.998537541863826	0.781536609311457	0.993695588454555	NA	"prevalence"	46	19
"COMPLETE-ARO-PWY: superpathway of aromatic amino acid biosynthesis"	"Location"	"Centre"	"LocationCentre"	-0.133568929279324	-0.134762365173622	0.0651090874484715	0.988617338114425	0.99886879335171	0.988617338114425	0.998451798775976	NA	"abundance"	46	46
"GALACTUROCAT-PWY: D-galacturonate degradation I"	"TimeNW"	"TimeNW"	"TimeNW"	-0.0160199239084028	-0.0144260567140095	0.106367891565219	0.989497123050926	0.99886879335171	0.989497123050926	0.998451798775976	NA	"abundance"	46	46
"PWY-5920: superpathway of heme b biosynthesis from glycine"	"TimeNW"	"TimeNW"	"TimeNW"	-0.00891451787589309	-0.0144260567140095	0.472272366879177	0.990877843004896	0.99886879335171	0.741216194003256	0.993695588454555	NA	"abundance"	46	25
"PWY-6906: chitin derivatives degradation"	"Location"	"Centre"	"LocationCentre"	-0.139794029411294	-0.134762365173622	0.434390094283978	0.99087083622711	0.99886879335171	0.435252090497135	0.993695588454555	NA	"abundance"	46	37
"PWY-7234: inosine-5'-phosphate biosynthesis III"	"FI"	"FI"	"FI"	-0.0236506393866243	-0.0218447081487729	0.127092725608027	0.988870803766187	0.99886879335171	0.988870803766187	0.998451798775976	NA	"abundance"	46	46
"PWY-7234: inosine-5'-phosphate biosynthesis III"	"TimeNW"	"TimeNW"	"TimeNW"	-0.0162591457039537	-0.0144260567140095	0.132407656338123	0.989895678344174	0.99886879335171	0.989895678344174	0.998451798775976	NA	"abundance"	46	46
"PWY-7761: NAD salvage pathway II (PNC IV cycle)"	"FI"	"FI"	"FI"	-0.0197645329107856	-0.0218447081487729	0.137116791655506	0.988098754051809	0.99886879335171	0.988098754051809	0.998451798775976	NA	"abundance"	46	46
"PWY0-1296: purine ribonucleosides degradation"	"TimeNW"	"TimeNW"	"TimeNW"	-0.0130681965966094	-0.0144260567140095	0.0681420202983829	0.987867177917621	0.99886879335171	0.987867177917621	0.998451798775976	NA	"abundance"	46	46
"PWY0-862: (5Z)-dodecenoate biosynthesis I"	"Sex"	"Female"	"SexFemale"	-0.0902501657703072	-0.0946946073416741	0.37616378183375	0.990723485193057	0.99886879335171	0.990723485193057	0.998451798775976	NA	"abundance"	46	46
"GLUCOSE1PMETAB-PWY: glucose and glucose-1-phosphate degradation"	"Sex"	"Female"	"SexFemale"	-0.00847715993924368	0	0.694386610959779	0.990259565894336	0.99886879335171	0.300241310070969	0.955181551235005	NA	"prevalence"	46	35
"HEME-BIOSYNTHESIS-II-1: heme b biosynthesis V (aerobic)"	"Location"	"Centre"	"LocationCentre"	0.00811940252480868	0	0.708878857552668	0.99086133801125	0.99886879335171	0.990500820086358	0.998451798775976	NA	"prevalence"	46	32
"PWY-6992: 1,5-anhydrofructose degradation"	"Location"	"Centre"	"LocationCentre"	-0.0106943993016464	0	0.669982426697022	0.98726454096217	0.99886879335171	0.522802101012107	0.993695588454555	NA	"prevalence"	46	20
"PWY66-391: fatty acid &beta;-oxidation VI (mammalian peroxisome)"	"TimeNW"	"TimeNW"	"TimeNW"	0.00370487228483201	0	0.313901218042589	0.990583050985491	0.99886879335171	0.864348886069901	0.993695588454555	NA	"prevalence"	46	29
"PWY-5845: superpathway of menaquinol-9 biosynthesis"	"Sex"	"Female"	"SexFemale"	0.00759655525913707	0	0.716723579266495	0.991543377601121	0.998920017732066	0.986879382465236	0.998451798775976	NA	"prevalence"	46	36
"PWY-5862: superpathway of demethylmenaquinol-9 biosynthesis"	"Sex"	"Female"	"SexFemale"	0.00759655525913707	0	0.716723579266495	0.991543377601121	0.998920017732066	0.987062009663364	0.998451798775976	NA	"prevalence"	46	36
"BRANCHED-CHAIN-AA-SYN-PWY: superpathway of branched chain amino acid biosynthesis"	"Location"	"Centre"	"LocationCentre"	-0.134444315108072	-0.134762365173622	0.0528785346735212	0.996590643206175	1	0.996590643206175	0.999466806678632	NA	"abundance"	46	46
"P621-PWY: nylon-6 oligomer degradation"	"Sex"	"Female"	"SexFemale"	-0.0986449449249402	-0.0946946073416741	1.31059400338293	0.997712262575931	1	0.999317413169299	0.999796932081568	NA	"abundance"	46	11
"PROPFERM-PWY: superpathway of L-alanine fermentation (Stickland reaction)"	"Age"	"Age"	"Age"	0.115099219485005	0.115099219485005	0.335527417019909	1	1	0.687917228123903	0.993695588454555	NA	"abundance"	46	7
"PWY-5941: glycogen degradation II"	"Age"	"Age"	"Age"	0.115330316701686	0.115099219485005	0.0685350730526707	0.99744841530462	1	0.99744841530462	0.999573552303566	NA	"abundance"	46	46
"PWY-6305: superpathway of putrescine biosynthesis"	"TimeNW"	"TimeNW"	"TimeNW"	-0.0147616061021454	-0.0144260567140095	0.131024446713481	0.99813531697651	1	0.99813531697651	0.999573552303566	NA	"abundance"	46	46
"PWY-6897: thiamine diphosphate salvage II"	"Location"	"Centre"	"LocationCentre"	-0.134762365173622	-0.134762365173622	0.0992430122590797	1	1	1	1	NA	"abundance"	46	46
"PWY-6901: superpathway of glucose and xylose degradation"	"TimeNW"	"TimeNW"	"TimeNW"	-0.014344606838706	-0.0144260567140095	0.0485106367237197	0.999137039190015	1	0.999137039190015	0.999796932081568	NA	"abundance"	46	46
"PWY-7210: pyrimidine deoxyribonucleotides biosynthesis from CTP"	"Location"	"Centre"	"LocationCentre"	-0.135860312775847	-0.134762365173622	0.731503332890358	0.998817725592632	1	0.996078990161123	0.999466806678632	NA	"abundance"	46	27
"PWY-7234: inosine-5'-phosphate biosynthesis III"	"Sex"	"Female"	"SexFemale"	-0.0961007356446788	-0.0946946073416741	0.258974498658373	0.995795464463657	1	0.995795464463657	0.999466806678632	NA	"abundance"	46	46
"PWY-7286: 7-(3-amino-3-carboxypropyl)-wyosine biosynthesis"	"Age"	"Age"	"Age"	0.113650038635798	0.115099219485005	0.324191214084076	0.996605446682655	1	0.868057709997978	0.994107327529712	NA	"abundance"	46	11
"PWY-8187: L-arginine degradation XIII (reductive Stickland reaction)"	"FI"	"FI"	"FI"	-0.0225356690993488	-0.0218447081487729	0.111066550231171	0.995145152059711	1	0.995145152059711	0.999466806678632	NA	"abundance"	46	46
"PWY-8188: L-alanine degradation VI (reductive Stickland reaction)"	"Age"	"Age"	"Age"	0.115099219485005	0.115099219485005	0.335527417019909	1	1	0.687917228123903	0.993695588454555	NA	"abundance"	46	7
"PWY-8189: L-alanine degradation V (oxidative Stickland reaction)"	"Age"	"Age"	"Age"	0.115099219485005	0.115099219485005	0.335527417019909	1	1	0.687917228123903	0.993695588454555	NA	"abundance"	46	7
"PWY-822: fructan biosynthesis"	"Age"	"Age"	"Age"	0.114909085655862	0.115099219485005	0.283704592503877	0.999479986455416	1	0.95191616479616	0.998451798775976	NA	"abundance"	46	15
"PWY0-166: superpathway of pyrimidine deoxyribonucleotides de novo biosynthesis (E. coli)"	"Sex"	"Female"	"SexFemale"	-0.0932884790386694	-0.0946946073416741	0.626217089762773	0.998233121118122	1	0.729784160016956	0.993695588454555	NA	"abundance"	46	29
"PWY66-399: gluconeogenesis III"	"FI"	"FI"	"FI"	-0.0211537471981971	-0.0218447081487729	0.117472250468033	0.995410713710984	1	0.91488207452184	0.998451798775976	NA	"abundance"	46	45
"PWY66-409: superpathway of purine nucleotide salvage"	"TimeNW"	"TimeNW"	"TimeNW"	-0.0144260567140095	-0.0144260567140095	0.168348870432948	1	1	0.94590199347177	0.998451798775976	NA	"abundance"	46	43
"ARG+POLYAMINE-SYN: superpathway of arginine and polyamine biosynthesis"	"TimeNW"	"TimeNW"	"TimeNW"	-0.00302077286865247	0	0.545292265729653	0.995579956186144	1	0.740126819959665	0.993695588454555	NA	"prevalence"	46	44
"GALACT-GLUCUROCAT-PWY: superpathway of hexuronide and hexuronate degradation"	"TimeNW"	"TimeNW"	"TimeNW"	-0.00302077286865247	0	0.545292265729653	0.995579956186144	1	0.956986021803688	0.998451798775976	NA	"prevalence"	46	44
"KDO-NAGLIPASYN-PWY: superpathway of (Kdo)2-lipid A biosynthesis"	"TimeNW"	"TimeNW"	"TimeNW"	-0.00205741614365612	0	0.329952022205901	0.995024822313825	1	0.05415789631472	0.686415561393386	NA	"prevalence"	46	18
"POLYAMSYN-PWY: superpathway of polyamine biosynthesis I"	"TimeNW"	"TimeNW"	"TimeNW"	-0.00302077286865247	0	0.545292265729653	0.995579956186144	1	0.785448534138151	0.993695588454555	NA	"prevalence"	46	44
"PWY-6350: archaetidylinositol biosynthesis"	"TimeNW"	"TimeNW"	"TimeNW"	-0.00278759336714798	0	0.525541601911762	0.995767856870109	1	0.995767856870109	0.999466806678632	NA	"prevalence"	46	10
"PWY-6572: chondroitin sulfate degradation I (bacterial)"	"FI"	"FI"	"FI"	0.000952929284713713	0	0.349121627541761	0.997822172676422	1	0.0564528584818213	0.686415561393386	NA	"prevalence"	46	20
"PWY-6906: chitin derivatives degradation"	"Sex"	"Female"	"SexFemale"	0.00464303427959053	0	0.746657033010764	0.995038442915777	1	0.973645260214534	0.998451798775976	NA	"prevalence"	46	37
"3-HYDROXYPHENYLACETATE-DEGRADATION-PWY: 4-hydroxyphenylacetate degradation"	"Age"	"Age"	"Age"	2.60344886925335	NA	NA	NA	NA	0.0360406183796779	0.643721184954625	"Fitting error (NA p-value returned from fitting procedure)"	"abundance"	46	6
"3-HYDROXYPHENYLACETATE-DEGRADATION-PWY: 4-hydroxyphenylacetate degradation"	"FI"	"FI"	"FI"	-1.70722582371705	NA	NA	NA	NA	0.312296330685094	0.959114612886705	"Fitting error (NA p-value returned from fitting procedure)"	"abundance"	46	6
"3-HYDROXYPHENYLACETATE-DEGRADATION-PWY: 4-hydroxyphenylacetate degradation"	"Location"	"Centre"	"LocationCentre"	-6.797587327359	NA	NA	NA	NA	0.91991535348311	0.998451798775976	"Fitting error (NA p-value returned from fitting procedure)"	"abundance"	46	6
"3-HYDROXYPHENYLACETATE-DEGRADATION-PWY: 4-hydroxyphenylacetate degradation"	"Sex"	"Female"	"SexFemale"	-11.5119821012505	NA	NA	NA	NA	0.615186657733059	0.993695588454555	"Fitting error (NA p-value returned from fitting procedure)"	"abundance"	46	6
"3-HYDROXYPHENYLACETATE-DEGRADATION-PWY: 4-hydroxyphenylacetate degradation"	"TimeNW"	"TimeNW"	"TimeNW"	-11.502950131748	NA	NA	NA	NA	0.764265115113529	0.993695588454555	"Fitting error (NA p-value returned from fitting procedure)"	"abundance"	46	6
"CATECHOL-ORTHO-CLEAVAGE-PWY: catechol degradation to &beta;-ketoadipate"	"Age"	"Age"	"Age"	16.9124875508217	NA	NA	NA	NA	0.805219425569993	0.993695588454555	"Fitting error (NA p-value returned from fitting procedure)"	"abundance"	46	6
"CATECHOL-ORTHO-CLEAVAGE-PWY: catechol degradation to &beta;-ketoadipate"	"FI"	"FI"	"FI"	-15.3802958389511	NA	NA	NA	NA	0.111676707100075	0.816855125839389	"Fitting error (NA p-value returned from fitting procedure)"	"abundance"	46	6
"CATECHOL-ORTHO-CLEAVAGE-PWY: catechol degradation to &beta;-ketoadipate"	"Location"	"Centre"	"LocationCentre"	-28.0219472756617	NA	NA	NA	NA	0.275268792253412	0.954417715573453	"Fitting error (NA p-value returned from fitting procedure)"	"abundance"	46	6
"CATECHOL-ORTHO-CLEAVAGE-PWY: catechol degradation to &beta;-ketoadipate"	"Sex"	"Female"	"SexFemale"	-12.1782755490293	NA	NA	NA	NA	0.289251409308592	0.954417715573453	"Fitting error (NA p-value returned from fitting procedure)"	"abundance"	46	6
"CATECHOL-ORTHO-CLEAVAGE-PWY: catechol degradation to &beta;-ketoadipate"	"TimeNW"	"TimeNW"	"TimeNW"	-78.1415724203142	NA	NA	NA	NA	0.260931389278258	0.954417715573453	"Fitting error (NA p-value returned from fitting procedure)"	"abundance"	46	6
"P163-PWY: L-lysine fermentation to acetate and butanoate"	"Age"	"Age"	"Age"	1.70790223782948	NA	NA	NA	NA	0.349920333640748	0.968877380286383	"Fitting error (NA p-value returned from fitting procedure)"	"abundance"	46	5
"P163-PWY: L-lysine fermentation to acetate and butanoate"	"FI"	"FI"	"FI"	7.79122733363406	NA	NA	NA	NA	0.580914287510576	0.993695588454555	"Fitting error (NA p-value returned from fitting procedure)"	"abundance"	46	5
"P163-PWY: L-lysine fermentation to acetate and butanoate"	"Location"	"Centre"	"LocationCentre"	NA	NA	NA	NA	NA	0.364980743753699	0.968877380286383	"Fitting error (NA p-value returned from fitting procedure)"	"abundance"	46	5
"P163-PWY: L-lysine fermentation to acetate and butanoate"	"Sex"	"Female"	"SexFemale"	-2.88802562796124	NA	NA	NA	NA	0.935517754072281	0.998451798775976	"Fitting error (NA p-value returned from fitting procedure)"	"abundance"	46	5
"P163-PWY: L-lysine fermentation to acetate and butanoate"	"TimeNW"	"TimeNW"	"TimeNW"	14.0689043428625	NA	NA	NA	NA	0.723511365304286	0.993695588454555	"Fitting error (NA p-value returned from fitting procedure)"	"abundance"	46	5
"PROTOCATECHUATE-ORTHO-CLEAVAGE-PWY: protocatechuate degradation II (ortho-cleavage pathway)"	"Age"	"Age"	"Age"	NA	NA	NA	NA	NA	0.116465961444967	0.816855125839389	"No data points have the baseline factor level"	"abundance"	46	7
"PROTOCATECHUATE-ORTHO-CLEAVAGE-PWY: protocatechuate degradation II (ortho-cleavage pathway)"	"FI"	"FI"	"FI"	NA	NA	NA	NA	NA	0.189059975936381	0.905949068804327	"No data points have the baseline factor level"	"abundance"	46	7
"PROTOCATECHUATE-ORTHO-CLEAVAGE-PWY: protocatechuate degradation II (ortho-cleavage pathway)"	"Location"	"Centre"	"LocationCentre"	NA	NA	NA	NA	NA	0.904462234249947	0.998451798775976	"No data points have the baseline factor level"	"abundance"	46	7
"PROTOCATECHUATE-ORTHO-CLEAVAGE-PWY: protocatechuate degradation II (ortho-cleavage pathway)"	"Sex"	"Female"	"SexFemale"	NA	NA	NA	NA	NA	0.116648520622691	0.816855125839389	"No data points have the baseline factor level"	"abundance"	46	7
"PROTOCATECHUATE-ORTHO-CLEAVAGE-PWY: protocatechuate degradation II (ortho-cleavage pathway)"	"TimeNW"	"TimeNW"	"TimeNW"	NA	NA	NA	NA	NA	0.293284960218552	0.954417715573453	"No data points have the baseline factor level"	"abundance"	46	7
"PWY-5004: superpathway of L-citrulline metabolism"	"Age"	"Age"	"Age"	1.56611997459472	NA	NA	NA	NA	0.917664410052362	0.998451798775976	"Fitting error (NA p-value returned from fitting procedure)"	"abundance"	46	6
"PWY-5004: superpathway of L-citrulline metabolism"	"FI"	"FI"	"FI"	-2.00969559846702	NA	NA	NA	NA	0.725055981738936	0.993695588454555	"Fitting error (NA p-value returned from fitting procedure)"	"abundance"	46	6
"PWY-5004: superpathway of L-citrulline metabolism"	"Location"	"Centre"	"LocationCentre"	-4.18965582399478	NA	NA	NA	NA	0.383733730537692	0.980622710853004	"Fitting error (NA p-value returned from fitting procedure)"	"abundance"	46	6
"PWY-5004: superpathway of L-citrulline metabolism"	"Sex"	"Female"	"SexFemale"	-8.13218413011253	NA	NA	NA	NA	0.665844958929924	0.993695588454555	"Fitting error (NA p-value returned from fitting procedure)"	"abundance"	46	6
"PWY-5004: superpathway of L-citrulline metabolism"	"TimeNW"	"TimeNW"	"TimeNW"	-1.9771832781084	NA	NA	NA	NA	0.0986890993494831	0.782480255952523	"Fitting error (NA p-value returned from fitting procedure)"	"abundance"	46	6
"PWY-5392: reductive TCA cycle II"	"Age"	"Age"	"Age"	NA	NA	NA	NA	NA	0.747752628008564	0.993695588454555	"No data points have the baseline factor level"	"abundance"	46	7
"PWY-5392: reductive TCA cycle II"	"FI"	"FI"	"FI"	NA	NA	NA	NA	NA	0.411566527073633	0.992909460673586	"No data points have the baseline factor level"	"abundance"	46	7
"PWY-5392: reductive TCA cycle II"	"Location"	"Centre"	"LocationCentre"	NA	NA	NA	NA	NA	0.0980544853246828	0.782480255952523	"No data points have the baseline factor level"	"abundance"	46	7
"PWY-5392: reductive TCA cycle II"	"Sex"	"Female"	"SexFemale"	NA	NA	NA	NA	NA	0.318741168075618	0.959114612886705	"No data points have the baseline factor level"	"abundance"	46	7
"PWY-5392: reductive TCA cycle II"	"TimeNW"	"TimeNW"	"TimeNW"	NA	NA	NA	NA	NA	0.308241915097681	0.959114612886705	"No data points have the baseline factor level"	"abundance"	46	7
"PWY-5417: catechol degradation III (ortho-cleavage pathway)"	"Age"	"Age"	"Age"	NA	NA	NA	NA	NA	0.429811693272927	0.993695588454555	"No data points have the baseline factor level"	"abundance"	46	5
"PWY-5417: catechol degradation III (ortho-cleavage pathway)"	"FI"	"FI"	"FI"	NA	NA	NA	NA	NA	0.197468996083659	0.906022929422719	"No data points have the baseline factor level"	"abundance"	46	5
"PWY-5417: catechol degradation III (ortho-cleavage pathway)"	"Location"	"Centre"	"LocationCentre"	NA	NA	NA	NA	NA	0.524908762345411	0.993695588454555	"No data points have the baseline factor level"	"abundance"	46	5
"PWY-5417: catechol degradation III (ortho-cleavage pathway)"	"Sex"	"Female"	"SexFemale"	NA	NA	NA	NA	NA	0.17931917917481	0.905949068804327	"No data points have the baseline factor level"	"abundance"	46	5
"PWY-5417: catechol degradation III (ortho-cleavage pathway)"	"TimeNW"	"TimeNW"	"TimeNW"	NA	NA	NA	NA	NA	0.341200801719854	0.96473999596638	"No data points have the baseline factor level"	"abundance"	46	5
"PWY-5431: aromatic compounds degradation via &beta;-ketoadipate"	"Age"	"Age"	"Age"	NA	NA	NA	NA	NA	0.429811693272927	0.993695588454555	"No data points have the baseline factor level"	"abundance"	46	5
"PWY-5431: aromatic compounds degradation via &beta;-ketoadipate"	"FI"	"FI"	"FI"	NA	NA	NA	NA	NA	0.197468996083659	0.906022929422719	"No data points have the baseline factor level"	"abundance"	46	5
"PWY-5431: aromatic compounds degradation via &beta;-ketoadipate"	"Location"	"Centre"	"LocationCentre"	NA	NA	NA	NA	NA	0.524908762345411	0.993695588454555	"No data points have the baseline factor level"	"abundance"	46	5
"PWY-5431: aromatic compounds degradation via &beta;-ketoadipate"	"Sex"	"Female"	"SexFemale"	NA	NA	NA	NA	NA	0.17931917917481	0.905949068804327	"No data points have the baseline factor level"	"abundance"	46	5
"PWY-5431: aromatic compounds degradation via &beta;-ketoadipate"	"TimeNW"	"TimeNW"	"TimeNW"	NA	NA	NA	NA	NA	0.341200801719854	0.96473999596638	"No data points have the baseline factor level"	"abundance"	46	5
"PWY-6167: flavin biosynthesis II (archaea)"	"Age"	"Age"	"Age"	NA	NA	NA	NA	NA	0.982466667789556	0.998451798775976	"No data points have the baseline factor level"	"abundance"	46	8
"PWY-6167: flavin biosynthesis II (archaea)"	"FI"	"FI"	"FI"	NA	NA	NA	NA	NA	0.0811282457605749	0.749380216962365	"No data points have the baseline factor level"	"abundance"	46	8
"PWY-6167: flavin biosynthesis II (archaea)"	"Location"	"Centre"	"LocationCentre"	NA	NA	NA	NA	NA	0.0599984120569138	0.686415561393386	"No data points have the baseline factor level"	"abundance"	46	8
"PWY-6167: flavin biosynthesis II (archaea)"	"Sex"	"Female"	"SexFemale"	NA	NA	NA	NA	NA	0.907861032465136	0.998451798775976	"No data points have the baseline factor level"	"abundance"	46	8
"PWY-6167: flavin biosynthesis II (archaea)"	"TimeNW"	"TimeNW"	"TimeNW"	NA	NA	NA	NA	NA	0.777372618725397	0.993695588454555	"No data points have the baseline factor level"	"abundance"	46	8
"PWY-6328: L-lysine degradation X"	"Age"	"Age"	"Age"	-3.21998327433828	NA	NA	NA	NA	0.0513296852426671	0.686415561393386	"Fitting error (NA p-value returned from fitting procedure)"	"abundance"	46	5
"PWY-6328: L-lysine degradation X"	"FI"	"FI"	"FI"	2.13519687674564	NA	NA	NA	NA	0.380853010826036	0.980279247207519	"Fitting error (NA p-value returned from fitting procedure)"	"abundance"	46	5
"PWY-6328: L-lysine degradation X"	"Location"	"Centre"	"LocationCentre"	NA	NA	NA	NA	NA	0.763393892813735	0.993695588454555	"Fitting error (NA p-value returned from fitting procedure)"	"abundance"	46	5
"PWY-6328: L-lysine degradation X"	"Sex"	"Female"	"SexFemale"	-13.6101882543013	NA	NA	NA	NA	0.728894590670784	0.993695588454555	"Fitting error (NA p-value returned from fitting procedure)"	"abundance"	46	5
"PWY-6328: L-lysine degradation X"	"TimeNW"	"TimeNW"	"TimeNW"	-9.41899231211882	NA	NA	NA	NA	0.954393115561814	0.998451798775976	"Fitting error (NA p-value returned from fitting procedure)"	"abundance"	46	5
"PWY-6349: CDP-archaeol biosynthesis"	"Age"	"Age"	"Age"	NA	NA	NA	NA	NA	0.342911387283842	0.96473999596638	"No data points have the baseline factor level"	"abundance"	46	11
"PWY-6349: CDP-archaeol biosynthesis"	"FI"	"FI"	"FI"	NA	NA	NA	NA	NA	0.372637351381611	0.977433209363127	"No data points have the baseline factor level"	"abundance"	46	11
"PWY-6349: CDP-archaeol biosynthesis"	"Location"	"Centre"	"LocationCentre"	NA	NA	NA	NA	NA	0.0235472237141435	0.476659819844556	"No data points have the baseline factor level"	"abundance"	46	11
"PWY-6349: CDP-archaeol biosynthesis"	"Sex"	"Female"	"SexFemale"	NA	NA	NA	NA	NA	0.268025041575638	0.954417715573453	"No data points have the baseline factor level"	"abundance"	46	11
"PWY-6349: CDP-archaeol biosynthesis"	"TimeNW"	"TimeNW"	"TimeNW"	NA	NA	NA	NA	NA	0.92228972110827	0.998451798775976	"No data points have the baseline factor level"	"abundance"	46	11
"PWY-6350: archaetidylinositol biosynthesis"	"Age"	"Age"	"Age"	NA	NA	NA	NA	NA	0.115390330980926	0.816855125839389	"No data points have the baseline factor level"	"abundance"	46	10
"PWY-6350: archaetidylinositol biosynthesis"	"FI"	"FI"	"FI"	NA	NA	NA	NA	NA	0.282610743811972	0.954417715573453	"No data points have the baseline factor level"	"abundance"	46	10
"PWY-6350: archaetidylinositol biosynthesis"	"Location"	"Centre"	"LocationCentre"	NA	NA	NA	NA	NA	0.0355690917082043	0.643721184954625	"No data points have the baseline factor level"	"abundance"	46	10
"PWY-6350: archaetidylinositol biosynthesis"	"Sex"	"Female"	"SexFemale"	NA	NA	NA	NA	NA	0.117201155251875	0.816855125839389	"No data points have the baseline factor level"	"abundance"	46	10
"PWY-6350: archaetidylinositol biosynthesis"	"TimeNW"	"TimeNW"	"TimeNW"	NA	NA	NA	NA	NA	0.995767856870109	0.999466806678632	"No data points have the baseline factor level"	"abundance"	46	10
"PWY-6396: superpathway of 2,3-butanediol biosynthesis"	"Age"	"Age"	"Age"	-2.52768549721286	NA	NA	NA	NA	0.274728235883404	0.954417715573453	"Fitting error (NA p-value returned from fitting procedure)"	"abundance"	46	5
"PWY-6396: superpathway of 2,3-butanediol biosynthesis"	"FI"	"FI"	"FI"	1.22869101386555	NA	NA	NA	NA	0.428423132115713	0.993695588454555	"Fitting error (NA p-value returned from fitting procedure)"	"abundance"	46	5
"PWY-6396: superpathway of 2,3-butanediol biosynthesis"	"Location"	"Centre"	"LocationCentre"	NA	NA	NA	NA	NA	0.459053527892024	0.993695588454555	"Fitting error (NA p-value returned from fitting procedure)"	"abundance"	46	5
"PWY-6396: superpathway of 2,3-butanediol biosynthesis"	"Sex"	"Female"	"SexFemale"	1.72985874207753	NA	NA	NA	NA	0.963773149606952	0.998451798775976	"Fitting error (NA p-value returned from fitting procedure)"	"abundance"	46	5
"PWY-6396: superpathway of 2,3-butanediol biosynthesis"	"TimeNW"	"TimeNW"	"TimeNW"	2.17768645348622	NA	NA	NA	NA	0.228754418261649	0.931415651367086	"Fitting error (NA p-value returned from fitting procedure)"	"abundance"	46	5
"PWY-6471: peptidoglycan biosynthesis IV (Enterococcus faecium)"	"Age"	"Age"	"Age"	-0.252542741768965	NA	NA	NA	NA	0.14155275980628	0.872384882691619	"Fitting error (NA p-value returned from fitting procedure)"	"abundance"	46	5
"PWY-6471: peptidoglycan biosynthesis IV (Enterococcus faecium)"	"FI"	"FI"	"FI"	-0.904069706052453	NA	NA	NA	NA	0.68693926281987	0.993695588454555	"Fitting error (NA p-value returned from fitting procedure)"	"abundance"	46	5
"PWY-6471: peptidoglycan biosynthesis IV (Enterococcus faecium)"	"Location"	"Centre"	"LocationCentre"	NA	NA	NA	NA	NA	0.817853356406918	0.993695588454555	"Fitting error (NA p-value returned from fitting procedure)"	"abundance"	46	5
"PWY-6471: peptidoglycan biosynthesis IV (Enterococcus faecium)"	"Sex"	"Female"	"SexFemale"	1.16632754143594	NA	NA	NA	NA	0.473274134037332	0.993695588454555	"Fitting error (NA p-value returned from fitting procedure)"	"abundance"	46	5
"PWY-6471: peptidoglycan biosynthesis IV (Enterococcus faecium)"	"TimeNW"	"TimeNW"	"TimeNW"	-1.42620069296275	NA	NA	NA	NA	0.555013115429451	0.993695588454555	"Fitting error (NA p-value returned from fitting procedure)"	"abundance"	46	5
"PWY-6562: norspermidine biosynthesis"	"Age"	"Age"	"Age"	0.997167972482832	NA	NA	NA	NA	0.933975750097469	0.998451798775976	"Fitting error (NA p-value returned from fitting procedure)"	"abundance"	46	5
"PWY-6562: norspermidine biosynthesis"	"FI"	"FI"	"FI"	-2.12449256733247	NA	NA	NA	NA	0.957277474382919	0.998451798775976	"Fitting error (NA p-value returned from fitting procedure)"	"abundance"	46	5
"PWY-6562: norspermidine biosynthesis"	"Location"	"Centre"	"LocationCentre"	NA	NA	NA	NA	NA	0.940338198224369	0.998451798775976	"Fitting error (NA p-value returned from fitting procedure)"	"abundance"	46	5
"PWY-6562: norspermidine biosynthesis"	"Sex"	"Female"	"SexFemale"	-3.85350629991503	NA	NA	NA	NA	0.560036899588911	0.993695588454555	"Fitting error (NA p-value returned from fitting procedure)"	"abundance"	46	5
"PWY-6562: norspermidine biosynthesis"	"TimeNW"	"TimeNW"	"TimeNW"	-0.390600066230822	NA	NA	NA	NA	0.601745395030367	0.993695588454555	"Fitting error (NA p-value returned from fitting procedure)"	"abundance"	46	5
"PWY-6797: 6-hydroxymethyl-dihydropterin diphosphate biosynthesis II (Methanocaldococcus)"	"Age"	"Age"	"Age"	0.512811957034189	NA	NA	NA	NA	0.94906772925488	0.998451798775976	"Fitting error (NA p-value returned from fitting procedure)"	"abundance"	46	5
"PWY-6797: 6-hydroxymethyl-dihydropterin diphosphate biosynthesis II (Methanocaldococcus)"	"FI"	"FI"	"FI"	-1.1118361300294	NA	NA	NA	NA	0.711213063114085	0.993695588454555	"Fitting error (NA p-value returned from fitting procedure)"	"abundance"	46	5
"PWY-6797: 6-hydroxymethyl-dihydropterin diphosphate biosynthesis II (Methanocaldococcus)"	"Location"	"Centre"	"LocationCentre"	NA	NA	NA	NA	NA	0.498817795301181	0.993695588454555	"Fitting error (NA p-value returned from fitting procedure)"	"abundance"	46	5
"PWY-6797: 6-hydroxymethyl-dihydropterin diphosphate biosynthesis II (Methanocaldococcus)"	"Sex"	"Female"	"SexFemale"	-1.08116286100795	NA	NA	NA	NA	0.770038448145406	0.993695588454555	"Fitting error (NA p-value returned from fitting procedure)"	"abundance"	46	5
"PWY-6797: 6-hydroxymethyl-dihydropterin diphosphate biosynthesis II (Methanocaldococcus)"	"TimeNW"	"TimeNW"	"TimeNW"	-2.29932486034827	NA	NA	NA	NA	0.411104162191157	0.992909460673586	"Fitting error (NA p-value returned from fitting procedure)"	"abundance"	46	5
"PWY-7031: protein N-glycosylation (bacterial)"	"Age"	"Age"	"Age"	NA	NA	NA	NA	NA	0.874460911550873	0.996783998657935	"No data points have the baseline factor level"	"abundance"	46	6
"PWY-7031: protein N-glycosylation (bacterial)"	"FI"	"FI"	"FI"	NA	NA	NA	NA	NA	0.0705087569576417	0.730734916396603	"No data points have the baseline factor level"	"abundance"	46	6
"PWY-7031: protein N-glycosylation (bacterial)"	"Location"	"Centre"	"LocationCentre"	NA	NA	NA	NA	NA	0.157987696828938	0.897061821880354	"No data points have the baseline factor level"	"abundance"	46	6
"PWY-7031: protein N-glycosylation (bacterial)"	"Sex"	"Female"	"SexFemale"	NA	NA	NA	NA	NA	0.281310512881317	0.954417715573453	"No data points have the baseline factor level"	"abundance"	46	6
"PWY-7031: protein N-glycosylation (bacterial)"	"TimeNW"	"TimeNW"	"TimeNW"	NA	NA	NA	NA	NA	0.747760860187668	0.993695588454555	"No data points have the baseline factor level"	"abundance"	46	6
"PWY-7200: superpathway of pyrimidine deoxyribonucleoside salvage"	"Age"	"Age"	"Age"	NA	NA	NA	NA	NA	0.192699201938658	0.905949068804327	"No data points have the baseline factor level"	"abundance"	46	4
"PWY-7200: superpathway of pyrimidine deoxyribonucleoside salvage"	"FI"	"FI"	"FI"	NA	NA	NA	NA	NA	0.45419792241542	0.993695588454555	"No data points have the baseline factor level"	"abundance"	46	4
"PWY-7200: superpathway of pyrimidine deoxyribonucleoside salvage"	"Location"	"Centre"	"LocationCentre"	NA	NA	NA	NA	NA	0.423296883691531	0.993695588454555	"No data points have the baseline factor level"	"abundance"	46	4
"PWY-7200: superpathway of pyrimidine deoxyribonucleoside salvage"	"Sex"	"Female"	"SexFemale"	NA	NA	NA	NA	NA	0.978685407791374	0.998451798775976	"No data points have the baseline factor level"	"abundance"	46	4
"PWY-7200: superpathway of pyrimidine deoxyribonucleoside salvage"	"TimeNW"	"TimeNW"	"TimeNW"	NA	NA	NA	NA	NA	0.812327315579937	0.993695588454555	"No data points have the baseline factor level"	"abundance"	46	4
"PWY-7434: terminal O-glycans residues modification (via type 2 precursor disaccharide)"	"Age"	"Age"	"Age"	-0.424666574811675	NA	NA	NA	NA	0.727509061900571	0.993695588454555	"Fitting error (NA p-value returned from fitting procedure)"	"abundance"	46	6
"PWY-7434: terminal O-glycans residues modification (via type 2 precursor disaccharide)"	"FI"	"FI"	"FI"	3.22649477797541	NA	NA	NA	NA	0.655119225030772	0.993695588454555	"Fitting error (NA p-value returned from fitting procedure)"	"abundance"	46	6
"PWY-7434: terminal O-glycans residues modification (via type 2 precursor disaccharide)"	"Location"	"Centre"	"LocationCentre"	-1.32360292660637	NA	NA	NA	NA	0.635332074152078	0.993695588454555	"Fitting error (NA p-value returned from fitting procedure)"	"abundance"	46	6
"PWY-7434: terminal O-glycans residues modification (via type 2 precursor disaccharide)"	"Sex"	"Female"	"SexFemale"	-3.20705914940382	NA	NA	NA	NA	0.397548057910495	0.98522843796502	"Fitting error (NA p-value returned from fitting procedure)"	"abundance"	46	6
"PWY-7434: terminal O-glycans residues modification (via type 2 precursor disaccharide)"	"TimeNW"	"TimeNW"	"TimeNW"	0.50064085046945	NA	NA	NA	NA	0.660433577821292	0.993695588454555	"Fitting error (NA p-value returned from fitting procedure)"	"abundance"	46	6
"PWY-7616: methanol oxidation to carbon dioxide"	"Age"	"Age"	"Age"	1.32234893482714	NA	NA	NA	NA	0.0361224837600437	0.643721184954625	"Fitting error (NA p-value returned from fitting procedure)"	"abundance"	46	6
"PWY-7616: methanol oxidation to carbon dioxide"	"FI"	"FI"	"FI"	-4.55868014693859	NA	NA	NA	NA	0.548959056527782	0.993695588454555	"Fitting error (NA p-value returned from fitting procedure)"	"abundance"	46	6
"PWY-7616: methanol oxidation to carbon dioxide"	"Location"	"Centre"	"LocationCentre"	3.47679139238413	NA	NA	NA	NA	0.613980659077979	0.993695588454555	"Fitting error (NA p-value returned from fitting procedure)"	"abundance"	46	6
"PWY-7616: methanol oxidation to carbon dioxide"	"Sex"	"Female"	"SexFemale"	3.25085545133472	NA	NA	NA	NA	0.951636810104399	0.998451798775976	"Fitting error (NA p-value returned from fitting procedure)"	"abundance"	46	6
"PWY-7616: methanol oxidation to carbon dioxide"	"TimeNW"	"TimeNW"	"TimeNW"	2.21813557381973	NA	NA	NA	NA	0.398446746435503	0.98522843796502	"Fitting error (NA p-value returned from fitting procedure)"	"abundance"	46	6
"PWY-8134: bile acid 7&beta;-dehydroxylation"	"Age"	"Age"	"Age"	1.53910452598753	NA	NA	NA	NA	0.221724721970492	0.931415651367086	"Fitting error (NA p-value returned from fitting procedure)"	"abundance"	46	5
"PWY-8134: bile acid 7&beta;-dehydroxylation"	"FI"	"FI"	"FI"	-1.09831280019887	NA	NA	NA	NA	0.734825285986231	0.993695588454555	"Fitting error (NA p-value returned from fitting procedure)"	"abundance"	46	5
"PWY-8134: bile acid 7&beta;-dehydroxylation"	"Location"	"Centre"	"LocationCentre"	NA	NA	NA	NA	NA	0.515900108079733	0.993695588454555	"Fitting error (NA p-value returned from fitting procedure)"	"abundance"	46	5
"PWY-8134: bile acid 7&beta;-dehydroxylation"	"Sex"	"Female"	"SexFemale"	-4.15859588896273	NA	NA	NA	NA	0.971694142636048	0.998451798775976	"Fitting error (NA p-value returned from fitting procedure)"	"abundance"	46	5
"PWY-8134: bile acid 7&beta;-dehydroxylation"	"TimeNW"	"TimeNW"	"TimeNW"	-0.670716751040165	NA	NA	NA	NA	0.387194043489302	0.980622710853004	"Fitting error (NA p-value returned from fitting procedure)"	"abundance"	46	5
"PWY0-461: L-lysine degradation I"	"Age"	"Age"	"Age"	-0.72812834422613	NA	NA	NA	NA	0.15904626471209	0.897061821880354	"Fitting error (NA p-value returned from fitting procedure)"	"abundance"	46	5
"PWY0-461: L-lysine degradation I"	"FI"	"FI"	"FI"	3.40625200745786	NA	NA	NA	NA	0.432719975002637	0.993695588454555	"Fitting error (NA p-value returned from fitting procedure)"	"abundance"	46	5
"PWY0-461: L-lysine degradation I"	"Location"	"Centre"	"LocationCentre"	NA	NA	NA	NA	NA	0.770723902939006	0.993695588454555	"Fitting error (NA p-value returned from fitting procedure)"	"abundance"	46	5
"PWY0-461: L-lysine degradation I"	"Sex"	"Female"	"SexFemale"	8.4801607174705	NA	NA	NA	NA	0.610514035524256	0.993695588454555	"Fitting error (NA p-value returned from fitting procedure)"	"abundance"	46	5
"PWY0-461: L-lysine degradation I"	"TimeNW"	"TimeNW"	"TimeNW"	-2.64563152464631	NA	NA	NA	NA	0.504074981636254	0.993695588454555	"Fitting error (NA p-value returned from fitting procedure)"	"abundance"	46	5
"PWY66-388: ceramide degradation by &alpha;-oxidation"	"Age"	"Age"	"Age"	NA	NA	NA	NA	NA	0.484653815041427	0.993695588454555	"No data points have the baseline factor level"	"abundance"	46	5
"PWY66-388: ceramide degradation by &alpha;-oxidation"	"FI"	"FI"	"FI"	NA	NA	NA	NA	NA	0.941122683426611	0.998451798775976	"No data points have the baseline factor level"	"abundance"	46	5
"PWY66-388: ceramide degradation by &alpha;-oxidation"	"Location"	"Centre"	"LocationCentre"	NA	NA	NA	NA	NA	0.414731671320867	0.992909460673586	"No data points have the baseline factor level"	"abundance"	46	5
"PWY66-388: ceramide degradation by &alpha;-oxidation"	"Sex"	"Female"	"SexFemale"	NA	NA	NA	NA	NA	0.16077461404243	0.897061821880354	"No data points have the baseline factor level"	"abundance"	46	5
"PWY66-388: ceramide degradation by &alpha;-oxidation"	"TimeNW"	"TimeNW"	"TimeNW"	NA	NA	NA	NA	NA	0.439608934366204	0.993695588454555	"No data points have the baseline factor level"	"abundance"	46	5
"1CMET2-PWY: folate transformations III (E. coli)"	"Age"	"Age"	"Age"	NA	0	NA	NA	NA	0.000647321223069763	0.0634112603190719	"All logistic values are the same"	"prevalence"	46	46
"1CMET2-PWY: folate transformations III (E. coli)"	"FI"	"FI"	"FI"	NA	0	NA	NA	NA	0.586061620039214	0.993695588454555	"All logistic values are the same"	"prevalence"	46	46
"1CMET2-PWY: folate transformations III (E. coli)"	"Location"	"Centre"	"LocationCentre"	NA	0	NA	NA	NA	0.133027526240924	0.857461487585441	"All logistic values are the same"	"prevalence"	46	46
"1CMET2-PWY: folate transformations III (E. coli)"	"Sex"	"Female"	"SexFemale"	NA	0	NA	NA	NA	0.550379908939734	0.993695588454555	"All logistic values are the same"	"prevalence"	46	46
"1CMET2-PWY: folate transformations III (E. coli)"	"TimeNW"	"TimeNW"	"TimeNW"	NA	0	NA	NA	NA	0.780005983924281	0.993695588454555	"All logistic values are the same"	"prevalence"	46	46
"ANAEROFRUCAT-PWY: homolactic fermentation"	"Age"	"Age"	"Age"	NA	0	NA	NA	NA	0.287239518350058	0.954417715573453	"All logistic values are the same"	"prevalence"	46	46
"ANAEROFRUCAT-PWY: homolactic fermentation"	"FI"	"FI"	"FI"	NA	0	NA	NA	NA	0.967230669910014	0.998451798775976	"All logistic values are the same"	"prevalence"	46	46
"ANAEROFRUCAT-PWY: homolactic fermentation"	"Location"	"Centre"	"LocationCentre"	NA	0	NA	NA	NA	0.632297142304854	0.993695588454555	"All logistic values are the same"	"prevalence"	46	46
"ANAEROFRUCAT-PWY: homolactic fermentation"	"Sex"	"Female"	"SexFemale"	NA	0	NA	NA	NA	0.153459345313744	0.895719802447789	"All logistic values are the same"	"prevalence"	46	46
"ANAEROFRUCAT-PWY: homolactic fermentation"	"TimeNW"	"TimeNW"	"TimeNW"	NA	0	NA	NA	NA	0.792290386330728	0.993695588454555	"All logistic values are the same"	"prevalence"	46	46
"ANAGLYCOLYSIS-PWY: glycolysis III (from glucose)"	"Age"	"Age"	"Age"	NA	0	NA	NA	NA	0.00703467304736827	0.240447431209227	"All logistic values are the same"	"prevalence"	46	46
"ANAGLYCOLYSIS-PWY: glycolysis III (from glucose)"	"FI"	"FI"	"FI"	NA	0	NA	NA	NA	0.48382394936795	0.993695588454555	"All logistic values are the same"	"prevalence"	46	46
"ANAGLYCOLYSIS-PWY: glycolysis III (from glucose)"	"Location"	"Centre"	"LocationCentre"	NA	0	NA	NA	NA	0.72033213767456	0.993695588454555	"All logistic values are the same"	"prevalence"	46	46
"ANAGLYCOLYSIS-PWY: glycolysis III (from glucose)"	"Sex"	"Female"	"SexFemale"	NA	0	NA	NA	NA	0.0487352825832779	0.686415561393386	"All logistic values are the same"	"prevalence"	46	46
"ANAGLYCOLYSIS-PWY: glycolysis III (from glucose)"	"TimeNW"	"TimeNW"	"TimeNW"	NA	0	NA	NA	NA	0.788518000103045	0.993695588454555	"All logistic values are the same"	"prevalence"	46	46
"ARGININE-SYN4-PWY: L-ornithine biosynthesis II"	"Age"	"Age"	"Age"	NA	0	NA	NA	NA	0.278205288176431	0.954417715573453	"All logistic values are the same"	"prevalence"	46	46
"ARGININE-SYN4-PWY: L-ornithine biosynthesis II"	"FI"	"FI"	"FI"	NA	0	NA	NA	NA	0.268060711778484	0.954417715573453	"All logistic values are the same"	"prevalence"	46	46
"ARGININE-SYN4-PWY: L-ornithine biosynthesis II"	"Location"	"Centre"	"LocationCentre"	NA	0	NA	NA	NA	0.390940192610187	0.982321173200419	"All logistic values are the same"	"prevalence"	46	46
"ARGININE-SYN4-PWY: L-ornithine biosynthesis II"	"Sex"	"Female"	"SexFemale"	NA	0	NA	NA	NA	0.607801223349859	0.993695588454555	"All logistic values are the same"	"prevalence"	46	46
"ARGININE-SYN4-PWY: L-ornithine biosynthesis II"	"TimeNW"	"TimeNW"	"TimeNW"	NA	0	NA	NA	NA	0.754777989905636	0.993695588454555	"All logistic values are the same"	"prevalence"	46	46
"ARGSYN-PWY: L-arginine biosynthesis I (via L-ornithine)"	"Age"	"Age"	"Age"	NA	0	NA	NA	NA	0.0485107358154792	0.686415561393386	"All logistic values are the same"	"prevalence"	46	46
"ARGSYN-PWY: L-arginine biosynthesis I (via L-ornithine)"	"FI"	"FI"	"FI"	NA	0	NA	NA	NA	0.574735664385949	0.993695588454555	"All logistic values are the same"	"prevalence"	46	46
"ARGSYN-PWY: L-arginine biosynthesis I (via L-ornithine)"	"Location"	"Centre"	"LocationCentre"	NA	0	NA	NA	NA	0.246897547069457	0.954417715573453	"All logistic values are the same"	"prevalence"	46	46
"ARGSYN-PWY: L-arginine biosynthesis I (via L-ornithine)"	"Sex"	"Female"	"SexFemale"	NA	0	NA	NA	NA	0.467555805716837	0.993695588454555	"All logistic values are the same"	"prevalence"	46	46
"ARGSYN-PWY: L-arginine biosynthesis I (via L-ornithine)"	"TimeNW"	"TimeNW"	"TimeNW"	NA	0	NA	NA	NA	0.715673073825115	0.993695588454555	"All logistic values are the same"	"prevalence"	46	46
"ARGSYNBSUB-PWY: L-arginine biosynthesis II (acetyl cycle)"	"Age"	"Age"	"Age"	NA	0	NA	NA	NA	0.171448335288214	0.905949068804327	"All logistic values are the same"	"prevalence"	46	46
"ARGSYNBSUB-PWY: L-arginine biosynthesis II (acetyl cycle)"	"FI"	"FI"	"FI"	NA	0	NA	NA	NA	0.569631608827127	0.993695588454555	"All logistic values are the same"	"prevalence"	46	46
"ARGSYNBSUB-PWY: L-arginine biosynthesis II (acetyl cycle)"	"Location"	"Centre"	"LocationCentre"	NA	0	NA	NA	NA	0.203061372387308	0.91734422066937	"All logistic values are the same"	"prevalence"	46	46
"ARGSYNBSUB-PWY: L-arginine biosynthesis II (acetyl cycle)"	"Sex"	"Female"	"SexFemale"	NA	0	NA	NA	NA	0.513472833151914	0.993695588454555	"All logistic values are the same"	"prevalence"	46	46
"ARGSYNBSUB-PWY: L-arginine biosynthesis II (acetyl cycle)"	"TimeNW"	"TimeNW"	"TimeNW"	NA	0	NA	NA	NA	0.666646656351086	0.993695588454555	"All logistic values are the same"	"prevalence"	46	46
"ARO-PWY: chorismate biosynthesis I"	"Age"	"Age"	"Age"	NA	0	NA	NA	NA	0.0012584354558407	0.0796479293335627	"All logistic values are the same"	"prevalence"	46	46
"ARO-PWY: chorismate biosynthesis I"	"FI"	"FI"	"FI"	NA	0	NA	NA	NA	0.699752121225125	0.993695588454555	"All logistic values are the same"	"prevalence"	46	46
"ARO-PWY: chorismate biosynthesis I"	"Location"	"Centre"	"LocationCentre"	NA	0	NA	NA	NA	0.968316172103489	0.998451798775976	"All logistic values are the same"	"prevalence"	46	46
"ARO-PWY: chorismate biosynthesis I"	"Sex"	"Female"	"SexFemale"	NA	0	NA	NA	NA	0.0904090022127209	0.782480255952523	"All logistic values are the same"	"prevalence"	46	46
"ARO-PWY: chorismate biosynthesis I"	"TimeNW"	"TimeNW"	"TimeNW"	NA	0	NA	NA	NA	0.490036459837407	0.993695588454555	"All logistic values are the same"	"prevalence"	46	46
"ASPASN-PWY: superpathway of L-aspartate and L-asparagine biosynthesis"	"Age"	"Age"	"Age"	NA	0	NA	NA	NA	0.3783559087273	0.980279247207519	"All logistic values are the same"	"prevalence"	46	46
"ASPASN-PWY: superpathway of L-aspartate and L-asparagine biosynthesis"	"FI"	"FI"	"FI"	NA	0	NA	NA	NA	0.897495591765542	0.998451798775976	"All logistic values are the same"	"prevalence"	46	46
"ASPASN-PWY: superpathway of L-aspartate and L-asparagine biosynthesis"	"Location"	"Centre"	"LocationCentre"	NA	0	NA	NA	NA	0.0641279029917983	0.707442739353965	"All logistic values are the same"	"prevalence"	46	46
"ASPASN-PWY: superpathway of L-aspartate and L-asparagine biosynthesis"	"Sex"	"Female"	"SexFemale"	NA	0	NA	NA	NA	0.880504279589387	0.996959287214095	"All logistic values are the same"	"prevalence"	46	46
"ASPASN-PWY: superpathway of L-aspartate and L-asparagine biosynthesis"	"TimeNW"	"TimeNW"	"TimeNW"	NA	0	NA	NA	NA	0.792264549550643	0.993695588454555	"All logistic values are the same"	"prevalence"	46	46
"BIOTIN-BIOSYNTHESIS-PWY: biotin biosynthesis I"	"Age"	"Age"	"Age"	NA	0	NA	NA	NA	0.94921379454215	0.998451798775976	"All logistic values are the same"	"prevalence"	46	46
"BIOTIN-BIOSYNTHESIS-PWY: biotin biosynthesis I"	"FI"	"FI"	"FI"	NA	0	NA	NA	NA	0.505546828750886	0.993695588454555	"All logistic values are the same"	"prevalence"	46	46
"BIOTIN-BIOSYNTHESIS-PWY: biotin biosynthesis I"	"Location"	"Centre"	"LocationCentre"	NA	0	NA	NA	NA	0.430388670219811	0.993695588454555	"All logistic values are the same"	"prevalence"	46	46
"BIOTIN-BIOSYNTHESIS-PWY: biotin biosynthesis I"	"Sex"	"Female"	"SexFemale"	NA	0	NA	NA	NA	0.762642342891899	0.993695588454555	"All logistic values are the same"	"prevalence"	46	46
"BIOTIN-BIOSYNTHESIS-PWY: biotin biosynthesis I"	"TimeNW"	"TimeNW"	"TimeNW"	NA	0	NA	NA	NA	0.126356846891997	0.840215997184584	"All logistic values are the same"	"prevalence"	46	46
"BRANCHED-CHAIN-AA-SYN-PWY: superpathway of branched chain amino acid biosynthesis"	"Age"	"Age"	"Age"	NA	0	NA	NA	NA	0.00235041413793258	0.119527157989986	"All logistic values are the same"	"prevalence"	46	46
"BRANCHED-CHAIN-AA-SYN-PWY: superpathway of branched chain amino acid biosynthesis"	"FI"	"FI"	"FI"	NA	0	NA	NA	NA	0.340365389103439	0.96473999596638	"All logistic values are the same"	"prevalence"	46	46
"BRANCHED-CHAIN-AA-SYN-PWY: superpathway of branched chain amino acid biosynthesis"	"Location"	"Centre"	"LocationCentre"	NA	0	NA	NA	NA	0.996590643206175	0.999466806678632	"All logistic values are the same"	"prevalence"	46	46
"BRANCHED-CHAIN-AA-SYN-PWY: superpathway of branched chain amino acid biosynthesis"	"Sex"	"Female"	"SexFemale"	NA	0	NA	NA	NA	0.424584852738578	0.993695588454555	"All logistic values are the same"	"prevalence"	46	46
"BRANCHED-CHAIN-AA-SYN-PWY: superpathway of branched chain amino acid biosynthesis"	"TimeNW"	"TimeNW"	"TimeNW"	NA	0	NA	NA	NA	0.900588522985443	0.998451798775976	"All logistic values are the same"	"prevalence"	46	46
"CALVIN-PWY: Calvin-Benson-Bassham cycle"	"Age"	"Age"	"Age"	NA	0	NA	NA	NA	0.684784116233966	0.993695588454555	"All logistic values are the same"	"prevalence"	46	46
"CALVIN-PWY: Calvin-Benson-Bassham cycle"	"FI"	"FI"	"FI"	NA	0	NA	NA	NA	0.71530361860492	0.993695588454555	"All logistic values are the same"	"prevalence"	46	46
"CALVIN-PWY: Calvin-Benson-Bassham cycle"	"Location"	"Centre"	"LocationCentre"	NA	0	NA	NA	NA	0.848545561052898	0.993695588454555	"All logistic values are the same"	"prevalence"	46	46
"CALVIN-PWY: Calvin-Benson-Bassham cycle"	"Sex"	"Female"	"SexFemale"	NA	0	NA	NA	NA	0.185780579462897	0.905949068804327	"All logistic values are the same"	"prevalence"	46	46
"CALVIN-PWY: Calvin-Benson-Bassham cycle"	"TimeNW"	"TimeNW"	"TimeNW"	NA	0	NA	NA	NA	0.970788923336681	0.998451798775976	"All logistic values are the same"	"prevalence"	46	46
"CITRULBIO-PWY: L-citrulline biosynthesis"	"Age"	"Age"	"Age"	NA	0	NA	NA	NA	0.0391074255562027	0.667846772939063	"All logistic values are the same"	"prevalence"	46	46
"CITRULBIO-PWY: L-citrulline biosynthesis"	"FI"	"FI"	"FI"	NA	0	NA	NA	NA	0.806285525166874	0.993695588454555	"All logistic values are the same"	"prevalence"	46	46
"CITRULBIO-PWY: L-citrulline biosynthesis"	"Location"	"Centre"	"LocationCentre"	NA	0	NA	NA	NA	0.926507510920389	0.998451798775976	"All logistic values are the same"	"prevalence"	46	46
"CITRULBIO-PWY: L-citrulline biosynthesis"	"Sex"	"Female"	"SexFemale"	NA	0	NA	NA	NA	0.162232020598671	0.897061821880354	"All logistic values are the same"	"prevalence"	46	46
"CITRULBIO-PWY: L-citrulline biosynthesis"	"TimeNW"	"TimeNW"	"TimeNW"	NA	0	NA	NA	NA	0.323796362021378	0.959114612886705	"All logistic values are the same"	"prevalence"	46	46
"COA-PWY-1: superpathway of coenzyme A biosynthesis III (mammals)"	"Age"	"Age"	"Age"	NA	0	NA	NA	NA	0.000370720340691744	0.0634040794880519	"All logistic values are the same"	"prevalence"	46	46
"COA-PWY-1: superpathway of coenzyme A biosynthesis III (mammals)"	"FI"	"FI"	"FI"	NA	0	NA	NA	NA	0.616121499999775	0.993695588454555	"All logistic values are the same"	"prevalence"	46	46
"COA-PWY-1: superpathway of coenzyme A biosynthesis III (mammals)"	"Location"	"Centre"	"LocationCentre"	NA	0	NA	NA	NA	0.209327700901076	0.930593297182821	"All logistic values are the same"	"prevalence"	46	46
"COA-PWY-1: superpathway of coenzyme A biosynthesis III (mammals)"	"Sex"	"Female"	"SexFemale"	NA	0	NA	NA	NA	0.327221338584031	0.959114612886705	"All logistic values are the same"	"prevalence"	46	46
"COA-PWY-1: superpathway of coenzyme A biosynthesis III (mammals)"	"TimeNW"	"TimeNW"	"TimeNW"	NA	0	NA	NA	NA	0.669047351133044	0.993695588454555	"All logistic values are the same"	"prevalence"	46	46
"COA-PWY: coenzyme A biosynthesis I (prokaryotic)"	"Age"	"Age"	"Age"	NA	0	NA	NA	NA	0.000529923549908773	0.0634112603190719	"All logistic values are the same"	"prevalence"	46	46
"COA-PWY: coenzyme A biosynthesis I (prokaryotic)"	"FI"	"FI"	"FI"	NA	0	NA	NA	NA	0.632217584330708	0.993695588454555	"All logistic values are the same"	"prevalence"	46	46
"COA-PWY: coenzyme A biosynthesis I (prokaryotic)"	"Location"	"Centre"	"LocationCentre"	NA	0	NA	NA	NA	0.284070036531397	0.954417715573453	"All logistic values are the same"	"prevalence"	46	46
"COA-PWY: coenzyme A biosynthesis I (prokaryotic)"	"Sex"	"Female"	"SexFemale"	NA	0	NA	NA	NA	0.720540169718914	0.993695588454555	"All logistic values are the same"	"prevalence"	46	46
"COA-PWY: coenzyme A biosynthesis I (prokaryotic)"	"TimeNW"	"TimeNW"	"TimeNW"	NA	0	NA	NA	NA	0.519634943878063	0.993695588454555	"All logistic values are the same"	"prevalence"	46	46
"COBALSYN-PWY: superpathway of adenosylcobalamin salvage from cobinamide I"	"Age"	"Age"	"Age"	NA	0	NA	NA	NA	0.235478901587774	0.940562279330478	"All logistic values are the same"	"prevalence"	46	46
"COBALSYN-PWY: superpathway of adenosylcobalamin salvage from cobinamide I"	"FI"	"FI"	"FI"	NA	0	NA	NA	NA	0.188749510306341	0.905949068804327	"All logistic values are the same"	"prevalence"	46	46
"COBALSYN-PWY: superpathway of adenosylcobalamin salvage from cobinamide I"	"Location"	"Centre"	"LocationCentre"	NA	0	NA	NA	NA	0.0170056453599993	0.377199686974452	"All logistic values are the same"	"prevalence"	46	46
"COBALSYN-PWY: superpathway of adenosylcobalamin salvage from cobinamide I"	"Sex"	"Female"	"SexFemale"	NA	0	NA	NA	NA	0.931868705102386	0.998451798775976	"All logistic values are the same"	"prevalence"	46	46
"COBALSYN-PWY: superpathway of adenosylcobalamin salvage from cobinamide I"	"TimeNW"	"TimeNW"	"TimeNW"	NA	0	NA	NA	NA	0.984042242712797	0.998451798775976	"All logistic values are the same"	"prevalence"	46	46
"COLANSYN-PWY: colanic acid building blocks biosynthesis"	"Age"	"Age"	"Age"	NA	0	NA	NA	NA	0.554482824689337	0.993695588454555	"All logistic values are the same"	"prevalence"	46	46
"COLANSYN-PWY: colanic acid building blocks biosynthesis"	"FI"	"FI"	"FI"	NA	0	NA	NA	NA	0.792484579830421	0.993695588454555	"All logistic values are the same"	"prevalence"	46	46
"COLANSYN-PWY: colanic acid building blocks biosynthesis"	"Location"	"Centre"	"LocationCentre"	NA	0	NA	NA	NA	0.402385982345267	0.986103419754778	"All logistic values are the same"	"prevalence"	46	46
"COLANSYN-PWY: colanic acid building blocks biosynthesis"	"Sex"	"Female"	"SexFemale"	NA	0	NA	NA	NA	0.797786364427824	0.993695588454555	"All logistic values are the same"	"prevalence"	46	46
"COLANSYN-PWY: colanic acid building blocks biosynthesis"	"TimeNW"	"TimeNW"	"TimeNW"	NA	0	NA	NA	NA	0.80709577375244	0.993695588454555	"All logistic values are the same"	"prevalence"	46	46
"COMPLETE-ARO-PWY: superpathway of aromatic amino acid biosynthesis"	"Age"	"Age"	"Age"	NA	0	NA	NA	NA	0.00124612353076992	0.0796479293335627	"All logistic values are the same"	"prevalence"	46	46
"COMPLETE-ARO-PWY: superpathway of aromatic amino acid biosynthesis"	"FI"	"FI"	"FI"	NA	0	NA	NA	NA	0.741657391079686	0.993695588454555	"All logistic values are the same"	"prevalence"	46	46
"COMPLETE-ARO-PWY: superpathway of aromatic amino acid biosynthesis"	"Location"	"Centre"	"LocationCentre"	NA	0	NA	NA	NA	0.988617338114425	0.998451798775976	"All logistic values are the same"	"prevalence"	46	46
"COMPLETE-ARO-PWY: superpathway of aromatic amino acid biosynthesis"	"Sex"	"Female"	"SexFemale"	NA	0	NA	NA	NA	0.127415864464362	0.84337167431173	"All logistic values are the same"	"prevalence"	46	46
"COMPLETE-ARO-PWY: superpathway of aromatic amino acid biosynthesis"	"TimeNW"	"TimeNW"	"TimeNW"	NA	0	NA	NA	NA	0.464251076471896	0.993695588454555	"All logistic values are the same"	"prevalence"	46	46
"DTDPRHAMSYN-PWY: dTDP-&beta;-L-rhamnose biosynthesis"	"Age"	"Age"	"Age"	NA	0	NA	NA	NA	1.04484276590711e-05	0.00690743939883887	"All logistic values are the same"	"prevalence"	46	46
"DTDPRHAMSYN-PWY: dTDP-&beta;-L-rhamnose biosynthesis"	"FI"	"FI"	"FI"	NA	0	NA	NA	NA	0.79871269677453	0.993695588454555	"All logistic values are the same"	"prevalence"	46	46
"DTDPRHAMSYN-PWY: dTDP-&beta;-L-rhamnose biosynthesis"	"Location"	"Centre"	"LocationCentre"	NA	0	NA	NA	NA	0.061980310010007	0.697257425713585	"All logistic values are the same"	"prevalence"	46	46
"DTDPRHAMSYN-PWY: dTDP-&beta;-L-rhamnose biosynthesis"	"Sex"	"Female"	"SexFemale"	NA	0	NA	NA	NA	0.688210631499236	0.993695588454555	"All logistic values are the same"	"prevalence"	46	46
"DTDPRHAMSYN-PWY: dTDP-&beta;-L-rhamnose biosynthesis"	"TimeNW"	"TimeNW"	"TimeNW"	NA	0	NA	NA	NA	0.943485384020002	0.998451798775976	"All logistic values are the same"	"prevalence"	46	46
"FASYN-ELONG-PWY: fatty acid elongation -- saturated"	"Age"	"Age"	"Age"	NA	0	NA	NA	NA	0.896613153411453	0.998451798775976	"All logistic values are the same"	"prevalence"	46	46
"FASYN-ELONG-PWY: fatty acid elongation -- saturated"	"FI"	"FI"	"FI"	NA	0	NA	NA	NA	0.658888289657135	0.993695588454555	"All logistic values are the same"	"prevalence"	46	46
"FASYN-ELONG-PWY: fatty acid elongation -- saturated"	"Location"	"Centre"	"LocationCentre"	NA	0	NA	NA	NA	0.398829940459355	0.98522843796502	"All logistic values are the same"	"prevalence"	46	46
"FASYN-ELONG-PWY: fatty acid elongation -- saturated"	"Sex"	"Female"	"SexFemale"	NA	0	NA	NA	NA	0.948390419435491	0.998451798775976	"All logistic values are the same"	"prevalence"	46	46
"FASYN-ELONG-PWY: fatty acid elongation -- saturated"	"TimeNW"	"TimeNW"	"TimeNW"	NA	0	NA	NA	NA	0.0782948099486269	0.743422876756537	"All logistic values are the same"	"prevalence"	46	46
"FERMENTATION-PWY: mixed acid fermentation"	"Age"	"Age"	"Age"	NA	0	NA	NA	NA	0.139705974007085	0.872384882691619	"All logistic values are the same"	"prevalence"	46	46
"FERMENTATION-PWY: mixed acid fermentation"	"FI"	"FI"	"FI"	NA	0	NA	NA	NA	0.656833155499236	0.993695588454555	"All logistic values are the same"	"prevalence"	46	46
"FERMENTATION-PWY: mixed acid fermentation"	"Location"	"Centre"	"LocationCentre"	NA	0	NA	NA	NA	0.419757831250638	0.993695588454555	"All logistic values are the same"	"prevalence"	46	46
"FERMENTATION-PWY: mixed acid fermentation"	"Sex"	"Female"	"SexFemale"	NA	0	NA	NA	NA	0.29937131222304	0.954417715573453	"All logistic values are the same"	"prevalence"	46	46
"FERMENTATION-PWY: mixed acid fermentation"	"TimeNW"	"TimeNW"	"TimeNW"	NA	0	NA	NA	NA	0.841248457754781	0.993695588454555	"All logistic values are the same"	"prevalence"	46	46
"GALACTUROCAT-PWY: D-galacturonate degradation I"	"Age"	"Age"	"Age"	NA	0	NA	NA	NA	0.164353772641868	0.897061821880354	"All logistic values are the same"	"prevalence"	46	46
"GALACTUROCAT-PWY: D-galacturonate degradation I"	"FI"	"FI"	"FI"	NA	0	NA	NA	NA	0.719902833645716	0.993695588454555	"All logistic values are the same"	"prevalence"	46	46
"GALACTUROCAT-PWY: D-galacturonate degradation I"	"Location"	"Centre"	"LocationCentre"	NA	0	NA	NA	NA	0.578053251720716	0.993695588454555	"All logistic values are the same"	"prevalence"	46	46
"GALACTUROCAT-PWY: D-galacturonate degradation I"	"Sex"	"Female"	"SexFemale"	NA	0	NA	NA	NA	0.10838581862268	0.812484435162572	"All logistic values are the same"	"prevalence"	46	46
"GALACTUROCAT-PWY: D-galacturonate degradation I"	"TimeNW"	"TimeNW"	"TimeNW"	NA	0	NA	NA	NA	0.989497123050926	0.998451798775976	"All logistic values are the same"	"prevalence"	46	46
"GLCMANNANAUT-PWY: superpathway of N-acetylglucosamine, N-acetylmannosamine and N-acetylneuraminate degradation"	"Age"	"Age"	"Age"	NA	0	NA	NA	NA	0.136205598278592	0.865746192880121	"All logistic values are the same"	"prevalence"	46	46
"GLCMANNANAUT-PWY: superpathway of N-acetylglucosamine, N-acetylmannosamine and N-acetylneuraminate degradation"	"FI"	"FI"	"FI"	NA	0	NA	NA	NA	0.320251603405602	0.959114612886705	"All logistic values are the same"	"prevalence"	46	46
"GLCMANNANAUT-PWY: superpathway of N-acetylglucosamine, N-acetylmannosamine and N-acetylneuraminate degradation"	"Location"	"Centre"	"LocationCentre"	NA	0	NA	NA	NA	0.0834810997217285	0.753720177028358	"All logistic values are the same"	"prevalence"	46	46
"GLCMANNANAUT-PWY: superpathway of N-acetylglucosamine, N-acetylmannosamine and N-acetylneuraminate degradation"	"Sex"	"Female"	"SexFemale"	NA	0	NA	NA	NA	0.67161074565518	0.993695588454555	"All logistic values are the same"	"prevalence"	46	46
"GLCMANNANAUT-PWY: superpathway of N-acetylglucosamine, N-acetylmannosamine and N-acetylneuraminate degradation"	"TimeNW"	"TimeNW"	"TimeNW"	NA	0	NA	NA	NA	0.213508008257866	0.931415651367086	"All logistic values are the same"	"prevalence"	46	46
"GLUCONEO-PWY: gluconeogenesis I"	"Age"	"Age"	"Age"	NA	0	NA	NA	NA	0.979899799136514	0.998451798775976	"All logistic values are the same"	"prevalence"	46	46
"GLUCONEO-PWY: gluconeogenesis I"	"FI"	"FI"	"FI"	NA	0	NA	NA	NA	0.574982100477094	0.993695588454555	"All logistic values are the same"	"prevalence"	46	46
"GLUCONEO-PWY: gluconeogenesis I"	"Location"	"Centre"	"LocationCentre"	NA	0	NA	NA	NA	0.540901082194293	0.993695588454555	"All logistic values are the same"	"prevalence"	46	46
"GLUCONEO-PWY: gluconeogenesis I"	"Sex"	"Female"	"SexFemale"	NA	0	NA	NA	NA	0.0880833109122723	0.78150512022165	"All logistic values are the same"	"prevalence"	46	46
"GLUCONEO-PWY: gluconeogenesis I"	"TimeNW"	"TimeNW"	"TimeNW"	NA	0	NA	NA	NA	0.583895349948896	0.993695588454555	"All logistic values are the same"	"prevalence"	46	46
"GLUCUROCAT-PWY: superpathway of &beta;-D-glucuronosides degradation"	"Age"	"Age"	"Age"	NA	0	NA	NA	NA	0.131779998614806	0.857461487585441	"All logistic values are the same"	"prevalence"	46	46
"GLUCUROCAT-PWY: superpathway of &beta;-D-glucuronosides degradation"	"FI"	"FI"	"FI"	NA	0	NA	NA	NA	0.807595652649591	0.993695588454555	"All logistic values are the same"	"prevalence"	46	46
"GLUCUROCAT-PWY: superpathway of &beta;-D-glucuronosides degradation"	"Location"	"Centre"	"LocationCentre"	NA	0	NA	NA	NA	0.321368939794299	0.959114612886705	"All logistic values are the same"	"prevalence"	46	46
"GLUCUROCAT-PWY: superpathway of &beta;-D-glucuronosides degradation"	"Sex"	"Female"	"SexFemale"	NA	0	NA	NA	NA	0.0219413518586598	0.452947709161441	"All logistic values are the same"	"prevalence"	46	46
"GLUCUROCAT-PWY: superpathway of &beta;-D-glucuronosides degradation"	"TimeNW"	"TimeNW"	"TimeNW"	NA	0	NA	NA	NA	0.835265240465598	0.993695588454555	"All logistic values are the same"	"prevalence"	46	46
"GLUTORN-PWY: L-ornithine biosynthesis I"	"Age"	"Age"	"Age"	NA	0	NA	NA	NA	0.713813621298939	0.993695588454555	"All logistic values are the same"	"prevalence"	46	46
"GLUTORN-PWY: L-ornithine biosynthesis I"	"FI"	"FI"	"FI"	NA	0	NA	NA	NA	0.752801655122046	0.993695588454555	"All logistic values are the same"	"prevalence"	46	46
"GLUTORN-PWY: L-ornithine biosynthesis I"	"Location"	"Centre"	"LocationCentre"	NA	0	NA	NA	NA	0.0559871649651549	0.686415561393386	"All logistic values are the same"	"prevalence"	46	46
"GLUTORN-PWY: L-ornithine biosynthesis I"	"Sex"	"Female"	"SexFemale"	NA	0	NA	NA	NA	0.508658215588961	0.993695588454555	"All logistic values are the same"	"prevalence"	46	46
"GLUTORN-PWY: L-ornithine biosynthesis I"	"TimeNW"	"TimeNW"	"TimeNW"	NA	0	NA	NA	NA	0.955534343065075	0.998451798775976	"All logistic values are the same"	"prevalence"	46	46
"GLYCOGENSYNTH-PWY: glycogen biosynthesis I (from ADP-D-Glucose)"	"Age"	"Age"	"Age"	NA	0	NA	NA	NA	0.340643036345125	0.96473999596638	"All logistic values are the same"	"prevalence"	46	46
"GLYCOGENSYNTH-PWY: glycogen biosynthesis I (from ADP-D-Glucose)"	"FI"	"FI"	"FI"	NA	0	NA	NA	NA	0.0532456774387635	0.686415561393386	"All logistic values are the same"	"prevalence"	46	46
"GLYCOGENSYNTH-PWY: glycogen biosynthesis I (from ADP-D-Glucose)"	"Location"	"Centre"	"LocationCentre"	NA	0	NA	NA	NA	0.263875259828372	0.954417715573453	"All logistic values are the same"	"prevalence"	46	46
"GLYCOGENSYNTH-PWY: glycogen biosynthesis I (from ADP-D-Glucose)"	"Sex"	"Female"	"SexFemale"	NA	0	NA	NA	NA	0.163632316760474	0.897061821880354	"All logistic values are the same"	"prevalence"	46	46
"GLYCOGENSYNTH-PWY: glycogen biosynthesis I (from ADP-D-Glucose)"	"TimeNW"	"TimeNW"	"TimeNW"	NA	0	NA	NA	NA	0.804777421305648	0.993695588454555	"All logistic values are the same"	"prevalence"	46	46
"GLYCOLYSIS-E-D: superpathway of glycolysis and the Entner-Doudoroff pathway"	"Age"	"Age"	"Age"	NA	0	NA	NA	NA	0.321438006009087	0.959114612886705	"All logistic values are the same"	"prevalence"	46	46
"GLYCOLYSIS-E-D: superpathway of glycolysis and the Entner-Doudoroff pathway"	"FI"	"FI"	"FI"	NA	0	NA	NA	NA	0.816872141601859	0.993695588454555	"All logistic values are the same"	"prevalence"	46	46
"GLYCOLYSIS-E-D: superpathway of glycolysis and the Entner-Doudoroff pathway"	"Location"	"Centre"	"LocationCentre"	NA	0	NA	NA	NA	0.645624071954569	0.993695588454555	"All logistic values are the same"	"prevalence"	46	46
"GLYCOLYSIS-E-D: superpathway of glycolysis and the Entner-Doudoroff pathway"	"Sex"	"Female"	"SexFemale"	NA	0	NA	NA	NA	0.097366361379873	0.782480255952523	"All logistic values are the same"	"prevalence"	46	46
"GLYCOLYSIS-E-D: superpathway of glycolysis and the Entner-Doudoroff pathway"	"TimeNW"	"TimeNW"	"TimeNW"	NA	0	NA	NA	NA	0.734175908404119	0.993695588454555	"All logistic values are the same"	"prevalence"	46	46
"GLYCOLYSIS: glycolysis I (from glucose 6-phosphate)"	"Age"	"Age"	"Age"	NA	0	NA	NA	NA	0.700167592340815	0.993695588454555	"All logistic values are the same"	"prevalence"	46	46
"GLYCOLYSIS: glycolysis I (from glucose 6-phosphate)"	"FI"	"FI"	"FI"	NA	0	NA	NA	NA	0.770193559716136	0.993695588454555	"All logistic values are the same"	"prevalence"	46	46
"GLYCOLYSIS: glycolysis I (from glucose 6-phosphate)"	"Location"	"Centre"	"LocationCentre"	NA	0	NA	NA	NA	0.6910320907704	0.993695588454555	"All logistic values are the same"	"prevalence"	46	46
"GLYCOLYSIS: glycolysis I (from glucose 6-phosphate)"	"Sex"	"Female"	"SexFemale"	NA	0	NA	NA	NA	0.469675667839669	0.993695588454555	"All logistic values are the same"	"prevalence"	46	46
"GLYCOLYSIS: glycolysis I (from glucose 6-phosphate)"	"TimeNW"	"TimeNW"	"TimeNW"	NA	0	NA	NA	NA	0.472903569695649	0.993695588454555	"All logistic values are the same"	"prevalence"	46	46
"HISDEG-PWY: L-histidine degradation I"	"Age"	"Age"	"Age"	NA	0	NA	NA	NA	0.00221347426032059	0.118335739301755	"All logistic values are the same"	"prevalence"	46	46
"HISDEG-PWY: L-histidine degradation I"	"FI"	"FI"	"FI"	NA	0	NA	NA	NA	0.64561020188642	0.993695588454555	"All logistic values are the same"	"prevalence"	46	46
"HISDEG-PWY: L-histidine degradation I"	"Location"	"Centre"	"LocationCentre"	NA	0	NA	NA	NA	0.00413965934134608	0.16598441782128	"All logistic values are the same"	"prevalence"	46	46
"HISDEG-PWY: L-histidine degradation I"	"Sex"	"Female"	"SexFemale"	NA	0	NA	NA	NA	0.667119896186567	0.993695588454555	"All logistic values are the same"	"prevalence"	46	46
"HISDEG-PWY: L-histidine degradation I"	"TimeNW"	"TimeNW"	"TimeNW"	NA	0	NA	NA	NA	0.675296911991585	0.993695588454555	"All logistic values are the same"	"prevalence"	46	46
"HISTSYN-PWY: L-histidine biosynthesis"	"Age"	"Age"	"Age"	NA	0	NA	NA	NA	0.000125095887263171	0.0472548036539874	"All logistic values are the same"	"prevalence"	46	46
"HISTSYN-PWY: L-histidine biosynthesis"	"FI"	"FI"	"FI"	NA	0	NA	NA	NA	0.336998087618204	0.962521935183502	"All logistic values are the same"	"prevalence"	46	46
"HISTSYN-PWY: L-histidine biosynthesis"	"Location"	"Centre"	"LocationCentre"	NA	0	NA	NA	NA	0.334404043592023	0.961519999886396	"All logistic values are the same"	"prevalence"	46	46
"HISTSYN-PWY: L-histidine biosynthesis"	"Sex"	"Female"	"SexFemale"	NA	0	NA	NA	NA	0.221080907435438	0.931415651367086	"All logistic values are the same"	"prevalence"	46	46
"HISTSYN-PWY: L-histidine biosynthesis"	"TimeNW"	"TimeNW"	"TimeNW"	NA	0	NA	NA	NA	0.937398010894666	0.998451798775976	"All logistic values are the same"	"prevalence"	46	46
"HSERMETANA-PWY: L-methionine biosynthesis III"	"Age"	"Age"	"Age"	NA	0	NA	NA	NA	0.0037881729055802	0.163549681495388	"All logistic values are the same"	"prevalence"	46	46
"HSERMETANA-PWY: L-methionine biosynthesis III"	"FI"	"FI"	"FI"	NA	0	NA	NA	NA	0.745838584432862	0.993695588454555	"All logistic values are the same"	"prevalence"	46	46
"HSERMETANA-PWY: L-methionine biosynthesis III"	"Location"	"Centre"	"LocationCentre"	NA	0	NA	NA	NA	0.901726868372539	0.998451798775976	"All logistic values are the same"	"prevalence"	46	46
"HSERMETANA-PWY: L-methionine biosynthesis III"	"Sex"	"Female"	"SexFemale"	NA	0	NA	NA	NA	0.107893778564777	0.812484435162572	"All logistic values are the same"	"prevalence"	46	46
"HSERMETANA-PWY: L-methionine biosynthesis III"	"TimeNW"	"TimeNW"	"TimeNW"	NA	0	NA	NA	NA	0.863422046555382	0.993695588454555	"All logistic values are the same"	"prevalence"	46	46
"ILEUSYN-PWY: L-isoleucine biosynthesis I (from threonine)"	"Age"	"Age"	"Age"	NA	0	NA	NA	NA	0.0120119534162364	0.305425888693328	"All logistic values are the same"	"prevalence"	46	46
"ILEUSYN-PWY: L-isoleucine biosynthesis I (from threonine)"	"FI"	"FI"	"FI"	NA	0	NA	NA	NA	0.387582905477956	0.980622710853004	"All logistic values are the same"	"prevalence"	46	46
"ILEUSYN-PWY: L-isoleucine biosynthesis I (from threonine)"	"Location"	"Centre"	"LocationCentre"	NA	0	NA	NA	NA	0.717818045531121	0.993695588454555	"All logistic values are the same"	"prevalence"	46	46
"ILEUSYN-PWY: L-isoleucine biosynthesis I (from threonine)"	"Sex"	"Female"	"SexFemale"	NA	0	NA	NA	NA	0.499112337630676	0.993695588454555	"All logistic values are the same"	"prevalence"	46	46
"ILEUSYN-PWY: L-isoleucine biosynthesis I (from threonine)"	"TimeNW"	"TimeNW"	"TimeNW"	NA	0	NA	NA	NA	0.9246242584447	0.998451798775976	"All logistic values are the same"	"prevalence"	46	46
"NONMEVIPP-PWY: methylerythritol phosphate pathway I"	"Age"	"Age"	"Age"	NA	0	NA	NA	NA	0.000249305918558207	0.0472548036539874	"All logistic values are the same"	"prevalence"	46	46
"NONMEVIPP-PWY: methylerythritol phosphate pathway I"	"FI"	"FI"	"FI"	NA	0	NA	NA	NA	0.596428228302454	0.993695588454555	"All logistic values are the same"	"prevalence"	46	46
"NONMEVIPP-PWY: methylerythritol phosphate pathway I"	"Location"	"Centre"	"LocationCentre"	NA	0	NA	NA	NA	0.415088063488994	0.992909460673586	"All logistic values are the same"	"prevalence"	46	46
"NONMEVIPP-PWY: methylerythritol phosphate pathway I"	"Sex"	"Female"	"SexFemale"	NA	0	NA	NA	NA	0.126536126194705	0.840215997184584	"All logistic values are the same"	"prevalence"	46	46
"NONMEVIPP-PWY: methylerythritol phosphate pathway I"	"TimeNW"	"TimeNW"	"TimeNW"	NA	0	NA	NA	NA	0.414715373890944	0.992909460673586	"All logistic values are the same"	"prevalence"	46	46
"NONOXIPENT-PWY: pentose phosphate pathway (non-oxidative branch) I"	"Age"	"Age"	"Age"	NA	0	NA	NA	NA	0.192616214298166	0.905949068804327	"All logistic values are the same"	"prevalence"	46	46
"NONOXIPENT-PWY: pentose phosphate pathway (non-oxidative branch) I"	"FI"	"FI"	"FI"	NA	0	NA	NA	NA	0.589609809304495	0.993695588454555	"All logistic values are the same"	"prevalence"	46	46
"NONOXIPENT-PWY: pentose phosphate pathway (non-oxidative branch) I"	"Location"	"Centre"	"LocationCentre"	NA	0	NA	NA	NA	0.184827793093378	0.905949068804327	"All logistic values are the same"	"prevalence"	46	46
"NONOXIPENT-PWY: pentose phosphate pathway (non-oxidative branch) I"	"Sex"	"Female"	"SexFemale"	NA	0	NA	NA	NA	0.554681083449448	0.993695588454555	"All logistic values are the same"	"prevalence"	46	46
"NONOXIPENT-PWY: pentose phosphate pathway (non-oxidative branch) I"	"TimeNW"	"TimeNW"	"TimeNW"	NA	0	NA	NA	NA	0.765923091461683	0.993695588454555	"All logistic values are the same"	"prevalence"	46	46
"OANTIGEN-PWY: O-antigen building blocks biosynthesis (E. coli)"	"Age"	"Age"	"Age"	NA	0	NA	NA	NA	0.364641833156586	0.968877380286383	"All logistic values are the same"	"prevalence"	46	46
"OANTIGEN-PWY: O-antigen building blocks biosynthesis (E. coli)"	"FI"	"FI"	"FI"	NA	0	NA	NA	NA	0.522985217138758	0.993695588454555	"All logistic values are the same"	"prevalence"	46	46
"OANTIGEN-PWY: O-antigen building blocks biosynthesis (E. coli)"	"Location"	"Centre"	"LocationCentre"	NA	0	NA	NA	NA	0.719629350162964	0.993695588454555	"All logistic values are the same"	"prevalence"	46	46
"OANTIGEN-PWY: O-antigen building blocks biosynthesis (E. coli)"	"Sex"	"Female"	"SexFemale"	NA	0	NA	NA	NA	0.190266720639113	0.905949068804327	"All logistic values are the same"	"prevalence"	46	46
"OANTIGEN-PWY: O-antigen building blocks biosynthesis (E. coli)"	"TimeNW"	"TimeNW"	"TimeNW"	NA	0	NA	NA	NA	0.33432498582111	0.961519999886396	"All logistic values are the same"	"prevalence"	46	46
"P41-PWY: pyruvate fermentation to acetate and (S)-lactate I"	"Age"	"Age"	"Age"	NA	0	NA	NA	NA	0.54459669373627	0.993695588454555	"All logistic values are the same"	"prevalence"	46	46
"P41-PWY: pyruvate fermentation to acetate and (S)-lactate I"	"FI"	"FI"	"FI"	NA	0	NA	NA	NA	0.469276869538348	0.993695588454555	"All logistic values are the same"	"prevalence"	46	46
"P41-PWY: pyruvate fermentation to acetate and (S)-lactate I"	"Location"	"Centre"	"LocationCentre"	NA	0	NA	NA	NA	0.694478546687577	0.993695588454555	"All logistic values are the same"	"prevalence"	46	46
"P41-PWY: pyruvate fermentation to acetate and (S)-lactate I"	"Sex"	"Female"	"SexFemale"	NA	0	NA	NA	NA	0.172245791484768	0.905949068804327	"All logistic values are the same"	"prevalence"	46	46
"P41-PWY: pyruvate fermentation to acetate and (S)-lactate I"	"TimeNW"	"TimeNW"	"TimeNW"	NA	0	NA	NA	NA	0.837448335874535	0.993695588454555	"All logistic values are the same"	"prevalence"	46	46
"PANTO-PWY: phosphopantothenate biosynthesis I"	"Age"	"Age"	"Age"	NA	0	NA	NA	NA	0.0013479347626526	0.080298399432305	"All logistic values are the same"	"prevalence"	46	46
"PANTO-PWY: phosphopantothenate biosynthesis I"	"FI"	"FI"	"FI"	NA	0	NA	NA	NA	0.578709221115957	0.993695588454555	"All logistic values are the same"	"prevalence"	46	46
"PANTO-PWY: phosphopantothenate biosynthesis I"	"Location"	"Centre"	"LocationCentre"	NA	0	NA	NA	NA	0.261027816252279	0.954417715573453	"All logistic values are the same"	"prevalence"	46	46
"PANTO-PWY: phosphopantothenate biosynthesis I"	"Sex"	"Female"	"SexFemale"	NA	0	NA	NA	NA	0.950018111965937	0.998451798775976	"All logistic values are the same"	"prevalence"	46	46
"PANTO-PWY: phosphopantothenate biosynthesis I"	"TimeNW"	"TimeNW"	"TimeNW"	NA	0	NA	NA	NA	0.617967720680559	0.993695588454555	"All logistic values are the same"	"prevalence"	46	46
"PANTOSYN-PWY: superpathway of coenzyme A biosynthesis I (bacteria)"	"Age"	"Age"	"Age"	NA	0	NA	NA	NA	0.000973876981622768	0.0780974425647489	"All logistic values are the same"	"prevalence"	46	46
"PANTOSYN-PWY: superpathway of coenzyme A biosynthesis I (bacteria)"	"FI"	"FI"	"FI"	NA	0	NA	NA	NA	0.913061124796148	0.998451798775976	"All logistic values are the same"	"prevalence"	46	46
"PANTOSYN-PWY: superpathway of coenzyme A biosynthesis I (bacteria)"	"Location"	"Centre"	"LocationCentre"	NA	0	NA	NA	NA	0.221705239661699	0.931415651367086	"All logistic values are the same"	"prevalence"	46	46
"PANTOSYN-PWY: superpathway of coenzyme A biosynthesis I (bacteria)"	"Sex"	"Female"	"SexFemale"	NA	0	NA	NA	NA	0.839265210481056	0.993695588454555	"All logistic values are the same"	"prevalence"	46	46
"PANTOSYN-PWY: superpathway of coenzyme A biosynthesis I (bacteria)"	"TimeNW"	"TimeNW"	"TimeNW"	NA	0	NA	NA	NA	0.641729086899827	0.993695588454555	"All logistic values are the same"	"prevalence"	46	46
"PENTOSE-P-PWY: pentose phosphate pathway"	"Age"	"Age"	"Age"	NA	0	NA	NA	NA	0.349677103206422	0.968877380286383	"All logistic values are the same"	"prevalence"	46	46
"PENTOSE-P-PWY: pentose phosphate pathway"	"FI"	"FI"	"FI"	NA	0	NA	NA	NA	0.116074247821514	0.816855125839389	"All logistic values are the same"	"prevalence"	46	46
"PENTOSE-P-PWY: pentose phosphate pathway"	"Location"	"Centre"	"LocationCentre"	NA	0	NA	NA	NA	0.472882741566796	0.993695588454555	"All logistic values are the same"	"prevalence"	46	46
"PENTOSE-P-PWY: pentose phosphate pathway"	"Sex"	"Female"	"SexFemale"	NA	0	NA	NA	NA	0.610046950339258	0.993695588454555	"All logistic values are the same"	"prevalence"	46	46
"PENTOSE-P-PWY: pentose phosphate pathway"	"TimeNW"	"TimeNW"	"TimeNW"	NA	0	NA	NA	NA	0.816199695311445	0.993695588454555	"All logistic values are the same"	"prevalence"	46	46
"PEPTIDOGLYCANSYN-PWY: peptidoglycan biosynthesis I (meso-diaminopimelate containing)"	"Age"	"Age"	"Age"	NA	0	NA	NA	NA	0.000818218128842529	0.0710826999431947	"All logistic values are the same"	"prevalence"	46	46
"PEPTIDOGLYCANSYN-PWY: peptidoglycan biosynthesis I (meso-diaminopimelate containing)"	"FI"	"FI"	"FI"	NA	0	NA	NA	NA	0.440165119966275	0.993695588454555	"All logistic values are the same"	"prevalence"	46	46
"PEPTIDOGLYCANSYN-PWY: peptidoglycan biosynthesis I (meso-diaminopimelate containing)"	"Location"	"Centre"	"LocationCentre"	NA	0	NA	NA	NA	0.437523337085019	0.993695588454555	"All logistic values are the same"	"prevalence"	46	46
"PEPTIDOGLYCANSYN-PWY: peptidoglycan biosynthesis I (meso-diaminopimelate containing)"	"Sex"	"Female"	"SexFemale"	NA	0	NA	NA	NA	0.241824865856778	0.954417715573453	"All logistic values are the same"	"prevalence"	46	46
"PEPTIDOGLYCANSYN-PWY: peptidoglycan biosynthesis I (meso-diaminopimelate containing)"	"TimeNW"	"TimeNW"	"TimeNW"	NA	0	NA	NA	NA	0.467824787224008	0.993695588454555	"All logistic values are the same"	"prevalence"	46	46
"PHOSLIPSYN-PWY: superpathway of phospholipid biosynthesis I (bacteria)"	"Age"	"Age"	"Age"	NA	0	NA	NA	NA	0.618788783521623	0.993695588454555	"All logistic values are the same"	"prevalence"	46	46
"PHOSLIPSYN-PWY: superpathway of phospholipid biosynthesis I (bacteria)"	"FI"	"FI"	"FI"	NA	0	NA	NA	NA	0.561181075117467	0.993695588454555	"All logistic values are the same"	"prevalence"	46	46
"PHOSLIPSYN-PWY: superpathway of phospholipid biosynthesis I (bacteria)"	"Location"	"Centre"	"LocationCentre"	NA	0	NA	NA	NA	0.78499051714471	0.993695588454555	"All logistic values are the same"	"prevalence"	46	46
"PHOSLIPSYN-PWY: superpathway of phospholipid biosynthesis I (bacteria)"	"Sex"	"Female"	"SexFemale"	NA	0	NA	NA	NA	0.6986603429825	0.993695588454555	"All logistic values are the same"	"prevalence"	46	46
"PHOSLIPSYN-PWY: superpathway of phospholipid biosynthesis I (bacteria)"	"TimeNW"	"TimeNW"	"TimeNW"	NA	0	NA	NA	NA	0.782737134603641	0.993695588454555	"All logistic values are the same"	"prevalence"	46	46
"PWY-1042: glycolysis IV"	"Age"	"Age"	"Age"	NA	0	NA	NA	NA	0.162650766820221	0.897061821880354	"All logistic values are the same"	"prevalence"	46	46
"PWY-1042: glycolysis IV"	"FI"	"FI"	"FI"	NA	0	NA	NA	NA	0.130605073082603	0.856325715022727	"All logistic values are the same"	"prevalence"	46	46
"PWY-1042: glycolysis IV"	"Location"	"Centre"	"LocationCentre"	NA	0	NA	NA	NA	0.406770495174002	0.990896575658083	"All logistic values are the same"	"prevalence"	46	46
"PWY-1042: glycolysis IV"	"Sex"	"Female"	"SexFemale"	NA	0	NA	NA	NA	0.132488749977547	0.857461487585441	"All logistic values are the same"	"prevalence"	46	46
"PWY-1042: glycolysis IV"	"TimeNW"	"TimeNW"	"TimeNW"	NA	0	NA	NA	NA	0.747901371286623	0.993695588454555	"All logistic values are the same"	"prevalence"	46	46
"PWY-1269: CMP-3-deoxy-D-manno-octulosonate biosynthesis"	"Age"	"Age"	"Age"	NA	0	NA	NA	NA	0.765208086540734	0.993695588454555	"All logistic values are the same"	"prevalence"	46	46
"PWY-1269: CMP-3-deoxy-D-manno-octulosonate biosynthesis"	"FI"	"FI"	"FI"	NA	0	NA	NA	NA	0.303694032519257	0.959114612886705	"All logistic values are the same"	"prevalence"	46	46
"PWY-1269: CMP-3-deoxy-D-manno-octulosonate biosynthesis"	"Location"	"Centre"	"LocationCentre"	NA	0	NA	NA	NA	0.326384103905819	0.959114612886705	"All logistic values are the same"	"prevalence"	46	46
"PWY-1269: CMP-3-deoxy-D-manno-octulosonate biosynthesis"	"Sex"	"Female"	"SexFemale"	NA	0	NA	NA	NA	0.631180587741073	0.993695588454555	"All logistic values are the same"	"prevalence"	46	46
"PWY-1269: CMP-3-deoxy-D-manno-octulosonate biosynthesis"	"TimeNW"	"TimeNW"	"TimeNW"	NA	0	NA	NA	NA	0.54229058099002	0.993695588454555	"All logistic values are the same"	"prevalence"	46	46
"PWY-2941: L-lysine biosynthesis II"	"Age"	"Age"	"Age"	NA	0	NA	NA	NA	0.0152661732644679	0.349779903916654	"All logistic values are the same"	"prevalence"	46	46
"PWY-2941: L-lysine biosynthesis II"	"FI"	"FI"	"FI"	NA	0	NA	NA	NA	0.701020457299268	0.993695588454555	"All logistic values are the same"	"prevalence"	46	46
"PWY-2941: L-lysine biosynthesis II"	"Location"	"Centre"	"LocationCentre"	NA	0	NA	NA	NA	0.232426134108054	0.933735047428308	"All logistic values are the same"	"prevalence"	46	46
"PWY-2941: L-lysine biosynthesis II"	"Sex"	"Female"	"SexFemale"	NA	0	NA	NA	NA	0.0661226556832417	0.714330244039166	"All logistic values are the same"	"prevalence"	46	46
"PWY-2941: L-lysine biosynthesis II"	"TimeNW"	"TimeNW"	"TimeNW"	NA	0	NA	NA	NA	0.798315037962567	0.993695588454555	"All logistic values are the same"	"prevalence"	46	46
"PWY-2942: L-lysine biosynthesis III"	"Age"	"Age"	"Age"	NA	0	NA	NA	NA	0.00204290231755611	0.115120306273094	"All logistic values are the same"	"prevalence"	46	46
"PWY-2942: L-lysine biosynthesis III"	"FI"	"FI"	"FI"	NA	0	NA	NA	NA	0.321951721634956	0.959114612886705	"All logistic values are the same"	"prevalence"	46	46
"PWY-2942: L-lysine biosynthesis III"	"Location"	"Centre"	"LocationCentre"	NA	0	NA	NA	NA	0.11657649431511	0.816855125839389	"All logistic values are the same"	"prevalence"	46	46
"PWY-2942: L-lysine biosynthesis III"	"Sex"	"Female"	"SexFemale"	NA	0	NA	NA	NA	0.242928201558263	0.954417715573453	"All logistic values are the same"	"prevalence"	46	46
"PWY-2942: L-lysine biosynthesis III"	"TimeNW"	"TimeNW"	"TimeNW"	NA	0	NA	NA	NA	0.940682621573075	0.998451798775976	"All logistic values are the same"	"prevalence"	46	46
"PWY-3001: superpathway of L-isoleucine biosynthesis I"	"Age"	"Age"	"Age"	NA	0	NA	NA	NA	0.0105739816259394	0.30307303461412	"All logistic values are the same"	"prevalence"	46	46
"PWY-3001: superpathway of L-isoleucine biosynthesis I"	"FI"	"FI"	"FI"	NA	0	NA	NA	NA	0.630186594406183	0.993695588454555	"All logistic values are the same"	"prevalence"	46	46
"PWY-3001: superpathway of L-isoleucine biosynthesis I"	"Location"	"Centre"	"LocationCentre"	NA	0	NA	NA	NA	0.555428118076864	0.993695588454555	"All logistic values are the same"	"prevalence"	46	46
"PWY-3001: superpathway of L-isoleucine biosynthesis I"	"Sex"	"Female"	"SexFemale"	NA	0	NA	NA	NA	0.607483620971395	0.993695588454555	"All logistic values are the same"	"prevalence"	46	46
"PWY-3001: superpathway of L-isoleucine biosynthesis I"	"TimeNW"	"TimeNW"	"TimeNW"	NA	0	NA	NA	NA	0.604197530758486	0.993695588454555	"All logistic values are the same"	"prevalence"	46	46
"PWY-3841: folate transformations II (plants)"	"Age"	"Age"	"Age"	NA	0	NA	NA	NA	0.000159123384025017	0.0472548036539874	"All logistic values are the same"	"prevalence"	46	46
"PWY-3841: folate transformations II (plants)"	"FI"	"FI"	"FI"	NA	0	NA	NA	NA	0.730877549379	0.993695588454555	"All logistic values are the same"	"prevalence"	46	46
"PWY-3841: folate transformations II (plants)"	"Location"	"Centre"	"LocationCentre"	NA	0	NA	NA	NA	0.0727579957518161	0.731351751440348	"All logistic values are the same"	"prevalence"	46	46
"PWY-3841: folate transformations II (plants)"	"Sex"	"Female"	"SexFemale"	NA	0	NA	NA	NA	0.222873986628612	0.931415651367086	"All logistic values are the same"	"prevalence"	46	46
"PWY-3841: folate transformations II (plants)"	"TimeNW"	"TimeNW"	"TimeNW"	NA	0	NA	NA	NA	0.447596598789067	0.993695588454555	"All logistic values are the same"	"prevalence"	46	46
"PWY-4041: &gamma;-glutamyl cycle"	"Age"	"Age"	"Age"	NA	0	NA	NA	NA	0.842303903813773	0.993695588454555	"All logistic values are the same"	"prevalence"	46	46
"PWY-4041: &gamma;-glutamyl cycle"	"FI"	"FI"	"FI"	NA	0	NA	NA	NA	0.656197319610927	0.993695588454555	"All logistic values are the same"	"prevalence"	46	46
"PWY-4041: &gamma;-glutamyl cycle"	"Location"	"Centre"	"LocationCentre"	NA	0	NA	NA	NA	0.877610515562075	0.996959287214095	"All logistic values are the same"	"prevalence"	46	46
"PWY-4041: &gamma;-glutamyl cycle"	"Sex"	"Female"	"SexFemale"	NA	0	NA	NA	NA	0.493948110833961	0.993695588454555	"All logistic values are the same"	"prevalence"	46	46
"PWY-4041: &gamma;-glutamyl cycle"	"TimeNW"	"TimeNW"	"TimeNW"	NA	0	NA	NA	NA	0.810090590663979	0.993695588454555	"All logistic values are the same"	"prevalence"	46	46
"PWY-4984: urea cycle"	"Age"	"Age"	"Age"	NA	0	NA	NA	NA	0.0744422593226909	0.735602420321377	"All logistic values are the same"	"prevalence"	46	46
"PWY-4984: urea cycle"	"FI"	"FI"	"FI"	NA	0	NA	NA	NA	0.411803421115136	0.992909460673586	"All logistic values are the same"	"prevalence"	46	46
"PWY-4984: urea cycle"	"Location"	"Centre"	"LocationCentre"	NA	0	NA	NA	NA	0.725372496439165	0.993695588454555	"All logistic values are the same"	"prevalence"	46	46
"PWY-4984: urea cycle"	"Sex"	"Female"	"SexFemale"	NA	0	NA	NA	NA	0.443364828786439	0.993695588454555	"All logistic values are the same"	"prevalence"	46	46
"PWY-4984: urea cycle"	"TimeNW"	"TimeNW"	"TimeNW"	NA	0	NA	NA	NA	0.248857253339564	0.954417715573453	"All logistic values are the same"	"prevalence"	46	46
"PWY-5030: L-histidine degradation III"	"Age"	"Age"	"Age"	NA	0	NA	NA	NA	0.00967636950900452	0.297674461570942	"All logistic values are the same"	"prevalence"	46	46
"PWY-5030: L-histidine degradation III"	"FI"	"FI"	"FI"	NA	0	NA	NA	NA	0.273284969664615	0.954417715573453	"All logistic values are the same"	"prevalence"	46	46
"PWY-5030: L-histidine degradation III"	"Location"	"Centre"	"LocationCentre"	NA	0	NA	NA	NA	0.0393725125514348	0.667846772939063	"All logistic values are the same"	"prevalence"	46	46
"PWY-5030: L-histidine degradation III"	"Sex"	"Female"	"SexFemale"	NA	0	NA	NA	NA	0.916872651540473	0.998451798775976	"All logistic values are the same"	"prevalence"	46	46
"PWY-5030: L-histidine degradation III"	"TimeNW"	"TimeNW"	"TimeNW"	NA	0	NA	NA	NA	0.856091358291351	0.993695588454555	"All logistic values are the same"	"prevalence"	46	46
"PWY-5097: L-lysine biosynthesis VI"	"Age"	"Age"	"Age"	NA	0	NA	NA	NA	0.00260628792168149	0.129383578969188	"All logistic values are the same"	"prevalence"	46	46
"PWY-5097: L-lysine biosynthesis VI"	"FI"	"FI"	"FI"	NA	0	NA	NA	NA	0.973443068058254	0.998451798775976	"All logistic values are the same"	"prevalence"	46	46
"PWY-5097: L-lysine biosynthesis VI"	"Location"	"Centre"	"LocationCentre"	NA	0	NA	NA	NA	0.386881727746719	0.980622710853004	"All logistic values are the same"	"prevalence"	46	46
"PWY-5097: L-lysine biosynthesis VI"	"Sex"	"Female"	"SexFemale"	NA	0	NA	NA	NA	0.386918403380115	0.980622710853004	"All logistic values are the same"	"prevalence"	46	46
"PWY-5097: L-lysine biosynthesis VI"	"TimeNW"	"TimeNW"	"TimeNW"	NA	0	NA	NA	NA	0.778349554934461	0.993695588454555	"All logistic values are the same"	"prevalence"	46	46
"PWY-5100: pyruvate fermentation to acetate and lactate II"	"Age"	"Age"	"Age"	NA	0	NA	NA	NA	0.651132392166162	0.993695588454555	"All logistic values are the same"	"prevalence"	46	46
"PWY-5100: pyruvate fermentation to acetate and lactate II"	"FI"	"FI"	"FI"	NA	0	NA	NA	NA	0.329325315660182	0.960069891019846	"All logistic values are the same"	"prevalence"	46	46
"PWY-5100: pyruvate fermentation to acetate and lactate II"	"Location"	"Centre"	"LocationCentre"	NA	0	NA	NA	NA	0.325920926699036	0.959114612886705	"All logistic values are the same"	"prevalence"	46	46
"PWY-5100: pyruvate fermentation to acetate and lactate II"	"Sex"	"Female"	"SexFemale"	NA	0	NA	NA	NA	0.279649903613452	0.954417715573453	"All logistic values are the same"	"prevalence"	46	46
"PWY-5100: pyruvate fermentation to acetate and lactate II"	"TimeNW"	"TimeNW"	"TimeNW"	NA	0	NA	NA	NA	0.813157907104541	0.993695588454555	"All logistic values are the same"	"prevalence"	46	46
"PWY-5103: L-isoleucine biosynthesis III"	"Age"	"Age"	"Age"	NA	0	NA	NA	NA	0.0180138060644696	0.395355638362306	"All logistic values are the same"	"prevalence"	46	46
"PWY-5103: L-isoleucine biosynthesis III"	"FI"	"FI"	"FI"	NA	0	NA	NA	NA	0.335847056832267	0.96186966139461	"All logistic values are the same"	"prevalence"	46	46
"PWY-5103: L-isoleucine biosynthesis III"	"Location"	"Centre"	"LocationCentre"	NA	0	NA	NA	NA	0.901348199922833	0.998451798775976	"All logistic values are the same"	"prevalence"	46	46
"PWY-5103: L-isoleucine biosynthesis III"	"Sex"	"Female"	"SexFemale"	NA	0	NA	NA	NA	0.445707664879075	0.993695588454555	"All logistic values are the same"	"prevalence"	46	46
"PWY-5103: L-isoleucine biosynthesis III"	"TimeNW"	"TimeNW"	"TimeNW"	NA	0	NA	NA	NA	0.824882002575325	0.993695588454555	"All logistic values are the same"	"prevalence"	46	46
"PWY-5154: L-arginine biosynthesis III (via N-acetyl-L-citrulline)"	"Age"	"Age"	"Age"	NA	0	NA	NA	NA	0.0736613274832005	0.731351751440348	"All logistic values are the same"	"prevalence"	46	46
"PWY-5154: L-arginine biosynthesis III (via N-acetyl-L-citrulline)"	"FI"	"FI"	"FI"	NA	0	NA	NA	NA	0.853852651228763	0.993695588454555	"All logistic values are the same"	"prevalence"	46	46
"PWY-5154: L-arginine biosynthesis III (via N-acetyl-L-citrulline)"	"Location"	"Centre"	"LocationCentre"	NA	0	NA	NA	NA	0.79087459413521	0.993695588454555	"All logistic values are the same"	"prevalence"	46	46
"PWY-5154: L-arginine biosynthesis III (via N-acetyl-L-citrulline)"	"Sex"	"Female"	"SexFemale"	NA	0	NA	NA	NA	0.344388684157211	0.96473999596638	"All logistic values are the same"	"prevalence"	46	46
"PWY-5154: L-arginine biosynthesis III (via N-acetyl-L-citrulline)"	"TimeNW"	"TimeNW"	"TimeNW"	NA	0	NA	NA	NA	0.547338734448081	0.993695588454555	"All logistic values are the same"	"prevalence"	46	46
"PWY-5188: tetrapyrrole biosynthesis I (from glutamate)"	"Age"	"Age"	"Age"	NA	0	NA	NA	NA	0.226220228480886	0.931415651367086	"All logistic values are the same"	"prevalence"	46	46
"PWY-5188: tetrapyrrole biosynthesis I (from glutamate)"	"FI"	"FI"	"FI"	NA	0	NA	NA	NA	0.335263808113866	0.961519999886396	"All logistic values are the same"	"prevalence"	46	46
"PWY-5188: tetrapyrrole biosynthesis I (from glutamate)"	"Location"	"Centre"	"LocationCentre"	NA	0	NA	NA	NA	0.211101625219749	0.931415651367086	"All logistic values are the same"	"prevalence"	46	46
"PWY-5188: tetrapyrrole biosynthesis I (from glutamate)"	"Sex"	"Female"	"SexFemale"	NA	0	NA	NA	NA	0.912570630988157	0.998451798775976	"All logistic values are the same"	"prevalence"	46	46
"PWY-5188: tetrapyrrole biosynthesis I (from glutamate)"	"TimeNW"	"TimeNW"	"TimeNW"	NA	0	NA	NA	NA	0.752463728576859	0.993695588454555	"All logistic values are the same"	"prevalence"	46	46
"PWY-5384: sucrose degradation IV (sucrose phosphorylase)"	"Age"	"Age"	"Age"	NA	0	NA	NA	NA	0.43612417759011	0.993695588454555	"All logistic values are the same"	"prevalence"	46	46
"PWY-5384: sucrose degradation IV (sucrose phosphorylase)"	"FI"	"FI"	"FI"	NA	0	NA	NA	NA	0.261953040836663	0.954417715573453	"All logistic values are the same"	"prevalence"	46	46
"PWY-5384: sucrose degradation IV (sucrose phosphorylase)"	"Location"	"Centre"	"LocationCentre"	NA	0	NA	NA	NA	0.738504555816218	0.993695588454555	"All logistic values are the same"	"prevalence"	46	46
"PWY-5384: sucrose degradation IV (sucrose phosphorylase)"	"Sex"	"Female"	"SexFemale"	NA	0	NA	NA	NA	0.200057793926198	0.908759259991551	"All logistic values are the same"	"prevalence"	46	46
"PWY-5384: sucrose degradation IV (sucrose phosphorylase)"	"TimeNW"	"TimeNW"	"TimeNW"	NA	0	NA	NA	NA	0.853931389919633	0.993695588454555	"All logistic values are the same"	"prevalence"	46	46
"PWY-5484: glycolysis II (from fructose 6-phosphate)"	"Age"	"Age"	"Age"	NA	0	NA	NA	NA	0.539297534481936	0.993695588454555	"All logistic values are the same"	"prevalence"	46	46
"PWY-5484: glycolysis II (from fructose 6-phosphate)"	"FI"	"FI"	"FI"	NA	0	NA	NA	NA	0.63541231000433	0.993695588454555	"All logistic values are the same"	"prevalence"	46	46
"PWY-5484: glycolysis II (from fructose 6-phosphate)"	"Location"	"Centre"	"LocationCentre"	NA	0	NA	NA	NA	0.842179090731954	0.993695588454555	"All logistic values are the same"	"prevalence"	46	46
"PWY-5484: glycolysis II (from fructose 6-phosphate)"	"Sex"	"Female"	"SexFemale"	NA	0	NA	NA	NA	0.541448532187106	0.993695588454555	"All logistic values are the same"	"prevalence"	46	46
"PWY-5484: glycolysis II (from fructose 6-phosphate)"	"TimeNW"	"TimeNW"	"TimeNW"	NA	0	NA	NA	NA	0.420185696080995	0.993695588454555	"All logistic values are the same"	"prevalence"	46	46
"PWY-5659: GDP-mannose biosynthesis"	"Age"	"Age"	"Age"	NA	0	NA	NA	NA	0.700666499151493	0.993695588454555	"All logistic values are the same"	"prevalence"	46	46
"PWY-5659: GDP-mannose biosynthesis"	"FI"	"FI"	"FI"	NA	0	NA	NA	NA	0.914058983269626	0.998451798775976	"All logistic values are the same"	"prevalence"	46	46
"PWY-5659: GDP-mannose biosynthesis"	"Location"	"Centre"	"LocationCentre"	NA	0	NA	NA	NA	0.524400774085644	0.993695588454555	"All logistic values are the same"	"prevalence"	46	46
"PWY-5659: GDP-mannose biosynthesis"	"Sex"	"Female"	"SexFemale"	NA	0	NA	NA	NA	0.710127698880366	0.993695588454555	"All logistic values are the same"	"prevalence"	46	46
"PWY-5659: GDP-mannose biosynthesis"	"TimeNW"	"TimeNW"	"TimeNW"	NA	0	NA	NA	NA	0.666641324060856	0.993695588454555	"All logistic values are the same"	"prevalence"	46	46
"PWY-5667: CDP-diacylglycerol biosynthesis I"	"Age"	"Age"	"Age"	NA	0	NA	NA	NA	0.0585332351680234	0.686415561393386	"All logistic values are the same"	"prevalence"	46	46
"PWY-5667: CDP-diacylglycerol biosynthesis I"	"FI"	"FI"	"FI"	NA	0	NA	NA	NA	0.86532504028309	0.993695588454555	"All logistic values are the same"	"prevalence"	46	46
"PWY-5667: CDP-diacylglycerol biosynthesis I"	"Location"	"Centre"	"LocationCentre"	NA	0	NA	NA	NA	0.0430648498759219	0.677654893257433	"All logistic values are the same"	"prevalence"	46	46
"PWY-5667: CDP-diacylglycerol biosynthesis I"	"Sex"	"Female"	"SexFemale"	NA	0	NA	NA	NA	0.178259109968977	0.905949068804327	"All logistic values are the same"	"prevalence"	46	46
"PWY-5667: CDP-diacylglycerol biosynthesis I"	"TimeNW"	"TimeNW"	"TimeNW"	NA	0	NA	NA	NA	0.199020864113	0.906022929422719	"All logistic values are the same"	"prevalence"	46	46
"PWY-5686: UMP biosynthesis I"	"Age"	"Age"	"Age"	NA	0	NA	NA	NA	0.000227678432850542	0.0472548036539874	"All logistic values are the same"	"prevalence"	46	46
"PWY-5686: UMP biosynthesis I"	"FI"	"FI"	"FI"	NA	0	NA	NA	NA	0.520328041407384	0.993695588454555	"All logistic values are the same"	"prevalence"	46	46
"PWY-5686: UMP biosynthesis I"	"Location"	"Centre"	"LocationCentre"	NA	0	NA	NA	NA	0.191205509597118	0.905949068804327	"All logistic values are the same"	"prevalence"	46	46
"PWY-5686: UMP biosynthesis I"	"Sex"	"Female"	"SexFemale"	NA	0	NA	NA	NA	0.195227916644361	0.905949068804327	"All logistic values are the same"	"prevalence"	46	46
"PWY-5686: UMP biosynthesis I"	"TimeNW"	"TimeNW"	"TimeNW"	NA	0	NA	NA	NA	0.709256427722647	0.993695588454555	"All logistic values are the same"	"prevalence"	46	46
"PWY-5695: inosine 5'-phosphate degradation"	"Age"	"Age"	"Age"	NA	0	NA	NA	NA	0.000486911298869686	0.0634112603190719	"All logistic values are the same"	"prevalence"	46	46
"PWY-5695: inosine 5'-phosphate degradation"	"FI"	"FI"	"FI"	NA	0	NA	NA	NA	0.332698027318072	0.961519999886396	"All logistic values are the same"	"prevalence"	46	46
"PWY-5695: inosine 5'-phosphate degradation"	"Location"	"Centre"	"LocationCentre"	NA	0	NA	NA	NA	0.232356011956809	0.933735047428308	"All logistic values are the same"	"prevalence"	46	46
"PWY-5695: inosine 5'-phosphate degradation"	"Sex"	"Female"	"SexFemale"	NA	0	NA	NA	NA	0.834896472072857	0.993695588454555	"All logistic values are the same"	"prevalence"	46	46
"PWY-5695: inosine 5'-phosphate degradation"	"TimeNW"	"TimeNW"	"TimeNW"	NA	0	NA	NA	NA	0.693401691015222	0.993695588454555	"All logistic values are the same"	"prevalence"	46	46
"PWY-5941: glycogen degradation II"	"Age"	"Age"	"Age"	NA	0	NA	NA	NA	0.99744841530462	0.999573552303566	"All logistic values are the same"	"prevalence"	46	46
"PWY-5941: glycogen degradation II"	"FI"	"FI"	"FI"	NA	0	NA	NA	NA	0.10928373988251	0.812484435162572	"All logistic values are the same"	"prevalence"	46	46
"PWY-5941: glycogen degradation II"	"Location"	"Centre"	"LocationCentre"	NA	0	NA	NA	NA	0.0683946064457144	0.723122110593216	"All logistic values are the same"	"prevalence"	46	46
"PWY-5941: glycogen degradation II"	"Sex"	"Female"	"SexFemale"	NA	0	NA	NA	NA	0.052183090716742	0.686415561393386	"All logistic values are the same"	"prevalence"	46	46
"PWY-5941: glycogen degradation II"	"TimeNW"	"TimeNW"	"TimeNW"	NA	0	NA	NA	NA	0.868982492952306	0.994417397258814	"All logistic values are the same"	"prevalence"	46	46
"PWY-5973: cis-vaccenate biosynthesis"	"Age"	"Age"	"Age"	NA	0	NA	NA	NA	0.0011335639629465	0.0796479293335627	"All logistic values are the same"	"prevalence"	46	46
"PWY-5973: cis-vaccenate biosynthesis"	"FI"	"FI"	"FI"	NA	0	NA	NA	NA	0.567671048035149	0.993695588454555	"All logistic values are the same"	"prevalence"	46	46
"PWY-5973: cis-vaccenate biosynthesis"	"Location"	"Centre"	"LocationCentre"	NA	0	NA	NA	NA	0.0367654938099806	0.645564094058382	"All logistic values are the same"	"prevalence"	46	46
"PWY-5973: cis-vaccenate biosynthesis"	"Sex"	"Female"	"SexFemale"	NA	0	NA	NA	NA	0.582860891844445	0.993695588454555	"All logistic values are the same"	"prevalence"	46	46
"PWY-5973: cis-vaccenate biosynthesis"	"TimeNW"	"TimeNW"	"TimeNW"	NA	0	NA	NA	NA	0.882905967153133	0.99775552385598	"All logistic values are the same"	"prevalence"	46	46
"PWY-5989: stearate biosynthesis II (bacteria and plants)"	"Age"	"Age"	"Age"	NA	0	NA	NA	NA	0.916859976584434	0.998451798775976	"All logistic values are the same"	"prevalence"	46	46
"PWY-5989: stearate biosynthesis II (bacteria and plants)"	"FI"	"FI"	"FI"	NA	0	NA	NA	NA	0.68211294775342	0.993695588454555	"All logistic values are the same"	"prevalence"	46	46
"PWY-5989: stearate biosynthesis II (bacteria and plants)"	"Location"	"Centre"	"LocationCentre"	NA	0	NA	NA	NA	0.300527145136769	0.955181551235005	"All logistic values are the same"	"prevalence"	46	46
"PWY-5989: stearate biosynthesis II (bacteria and plants)"	"Sex"	"Female"	"SexFemale"	NA	0	NA	NA	NA	0.971164198385326	0.998451798775976	"All logistic values are the same"	"prevalence"	46	46
"PWY-5989: stearate biosynthesis II (bacteria and plants)"	"TimeNW"	"TimeNW"	"TimeNW"	NA	0	NA	NA	NA	0.0756490983139169	0.740508779270031	"All logistic values are the same"	"prevalence"	46	46
"PWY-6121: 5-aminoimidazole ribonucleotide biosynthesis I"	"Age"	"Age"	"Age"	NA	0	NA	NA	NA	0.000420860521638033	0.0634040794880519	"All logistic values are the same"	"prevalence"	46	46
"PWY-6121: 5-aminoimidazole ribonucleotide biosynthesis I"	"FI"	"FI"	"FI"	NA	0	NA	NA	NA	0.711047402533016	0.993695588454555	"All logistic values are the same"	"prevalence"	46	46
"PWY-6121: 5-aminoimidazole ribonucleotide biosynthesis I"	"Location"	"Centre"	"LocationCentre"	NA	0	NA	NA	NA	0.385338412520803	0.980622710853004	"All logistic values are the same"	"prevalence"	46	46
"PWY-6121: 5-aminoimidazole ribonucleotide biosynthesis I"	"Sex"	"Female"	"SexFemale"	NA	0	NA	NA	NA	0.673907431650957	0.993695588454555	"All logistic values are the same"	"prevalence"	46	46
"PWY-6121: 5-aminoimidazole ribonucleotide biosynthesis I"	"TimeNW"	"TimeNW"	"TimeNW"	NA	0	NA	NA	NA	0.356967569341658	0.968877380286383	"All logistic values are the same"	"prevalence"	46	46
"PWY-6122: 5-aminoimidazole ribonucleotide biosynthesis II"	"Age"	"Age"	"Age"	NA	0	NA	NA	NA	0.00126096549841281	0.0796479293335627	"All logistic values are the same"	"prevalence"	46	46
"PWY-6122: 5-aminoimidazole ribonucleotide biosynthesis II"	"FI"	"FI"	"FI"	NA	0	NA	NA	NA	0.726718503756815	0.993695588454555	"All logistic values are the same"	"prevalence"	46	46
"PWY-6122: 5-aminoimidazole ribonucleotide biosynthesis II"	"Location"	"Centre"	"LocationCentre"	NA	0	NA	NA	NA	0.360478323122603	0.968877380286383	"All logistic values are the same"	"prevalence"	46	46
"PWY-6122: 5-aminoimidazole ribonucleotide biosynthesis II"	"Sex"	"Female"	"SexFemale"	NA	0	NA	NA	NA	0.615582305857018	0.993695588454555	"All logistic values are the same"	"prevalence"	46	46
"PWY-6122: 5-aminoimidazole ribonucleotide biosynthesis II"	"TimeNW"	"TimeNW"	"TimeNW"	NA	0	NA	NA	NA	0.319919727690783	0.959114612886705	"All logistic values are the same"	"prevalence"	46	46
"PWY-6123: inosine-5'-phosphate biosynthesis I"	"Age"	"Age"	"Age"	NA	0	NA	NA	NA	1.32516822999307e-05	0.00690743939883887	"All logistic values are the same"	"prevalence"	46	46
"PWY-6123: inosine-5'-phosphate biosynthesis I"	"FI"	"FI"	"FI"	NA	0	NA	NA	NA	0.459408529229837	0.993695588454555	"All logistic values are the same"	"prevalence"	46	46
"PWY-6123: inosine-5'-phosphate biosynthesis I"	"Location"	"Centre"	"LocationCentre"	NA	0	NA	NA	NA	0.0670853421332288	0.720994527565887	"All logistic values are the same"	"prevalence"	46	46
"PWY-6123: inosine-5'-phosphate biosynthesis I"	"Sex"	"Female"	"SexFemale"	NA	0	NA	NA	NA	0.971354142095015	0.998451798775976	"All logistic values are the same"	"prevalence"	46	46
"PWY-6123: inosine-5'-phosphate biosynthesis I"	"TimeNW"	"TimeNW"	"TimeNW"	NA	0	NA	NA	NA	0.969558699564374	0.998451798775976	"All logistic values are the same"	"prevalence"	46	46
"PWY-6124: inosine-5'-phosphate biosynthesis II"	"Age"	"Age"	"Age"	NA	0	NA	NA	NA	1.11750224368601e-05	0.00690743939883887	"All logistic values are the same"	"prevalence"	46	46
"PWY-6124: inosine-5'-phosphate biosynthesis II"	"FI"	"FI"	"FI"	NA	0	NA	NA	NA	0.455341133178947	0.993695588454555	"All logistic values are the same"	"prevalence"	46	46
"PWY-6124: inosine-5'-phosphate biosynthesis II"	"Location"	"Centre"	"LocationCentre"	NA	0	NA	NA	NA	0.0494098039098151	0.686415561393386	"All logistic values are the same"	"prevalence"	46	46
"PWY-6124: inosine-5'-phosphate biosynthesis II"	"Sex"	"Female"	"SexFemale"	NA	0	NA	NA	NA	0.966089063155525	0.998451798775976	"All logistic values are the same"	"prevalence"	46	46
"PWY-6124: inosine-5'-phosphate biosynthesis II"	"TimeNW"	"TimeNW"	"TimeNW"	NA	0	NA	NA	NA	0.935366793034296	0.998451798775976	"All logistic values are the same"	"prevalence"	46	46
"PWY-6125: superpathway of guanosine nucleotides de novo biosynthesis II"	"Age"	"Age"	"Age"	NA	0	NA	NA	NA	0.0152284869686765	0.349779903916654	"All logistic values are the same"	"prevalence"	46	46
"PWY-6125: superpathway of guanosine nucleotides de novo biosynthesis II"	"FI"	"FI"	"FI"	NA	0	NA	NA	NA	0.257265039904946	0.954417715573453	"All logistic values are the same"	"prevalence"	46	46
"PWY-6125: superpathway of guanosine nucleotides de novo biosynthesis II"	"Location"	"Centre"	"LocationCentre"	NA	0	NA	NA	NA	0.00286578843244056	0.135799292764513	"All logistic values are the same"	"prevalence"	46	46
"PWY-6125: superpathway of guanosine nucleotides de novo biosynthesis II"	"Sex"	"Female"	"SexFemale"	NA	0	NA	NA	NA	0.632595969253095	0.993695588454555	"All logistic values are the same"	"prevalence"	46	46
"PWY-6125: superpathway of guanosine nucleotides de novo biosynthesis II"	"TimeNW"	"TimeNW"	"TimeNW"	NA	0	NA	NA	NA	0.62670231351631	0.993695588454555	"All logistic values are the same"	"prevalence"	46	46
"PWY-6126: superpathway of adenosine nucleotides de novo biosynthesis II"	"Age"	"Age"	"Age"	NA	0	NA	NA	NA	0.00535968796611241	0.199552668024007	"All logistic values are the same"	"prevalence"	46	46
"PWY-6126: superpathway of adenosine nucleotides de novo biosynthesis II"	"FI"	"FI"	"FI"	NA	0	NA	NA	NA	0.208679553076799	0.929915369904712	"All logistic values are the same"	"prevalence"	46	46
"PWY-6126: superpathway of adenosine nucleotides de novo biosynthesis II"	"Location"	"Centre"	"LocationCentre"	NA	0	NA	NA	NA	0.00380166691323192	0.163549681495388	"All logistic values are the same"	"prevalence"	46	46
"PWY-6126: superpathway of adenosine nucleotides de novo biosynthesis II"	"Sex"	"Female"	"SexFemale"	NA	0	NA	NA	NA	0.511107640297741	0.993695588454555	"All logistic values are the same"	"prevalence"	46	46
"PWY-6126: superpathway of adenosine nucleotides de novo biosynthesis II"	"TimeNW"	"TimeNW"	"TimeNW"	NA	0	NA	NA	NA	0.645148686560533	0.993695588454555	"All logistic values are the same"	"prevalence"	46	46
"PWY-6147: 6-hydroxymethyl-dihydropterin diphosphate biosynthesis I"	"Age"	"Age"	"Age"	NA	0	NA	NA	NA	0.103842300623515	0.802013111520293	"All logistic values are the same"	"prevalence"	46	46
"PWY-6147: 6-hydroxymethyl-dihydropterin diphosphate biosynthesis I"	"FI"	"FI"	"FI"	NA	0	NA	NA	NA	0.437540370061017	0.993695588454555	"All logistic values are the same"	"prevalence"	46	46
"PWY-6147: 6-hydroxymethyl-dihydropterin diphosphate biosynthesis I"	"Location"	"Centre"	"LocationCentre"	NA	0	NA	NA	NA	0.0253559386489264	0.498746529085014	"All logistic values are the same"	"prevalence"	46	46
"PWY-6147: 6-hydroxymethyl-dihydropterin diphosphate biosynthesis I"	"Sex"	"Female"	"SexFemale"	NA	0	NA	NA	NA	0.745460201033871	0.993695588454555	"All logistic values are the same"	"prevalence"	46	46
"PWY-6147: 6-hydroxymethyl-dihydropterin diphosphate biosynthesis I"	"TimeNW"	"TimeNW"	"TimeNW"	NA	0	NA	NA	NA	0.911377535866875	0.998451798775976	"All logistic values are the same"	"prevalence"	46	46
"PWY-6151: S-adenosyl-L-methionine salvage I"	"Age"	"Age"	"Age"	NA	0	NA	NA	NA	0.00591969422474392	0.212802801010191	"All logistic values are the same"	"prevalence"	46	46
"PWY-6151: S-adenosyl-L-methionine salvage I"	"FI"	"FI"	"FI"	NA	0	NA	NA	NA	0.396011733558059	0.98522843796502	"All logistic values are the same"	"prevalence"	46	46
"PWY-6151: S-adenosyl-L-methionine salvage I"	"Location"	"Centre"	"LocationCentre"	NA	0	NA	NA	NA	0.71869534951981	0.993695588454555	"All logistic values are the same"	"prevalence"	46	46
"PWY-6151: S-adenosyl-L-methionine salvage I"	"Sex"	"Female"	"SexFemale"	NA	0	NA	NA	NA	0.178410049345483	0.905949068804327	"All logistic values are the same"	"prevalence"	46	46
"PWY-6151: S-adenosyl-L-methionine salvage I"	"TimeNW"	"TimeNW"	"TimeNW"	NA	0	NA	NA	NA	0.306775764446549	0.959114612886705	"All logistic values are the same"	"prevalence"	46	46
"PWY-6163: chorismate biosynthesis from 3-dehydroquinate"	"Age"	"Age"	"Age"	NA	0	NA	NA	NA	0.000448191270975062	0.0634040794880519	"All logistic values are the same"	"prevalence"	46	46
"PWY-6163: chorismate biosynthesis from 3-dehydroquinate"	"FI"	"FI"	"FI"	NA	0	NA	NA	NA	0.675633050451578	0.993695588454555	"All logistic values are the same"	"prevalence"	46	46
"PWY-6163: chorismate biosynthesis from 3-dehydroquinate"	"Location"	"Centre"	"LocationCentre"	NA	0	NA	NA	NA	0.556317919310928	0.993695588454555	"All logistic values are the same"	"prevalence"	46	46
"PWY-6163: chorismate biosynthesis from 3-dehydroquinate"	"Sex"	"Female"	"SexFemale"	NA	0	NA	NA	NA	0.144012814004853	0.875413169679648	"All logistic values are the same"	"prevalence"	46	46
"PWY-6163: chorismate biosynthesis from 3-dehydroquinate"	"TimeNW"	"TimeNW"	"TimeNW"	NA	0	NA	NA	NA	0.538771749710595	0.993695588454555	"All logistic values are the same"	"prevalence"	46	46
"PWY-621: sucrose degradation III (sucrose invertase)"	"Age"	"Age"	"Age"	NA	0	NA	NA	NA	0.65285396590357	0.993695588454555	"All logistic values are the same"	"prevalence"	46	46
"PWY-621: sucrose degradation III (sucrose invertase)"	"FI"	"FI"	"FI"	NA	0	NA	NA	NA	0.450239929440326	0.993695588454555	"All logistic values are the same"	"prevalence"	46	46
"PWY-621: sucrose degradation III (sucrose invertase)"	"Location"	"Centre"	"LocationCentre"	NA	0	NA	NA	NA	0.708730200940764	0.993695588454555	"All logistic values are the same"	"prevalence"	46	46
"PWY-621: sucrose degradation III (sucrose invertase)"	"Sex"	"Female"	"SexFemale"	NA	0	NA	NA	NA	0.307161008618773	0.959114612886705	"All logistic values are the same"	"prevalence"	46	46
"PWY-621: sucrose degradation III (sucrose invertase)"	"TimeNW"	"TimeNW"	"TimeNW"	NA	0	NA	NA	NA	0.855479706486038	0.993695588454555	"All logistic values are the same"	"prevalence"	46	46
"PWY-6270: isoprene biosynthesis I"	"Age"	"Age"	"Age"	NA	0	NA	NA	NA	0.0157210502595209	0.35627265304607	"All logistic values are the same"	"prevalence"	46	46
"PWY-6270: isoprene biosynthesis I"	"FI"	"FI"	"FI"	NA	0	NA	NA	NA	0.569488272181538	0.993695588454555	"All logistic values are the same"	"prevalence"	46	46
"PWY-6270: isoprene biosynthesis I"	"Location"	"Centre"	"LocationCentre"	NA	0	NA	NA	NA	0.342570546149189	0.96473999596638	"All logistic values are the same"	"prevalence"	46	46
"PWY-6270: isoprene biosynthesis I"	"Sex"	"Female"	"SexFemale"	NA	0	NA	NA	NA	0.213986212168429	0.931415651367086	"All logistic values are the same"	"prevalence"	46	46
"PWY-6270: isoprene biosynthesis I"	"TimeNW"	"TimeNW"	"TimeNW"	NA	0	NA	NA	NA	0.844081477330934	0.993695588454555	"All logistic values are the same"	"prevalence"	46	46
"PWY-6277: superpathway of 5-aminoimidazole ribonucleotide biosynthesis"	"Age"	"Age"	"Age"	NA	0	NA	NA	NA	0.00127465414838701	0.0796479293335627	"All logistic values are the same"	"prevalence"	46	46
"PWY-6277: superpathway of 5-aminoimidazole ribonucleotide biosynthesis"	"FI"	"FI"	"FI"	NA	0	NA	NA	NA	0.726125454103014	0.993695588454555	"All logistic values are the same"	"prevalence"	46	46
"PWY-6277: superpathway of 5-aminoimidazole ribonucleotide biosynthesis"	"Location"	"Centre"	"LocationCentre"	NA	0	NA	NA	NA	0.361371720086541	0.968877380286383	"All logistic values are the same"	"prevalence"	46	46
"PWY-6277: superpathway of 5-aminoimidazole ribonucleotide biosynthesis"	"Sex"	"Female"	"SexFemale"	NA	0	NA	NA	NA	0.615535282191346	0.993695588454555	"All logistic values are the same"	"prevalence"	46	46
"PWY-6277: superpathway of 5-aminoimidazole ribonucleotide biosynthesis"	"TimeNW"	"TimeNW"	"TimeNW"	NA	0	NA	NA	NA	0.320233284774294	0.959114612886705	"All logistic values are the same"	"prevalence"	46	46
"PWY-6282: palmitoleate biosynthesis I (from (5Z)-dodec-5-enoate)"	"Age"	"Age"	"Age"	NA	0	NA	NA	NA	0.866780644807096	0.993695588454555	"All logistic values are the same"	"prevalence"	46	46
"PWY-6282: palmitoleate biosynthesis I (from (5Z)-dodec-5-enoate)"	"FI"	"FI"	"FI"	NA	0	NA	NA	NA	0.658849010384018	0.993695588454555	"All logistic values are the same"	"prevalence"	46	46
"PWY-6282: palmitoleate biosynthesis I (from (5Z)-dodec-5-enoate)"	"Location"	"Centre"	"LocationCentre"	NA	0	NA	NA	NA	0.370157464546262	0.975808581655669	"All logistic values are the same"	"prevalence"	46	46
"PWY-6282: palmitoleate biosynthesis I (from (5Z)-dodec-5-enoate)"	"Sex"	"Female"	"SexFemale"	NA	0	NA	NA	NA	0.982551456934822	0.998451798775976	"All logistic values are the same"	"prevalence"	46	46
"PWY-6282: palmitoleate biosynthesis I (from (5Z)-dodec-5-enoate)"	"TimeNW"	"TimeNW"	"TimeNW"	NA	0	NA	NA	NA	0.0717759700151521	0.731351751440348	"All logistic values are the same"	"prevalence"	46	46
"PWY-6305: superpathway of putrescine biosynthesis"	"Age"	"Age"	"Age"	NA	0	NA	NA	NA	0.696610651541295	0.993695588454555	"All logistic values are the same"	"prevalence"	46	46
"PWY-6305: superpathway of putrescine biosynthesis"	"FI"	"FI"	"FI"	NA	0	NA	NA	NA	0.965101881901951	0.998451798775976	"All logistic values are the same"	"prevalence"	46	46
"PWY-6305: superpathway of putrescine biosynthesis"	"Location"	"Centre"	"LocationCentre"	NA	0	NA	NA	NA	0.631406186784246	0.993695588454555	"All logistic values are the same"	"prevalence"	46	46
"PWY-6305: superpathway of putrescine biosynthesis"	"Sex"	"Female"	"SexFemale"	NA	0	NA	NA	NA	0.579444859399079	0.993695588454555	"All logistic values are the same"	"prevalence"	46	46
"PWY-6305: superpathway of putrescine biosynthesis"	"TimeNW"	"TimeNW"	"TimeNW"	NA	0	NA	NA	NA	0.99813531697651	0.999573552303566	"All logistic values are the same"	"prevalence"	46	46
"PWY-6317: D-galactose degradation I (Leloir pathway)"	"Age"	"Age"	"Age"	NA	0	NA	NA	NA	0.92851424812633	0.998451798775976	"All logistic values are the same"	"prevalence"	46	46
"PWY-6317: D-galactose degradation I (Leloir pathway)"	"FI"	"FI"	"FI"	NA	0	NA	NA	NA	0.123403588767086	0.832223965083102	"All logistic values are the same"	"prevalence"	46	46
"PWY-6317: D-galactose degradation I (Leloir pathway)"	"Location"	"Centre"	"LocationCentre"	NA	0	NA	NA	NA	0.104564117765532	0.802013111520293	"All logistic values are the same"	"prevalence"	46	46
"PWY-6317: D-galactose degradation I (Leloir pathway)"	"Sex"	"Female"	"SexFemale"	NA	0	NA	NA	NA	0.238082314988062	0.946384830049322	"All logistic values are the same"	"prevalence"	46	46
"PWY-6317: D-galactose degradation I (Leloir pathway)"	"TimeNW"	"TimeNW"	"TimeNW"	NA	0	NA	NA	NA	0.841813938642449	0.993695588454555	"All logistic values are the same"	"prevalence"	46	46
"PWY-6385: peptidoglycan biosynthesis III (mycobacteria)"	"Age"	"Age"	"Age"	NA	0	NA	NA	NA	0.000669087638858312	0.0634112603190719	"All logistic values are the same"	"prevalence"	46	46
"PWY-6385: peptidoglycan biosynthesis III (mycobacteria)"	"FI"	"FI"	"FI"	NA	0	NA	NA	NA	0.478152583758201	0.993695588454555	"All logistic values are the same"	"prevalence"	46	46
"PWY-6385: peptidoglycan biosynthesis III (mycobacteria)"	"Location"	"Centre"	"LocationCentre"	NA	0	NA	NA	NA	0.566860374292756	0.993695588454555	"All logistic values are the same"	"prevalence"	46	46
"PWY-6385: peptidoglycan biosynthesis III (mycobacteria)"	"Sex"	"Female"	"SexFemale"	NA	0	NA	NA	NA	0.310199448717229	0.959114612886705	"All logistic values are the same"	"prevalence"	46	46
"PWY-6385: peptidoglycan biosynthesis III (mycobacteria)"	"TimeNW"	"TimeNW"	"TimeNW"	NA	0	NA	NA	NA	0.474424485587805	0.993695588454555	"All logistic values are the same"	"prevalence"	46	46
"PWY-6386: UDP-N-acetylmuramoyl-pentapeptide biosynthesis II (lysine-containing)"	"Age"	"Age"	"Age"	NA	0	NA	NA	NA	0.000456144456748575	0.0634040794880519	"All logistic values are the same"	"prevalence"	46	46
"PWY-6386: UDP-N-acetylmuramoyl-pentapeptide biosynthesis II (lysine-containing)"	"FI"	"FI"	"FI"	NA	0	NA	NA	NA	0.638386669333525	0.993695588454555	"All logistic values are the same"	"prevalence"	46	46
"PWY-6386: UDP-N-acetylmuramoyl-pentapeptide biosynthesis II (lysine-containing)"	"Location"	"Centre"	"LocationCentre"	NA	0	NA	NA	NA	0.428322606157564	0.993695588454555	"All logistic values are the same"	"prevalence"	46	46
"PWY-6386: UDP-N-acetylmuramoyl-pentapeptide biosynthesis II (lysine-containing)"	"Sex"	"Female"	"SexFemale"	NA	0	NA	NA	NA	0.224766960499799	0.931415651367086	"All logistic values are the same"	"prevalence"	46	46
"PWY-6386: UDP-N-acetylmuramoyl-pentapeptide biosynthesis II (lysine-containing)"	"TimeNW"	"TimeNW"	"TimeNW"	NA	0	NA	NA	NA	0.470775282450394	0.993695588454555	"All logistic values are the same"	"prevalence"	46	46
"PWY-6387: UDP-N-acetylmuramoyl-pentapeptide biosynthesis I (meso-diaminopimelate containing)"	"Age"	"Age"	"Age"	NA	0	NA	NA	NA	0.000550494112726563	0.0634112603190719	"All logistic values are the same"	"prevalence"	46	46
"PWY-6387: UDP-N-acetylmuramoyl-pentapeptide biosynthesis I (meso-diaminopimelate containing)"	"FI"	"FI"	"FI"	NA	0	NA	NA	NA	0.478979506285149	0.993695588454555	"All logistic values are the same"	"prevalence"	46	46
"PWY-6387: UDP-N-acetylmuramoyl-pentapeptide biosynthesis I (meso-diaminopimelate containing)"	"Location"	"Centre"	"LocationCentre"	NA	0	NA	NA	NA	0.499473776812691	0.993695588454555	"All logistic values are the same"	"prevalence"	46	46
"PWY-6387: UDP-N-acetylmuramoyl-pentapeptide biosynthesis I (meso-diaminopimelate containing)"	"Sex"	"Female"	"SexFemale"	NA	0	NA	NA	NA	0.246883229059858	0.954417715573453	"All logistic values are the same"	"prevalence"	46	46
"PWY-6387: UDP-N-acetylmuramoyl-pentapeptide biosynthesis I (meso-diaminopimelate containing)"	"TimeNW"	"TimeNW"	"TimeNW"	NA	0	NA	NA	NA	0.471136356477496	0.993695588454555	"All logistic values are the same"	"prevalence"	46	46
"PWY-6507: 4-deoxy-L-threo-hex-4-enopyranuronate degradation"	"Age"	"Age"	"Age"	NA	0	NA	NA	NA	0.101206437084758	0.793901035411321	"All logistic values are the same"	"prevalence"	46	46
"PWY-6507: 4-deoxy-L-threo-hex-4-enopyranuronate degradation"	"FI"	"FI"	"FI"	NA	0	NA	NA	NA	0.697106056343782	0.993695588454555	"All logistic values are the same"	"prevalence"	46	46
"PWY-6507: 4-deoxy-L-threo-hex-4-enopyranuronate degradation"	"Location"	"Centre"	"LocationCentre"	NA	0	NA	NA	NA	0.465394344779374	0.993695588454555	"All logistic values are the same"	"prevalence"	46	46
"PWY-6507: 4-deoxy-L-threo-hex-4-enopyranuronate degradation"	"Sex"	"Female"	"SexFemale"	NA	0	NA	NA	NA	0.0554069565709385	0.686415561393386	"All logistic values are the same"	"prevalence"	46	46
"PWY-6507: 4-deoxy-L-threo-hex-4-enopyranuronate degradation"	"TimeNW"	"TimeNW"	"TimeNW"	NA	0	NA	NA	NA	0.970436117277914	0.998451798775976	"All logistic values are the same"	"prevalence"	46	46
"PWY-6519: 8-amino-7-oxononanoate biosynthesis I"	"Age"	"Age"	"Age"	NA	0	NA	NA	NA	0.859381254325108	0.993695588454555	"All logistic values are the same"	"prevalence"	46	46
"PWY-6519: 8-amino-7-oxononanoate biosynthesis I"	"FI"	"FI"	"FI"	NA	0	NA	NA	NA	0.501495319634922	0.993695588454555	"All logistic values are the same"	"prevalence"	46	46
"PWY-6519: 8-amino-7-oxononanoate biosynthesis I"	"Location"	"Centre"	"LocationCentre"	NA	0	NA	NA	NA	0.458644013718116	0.993695588454555	"All logistic values are the same"	"prevalence"	46	46
"PWY-6519: 8-amino-7-oxononanoate biosynthesis I"	"Sex"	"Female"	"SexFemale"	NA	0	NA	NA	NA	0.822048294484703	0.993695588454555	"All logistic values are the same"	"prevalence"	46	46
"PWY-6519: 8-amino-7-oxononanoate biosynthesis I"	"TimeNW"	"TimeNW"	"TimeNW"	NA	0	NA	NA	NA	0.108145507120531	0.812484435162572	"All logistic values are the same"	"prevalence"	46	46
"PWY-6527: stachyose degradation"	"Age"	"Age"	"Age"	NA	0	NA	NA	NA	0.170265269926005	0.905949068804327	"All logistic values are the same"	"prevalence"	46	46
"PWY-6527: stachyose degradation"	"FI"	"FI"	"FI"	NA	0	NA	NA	NA	0.490788888450489	0.993695588454555	"All logistic values are the same"	"prevalence"	46	46
"PWY-6527: stachyose degradation"	"Location"	"Centre"	"LocationCentre"	NA	0	NA	NA	NA	0.0138513512206808	0.333075118828948	"All logistic values are the same"	"prevalence"	46	46
"PWY-6527: stachyose degradation"	"Sex"	"Female"	"SexFemale"	NA	0	NA	NA	NA	0.423219854381136	0.993695588454555	"All logistic values are the same"	"prevalence"	46	46
"PWY-6527: stachyose degradation"	"TimeNW"	"TimeNW"	"TimeNW"	NA	0	NA	NA	NA	0.358517898758775	0.968877380286383	"All logistic values are the same"	"prevalence"	46	46
"PWY-6606: guanosine nucleotides degradation II"	"Age"	"Age"	"Age"	NA	0	NA	NA	NA	0.133826605725336	0.857461487585441	"All logistic values are the same"	"prevalence"	46	46
"PWY-6606: guanosine nucleotides degradation II"	"FI"	"FI"	"FI"	NA	0	NA	NA	NA	0.888195903551559	0.998451798775976	"All logistic values are the same"	"prevalence"	46	46
"PWY-6606: guanosine nucleotides degradation II"	"Location"	"Centre"	"LocationCentre"	NA	0	NA	NA	NA	0.651247100979607	0.993695588454555	"All logistic values are the same"	"prevalence"	46	46
"PWY-6606: guanosine nucleotides degradation II"	"Sex"	"Female"	"SexFemale"	NA	0	NA	NA	NA	0.217283460573801	0.931415651367086	"All logistic values are the same"	"prevalence"	46	46
"PWY-6606: guanosine nucleotides degradation II"	"TimeNW"	"TimeNW"	"TimeNW"	NA	0	NA	NA	NA	0.879460758341938	0.996959287214095	"All logistic values are the same"	"prevalence"	46	46
"PWY-6608: guanosine nucleotides degradation III"	"Age"	"Age"	"Age"	NA	0	NA	NA	NA	0.255248079089502	0.954417715573453	"All logistic values are the same"	"prevalence"	46	46
"PWY-6608: guanosine nucleotides degradation III"	"FI"	"FI"	"FI"	NA	0	NA	NA	NA	0.584500032619761	0.993695588454555	"All logistic values are the same"	"prevalence"	46	46
"PWY-6608: guanosine nucleotides degradation III"	"Location"	"Centre"	"LocationCentre"	NA	0	NA	NA	NA	0.524495494390831	0.993695588454555	"All logistic values are the same"	"prevalence"	46	46
"PWY-6608: guanosine nucleotides degradation III"	"Sex"	"Female"	"SexFemale"	NA	0	NA	NA	NA	0.59926295388372	0.993695588454555	"All logistic values are the same"	"prevalence"	46	46
"PWY-6608: guanosine nucleotides degradation III"	"TimeNW"	"TimeNW"	"TimeNW"	NA	0	NA	NA	NA	0.521066611805539	0.993695588454555	"All logistic values are the same"	"prevalence"	46	46
"PWY-6609: adenine and adenosine salvage III"	"Age"	"Age"	"Age"	NA	0	NA	NA	NA	0.00126496899124673	0.0796479293335627	"All logistic values are the same"	"prevalence"	46	46
"PWY-6609: adenine and adenosine salvage III"	"FI"	"FI"	"FI"	NA	0	NA	NA	NA	0.120881576545298	0.825301019075319	"All logistic values are the same"	"prevalence"	46	46
"PWY-6609: adenine and adenosine salvage III"	"Location"	"Centre"	"LocationCentre"	NA	0	NA	NA	NA	0.64441305996838	0.993695588454555	"All logistic values are the same"	"prevalence"	46	46
"PWY-6609: adenine and adenosine salvage III"	"Sex"	"Female"	"SexFemale"	NA	0	NA	NA	NA	0.177988688999088	0.905949068804327	"All logistic values are the same"	"prevalence"	46	46
"PWY-6609: adenine and adenosine salvage III"	"TimeNW"	"TimeNW"	"TimeNW"	NA	0	NA	NA	NA	0.911119847356499	0.998451798775976	"All logistic values are the same"	"prevalence"	46	46
"PWY-6628: superpathway of L-phenylalanine biosynthesis"	"Age"	"Age"	"Age"	NA	0	NA	NA	NA	0.552949153205341	0.993695588454555	"All logistic values are the same"	"prevalence"	46	46
"PWY-6628: superpathway of L-phenylalanine biosynthesis"	"FI"	"FI"	"FI"	NA	0	NA	NA	NA	0.135964291406651	0.865746192880121	"All logistic values are the same"	"prevalence"	46	46
"PWY-6628: superpathway of L-phenylalanine biosynthesis"	"Location"	"Centre"	"LocationCentre"	NA	0	NA	NA	NA	0.500934138380855	0.993695588454555	"All logistic values are the same"	"prevalence"	46	46
"PWY-6628: superpathway of L-phenylalanine biosynthesis"	"Sex"	"Female"	"SexFemale"	NA	0	NA	NA	NA	0.386564461581774	0.980622710853004	"All logistic values are the same"	"prevalence"	46	46
"PWY-6628: superpathway of L-phenylalanine biosynthesis"	"TimeNW"	"TimeNW"	"TimeNW"	NA	0	NA	NA	NA	0.104102284681425	0.802013111520293	"All logistic values are the same"	"prevalence"	46	46
"PWY-6629: superpathway of L-tryptophan biosynthesis"	"Age"	"Age"	"Age"	NA	0	NA	NA	NA	0.0649971446288771	0.70952380393303	"All logistic values are the same"	"prevalence"	46	46
"PWY-6629: superpathway of L-tryptophan biosynthesis"	"FI"	"FI"	"FI"	NA	0	NA	NA	NA	0.956664195608973	0.998451798775976	"All logistic values are the same"	"prevalence"	46	46
"PWY-6629: superpathway of L-tryptophan biosynthesis"	"Location"	"Centre"	"LocationCentre"	NA	0	NA	NA	NA	0.334674348379439	0.961519999886396	"All logistic values are the same"	"prevalence"	46	46
"PWY-6629: superpathway of L-tryptophan biosynthesis"	"Sex"	"Female"	"SexFemale"	NA	0	NA	NA	NA	0.231746203573768	0.933735047428308	"All logistic values are the same"	"prevalence"	46	46
"PWY-6629: superpathway of L-tryptophan biosynthesis"	"TimeNW"	"TimeNW"	"TimeNW"	NA	0	NA	NA	NA	0.701677391772035	0.993695588454555	"All logistic values are the same"	"prevalence"	46	46
"PWY-6630: superpathway of L-tyrosine biosynthesis"	"Age"	"Age"	"Age"	NA	0	NA	NA	NA	0.961752309994002	0.998451798775976	"All logistic values are the same"	"prevalence"	46	46
"PWY-6630: superpathway of L-tyrosine biosynthesis"	"FI"	"FI"	"FI"	NA	0	NA	NA	NA	0.27128820107818	0.954417715573453	"All logistic values are the same"	"prevalence"	46	46
"PWY-6630: superpathway of L-tyrosine biosynthesis"	"Location"	"Centre"	"LocationCentre"	NA	0	NA	NA	NA	0.861591551090799	0.993695588454555	"All logistic values are the same"	"prevalence"	46	46
"PWY-6630: superpathway of L-tyrosine biosynthesis"	"Sex"	"Female"	"SexFemale"	NA	0	NA	NA	NA	0.849219276716506	0.993695588454555	"All logistic values are the same"	"prevalence"	46	46
"PWY-6630: superpathway of L-tyrosine biosynthesis"	"TimeNW"	"TimeNW"	"TimeNW"	NA	0	NA	NA	NA	0.547696696651595	0.993695588454555	"All logistic values are the same"	"prevalence"	46	46
"PWY-6700: queuosine biosynthesis I (de novo)"	"Age"	"Age"	"Age"	NA	0	NA	NA	NA	0.00506359739581885	0.191956374005133	"All logistic values are the same"	"prevalence"	46	46
"PWY-6700: queuosine biosynthesis I (de novo)"	"FI"	"FI"	"FI"	NA	0	NA	NA	NA	0.749390974674208	0.993695588454555	"All logistic values are the same"	"prevalence"	46	46
"PWY-6700: queuosine biosynthesis I (de novo)"	"Location"	"Centre"	"LocationCentre"	NA	0	NA	NA	NA	0.444349986864607	0.993695588454555	"All logistic values are the same"	"prevalence"	46	46
"PWY-6700: queuosine biosynthesis I (de novo)"	"Sex"	"Female"	"SexFemale"	NA	0	NA	NA	NA	0.0932051405078989	0.782480255952523	"All logistic values are the same"	"prevalence"	46	46
"PWY-6700: queuosine biosynthesis I (de novo)"	"TimeNW"	"TimeNW"	"TimeNW"	NA	0	NA	NA	NA	0.262282018647779	0.954417715573453	"All logistic values are the same"	"prevalence"	46	46
"PWY-6703: preQ0 biosynthesis"	"Age"	"Age"	"Age"	NA	0	NA	NA	NA	0.00282371475618071	0.135799292764513	"All logistic values are the same"	"prevalence"	46	46
"PWY-6703: preQ0 biosynthesis"	"FI"	"FI"	"FI"	NA	0	NA	NA	NA	0.247362325999311	0.954417715573453	"All logistic values are the same"	"prevalence"	46	46
"PWY-6703: preQ0 biosynthesis"	"Location"	"Centre"	"LocationCentre"	NA	0	NA	NA	NA	0.0714860911249267	0.731351751440348	"All logistic values are the same"	"prevalence"	46	46
"PWY-6703: preQ0 biosynthesis"	"Sex"	"Female"	"SexFemale"	NA	0	NA	NA	NA	0.364687821062589	0.968877380286383	"All logistic values are the same"	"prevalence"	46	46
"PWY-6703: preQ0 biosynthesis"	"TimeNW"	"TimeNW"	"TimeNW"	NA	0	NA	NA	NA	0.852029623627435	0.993695588454555	"All logistic values are the same"	"prevalence"	46	46
"PWY-6731: starch degradation III"	"Age"	"Age"	"Age"	NA	0	NA	NA	NA	0.948908765990492	0.998451798775976	"All logistic values are the same"	"prevalence"	46	46
"PWY-6731: starch degradation III"	"FI"	"FI"	"FI"	NA	0	NA	NA	NA	0.722530177584145	0.993695588454555	"All logistic values are the same"	"prevalence"	46	46
"PWY-6731: starch degradation III"	"Location"	"Centre"	"LocationCentre"	NA	0	NA	NA	NA	0.295720530108593	0.954417715573453	"All logistic values are the same"	"prevalence"	46	46
"PWY-6731: starch degradation III"	"Sex"	"Female"	"SexFemale"	NA	0	NA	NA	NA	0.713754911684767	0.993695588454555	"All logistic values are the same"	"prevalence"	46	46
"PWY-6731: starch degradation III"	"TimeNW"	"TimeNW"	"TimeNW"	NA	0	NA	NA	NA	0.833391218498253	0.993695588454555	"All logistic values are the same"	"prevalence"	46	46
"PWY-6823: molybdopterin biosynthesis"	"Age"	"Age"	"Age"	NA	0	NA	NA	NA	0.587970373127199	0.993695588454555	"All logistic values are the same"	"prevalence"	46	46
"PWY-6823: molybdopterin biosynthesis"	"FI"	"FI"	"FI"	NA	0	NA	NA	NA	0.0992695014402183	0.784003448874451	"All logistic values are the same"	"prevalence"	46	46
"PWY-6823: molybdopterin biosynthesis"	"Location"	"Centre"	"LocationCentre"	NA	0	NA	NA	NA	0.193854387577764	0.905949068804327	"All logistic values are the same"	"prevalence"	46	46
"PWY-6823: molybdopterin biosynthesis"	"Sex"	"Female"	"SexFemale"	NA	0	NA	NA	NA	0.409520261789804	0.992909460673586	"All logistic values are the same"	"prevalence"	46	46
"PWY-6823: molybdopterin biosynthesis"	"TimeNW"	"TimeNW"	"TimeNW"	NA	0	NA	NA	NA	0.716638189217609	0.993695588454555	"All logistic values are the same"	"prevalence"	46	46
"PWY-6892: thiazole component of thiamine diphosphate biosynthesis I"	"Age"	"Age"	"Age"	NA	0	NA	NA	NA	0.601090317522887	0.993695588454555	"All logistic values are the same"	"prevalence"	46	46
"PWY-6892: thiazole component of thiamine diphosphate biosynthesis I"	"FI"	"FI"	"FI"	NA	0	NA	NA	NA	0.250567410470396	0.954417715573453	"All logistic values are the same"	"prevalence"	46	46
"PWY-6892: thiazole component of thiamine diphosphate biosynthesis I"	"Location"	"Centre"	"LocationCentre"	NA	0	NA	NA	NA	0.267776478665028	0.954417715573453	"All logistic values are the same"	"prevalence"	46	46
"PWY-6892: thiazole component of thiamine diphosphate biosynthesis I"	"Sex"	"Female"	"SexFemale"	NA	0	NA	NA	NA	0.585910456180333	0.993695588454555	"All logistic values are the same"	"prevalence"	46	46
"PWY-6892: thiazole component of thiamine diphosphate biosynthesis I"	"TimeNW"	"TimeNW"	"TimeNW"	NA	0	NA	NA	NA	0.681469784009681	0.993695588454555	"All logistic values are the same"	"prevalence"	46	46
"PWY-6897: thiamine diphosphate salvage II"	"Age"	"Age"	"Age"	NA	0	NA	NA	NA	0.0802009626295734	0.746513424476163	"All logistic values are the same"	"prevalence"	46	46
"PWY-6897: thiamine diphosphate salvage II"	"FI"	"FI"	"FI"	NA	0	NA	NA	NA	0.591874379202777	0.993695588454555	"All logistic values are the same"	"prevalence"	46	46
"PWY-6897: thiamine diphosphate salvage II"	"Location"	"Centre"	"LocationCentre"	NA	0	NA	NA	NA	1	1	"All logistic values are the same"	"prevalence"	46	46
"PWY-6897: thiamine diphosphate salvage II"	"Sex"	"Female"	"SexFemale"	NA	0	NA	NA	NA	0.670110816812872	0.993695588454555	"All logistic values are the same"	"prevalence"	46	46
"PWY-6897: thiamine diphosphate salvage II"	"TimeNW"	"TimeNW"	"TimeNW"	NA	0	NA	NA	NA	0.754781629847991	0.993695588454555	"All logistic values are the same"	"prevalence"	46	46
"PWY-6901: superpathway of glucose and xylose degradation"	"Age"	"Age"	"Age"	NA	0	NA	NA	NA	0.291887525374672	0.954417715573453	"All logistic values are the same"	"prevalence"	46	46
"PWY-6901: superpathway of glucose and xylose degradation"	"FI"	"FI"	"FI"	NA	0	NA	NA	NA	0.940288347789922	0.998451798775976	"All logistic values are the same"	"prevalence"	46	46
"PWY-6901: superpathway of glucose and xylose degradation"	"Location"	"Centre"	"LocationCentre"	NA	0	NA	NA	NA	0.254122113279416	0.954417715573453	"All logistic values are the same"	"prevalence"	46	46
"PWY-6901: superpathway of glucose and xylose degradation"	"Sex"	"Female"	"SexFemale"	NA	0	NA	NA	NA	0.346566070493438	0.96473999596638	"All logistic values are the same"	"prevalence"	46	46
"PWY-6901: superpathway of glucose and xylose degradation"	"TimeNW"	"TimeNW"	"TimeNW"	NA	0	NA	NA	NA	0.999137039190015	0.999796932081568	"All logistic values are the same"	"prevalence"	46	46
"PWY-6936: seleno-amino acid biosynthesis (plants)"	"Age"	"Age"	"Age"	NA	0	NA	NA	NA	0.114005464027755	0.816855125839389	"All logistic values are the same"	"prevalence"	46	46
"PWY-6936: seleno-amino acid biosynthesis (plants)"	"FI"	"FI"	"FI"	NA	0	NA	NA	NA	0.932251872274702	0.998451798775976	"All logistic values are the same"	"prevalence"	46	46
"PWY-6936: seleno-amino acid biosynthesis (plants)"	"Location"	"Centre"	"LocationCentre"	NA	0	NA	NA	NA	0.252931919573956	0.954417715573453	"All logistic values are the same"	"prevalence"	46	46
"PWY-6936: seleno-amino acid biosynthesis (plants)"	"Sex"	"Female"	"SexFemale"	NA	0	NA	NA	NA	0.925087680206604	0.998451798775976	"All logistic values are the same"	"prevalence"	46	46
"PWY-6936: seleno-amino acid biosynthesis (plants)"	"TimeNW"	"TimeNW"	"TimeNW"	NA	0	NA	NA	NA	0.414543846806675	0.992909460673586	"All logistic values are the same"	"prevalence"	46	46
"PWY-6969: TCA cycle V (2-oxoglutarate synthase)"	"Age"	"Age"	"Age"	NA	0	NA	NA	NA	0.682209547847412	0.993695588454555	"All logistic values are the same"	"prevalence"	46	46
"PWY-6969: TCA cycle V (2-oxoglutarate synthase)"	"FI"	"FI"	"FI"	NA	0	NA	NA	NA	0.651675453478022	0.993695588454555	"All logistic values are the same"	"prevalence"	46	46
"PWY-6969: TCA cycle V (2-oxoglutarate synthase)"	"Location"	"Centre"	"LocationCentre"	NA	0	NA	NA	NA	0.542860373664164	0.993695588454555	"All logistic values are the same"	"prevalence"	46	46
"PWY-6969: TCA cycle V (2-oxoglutarate synthase)"	"Sex"	"Female"	"SexFemale"	NA	0	NA	NA	NA	0.739241640833392	0.993695588454555	"All logistic values are the same"	"prevalence"	46	46
"PWY-6969: TCA cycle V (2-oxoglutarate synthase)"	"TimeNW"	"TimeNW"	"TimeNW"	NA	0	NA	NA	NA	0.0520000883442855	0.686415561393386	"All logistic values are the same"	"prevalence"	46	46
"PWY-702: L-methionine biosynthesis II"	"Age"	"Age"	"Age"	NA	0	NA	NA	NA	0.187153150692551	0.905949068804327	"All logistic values are the same"	"prevalence"	46	46
"PWY-702: L-methionine biosynthesis II"	"FI"	"FI"	"FI"	NA	0	NA	NA	NA	0.344917421187402	0.96473999596638	"All logistic values are the same"	"prevalence"	46	46
"PWY-702: L-methionine biosynthesis II"	"Location"	"Centre"	"LocationCentre"	NA	0	NA	NA	NA	0.191603932902614	0.905949068804327	"All logistic values are the same"	"prevalence"	46	46
"PWY-702: L-methionine biosynthesis II"	"Sex"	"Female"	"SexFemale"	NA	0	NA	NA	NA	0.838310636360195	0.993695588454555	"All logistic values are the same"	"prevalence"	46	46
"PWY-702: L-methionine biosynthesis II"	"TimeNW"	"TimeNW"	"TimeNW"	NA	0	NA	NA	NA	0.704942274364054	0.993695588454555	"All logistic values are the same"	"prevalence"	46	46
"PWY-7111: pyruvate fermentation to isobutanol (engineered)"	"Age"	"Age"	"Age"	NA	0	NA	NA	NA	0.82385312702778	0.993695588454555	"All logistic values are the same"	"prevalence"	46	46
"PWY-7111: pyruvate fermentation to isobutanol (engineered)"	"FI"	"FI"	"FI"	NA	0	NA	NA	NA	0.59339386665995	0.993695588454555	"All logistic values are the same"	"prevalence"	46	46
"PWY-7111: pyruvate fermentation to isobutanol (engineered)"	"Location"	"Centre"	"LocationCentre"	NA	0	NA	NA	NA	0.680827954544089	0.993695588454555	"All logistic values are the same"	"prevalence"	46	46
"PWY-7111: pyruvate fermentation to isobutanol (engineered)"	"Sex"	"Female"	"SexFemale"	NA	0	NA	NA	NA	0.781331028960647	0.993695588454555	"All logistic values are the same"	"prevalence"	46	46
"PWY-7111: pyruvate fermentation to isobutanol (engineered)"	"TimeNW"	"TimeNW"	"TimeNW"	NA	0	NA	NA	NA	0.413654916108537	0.992909460673586	"All logistic values are the same"	"prevalence"	46	46
"PWY-7197: pyrimidine deoxyribonucleotide phosphorylation"	"Age"	"Age"	"Age"	NA	0	NA	NA	NA	0.0108414259459613	0.30307303461412	"All logistic values are the same"	"prevalence"	46	46
"PWY-7197: pyrimidine deoxyribonucleotide phosphorylation"	"FI"	"FI"	"FI"	NA	0	NA	NA	NA	0.395155716553145	0.98522843796502	"All logistic values are the same"	"prevalence"	46	46
"PWY-7197: pyrimidine deoxyribonucleotide phosphorylation"	"Location"	"Centre"	"LocationCentre"	NA	0	NA	NA	NA	0.0116340442625904	0.30330555779697	"All logistic values are the same"	"prevalence"	46	46
"PWY-7197: pyrimidine deoxyribonucleotide phosphorylation"	"Sex"	"Female"	"SexFemale"	NA	0	NA	NA	NA	0.715116201012021	0.993695588454555	"All logistic values are the same"	"prevalence"	46	46
"PWY-7197: pyrimidine deoxyribonucleotide phosphorylation"	"TimeNW"	"TimeNW"	"TimeNW"	NA	0	NA	NA	NA	0.443635190161023	0.993695588454555	"All logistic values are the same"	"prevalence"	46	46
"PWY-7198: pyrimidine deoxyribonucleotides de novo biosynthesis IV"	"Age"	"Age"	"Age"	NA	0	NA	NA	NA	0.0470767452883085	0.686398698784079	"All logistic values are the same"	"prevalence"	46	46
"PWY-7198: pyrimidine deoxyribonucleotides de novo biosynthesis IV"	"FI"	"FI"	"FI"	NA	0	NA	NA	NA	0.622096563946004	0.993695588454555	"All logistic values are the same"	"prevalence"	46	46
"PWY-7198: pyrimidine deoxyribonucleotides de novo biosynthesis IV"	"Location"	"Centre"	"LocationCentre"	NA	0	NA	NA	NA	0.305142343485835	0.959114612886705	"All logistic values are the same"	"prevalence"	46	46
"PWY-7198: pyrimidine deoxyribonucleotides de novo biosynthesis IV"	"Sex"	"Female"	"SexFemale"	NA	0	NA	NA	NA	0.29434391695133	0.954417715573453	"All logistic values are the same"	"prevalence"	46	46
"PWY-7198: pyrimidine deoxyribonucleotides de novo biosynthesis IV"	"TimeNW"	"TimeNW"	"TimeNW"	NA	0	NA	NA	NA	0.284926770634159	0.954417715573453	"All logistic values are the same"	"prevalence"	46	46
"PWY-7199: pyrimidine deoxyribonucleosides salvage"	"Age"	"Age"	"Age"	NA	0	NA	NA	NA	0.00218668657927823	0.118335739301755	"All logistic values are the same"	"prevalence"	46	46
"PWY-7199: pyrimidine deoxyribonucleosides salvage"	"FI"	"FI"	"FI"	NA	0	NA	NA	NA	0.214556995621247	0.931415651367086	"All logistic values are the same"	"prevalence"	46	46
"PWY-7199: pyrimidine deoxyribonucleosides salvage"	"Location"	"Centre"	"LocationCentre"	NA	0	NA	NA	NA	0.0781969310430206	0.743422876756537	"All logistic values are the same"	"prevalence"	46	46
"PWY-7199: pyrimidine deoxyribonucleosides salvage"	"Sex"	"Female"	"SexFemale"	NA	0	NA	NA	NA	0.204773555218078	0.921028720412631	"All logistic values are the same"	"prevalence"	46	46
"PWY-7199: pyrimidine deoxyribonucleosides salvage"	"TimeNW"	"TimeNW"	"TimeNW"	NA	0	NA	NA	NA	0.327955442939308	0.959114612886705	"All logistic values are the same"	"prevalence"	46	46
"PWY-7208: superpathway of pyrimidine nucleobases salvage"	"Age"	"Age"	"Age"	NA	0	NA	NA	NA	0.0304230387176401	0.566357461841782	"All logistic values are the same"	"prevalence"	46	46
"PWY-7208: superpathway of pyrimidine nucleobases salvage"	"FI"	"FI"	"FI"	NA	0	NA	NA	NA	0.191201566913546	0.905949068804327	"All logistic values are the same"	"prevalence"	46	46
"PWY-7208: superpathway of pyrimidine nucleobases salvage"	"Location"	"Centre"	"LocationCentre"	NA	0	NA	NA	NA	0.0140578467419412	0.333075118828948	"All logistic values are the same"	"prevalence"	46	46
"PWY-7208: superpathway of pyrimidine nucleobases salvage"	"Sex"	"Female"	"SexFemale"	NA	0	NA	NA	NA	0.740350165555128	0.993695588454555	"All logistic values are the same"	"prevalence"	46	46
"PWY-7208: superpathway of pyrimidine nucleobases salvage"	"TimeNW"	"TimeNW"	"TimeNW"	NA	0	NA	NA	NA	0.641721545397805	0.993695588454555	"All logistic values are the same"	"prevalence"	46	46
"PWY-7220: adenosine deoxyribonucleotides de novo biosynthesis II"	"Age"	"Age"	"Age"	NA	0	NA	NA	NA	0.0449277623818456	0.677654893257433	"All logistic values are the same"	"prevalence"	46	46
"PWY-7220: adenosine deoxyribonucleotides de novo biosynthesis II"	"FI"	"FI"	"FI"	NA	0	NA	NA	NA	0.281728706540543	0.954417715573453	"All logistic values are the same"	"prevalence"	46	46
"PWY-7220: adenosine deoxyribonucleotides de novo biosynthesis II"	"Location"	"Centre"	"LocationCentre"	NA	0	NA	NA	NA	0.00384361361787722	0.163549681495388	"All logistic values are the same"	"prevalence"	46	46
"PWY-7220: adenosine deoxyribonucleotides de novo biosynthesis II"	"Sex"	"Female"	"SexFemale"	NA	0	NA	NA	NA	0.794724870506508	0.993695588454555	"All logistic values are the same"	"prevalence"	46	46
"PWY-7220: adenosine deoxyribonucleotides de novo biosynthesis II"	"TimeNW"	"TimeNW"	"TimeNW"	NA	0	NA	NA	NA	0.659327417744875	0.993695588454555	"All logistic values are the same"	"prevalence"	46	46
"PWY-7221: guanosine ribonucleotides de novo biosynthesis"	"Age"	"Age"	"Age"	NA	0	NA	NA	NA	0.000238233122677789	0.0472548036539874	"All logistic values are the same"	"prevalence"	46	46
"PWY-7221: guanosine ribonucleotides de novo biosynthesis"	"FI"	"FI"	"FI"	NA	0	NA	NA	NA	0.678179581449285	0.993695588454555	"All logistic values are the same"	"prevalence"	46	46
"PWY-7221: guanosine ribonucleotides de novo biosynthesis"	"Location"	"Centre"	"LocationCentre"	NA	0	NA	NA	NA	0.0771449156854285	0.743422876756537	"All logistic values are the same"	"prevalence"	46	46
"PWY-7221: guanosine ribonucleotides de novo biosynthesis"	"Sex"	"Female"	"SexFemale"	NA	0	NA	NA	NA	0.161357575333125	0.897061821880354	"All logistic values are the same"	"prevalence"	46	46
"PWY-7221: guanosine ribonucleotides de novo biosynthesis"	"TimeNW"	"TimeNW"	"TimeNW"	NA	0	NA	NA	NA	0.679882797555687	0.993695588454555	"All logistic values are the same"	"prevalence"	46	46
"PWY-7222: guanosine deoxyribonucleotides de novo biosynthesis II"	"Age"	"Age"	"Age"	NA	0	NA	NA	NA	0.0446125358528426	0.677654893257433	"All logistic values are the same"	"prevalence"	46	46
"PWY-7222: guanosine deoxyribonucleotides de novo biosynthesis II"	"FI"	"FI"	"FI"	NA	0	NA	NA	NA	0.280463519768537	0.954417715573453	"All logistic values are the same"	"prevalence"	46	46
"PWY-7222: guanosine deoxyribonucleotides de novo biosynthesis II"	"Location"	"Centre"	"LocationCentre"	NA	0	NA	NA	NA	0.00376951691413707	0.163549681495388	"All logistic values are the same"	"prevalence"	46	46
"PWY-7222: guanosine deoxyribonucleotides de novo biosynthesis II"	"Sex"	"Female"	"SexFemale"	NA	0	NA	NA	NA	0.794773019311747	0.993695588454555	"All logistic values are the same"	"prevalence"	46	46
"PWY-7222: guanosine deoxyribonucleotides de novo biosynthesis II"	"TimeNW"	"TimeNW"	"TimeNW"	NA	0	NA	NA	NA	0.658909313992379	0.993695588454555	"All logistic values are the same"	"prevalence"	46	46
"PWY-7228: superpathway of guanosine nucleotides de novo biosynthesis I"	"Age"	"Age"	"Age"	NA	0	NA	NA	NA	0.00758855500128908	0.248981567746364	"All logistic values are the same"	"prevalence"	46	46
"PWY-7228: superpathway of guanosine nucleotides de novo biosynthesis I"	"FI"	"FI"	"FI"	NA	0	NA	NA	NA	0.245381654413535	0.954417715573453	"All logistic values are the same"	"prevalence"	46	46
"PWY-7228: superpathway of guanosine nucleotides de novo biosynthesis I"	"Location"	"Centre"	"LocationCentre"	NA	0	NA	NA	NA	0.00230599065965409	0.119527157989986	"All logistic values are the same"	"prevalence"	46	46
"PWY-7228: superpathway of guanosine nucleotides de novo biosynthesis I"	"Sex"	"Female"	"SexFemale"	NA	0	NA	NA	NA	0.573125904641062	0.993695588454555	"All logistic values are the same"	"prevalence"	46	46
"PWY-7228: superpathway of guanosine nucleotides de novo biosynthesis I"	"TimeNW"	"TimeNW"	"TimeNW"	NA	0	NA	NA	NA	0.597323285507624	0.993695588454555	"All logistic values are the same"	"prevalence"	46	46
"PWY-7229: superpathway of adenosine nucleotides de novo biosynthesis I"	"Age"	"Age"	"Age"	NA	0	NA	NA	NA	0.000905927430821185	0.0755543477304868	"All logistic values are the same"	"prevalence"	46	46
"PWY-7229: superpathway of adenosine nucleotides de novo biosynthesis I"	"FI"	"FI"	"FI"	NA	0	NA	NA	NA	0.182468128713018	0.905949068804327	"All logistic values are the same"	"prevalence"	46	46
"PWY-7229: superpathway of adenosine nucleotides de novo biosynthesis I"	"Location"	"Centre"	"LocationCentre"	NA	0	NA	NA	NA	0.00395060485777732	0.164372766310003	"All logistic values are the same"	"prevalence"	46	46
"PWY-7229: superpathway of adenosine nucleotides de novo biosynthesis I"	"Sex"	"Female"	"SexFemale"	NA	0	NA	NA	NA	0.373436073729688	0.97794296831023	"All logistic values are the same"	"prevalence"	46	46
"PWY-7229: superpathway of adenosine nucleotides de novo biosynthesis I"	"TimeNW"	"TimeNW"	"TimeNW"	NA	0	NA	NA	NA	0.612618600773788	0.993695588454555	"All logistic values are the same"	"prevalence"	46	46
"PWY-7234: inosine-5'-phosphate biosynthesis III"	"Age"	"Age"	"Age"	NA	0	NA	NA	NA	0.186547184946642	0.905949068804327	"All logistic values are the same"	"prevalence"	46	46
"PWY-7234: inosine-5'-phosphate biosynthesis III"	"FI"	"FI"	"FI"	NA	0	NA	NA	NA	0.988870803766187	0.998451798775976	"All logistic values are the same"	"prevalence"	46	46
"PWY-7234: inosine-5'-phosphate biosynthesis III"	"Location"	"Centre"	"LocationCentre"	NA	0	NA	NA	NA	0.394291093658804	0.98522843796502	"All logistic values are the same"	"prevalence"	46	46
"PWY-7234: inosine-5'-phosphate biosynthesis III"	"Sex"	"Female"	"SexFemale"	NA	0	NA	NA	NA	0.995795464463657	0.999466806678632	"All logistic values are the same"	"prevalence"	46	46
"PWY-7234: inosine-5'-phosphate biosynthesis III"	"TimeNW"	"TimeNW"	"TimeNW"	NA	0	NA	NA	NA	0.989895678344174	0.998451798775976	"All logistic values are the same"	"prevalence"	46	46
"PWY-7238: sucrose biosynthesis II"	"Age"	"Age"	"Age"	NA	0	NA	NA	NA	0.588923624592461	0.993695588454555	"All logistic values are the same"	"prevalence"	46	46
"PWY-7238: sucrose biosynthesis II"	"FI"	"FI"	"FI"	NA	0	NA	NA	NA	0.222978195365329	0.931415651367086	"All logistic values are the same"	"prevalence"	46	46
"PWY-7238: sucrose biosynthesis II"	"Location"	"Centre"	"LocationCentre"	NA	0	NA	NA	NA	0.0256794438393904	0.500389162664756	"All logistic values are the same"	"prevalence"	46	46
"PWY-7238: sucrose biosynthesis II"	"Sex"	"Female"	"SexFemale"	NA	0	NA	NA	NA	0.0496354553207461	0.686415561393386	"All logistic values are the same"	"prevalence"	46	46
"PWY-7238: sucrose biosynthesis II"	"TimeNW"	"TimeNW"	"TimeNW"	NA	0	NA	NA	NA	0.677508833318282	0.993695588454555	"All logistic values are the same"	"prevalence"	46	46
"PWY-724: superpathway of L-lysine, L-threonine and L-methionine biosynthesis II"	"Age"	"Age"	"Age"	NA	0	NA	NA	NA	0.00428900860771464	0.168263480089782	"All logistic values are the same"	"prevalence"	46	46
"PWY-724: superpathway of L-lysine, L-threonine and L-methionine biosynthesis II"	"FI"	"FI"	"FI"	NA	0	NA	NA	NA	0.870638532075808	0.995765956872222	"All logistic values are the same"	"prevalence"	46	46
"PWY-724: superpathway of L-lysine, L-threonine and L-methionine biosynthesis II"	"Location"	"Centre"	"LocationCentre"	NA	0	NA	NA	NA	0.575049261165464	0.993695588454555	"All logistic values are the same"	"prevalence"	46	46
"PWY-724: superpathway of L-lysine, L-threonine and L-methionine biosynthesis II"	"Sex"	"Female"	"SexFemale"	NA	0	NA	NA	NA	0.176069076057728	0.905949068804327	"All logistic values are the same"	"prevalence"	46	46
"PWY-724: superpathway of L-lysine, L-threonine and L-methionine biosynthesis II"	"TimeNW"	"TimeNW"	"TimeNW"	NA	0	NA	NA	NA	0.762283680496885	0.993695588454555	"All logistic values are the same"	"prevalence"	46	46
"PWY-7242: D-fructuronate degradation"	"Age"	"Age"	"Age"	NA	0	NA	NA	NA	0.119100219786654	0.816855125839389	"All logistic values are the same"	"prevalence"	46	46
"PWY-7242: D-fructuronate degradation"	"FI"	"FI"	"FI"	NA	0	NA	NA	NA	0.85863305147466	0.993695588454555	"All logistic values are the same"	"prevalence"	46	46
"PWY-7242: D-fructuronate degradation"	"Location"	"Centre"	"LocationCentre"	NA	0	NA	NA	NA	0.238315979100098	0.946384830049322	"All logistic values are the same"	"prevalence"	46	46
"PWY-7242: D-fructuronate degradation"	"Sex"	"Female"	"SexFemale"	NA	0	NA	NA	NA	0.0158912981934218	0.35627265304607	"All logistic values are the same"	"prevalence"	46	46
"PWY-7242: D-fructuronate degradation"	"TimeNW"	"TimeNW"	"TimeNW"	NA	0	NA	NA	NA	0.837559705765993	0.993695588454555	"All logistic values are the same"	"prevalence"	46	46
"PWY-7282: 4-amino-2-methyl-5-diphosphomethylpyrimidine biosynthesis II"	"Age"	"Age"	"Age"	NA	0	NA	NA	NA	0.387595496023235	0.980622710853004	"All logistic values are the same"	"prevalence"	46	46
"PWY-7282: 4-amino-2-methyl-5-diphosphomethylpyrimidine biosynthesis II"	"FI"	"FI"	"FI"	NA	0	NA	NA	NA	0.470053641635818	0.993695588454555	"All logistic values are the same"	"prevalence"	46	46
"PWY-7282: 4-amino-2-methyl-5-diphosphomethylpyrimidine biosynthesis II"	"Location"	"Centre"	"LocationCentre"	NA	0	NA	NA	NA	0.943304015194702	0.998451798775976	"All logistic values are the same"	"prevalence"	46	46
"PWY-7282: 4-amino-2-methyl-5-diphosphomethylpyrimidine biosynthesis II"	"Sex"	"Female"	"SexFemale"	NA	0	NA	NA	NA	0.568270566909787	0.993695588454555	"All logistic values are the same"	"prevalence"	46	46
"PWY-7282: 4-amino-2-methyl-5-diphosphomethylpyrimidine biosynthesis II"	"TimeNW"	"TimeNW"	"TimeNW"	NA	0	NA	NA	NA	0.831955217116433	0.993695588454555	"All logistic values are the same"	"prevalence"	46	46
"PWY-7323: superpathway of GDP-mannose-derived O-antigen building blocks biosynthesis"	"Age"	"Age"	"Age"	NA	0	NA	NA	NA	0.782589642033709	0.993695588454555	"All logistic values are the same"	"prevalence"	46	46
"PWY-7323: superpathway of GDP-mannose-derived O-antigen building blocks biosynthesis"	"FI"	"FI"	"FI"	NA	0	NA	NA	NA	0.86823474505113	0.994107327529712	"All logistic values are the same"	"prevalence"	46	46
"PWY-7323: superpathway of GDP-mannose-derived O-antigen building blocks biosynthesis"	"Location"	"Centre"	"LocationCentre"	NA	0	NA	NA	NA	0.652403201540018	0.993695588454555	"All logistic values are the same"	"prevalence"	46	46
"PWY-7323: superpathway of GDP-mannose-derived O-antigen building blocks biosynthesis"	"Sex"	"Female"	"SexFemale"	NA	0	NA	NA	NA	0.782808050429334	0.993695588454555	"All logistic values are the same"	"prevalence"	46	46
"PWY-7323: superpathway of GDP-mannose-derived O-antigen building blocks biosynthesis"	"TimeNW"	"TimeNW"	"TimeNW"	NA	0	NA	NA	NA	0.365710550736395	0.968877380286383	"All logistic values are the same"	"prevalence"	46	46
"PWY-7328: superpathway of UDP-glucose-derived O-antigen building blocks biosynthesis"	"Age"	"Age"	"Age"	NA	0	NA	NA	NA	0.908150781654719	0.998451798775976	"All logistic values are the same"	"prevalence"	46	46
"PWY-7328: superpathway of UDP-glucose-derived O-antigen building blocks biosynthesis"	"FI"	"FI"	"FI"	NA	0	NA	NA	NA	0.82418363547519	0.993695588454555	"All logistic values are the same"	"prevalence"	46	46
"PWY-7328: superpathway of UDP-glucose-derived O-antigen building blocks biosynthesis"	"Location"	"Centre"	"LocationCentre"	NA	0	NA	NA	NA	0.922845320883385	0.998451798775976	"All logistic values are the same"	"prevalence"	46	46
"PWY-7328: superpathway of UDP-glucose-derived O-antigen building blocks biosynthesis"	"Sex"	"Female"	"SexFemale"	NA	0	NA	NA	NA	0.0224738636671464	0.459392213196081	"All logistic values are the same"	"prevalence"	46	46
"PWY-7328: superpathway of UDP-glucose-derived O-antigen building blocks biosynthesis"	"TimeNW"	"TimeNW"	"TimeNW"	NA	0	NA	NA	NA	0.929825891542484	0.998451798775976	"All logistic values are the same"	"prevalence"	46	46
"PWY-7345: superpathway of anaerobic sucrose degradation"	"Age"	"Age"	"Age"	NA	0	NA	NA	NA	0.571942761543108	0.993695588454555	"All logistic values are the same"	"prevalence"	46	46
"PWY-7345: superpathway of anaerobic sucrose degradation"	"FI"	"FI"	"FI"	NA	0	NA	NA	NA	0.600818697196914	0.993695588454555	"All logistic values are the same"	"prevalence"	46	46
"PWY-7345: superpathway of anaerobic sucrose degradation"	"Location"	"Centre"	"LocationCentre"	NA	0	NA	NA	NA	0.863472220267556	0.993695588454555	"All logistic values are the same"	"prevalence"	46	46
"PWY-7345: superpathway of anaerobic sucrose degradation"	"Sex"	"Female"	"SexFemale"	NA	0	NA	NA	NA	0.262548716956579	0.954417715573453	"All logistic values are the same"	"prevalence"	46	46
"PWY-7345: superpathway of anaerobic sucrose degradation"	"TimeNW"	"TimeNW"	"TimeNW"	NA	0	NA	NA	NA	0.847541696531781	0.993695588454555	"All logistic values are the same"	"prevalence"	46	46
"PWY-7357: thiamine phosphate formation from pyrithiamine and oxythiamine (yeast)"	"Age"	"Age"	"Age"	NA	0	NA	NA	NA	0.173208038131297	0.905949068804327	"All logistic values are the same"	"prevalence"	46	46
"PWY-7357: thiamine phosphate formation from pyrithiamine and oxythiamine (yeast)"	"FI"	"FI"	"FI"	NA	0	NA	NA	NA	0.948283189019036	0.998451798775976	"All logistic values are the same"	"prevalence"	46	46
"PWY-7357: thiamine phosphate formation from pyrithiamine and oxythiamine (yeast)"	"Location"	"Centre"	"LocationCentre"	NA	0	NA	NA	NA	0.332829909105538	0.961519999886396	"All logistic values are the same"	"prevalence"	46	46
"PWY-7357: thiamine phosphate formation from pyrithiamine and oxythiamine (yeast)"	"Sex"	"Female"	"SexFemale"	NA	0	NA	NA	NA	0.14637200984869	0.886944932551819	"All logistic values are the same"	"prevalence"	46	46
"PWY-7357: thiamine phosphate formation from pyrithiamine and oxythiamine (yeast)"	"TimeNW"	"TimeNW"	"TimeNW"	NA	0	NA	NA	NA	0.445457438806402	0.993695588454555	"All logistic values are the same"	"prevalence"	46	46
"PWY-7400: L-arginine biosynthesis IV (archaebacteria)"	"Age"	"Age"	"Age"	NA	0	NA	NA	NA	0.0423105910075909	0.677654893257433	"All logistic values are the same"	"prevalence"	46	46
"PWY-7400: L-arginine biosynthesis IV (archaebacteria)"	"FI"	"FI"	"FI"	NA	0	NA	NA	NA	0.696363515146044	0.993695588454555	"All logistic values are the same"	"prevalence"	46	46
"PWY-7400: L-arginine biosynthesis IV (archaebacteria)"	"Location"	"Centre"	"LocationCentre"	NA	0	NA	NA	NA	0.822429999665983	0.993695588454555	"All logistic values are the same"	"prevalence"	46	46
"PWY-7400: L-arginine biosynthesis IV (archaebacteria)"	"Sex"	"Female"	"SexFemale"	NA	0	NA	NA	NA	0.740238411740649	0.993695588454555	"All logistic values are the same"	"prevalence"	46	46
"PWY-7400: L-arginine biosynthesis IV (archaebacteria)"	"TimeNW"	"TimeNW"	"TimeNW"	NA	0	NA	NA	NA	0.309963659993108	0.959114612886705	"All logistic values are the same"	"prevalence"	46	46
"PWY-7456: &beta;-(1,4)-mannan degradation"	"Age"	"Age"	"Age"	NA	0	NA	NA	NA	0.0418326513461769	0.676804766203531	"All logistic values are the same"	"prevalence"	46	46
"PWY-7456: &beta;-(1,4)-mannan degradation"	"FI"	"FI"	"FI"	NA	0	NA	NA	NA	0.709536692798859	0.993695588454555	"All logistic values are the same"	"prevalence"	46	46
"PWY-7456: &beta;-(1,4)-mannan degradation"	"Location"	"Centre"	"LocationCentre"	NA	0	NA	NA	NA	0.1523514127051	0.895719802447789	"All logistic values are the same"	"prevalence"	46	46
"PWY-7456: &beta;-(1,4)-mannan degradation"	"Sex"	"Female"	"SexFemale"	NA	0	NA	NA	NA	0.437383087596971	0.993695588454555	"All logistic values are the same"	"prevalence"	46	46
"PWY-7456: &beta;-(1,4)-mannan degradation"	"TimeNW"	"TimeNW"	"TimeNW"	NA	0	NA	NA	NA	0.582366045570101	0.993695588454555	"All logistic values are the same"	"prevalence"	46	46
"PWY-7560: methylerythritol phosphate pathway II"	"Age"	"Age"	"Age"	NA	0	NA	NA	NA	0.0571530922765016	0.686415561393386	"All logistic values are the same"	"prevalence"	46	46
"PWY-7560: methylerythritol phosphate pathway II"	"FI"	"FI"	"FI"	NA	0	NA	NA	NA	0.650840576717513	0.993695588454555	"All logistic values are the same"	"prevalence"	46	46
"PWY-7560: methylerythritol phosphate pathway II"	"Location"	"Centre"	"LocationCentre"	NA	0	NA	NA	NA	0.593532178270621	0.993695588454555	"All logistic values are the same"	"prevalence"	46	46
"PWY-7560: methylerythritol phosphate pathway II"	"Sex"	"Female"	"SexFemale"	NA	0	NA	NA	NA	0.375101874601256	0.97794296831023	"All logistic values are the same"	"prevalence"	46	46
"PWY-7560: methylerythritol phosphate pathway II"	"TimeNW"	"TimeNW"	"TimeNW"	NA	0	NA	NA	NA	0.935021207189003	0.998451798775976	"All logistic values are the same"	"prevalence"	46	46
"PWY-7663: gondoate biosynthesis (anaerobic)"	"Age"	"Age"	"Age"	NA	0	NA	NA	NA	0.0117830936122564	0.30330555779697	"All logistic values are the same"	"prevalence"	46	46
"PWY-7663: gondoate biosynthesis (anaerobic)"	"FI"	"FI"	"FI"	NA	0	NA	NA	NA	0.601970481106286	0.993695588454555	"All logistic values are the same"	"prevalence"	46	46
"PWY-7663: gondoate biosynthesis (anaerobic)"	"Location"	"Centre"	"LocationCentre"	NA	0	NA	NA	NA	0.229378842012386	0.931415651367086	"All logistic values are the same"	"prevalence"	46	46
"PWY-7663: gondoate biosynthesis (anaerobic)"	"Sex"	"Female"	"SexFemale"	NA	0	NA	NA	NA	0.212446842723575	0.931415651367086	"All logistic values are the same"	"prevalence"	46	46
"PWY-7663: gondoate biosynthesis (anaerobic)"	"TimeNW"	"TimeNW"	"TimeNW"	NA	0	NA	NA	NA	0.782317012619569	0.993695588454555	"All logistic values are the same"	"prevalence"	46	46
"PWY-7664: oleate biosynthesis IV (anaerobic)"	"Age"	"Age"	"Age"	NA	0	NA	NA	NA	0.873098935791024	0.996393695196653	"All logistic values are the same"	"prevalence"	46	46
"PWY-7664: oleate biosynthesis IV (anaerobic)"	"FI"	"FI"	"FI"	NA	0	NA	NA	NA	0.643897081047628	0.993695588454555	"All logistic values are the same"	"prevalence"	46	46
"PWY-7664: oleate biosynthesis IV (anaerobic)"	"Location"	"Centre"	"LocationCentre"	NA	0	NA	NA	NA	0.396603510808621	0.98522843796502	"All logistic values are the same"	"prevalence"	46	46
"PWY-7664: oleate biosynthesis IV (anaerobic)"	"Sex"	"Female"	"SexFemale"	NA	0	NA	NA	NA	0.973949922727245	0.998451798775976	"All logistic values are the same"	"prevalence"	46	46
"PWY-7664: oleate biosynthesis IV (anaerobic)"	"TimeNW"	"TimeNW"	"TimeNW"	NA	0	NA	NA	NA	0.0727621668794933	0.731351751440348	"All logistic values are the same"	"prevalence"	46	46
"PWY-7761: NAD salvage pathway II (PNC IV cycle)"	"Age"	"Age"	"Age"	NA	0	NA	NA	NA	0.739924637757005	0.993695588454555	"All logistic values are the same"	"prevalence"	46	46
"PWY-7761: NAD salvage pathway II (PNC IV cycle)"	"FI"	"FI"	"FI"	NA	0	NA	NA	NA	0.988098754051809	0.998451798775976	"All logistic values are the same"	"prevalence"	46	46
"PWY-7761: NAD salvage pathway II (PNC IV cycle)"	"Location"	"Centre"	"LocationCentre"	NA	0	NA	NA	NA	0.458929933844131	0.993695588454555	"All logistic values are the same"	"prevalence"	46	46
"PWY-7761: NAD salvage pathway II (PNC IV cycle)"	"Sex"	"Female"	"SexFemale"	NA	0	NA	NA	NA	0.84686941530713	0.993695588454555	"All logistic values are the same"	"prevalence"	46	46
"PWY-7761: NAD salvage pathway II (PNC IV cycle)"	"TimeNW"	"TimeNW"	"TimeNW"	NA	0	NA	NA	NA	0.706353168605755	0.993695588454555	"All logistic values are the same"	"prevalence"	46	46
"PWY-7790: UMP biosynthesis II"	"Age"	"Age"	"Age"	NA	0	NA	NA	NA	0.000212018208282094	0.0472548036539874	"All logistic values are the same"	"prevalence"	46	46
"PWY-7790: UMP biosynthesis II"	"FI"	"FI"	"FI"	NA	0	NA	NA	NA	0.530775068713461	0.993695588454555	"All logistic values are the same"	"prevalence"	46	46
"PWY-7790: UMP biosynthesis II"	"Location"	"Centre"	"LocationCentre"	NA	0	NA	NA	NA	0.187636842341529	0.905949068804327	"All logistic values are the same"	"prevalence"	46	46
"PWY-7790: UMP biosynthesis II"	"Sex"	"Female"	"SexFemale"	NA	0	NA	NA	NA	0.192009624491456	0.905949068804327	"All logistic values are the same"	"prevalence"	46	46
"PWY-7790: UMP biosynthesis II"	"TimeNW"	"TimeNW"	"TimeNW"	NA	0	NA	NA	NA	0.713308818295022	0.993695588454555	"All logistic values are the same"	"prevalence"	46	46
"PWY-7791: UMP biosynthesis III"	"Age"	"Age"	"Age"	NA	0	NA	NA	NA	0.000201022482906321	0.0472548036539874	"All logistic values are the same"	"prevalence"	46	46
"PWY-7791: UMP biosynthesis III"	"FI"	"FI"	"FI"	NA	0	NA	NA	NA	0.529911129515887	0.993695588454555	"All logistic values are the same"	"prevalence"	46	46
"PWY-7791: UMP biosynthesis III"	"Location"	"Centre"	"LocationCentre"	NA	0	NA	NA	NA	0.188752541837433	0.905949068804327	"All logistic values are the same"	"prevalence"	46	46
"PWY-7791: UMP biosynthesis III"	"Sex"	"Female"	"SexFemale"	NA	0	NA	NA	NA	0.190943637527868	0.905949068804327	"All logistic values are the same"	"prevalence"	46	46
"PWY-7791: UMP biosynthesis III"	"TimeNW"	"TimeNW"	"TimeNW"	NA	0	NA	NA	NA	0.713195423469306	0.993695588454555	"All logistic values are the same"	"prevalence"	46	46
"PWY-7851: coenzyme A biosynthesis II (eukaryotic)"	"Age"	"Age"	"Age"	NA	0	NA	NA	NA	0.000591693880862332	0.0634112603190719	"All logistic values are the same"	"prevalence"	46	46
"PWY-7851: coenzyme A biosynthesis II (eukaryotic)"	"FI"	"FI"	"FI"	NA	0	NA	NA	NA	0.566129490852095	0.993695588454555	"All logistic values are the same"	"prevalence"	46	46
"PWY-7851: coenzyme A biosynthesis II (eukaryotic)"	"Location"	"Centre"	"LocationCentre"	NA	0	NA	NA	NA	0.174257034191704	0.905949068804327	"All logistic values are the same"	"prevalence"	46	46
"PWY-7851: coenzyme A biosynthesis II (eukaryotic)"	"Sex"	"Female"	"SexFemale"	NA	0	NA	NA	NA	0.394451478313967	0.98522843796502	"All logistic values are the same"	"prevalence"	46	46
"PWY-7851: coenzyme A biosynthesis II (eukaryotic)"	"TimeNW"	"TimeNW"	"TimeNW"	NA	0	NA	NA	NA	0.629346725380882	0.993695588454555	"All logistic values are the same"	"prevalence"	46	46
"PWY-7953: UDP-N-acetylmuramoyl-pentapeptide biosynthesis III (meso-diaminopimelate containing)"	"Age"	"Age"	"Age"	NA	0	NA	NA	NA	0.000659386408836893	0.0634112603190719	"All logistic values are the same"	"prevalence"	46	46
"PWY-7953: UDP-N-acetylmuramoyl-pentapeptide biosynthesis III (meso-diaminopimelate containing)"	"FI"	"FI"	"FI"	NA	0	NA	NA	NA	0.639151614378852	0.993695588454555	"All logistic values are the same"	"prevalence"	46	46
"PWY-7953: UDP-N-acetylmuramoyl-pentapeptide biosynthesis III (meso-diaminopimelate containing)"	"Location"	"Centre"	"LocationCentre"	NA	0	NA	NA	NA	0.512568100099945	0.993695588454555	"All logistic values are the same"	"prevalence"	46	46
"PWY-7953: UDP-N-acetylmuramoyl-pentapeptide biosynthesis III (meso-diaminopimelate containing)"	"Sex"	"Female"	"SexFemale"	NA	0	NA	NA	NA	0.325995035370834	0.959114612886705	"All logistic values are the same"	"prevalence"	46	46
"PWY-7953: UDP-N-acetylmuramoyl-pentapeptide biosynthesis III (meso-diaminopimelate containing)"	"TimeNW"	"TimeNW"	"TimeNW"	NA	0	NA	NA	NA	0.543587865681539	0.993695588454555	"All logistic values are the same"	"prevalence"	46	46
"PWY-7977: L-methionine biosynthesis IV"	"Age"	"Age"	"Age"	NA	0	NA	NA	NA	0.0040206288162159	0.164372766310003	"All logistic values are the same"	"prevalence"	46	46
"PWY-7977: L-methionine biosynthesis IV"	"FI"	"FI"	"FI"	NA	0	NA	NA	NA	0.38015533162416	0.980279247207519	"All logistic values are the same"	"prevalence"	46	46
"PWY-7977: L-methionine biosynthesis IV"	"Location"	"Centre"	"LocationCentre"	NA	0	NA	NA	NA	0.290334837288233	0.954417715573453	"All logistic values are the same"	"prevalence"	46	46
"PWY-7977: L-methionine biosynthesis IV"	"Sex"	"Female"	"SexFemale"	NA	0	NA	NA	NA	0.899066704238639	0.998451798775976	"All logistic values are the same"	"prevalence"	46	46
"PWY-7977: L-methionine biosynthesis IV"	"TimeNW"	"TimeNW"	"TimeNW"	NA	0	NA	NA	NA	0.526868109487585	0.993695588454555	"All logistic values are the same"	"prevalence"	46	46
"PWY-8004: Entner-Doudoroff pathway I"	"Age"	"Age"	"Age"	NA	0	NA	NA	NA	0.34794148837595	0.965989351882631	"All logistic values are the same"	"prevalence"	46	46
"PWY-8004: Entner-Doudoroff pathway I"	"FI"	"FI"	"FI"	NA	0	NA	NA	NA	0.780051713426775	0.993695588454555	"All logistic values are the same"	"prevalence"	46	46
"PWY-8004: Entner-Doudoroff pathway I"	"Location"	"Centre"	"LocationCentre"	NA	0	NA	NA	NA	0.984658890087823	0.998451798775976	"All logistic values are the same"	"prevalence"	46	46
"PWY-8004: Entner-Doudoroff pathway I"	"Sex"	"Female"	"SexFemale"	NA	0	NA	NA	NA	0.0477490646640516	0.686415561393386	"All logistic values are the same"	"prevalence"	46	46
"PWY-8004: Entner-Doudoroff pathway I"	"TimeNW"	"TimeNW"	"TimeNW"	NA	0	NA	NA	NA	0.706172975183616	0.993695588454555	"All logistic values are the same"	"prevalence"	46	46
"PWY-8178: pentose phosphate pathway (non-oxidative branch) II"	"Age"	"Age"	"Age"	NA	0	NA	NA	NA	0.115241082182389	0.816855125839389	"All logistic values are the same"	"prevalence"	46	46
"PWY-8178: pentose phosphate pathway (non-oxidative branch) II"	"FI"	"FI"	"FI"	NA	0	NA	NA	NA	0.92955252853863	0.998451798775976	"All logistic values are the same"	"prevalence"	46	46
"PWY-8178: pentose phosphate pathway (non-oxidative branch) II"	"Location"	"Centre"	"LocationCentre"	NA	0	NA	NA	NA	0.220274624906482	0.931415651367086	"All logistic values are the same"	"prevalence"	46	46
"PWY-8178: pentose phosphate pathway (non-oxidative branch) II"	"Sex"	"Female"	"SexFemale"	NA	0	NA	NA	NA	0.406016546166481	0.990896575658083	"All logistic values are the same"	"prevalence"	46	46
"PWY-8178: pentose phosphate pathway (non-oxidative branch) II"	"TimeNW"	"TimeNW"	"TimeNW"	NA	0	NA	NA	NA	0.855281124412357	0.993695588454555	"All logistic values are the same"	"prevalence"	46	46
"PWY-8187: L-arginine degradation XIII (reductive Stickland reaction)"	"Age"	"Age"	"Age"	NA	0	NA	NA	NA	0.326965519554374	0.959114612886705	"All logistic values are the same"	"prevalence"	46	46
"PWY-8187: L-arginine degradation XIII (reductive Stickland reaction)"	"FI"	"FI"	"FI"	NA	0	NA	NA	NA	0.995145152059711	0.999466806678632	"All logistic values are the same"	"prevalence"	46	46
"PWY-8187: L-arginine degradation XIII (reductive Stickland reaction)"	"Location"	"Centre"	"LocationCentre"	NA	0	NA	NA	NA	0.0733784312051777	0.731351751440348	"All logistic values are the same"	"prevalence"	46	46
"PWY-8187: L-arginine degradation XIII (reductive Stickland reaction)"	"Sex"	"Female"	"SexFemale"	NA	0	NA	NA	NA	0.372690360404646	0.977433209363127	"All logistic values are the same"	"prevalence"	46	46
"PWY-8187: L-arginine degradation XIII (reductive Stickland reaction)"	"TimeNW"	"TimeNW"	"TimeNW"	NA	0	NA	NA	NA	0.644347226708463	0.993695588454555	"All logistic values are the same"	"prevalence"	46	46
"PWY-841: superpathway of purine nucleotides de novo biosynthesis I"	"Age"	"Age"	"Age"	NA	0	NA	NA	NA	0.000780442564764505	0.0707488151101736	"All logistic values are the same"	"prevalence"	46	46
"PWY-841: superpathway of purine nucleotides de novo biosynthesis I"	"FI"	"FI"	"FI"	NA	0	NA	NA	NA	0.33169809388849	0.961519999886396	"All logistic values are the same"	"prevalence"	46	46
"PWY-841: superpathway of purine nucleotides de novo biosynthesis I"	"Location"	"Centre"	"LocationCentre"	NA	0	NA	NA	NA	0.00610942152056471	0.215900743565719	"All logistic values are the same"	"prevalence"	46	46
"PWY-841: superpathway of purine nucleotides de novo biosynthesis I"	"Sex"	"Female"	"SexFemale"	NA	0	NA	NA	NA	0.599825608669156	0.993695588454555	"All logistic values are the same"	"prevalence"	46	46
"PWY-841: superpathway of purine nucleotides de novo biosynthesis I"	"TimeNW"	"TimeNW"	"TimeNW"	NA	0	NA	NA	NA	0.636748045210889	0.993695588454555	"All logistic values are the same"	"prevalence"	46	46
"PWY-I9: L-cysteine biosynthesis VI (from L-methionine)"	"Age"	"Age"	"Age"	NA	0	NA	NA	NA	0.193607185602146	0.905949068804327	"All logistic values are the same"	"prevalence"	46	46
"PWY-I9: L-cysteine biosynthesis VI (from L-methionine)"	"FI"	"FI"	"FI"	NA	0	NA	NA	NA	0.303691306070973	0.959114612886705	"All logistic values are the same"	"prevalence"	46	46
"PWY-I9: L-cysteine biosynthesis VI (from L-methionine)"	"Location"	"Centre"	"LocationCentre"	NA	0	NA	NA	NA	0.547213230695201	0.993695588454555	"All logistic values are the same"	"prevalence"	46	46
"PWY-I9: L-cysteine biosynthesis VI (from L-methionine)"	"Sex"	"Female"	"SexFemale"	NA	0	NA	NA	NA	0.430168847590684	0.993695588454555	"All logistic values are the same"	"prevalence"	46	46
"PWY-I9: L-cysteine biosynthesis VI (from L-methionine)"	"TimeNW"	"TimeNW"	"TimeNW"	NA	0	NA	NA	NA	0.707977861688353	0.993695588454555	"All logistic values are the same"	"prevalence"	46	46
"PWY0-1261: anhydromuropeptides recycling I"	"Age"	"Age"	"Age"	NA	0	NA	NA	NA	0.66980835107868	0.993695588454555	"All logistic values are the same"	"prevalence"	46	46
"PWY0-1261: anhydromuropeptides recycling I"	"FI"	"FI"	"FI"	NA	0	NA	NA	NA	0.854161193815993	0.993695588454555	"All logistic values are the same"	"prevalence"	46	46
"PWY0-1261: anhydromuropeptides recycling I"	"Location"	"Centre"	"LocationCentre"	NA	0	NA	NA	NA	0.919951630852255	0.998451798775976	"All logistic values are the same"	"prevalence"	46	46
"PWY0-1261: anhydromuropeptides recycling I"	"Sex"	"Female"	"SexFemale"	NA	0	NA	NA	NA	0.480673988194829	0.993695588454555	"All logistic values are the same"	"prevalence"	46	46
"PWY0-1261: anhydromuropeptides recycling I"	"TimeNW"	"TimeNW"	"TimeNW"	NA	0	NA	NA	NA	0.267427955904183	0.954417715573453	"All logistic values are the same"	"prevalence"	46	46
"PWY0-1296: purine ribonucleosides degradation"	"Age"	"Age"	"Age"	NA	0	NA	NA	NA	0.706277751131205	0.993695588454555	"All logistic values are the same"	"prevalence"	46	46
"PWY0-1296: purine ribonucleosides degradation"	"FI"	"FI"	"FI"	NA	0	NA	NA	NA	0.0835056886779619	0.753720177028358	"All logistic values are the same"	"prevalence"	46	46
"PWY0-1296: purine ribonucleosides degradation"	"Location"	"Centre"	"LocationCentre"	NA	0	NA	NA	NA	0.140753203408081	0.872384882691619	"All logistic values are the same"	"prevalence"	46	46
"PWY0-1296: purine ribonucleosides degradation"	"Sex"	"Female"	"SexFemale"	NA	0	NA	NA	NA	0.739709887163971	0.993695588454555	"All logistic values are the same"	"prevalence"	46	46
"PWY0-1296: purine ribonucleosides degradation"	"TimeNW"	"TimeNW"	"TimeNW"	NA	0	NA	NA	NA	0.987867177917621	0.998451798775976	"All logistic values are the same"	"prevalence"	46	46
"PWY0-1297: superpathway of purine deoxyribonucleosides degradation"	"Age"	"Age"	"Age"	NA	0	NA	NA	NA	0.39779347699475	0.98522843796502	"All logistic values are the same"	"prevalence"	46	46
"PWY0-1297: superpathway of purine deoxyribonucleosides degradation"	"FI"	"FI"	"FI"	NA	0	NA	NA	NA	0.834670434417577	0.993695588454555	"All logistic values are the same"	"prevalence"	46	46
"PWY0-1297: superpathway of purine deoxyribonucleosides degradation"	"Location"	"Centre"	"LocationCentre"	NA	0	NA	NA	NA	0.846166533605881	0.993695588454555	"All logistic values are the same"	"prevalence"	46	46
"PWY0-1297: superpathway of purine deoxyribonucleosides degradation"	"Sex"	"Female"	"SexFemale"	NA	0	NA	NA	NA	0.465253336450288	0.993695588454555	"All logistic values are the same"	"prevalence"	46	46
"PWY0-1297: superpathway of purine deoxyribonucleosides degradation"	"TimeNW"	"TimeNW"	"TimeNW"	NA	0	NA	NA	NA	0.328287706226804	0.959114612886705	"All logistic values are the same"	"prevalence"	46	46
"PWY0-1319: CDP-diacylglycerol biosynthesis II"	"Age"	"Age"	"Age"	NA	0	NA	NA	NA	0.059729701815791	0.686415561393386	"All logistic values are the same"	"prevalence"	46	46
"PWY0-1319: CDP-diacylglycerol biosynthesis II"	"FI"	"FI"	"FI"	NA	0	NA	NA	NA	0.865080730305204	0.993695588454555	"All logistic values are the same"	"prevalence"	46	46
"PWY0-1319: CDP-diacylglycerol biosynthesis II"	"Location"	"Centre"	"LocationCentre"	NA	0	NA	NA	NA	0.0428476957466685	0.677654893257433	"All logistic values are the same"	"prevalence"	46	46
"PWY0-1319: CDP-diacylglycerol biosynthesis II"	"Sex"	"Female"	"SexFemale"	NA	0	NA	NA	NA	0.178825629530633	0.905949068804327	"All logistic values are the same"	"prevalence"	46	46
"PWY0-1319: CDP-diacylglycerol biosynthesis II"	"TimeNW"	"TimeNW"	"TimeNW"	NA	0	NA	NA	NA	0.198508427150875	0.906022929422719	"All logistic values are the same"	"prevalence"	46	46
"PWY0-1477: ethanolamine utilization"	"Age"	"Age"	"Age"	NA	0	NA	NA	NA	0.451916423097728	0.993695588454555	"All logistic values are the same"	"prevalence"	46	46
"PWY0-1477: ethanolamine utilization"	"FI"	"FI"	"FI"	NA	0	NA	NA	NA	0.49008625140092	0.993695588454555	"All logistic values are the same"	"prevalence"	46	46
"PWY0-1477: ethanolamine utilization"	"Location"	"Centre"	"LocationCentre"	NA	0	NA	NA	NA	0.671586236017485	0.993695588454555	"All logistic values are the same"	"prevalence"	46	46
"PWY0-1477: ethanolamine utilization"	"Sex"	"Female"	"SexFemale"	NA	0	NA	NA	NA	0.219347544805973	0.931415651367086	"All logistic values are the same"	"prevalence"	46	46
"PWY0-1477: ethanolamine utilization"	"TimeNW"	"TimeNW"	"TimeNW"	NA	0	NA	NA	NA	0.310719005619808	0.959114612886705	"All logistic values are the same"	"prevalence"	46	46
"PWY0-1586: peptidoglycan maturation (meso-diaminopimelate containing)"	"Age"	"Age"	"Age"	NA	0	NA	NA	NA	0.274735658934051	0.954417715573453	"All logistic values are the same"	"prevalence"	46	46
"PWY0-1586: peptidoglycan maturation (meso-diaminopimelate containing)"	"FI"	"FI"	"FI"	NA	0	NA	NA	NA	0.787987637048913	0.993695588454555	"All logistic values are the same"	"prevalence"	46	46
"PWY0-1586: peptidoglycan maturation (meso-diaminopimelate containing)"	"Location"	"Centre"	"LocationCentre"	NA	0	NA	NA	NA	0.177914064090301	0.905949068804327	"All logistic values are the same"	"prevalence"	46	46
"PWY0-1586: peptidoglycan maturation (meso-diaminopimelate containing)"	"Sex"	"Female"	"SexFemale"	NA	0	NA	NA	NA	0.529110624461829	0.993695588454555	"All logistic values are the same"	"prevalence"	46	46
"PWY0-1586: peptidoglycan maturation (meso-diaminopimelate containing)"	"TimeNW"	"TimeNW"	"TimeNW"	NA	0	NA	NA	NA	0.895901971233274	0.998451798775976	"All logistic values are the same"	"prevalence"	46	46
"PWY0-162: superpathway of pyrimidine ribonucleotides de novo biosynthesis"	"Age"	"Age"	"Age"	NA	0	NA	NA	NA	0.190845422881494	0.905949068804327	"All logistic values are the same"	"prevalence"	46	46
"PWY0-162: superpathway of pyrimidine ribonucleotides de novo biosynthesis"	"FI"	"FI"	"FI"	NA	0	NA	NA	NA	0.314144770123593	0.959114612886705	"All logistic values are the same"	"prevalence"	46	46
"PWY0-162: superpathway of pyrimidine ribonucleotides de novo biosynthesis"	"Location"	"Centre"	"LocationCentre"	NA	0	NA	NA	NA	0.0063006724814374	0.21894836872995	"All logistic values are the same"	"prevalence"	46	46
"PWY0-162: superpathway of pyrimidine ribonucleotides de novo biosynthesis"	"Sex"	"Female"	"SexFemale"	NA	0	NA	NA	NA	0.985744945038323	0.998451798775976	"All logistic values are the same"	"prevalence"	46	46
"PWY0-162: superpathway of pyrimidine ribonucleotides de novo biosynthesis"	"TimeNW"	"TimeNW"	"TimeNW"	NA	0	NA	NA	NA	0.315995092133068	0.959114612886705	"All logistic values are the same"	"prevalence"	46	46
"PWY0-845: superpathway of pyridoxal 5'-phosphate biosynthesis and salvage"	"Age"	"Age"	"Age"	NA	0	NA	NA	NA	0.202021719420715	0.915685402156935	"All logistic values are the same"	"prevalence"	46	46
"PWY0-845: superpathway of pyridoxal 5'-phosphate biosynthesis and salvage"	"FI"	"FI"	"FI"	NA	0	NA	NA	NA	0.0600433015021	0.686415561393386	"All logistic values are the same"	"prevalence"	46	46
"PWY0-845: superpathway of pyridoxal 5'-phosphate biosynthesis and salvage"	"Location"	"Centre"	"LocationCentre"	NA	0	NA	NA	NA	0.0975219119578798	0.782480255952523	"All logistic values are the same"	"prevalence"	46	46
"PWY0-845: superpathway of pyridoxal 5'-phosphate biosynthesis and salvage"	"Sex"	"Female"	"SexFemale"	NA	0	NA	NA	NA	0.943211104073697	0.998451798775976	"All logistic values are the same"	"prevalence"	46	46
"PWY0-845: superpathway of pyridoxal 5'-phosphate biosynthesis and salvage"	"TimeNW"	"TimeNW"	"TimeNW"	NA	0	NA	NA	NA	0.708363768301913	0.993695588454555	"All logistic values are the same"	"prevalence"	46	46
"PWY0-862: (5Z)-dodecenoate biosynthesis I"	"Age"	"Age"	"Age"	NA	0	NA	NA	NA	0.84010654878737	0.993695588454555	"All logistic values are the same"	"prevalence"	46	46
"PWY0-862: (5Z)-dodecenoate biosynthesis I"	"FI"	"FI"	"FI"	NA	0	NA	NA	NA	0.637452462084586	0.993695588454555	"All logistic values are the same"	"prevalence"	46	46
"PWY0-862: (5Z)-dodecenoate biosynthesis I"	"Location"	"Centre"	"LocationCentre"	NA	0	NA	NA	NA	0.388486503196442	0.980622710853004	"All logistic values are the same"	"prevalence"	46	46
"PWY0-862: (5Z)-dodecenoate biosynthesis I"	"Sex"	"Female"	"SexFemale"	NA	0	NA	NA	NA	0.990723485193057	0.998451798775976	"All logistic values are the same"	"prevalence"	46	46
"PWY0-862: (5Z)-dodecenoate biosynthesis I"	"TimeNW"	"TimeNW"	"TimeNW"	NA	0	NA	NA	NA	0.0691742382766254	0.724765260335497	"All logistic values are the same"	"prevalence"	46	46
"PWY4FS-7: phosphatidylglycerol biosynthesis I (plastidic)"	"Age"	"Age"	"Age"	NA	0	NA	NA	NA	0.803926544336464	0.993695588454555	"All logistic values are the same"	"prevalence"	46	46
"PWY4FS-7: phosphatidylglycerol biosynthesis I (plastidic)"	"FI"	"FI"	"FI"	NA	0	NA	NA	NA	0.833856547470965	0.993695588454555	"All logistic values are the same"	"prevalence"	46	46
"PWY4FS-7: phosphatidylglycerol biosynthesis I (plastidic)"	"Location"	"Centre"	"LocationCentre"	NA	0	NA	NA	NA	0.571928886482066	0.993695588454555	"All logistic values are the same"	"prevalence"	46	46
"PWY4FS-7: phosphatidylglycerol biosynthesis I (plastidic)"	"Sex"	"Female"	"SexFemale"	NA	0	NA	NA	NA	0.724429798754948	0.993695588454555	"All logistic values are the same"	"prevalence"	46	46
"PWY4FS-7: phosphatidylglycerol biosynthesis I (plastidic)"	"TimeNW"	"TimeNW"	"TimeNW"	NA	0	NA	NA	NA	0.830046144434225	0.993695588454555	"All logistic values are the same"	"prevalence"	46	46
"PWY4FS-8: phosphatidylglycerol biosynthesis II (non-plastidic)"	"Age"	"Age"	"Age"	NA	0	NA	NA	NA	0.803810875576606	0.993695588454555	"All logistic values are the same"	"prevalence"	46	46
"PWY4FS-8: phosphatidylglycerol biosynthesis II (non-plastidic)"	"FI"	"FI"	"FI"	NA	0	NA	NA	NA	0.833863873877279	0.993695588454555	"All logistic values are the same"	"prevalence"	46	46
"PWY4FS-8: phosphatidylglycerol biosynthesis II (non-plastidic)"	"Location"	"Centre"	"LocationCentre"	NA	0	NA	NA	NA	0.572133139659111	0.993695588454555	"All logistic values are the same"	"prevalence"	46	46
"PWY4FS-8: phosphatidylglycerol biosynthesis II (non-plastidic)"	"Sex"	"Female"	"SexFemale"	NA	0	NA	NA	NA	0.724563012931712	0.993695588454555	"All logistic values are the same"	"prevalence"	46	46
"PWY4FS-8: phosphatidylglycerol biosynthesis II (non-plastidic)"	"TimeNW"	"TimeNW"	"TimeNW"	NA	0	NA	NA	NA	0.830086214050648	0.993695588454555	"All logistic values are the same"	"prevalence"	46	46
"PWY66-429: fatty acid biosynthesis initiation (mitochondria)"	"Age"	"Age"	"Age"	NA	0	NA	NA	NA	0.00724670444298736	0.243699657477881	"All logistic values are the same"	"prevalence"	46	46
"PWY66-429: fatty acid biosynthesis initiation (mitochondria)"	"FI"	"FI"	"FI"	NA	0	NA	NA	NA	0.544792745194694	0.993695588454555	"All logistic values are the same"	"prevalence"	46	46
"PWY66-429: fatty acid biosynthesis initiation (mitochondria)"	"Location"	"Centre"	"LocationCentre"	NA	0	NA	NA	NA	0.195963083947603	0.905949068804327	"All logistic values are the same"	"prevalence"	46	46
"PWY66-429: fatty acid biosynthesis initiation (mitochondria)"	"Sex"	"Female"	"SexFemale"	NA	0	NA	NA	NA	0.318395561505012	0.959114612886705	"All logistic values are the same"	"prevalence"	46	46
"PWY66-429: fatty acid biosynthesis initiation (mitochondria)"	"TimeNW"	"TimeNW"	"TimeNW"	NA	0	NA	NA	NA	0.601912741690931	0.993695588454555	"All logistic values are the same"	"prevalence"	46	46
"PYRIDNUCSYN-PWY: NAD de novo biosynthesis I (from aspartate)"	"Age"	"Age"	"Age"	NA	0	NA	NA	NA	0.00129881515460006	0.0796479293335627	"All logistic values are the same"	"prevalence"	46	46
"PYRIDNUCSYN-PWY: NAD de novo biosynthesis I (from aspartate)"	"FI"	"FI"	"FI"	NA	0	NA	NA	NA	0.60471256648849	0.993695588454555	"All logistic values are the same"	"prevalence"	46	46
"PYRIDNUCSYN-PWY: NAD de novo biosynthesis I (from aspartate)"	"Location"	"Centre"	"LocationCentre"	NA	0	NA	NA	NA	0.101284256795881	0.793901035411321	"All logistic values are the same"	"prevalence"	46	46
"PYRIDNUCSYN-PWY: NAD de novo biosynthesis I (from aspartate)"	"Sex"	"Female"	"SexFemale"	NA	0	NA	NA	NA	0.759721159920552	0.993695588454555	"All logistic values are the same"	"prevalence"	46	46
"PYRIDNUCSYN-PWY: NAD de novo biosynthesis I (from aspartate)"	"TimeNW"	"TimeNW"	"TimeNW"	NA	0	NA	NA	NA	0.611560649977023	0.993695588454555	"All logistic values are the same"	"prevalence"	46	46
"PYRIDOXSYN-PWY: pyridoxal 5'-phosphate biosynthesis I"	"Age"	"Age"	"Age"	NA	0	NA	NA	NA	0.219841687549795	0.931415651367086	"All logistic values are the same"	"prevalence"	46	46
"PYRIDOXSYN-PWY: pyridoxal 5'-phosphate biosynthesis I"	"FI"	"FI"	"FI"	NA	0	NA	NA	NA	0.0442393439249584	0.677654893257433	"All logistic values are the same"	"prevalence"	46	46
"PYRIDOXSYN-PWY: pyridoxal 5'-phosphate biosynthesis I"	"Location"	"Centre"	"LocationCentre"	NA	0	NA	NA	NA	0.0682988825495071	0.723122110593216	"All logistic values are the same"	"prevalence"	46	46
"PYRIDOXSYN-PWY: pyridoxal 5'-phosphate biosynthesis I"	"Sex"	"Female"	"SexFemale"	NA	0	NA	NA	NA	0.953715892100413	0.998451798775976	"All logistic values are the same"	"prevalence"	46	46
"PYRIDOXSYN-PWY: pyridoxal 5'-phosphate biosynthesis I"	"TimeNW"	"TimeNW"	"TimeNW"	NA	0	NA	NA	NA	0.566168036775022	0.993695588454555	"All logistic values are the same"	"prevalence"	46	46
"RHAMCAT-PWY: L-rhamnose degradation I"	"Age"	"Age"	"Age"	NA	0	NA	NA	NA	0.973846958838037	0.998451798775976	"All logistic values are the same"	"prevalence"	46	46
"RHAMCAT-PWY: L-rhamnose degradation I"	"FI"	"FI"	"FI"	NA	0	NA	NA	NA	0.984347184860999	0.998451798775976	"All logistic values are the same"	"prevalence"	46	46
"RHAMCAT-PWY: L-rhamnose degradation I"	"Location"	"Centre"	"LocationCentre"	NA	0	NA	NA	NA	0.198876880925821	0.906022929422719	"All logistic values are the same"	"prevalence"	46	46
"RHAMCAT-PWY: L-rhamnose degradation I"	"Sex"	"Female"	"SexFemale"	NA	0	NA	NA	NA	0.282436504900255	0.954417715573453	"All logistic values are the same"	"prevalence"	46	46
"RHAMCAT-PWY: L-rhamnose degradation I"	"TimeNW"	"TimeNW"	"TimeNW"	NA	0	NA	NA	NA	0.95366820640713	0.998451798775976	"All logistic values are the same"	"prevalence"	46	46
"RIBOSYN2-PWY: flavin biosynthesis I (bacteria and plants)"	"Age"	"Age"	"Age"	NA	0	NA	NA	NA	0.0109019077199324	0.30307303461412	"All logistic values are the same"	"prevalence"	46	46
"RIBOSYN2-PWY: flavin biosynthesis I (bacteria and plants)"	"FI"	"FI"	"FI"	NA	0	NA	NA	NA	0.787742887388204	0.993695588454555	"All logistic values are the same"	"prevalence"	46	46
"RIBOSYN2-PWY: flavin biosynthesis I (bacteria and plants)"	"Location"	"Centre"	"LocationCentre"	NA	0	NA	NA	NA	0.15492316797244	0.89621815431277	"All logistic values are the same"	"prevalence"	46	46
"RIBOSYN2-PWY: flavin biosynthesis I (bacteria and plants)"	"Sex"	"Female"	"SexFemale"	NA	0	NA	NA	NA	0.280933646027056	0.954417715573453	"All logistic values are the same"	"prevalence"	46	46
"RIBOSYN2-PWY: flavin biosynthesis I (bacteria and plants)"	"TimeNW"	"TimeNW"	"TimeNW"	NA	0	NA	NA	NA	0.886946198362806	0.998451798775976	"All logistic values are the same"	"prevalence"	46	46
"SER-GLYSYN-PWY: superpathway of L-serine and glycine biosynthesis I"	"Age"	"Age"	"Age"	NA	0	NA	NA	NA	0.00183283427207148	0.106151651590807	"All logistic values are the same"	"prevalence"	46	46
"SER-GLYSYN-PWY: superpathway of L-serine and glycine biosynthesis I"	"FI"	"FI"	"FI"	NA	0	NA	NA	NA	0.392297671552111	0.983101737002587	"All logistic values are the same"	"prevalence"	46	46
"SER-GLYSYN-PWY: superpathway of L-serine and glycine biosynthesis I"	"Location"	"Centre"	"LocationCentre"	NA	0	NA	NA	NA	0.571382760167064	0.993695588454555	"All logistic values are the same"	"prevalence"	46	46
"SER-GLYSYN-PWY: superpathway of L-serine and glycine biosynthesis I"	"Sex"	"Female"	"SexFemale"	NA	0	NA	NA	NA	0.492646199352361	0.993695588454555	"All logistic values are the same"	"prevalence"	46	46
"SER-GLYSYN-PWY: superpathway of L-serine and glycine biosynthesis I"	"TimeNW"	"TimeNW"	"TimeNW"	NA	0	NA	NA	NA	0.965289389451854	0.998451798775976	"All logistic values are the same"	"prevalence"	46	46
"THISYN-PWY: superpathway of thiamine diphosphate biosynthesis I"	"Age"	"Age"	"Age"	NA	0	NA	NA	NA	0.127919145524814	0.844023476010246	"All logistic values are the same"	"prevalence"	46	46
"THISYN-PWY: superpathway of thiamine diphosphate biosynthesis I"	"FI"	"FI"	"FI"	NA	0	NA	NA	NA	0.291459244633108	0.954417715573453	"All logistic values are the same"	"prevalence"	46	46
"THISYN-PWY: superpathway of thiamine diphosphate biosynthesis I"	"Location"	"Centre"	"LocationCentre"	NA	0	NA	NA	NA	0.940871438472655	0.998451798775976	"All logistic values are the same"	"prevalence"	46	46
"THISYN-PWY: superpathway of thiamine diphosphate biosynthesis I"	"Sex"	"Female"	"SexFemale"	NA	0	NA	NA	NA	0.976876413186186	0.998451798775976	"All logistic values are the same"	"prevalence"	46	46
"THISYN-PWY: superpathway of thiamine diphosphate biosynthesis I"	"TimeNW"	"TimeNW"	"TimeNW"	NA	0	NA	NA	NA	0.916875330807161	0.998451798775976	"All logistic values are the same"	"prevalence"	46	46
"THISYNARA-PWY: superpathway of thiamine diphosphate biosynthesis III (eukaryotes)"	"Age"	"Age"	"Age"	NA	0	NA	NA	NA	0.266239697286739	0.954417715573453	"All logistic values are the same"	"prevalence"	46	46
"THISYNARA-PWY: superpathway of thiamine diphosphate biosynthesis III (eukaryotes)"	"FI"	"FI"	"FI"	NA	0	NA	NA	NA	0.677511845985904	0.993695588454555	"All logistic values are the same"	"prevalence"	46	46
"THISYNARA-PWY: superpathway of thiamine diphosphate biosynthesis III (eukaryotes)"	"Location"	"Centre"	"LocationCentre"	NA	0	NA	NA	NA	0.898985350439925	0.998451798775976	"All logistic values are the same"	"prevalence"	46	46
"THISYNARA-PWY: superpathway of thiamine diphosphate biosynthesis III (eukaryotes)"	"Sex"	"Female"	"SexFemale"	NA	0	NA	NA	NA	0.0963093467501621	0.782480255952523	"All logistic values are the same"	"prevalence"	46	46
"THISYNARA-PWY: superpathway of thiamine diphosphate biosynthesis III (eukaryotes)"	"TimeNW"	"TimeNW"	"TimeNW"	NA	0	NA	NA	NA	0.678762675693936	0.993695588454555	"All logistic values are the same"	"prevalence"	46	46
"THRESYN-PWY: superpathway of L-threonine biosynthesis"	"Age"	"Age"	"Age"	NA	0	NA	NA	NA	0.013658574086108	0.333075118828948	"All logistic values are the same"	"prevalence"	46	46
"THRESYN-PWY: superpathway of L-threonine biosynthesis"	"FI"	"FI"	"FI"	NA	0	NA	NA	NA	0.625918202706726	0.993695588454555	"All logistic values are the same"	"prevalence"	46	46
"THRESYN-PWY: superpathway of L-threonine biosynthesis"	"Location"	"Centre"	"LocationCentre"	NA	0	NA	NA	NA	0.292206747374176	0.954417715573453	"All logistic values are the same"	"prevalence"	46	46
"THRESYN-PWY: superpathway of L-threonine biosynthesis"	"Sex"	"Female"	"SexFemale"	NA	0	NA	NA	NA	0.369371668620943	0.975808581655669	"All logistic values are the same"	"prevalence"	46	46
"THRESYN-PWY: superpathway of L-threonine biosynthesis"	"TimeNW"	"TimeNW"	"TimeNW"	NA	0	NA	NA	NA	0.77662739513642	0.993695588454555	"All logistic values are the same"	"prevalence"	46	46
"TRNA-CHARGING-PWY: tRNA charging"	"Age"	"Age"	"Age"	NA	0	NA	NA	NA	0.00112628126730951	0.0796479293335627	"All logistic values are the same"	"prevalence"	46	46
"TRNA-CHARGING-PWY: tRNA charging"	"FI"	"FI"	"FI"	NA	0	NA	NA	NA	0.270654517689595	0.954417715573453	"All logistic values are the same"	"prevalence"	46	46
"TRNA-CHARGING-PWY: tRNA charging"	"Location"	"Centre"	"LocationCentre"	NA	0	NA	NA	NA	0.230508621633293	0.931415651367086	"All logistic values are the same"	"prevalence"	46	46
"TRNA-CHARGING-PWY: tRNA charging"	"Sex"	"Female"	"SexFemale"	NA	0	NA	NA	NA	0.279749703653777	0.954417715573453	"All logistic values are the same"	"prevalence"	46	46
"TRNA-CHARGING-PWY: tRNA charging"	"TimeNW"	"TimeNW"	"TimeNW"	NA	0	NA	NA	NA	0.541358263133732	0.993695588454555	"All logistic values are the same"	"prevalence"	46	46
"TRPSYN-PWY: L-tryptophan biosynthesis"	"Age"	"Age"	"Age"	NA	0	NA	NA	NA	0.49373163622126	0.993695588454555	"All logistic values are the same"	"prevalence"	46	46
"TRPSYN-PWY: L-tryptophan biosynthesis"	"FI"	"FI"	"FI"	NA	0	NA	NA	NA	0.817429964449297	0.993695588454555	"All logistic values are the same"	"prevalence"	46	46
"TRPSYN-PWY: L-tryptophan biosynthesis"	"Location"	"Centre"	"LocationCentre"	NA	0	NA	NA	NA	0.195720491376778	0.905949068804327	"All logistic values are the same"	"prevalence"	46	46
"TRPSYN-PWY: L-tryptophan biosynthesis"	"Sex"	"Female"	"SexFemale"	NA	0	NA	NA	NA	0.48245373301648	0.993695588454555	"All logistic values are the same"	"prevalence"	46	46
"TRPSYN-PWY: L-tryptophan biosynthesis"	"TimeNW"	"TimeNW"	"TimeNW"	NA	0	NA	NA	NA	0.903362306893552	0.998451798775976	"All logistic values are the same"	"prevalence"	46	46
"UDPNAGSYN-PWY: UDP-N-acetyl-D-glucosamine biosynthesis I"	"Age"	"Age"	"Age"	NA	0	NA	NA	NA	0.781617621277824	0.993695588454555	"All logistic values are the same"	"prevalence"	46	46
"UDPNAGSYN-PWY: UDP-N-acetyl-D-glucosamine biosynthesis I"	"FI"	"FI"	"FI"	NA	0	NA	NA	NA	0.391111184636191	0.982321173200419	"All logistic values are the same"	"prevalence"	46	46
"UDPNAGSYN-PWY: UDP-N-acetyl-D-glucosamine biosynthesis I"	"Location"	"Centre"	"LocationCentre"	NA	0	NA	NA	NA	0.295476104240446	0.954417715573453	"All logistic values are the same"	"prevalence"	46	46
"UDPNAGSYN-PWY: UDP-N-acetyl-D-glucosamine biosynthesis I"	"Sex"	"Female"	"SexFemale"	NA	0	NA	NA	NA	0.479863486669145	0.993695588454555	"All logistic values are the same"	"prevalence"	46	46
"UDPNAGSYN-PWY: UDP-N-acetyl-D-glucosamine biosynthesis I"	"TimeNW"	"TimeNW"	"TimeNW"	NA	0	NA	NA	NA	0.251336874168656	0.954417715573453	"All logistic values are the same"	"prevalence"	46	46
"UNINTEGRATED"	"Age"	"Age"	"Age"	NA	0	NA	NA	NA	1.26404230282873e-05	0.00690743939883887	"All logistic values are the same"	"prevalence"	46	46
"UNINTEGRATED"	"FI"	"FI"	"FI"	NA	0	NA	NA	NA	0.309362432035042	0.959114612886705	"All logistic values are the same"	"prevalence"	46	46
"UNINTEGRATED"	"Location"	"Centre"	"LocationCentre"	NA	0	NA	NA	NA	0.0108092664551043	0.30307303461412	"All logistic values are the same"	"prevalence"	46	46
"UNINTEGRATED"	"Sex"	"Female"	"SexFemale"	NA	0	NA	NA	NA	0.121123315029759	0.825301019075319	"All logistic values are the same"	"prevalence"	46	46
"UNINTEGRATED"	"TimeNW"	"TimeNW"	"TimeNW"	NA	0	NA	NA	NA	0.812391571751515	0.993695588454555	"All logistic values are the same"	"prevalence"	46	46
"VALSYN-PWY: L-valine biosynthesis"	"Age"	"Age"	"Age"	NA	0	NA	NA	NA	0.00571683262279288	0.209115719623213	"All logistic values are the same"	"prevalence"	46	46
"VALSYN-PWY: L-valine biosynthesis"	"FI"	"FI"	"FI"	NA	0	NA	NA	NA	0.659815827802642	0.993695588454555	"All logistic values are the same"	"prevalence"	46	46
"VALSYN-PWY: L-valine biosynthesis"	"Location"	"Centre"	"LocationCentre"	NA	0	NA	NA	NA	0.573244934926237	0.993695588454555	"All logistic values are the same"	"prevalence"	46	46
"VALSYN-PWY: L-valine biosynthesis"	"Sex"	"Female"	"SexFemale"	NA	0	NA	NA	NA	0.64428881080147	0.993695588454555	"All logistic values are the same"	"prevalence"	46	46
"VALSYN-PWY: L-valine biosynthesis"	"TimeNW"	"TimeNW"	"TimeNW"	NA	0	NA	NA	NA	0.858131995400233	0.993695588454555	"All logistic values are the same"	"prevalence"	46	46
