feature	Bacteroidaceae	Lachnospiraceae	Tannerellaceae	Enterobacteriaceae	Ruminococcaceae	Marinifilaceae	Rikenellaceae	Akkermansiaceae	Oscillospiraceae	Streptococcaceae	Prevotellaceae	Bifidobacteriaceae	Fusobacteriaceae	Clostridiaceae	Barnesiellaceae	Peptostreptococcaceae	Coriobacteriaceae	Acidaminococcaceae	Veillonellaceae	[Eubacterium]_coprostanoligenes_group	Christensenellaceae	Erysipelotrichaceae	Unknown	Lactobacillaceae	Sutterellaceae	Desulfovibrionaceae	Erysipelatoclostridiaceae	Clostridia_UCG-014	Monoglobaceae	Muribaculaceae	Butyricicoccaceae	Eggerthellaceae	Anaerovoracaceae	Coriobacteriales_Incertae_Sedis	Porphyromonadaceae	Clostridia_vadinBB60_group	Pseudomonadaceae	uncultured	Peptococcaceae	Pasteurellaceae	UCG-010	Morganellaceae	Gastranaerophilales	Victivallaceae	RF39	Actinomycetaceae	Izemoplasmatales	Hungateiclostridiaceae	Enterococcaceae	Atopobiaceae	Oscillospirales	Puniceicoccaceae	Selenomonadaceae	Succinivibrionaceae	Carnobacteriaceae	Eubacteriaceae	Synergistaceae	Micrococcaceae	Family_XI	Oxalobacteraceae	DTU014	[Clostridium]_methylpentosum_group	Defluviitaleaceae	Anaerofustaceae	Staphylococcaceae	Campylobacteraceae	Corynebacteriaceae	Syntrophomonadaceae
NW001-1	-1.24839518702515	-3.31570689059032	-3.99626405909256	-10.1761731491075	-6.03049569391185	NA	-4.54390493360798	-3.25850271474573	-5.4537071246364	-7.41063840274451	-8.9131387432737	NA	NA	NA	NA	-9.49810124399485	-4.73655001155037	-2.84078279441357	-12.4981012439949	-7.15825124111023	-10.3281762425525	NA	-9.9131387432737	-8.10578382121609	-6.83988976124306	-5.64635220257879	NA	NA	-9.9131387432737	NA	NA	-11.4981012439949	NA	NA	NA	NA	NA	NA	-10.9131387432737	NA	NA	NA	NA	NA	NA	NA	NA	NA	NA	NA	NA	NA	NA	NA	NA	NA	NA	NA	NA	NA	NA	NA	NA	NA	NA	NA	NA	NA
NW001-3	-1.92529786395553	-3.24870741888157	-4.10761509964697	-9.11660388287422	-7.01226722305948	NA	-5.56816725817818	-2.48288207023321	-4.89163751787395	-6.71061152319838	-9.04621455498282	-11.8535694770404	NA	NA	NA	NA	-4.79828704153924	-2.17233106526262	-11.4385319777616	-7.85356947704043	-8.91497002170457	NA	-7.58055098263401	-7.41616416473313	-7.190604464318	-5.05051469241645	NA	NA	-8.91497002170457	NA	NA	-8.26860697631927	-11.4385319777616	NA	NA	NA	NA	NA	NA	NA	NA	NA	NA	NA	NA	-11.8535694770404	NA	NA	NA	NA	NA	NA	NA	NA	NA	NA	NA	NA	NA	NA	NA	NA	NA	NA	NA	NA	NA	NA
NW001-4	-5.89283607223547	-3.02832927112817	-9.05702470412863	-1.59496069644514	-8.54245153129888	NA	-8.86437962618624	-1.19018735804056	-9.22052343641151	-6.74543855346273	NA	NA	NA	-11.8643796261862	NA	NA	-5.68945394368556	NA	NA	NA	-9.7769167849359	-9.86437962618624	-7.56059887800914	-4.9544865424162	NA	-6.65492626055729	NA	NA	-11.0570247041286	NA	-9.34081767012923	-10.8643796261862	NA	-10.0570247041286	NA	NA	NA	NA	NA	NA	NA	NA	NA	NA	NA	NA	NA	NA	NA	NA	NA	NA	NA	NA	NA	NA	NA	-10.5424515312989	-12.8643796261862	NA	NA	NA	NA	NA	NA	NA	NA	NA
NW002-1	NA	-2.20422351370647	-1.68712485554343	-4.07345598325646	-3.81565822578881	-9.06650322261469	-4.95958801869818	-4.62995182867556	-5.16331659576959	-3.94357570070955	NA	-9.86005234514727	NA	NA	NA	-6.69012734370495	NA	NA	-6.11589124957686	-3.74041949823602	-6.74457512772733	-7.08044241357257	-7.65841848397762	-6.8011586560937	-7.35755200461808	NA	-8.27508984442611	NA	-7.8362056031929	-5.55748957512684	-6.97252707440568	-11.1819804400346	NA	NA	NA	-10.3075113221185	NA	NA	NA	NA	NA	NA	NA	NA	NA	NA	NA	NA	NA	NA	NA	NA	NA	NA	NA	NA	NA	NA	NA	NA	NA	NA	NA	NA	NA	NA	NA	NA
NW002-2	NA	-1.79625972342496	-2.04004843796279	-4.6404906477176	-4.4983257465978	-8.10459875356437	-3.92896010092766	-4.8298046342681	-4.31204083343485	-3.70006538107597	NA	-7.02931062626013	NA	NA	NA	-8.10459875356437	NA	NA	-5.77240232322318	-4.74704674894629	-7.00506308001345	-6.76220655611729	-11.3269911749008	-6.72212911674196	-6.82449083437163	NA	-8.32699117490082	NA	-8.1570661734585	-4.72707833271369	-8.26809748584725	-8.51963625284321	NA	NA	NA	NA	NA	NA	NA	NA	NA	NA	NA	NA	NA	NA	NA	NA	NA	NA	NA	NA	NA	NA	NA	NA	NA	NA	NA	NA	NA	NA	NA	NA	NA	NA	NA	NA
NW003-1	-1.96696655406709	-2.18114431952472	-3.67149432522218	-7.51231719888939	-4.90350795621387	-2.34353764811534	-3.38303418194442	-4.50460910375413	-5.40798053907465	NA	NA	NA	NA	-7.71086287827147	NA	-10.471675214392	NA	NA	-6.3842123731417	-9.55413737458402	NA	-9.47167521439204	NA	NA	NA	-6.6303729604111	-8.51231719888939	-10.319672120947	-8.88671271367089	NA	-10.319672120947	NA	NA	-11.6416002158344	NA	-11.6416002158344	NA	-11.6416002158344	-9.55413737458402	NA	-10.6416002158344	NA	NA	NA	-9.319672120947	NA	-8.02689037171915	NA	NA	NA	NA	NA	NA	NA	NA	NA	NA	NA	NA	NA	-10.1821685971971	NA	NA	NA	NA	NA	NA	NA
NW003-2	-2.31162455844192	-2.32856118721981	-3.55775649437544	-5.26674517961805	-5.4864860746781	-2.10498204619739	-3.38275328758341	-3.84455971340861	-5.2699334572491	NA	NA	NA	NA	-6.97117134694078	NA	-11.5051499189431	NA	NA	-7.17124918238969	-9.63068080102699	-9.3896727015232	-10.3896727015232	-12.5051499189431	NA	NA	-6.61437898869789	-9.44625622988956	-10.1832218240558	-8.06774460663583	NA	NA	-9.63068080102699	-9.92018741822198	-9.56655046360728	NA	-11.2827574976067	NA	NA	-10.920187418222	NA	-11.5051499189431	NA	NA	NA	-8.92018741822198	NA	NA	NA	NA	NA	NA	NA	NA	NA	NA	-12.5051499189431	NA	NA	NA	-12.5051499189431	NA	NA	NA	NA	NA	NA	NA	NA
NW003-3	-3.07725643190972	-3.11458196759854	-5.11458196759854	-5.83515860122571	-4.75589532270106	-1.89260512887792	-2.57893031754611	-2.7615774688446	-4.9498372052619	NA	NA	NA	NA	-5.25820664324427	NA	-8.51418942630777	NA	NA	-7.74685018309805	-8.71122627336733	-8.18613522862357	-8.13804094042253	NA	NA	NA	-7.41056679523362	-9.06877827798541	-7.57692518165574	-10.8988532765431	NA	NA	-8.04641046495696	-9.8988532765431	-10.6093466593481	NA	-11.7468501830981	NA	-10.8988532765431	NA	NA	-10.1618876823769	NA	NA	NA	NA	NA	-11.7468501830981	-10.7468501830981	NA	NA	NA	NA	NA	NA	NA	NA	NA	NA	NA	-11.2614233559278	-9.67646085520665	NA	NA	-13.0687782779854	NA	NA	NA	NA
NW003-4	-2.23759644019558	-2.91926161003223	-3.29152670258495	-4.2813178176249	-4.87183984368796	-2.58372646179284	-3.10646893754331	-3.26476664136106	-5.58030910123511	NA	NA	NA	NA	-6.47079561648862	NA	NA	NA	NA	-7.54879812848989	-10.8886481313745	-8.981757535766	-8.981757535766	-10.8886481313745	NA	NA	-7.01828341179111	-8.21622278940302	-6.78012367459634	-11.3036856306534	NA	NA	-10.7187231299322	-8.981757535766	-9.88864813137451	NA	-10.1882084132334	NA	-11.3036856306534	NA	NA	NA	NA	NA	NA	-6.54879812848989	NA	-11.0812932093169	-10.3036856306534	NA	NA	NA	NA	NA	NA	NA	NA	NA	NA	NA	NA	-9.7187231299322	NA	NA	NA	NA	NA	NA	NA
NW003-5	-2.00664684447296	-2.33600571817326	-3.37116931128539	-5.77879227140112	-5.56356934548352	-2.2326524673689	-3.511592054706	-4.09986728946799	-5.49094154539612	NA	NA	NA	NA	-8.53254244986289	NA	NA	NA	NA	-7.82034476084563	-10.180240705932	-9.76520320665317	-11.7652032066532	NA	NA	NA	-7.0103157044897	-9.44327511176581	-6.93738418203585	-10.3866915833994	NA	NA	NA	-10.5021688008194	-11.5021688008194	-11.7652032066532	-9.44327511176581	NA	-11.7652032066532	NA	NA	NA	NA	NA	NA	-8.80172908267828	NA	-9.50216880081937	-10.6276996829032	NA	NA	NA	NA	NA	NA	NA	NA	NA	NA	NA	NA	-9.91720630009822	NA	-12.0871313015405	NA	NA	NA	NA	NA
NW005-1	-1.54062955268459	-1.41836490482558	-3.13918055677618	-11.7182270583594	-4.68637819232002	-8.33575742153694	-5.30883612222165	-11.3556569789746	-6.02175624242121	-8.52558198041696	NA	-8.54830205691704	NA	NA	NA	-11.0661503617797	-6.09095375278023	-5.7442222668923	NA	-8.91087213630175	-9.43811913916662	-10.525581980417	-11.0661503617797	-11.9406194796958	-9.35565697897465	-7.36571064363857	-8.09931722571486	-13.525581980417	-8.31612861478801	-5.68637819232002	-8.9406194796958	-8.9406194796958	-11.0661503617797	-11.2036538855296	NA	NA	NA	-11.3556569789746	-9.00202002435995	-12.9406194796958	NA	NA	NA	NA	NA	NA	NA	NA	NA	NA	NA	NA	NA	NA	NA	NA	NA	NA	NA	NA	NA	NA	NA	NA	NA	NA	NA	NA
NW005-2	-2.14821780804129	-1.2062009921477	-4.18626109524735	NA	-3.65071814857047	-7.69511226792893	-4.47529839069426	NA	-4.91550233635423	-6.04741401185981	NA	-7.82064315001279	NA	NA	NA	-10.4320778620951	-6.28911990825309	-6.38283434307528	-10.2800747686501	-9.35407535009386	-7.12626943257105	-10.7946479414798	-7.95814667376272	-9.35407535009386	-11.6020028635374	-7.35407535009386	-9.51454002228711	-8.84711536137398	-6.92957752156595	-4.79464794147984	-8.24445085891936	-11.0170403628163	NA	-10.4320778620951	NA	NA	NA	NA	-8.24445085891936	NA	NA	NA	NA	NA	NA	-10.4320778620951	NA	NA	NA	NA	NA	NA	NA	NA	NA	NA	NA	-12.6020028635374	NA	NA	NA	NA	NA	NA	NA	NA	NA	NA
NW005-3	-1.73422723627164	-1.34212252194013	-3.79349318569132	NA	-4.31807353187646	-7.23672757680082	-4.05559712065063	NA	-4.84561591676746	-6.6773001681868	NA	-9.7476894960782	NA	NA	NA	NA	-7.18697454160372	-5.79349318569133	NA	-8.82169007752198	-7.54605563490855	NA	NA	-10.7476894960782	-8.26226266890796	-6.87979303208555	-9.48465509024441	NA	-7.09233766746565	-6.80283105027066	-9.26226266890796	-11.0696175909656	-10.262262668908	-9.89969258952325	NA	NA	NA	-11.0696175909656	-8.21163659583799	NA	NA	NA	NA	NA	NA	NA	NA	NA	NA	NA	NA	NA	NA	NA	NA	NA	NA	NA	NA	NA	NA	NA	NA	NA	NA	NA	NA	NA
NW005-4	-2.18702130257578	-1.19310919087575	-3.75831385005203	-7.09444026114237	-4.41488282814057	-6.95837871156634	-3.96742385116935	NA	-4.64803859095419	-7.01727240061991	NA	-8.14280328270377	NA	NA	NA	NA	-6.68337166406647	-6.30761415244944	NA	-8.43230989989875	-7.35430738789748	-9.51477206009072	-9.35430738789748	NA	NA	-6.67149756377818	-8.51477206009072	-10.4323098998988	-6.31683268247882	-5.35906091786811	-8.60223490134106	-13.6022349013411	-10.2803068064537	-10.1428032827038	NA	NA	NA	-11.6022349013411	-8.51477206009072	NA	NA	NA	NA	NA	NA	NA	NA	NA	NA	NA	NA	NA	NA	NA	NA	NA	NA	NA	NA	NA	NA	NA	NA	NA	NA	NA	NA	NA
NW005-5	-2.28484386726748	-1.23871391976173	-4.81018418415478	NA	-3.68999227286279	-7.68294899585867	-4.26849712477577	-11.6278074416662	-4.61434518185965	-5.02195757447123	NA	-6.56603124407952	NA	-7.75991097767355	NA	-12.3647730358324	-4.54672351297857	-6.16183297716214	NA	-7.8836463460958	-7.47400210558717	-9.1948480343901	-8.4578824402239	-9.1948480343901	NA	-8.33502569243836	-7.57469610520665	-9.04284494094505	-6.97245561305365	-7.07937081697017	-9.091754541426	-8.74028217092462	-8.70180802310998	-9.49030391791627	-12.9497355365536	NA	NA	-11.6278074416662	-7.15531967020346	NA	NA	NA	NA	NA	NA	NA	NA	NA	NA	NA	NA	NA	NA	NA	NA	NA	NA	NA	NA	NA	NA	NA	NA	NA	NA	NA	NA	NA
NW006-1	-2.80066553073282	-2.31569124278865	-3.85883356781518	-7.48222565503019	-4.38879879106192	-7.5026897575899	-5.33276475614759	-4.41280425407271	-4.73715501122692	NA	-4.98092108335594	NA	NA	-9.10841081847786	NA	-7.93153305639378	-4.48476784959264	-7.95954743256337	NA	-3.5026897575899	-3.18179252737011	-5.48222565503019	-8.07738392285723	NA	-8.82461785247726	-6.33735202564324	-6.63197277453487	-6.45206368451993	-8.42251940890592	NA	NA	-5.4323004296985	-8.58757865517642	-8.38404526109128	-10.1725411558976	-9.10841081847786	NA	NA	-11.0470102738137	-12.6319727745349	-6.67777646414799	NA	NA	NA	-6.09281396342684	-9.04701027381371	-8.7739917794073	-10.0470102738137	NA	-7.10841081847786	NA	NA	NA	NA	NA	NA	NA	NA	NA	NA	NA	NA	NA	NA	NA	NA	NA	NA
NW006-2	-5.09655704225857	-1.57017517969664	-6.78621692164642	-8.53095986640434	-2.77824020092359	-9.93305830997569	-6.66359763498246	-10.9330583099757	-4.04866971286202	-12.1554507313121	-4.01249277747009	NA	NA	-9.74041323203329	-9.41848513714593	-8.69601911267484	-4.16298440399754	-6.97222890725637	NA	-3.55553788912501	-4.3416695400951	-4.6008618796345	-9.0399735138922	NA	-10.4184851371459	-5.97222890725637	-6.48302538934064	NA	-6.57048823059098	-8.45501101317105	-7.14050038984617	-5.40949635391868	-8.69601911267484	-9.09655704225857	NA	NA	NA	NA	-9.93305830997569	-11.1554507313121	-7.67432404157552	NA	NA	NA	-7.21685127597628	NA	-11.4184851371459	NA	NA	-7.2326185918346	NA	NA	NA	NA	NA	NA	NA	NA	NA	NA	NA	NA	NA	NA	NA	NA	NA	NA
NW006-3	-3.56526955400807	-2.40747830820161	-6.73428862446872	-5.26231496023703	-4.04707606549962	-8.2246142510518	-5.92576976927748	-6.02198508453678	-3.77667827125233	NA	-7.5153936473685	-8.58718433043651	NA	-9.87996607966436	-9.87996607966436	-11.2018941745517	-3.45286279251152	-8.47397371998852	NA	-2.92112340442112	-3.15886689095717	-4.43536526595285	-6.97307548405584	-10.2018941745517	-10.2018941745517	-6.04707606549962	-6.62446534651597	-6.86204417166709	-7.2246142510518	NA	-8.95396666110813	-4.77353400184743	-7.80957675177296	-8.2950035789432	-10.8799660796644	-8.05214705504704	NA	NA	-11.0319691731094	NA	-6.52946883258022	NA	NA	NA	-9.2950035789432	-10.5014544564106	-8.77562941984962	-9.20189417455172	NA	-6.8355719603059	-10.7424625559144	NA	NA	NA	NA	NA	NA	NA	NA	-11.3945392524941	NA	NA	NA	NA	NA	NA	NA	NA
NW007-1	-0.79943455835802	-3.4640448400153	-4.8350173603957	-9.05292239073984	-9.48902150554651	NA	-5.39657525678192	NA	-8.15021959209475	NA	-6.64574700923397	-2.84686360324381	NA	NA	NA	-8.25455625190949	NA	-5.30035994152261	-4.25005485967455	NA	NA	NA	NA	NA	-4.95443252734048	-7.62228803640998	-11.2545562519095	NA	-10.7691294247392	NA	NA	-10.4065593453545	NA	NA	NA	NA	NA	NA	NA	NA	NA	NA	NA	NA	NA	NA	NA	NA	NA	NA	NA	NA	NA	NA	NA	NA	NA	NA	NA	NA	NA	NA	NA	NA	NA	NA	NA	NA
NW007-2	-1.72306731122559	-2.13150439936763	-5.59377557052747	-9.34420342450023	-6.24266539803817	NA	NA	NA	-5.85770356266477	NA	-4.13312631639162	-2.485704312994	NA	NA	NA	NA	NA	-5.95762237127062	-4.32739513681368	NA	NA	NA	NA	NA	-3.33764357865066	-7.55412649387447	-9.92916592522139	NA	-8.40560396916438	NA	-9.34420342450023	-8.14780621169673	NA	NA	NA	NA	NA	NA	NA	-11.3442034245002	NA	NA	-9.84170308397105	NA	NA	NA	NA	NA	NA	NA	NA	NA	NA	NA	NA	NA	NA	NA	NA	NA	NA	NA	NA	NA	NA	NA	NA	NA
NW007-4	-1.32328564168292	-2.64295186773871	-3.38337452606861	NA	-4.26705040810138	NA	-3.81901098652732	NA	-6.35378773008026	NA	NA	-2.69082271735783	NA	NA	NA	-7.55172710769217	NA	-6.49623199510047	-7.39126243549892	NA	NA	NA	NA	-8.58029625988894	-5.44936539006249	-8.0948694327187	-9.9022243547763	NA	NA	NA	NA	-8.97622493622008	NA	NA	NA	NA	NA	NA	NA	NA	NA	NA	NA	NA	NA	NA	NA	NA	NA	NA	NA	NA	NA	NA	NA	NA	NA	NA	NA	NA	NA	NA	NA	NA	NA	NA	NA	NA
NW007-5	-1.95374188757455	-2.26881154335533	NA	NA	NA	NA	NA	NA	-7.63221627421885	-9.38067750722289	NA	-1.76803012956457	NA	NA	NA	NA	NA	NA	NA	NA	NA	NA	NA	-3.19560386934612	-3.04582323789125	NA	NA	NA	NA	NA	-7.98013957763916	NA	NA	NA	NA	NA	NA	NA	NA	NA	NA	NA	NA	NA	NA	NA	NA	NA	NA	NA	NA	NA	NA	NA	NA	NA	NA	NA	NA	NA	NA	NA	NA	NA	NA	NA	NA	NA
NW007-6	-3.23499640878107	-3.13072698710122	-7.31036714337674	-7.48639750746824	-10.3498955075634	NA	-9.8193807908646	NA	-8.66183951387812	-9.66183951387812	NA	-2.82589802092468	NA	-12.5198205090057	NA	-10.8193807908646	NA	NA	-12.5198205090057	NA	NA	NA	-10.4323576677554	-0.714782037300231	-10.6129299133972	-8.79190005444249	-12.1978924141183	NA	NA	NA	-8.63717745964385	-8.61292991339717	NA	NA	NA	NA	NA	NA	NA	NA	NA	NA	NA	NA	NA	-9.19789241411833	NA	NA	-11.5198205090057	NA	NA	NA	NA	NA	NA	NA	NA	NA	NA	NA	NA	NA	NA	NA	NA	NA	NA	NA
NW008-1	-2.80572904467941	-1.35627034418708	-6.47862841163986	-5.27944960522243	-3.55411444813672	-8.15508926684651	-4.96526470796649	NA	-7.07980113954227	-9.57012676612535	-5.18765712930294	-4.69800158867751	NA	-11.377481688183	NA	-6.18765712930294	-3.9981033211117	-4.48468592246023	-5.26895723140479	-5.96809075204526	-7.06762642559617	-5.58740475755719	-8.75299082327516	NA	NA	-9.00824787851724	-9.00824787851724	NA	-8.53617943420202	NA	-6.30423270615232	-6.18765712930294	-7.24819867123799	-10.377481688183	NA	NA	NA	NA	NA	NA	NA	NA	NA	NA	NA	NA	NA	NA	NA	NA	NA	NA	NA	NA	NA	NA	NA	NA	NA	NA	NA	NA	NA	NA	NA	NA	NA	NA
NW010-1	-1.57355857997704	-1.57117198714016	-6.84233696834564	-2.43953352696803	-8.58957089796567	NA	-6.61556610649861	NA	-7.57930256251184	-4.97738692850949	-4.67993492561833	-10.911498992853	-12.1338914141895	-9.01841419676954	NA	-7.69648610188218	NA	NA	-6.36570708941255	-11.2594222962733	NA	-8.43345169604839	-7.164265063233	-8.52902935603062	NA	-7.25124836482764	-7.71885391491064	NA	NA	NA	NA	NA	NA	NA	NA	NA	NA	NA	NA	NA	NA	NA	NA	NA	NA	NA	NA	NA	NA	NA	NA	NA	-12.3969258200233	NA	-11.7188539149106	NA	NA	-10.5489289134683	NA	NA	NA	NA	NA	NA	-10.7188539149106	NA	NA	NA
NW010-2	-1.22802010486493	-3.08815076705574	-3.95775412980006	-10.6195322275721	-6.4100788619431	NA	-5.07263776768441	-3.4309433818647	-5.4247753731498	-7.29760413268469	-11.2976041326847	NA	NA	NA	NA	-9.37160471412847	-4.41985988273569	-2.80655275632057	NA	-7.39071353707617	-11.2976041326847	NA	-11.2976041326847	-8.61953222757205	-7.81217730551445	-5.81863232765175	NA	NA	NA	NA	NA	-8.29760413268469	-11.0345697268509	NA	NA	NA	NA	NA	NA	NA	NA	NA	NA	NA	NA	NA	NA	NA	NA	NA	NA	NA	NA	NA	NA	NA	NA	NA	NA	NA	NA	NA	NA	NA	NA	NA	NA	NA
NW010-4	-6.84909854455578	-2.0335231156932	-11.8148828292179	-1.33308339755211	-6.90799223360934	NA	-8.0335231156932	NA	-6.67533147681907	-4.90498974544782	-8.35545121058056	-10.2299203284967	NA	-9.17102663944314	NA	-3.86943899283995	NA	NA	-2.49521070827087	NA	NA	-6.34727727913486	-6.95690183409029	-6.80365557379461	NA	-6.83760290571795	-8.95690183409029	NA	NA	NA	-11.0075279071603	NA	NA	NA	NA	NA	NA	NA	NA	NA	NA	NA	NA	NA	NA	-9.05999532705439	NA	NA	NA	NA	NA	NA	-10.3554512105806	NA	NA	NA	NA	NA	NA	NA	NA	NA	NA	NA	NA	NA	NA	NA
NW010-5	-9.14626719657585	-1.10359982193686	NA	-2.28632379573982	-5.90234161368976	NA	NA	NA	-6.83960585834179	-6.6260103852425	-10.2242697085771	-7.39419471001943	NA	NA	NA	NA	NA	NA	-2.04380796770659	NA	NA	-7.03664270540135	-9.93476309138213	-6.76483808993982	NA	-8.69375499187834	-5.64600186042997	NA	NA	NA	-9.80923220929827	-9.48730411441091	NA	NA	NA	NA	NA	NA	NA	NA	NA	NA	NA	NA	NA	NA	NA	NA	NA	NA	NA	NA	NA	NA	NA	NA	NA	-11.8092322092983	NA	NA	NA	NA	NA	NA	NA	NA	NA	NA
NW011-1	-1.69829690434432	-1.94229050889552	-6.44110660351897	-11.0638240262355	-3.29684345208406	NA	-5.10329546702496	NA	-4.51342702750474	-7.09699089017075	NA	-5.45716645441507	-12.5232556448728	-4.11068579806764	NA	-4.75011643815315	NA	NA	-4.9515030013693	-5.2355432653234	-8.21947489669574	-9.27532813142926	-8.37350852536816	-6.71590072281524	-6.13955135239879	NA	-8.6903656307081	NA	-6.65289092528944	NA	-7.21947489669574	-7.30408712441068	-10.0638240262355	NA	NA	NA	NA	NA	NA	-9.2378534260106	NA	NA	NA	NA	NA	NA	NA	NA	NA	NA	NA	NA	NA	NA	NA	NA	NA	NA	NA	NA	NA	-9.66527464974527	NA	NA	NA	NA	NA	NA
NW011-2	-1.54013693103523	-1.93160943722124	-6.76958963386427	-11.8623467747841	-3.08920756806443	NA	-4.95846492904795	-8.65289340915518	-4.58738630264352	-9.05499185272652	NA	-5.57925842176012	NA	-5.1952352327091	NA	-4.6347308313699	NA	NA	-4.89224088417194	-5.75643826621297	-8.81795265542567	-8.65289340915518	-9.02945676061938	-8.08098706125947	-7.18992143281263	-12.0549918527265	-9.02945676061938	NA	-6.55856602660702	NA	-6.63352808428824	-8.97970372542228	-10.6924217733418	NA	NA	NA	NA	NA	NA	-7.5224967718995	NA	NA	NA	NA	NA	NA	NA	NA	NA	NA	NA	NA	NA	NA	NA	NA	NA	NA	NA	NA	NA	-11.6924217733418	NA	NA	NA	NA	NA	NA
NW011-4	-1.14635686683372	-2.50441848867122	-5.27914826323433	-6.73920727698518	-3.8081304950756	NA	-4.31857208808967	-5.54569960108532	-5.08681684874374	-7.03717547292837	NA	-4.57620168948266	NA	-7.42419859603761	NA	-5.64566650914576	NA	NA	-4.85410937179799	-6.03717547292837	-8.17977986837117	-9.12463831417871	-8.07152697771914	-6.89197755738843	-7.67838208428914	-7.86160390834491	-8.08901440444798	NA	-8.35910356781573	NA	-9.27664140762375	-8.3380419522879	-10.1246383141787	NA	-12.1246383141787	NA	NA	NA	NA	NA	NA	NA	NA	NA	NA	NA	NA	NA	NA	NA	NA	NA	NA	NA	NA	NA	NA	NA	NA	NA	NA	NA	NA	NA	NA	-11.6392114870085	NA	NA
NW011-5	-1.39027385643277	-2.70148943676458	-6.18406471950625	-10.56257634276	-3.99728382217895	NA	-5.28087809266115	-9.24064824787261	-5.48149241407234	-6.07393280290619	NA	-3.18449828676447	-11.714579436205	-5.24064824787261	NA	-5.18753691141305	NA	NA	-4.77990568408297	-5.48576074570914	-8.59910221878509	-9.36094248159032	-6.43329332581501	-5.64849024574725	-4.96564120037274	NA	-7.85108143610989	NA	-8.28459159546021	NA	-6.31085725015402	-8.24064824787261	-10.714579436205	NA	NA	NA	NA	NA	-11.0771495155897	-7.27717412389773	NA	NA	NA	NA	NA	-11.42507281901	NA	NA	NA	NA	NA	NA	NA	NA	-10.2995419369262	NA	NA	NA	NA	NA	NA	-13.2995419369262	NA	NA	NA	-11.1840647195062	NA	NA
NW011-6	-1.02542423372288	-2.86647661784098	-6.80047905906674	-9.98810606224251	-3.62925139835679	NA	-5.08121546663399	-7.61371054746102	-4.92761026859244	-7.92281460199079	NA	-4.28766634410142	NA	-4.68635584929278	NA	-4.15897062414844	NA	NA	-5.90064322099217	-5.99815972690644	-8.4950660509624	-8.91010355024124	-8.02874804673986	-8.45759134554373	-7.09194187322705	-11.0425538462649	-9.61371054746102	NA	-9.25114046807631	NA	-10.742993564406	-7.5932464449013	-12.4210654695186	NA	NA	NA	NA	NA	NA	-9.07056822243449	NA	NA	NA	NA	NA	NA	NA	NA	NA	-12.742993564406	NA	NA	NA	NA	NA	NA	NA	NA	NA	NA	NA	-11.4210654695186	NA	NA	NA	-11.9356386423484	NA	NA
NW012-1	-2.19867069598489	-1.73938943378144	-4.0297873737781	-9.30444139158934	-3.87288880552748	-9.23044081014556	-7.00547444514529	NA	-6.40262178552825	-11.7450139829753	-3.86937432135124	-10.9674064043118	NA	-5.44908109662091	-6.87994356306143	-5.98631486686184	-9.50797478567447	NA	-3.75551810976577	-5.38244390359062	NA	-9.59817259464605	NA	NA	-3.59744561300261	NA	-6.16866461255887	-10.4649060637826	-7.85192918689183	NA	-7.59817259464605	-10.3044413915893	-11.7450139829753	-10.2304408101456	NA	NA	NA	-10.3044413915893	-8.82444845046973	NA	NA	NA	-9.23044081014556	NA	NA	NA	NA	NA	NA	NA	NA	NA	NA	NA	NA	NA	NA	NA	NA	NA	NA	NA	NA	NA	NA	NA	NA	NA
NW012-3	-2.3264352506105	-1.36410958410231	-6.69308126578706	-9.04587032437919	-3.53850422867819	-4.77756542356425	-5.10557657050346	NA	-4.52910553067594	NA	-6.21640470071583	-9.12604067306317	NA	-5.9791992847339	-5.62596706992853	-5.77554342597904	-6.12089736978721	NA	-5.20004125450695	-5.02410250929695	-5.99793584731549	-8.76347059367846	-10.3484330943996	NA	NA	NA	-5.60068766148017	-8.55488397186705	-7.64061384589293	NA	-8.06549913112812	-8.76347059367846	-7.44796876795053	-9.73176173395112	NA	-9.86300626722938	NA	-11.4479687679505	-8.82905893530604	NA	-11.9333955951208	NA	NA	NA	NA	NA	NA	NA	NA	NA	NA	NA	NA	NA	NA	NA	NA	NA	NA	NA	NA	NA	NA	NA	NA	NA	NA	NA
NW012-4	-1.00620667498148	-2.27073466451538	-3.87028730487151	-6.40815279895802	-6.30661477249596	-8.74518778623559	-8.90565245842884	NA	-7.58372436354148	-11.9931152996792	-3.218328240078	-10.9931152996792	NA	-6.42325969134823	-7.42325969134823	-5.90565245842884	-9.60079787690042	NA	-6.83324396290079	-9.90565245842884	NA	-10.408152798958	NA	NA	-5.11659835311418	NA	-7.63556329506109	NA	-9.18576037762157	NA	-8.94872118032072	-11.9931152996792	NA	NA	NA	NA	NA	-10.9931152996792	NA	NA	NA	NA	NA	NA	NA	NA	NA	NA	NA	NA	NA	NA	NA	NA	NA	NA	NA	NA	NA	NA	NA	NA	NA	NA	NA	NA	NA	NA
NW012-5	-2.10511797611038	-1.16767357228935	-6.64998694132041	-7.77004269333812	-3.92652389190232	-7.93401842844924	-6.18508019261696	NA	-6.55962291366775	-10.296588507834	-5.60144308936237	-9.40350371175047	NA	-7.45050119128763	-5.93068271588599	-6.98154679853183	-6.74053869902804	NA	-4.27845457910872	-5.00240540342949	-11.1039434298916	-8.98846621247162	-11.3669778357254	NA	-7.26264117591062	NA	-4.91576672389302	-10.045049740838	-6.37149331684784	NA	-7.98846621247162	-8.90754621708805	-8.10394342989156	-9.55962291366775	NA	-12.3669778357254	NA	-10.296588507834	-9.60144308936237	NA	NA	NA	NA	NA	NA	NA	NA	NA	NA	NA	NA	NA	NA	NA	NA	NA	NA	NA	NA	NA	NA	NA	NA	NA	NA	NA	NA	NA
NW012-6	-3.26974093610811	-0.677002317735667	-7.34965577181783	-8.42120903284286	-4.44121472464591	NA	-7.36133757686546	-11.4964971601471	-6.10909522778245	-10.3038520822047	-7.08468356174254	-8.37311474464182	NA	-5.89871061906836	-7.79605744200601	-7.96400207932008	-5.84852486190014	NA	-6.66722746166105	-5.92881265085778	-9.98192398731734	-10.4964971601471	-11.4964971601471	NA	-8.0370655415098	NA	-3.82104412547803	-8.78029012614769	-7.27042908066725	NA	-7.4964971601471	-6.69652176845509	-6.96400207932008	-7.91153465942594	NA	NA	NA	-9.65999589242998	-10.7188895814835	NA	NA	NA	NA	NA	NA	NA	NA	NA	NA	NA	NA	NA	NA	NA	NA	NA	NA	NA	NA	NA	NA	NA	NA	-11.7188895814835	NA	NA	NA	NA
NW013-1	-1.50850877945363	-2.24132992132602	NA	-8.45230559905242	-3.94748661141958	-7.92874364299541	-3.8030494215351	-3.79409411630062	-4.45089740465961	-12.8673430983313	NA	NA	NA	NA	-4.51419627283318	NA	-6.35954845813257	NA	-7.18551905835752	-6.94451095885372	-5.69075436660794	-5.69741809688895	-10.6449506769948	NA	NA	-7.40791147969397	-5.19727702923369	-7.39702316355123	-7.02604084435032	NA	-7.38621640859465	-9.75186588091133	-8.05998817627366	-7.83759575493721	NA	NA	NA	-12.1303775041651	-13.4523055990524	NA	-9.99287398041512	NA	NA	NA	NA	NA	-11.6449506769948	-9.75186588091133	NA	NA	NA	NA	NA	NA	NA	NA	NA	NA	NA	NA	NA	-11.6449506769948	NA	-11.2823805976101	NA	NA	NA	NA
NW013-2	-0.716990254095183	-2.18049028830266	NA	-4.65873663243666	-4.93764357595529	NA	-5.87467403163581	-10.2580026711873	-5.66782246119514	NA	NA	NA	NA	NA	-5.87167154347428	-6.67304017046616	NA	NA	NA	NA	-11.7815646272443	-6.81578034258224	NA	NA	NA	-8.19660212652317	-5.73990547560711	NA	-10.5336371138007	NA	-10.9742097051867	-9.82736831685745	NA	NA	NA	NA	NA	NA	NA	NA	NA	-10.1966021265232	NA	NA	NA	NA	NA	NA	NA	NA	NA	NA	NA	NA	NA	NA	NA	NA	NA	NA	NA	NA	NA	NA	NA	NA	NA	NA
NW013-3	-1.40974193316866	-1.75219861444616	NA	-9.77625421329195	-4.00576985607746	-9.07099747885308	-4.01846565436793	-14.299816169349	-4.39367717315358	NA	NA	-8.5184564558243	NA	NA	-5.04951775144263	-11.3929255737404	-12.4924612472914	NA	NA	-6.98240355558409	-9.59937645120787	-5.37648868392977	NA	NA	NA	-7.59245703726808	-4.76454079272816	NA	-4.80096696281724	NA	-9.34561985896209	-8.25542204999051	-10.3456198589621	NA	NA	-13.7148536686278	NA	NA	-10.7148536686278	NA	-12.1298911679067	NA	NA	NA	NA	NA	NA	-9.77625421329195	NA	NA	NA	NA	NA	NA	NA	NA	NA	NA	NA	NA	NA	NA	NA	NA	NA	NA	NA	NA
NW013-4	-1.30395520736604	-1.92679493246896	NA	NA	-4.09628387677001	-9.5030612342203	-3.42789067160186	NA	-4.67211949184508	NA	NA	-9.34551995723382	NA	NA	-4.3346783975864	NA	-7.37061093819665	NA	NA	-7.17007795082394	-8.71164785603172	-6.07937964053221	-10.1160381111111	NA	NA	-9.15910683300294	-5.55244926118247	-6.89972020418429	-6.53816503517622	NA	-10.2966103567529	-6.7772361976593	-8.88157285747403	-8.37061093819665	NA	-13.2035009523614	NA	NA	NA	NA	-12.6185384516402	NA	NA	NA	NA	NA	NA	NA	NA	NA	NA	NA	NA	NA	NA	NA	NA	NA	NA	NA	NA	NA	NA	-11.6185384516402	NA	NA	NA	NA
NW013-5	-0.918920793670338	-2.33190108270021	NA	-11.0194517337009	-3.12706070778751	-8.75641732786712	-4.27798474729977	NA	-6.18150849180989	-12.3413798285883	NA	NA	NA	NA	-5.14170748375191	NA	-7.45873677922643	NA	NA	-7.53402490653067	-7.89843633273955	-6.55347726919684	-12.0194517337009	NA	NA	-9.43448923297976	-5.82567999030423	-9.3871835182014	-6.52759863737124	NA	-10.7564173278671	-10.171454827146	NA	-9.58649232642481	NA	-13.3413798285883	-11.0194517337009	NA	NA	NA	NA	NA	NA	NA	NA	NA	NA	-11.7564173278671	NA	NA	NA	NA	NA	NA	NA	NA	NA	NA	NA	NA	NA	-12.3413798285883	NA	NA	NA	NA	NA	NA
NW014-1	-1.55107965766218	-1.49316139170424	-4.37926808313695	-8.57566529594045	-3.74784627132313	-8.353272874604	-6.18793514265734	-8.09023846877021	-7.00682246058257	NA	-4.21811329132237	NA	NA	NA	-6.30264680153403	NA	-8.12500388693089	-6.81013054957747	-5.83150420037004	-9.02312427291167	NA	NA	-10.6752009694914	NA	-5.38452380858844	-6.43816177219052	-6.89759339082781	NA	-9.16062779666161	NA	-8.19715367268672	-8.83869970177424	NA	NA	NA	NA	NA	NA	NA	NA	NA	NA	NA	NA	NA	NA	NA	NA	NA	NA	NA	NA	NA	NA	NA	NA	NA	NA	NA	NA	NA	NA	NA	NA	NA	NA	NA	NA
NW015-1	-1.68283182804985	-2.39078530780084	-3.20583462164845	-7.07090504156234	-4.01801946131025	-6.87008603217424	-4.73777874007011	-3.50085222250852	-4.67591348448525	-10.8782599636199	NA	NA	NA	-8.72298173814203	-4.37190729759515	-10.2502287410069	NA	NA	NA	-7.09928684293216	-8.05228936339499	-9.87825996361994	-10.4308009866487	NA	-7.27160239179947	-7.32646432683399	-7.36041165875732	-4.7773587480448	-7.43080098664872	NA	-9.47971058712967	NA	-10.5303366601996	-12.0157634873699	NA	-9.53033666019964	-6.4428738189493	NA	-10.3376915822572	NA	-9.69383539248252	NA	-11.0157634873699	NA	-9.47971058712967	NA	NA	-11.3376915822572	NA	NA	NA	NA	NA	NA	NA	NA	NA	NA	NA	-9.81412962620023	-11.3376915822572	NA	NA	NA	NA	NA	NA	NA
NW015-2	-2.33562561199856	-1.64437491825381	-3.19058048251212	-10.9860790468799	-3.06622255996825	-7.95633170348588	-4.40865021884419	-5.00118593927014	-4.37136920276473	-9.40111654615878	NA	NA	NA	NA	-3.97858451033301	NA	NA	NA	NA	-7.14477679289899	-10.9860790468799	-8.98607904687993	-10.1116099289638	NA	-8.04747959154408	-7.50495235714332	-7.17872412482233	-6.47300946464056	-6.45210047487758	NA	-8.36158818197214	-10.2491134527137	NA	NA	NA	-9.24911345271373	NA	NA	NA	NA	NA	NA	-9.24911345271373	NA	-10.7636866255435	NA	NA	NA	NA	NA	NA	NA	NA	NA	NA	NA	NA	NA	NA	NA	NA	NA	NA	NA	NA	NA	NA	NA
NW015-3	-1.78312665580836	-1.92154738712385	-3.11146324609824	NA	-3.10964663090642	-6.51503396015154	-4.65638980939708	NA	-5.02731895638603	-9.57392764920511	NA	NA	NA	NA	-4.30090915479869	-9.52146022931097	NA	NA	NA	-7.27353271586739	-10.7438526506474	-10.6283754332275	-9.74385265064742	NA	-5.91096263648268	-7.11936178573963	-7.91942421523088	-5.74761456944362	-7.16894381459019	NA	-9.62837543322749	-11.1588901499263	-11.7438526506474	NA	NA	-9.42192455576006	-11.7438526506474	NA	-9.32881515136858	NA	NA	NA	-6.65638980939708	-10.6283754332275	-10.521460229311	NA	NA	NA	NA	NA	NA	NA	NA	NA	NA	NA	NA	NA	NA	-11.3288151513686	NA	NA	NA	NA	NA	NA	NA	NA
NW015-5	-1.65922584421664	-2.647544039169	-3.2692084867461	-7.21959473183441	-3.55376722801241	-6.32302432148981	-3.7429440421484	NA	-4.053708067643	-9.83203796897767	NA	NA	NA	-11.9475151863976	-3.55591356370343	-8.08953419127003	NA	NA	NA	-6.5381242502599	-8.67449669199119	-10.0730460684815	-10.0730460684815	NA	-6.90312106703915	-6.5437930003466	-7.91776784300355	-5.45566209006793	-7.63765992381082	NA	-10.3625526856764	NA	NA	-11.9475151863976	NA	-6.20156080900415	NA	NA	-10.2845501736752	NA	-7.36255268567645	NA	-9.62558709151024	NA	-10.8320379689777	NA	-12.2105495922314	-10.8320379689777	NA	NA	NA	NA	NA	NA	NA	NA	NA	NA	NA	-11.2105495922314	NA	NA	-12.2105495922314	NA	NA	NA	NA	NA
NW015-6	-2.04233889291571	-2.25200007172439	-3.17764462739827	-11.3341491130783	-3.57112122232586	-6.40078630610855	-3.94278616935575	-6.26090013104763	-4.13993945951252	-10.256146601077	NA	NA	NA	NA	-3.36069090053076	-9.59718351891206	NA	NA	NA	-6.41131697360072	-8.69671919246297	-9.50407411452058	-9.86021792474585	NA	-6.71617155512915	-6.39033194847139	-8.07780935981848	-4.81407614310113	-7.56155960918134	NA	-10.8036343963795	NA	-11.9191116137994	NA	NA	-6.52108053982627	NA	NA	-9.91911161379942	NA	-7.23728757382568	NA	-9.21867189565833	NA	-9.86021792474585	NA	-11.696719192463	-12.1821460196332	NA	NA	NA	NA	NA	NA	NA	NA	NA	NA	NA	-11.0446424958833	-11.0446424958833	NA	NA	NA	NA	NA	NA	NA
NW016-1	-1.46890679376266	-3.27603038493852	-3.30464811354368	-5.76242905117609	-5.5596121681764	-3.67443257017826	-5.26153081524341	NA	-6.28740944706901	-11.4903495057393	-6.82738449301686	NA	NA	NA	-5.01191692517193	NA	-9.37487228831935	-6.26153081524341	NA	-10.7533839115731	NA	-8.58345891013077	NA	-11.4903495057393	-7.63236851061172	-6.21733101133287	NA	-6.96678754968227	-9.43145581668572	NA	-9.21733101133287	-11.4903495057393	-10.4903495057393	NA	NA	NA	-2.52600863794687	-8.21733101133287	NA	NA	NA	NA	-6.5054563981295	NA	NA	NA	NA	-11.0753120064604	NA	NA	NA	NA	NA	NA	NA	NA	NA	NA	NA	NA	NA	NA	-12.4903495057393	NA	NA	NA	NA	NA
NW016-2-1	-1.25044147939053	-2.29991496860899	-3.28034404864765	-10.8476663902331	-5.77441740820243	-4.24775354804594	-5.70470843639103	NA	-6.52573829534571	-11.0175913916754	-4.10919877090163	NA	NA	NA	-4.22480109737432	NA	-11.695663296788	-6.04604783772461	NA	-10.4326288909542	NA	-8.93012855042505	-10.695663296788	NA	-7.35937990892359	-6.14722667209198	-9.69566329678802	-7.47843258056735	-9.06339508128851	NA	-9.11070079606687	NA	-12.0175913916754	NA	NA	NA	NA	-9.06339508128851	NA	NA	NA	NA	-6.87804003927659	NA	NA	NA	NA	-12.4326288909542	NA	NA	NA	NA	NA	NA	NA	NA	NA	NA	NA	NA	NA	NA	NA	NA	NA	NA	NA	NA
NW016-2-2	-2.33146521830574	-4.41436200935836	-2.8717457993468	-9.2888311272745	-4.91326506878506	-5.89443339405469	-4.37467253120194	-2.90591240249799	-5.68936905685823	-6.03860449774132	-2.78536674057454	-7.77863639495532	NA	-6.86561969654996	-7.56504092185603	-6.79406643552492	-8.35594532313304	-5.22470078985478	-4.54369160166259	-6.03860449774132	NA	-5.35881065682743	-9.63278552849186	-4.93234581035077	-7.61897972896683	-5.94090782385419	-9.08529773318937	NA	NA	-8.94090782385419	NA	-9.37902893624608	-9.24576240538261	-10.7482627459118	NA	-12.333225246633	NA	NA	-10.5258703245753	NA	NA	NA	NA	NA	NA	NA	NA	-10.1633002451906	NA	NA	NA	NA	NA	NA	NA	-10.8737936279957	NA	NA	NA	NA	NA	NA	NA	NA	NA	NA	NA	NA
NW016-2-3	-0.79409976950143	-2.52748990944381	-3.3912855258455	NA	-7.378346470138	-6.1857013921956	-6.41311188829868	NA	-7.24710193685975	NA	-3.90029917333336	NA	NA	NA	-6.24710193685975	NA	NA	-7.68320105166642	NA	-8.96330897085915	NA	NA	NA	NA	-6.07022417477567	-9.4487357980294	NA	-9.1857013921956	-6.86377329730824	NA	NA	NA	NA	NA	NA	NA	NA	NA	NA	NA	NA	NA	-8.4487357980294	NA	NA	NA	NA	NA	NA	NA	NA	NA	NA	NA	NA	NA	NA	NA	NA	NA	NA	NA	NA	NA	NA	NA	NA	NA
NW016-3	-1.0077295087373	-2.1904849578364	-3.93660225037214	-9.84349284598066	-7.13299946317564	-5.54803696245448	-5.63049912264646	-5.84349284598066	-7.44494346949038	NA	-4.07170328390677	NA	NA	NA	-4.75217767923471	NA	-9.98099636973059	-5.8191086873537	NA	-9.49556954256035	NA	-9.49556954256035	-9.84349284598066	NA	-6.68821462050274	-8.17364144767299	-12.302924464618	-10.1329994631756	-8.01752224575571	NA	-10.302924464618	NA	-10.9809963697306	NA	NA	NA	-7.84349284598066	NA	NA	NA	NA	NA	-8.65906827484323	NA	NA	NA	NA	NA	NA	NA	NA	NA	NA	NA	NA	NA	NA	NA	NA	NA	NA	NA	NA	NA	NA	NA	NA	NA
NW016-4-1	-2.53328035989761	-1.87543114369946	-5.19333217375044	NA	-7.07283688156388	-8.40404279003926	-7.68581375845464	-1.26812668076184	-7.18831409898382	-9.65779938228504	-5.42160116142356	NA	NA	NA	-5.40987186884145	NA	-8.89880748178883	-7.45134850481761	NA	-8.71438291065141	NA	NA	-9.27077625917579	NA	-9.65779938228504	-6.78838349209518	NA	-9.18831409898382	-6.24971464364796	NA	-8.65779938228504	NA	NA	-11.0363110055388	NA	NA	NA	NA	NA	NA	NA	NA	-8.89880748178883	NA	NA	NA	NA	NA	NA	NA	NA	NA	NA	NA	NA	NA	NA	NA	NA	NA	NA	NA	NA	NA	NA	NA	NA	NA
NW016-4-2	-1.247032385553	-2.35730087611334	-3.61381471622462	-9.48792739311587	-8.08075201161	-7.41157650698576	-6.57686112153616	-2.94136840469606	-8.61917192639413	-11.2041344271153	-4.31626105767714	NA	NA	-9.61917192639413	-4.29210052823081	-12.4265268484517	-9.36763315939816	-5.68956125428553	NA	-9.3110496310318	NA	NA	NA	NA	-7.92402650792255	-6.84156434773057	-11.6895612542855	-9.20413442711528	-8.6539373445548	NA	NA	NA	NA	NA	NA	NA	-8.61917192639413	NA	NA	NA	NA	NA	-8.80203598354394	NA	NA	NA	NA	NA	NA	NA	NA	NA	NA	NA	NA	NA	NA	NA	NA	NA	NA	NA	NA	NA	NA	NA	NA	NA
NW016-5	-6.93397082351354	-2.29043705971867	-7.7453612588063	-8.63642688725313	-6.46941936919312	NA	-11.4177866007778	-0.429190665200075	-7.77393041100307	-9.37339248141934	-8.86319774910016	NA	NA	NA	-7.81787375859067	-11.8328241000566	-10.7173468826367	-11.2478615993355	NA	-9.06023459615971	NA	-12.0958585058904	-9.61043167872019	NA	NA	-12.4177866007778	NA	-12.0958585058904	-7.78842998069818	NA	-9.02546917799903	NA	-13.4177866007778	NA	NA	NA	-9.24786159933548	NA	NA	NA	NA	NA	NA	NA	NA	NA	NA	NA	NA	NA	NA	NA	NA	NA	NA	NA	NA	NA	NA	NA	NA	NA	NA	NA	NA	NA	NA	NA
NW018-1	-0.960036721228237	-2.35305041420964	-3.88222961957291	-11.6617144854771	-4.28419406462645	NA	-4.28667505413021	-4.63301905247667	-6.89921379920379	-10.6617144854771	NA	-7.5864263581729	NA	NA	NA	-7.16528865935764	-7.5864263581729	NA	-5.79311237459299	-8.42467528817629	-9.82521321776001	-11.6617144854771	NA	NA	-7.13815252942012	-7.31932228803006	-7.71418190537127	NA	-8.68770969401008	NA	-7.00963778889744	-11.2991444060924	NA	NA	NA	NA	NA	-9.11151740291665	NA	NA	NA	NA	NA	NA	NA	NA	NA	NA	NA	NA	NA	NA	NA	NA	NA	NA	NA	NA	NA	NA	NA	NA	NA	NA	NA	NA	NA	NA
NW018-2	-1.14789678780605	-2.2234838139534	-4.46759505992975	NA	-3.38286532115424	NA	-4.37239832210317	-4.9845574605331	-5.98721680698359	NA	NA	-6.62642235248873	NA	NA	NA	-8.36892613019637	-5.38286532115424	NA	-6.00327665787969	-6.81197800564481	-9.98190300708712	NA	NA	NA	-6.49193702030171	NA	-7.98190300708712	NA	-7.2880061348128	NA	-6.61815473650513	-11.0693658483375	-11.7474377534501	NA	NA	NA	NA	-8.42550965856273	NA	NA	NA	NA	NA	NA	NA	NA	NA	NA	NA	NA	NA	NA	NA	NA	NA	NA	NA	NA	NA	NA	NA	NA	NA	NA	NA	NA	NA	NA
NW018-3-1	-0.918062107588275	-2.78588216641691	-4.6093619761593	NA	-4.61926610000517	NA	-3.57121254269776	-4.5016244894956	-4.95534245693851	-10.6853552904629	NA	-5.91006157763764	NA	NA	NA	-8.43159869821716	-6.72045909141886	NA	-6.5529049944393	-7.22592367182565	-9.99347758582528	NA	NA	NA	-6.67154949093791	-7.72758352585224	-8.45505767104115	NA	-9.2983321673537	NA	-6.14739026927896	-12.0638669137167	NA	NA	NA	NA	NA	-8.71336966663254	NA	NA	NA	NA	NA	NA	NA	NA	NA	NA	NA	NA	NA	NA	NA	NA	NA	NA	NA	NA	NA	NA	NA	NA	NA	NA	NA	NA	NA	NA
NW018-3-2	-1.01719106183415	-2.77766183061583	-3.41364573022113	NA	-3.74929693936247	NA	-4.04591394572065	-4.56048711855041	-6.44846050081629	NA	NA	-6.53385199204694	NA	NA	NA	-6.91412407316511	-6.66258530616914	NA	-7.08404907460742	-7.80394115541468	NA	NA	NA	NA	-5.78287953988685	-9.89140399666502	-8.64347648322144	NA	-8.36784204060801	NA	-7.05851398250028	NA	NA	NA	NA	NA	NA	-7.80394115541468	NA	NA	NA	NA	NA	NA	NA	NA	NA	NA	NA	NA	NA	NA	NA	NA	NA	NA	NA	NA	NA	NA	NA	NA	NA	NA	NA	NA	NA	NA
NW018-4	-1.06044414061697	-2.35048949901127	-4.88306925746361	-11.3772105303886	-4.51922953526098	NA	-3.7405859098449	-3.70883202147976	-5.7374822262365	-10.8626373575588	NA	-6.47720632036527	NA	NA	NA	-9.23036914205928	-7.18456545244616	NA	-6.00963976994548	-6.58465261025903	-9.37721053038855	NA	NA	NA	-7.07604099566799	-8.30192240308432	-7.39014958609605	NA	-8.20728552894624	NA	-7.04501410004736	NA	NA	NA	NA	NA	NA	-9.599602951725	NA	NA	NA	NA	NA	NA	NA	NA	NA	NA	NA	NA	NA	NA	NA	NA	NA	NA	NA	NA	NA	NA	NA	NA	NA	NA	NA	NA	NA	NA
NW018-5	-1.01896619752564	-2.63694375547476	-4.36486421003795	NA	-4.95736038344452	NA	-3.78911488747813	-3.44335382515666	-5.05097343421601	NA	NA	-6.85530911197482	NA	NA	NA	-10.6278986158717	-6.82743007939938	NA	-5.46332684892364	-6.20387233336565	-9.36486421003795	-12.2128611165929	NA	NA	-8.65214616211843	-11.2128611165929	-8.30597052098439	NA	-9.62789861587175	NA	-8.09184571563154	-10.8343494933392	-10.4473263702299	NA	-9.7799017093168	NA	NA	-9.72743428942266	NA	NA	NA	NA	NA	NA	NA	NA	NA	NA	NA	NA	NA	NA	NA	NA	NA	NA	NA	NA	NA	NA	NA	NA	NA	NA	NA	NA	NA	NA
NW019-1	-2.34958661442298	-5.07115875446581	-2.43567447816549	-8.09863949088791	-3.86834187146612	-5.77301691244281	-3.39606718545401	-3.16064329503853	-5.05312483163555	-5.90830827878376	-5.26769774851269	-7.45330437218728	NA	-5.6358488601607	-5.9874369285683	-5.20911602724948	-8.27551725297199	-5.33964759039171	-5.36445098139228	-5.90022593248591	-10.5766867876926	-4.9452498571719	-9.86047975369315	-5.50139866038832	-7.87624706955147	-6.52606071462259	-9.47715111414164	NA	NA	NA	NA	-9.57668678769256	-8.86047975369315	-8.86047975369315	NA	-10.799079209029	NA	NA	-9.74018551997544	NA	-11.5766867876926	NA	NA	NA	NA	NA	NA	-10.5766867876926	NA	-10.6836019916091	NA	NA	NA	NA	NA	NA	NA	NA	NA	NA	NA	NA	NA	NA	NA	NA	NA	NA
NW019-2-1	-2.16695904529044	-5.25387778129545	-2.40806609507142	NA	-4.5392800001577	-5.53365545096382	-3.62190792068086	-3.0994491161763	-5.75792028663304	-6.19942999727307	-4.29372729390201	-8.36935499871538	NA	-6.40999698321273	-7.19942999727307	-5.59676549481846	-7.47319080969992	-5.35937091014276	-5.04742690382802	-5.84579304265837	NA	-4.58217795859541	NA	-5.24465925126607	-8.32982663452875	-6.00012118904966	-8.40999698321273	NA	NA	NA	NA	-11.2173519052703	-8.5392800001577	-10.0798483815204	NA	-10.2173519052703	NA	NA	-9.63238940454918	NA	NA	NA	NA	NA	NA	NA	NA	-10.5392800001577	NA	NA	NA	NA	NA	NA	NA	-10.5392800001577	NA	NA	NA	NA	NA	NA	NA	NA	NA	NA	NA	NA
NW019-2-2	-2.40009233180975	-4.28947315912982	-2.90493460265816	-9.11063388071245	-4.64365545302181	-5.85687728846667	-4.17626254868183	-2.76941444721633	-5.85107166678546	-5.74498440839577	-3.39111342100566	-6.60162023322459	NA	-6.01017369893324	-8.56314608540996	-6.31122771177034	-7.74498440839577	-5.85107166678546	-4.28164304470739	-6.2336447708178	NA	-5.4059321357172	-10.1106338807125	-4.24883117463247	-7.48914550396618	-6.24883117463247	-9.05618609669008	NA	NA	-9.11063388071245	NA	-9.16721740907882	-8.90418300324503	-10.3516419802162	NA	NA	NA	NA	-11.4891455039662	NA	NA	NA	NA	NA	NA	NA	NA	-11.0037186767959	NA	-11.4891455039662	NA	NA	NA	NA	NA	-10.8110735988535	NA	NA	NA	NA	NA	NA	NA	NA	NA	NA	NA	NA
NW019-3	-1.95426791861951	-4.5316042533576	-2.59134160131986	-9.46824219236017	-4.75743575866082	-5.31595735005359	-3.94370047732432	-2.96690257429877	-6.06310072922383	-6.45143390467362	-4.1956124073838	-6.86832935017304	NA	-6.29331650985949	-7.07592476958141	-6.32869083996138	-9.07592476958141	-5.53750485479728	-5.20614734698999	-6.63535217819543	NA	-5.23942350186429	NA	-4.50390132456775	-7.91365334068253	-6.55535285613021	-8.359717735582	NA	NA	NA	NA	-9.7133546901967	-9.18283997349792	-10.2983171909179	NA	NA	NA	NA	-10.1463140974728	NA	NA	NA	NA	NA	NA	NA	NA	-10.7678024742191	NA	NA	NA	NA	NA	NA	NA	-12.1463140974728	NA	NA	NA	NA	NA	NA	NA	NA	NA	NA	NA	NA
NW019-4	-1.75911734853007	-4.29715880186374	-2.67881572043921	-9.57488709284056	-4.71862257030201	-5.52898624223195	-3.98888854536688	-3.44418340119597	-5.49328887365344	-5.88212130258489	-4.19924841120843	-8.02347715183043	NA	-5.90930613191112	-6.65150837444348	-5.71862257030201	-8.30358507102317	-5.44987451327382	-5.40220095172119	-6.07531608335005	-12.847905587247	-5.19446334864306	-11.4328680879681	-5.43568860703051	-8.84790558724698	-6.08413993373706	-9.14746586910589	NA	NA	NA	NA	-11.1109399930808	-9.62551316591053	-10.6255131659105	NA	NA	NA	NA	-9.84790558724698	NA	NA	NA	NA	NA	NA	NA	NA	-10.9734364693308	NA	NA	NA	NA	NA	NA	NA	-10.5259774923596	NA	NA	NA	NA	NA	NA	NA	NA	NA	NA	NA	NA
NW019-5	-2.49033904718933	-5.03624407212913	-2.36135469020616	-7.92932886821262	-4.65347042202124	-5.18005001260756	-3.23577553565677	-2.65702123612208	-5.33979363770164	-6.25555710053361	-7.20063089003002	-8.21730963117665	NA	-5.1718991714867	-5.97114904390725	-4.45993900440553	-7.83621946382114	-5.82979319466171	-5.45128157140798	-5.84591286002498	-11.0586118851576	-4.98893835735078	-10.6435743858787	-7.44390204104238	-8.59918026652029	-7.15975860861449	-9.12001242982173	NA	NA	-13.0586118851576	NA	-9.21730963117665	-8.12001242982173	-10.1841427672414	NA	-11.0586118851576	NA	NA	-8.91565393131554	NA	-11.1841427672414	NA	NA	NA	NA	NA	NA	-10.3216462909914	NA	-11.1841427672414	NA	NA	NA	NA	NA	-9.68937807549187	-12.0586118851576	NA	NA	NA	NA	NA	NA	NA	NA	NA	NA	NA
NW020-1	-5.07232114416929	-0.950372819279993	-3.63405133865273	NA	-2.69404974987971	NA	-5.27062794698142	-10.9240701855853	-8.0012380461078	-6.76756569990535	NA	-7.98547073024949	NA	NA	NA	-6.95444383462886	-4.37204157422627	NA	-4.04857678999686	-7.37974966936153	-6.4701136970142	-8.7016777642489	-9.92407018558534	-10.1167152635277	-6.76756569990535	NA	-8.13399325495958	-7.14271047206068	-7.40050822952833	NA	-7.49780543088325	-9.65105169117893	-8.92407018558534	NA	NA	NA	NA	NA	NA	NA	NA	NA	NA	NA	NA	-11.0496010676692	NA	NA	NA	NA	NA	NA	NA	NA	-11.3391076848642	NA	NA	NA	NA	NA	NA	NA	NA	-11.1871045914191	NA	NA	NA	NA
NW020-2	-3.75350711277013	-1.09858539373545	-4.05358850535925	NA	-2.72334514225988	NA	-4.18443598481887	-10.488216732996	-7.06195197829387	-6.94905792188794	NA	-6.76029627843277	NA	NA	NA	-6.72003240821904	-4.04527323714724	NA	-4.94518491274073	-5.9259743087749	-7.84436054322125	-11.488216732996	NA	NA	-5.56340422939019	NA	-8.13066472837789	-8.27876336736702	-7.33846961349129	NA	-6.98042209279727	-9.90325423227481	NA	NA	NA	NA	NA	NA	NA	NA	NA	NA	NA	NA	NA	NA	NA	NA	NA	NA	NA	NA	NA	NA	NA	NA	NA	NA	NA	NA	NA	NA	NA	NA	NA	NA	NA	NA
NW020-3	-3.96933674038823	-1.33257533908687	-2.68091316955075	-10.2822196956726	-2.81003657948305	NA	-4.53738585817304	-10.034292182229	-6.72763084399495	-7.00609529039835	NA	-6.69725719495143	NA	NA	NA	-7.43672964472821	-4.12740158662048	NA	-4.46523607241721	-6.72763084399495	-6.82278807703529	-10.1122946942303	-11.1122946942303	-10.6972571949514	-5.7161656575015	NA	-9.75865773961557	-6.58177997753149	-7.60979435370109	NA	-8.09239513679257	-11.474864773615	-11.2822196956726	NA	NA	NA	NA	NA	NA	NA	NA	NA	NA	NA	NA	-11.9602916007852	NA	NA	NA	NA	NA	NA	NA	NA	NA	NA	NA	NA	NA	NA	NA	NA	NA	NA	NA	NA	NA	NA
NW020-5	-3.67436668251614	-0.947650277830106	-7.43367181515562	-12.7282925640472	-2.4359709312452	NA	-5.66489748275873	-5.25255913308085	-8.12837972186012	-8.02785284590615	NA	-7.71706530862399	NA	NA	NA	-7.53846800516723	-4.66624642632675	NA	-4.29054049172364	-7.27708145221491	-7.29366433641052	-9.59900954710228	-11.2688609454099	-11.7282925640472	-7.61976810726907	NA	-6.95350550444607	-8.25255913308085	-6.45682953614287	NA	-6.65683020149062	-9.02785284590615	-8.12837972186012	NA	NA	NA	NA	NA	NA	NA	NA	NA	NA	NA	NA	-11.0278528459062	NA	NA	NA	NA	NA	NA	NA	NA	NA	NA	NA	NA	NA	NA	NA	NA	NA	NA	NA	NA	NA	NA
NW020-6	-1.60684827796285	-1.48763440894843	-5.85642552862553	NA	-3.05411990410713	NA	-5.32470504918135	-4.72177600193075	-7.88813438835287	-8.04013748179792	NA	-8.95372272998044	NA	-7.52200648955497	NA	-8.85642552862553	-6.10386307940831	NA	-4.88014159759934	-8.23024036517786	-8.88813438835287	NA	NA	-11.0580593897952	-5.73252905822762	NA	-7.78007464249542	-8.52200648955497	-7.07620673650544	NA	-7.10386307940831	-10.5726325626249	-10.132059971239	NA	NA	NA	NA	NA	NA	NA	NA	NA	NA	NA	NA	-12.0580593897952	NA	NA	NA	NA	NA	NA	NA	NA	NA	NA	NA	NA	NA	NA	NA	NA	NA	NA	NA	NA	NA	NA
NW021-3	-0.876900561260516	-4.60653005497984	-2.25169850896179	-2.91975547739936	-5.8860013506243	-8.97526868872139	-5.72572651921571	-6.02603180240328	-7.64721449103719	NA	NA	NA	NA	NA	-8.38011042089435	NA	NA	-8.24445532153678	NA	-9.17230553578094	-9.28193002695544	NA	-11.3599325389567	NA	NA	-11.529857540399	-10.9448950396779	NA	-8.8860013506243	NA	-9.72250261834142	NA	NA	NA	NA	NA	NA	NA	NA	NA	NA	NA	NA	NA	NA	NA	NA	NA	NA	NA	NA	NA	NA	NA	NA	NA	NA	NA	NA	NA	NA	NA	NA	NA	NA	NA	NA	NA
NW021-5	-1.15629676006424	-3.67792739717032	-2.85376010666188	-2.03229667452625	-4.9255081505976	-8.15597469397497	-5.87586677478223	-8.89294028814117	-6.94540770803531	NA	NA	NA	NA	NA	-7.09543315203992	-9.24086359156148	-12.2852577109199	-7.21916852046216	NA	-8.7306688592423	-8.89294028814117	NA	NA	NA	NA	-8.96332961603257	NA	NA	-8.61283236894844	NA	-9.82582609228264	NA	NA	NA	NA	NA	NA	NA	NA	NA	NA	NA	NA	NA	NA	NA	NA	-10.7002952101988	-12.7002952101988	NA	NA	NA	NA	NA	NA	NA	NA	NA	NA	NA	NA	NA	NA	NA	NA	NA	NA	NA
NW021-6	-1.76844685982733	-3.34604750578153	-4.20523724737288	-1.20299624636451	-4.68334279840381	-8.60163815728457	-5.27114804889379	-7.7178311747891	-7.07509234278874	-10.4089930793422	NA	NA	NA	-12.4089930793422	-7.17377661764815	-7.56769082536124	-11.824030578621	-6.68561654992393	NA	NA	-9.60163815728457	-11.9939555800633	-9.23906807789987	NA	NA	-8.32153023809184	-9.26603512550014	NA	-7.38662526631372	NA	-8.84420846055865	NA	-11.672027485176	NA	NA	NA	NA	NA	NA	-11.672027485176	NA	NA	NA	NA	NA	NA	NA	NA	-12.4089930793422	NA	NA	NA	NA	NA	NA	NA	NA	NA	NA	NA	NA	NA	NA	NA	NA	NA	NA	NA
NW022-1	-1.74910659478269	-2.69105312921779	-3.65889928811665	-2.06103979338105	-3.50066779440052	-9.83000248075624	-6.01659851402583	-11.9174653220066	-6.49961280712068	NA	-9.33250282128542	-6.49961280712068	NA	NA	-6.34003649397083	-9.52514789922782	-5.85137613154881	-6.01057472639806	-5.29907981974797	-6.89509750897813	NA	-9.52514789922782	NA	NA	NA	-6.73755623199165	-11.9174653220066	NA	-8.52514789922782	NA	-8.70801195637763	-9.83000248075624	NA	NA	NA	NA	NA	-11.3325028212854	-9.39390336594957	NA	NA	NA	NA	NA	NA	NA	NA	NA	NA	NA	NA	NA	NA	NA	NA	NA	NA	NA	NA	-10.5955372271192	NA	NA	NA	NA	NA	NA	NA	NA
NW022-4	-2.82768096799005	-1.9674967093782	-5.36625647134709	-7.82162606466115	-3.80223595143259	-7.80682906273307	-5.12921727404624	-10.0292214840695	-5.43285422007611	-8.17361139340469	-10.6141839847907	-2.84647244226962	NA	-7.5760488559039	-5.24162981683334	-4.62549929801851	-2.81976811844057	-8.1927202163524	-5.7994870873919	-5.77408048039336	-7.69361845228508	-5.86695005517064	-9.37714478748982	NA	NA	-8.4673425964614	-8.39917109381982	NA	-8.53889585748644	NA	NA	-6.42153890684828	-9.37714478748982	NA	NA	NA	NA	-9.02922148406952	-11.6141839847907	NA	NA	NA	NA	NA	NA	NA	NA	NA	NA	NA	NA	NA	NA	NA	NA	-10.8365764061271	NA	NA	NA	-9.42153890684828	NA	NA	NA	NA	NA	NA	NA	NA
NW022-5-1	-1.78848697217964	-2.13133333766542	-3.72189687141294	-7.33563574855427	-3.99637304266163	-6.42557787386707	-4.2049944747625	-7.79903626939451	-5.25846788803181	-10.2584678880318	-6.75596754750263	-4.2754743133375	NA	-8.35157729242329	-4.24910578482812	-6.79903626939451	-4.62426186829081	-6.74539830579244	-4.84343038875297	-6.62426186829081	-8.75596754750263	-7.55802816989072	NA	NA	NA	-8.59550287530938	-10.5215022938656	NA	-9.31986843269596	NA	-9.14299067061188	-13.843430388753	-11.0360754666954	NA	NA	-9.75596754750263	NA	-9.19957419897824	NA	NA	NA	NA	NA	NA	NA	NA	NA	NA	NA	NA	NA	NA	NA	NA	NA	NA	NA	NA	NA	-8.88923407836609	NA	NA	NA	-11.843430388753	NA	NA	NA	NA
NW022-5-2	-1.07001887865629	-3.36618206601365	-3.02567438334258	-5.02964984753046	-6.16651656039348	-5.88147353362593	-3.99659155895117	-6.29077466335563	-5.35716206068953	-11.8530170875767	-5.53560447381183	-5.62419839708082	-9.32945513151969	-8.49546508295862	-4.71091003027415	-6.86433240080453	-6.25310424538957	-7.8530170875767	-9.09812958541323	-8.56761486871445	-7.53108899268934	-7.15257736943561	NA	NA	-8.8530170875767	-6.9826523679933	-10.3935854689394	NA	-12.2680545868555	NA	-10.6830920861344	NA	-10.1525773694356	NA	NA	-10.2680545868555	-9.8530170875767	-11.8530170875767	NA	NA	NA	NA	NA	NA	NA	NA	NA	NA	NA	NA	NA	NA	NA	NA	NA	-11.2680545868555	NA	NA	NA	NA	NA	NA	NA	NA	NA	NA	NA	NA
NW022-6	-2.11445245471018	-2.6111689629589	-3.71728137622485	-1.61493197200957	-4.69675397396827	-8.63771850367132	-5.74725345597591	-8.04371086334716	-8.69321361626302	-12.0437108633472	-4.50921342960899	-5.85388630446714	NA	NA	-6.46477215025377	-8.75092911411931	-4.93727878553023	-8.23635594128955	-6.63092933800868	-9.55828403617691	NA	-8.93937420353242	-11.1957139567922	NA	NA	-7.29954976777675	-12.0437108633472	NA	-9.55828403617691	NA	-8.97332153545576	-9.84207700217751	-12.3656389582345	NA	NA	NA	NA	-11.7806764575134	NA	NA	NA	NA	NA	NA	NA	NA	NA	NA	NA	NA	NA	NA	NA	NA	NA	NA	NA	NA	NA	-10.6651992400934	NA	NA	NA	NA	NA	NA	NA	NA
NW023-1	-1.46611906450109	-2.60573499900535	-4.16331494756924	-13.3988505542797	-4.30029203634129	-2.52509886367108	-5.01947218720844	-9.09142202908746	-6.82596088585912	NA	NA	NA	NA	-11.2613470305298	-8.7320939623949	-13.3988505542797	NA	-5.94599158956589	NA	-6.30503688087697	-4.72289352133795	-7.69841083613861	-6.66278692640789	NA	-11.3988505542797	-8.26134703052977	-6.77533481278915	-6.90059968675188	-7.68185965987476	-9.3284612263883	NA	-8.70955139374381	-10.294513894465	NA	NA	-5.87842830575326	NA	-9.41699790098996	-8.85041392958366	NA	-6.8534999094574	NA	-9.31138771302936	-10.4728511357235	-10.1358161484459	NA	-9.13581614844591	NA	NA	NA	-9.57103152966238	NA	NA	NA	NA	NA	NA	NA	NA	NA	-11.1972166931101	-12.7207786491671	-10.9134237271095	-11.9134237271095	NA	NA	NA	NA
NW023-3	-2.41617927051207	-2.86578991833834	-3.01247401422279	-10.4844201318249	-4.53800117202973	-1.57452704805485	-5.69782376993408	NA	-5.26460625459022	NA	NA	NA	NA	-11.2213857259911	-9.03375872281532	-11.8063482267122	NA	-6.56476224014249	NA	-8.1245241867385	-4.39837239126759	-8.20148616855339	-7.32522153697563	NA	-10.3038478861831	-7.31449513038257	-7.91557729646701	-7.44879622209417	-8.10590850857116	-8.32522153697563	NA	-7.24156360792872	NA	NA	NA	-7.74745453765868	NA	-8.50866767807156	-9.48442013182489	NA	-7.38008347201015	NA	-10.5839558053758	NA	-8.48442013182489	NA	-10.4844201318249	NA	NA	NA	-8.18185736180446	NA	NA	NA	NA	NA	NA	NA	NA	NA	NA	NA	NA	-11.8063482267122	NA	NA	NA	NA
NW023-4	-2.02888017507569	-2.94980161175906	-3.41982163681463	-8.83991075527669	-4.84544186124992	-1.82731471887705	-5.32533758244693	-9.64726567733429	-5.95079486139615	NA	NA	NA	NA	-9.0283558446898	-9.24516723376295	-10.8696580986707	NA	-5.62489786430584	NA	-8.187834058697	-4.33049928756271	-7.37780500234107	-6.64726567733429	NA	-10.8696580986707	-7.4546205993919	-6.84729028564229	-5.93498434654868	-8.13269250450454	-9.0283558446898	NA	-6.42671460282201	-9.50042428900502	NA	NA	-7.9951889807546	NA	-7.9788871684255	-9.4546205993919	NA	-6.90003174771426	NA	-10.5477300037834	-10.9951889807546	-7.63444163697671	NA	-9.24516723376295	NA	NA	NA	-9.20669308594831	NA	NA	NA	NA	NA	NA	NA	NA	NA	NA	NA	NA	-10.8696580986707	NA	NA	NA	NA
NW023-6	-2.13802987993162	-2.70557651546802	-5.48330984658673	-4.47728605895896	-5.38136163896043	-5.5107325420521	-3.1132973592387	-1.95137379821561	-6.2092509720668	-11.7992141538463	NA	NA	NA	-10.2142516531252	-4.33160860376333	-9.09877443570523	-6.78426381238035	-6.60281694104282	NA	-10.7992141538463	-6.90844322360108	-10.2142516531252	NA	NA	NA	-9.74032046479276	-8.11739011387258	-5.74393171834513	-8.95791189986538	NA	-9.4299803441806	-12.0622485596801	-8.74032046479276	NA	NA	NA	NA	-7.28614457160695	-10.1362491411239	NA	NA	NA	NA	NA	NA	NA	NA	NA	NA	NA	NA	NA	NA	NA	NA	NA	NA	NA	NA	NA	NA	NA	NA	-12.0622485596801	NA	NA	NA	NA
NW025-1	-1.47387864931892	-3.1099082349144	-3.65858982014094	-5.93121027480393	-4.27494274000964	-4.64669614155969	-3.63725129577524	-3.2061235501737	-4.61622378933542	-10.3120320587449	NA	NA	NA	NA	-5.11563484594136	-9.25313836969129	-6.33475213524495	-6.44578344763369	NA	-8.80953171821568	-6.12881023468909	-8.76771154252105	NA	NA	NA	-9.50467713668726	-8.9901039638575	-5.79896247650549	-9.19655484132493	NA	-10.896994559466	-9.37343260340901	-8.28228471535081	NA	NA	NA	-12.3120320587449	-9.03901356433845	-8.85260044010757	NA	NA	NA	-10.4375629408287	NA	NA	NA	NA	NA	NA	NA	NA	NA	NA	NA	NA	NA	NA	NA	NA	NA	-11.5750664645787	NA	NA	NA	NA	NA	NA	NA
NW025-2	-2.04291877697247	-2.4896617030788	-3.84772701691973	-5.78282249378737	-3.45102134041314	-5.9675285389362	-3.8364370037005	-3.10204420565241	-4.78902764331407	-10.839653716384	NA	NA	NA	NA	-4.67546508449087	-9.74011804283313	-5.13921399824295	-5.44733629360528	NA	-8.12344668238463	-6.63578138301839	-8.4375552728127	NA	NA	NA	-8.55954579719131	-7.53848418166348	-5.71037069943908	-7.91908818387845	NA	-9.06204613772049	NA	-8.18757701980435	NA	NA	NA	NA	-7.49726151893696	-9.32508054355428	NA	NA	NA	-6.80151858749727	NA	NA	NA	NA	NA	NA	NA	NA	NA	NA	NA	NA	NA	NA	NA	NA	NA	-11.6470086384416	NA	NA	NA	NA	NA	NA	NA
NW025-3	-1.20953240844044	-2.61002020179575	-3.89842426254357	-7.3632541851067	-5.43178556677752	-4.94914655697889	-3.7944949091616	-3.32744890696278	-6.3193108375191	-10.9631670272938	NA	NA	NA	NA	-4.13344429220777	-11.9631670272938	-7.5202235314451	-6.54531451240793	NA	-9.71523951385024	-7.89707783683606	NA	NA	NA	NA	-9.50373540865653	-9.15581210523622	NA	-7.71523951385024	NA	-9.71523951385024	-10.5037354086565	-9.26272730915274	NA	NA	NA	NA	NA	NA	NA	NA	NA	NA	NA	NA	NA	NA	-11.9631670272938	NA	NA	NA	NA	NA	NA	NA	NA	NA	NA	NA	NA	NA	NA	NA	NA	NA	NA	NA	NA
NW025-4	-1.32717678734136	-2.72758175576736	-5.49831108897257	-8.4606967971728	-4.80669265202199	-6.38828830164474	-3.65789536140203	-2.75374377207303	-5.41373331820221	-10.7408047163655	NA	NA	NA	NA	-4.77667016892254	-9.05630654209346	-6.4713440413723	-5.92977413616453	NA	-8.90430344864841	-6.08872801978584	-8.07242620745674	-11.963197137702	NA	NA	-10.2262315435358	-9.59396332803626	-5.83048321535674	-8.90430344864841	NA	-8.96319713770198	-11.0887280197858	-6.50376551906468	NA	NA	-10.2262315435358	NA	-8.82023918385994	-10.3782346369808	NA	NA	NA	NA	NA	NA	-12.2262315435358	NA	NA	NA	NA	NA	NA	NA	NA	NA	NA	NA	NA	NA	NA	-11.963197137702	NA	NA	NA	NA	NA	NA	NA
NW026-1	-2.93129324439824	-1.31344692031542	-4.51380009339308	-5.65602216604555	-3.39515559689446	-4.9686386007299	-4.03786818559044	-11.4504380323957	-5.8805824240647	-5.57699391988028	-5.44481348320177	-12.8654755316745	NA	-11.8654755316745	-5.01998548073012	NA	-7.00749453654692	-5.20488532613997	NA	-5.58935112640026	-7.36297519114531	-10.3629751911453	-8.12850993750829	-5.89201731912699	-6.37897566983903	-8.54354743678713	-9.8654755316745	-9.28051303095334	-6.82108141231604	NA	-8.04104709625795	-8.83572818828045	-11.1285099375083	NA	NA	NA	NA	-10.2805130309533	NA	-7.49624172200878	NA	NA	-10.9910064137584	NA	NA	NA	NA	NA	NA	NA	NA	NA	NA	NA	NA	NA	NA	-12.1285099375083	NA	NA	NA	NA	NA	NA	NA	NA	NA	NA
NW026-2	-1.72328617318728	-1.61886739457097	-4.29380403517631	-5.04796338154737	-3.54661969548637	-7.10816801575328	-4.76993810853682	NA	-5.02844082328255	-6.7221095834462	-5.24117014726828	-10.9826371336694	NA	NA	-6.77318376804047	NA	-6.79941530961365	-5.08781937036148	NA	-7.30081309369568	-9.17528221161182	NA	-9.76024471233297	-8.35814626876163	-5.55079134670403	-8.35814626876163	NA	NA	-8.52320551503213	NA	-9.17528221161182	-8.98263713366942	-11.9826371336694	NA	NA	NA	NA	-10.1081680157533	NA	-8.92374344461586	NA	NA	NA	NA	NA	NA	NA	NA	NA	NA	NA	NA	NA	NA	NA	NA	NA	NA	NA	NA	NA	NA	NA	NA	NA	NA	NA	NA
NW026-3	-2.29249279169634	-1.30234526971772	-5.20006859037682	-3.49148025874112	-3.68173082154313	-7.7279204545632	-5.63697424331261	NA	-6.22425805594389	-5.07225496249884	-6.02900176454496	-11.3327825127221	NA	NA	-6.40204517515917	NA	-6.18982455888002	-6.02292725013527	NA	-5.91774501344322	-9.83028217219288	NA	-7.21730529530212	-8.78846199649825	-5.9404650899433	-8.70829164781427	-10.5958169185559	NA	-6.66035717075056	NA	-7.34788940511227	-9.52542759066446	NA	NA	NA	NA	NA	NA	NA	-7.0108544178347	NA	NA	NA	NA	NA	NA	NA	NA	NA	NA	NA	NA	NA	NA	NA	NA	NA	-10.3327825127221	NA	NA	NA	NA	NA	NA	NA	NA	NA	NA
NW026-4	-1.61560287728572	-1.745933121435	-4.33628338786443	-4.5097089600526	-3.9645822967276	-7.11304999008861	-5.62546290041208	NA	-5.57943436936768	-5.81759410656244	-5.46234969212586	NA	NA	-5.5014318573664	-7.91536932224892	NA	-8.4655664048094	-5.09799564436632	-9.95099323197964	-7.04410263637112	-9.31872501648013	NA	-8.08309676798699	-8.44003131270226	-4.97830057797538	-8.91536932224892	-9.95099323197964	NA	-7.01553348417435	NA	-8.34218398930412	NA	NA	NA	NA	NA	NA	-8.14363830992204	NA	-7.60049598489551	NA	NA	NA	NA	NA	NA	NA	NA	NA	NA	NA	NA	NA	NA	NA	NA	NA	NA	NA	NA	NA	NA	NA	NA	NA	NA	NA	NA
NW026-5	-1.22104848569697	-1.86795875018539	-3.70109237367852	-5.73386457339545	-4.63917759089064	-7.45097385573002	-5.22784026045438	NA	-6.41509681940142	-6.89748958648203	-6.20797115471828	-11.9849524277324	NA	-7.20359271420771	-5.8764279709542	NA	-6.35559580765276	-5.83859589742846	-12.5699149284535	-6.39498924595284	-9.04635297239651	-11.7625600063959	-8.54754711542507	-10.1104833098162	-6.13946237678799	-9.71193393332595	-8.46139047167535	NA	-8.84199447389032	NA	-9.9260587386788	-9.81502742629005	NA	NA	NA	NA	NA	NA	NA	-9.76256000639592	NA	NA	NA	NA	NA	NA	NA	NA	NA	NA	NA	NA	NA	NA	NA	NA	NA	NA	NA	NA	NA	NA	NA	NA	NA	NA	NA	NA
NW027-1	-11.2028772877676	-1.93033721984242	NA	-2.34561399187095	-9.12195729238405	NA	NA	-13.9033170059087	NA	-4.10971369662931	NA	-8.7134924470287	-10.259460816134	-2.08373663075371	NA	-4.28952754143613	NA	NA	-5.58364488496172	NA	NA	-4.74218512292441	-5.73088949726323	-12.0959620838511	NA	NA	-4.01838335795895	NA	NA	NA	NA	NA	-9.77403398896375	NA	NA	NA	NA	NA	NA	NA	NA	-5.83992192462021	NA	NA	NA	-6.74344566913033	NA	NA	-6.55458885167764	-9.02067395654687	NA	NA	NA	NA	-7.2959866921591	NA	NA	-8.20287728776762	NA	NA	NA	NA	NA	NA	NA	NA	NA	NA
NW027-2	NA	-0.946058173448003	NA	-2.5630783211475	-9.29051261057016	NA	NA	NA	NA	-6.95831618022898	NA	-9.3429800304643	-11.5129050319066	-2.25198549824371	NA	-4.63230112781837	NA	NA	-7.13208324796568	NA	NA	-5.94812041312309	NA	NA	NA	NA	-6.0157184912739	NA	NA	NA	NA	NA	NA	NA	NA	NA	NA	NA	NA	NA	NA	-7.29051261057016	NA	NA	NA	-9.3429800304643	NA	NA	-8.26497751846303	NA	NA	NA	NA	NA	NA	NA	NA	NA	NA	NA	NA	NA	NA	NA	NA	NA	NA	NA
NW027-3	NA	-0.513468959883304	NA	-2.57375522592563	NA	NA	NA	NA	NA	-7.4548159055417	NA	-9.43344225474914	NA	-3.98045412623732	NA	-6.08349978369218	NA	NA	-6.61401450039096	NA	NA	-7.39850846463975	-8.67960284201853	NA	NA	NA	-7.06694860742833	NA	NA	NA	NA	NA	NA	NA	NA	NA	NA	NA	NA	-9.01840475547029	NA	-6.20500078873988	NA	NA	NA	-9.93594259527832	NA	NA	-9.35098009455716	-11.298512674663	NA	NA	NA	NA	-9.49115775260542	NA	NA	-11.298512674663	NA	NA	NA	NA	NA	NA	NA	NA	NA	NA
NW027-5	-11.9833499276765	-2.52274776533122	NA	-1.45057657603347	NA	NA	NA	-12.2057423490129	NA	-10.6207798482917	NA	NA	-7.24381038984643	-1.73966588761665	NA	-3.82419939782832	NA	NA	-6.9019616008358	NA	NA	-4.34672530713281	-8.19079200754693	NA	NA	NA	-9.83650853934719	NA	NA	NA	NA	NA	-11.4687767548467	NA	NA	NA	-9.98334992767646	NA	NA	-9.50530263087181	NA	-6.42876107599882	NA	NA	NA	-9.98334992767646	NA	NA	-9.62077984829175	-12.4687767548467	NA	NA	-8.93272385460649	NA	-10.3312732310968	NA	NA	-11.3312732310968	NA	NA	NA	NA	NA	NA	NA	-11.3312732310968	NA	NA
NW027-6	-11.8676219525199	-0.443630673714826	NA	-3.36512161199068	-10.5139849979052	NA	NA	NA	NA	-7.93951487100165	NA	-10.9500841127118	-11.452584453241	-4.31388600955219	NA	-4.3633546858165	NA	NA	-5.84033026085213	NA	NA	-6.1733608093079	-8.92902249718401	NA	NA	NA	-7.99315283460373	NA	NA	NA	NA	NA	-11.452584453241	NA	NA	NA	NA	NA	NA	NA	NA	-6.36158992102043	NA	NA	NA	-7.55373117669792	NA	NA	-9.64522953118342	-9.5456938576325	NA	NA	-8.14272919065423	NA	-9.23019203190457	NA	NA	NA	NA	NA	NA	NA	NA	NA	NA	NA	NA	NA
NW028-1	-1.01026271661822	-2.46573849224813	-5.27092231526411	-4.57211896856738	-5.55907967349622	NA	NA	-10.2558154228739	-5.6430697656392	-7.44846050081629	NA	-3.17189293932881	NA	NA	NA	-5.10742358298123	NA	NA	-6.26183921050167	-7.35535109642481	NA	NA	NA	-4.53334939840281	NA	NA	NA	NA	-8.1854260949825	NA	-9.84077792359505	NA	NA	NA	NA	NA	NA	NA	NA	NA	NA	NA	NA	NA	NA	NA	NA	NA	NA	NA	NA	NA	NA	NA	NA	NA	NA	NA	NA	NA	NA	NA	NA	NA	NA	NA	NA	NA
NW028-2	-1.24936330283775	-2.01758159402659	-6.27790347099536	-3.24960485914487	-4.58414994365046	NA	NA	-10.6236783078371	-5.26222184876309	-6.03205207683493	NA	-4.56478461878353	NA	NA	NA	-4.52447663012999	NA	NA	-6.1788934651642	-7.33417169064211	NA	-10.7936033092794	NA	-5.77679502159285	NA	NA	-12.2086408085583	NA	-7.9862483872218	NA	-10.2086408085583	-9.9862483872218	NA	NA	-12.2086408085583	NA	NA	NA	NA	NA	NA	NA	NA	NA	NA	NA	NA	NA	NA	NA	NA	NA	NA	NA	NA	NA	NA	NA	NA	NA	NA	NA	NA	NA	NA	NA	NA	NA
NW028-3	-1.51380278297433	-2.08639053577341	-5.48366254196253	-4.08171236364396	-4.36271019447644	NA	NA	NA	-6.27465401781124	-4.57129681628786	NA	-2.99510452519443	NA	NA	NA	-5.79466107669163	NA	NA	-4.69603304396392	-7.43511869000449	NA	NA	NA	-4.91155673394748	NA	NA	NA	NA	-7.37283441175015	NA	-8.76769402909136	NA	NA	NA	NA	NA	NA	NA	NA	NA	NA	NA	NA	NA	NA	NA	NA	NA	NA	NA	NA	NA	NA	NA	NA	NA	NA	NA	NA	NA	NA	NA	NA	NA	NA	NA	NA	NA
NW028-4	-1.54677693985448	-1.93549146569568	-7.24430719776489	-3.80753617653876	-4.8474170451963	NA	NA	NA	-5.6502136852916	-6.05768590745026	NA	-3.36422811150616	NA	NA	NA	-5.04566337920105	NA	NA	-5.42327733881021	-6.45870682834781	NA	-11.6366246205436	NA	-3.6032016190062	NA	NA	-11.6366246205436	NA	-8.67315049656876	NA	-10.1511977933734	-11.6366246205436	NA	NA	NA	NA	NA	NA	NA	NA	NA	NA	NA	NA	NA	NA	NA	NA	NA	NA	NA	NA	NA	NA	NA	NA	NA	NA	NA	NA	NA	NA	NA	NA	NA	NA	NA	NA
NW028-5	-2.16780332287709	-2.07970621199643	-8.68391802674009	-1.90809118688426	-4.83381345722315	NA	NA	NA	-7.09895552601893	-4.89018638854646	NA	-3.94742708138253	NA	NA	NA	-4.74697019727539	NA	NA	-5.13742967383357	-6.04920249082183	NA	-10.4724139215464	NA	-4.4909763725728	NA	NA	-10.4724139215464	NA	-8.64644332132142	NA	-11.1244906181261	-9.53952811740491	NA	NA	NA	NA	NA	NA	NA	NA	NA	NA	NA	NA	NA	NA	NA	NA	NA	NA	NA	NA	NA	NA	NA	-12.3468830394625	NA	NA	NA	NA	NA	NA	NA	NA	NA	NA	NA	NA
NW029-1	-2.26224367744794	-3.808190669493	-3.28350964850865	-5.6218011896049	-6.10613132721956	-1.54958450866249	-3.57193194018029	-6.23865541272439	-5.32756482858658	NA	-7.08329135086145	NA	NA	NA	-7.97421965171398	NA	-8.12156136778917	-6.20539295859264	NA	-8.8533652568396	-5.77197692999894	-7.51097305939252	NA	-12.6607201788972	NA	-6.09086457056625	-9.30316817427912	-10.9602804607561	NA	NA	NA	-10.4907951774549	NA	NA	-5.25345241465247	-7.56268809593667	NA	NA	NA	NA	NA	NA	-10.4127926654536	-7.1529255386985	NA	NA	-7.96028046075611	-11.3387920840098	NA	-12.3387920840098	-11.075757678176	-9.07575767817604	NA	NA	NA	-11.3387920840098	-12.3387920840098	NA	NA	NA	NA	NA	NA	NA	NA	NA	NA	NA
NW029-2	-1.54409118028709	-3.97054405943788	-3.14824276738699	-5.63733435954453	-6.18219009931033	-2.35621949908538	-3.4822308791057	-6.48704468083875	-5.24277625217137	NA	-5.72105618544203	NA	NA	NA	-7.16357442114298	NA	-9.94647629947605	-6.3334994225853	NA	-9.51037718466937	-6.73015839254928	-8.57450752208909	NA	NA	NA	-5.80993746652828	-9.27905163856292	-10.5745075220891	NA	NA	NA	-11.2265842186688	NA	NA	-5.40823029766192	-6.59931091308966	NA	NA	NA	NA	NA	NA	-10.5745075220891	-6.54208604439671	NA	NA	-8.90465612378142	NA	NA	NA	-10.4489766400052	-8.64162171794763	NA	NA	NA	-11.712011045839	-12.4489766400052	NA	NA	NA	NA	NA	NA	NA	NA	NA	NA	NA
NW029-3	-2.47444062740176	-3.3841545909937	-3.072932492643	-3.8668490403758	-6.53843862568999	-2.21043601639294	-3.26101879194213	-8.42718187458825	-5.03916458924311	NA	-6.3937588730508	NA	NA	NA	-8.67229437242478	NA	NA	-6.31865741781008	NA	-8.16039533389334	-6.21286275378748	-5.85353468709492	NA	NA	NA	-5.47589715962127	-8.06962986997016	-9.141779655726	NA	NA	NA	-12.4271818745882	-10.4271818745882	NA	-3.91641770667035	-9.06962986997016	NA	-12.1052537797009	-11.1052537797009	NA	-11.4271818745882	NA	NA	-9.78332568481352	-10.9677502559509	-8.90361991853123	-11.4271818745882	-10.8422193738671	NA	NA	NA	-9.03486445180948	NA	NA	NA	-10.1792543611447	-10.7267421564472	NA	-7.55681715500484	NA	NA	NA	NA	NA	NA	NA	NA	NA
NW029-5	-1.59622078610323	-3.3966461546086	-3.24054798307799	-4.17577772768775	-6.22298961169368	-2.76991815783583	-3.2657939342371	NA	-5.91509107671038	NA	-4.70551070768851	NA	NA	NA	-7.66939128188186	NA	-7.50476058010906	-6.08972308083022	NA	-8.71775430344326	-6.76779498594286	-6.50476058010906	NA	NA	NA	-6.42229841991709	-10.0072609206382	-9.65362396602355	NA	NA	-11.5922234213594	-11.5922234213594	NA	NA	-5.44586689105549	-8.92925840863697	NA	NA	NA	NA	NA	-10.369831000023	NA	-8.56247607796535	-11.8552578271932	NA	-10.369831000023	NA	NA	NA	-12.5922234213594	-9.42229841991709	NA	NA	NA	-10.369831000023	-11.5922234213594	NA	NA	NA	NA	NA	NA	NA	NA	NA	NA	NA
NW030-1	-0.80240693610443	-2.62783097466568	-4.78332448759646	-4.53664684238988	-4.05694752841845	-8.32413265871138	-4.59100913083957	-6.15762232168184	-5.22051002763723	NA	NA	NA	NA	NA	NA	-8.79125866913868	NA	NA	-5.88436807353016	-8.59331929152677	-11.0713665883314	-8.45245675568692	-10.878721510389	NA	-8.9718309147805	-8.07136658833142	-10.4192898917517	NA	-8.29375900966786	NA	-9.63079399694544	-8.87872151038902	-10.1782817922479	NA	NA	NA	NA	NA	-11.2937590096679	NA	NA	NA	NA	NA	NA	NA	NA	NA	NA	NA	NA	NA	NA	NA	NA	NA	NA	NA	NA	NA	NA	NA	NA	NA	NA	NA	NA	NA
NW030-2	-1.03812377985148	-2.22663564510379	-4.53966733950275	-5.14397518994334	-3.29423152795815	-7.66304975500804	-5.13055467418102	-6.02746118121691	-5.61865563564958	NA	NA	NA	NA	NA	NA	-8.18500245820339	NA	NA	-5.49886112311487	-7.915815825388	-11.4704046770656	-7.97855158073596	NA	NA	-8.66304975500804	-8.26095131143669	-10.0109730584283	-10.4704046770656	-7.915815825388	NA	-7.88544217634448	-7.11285267244756	NA	NA	NA	NA	NA	NA	NA	NA	NA	NA	NA	NA	NA	NA	NA	NA	NA	NA	NA	NA	NA	NA	NA	NA	NA	NA	NA	NA	NA	NA	NA	NA	NA	NA	NA	NA
NW030-4	-1.11161199061791	-2.77932659015299	-4.78146338892558	-5.06055339017523	-5.05709783153901	-7.833719626057	-4.11340527244096	-2.60837388733121	-5.20603625035123	NA	NA	NA	NA	NA	NA	-7.76445696361989	NA	NA	-5.96355706369959	-8.27260386729021	-11.4425288687325	-7.49767042292499	NA	NA	-9.95710204156229	-7.90647596849232	-11.1794944628987	NA	-9.44252886873253	NA	-9.67699412236955	-8.30502534498259	-10.3050253449826	NA	NA	NA	NA	NA	NA	NA	NA	NA	NA	NA	NA	NA	NA	NA	NA	NA	NA	NA	NA	NA	NA	NA	NA	NA	NA	NA	NA	NA	NA	NA	NA	NA	NA	NA
NW030-5-1	-0.781841402734616	-3.01044869385421	-4.02372105094725	-4.57964387871705	-3.85646523628092	-7.40276611663297	-4.34331765155223	-6.66857760713734	-5.51824333405291	NA	NA	NA	NA	NA	NA	-9.01574299352372	NA	NA	-6.93328083333175	-8.43078049280257	-9.05881171541561	-8.45934964499934	NA	NA	-7.25771578382969	-7.76335583188944	NA	NA	-10.0157429935237	NA	NA	-8.67694108007196	-9.7812777398867	NA	NA	-10.6437742161368	NA	NA	NA	NA	-11.1032058347741	NA	NA	NA	NA	NA	NA	-10.6437742161368	NA	NA	NA	NA	NA	NA	NA	NA	NA	NA	NA	NA	NA	NA	NA	NA	NA	NA	NA	NA
NW030-5-2	-1.1531343021601	-2.6910205658087	-4.45006061311333	-7.05421667906779	-5.8226526118331	-7.65211823549645	-4.35179659679846	-2.8049338860122	-6.54868864584104	-9.46925417834664	-6.46069216484321	-10.6916465996831	NA	NA	NA	-6.25424128737579	NA	NA	-8.02868158696066	-8.65211823549645	-8.65211823549645	-7.17507107394218	-12.2766091004042	NA	NA	-8.81717748176695	-8.46925417834664	NA	-8.65211823549645	NA	NA	-7.10668409896193	-8.16113188298431	NA	-4.33997116140167	NA	NA	NA	NA	NA	NA	NA	NA	NA	NA	NA	NA	-10.539643506238	NA	NA	NA	NA	NA	NA	NA	NA	NA	NA	-7.5947850604305	NA	NA	NA	NA	NA	NA	-10.0542166790678	NA	NA
NW030-6	-0.782618344584373	-3.29491323852805	-5.1575536891349	-6.18958254332753	-3.41799875229175	-8.87829296888652	-4.94880094434087	-4.09555334608316	-5.04673569850329	-11.8042923874427	NA	NA	NA	NA	NA	-10.1262204823301	NA	NA	-5.17202417194323	-8.48236429255538	-8.91676711670116	-7.28073043138573	-10.425780764189	NA	NA	-9.08182636297165	NA	NA	-9.87829296888652	NA	-10.9562954808878	-6.57163163065247	-8.42578076418901	NA	-11.5412579816089	NA	NA	NA	NA	NA	NA	NA	NA	NA	NA	NA	NA	NA	NA	NA	NA	NA	NA	NA	NA	NA	NA	NA	NA	NA	NA	NA	NA	-12.5412579816089	NA	NA	NA	NA
NW031-1	-1.62185793531232	-3.20214634109721	-3.8728687904743	-6.87992354800825	-4.96488388205542	-5.30126103564283	-5.7110466359988	-9.49345520092618	-5.25161501736151	-1.71498376672634	-6.68610027886857	-9.55234888997975	NA	NA	-7.92785802507195	NA	-9.43687167255981	NA	-6.1373113907009	-6.53739854851377	-6.68610027886857	-9.88938387725732	-8.61374943464389	NA	-7.88938387725732	-9.09291727134245	-9.27933039557333	-11.5523488899797	-9.04984854945056	NA	-10.5523488899797	-10.1373113907009	-7.27933039557333	-9.55234888997975	NA	-8.09291727134245	NA	-9.00802837375593	-10.9673863892586	NA	-10.9673863892586	NA	NA	NA	NA	NA	NA	-11.8153832958135	NA	NA	NA	NA	NA	NA	NA	NA	NA	NA	NA	NA	NA	NA	NA	NA	NA	NA	NA	NA
NW031-2	-2.04072454614494	-3.06178616167277	-4.20145451938711	-7.05349002011767	-4.75021198233798	-4.11431521281372	-5.5880546681349	-4.21249560675262	-4.58566015299452	-1.98917986055849	-6.68212299249581	-9.73421150364426	NA	NA	-7.49974625000724	NA	-8.46412234027652	NA	-5.68212299249581	-6.3138797046959	-5.38704611725788	-10.3622427262573	-7.77728022553615	-10.8216743448946	-6.98878433072986	-9.73421150364426	-8.32982124856493	NA	-8.3954095901925	NA	-8.77728022553615	-9.49974625000724	-7.29811238883759	-10.2367118441734	NA	-7.98878433072986	NA	-9.73421150364426	NA	NA	NA	NA	NA	NA	NA	NA	NA	NA	NA	NA	NA	NA	NA	NA	NA	NA	NA	NA	NA	NA	NA	NA	NA	NA	NA	NA	NA	NA
NW031-3	-1.69417154053615	-3.38482420575651	-3.31388605975289	-8.14593214582051	-5.38039739945754	-3.85683544340053	-4.42894125141558	-6.08703845676695	-4.76511036187958	-2.66965848079392	-10.4678602407079	-9.52926078537202	NA	NA	-6.06413805465687	NA	-8.40896655165431	NA	-7.94429828465087	-6.27803568182786	-4.1474357364109	-9.66050531865027	-7.98673355097126	NA	-8.59339112279174	-8.73089464654167	-8.84336937580008	-13.052822741429	-10.4678602407079	NA	NA	-9.88289773998672	-7.88289773998672	-10.8828977399867	NA	-5.26165985287402	NA	NA	-10.7308946465417	NA	-9.9653599001787	NA	NA	NA	NA	NA	NA	-10.4678602407079	NA	NA	-8.69527073681095	NA	NA	NA	NA	NA	NA	NA	NA	NA	NA	NA	NA	NA	NA	NA	NA	NA
NW031-4	-1.7620534868255	-3.55590970732089	-3.03072843492516	-6.86546924477784	-5.31013191316596	-4.79675649469382	-4.54002666571424	-4.13555840814558	-5.73116815306625	-2.25435445620071	NA	-8.55059590742443	NA	NA	-5.96092640402574	NA	-7.44166153587126	NA	-7.23433656262376	-6.72317536231272	-5.57196955821699	-8.83070382661716	-8.90109315450856	NA	-10.0530962479536	NA	-9.46813374723245	-10.9010931545086	-10.6380587486748	NA	NA	-8.79675649469382	-6.18410226010362	-9.26882493900905	NA	-6.79675649469382	NA	-10.7635896307586	-10.6380587486748	NA	-11.9010931545086	NA	NA	NA	NA	NA	NA	NA	NA	NA	-9.36504025426835	NA	NA	NA	NA	-10.4156663273383	NA	NA	NA	NA	NA	NA	NA	NA	NA	NA	NA	NA
NW031-5	-1.6673436625053	-4.79843199740949	-3.58592673098441	-7.96262062930266	-5.54115686086438	-4.1713026706082	-4.42124739712919	-2.17347517081141	-5.01731615008891	-3.77656536072062	-10.5475831300238	-10.5475831300238	NA	NA	-4.40803177762502	NA	-6.92867329737932	NA	-8.12611936158554	-8.52204803791668	-5.57686092254606	-8.92867329737932	-8.26747521083108	-11.5475831300238	-10.1070105386378	-7.9798986207345	-9.60005054991795	-10.6544983339403	NA	NA	NA	-8.4480474564729	-6.46012028877348	NA	NA	-11.0330099571941	NA	-12.0330099571941	-11.5475831300238	NA	NA	NA	NA	NA	NA	NA	NA	NA	NA	-11.0330099571941	NA	NA	NA	NA	NA	-10.4480474564729	NA	NA	NA	NA	NA	NA	NA	NA	NA	NA	NA	NA
NW032-1	NA	-0.94401127479229	NA	-5.5119137220768	-4.37811522400934	NA	NA	-2.12888661770057	-8.0744388336782	-5.15336930289992	NA	NA	NA	-7.92243574023315	NA	-3.71558416979248	NA	-9.12888661770057	NA	-8.33747323951199	-10.3698947172044	-6.34551055857741	-9.02197141378406	-6.41993539970396	NA	NA	-6.97134534071409	NA	-6.44562204336761	NA	-8.21461649172646	NA	-10.8293263358417	NA	NA	NA	NA	NA	NA	-11.2443638351205	NA	-6.32948044875846	NA	NA	NA	-9.5073982409543	NA	NA	NA	NA	NA	NA	NA	NA	NA	NA	NA	-11.2443638351205	NA	NA	NA	NA	NA	NA	NA	NA	NA	NA
NW032-2	-0.449243276303097	-2.72297610880216	NA	-7.41824487144009	-6.84450962614219	NA	NA	-9.03715470408459	NA	-4.85582493937003	NA	NA	NA	NA	NA	-5.07632530136527	NA	-8.84450962614219	-7.84450962614219	NA	NA	-7.3850780075049	-9.25954712542104	-7.48695762152411	NA	NA	NA	NA	-6.3687761951758	NA	-8.08962212397872	NA	NA	NA	NA	NA	NA	NA	NA	NA	NA	NA	NA	NA	NA	NA	NA	NA	NA	NA	NA	NA	NA	NA	NA	NA	NA	NA	NA	NA	NA	NA	NA	NA	NA	NA	NA	NA
NW032-3	-0.975066707860246	-2.16611942012491	NA	-11.4714211964249	-4.45833119698442	NA	NA	-3.77098147828377	-5.52500223662971	-6.78025929187178	NA	NA	NA	NA	-4.5867418799065	-6.67267940467196	NA	-6.2298352098551	NA	-7.80845618370243	-5.64699276100832	-9.41252750737129	-8.19840270201844	NA	NA	-6.24260250592898	-10.1494931015375	NA	-7.75260294896891	NA	-9.19840270201844	-9.96892085589568	-8.32846324258282	NA	NA	NA	NA	NA	NA	NA	NA	NA	NA	NA	NA	NA	NA	NA	NA	NA	NA	NA	NA	NA	NA	NA	NA	NA	NA	NA	NA	NA	NA	NA	NA	NA	NA	NA
NW032-4-1	-0.909840375999763	-2.23448378445277	NA	-8.31972462554316	-4.24514750068832	NA	NA	-4.72223502694584	-6.6852934485577	-6.14607653805813	NA	NA	NA	-11.4240612853579	-4.14236303525906	-5.86334633088341	NA	-6.41059902555133	NA	-8.11663276016565	-6.15353234297717	-7.47920283955035	-8.81525204268237	-9.19140052856762	NA	-6.69070694474406	-9.49806186680167	NA	-7.28655776160796	NA	-9.04554966210416	-9.13127953613005	-8.86334633088341	NA	NA	NA	NA	NA	NA	-10.4240612853579	NA	NA	NA	NA	NA	-10.8390987846367	NA	NA	NA	NA	NA	NA	NA	NA	NA	NA	NA	NA	NA	NA	NA	NA	NA	NA	NA	NA	NA	NA
NW032-4-2	-0.879045655449594	-2.58627676899466	NA	-7.41505653809749	-4.53837367869913	NA	NA	-3.92320344176781	-6.71162056749648	-6.70564666645184	NA	NA	NA	-11.4545849022841	-4.02366778933914	-5.75106579121106	NA	-6.04330932180148	-12.6245099037264	-8.10094794766942	-5.82361000380613	-7.61328264830318	-8.79161988956169	-6.8107287125094	NA	-6.30258180883907	-10.0395474030053	NA	-8.16507828508914	NA	-10.2321924809477	-11.1650782850891	-8.23219248094768	NA	NA	NA	NA	NA	-13.0395474030053	NA	NA	NA	NA	NA	NA	-11.6245099037264	NA	NA	NA	NA	NA	NA	NA	NA	NA	NA	NA	NA	NA	NA	NA	NA	-11.3025818088391	NA	NA	NA	NA	NA
NW032-4-3	-0.831209395517367	-2.71250698155589	NA	-7.87607521507322	-4.18444465305558	NA	NA	-4.23845996527264	-6.26030666757089	-6.63307251406148	NA	NA	NA	-10.9950162877967	-4.15817692804801	-6.13703529266915	NA	-6.64186946229864	NA	-8.50316319146705	-4.91286724644285	-8.26709583323353	-9.18766136573912	-7.22022922819555	NA	-6.18444465305558	-10.9075534465464	NA	-8.24012878563326	NA	-9.82509128635441	-9.86573327085176	-9.86573327085176	NA	NA	NA	NA	NA	NA	NA	NA	NA	NA	NA	NA	-11.8250912863544	NA	NA	NA	NA	NA	NA	NA	NA	NA	NA	NA	NA	NA	NA	NA	NA	-10.7470887743531	NA	NA	NA	NA	NA
NW032-5	-1.52478087145701	-1.39380382170094	NA	-8.9411744342847	-4.51781207035493	NA	NA	-4.18365066817911	-6.8380809413206	-4.6941846492075	NA	-11.4736695151117	NA	-10.3268281267825	-5.16858493038778	-5.73606000438009	NA	-6.58753747967	-11.6960619364482	-8.95909634228197	-6.88014500088714	-6.28384495623171	-7.95010755905471	-7.40450749060433	NA	-6.74964297665302	-8.97724368899223	NA	-6.89300715182419	NA	-8.5128401123924	-9.99562221830708	-8.43553438622495	NA	NA	NA	NA	NA	NA	-7.8463962095326	NA	NA	NA	NA	NA	-10.8887070143906	NA	NA	NA	NA	NA	NA	NA	NA	-10.3741338415608	NA	NA	NA	NA	NA	NA	NA	-12.6960619364482	-13.6960619364482	NA	NA	NA	NA
NW033-1	-0.747328997001102	-2.65445728847323	-4.03218466395247	-5.58961398091748	-5.54134087023895	NA	-8.08214904135387	NA	-6.0183523907729	-8.65945796953159	NA	-4.4705748103854	NA	-11.1773062743942	-5.49463083572896	-4.90033596171322	NA	NA	-8.93629817489042	-8.42728452740256	NA	-7.43706554819514	-10.5492750517812	-9.35133567416926	NA	NA	-8.16100446206511	NA	-10.9362981748904	NA	NA	-10.1131759369745	-9.88185039086804	NA	NA	NA	NA	NA	NA	NA	NA	NA	NA	NA	NA	-11.1773062743942	NA	NA	NA	NA	NA	NA	NA	NA	NA	NA	NA	NA	NA	NA	NA	NA	NA	NA	NA	NA	NA	NA
NW033-2	-1.09800241317119	-1.92280758512559	-3.57328914457943	-6.24746923443507	-6.50851508717541	NA	-5.50256582084422	NA	-5.10319777783126	-9.25745332300769	NA	-4.49664098688712	NA	NA	-5.38025441233598	-5.58817453635306	NA	NA	-8.33991548319967	-8.31885386767184	-11.8424158237288	-7.68591133804886	-10.1054502295626	NA	NA	NA	-8.31885386767184	NA	-10.7269386063089	NA	NA	-9.14197610558776	-9.56939732932243	NA	NA	NA	NA	NA	NA	NA	NA	NA	NA	NA	NA	NA	NA	NA	NA	NA	NA	NA	NA	NA	NA	NA	NA	NA	NA	NA	NA	NA	NA	NA	NA	NA	NA	NA
NW033-3	-2.37249890928505	-1.4358475042041	-3.86217381914776	-1.62669969360148	-8.17092652528738	NA	-9.63035814392468	NA	-7.36732373809089	NA	NA	-11.3673237380909	NA	NA	-8.17092652528738	-8.55996881603328	NA	NA	-5.40925441855681	NA	NA	NA	NA	NA	NA	NA	-10.3673237380909	NA	-8.70435872536846	NA	NA	-10.4928546201747	NA	NA	NA	NA	NA	NA	NA	NA	NA	NA	NA	NA	NA	NA	NA	NA	NA	NA	NA	NA	NA	NA	NA	NA	NA	NA	NA	NA	NA	NA	NA	NA	NA	NA	NA	NA
NW033-4	-5.84819550178424	-1.21045351522439	-7.10488838074421	-0.983436658884039	-9.76785339346664	NA	NA	NA	-8.28242656629639	-9.15118203301814	NA	-7.6523761760467	NA	NA	-10.8673890670175	-7.28242656629639	NA	NA	-5.94682353451195	NA	NA	-8.6303498697167	NA	NA	NA	NA	-10.5048189876328	NA	NA	NA	NA	NA	NA	NA	NA	NA	NA	NA	NA	NA	NA	NA	NA	NA	NA	NA	NA	NA	NA	NA	NA	NA	NA	NA	NA	NA	NA	NA	NA	NA	NA	NA	NA	NA	NA	NA	NA	NA
NW033-5	-0.828496986411132	-2.11793479981748	-3.76297401142224	-5.01304822764964	-4.76652890859886	NA	-8.8050030564135	NA	-6.04291286809168	-8.71067567386535	NA	-8.25956891987898	NA	-8.94836723158468	-6.14409170245905	-6.19427745962726	NA	NA	-9.76652890859886	-9.13181337268061	NA	-8.18156640787771	-10.3140167039014	NA	NA	NA	-8.14409170245905	NA	-12.0144564220424	NA	NA	-10.1564754269149	-11.1075658264339	NA	NA	NA	NA	NA	NA	NA	NA	NA	NA	NA	NA	NA	NA	NA	NA	NA	NA	NA	NA	NA	NA	NA	NA	NA	NA	NA	NA	NA	NA	NA	NA	NA	NA	NA
NW034-1	-1.77935753566067	-2.49387385483691	-2.49339998554676	-8.55783185814176	-4.43535937331369	NA	-4.07978456133711	NA	-5.37562852692101	-5.80353165297028	-8.70807449372237	NA	NA	-8.70807449372237	NA	-6.74821388457559	NA	-8.09984221367837	-13.4806639976193	-5.66688280640226	-13.0656264983405	-7.99953730788268	-3.20803421264293	-6.95710204156229	-5.64988473005037	-7.6733090755617	-10.021232378982	-8.45091665422525	-9.31073899617699	NA	-9.33770604377726	-7.73470962022584	-10.6061948797032	-7.27772393894902	NA	-13.0656264983405	NA	NA	-10.4217703085657	NA	NA	NA	NA	NA	NA	NA	NA	NA	NA	NA	NA	NA	NA	NA	NA	NA	NA	NA	NA	NA	NA	-10.1114301879536	-10.9781636570901	NA	NA	NA	NA	NA
NW034-2-1	-2.32524350952647	-2.74246431162957	-2.21654290529795	-8.70731249046825	-4.5073749199595	NA	-4.09419502514704	NA	-6.30943554234759	-5.32430881882912	-5.416919969014	NA	NA	-9.52444843331844	NA	-5.72200900167496	NA	-7.65937801340455	-10.0587848609696	-6.01589904811646	-13.331803355376	-9.78748283915224	-2.48422395570895	-8.63136363723495	-5.20423885565738	-9.74684085465489	-12.331803355376	-9.188845401534	-7.23728575659176	NA	-8.42491275976753	-9.78748283915224	-11.331803355376	-9.70731249046825	NA	NA	NA	NA	-9.66883834265362	-9.39320390004019	NA	NA	NA	NA	NA	NA	NA	NA	NA	NA	NA	NA	NA	NA	NA	NA	NA	NA	NA	NA	NA	-11.1094109340396	-11.9167658560972	NA	NA	NA	NA	NA
NW034-2-2	-2.01557175990167	-2.8341531776729	-2.50442560276311	-8.39665288143828	-4.42530308619503	NA	-3.77435422944415	NA	-4.68503423920418	-6.49734688105775	-7.86115905698142	NA	NA	-8.48006888962592	NA	-8.14446585784148	NA	-7.62445879896109	NA	-5.60325963325526	-11.5504582175173	-7.42944281655595	-2.78757792460032	-11.4129546937674	-4.55384350270196	-7.08448375301325	-10.9654957167962	-10.4129546937674	-7.88370162563251	NA	-8.28742381168352	-7.09102659888002	-9.74310329545971	-7.4715068761225	NA	NA	NA	NA	-9.03949629823994	NA	NA	NA	NA	NA	NA	NA	NA	NA	NA	NA	NA	NA	NA	NA	NA	NA	NA	NA	NA	NA	NA	-9.96549571679616	-11.1719465942636	NA	NA	NA	NA	NA
NW034-3	-1.36930822180119	-2.89506333792186	-2.62920873735397	-9.52044010708893	-4.86482807556452	NA	-4.34869467002225	NA	-6.24177946610574	-8.77041836009728	-7.55360697102413	NA	NA	-9.27943200758513	NA	-7.21832049328175	NA	-8.2116874009493	NA	-6.13124878529689	-11.9798717257262	-9.09722867636438	-2.90405834826477	-11.1725168036686	-4.84801476511743	-8.58755430294747	-11.1725168036686	-11.3949092250051	-8.45630976966921	NA	-10.1725168036686	-8.62231972110814	-12.9798717257262	-8.71308518503132	NA	NA	NA	NA	-9.48801862939655	-12.9798717257262	NA	NA	NA	NA	NA	NA	NA	NA	NA	NA	NA	NA	NA	NA	NA	NA	NA	NA	NA	NA	NA	-10.7319442122826	-12.1725168036686	NA	NA	NA	NA	NA
NW034-4	-2.19735330952431	-1.90998452719636	-3.03791019118192	-11.5836469446753	-4.78663396683916	NA	-4.54034619031112	NA	-6.79705058278449	-7.03521031997926	-4.05304553015847	NA	NA	-7.7762920226177	NA	-6.60636702117539	NA	-6.40572915247946	-8.38201308350565	-6.28718953730406	NA	-9.38201308350565	-3.08699286208181	NA	-5.07585230447661	-7.49618410342496	-12.0982201175051	-7.02905809299766	-7.25452334838374	NA	-8.60179429138556	-8.15068753739919	-11.0982201175051	-7.95137872917579	NA	NA	NA	NA	-10.0982201175051	-6.07902655227175	NA	NA	NA	NA	NA	NA	NA	NA	NA	NA	NA	NA	NA	NA	NA	NA	NA	NA	NA	NA	NA	NA	-12.3206125388415	NA	NA	NA	NA	NA
NW034-5	-2.03763883481424	-2.6719020111388	-2.46197302754082	-7.9718554157689	-4.57369173505445	NA	-4.64100800319302	NA	-6.04350345687746	-5.5012832395264	-6.20172295766749	NA	NA	-9.22819516902869	NA	-6.7256948284995	NA	-8.60804323984523	-9.85379965424719	-7.07619207558364	-12.1757277491346	-9.07619207558364	-2.51930288585677	-10.5236510525549	-4.65440774386421	-9.00580274769224	NA	-7.01729838653007	-6.86934050514297	NA	-8.13759262024778	-8.16290370877697	NA	-7.30360257168671	NA	NA	NA	NA	-10.8956198299418	-6.73515515774857	NA	NA	NA	NA	NA	-11.8131576697498	NA	NA	NA	NA	NA	NA	NA	NA	-11.6611545763048	NA	NA	NA	NA	NA	NA	NA	NA	NA	NA	NA	NA	NA
NW035-1	-4.16295401966258	-2.83848223612174	-4.88234698438083	-7.37267261096391	-4.71747657254004	-6.1088205825291	-4.10372091288226	-3.15396523643532	-4.34232452009465	-5.01201212158784	-7.81745745363681	-3.32501077777155	NA	-7.15449244091438	NA	-6.02545049591264	-3.23528061711554	-5.97243211361315	NA	-6.05270870295707	-5.20165754899306	-4.20602274155446	-8.2147929511822	-7.17146551951809	NA	-7.60656067113819	-5.99869776830696	-4.5265852944176	NA	NA	-9.28694273693803	-7.75216599338509	-9.66545436019176	-5.81745745363681	NA	-8.73945494163554	NA	-7.56111770037703	-7.75216599338509	NA	-8.95763511168507	NA	NA	NA	NA	NA	NA	NA	NA	NA	NA	-10.7649900337427	NA	NA	NA	-10.9873824550791	-9.98738245507912	NA	NA	NA	NA	NA	NA	NA	NA	NA	NA	NA
NW035-2	-3.11382275044861	-2.71855563324445	-5.04994405738088	-6.5165118572998	-4.61137104364125	-4.76389299882211	-4.40103463987987	-3.61604753085072	-3.58133787656307	-6.77430961476745	-5.61604753085072	-3.33593961165798	NA	-7.1685885538795	NA	-5.06265510913043	-3.99256979452451	-5.9759434759371	-10.8828340715456	-5.30163348962066	-4.95209673398274	-5.38298818446242	-8.9759434759371	-9.9759434759371	NA	-7.12794656938215	-5.89414938477346	-6.29787157082446	-11.5609059766583	NA	-9.71290907010331	-7.79537123029528	-9.63490655810203	-6.10804701194445	NA	-10.1823943534045	NA	-7.39098097521595	-9.12794656938215	NA	-8.29787157082446	NA	NA	NA	NA	NA	NA	NA	NA	NA	NA	NA	NA	NA	NA	-11.2978715708245	-9.49051664876686	NA	NA	NA	NA	NA	NA	NA	NA	NA	NA	NA
NW035-4-1	-3.70844509508737	-3.31955665899032	-5.07585846912872	-7.2313020938663	-4.84439816727391	-4.16110575574723	-4.06679058861035	-2.96936566165525	-3.8160113346832	-6.07404032768974	-7.74125124017061	-3.80541436648659	NA	-4.9061356249124	NA	-4.17662918773363	-4.03196060444726	-5.61692310516841	-11.8996806027751	-6.82439247547086	-5.24965464576016	-4.57260920461177	-10.1220730241115	-6.63021992778187	NA	-8.09232568071749	-6.99279000716658	-4.67086191227922	NA	NA	-10.6195726835824	-8.2807707701306	-9.12207302411155	-5.79414618860274	NA	-8.92567581130804	-13.1220730241115	-7.8366708052493	-8.61957268358236	NA	-8.7070355248327	NA	NA	-11.3851074299453	NA	NA	-11.1220730241115	NA	NA	NA	NA	NA	NA	NA	NA	-10.8996806027751	-9.80014492922418	NA	NA	NA	NA	NA	NA	NA	NA	NA	NA	NA
NW035-4-2	-2.9317508220028	-3.33099161904127	-4.96767891595102	-6.56098071758491	-5.19458247398328	-4.67345544684332	-4.02926023814073	-2.46579012010519	-4.75901234207436	-6.99707983239158	-4.52382771916744	-3.90264503053353	-10.236545767087	-5.27718775158432	NA	-4.05553158698285	-4.78808526627068	-5.6449195360848	-10.4995801729208	-7.35118833302809	-5.6449195360848	-4.98440600235647	-10.0141533457505	-7.62511105500462	-11.236545767087	-7.23654576708697	-7.89867612833059	-6.11645192159667	NA	NA	-9.70603105038819	-8.45227445814241	-9.1585432550857	-6.38410295550083	-10.236545767087	-9.76261457875456	-8.67855031396608	-8.27718775158432	-10.236545767087	NA	-8.82150826780813	NA	NA	NA	NA	NA	NA	NA	NA	NA	-11.236545767087	NA	NA	NA	NA	-12.0845426736419	-9.88290881247227	NA	NA	NA	NA	NA	NA	NA	NA	NA	NA	NA
NW035-5	-4.79706336094188	-3.24420403784763	-5.69696752623429	-7.23563637468151	-4.51202033417432	-4.31163653377163	-4.96786404984105	-3.00216806397097	-3.66594063061366	-5.67878751016927	-7.46564198012783	-3.16841432586879	NA	-4.89559889924241	NA	-3.30714137508286	-4.27021660639165	-6.32975855204606	-9.99813706095485	-6.52008976415021	-5.57667329251657	-4.69566132873366	-9.37922722831036	-7.23563637468151	-11.3460603643752	-7.68655091028895	-7.15444029183353	-5.67620896606749	NA	NA	-10.9981370609549	-8.26633317190442	-8.69696752623429	-5.1944671857051	-6.68655091028895	-10.8986013874039	NA	-7.55756446956887	-8.71802914176212	NA	-8.69696752623429	NA	NA	-12.8054919830125	NA	NA	NA	NA	NA	NA	NA	NA	NA	NA	NA	-11.1050522648714	-9.10505226487136	NA	NA	NA	NA	NA	NA	NA	NA	NA	NA	NA
NW036-1	-0.866302828610739	-2.42323549001063	-3.50650504828008	NA	-4.45819711391235	NA	-4.92589356246376	-6.15186587407601	-6.94207348951919	-5.96393292348293	NA	NA	NA	NA	NA	-9.13937492989281	-9.67542783013302	-4.87841485229687	NA	-8.7494284115768	-9.09046532941186	-9.35349973524566	-7.90989308377004	NA	NA	-6.90989308377004	-9.13937492989281	NA	-9.67542783013302	NA	-10.675427830133	NA	NA	NA	NA	NA	NA	NA	NA	-9.67542783013302	NA	NA	-11.1900010029628	NA	NA	NA	NA	NA	NA	NA	NA	NA	NA	NA	NA	NA	NA	NA	NA	NA	NA	NA	NA	NA	NA	NA	NA	NA
NW036-2	-1.25611007628396	-2.08874761846524	-3.47860225181515	NA	-3.61470984411521	NA	-4.8950370345358	-4.80823220699853	-5.75651717045437	-7.16929869579285	NA	-10.3213017892379	NA	NA	NA	-6.10752249820616	-9.24329927723662	-5.01549335971381	NA	-7.44683267132175	-8.96766483462319	-7.53703048029333	-8.20582457181796	NA	NA	-6.93663793900257	-8.49122679068021	NA	-8.73633928851674	NA	-8.79078707253912	NA	NA	NA	NA	NA	NA	NA	NA	NA	NA	NA	NA	NA	NA	NA	NA	NA	NA	NA	NA	NA	NA	NA	NA	NA	NA	-11.9062642899591	NA	NA	NA	NA	NA	NA	NA	NA	NA	NA
NW036-3	-1.58698187023426	-1.62678691582726	-4.32900828907702	NA	-4.08770309421779	NA	-4.29560003050545	-4.05858942605271	-5.73698160978602	-6.11242148942177	NA	-11.414541103229	NA	-7.63556798254117	NA	-5.7680642132951	-7.76544826508808	-4.78916433406189	NA	-7.04108270770151	-9.23011653209153	-8.09261300834159	-7.99132967250441	NA	NA	-11.8739727218663	-8.14605226730305	NA	-8.36617808166756	NA	-9.55204462697889	-10.7040477204239	-11.414541103229	NA	NA	NA	NA	NA	NA	NA	NA	NA	NA	NA	NA	NA	NA	NA	NA	NA	NA	NA	-12.8739727218663	NA	NA	NA	NA	NA	NA	NA	NA	NA	NA	NA	NA	NA	NA	NA
NW036-4	-1.35780083523684	-1.80354488368097	-4.30504193235537	NA	-3.51124061245464	NA	-4.59294644495385	-5.32086689951705	-5.11370899187576	-7.55034874563982	NA	-11.8233672400462	NA	-9.82336724004623	NA	-7.16992500144231	-8.76447355099267	-4.39152145308084	NA	-7.99893880462969	-9.23840473932508	-8.65344223860392	-7.4425454561053	NA	NA	-7.43104981726747	-9.01601231798863	NA	-9.82336724004623	NA	-8.91647664443772	-12.08640164588	NA	NA	NA	NA	NA	NA	NA	NA	NA	NA	NA	NA	NA	NA	NA	NA	NA	NA	NA	NA	-11.6009748187098	NA	NA	NA	NA	-10.1604022273238	NA	NA	NA	NA	NA	NA	NA	NA	NA	NA
NW036-5	-1.5557572638178	-1.43846274363731	-4.48589124619742	-8.82955286303206	-4.34113885066916	NA	-5.33769976670239	-4.21274149627157	-6.53887570212914	-5.22964002084494	NA	-11.4669827836474	NA	NA	NA	-8.05194528436851	-8.40808909459379	-4.57621185340212	NA	-7.93646806694858	-7.70617044752678	-8.75426473572783	-7.25320349261562	NA	NA	-10.8295528630321	-7.93646806694858	NA	-8.16117435412327	NA	-9.05194528436851	-10.1133458290327	NA	NA	NA	NA	NA	NA	NA	NA	NA	NA	NA	NA	NA	NA	NA	NA	NA	NA	NA	NA	-12.3149796902023	NA	-10.9364680669486	NA	NA	-11.6369077850897	NA	NA	NA	NA	NA	NA	NA	NA	NA	NA
NW038-1	-3.28276448214615	-2.02385977978872	-4.30836755055508	NA	-3.86392541270745	-5.43660154010077	-4.12544199089899	-6.94192792470872	-5.13457300265112	NA	-2.0227997539946	NA	NA	NA	-5.48833718466048	NA	-9.14837880217615	-5.19298968887644	NA	-9.30449800409343	-7.0075162663363	-5.28403390153371	-10.5268904254299	NA	-6.958047590072	-7.24395646215838	-5.87153859681732	-5.41697273335184	-10.111852926151	NA	-8.60089100687365	-10.7333413028973	NA	-10.4337810210384	NA	-7.84881852031724	NA	-7.71953550337227	-8.16699448034349	NA	-9.57580002591082	NA	-8.62642609898079	-10.111852926151	-9.67889351887493	NA	NA	NA	NA	NA	-11.4337810210384	NA	-8.43378102103839	-11.4337810210384	NA	NA	NA	NA	NA	NA	NA	NA	NA	NA	NA	NA	NA	NA
NW038-2	-3.14323317642376	-2.02074470595577	-4.69255304072151	NA	-3.53315321914191	-5.42652549057574	-3.34126288620281	-5.46439367616618	-4.47016061938506	-12.0189825278438	-3.39876270233633	NA	NA	NA	-5.29106207328062	-9.62666510506506	-7.18609251367907	-5.52712943151414	NA	-7.95289333738604	-5.52712943151414	-4.68136062585131	-9.21162760578621	NA	-8.43402002712266	-6.55955090920652	-4.94216693079299	-5.01898252784382	-8.4954205717868	NA	-7.86923540833913	-9.93151968659348	-10.1120919322353	-9.77105501440023	NA	-7.64394309649689	NA	-8.31854280970272	-7.80952916221487	NA	-10.6970544329565	NA	-8.13633947848198	-8.8490575264015	-11.0189825278438	NA	NA	NA	NA	NA	NA	NA	-9.16100153271624	-10.4340200271227	NA	NA	NA	NA	NA	NA	NA	NA	NA	NA	NA	NA	NA	NA
NW038-3	-3.1232185206119	-2.4247507160569	-4.15927986630578	-6.91256668591196	-3.9631156280754	-4.03300177801335	-2.86843437492749	-5.50836841899458	-4.59236740494135	NA	-3.34498626341904	NA	NA	-10.7113084776649	-5.33048669372393	NA	-7.65241478861129	-5.772709022329	-11.296270978386	-8.80441788205634	-6.43208483373173	-4.31756051927966	-8.65241478861129	NA	-8.43828998325844	-6.27946269069946	-6.01086875952377	-5.07710245792385	-8.97434288349865	NA	-7.80441788205634	-8.97434288349865	-11.9743428834987	-8.20880813713567	NA	-10.7113084776649	NA	-8.43828998325844	-8.68156113427081	NA	-10.4889160563284	NA	-7.62384563641452	-9.34207466799914	-8.772709022329	NA	NA	-10.9743428834987	NA	NA	NA	NA	-7.45078092744164	-11.4889160563284	NA	NA	NA	NA	NA	-12.7113084776649	NA	NA	NA	NA	NA	NA	NA	NA
NW038-4	-3.14046413442746	-2.40670686612515	-3.5439446022839	-11.320925875298	-3.7384702301874	-3.96044453964123	-2.82063724000173	-5.64850053332649	-5.05205902416204	NA	-3.87154792132461	NA	NA	NA	-4.71606381713912	NA	-6.97515103845626	-5.86149425666069	NA	-8.031419258103	-5.70949116321564	-4.39941549041669	-8.46848306371184	NA	-9.32092587529799	-7.12452866249448	-6.0151174457739	-5.19393466986101	-9.68349595468269	NA	-8.79041115859921	-9.58396028113178	-10.2429233632967	-8.40338803548996	NA	-7.59603311343235	NA	-9.09853345396154	-8.15100087385567	NA	-9.68349595468269	NA	NA	-9.36156785979533	-10.6834959546827	NA	NA	-10.5839602811318	NA	NA	NA	NA	-9.20544865787805	-12.4908508767403	NA	NA	NA	NA	NA	NA	NA	NA	NA	NA	NA	NA	NA	NA
NW038-5	-2.79445167100944	-1.4850974659906	-4.36458675405296	-12.713314908284	-4.17286393852188	-5.13085926317346	-3.27244574067317	-6.5978376908641	-4.79843152192199	-11.2982774090052	-5.44965446857586	NA	NA	-9.44029641387762	-4.90595998622643	-10.3913868133967	-6.95842740612057	-8.08882404337624	NA	-7.33249312434311	-6.20024532604467	-3.99678121402264	-11.1283524075629	NA	-11.4909224869476	-7.44029641387762	-5.28146912131864	-6.91457311653114	-9.01287519014294	NA	-7.69836456681807	-9.49092248694759	-8.8388457903679	-9.77471545294818	NA	NA	NA	NA	-8.05034989556161	-11.9763493141178	-8.8720126543031	NA	NA	NA	-8.06945871850931	-11.9763493141178	NA	-10.4909224869476	NA	NA	NA	NA	-11.2982774090052	NA	NA	NA	NA	NA	NA	NA	NA	NA	NA	NA	NA	NA	NA	NA
NW040-1	-1.8195079686998	-2.28432664961579	-3.69728982065678	-3.50699587353193	-5.25596102355901	-6.57139048114763	-5.03589665669077	-4.3623752916924	-5.73424095682967	-11.4621614113929	-3.94777610171083	NA	-10.1402333165055	-9.65480648933527	NA	NA	-7.15230614880608	-8.49253506043639	-7.26576419858937	-5.85236705769178	-7.91784089516906	-6.43241406799882	-9.14023331650551	-11.7251958172267	-7.74334316393692	-5.89737679260934	-5.87719891067171	-4.7117335574201	-10.4621614113929	-9.87719891067171	-8.87719891067171	NA	-7.98103472165625	-10.8771989106717	NA	-10.4621614113929	NA	-8.68957190749594	-9.58769229347673	NA	NA	NA	-9.00272979275557	-9.34668419397293	NA	NA	NA	NA	NA	NA	NA	NA	NA	-12.4621614113929	NA	NA	NA	NA	NA	NA	NA	NA	NA	NA	NA	NA	NA	NA
NW040-2-1	-1.98418592688869	-2.22221319342878	-3.99608765627968	-4.57127741825366	-4.0599951492379	-5.28110688248235	-4.79610682503594	-9.06770324437316	-4.53342815710085	NA	-4.15943930735595	NA	NA	-9.5531300715434	-9.33900526619055	NA	-7.13089707086035	-6.7623580336814	-7.08846180453996	-4.99731391648176	-5.9023655124265	-7.30216849801018	-9.19698626131813	-9.15259214195967	-7.21970633781821	-5.74990303510847	-5.79610682503594	-4.92319066210386	-9.24278995093125	-10.3896313392605	-8.31434321195628	-9.67342430526111	-7.5531300715434	-10.7375546426808	NA	-8.19698626131813	NA	-6.96816757082224	-8.44209875915466	NA	-9.15259214195967	NA	-8.52456091934663	-8.08846180453996	NA	NA	-7.30216849801018	NA	NA	NA	-11.1969862613181	NA	NA	-8.36409624715338	NA	NA	NA	NA	NA	NA	NA	NA	NA	NA	NA	NA	NA	NA
NW040-2-2	-2.30308708919705	-1.86516010086133	-3.0176179782499	-3.87797554374363	-4.3616547086276	-5.88674575337136	-4.70859037207034	-5.54694401972209	-5.38355562318482	-10.3267599181814	-4.46877892305384	NA	-10.8292602587106	-11.8292602587106	-9.3698286400733	NA	-6.21455041459539	-7.77036656965703	-6.84436715110081	-6.73474265992631	-7.27467140703296	-7.71378304129066	-10.3267599181814	-10.021905336653	-8.20476939380281	-6.34276039687513	-5.89852292114771	-5.15447949574097	-10.021905336653	-8.65933525726829	-10.021905336653	-9.60686783737415	-7.81430991724463	NA	NA	-10.3267599181814	NA	-8.92236966310208	-9.95479114079446	NA	NA	NA	-7.34813356897398	-9.32675991818142	NA	NA	-9.021905336653	-11.8292602587106	NA	NA	NA	NA	NA	-11.0922946645444	NA	NA	NA	NA	NA	NA	NA	NA	NA	NA	NA	NA	NA	NA
NW040-3	-2.55326660228178	-3.3150878458457	-2.91140654398545	-3.0985352284167	-4.94372607883996	-5.30990494815636	-4.07197016758702	-2.93287225382855	-5.43974238579895	NA	-7.24064228571925	NA	-11.6556797849981	-7.71708032966224	-9.0311889200903	NA	-5.35494591237986	-6.67839986149818	-9.38266129059168	-6.41409379842834	-5.42046332330406	-6.8569379932452	-8.01182359522337	-10.0707172842769	-8.62593244160404	-6.46585522611808	-6.1799463540317	-4.08835744341267	NA	NA	NA	-10.2406422857193	-6.99271477227567	NA	NA	-9.59678609594453	-10.6556797849981	-7.6556797849981	-10.9187141908319	NA	NA	NA	-10.0707172842769	-7.59678609594453	NA	-13.2406422857193	NA	-11.2406422857193	NA	NA	-10.5402025675782	NA	NA	NA	NA	NA	NA	NA	-10.9187141908319	NA	-11.9187141908319	NA	NA	NA	NA	NA	NA	NA
NW041-1	-1.91635539974438	-2.23594118510964	-2.18368274544921	-12.9891579342886	-5.06236778124237	-8.3646670693808	-3.26407575536224	NA	-5.69147738564791	-11.9891579342886	NA	-3.96401837201008	NA	NA	-5.92666200855483	-9.2887182161475	-5.49197139365588	-6.08226733868007	NA	-7.17324099872756	NA	-10.5741204350097	-11.9891579342886	NA	-7.38429587612973	-7.11468881637245	NA	NA	-12.5741204350097	NA	-11.7667655129521	-9.14785568030765	-9.2887182161475	NA	NA	-10.4866575937594	NA	NA	NA	NA	NA	NA	-12.5741204350097	NA	NA	-12.2521923401224	NA	NA	NA	NA	NA	NA	NA	NA	NA	NA	NA	NA	NA	-10.1146888163725	NA	NA	NA	NA	NA	NA	NA	NA
NW041-2	-1.32401589304369	-1.86589982410508	-4.6842154449681	-8.25958278890807	-4.54159486955613	-9.19545245148835	-4.57563119355555	NA	-4.81814759956462	-7.6104899507672	NA	-4.2402447880696	NA	NA	-5.94752493804477	-8.30962347140767	-5.40386484528907	-5.37693973954623	NA	-7.89883544513018	-9.71901440754537	-8.88612439338062	-11.1340519068242	NA	-7.88612439338063	-7.30962347140767	-8.99109395298217	NA	-9.50956104191642	NA	-10.0185746894043	-6.75323012288328	-8.83637135818353	NA	NA	NA	NA	NA	-11.5490894061031	NA	NA	NA	NA	NA	NA	-9.54908940610305	NA	NA	NA	NA	NA	NA	NA	NA	NA	-10.1340519068242	NA	NA	NA	NA	NA	NA	NA	-12.397086312658	NA	NA	NA	NA
NW042-1	-4.13504418695628	-2.73828085914633	-3.62607566952366	-5.55677633880913	-3.86340824659998	-1.24878309170851	-3.64973663513982	-12.5680035942324	-6.46366693441765	-8.1484647027186	NA	-8.74018456961506	NA	-11.8899316891197	NA	NA	NA	-7.24607549934502	NA	-8.18949197097865	-9.39807859279007	-5.76839817177971	-6.42232613903675	-8.21750634714825	-9.057041674955	-7.51489225777282	-8.18949197097865	-8.72000668767743	-8.80246884786941	NA	-9.24607549934502	-8.48054075298204	-8.20343116193653	-6.989064881139	-5.34689986886451	-9.84553756976129	NA	-13.3049691883986	NA	NA	-11.8899316891197	NA	NA	NA	NA	NA	NA	-11.8899316891197	NA	NA	NA	NA	NA	NA	NA	NA	NA	NA	-11.3049691883986	NA	-11.5680035942324	NA	-11.7200066876774	-12.8899316891197	NA	-10.3049691883986	NA	NA
NW042-3	-3.55486506973646	-1.33678874455956	-3.16797672965279	-5.55257568278544	-4.65363721056731	-2.96456630650542	-3.63575569100361	-10.4382720561248	-6.3402399731643	-9.26834705468252	NA	-11.8533095554037	NA	-4.20106209536981	NA	NA	NA	-7.3402399731643	NA	-8.41590424309638	-9.26834705468252	-5.7872203649459	-7.72402653845871	-7.86841644779388	-8.71035160156163	-7.6700877313479	-8.32974759934666	-11.1163439612375	-7.8383592139377	NA	-8.76584671415334	-8.30898903917987	-8.97884043748753	-8.41590424309638	-7.79441586635011	NA	NA	NA	NA	NA	NA	NA	-11.1163439612375	NA	NA	NA	NA	-12.1163439612375	NA	NA	NA	NA	NA	NA	NA	NA	NA	NA	NA	NA	NA	NA	NA	-12.1163439612375	NA	NA	NA	NA
NW042-4	-5.21569937177385	-2.02607311694778	-4.31041802902699	-8.21088235547608	-4.28741620366537	-1.7763653224936	-3.85661827846902	-11.6323461239144	-5.3469439050521	-9.35223820472162	NA	-9.63234612391435	NA	-3.35422858679067	NA	NA	NA	-6.72545552830583	NA	-7.09985104308733	-7.43970104597196	-4.34958862630767	-5.64528517962185	-8.55705799661011	-10.5328104503634	-7.78148956322016	-8.11777295108459	-10.439701045972	-8.19177353252837	NA	-9.98026942733466	-7.90054223486392	-7.99675755012323	-6.98026942733466	-6.66491398637078	-11.439701045972	NA	-10.439701045972	NA	NA	NA	NA	NA	NA	NA	NA	NA	NA	NA	NA	NA	NA	NA	NA	NA	NA	NA	NA	NA	NA	-10.5328104503634	NA	NA	-11.2697760445296	NA	NA	NA	NA
NW042-5	-4.80852662310333	-2.80781330044806	-3.15346928446269	-4.98112973008708	-4.72939797331879	-1.22844795619001	-3.84538184396286	-10.620168903564	-5.804251968003	-9.11766856303485	NA	-11.7900939050063	NA	-5.1212089207401	NA	-12.7900939050063	NA	-6.81855035105557	NA	-8.60026934612632	-7.18276359125673	-4.95878666120429	-6.71327830795551	-11.468165810119	-9.79009390500634	-6.69733676408649	-8.83589759461947	NA	-9.50469168614409	NA	-10.468165810119	-9.93211290987877	-8.98273898294874	-8.11766856303485	-8.50469168614409	-9.66081088806138	NA	-11.2051314042852	-8.702631063756	NA	NA	NA	-7.88320330939782	NA	NA	NA	NA	-10.5421663915628	NA	NA	NA	NA	NA	NA	NA	NA	NA	NA	NA	NA	NA	NA	NA	-12.2051314042852	NA	NA	NA	NA
NW043-1	-3.50658385363565	-2.60016199525145	-4.67631359284028	-3.6957739068461	-3.77352906436054	-6.61608501821694	-4.61103768347962	-3.68159497167633	-3.95134699919923	NA	-2.84678783670019	NA	-8.93128724991599	NA	-9.49957100949051	-7.80296315294045	-7.62963155005488	-5.85372626662233	NA	-5.76136224847367	-5.4933658599638	-6.3296460080482	-8.83399004856107	NA	-8.01770200173346	-5.81839319351005	-9.40335569423121	NA	-9.22826898767312	-3.44541114832236	-10.657112286477	NA	-6.84185216633404	NA	-11.1876270031758	-7.88181857365169	NA	-9.60266450245462	-8.45066140900957	NA	-9	NA	NA	NA	NA	NA	NA	NA	NA	-10.8981203859808	-12.0356239097307	NA	NA	-9.71369581484336	NA	-11.1876270031758	-11.0356239097307	NA	NA	NA	NA	NA	NA	NA	NA	NA	NA	NA
NW043-3	-4.03007034687483	-2.92121820593761	-5.14781061580334	-3.92752278279182	-4.23895850386153	-6.6195625060765	-5.85562986431003	-5.70362677086498	-4.07601993273533	NA	-1.68615020784452	NA	-5.85562986431003	-9.26002011938936	-10.0255548657523	-7.79289410896207	-8.88805134200241	-5.59259545847624	NA	-6.38169867597762	-5.85562986431003	-7.06208074177746	-10.7625204599185	NA	-7.70362677086498	-6.16757387062477	-9.17755795919739	NA	-9.26002011938936	-3.16508860723517	-9.5401280385821	NA	-8.09955544719612	NA	NA	-7.88805134200241	NA	-8.26002011938936	-8.88805134200241	NA	NA	NA	-9.88805134200241	-8.26002011938936	NA	NA	NA	NA	NA	NA	NA	NA	NA	-7.32511514761125	NA	NA	NA	NA	NA	NA	NA	NA	NA	NA	NA	NA	NA	NA
NW043-4-1	-4.08308379664936	-2.08590211174936	-4.98197226817291	-4.22374420358648	-4.11611971005839	-7.15821104354742	-4.80808605682941	-3.48206837140567	-3.85250926307465	NA	-2.80669057546229	NA	-7.08421046210365	-9.27685554004604	-11.0842104621036	-7.97987380228891	-8.27685554004604	-5.45485384202404	NA	-5.71963802980779	-5.31074153419845	-6.92232277972675	-8.85154970531337	NA	-7.37271555545356	-5.70917103075672	-8.47540121942812	-10.3186757157407	-9.70569883884992	-3.86989134130288	-8.97987380228891	NA	-7.38377074396255	NA	NA	-8.31867571574067	NA	-8.01382113421225	-8.17731986649513	NA	-9.49924796138249	NA	-10.7056988388499	NA	NA	NA	NA	NA	NA	-10.7056988388499	-11.406138556991	NA	NA	-8.42885863349109	NA	-10.9467069383537	-10.7056988388499	NA	NA	-10.8211760562699	NA	NA	NA	NA	NA	NA	NA	NA
NW043-4-2	-3.45278011148767	-2.45278011148767	-4.45278011148767	-4.1777600900532	-4.77118035368163	-7.0299146220818	-4.97702904182971	-4.38231603062126	-4.53514993033223	NA	-2.53224419915681	NA	-4.60147287128095	-7.90438373999794	-11.7117386620555	-9.65284497300198	-9.38981056716819	-5.88307323375253	NA	-6.82096773181031	-6.61020063559349	-7.83726954413941	-10.9747730678893	NA	-6.86207293513998	-6.19866907981618	-8.2967011627767	-9.77313920671969	-9.90438373999794	-3.08238204197594	-10.5962614446356	NA	-8.36596382521382	-12.7117386620555	NA	-7.41405811341486	NA	-5.91732279570544	-9.38981056716819	NA	-11.4893462407191	NA	-7.01129894391446	-7.72684555444576	NA	NA	NA	NA	NA	-10.2967011627767	-11.7117386620555	NA	NA	-6.93037894853089	NA	NA	NA	NA	NA	-11.4893462407191	NA	NA	NA	NA	NA	NA	NA	NA
NW043-6	-2.85418918818603	-2.25859790019382	-5.40995514159686	-3.74485553362997	-4.60312742401831	-6.23307737951278	-4.79216124840833	-6.78257519957913	-3.28627031867837	NA	-3.27782854479171	NA	-7.3916233188246	NA	-9.02097993890421	-5.4247901827598	-7.17548988795984	-7.46639108722657	NA	-5.45112433057326	-5.0437000154043	-5.93351709765387	-9.62866251612545	NA	-8.406270094789	-6.06097800683613	-7.00975268348096	NA	-9.37712374912949	-3.66452796868246	-8.11408934329569	-11.0209799389042	-6.10809060267425	NA	NA	-9.26609243674074	NA	-9.11408934329569	-8.62866251612545	NA	-9.56154832026692	NA	NA	NA	NA	NA	NA	NA	NA	-10.3205402207631	NA	NA	NA	-9.06678362851734	NA	NA	NA	NA	NA	-11.6990518440169	NA	NA	NA	NA	NA	NA	NA	NA
NW044-1	-1.76303989190393	-3.29696359976306	-4.16267791413555	-4.47140190906905	-4.33845756759538	-3.65735647398085	-4.3981839124239	-2.91116441347363	-4.49506610896987	NA	-8.53866513597373	-8.21150039272022	NA	-8.05323830880349	-7.27563073013994	-8.25393565904062	-7.12035250466203	-6.61266571741751	NA	-5.94064648242713	-4.95370263525258	-9.32002484949839	-9.67616865972367	-9.03462263063614	-7.08162011017331	-7.23256200824805	-11.998096754611	-5.94933744269118	NA	NA	NA	-10.6195851313573	-8.99809675461103	-8.82817175316872	-10.5126699274408	-7.56513734733492	-9.27563073013994	-9.36582853911152	-8.96247284488031	NA	-8.56513734733493	NA	NA	-10.998096754611	-9.79646289344138	NA	-8.36582853911152	-8.99809675461103	NA	NA	NA	NA	NA	NA	NA	NA	NA	NA	NA	NA	-10.6195851313573	-9.07209733605481	NA	-11.3200248494984	NA	NA	NA	NA
NW045-1	-2.16686791308186	-2.87024648441915	-5.1114765199346	-4.68780871551231	-5.08857611782452	NA	-6.8484421141008	NA	-6.87432074592641	-7.53294028837287	-6.42381856599276	-12.3402952104305	-1.20715299802988	-7.3860989000436	-7.37682108645559	-6.03651446225338	-10.1386613492608	-7.39543676462294	-8.03286668523823	-6.56419122235731	-8.90733580315437	-9.85486838326024	-8.93430285075464	NA	-7.17840752805358	-8.28718387397092	-9.01836711554312	NA	-8.47239874643782	NA	-9.41429579187425	-10.2027916866805	-11.2027916866805	-9.07726080459668	NA	NA	NA	NA	NA	-8.53294028837287	NA	NA	NA	NA	NA	-13.6622233053178	NA	NA	NA	NA	NA	NA	NA	NA	NA	NA	NA	NA	NA	NA	NA	NA	NA	NA	NA	NA	NA	NA
NW045-2	-2.75535968756973	-2.95635613494505	-2.5777639794386	-3.67649457761098	-5.24772519556911	NA	-6.91711075756634	NA	-8.04486630476471	-6.71229096567784	-6.8301274559717	-8.55182629348459	-1.50475022798498	-6.28668422468881	-7.65679585308614	-6.78480346546221	-8.02716430303125	-7.65679585308614	-8.60335659412468	-7.56453734523415	NA	NA	-8.92528468901204	NA	-6.90090053038508	-9.02716430303125	NA	-11.5773613855917	-7.84555749654131	NA	-9.43051999726246	-9.99239888487058	NA	-9.52673531252177	NA	NA	NA	NA	NA	-10.3847163076493	NA	NA	NA	NA	NA	-10.7997538069282	NA	NA	NA	NA	NA	NA	NA	NA	NA	NA	NA	NA	NA	NA	NA	NA	NA	NA	NA	NA	NA	NA
NW045-3	-2.01458443161337	-2.14137831220871	-5.13521413679891	-6.0933300557626	-3.80392220256155	NA	-5.93698802659321	NA	-5.47968480033736	-6.01304226680497	-5.90612706288845	-9.18296726824728	-2.36606566989688	-6.57355172380158	-6.34424817528034	-5.84998398485092	-6.99263605614313	-7.15548653182517	-10.0760520643308	-5.09550442699694	-8.76792976896843	-9.66101456505192	-7.91378063543189	NA	-6.27361263268728	-7.64819052469434	-8.94480753105251	NA	-6.3650816786975	NA	-7.32881813471073	-7.74044903254633	-9.51417317672265	-7.32881813471073	NA	NA	NA	NA	NA	NA	NA	NA	NA	NA	NA	-10.561478891501	NA	NA	NA	NA	NA	NA	NA	NA	-11.0089378684722	NA	NA	NA	NA	NA	NA	NA	NA	NA	NA	NA	NA	NA
NW045-4-1	-2.9445998635528	-1.80945762275289	-4.32105095030979	-4.24728114468686	-5.03482060939952	NA	-6.56046560650224	NA	-6.71683389250869	-5.21176419236738	-7.26581709612428	-7.62737226513236	-2.00041567574657	-5.23940949413818	-8.21690749564334	-6.81221194058595	-6.83312093034893	-7.19644339308362	-7.7314806684731	-7.04850996394762	-8.97695670292258	-10.2307132951684	-6.92552846411558	-9.57360100869137	-5.41348362517565	-6.77128167653107	-11.2307132951684	NA	-7.00041567574657	NA	-6.94815943861515	-8.20323255874626	-9.50488825860736	-6.90878520028101	NA	NA	NA	NA	NA	-10.0731720181819	NA	NA	NA	NA	NA	-10.9311530133095	NA	NA	-10.6092249184221	NA	NA	NA	NA	NA	NA	NA	NA	NA	NA	NA	NA	NA	NA	NA	NA	NA	NA	NA
NW045-4-2	-3.98379738605593	-2.04165637426381	-6.51087897069658	-4.20197755610546	-6.11214328374684	NA	-8.28617268352189	NA	-7.06378026218544	-5.87460737614985	-7.13694667474741	-9.24964680749678	-1.09647481575422	-7.18787060991009	-8.6889318530223	-9.52718078302568	-7.23172489949951	-6.91336341963234	NA	-6.87808794488481	-9.21402289776605	-7.59429497888422	-7.42182778287946	-12.5715749023841	-4.60723403459172	-6.79678784278296	-8.76421998032653	NA	-9.28617268352189	NA	-7.75139593996895	-10.7642199803265	NA	-8.44229188543917	NA	NA	NA	NA	NA	-10.6646843067756	NA	NA	NA	NA	NA	-11.1121432837468	NA	NA	NA	NA	NA	NA	NA	NA	NA	NA	NA	NA	NA	NA	NA	NA	NA	NA	NA	NA	NA	NA
NW045-5	-3.10385888573116	-2.10325486853963	-5.28652701770366	-4.31982145780209	-4.61291900655614	NA	-6.00803339323109	NA	-6.77855154710833	-5.27287795619181	-7.28105188763751	-9.51809108493836	-1.40807392751912	-7.31421875157271	-7.29202300545851	-9.32544600699596	-8.07751849355238	-8.30307819396751	-10.1555210055537	-7.89918125229387	-7.41855541138745	-8.11599264136701	-7.41855541138745	-9.46746501186839	-8.11599264136701	-10.0035179121086	-8.196162990051	NA	-5.54081116143844	NA	-5.95040657564904	-8.28105188763751	-9.41855541138745	-7.35966172233388	NA	NA	NA	NA	NA	NA	NA	NA	NA	NA	NA	NA	NA	NA	NA	NA	NA	NA	NA	NA	NA	NA	NA	NA	NA	NA	NA	NA	NA	NA	NA	NA	NA	NA
NW046-1	-2.62497271762643	-2.52834277525093	-3.47429723229567	NA	-3.66321152191412	-4.25372039514192	-6.14625569777337	-4.21825288359455	-5.04070152701525	NA	-7.02310746700051	-4.59176815539256	NA	-5.815782493753	-6.97157716636043	-6.53768063983027	-5.00141239590119	-7.6751841635802	-12.3894296812463	-7.0495796783617	-3.30395722206504	-4.49916540422521	-8.30196683999598	NA	-10.929998062609	-7.6212453564694	-7.08564893306922	-6.09022166285904	-8.45869234368344	NA	-11.067501586359	-8.06750158635896	-6.9548014536096	-7.40074499447416	-11.3894296812463	-8.50678663188448	NA	-9.17997631561737	-8.48253908563781	NA	-9.30196683999598	NA	-12.3894296812463	NA	NA	NA	NA	-9.53144868611875	NA	NA	-8.86586772518931	-9.06750158635896	NA	NA	NA	-8.7455734914716	NA	NA	NA	NA	NA	NA	-9.80446718052517	NA	NA	NA	NA	NA
NW046-5	-2.56990401345905	-3.60416989582535	-4.10474507403045	NA	-3.57955137778207	-3.08310424264544	-6.36270083982649	-3.53235427514265	-4.72651301575016	-12.7377402711734	-7.45233805231116	-4.47251593424879	NA	-5.22204043288937	-6.79914081583755	-6.17804452906268	-5.38901211694233	-9.32270277189457	-11.515347849837	-7.89643801719247	-2.9618556877149	-5.77195598651132	-10.8632711532573	NA	-11.1527777704523	-7.87975927604584	-8.15277777045226	-5.64674573895282	-6.32270277189457	NA	-10.3227027718946	-8.89643801719247	-7.5678152697311	-7.31147551647131	NA	-7.70799292777936	NA	-8.54134305836991	-8.93038534911581	NA	-9.15277777045226	NA	-10.0007746770072	NA	NA	NA	NA	-9.73774027117341	NA	NA	-8.0007746770072	-9.67884658211984	NA	NA	-12.3227027718946	-11.0007746770072	NA	NA	NA	NA	-10.0007746770072	NA	-11.7377402711734	NA	NA	NA	NA	NA
NW047-4	-2.80666081810345	-1.90232720335382	-5.51847959837503	-2.6693045006228	-3.92763573997386	-10.7314733217092	-6.03103360356813	-2.21255198218138	-6.28401434473801	-12.6059424396254	NA	NA	NA	-12.1909049403465	-4.92177826119711	NA	-5.64787312009129	-6.17409665265997	NA	-9.43601743818306	NA	-12.1909049403465	NA	NA	-10.7314733217092	-6.61347611231078	NA	NA	-6.04115782084184	NA	-8.02097993890421	-11.8689768454592	NA	-9.43601743818306	NA	NA	NA	NA	NA	NA	NA	NA	NA	NA	NA	NA	NA	NA	NA	NA	NA	NA	NA	NA	NA	NA	NA	NA	NA	NA	NA	NA	NA	NA	NA	NA	NA	NA
NW047-5	-1.0981236828513	-2.7071167442669	-4.08562836752063	-4.13159422147281	-8.7144823939561	-7.58377870231151	-5.47180105007848	-3.10638692768742	-8.11303177044638	-10.3245358756401	-8.28706117022143	NA	NA	NA	-4.11303177044638	NA	-8.76510846702607	-5.2237352348526	NA	-10.6655727934752	NA	NA	NA	NA	-6.42780514625179	-6.6476508854779	NA	NA	-10.1130317704464	NA	NA	NA	NA	NA	NA	NA	NA	NA	NA	NA	NA	NA	NA	NA	NA	NA	NA	NA	NA	NA	NA	NA	NA	NA	NA	NA	NA	NA	NA	NA	NA	NA	NA	NA	NA	NA	NA	NA
NW048-1	-1.4755093326882	-2.06078026634284	-4.83640621147169	-10.9302198848744	-5.06232342088176	-7.21872497822433	-3.79682075945722	-5.05247563492542	-5.70525351987414	-9.49726047759831	-6.73644814147774	NA	NA	-12.6671854790406	-5.97137720963118	-10.5517082616207	-6.0772222972611	-5.70140119437854	NA	-9.72858602370477	-7.93021988487442	-9.04269461413283	-8.00422046631819	-10.4447930577042	-7.40665792881741	-5.93021988487442	-11.9302198848744	NA	-9.16468513851144	-3.29795166937491	-7.79271636112448	-8.85983055698302	-11.6671854790406	-12.2521479797618	NA	NA	NA	NA	-11.6671854790406	NA	NA	NA	NA	NA	NA	-12.6671854790406	NA	NA	NA	NA	NA	NA	NA	NA	NA	NA	NA	NA	NA	-11.4447930577042	NA	NA	NA	NA	NA	NA	NA	NA
NW048-5-1	-2.0172790108368	-1.08243727494118	-6.26315286551241	-8.84811536623357	-6.65668929558034	-7.97010589061218	-4.47260623114136	-8.0802888083626	-6.92828571491755	-7.66525130908376	-8.30268122969905	-11.0575687318625	NA	NA	-6.0802888083626	-9.35712901372143	-4.93344742003333	-6.18105178529752	NA	-10.3571290137214	-9.25021380980492	-8.30268122969905	-10.7356406369752	-7.64817779572482	-6.19958773673495	-4.26315286551241	-6.85789638702616	NA	-9.53400677580551	-6.90782161235784	-5.38161169892077	-9.10337242147565	NA	NA	NA	NA	NA	NA	NA	NA	NA	-10.8876437304202	-9.4137125420878	NA	NA	NA	NA	NA	NA	NA	NA	NA	NA	NA	-11.2502138098049	NA	NA	NA	NA	NA	NA	NA	NA	NA	NA	NA	NA	NA
NW048-5-2	-1.31626425395544	-1.97247359997631	-3.67972527083582	NA	-4.66588891577202	-7.03300578442564	-3.9506954309409	-5.28949734439266	-6.65113514908199	-8.21941890865652	-8.46269005966888	-11.0773999037841	NA	NA	-8.71984789916601	-7.52281105210645	-4.45169106071962	NA	NA	-9.8294723903405	-8.27004498172649	-8.98993706253375	-8.49243740306293	-8.29604019025943	-7.94811688683912	-6.61796828514679	-9.07739990378409	NA	-6.9378485513853	-7.73754990089946	-9.12320359339721	-6.60166647281769	-9.27004498172649	-9.61796828514679	-8.94811688683912	NA	NA	NA	NA	NA	NA	NA	NA	NA	NA	NA	NA	NA	NA	NA	NA	NA	NA	NA	NA	NA	NA	NA	NA	NA	NA	NA	NA	NA	NA	NA	NA	NA
NW049-1	-1.60807363338099	-2.22193040067571	-2.38224876233276	-4.68759397302452	-3.81687698996948	NA	-5.38391758269338	-3.76666554401572	-7.07991139580328	-11.1388050848568	NA	-8.07991139580328	NA	NA	NA	-8.9164126635204	NA	-7.79303024801512	NA	-8.723767585578	-10.4018394906906	-6.56389624879961	-10.1388050848568	NA	NA	-8.13880508485685	-9.63630474432766	NA	-9.723767585578	NA	-7.67937346621955	-11.1388050848568	NA	NA	NA	NA	NA	NA	NA	-6.34872815423108	NA	NA	NA	NA	NA	NA	NA	NA	NA	NA	NA	NA	NA	NA	NA	NA	NA	-10.5538425841357	NA	NA	NA	NA	NA	NA	-9.20020562952099	NA	NA	NA
NW049-2	-1.45121010732709	-2.38305753586348	-3.14721798357404	-3.94506418322203	-4.28392434384423	NA	-5.77789231234479	-3.27580701642172	-5.65294944536624	-8.59586835015897	NA	-7.64649442322894	NA	-10.9944177266492	NA	-6.82449272520693	NA	-6.29903123623444	NA	-8.38776015482877	-8.86888684456538	-6.04022141626237	-7.69896184312307	NA	NA	-9.40945522592809	-8.40945522592809	NA	-9.13192125039918	NA	-7.40945522592809	NA	-8.93028738922953	NA	NA	NA	NA	NA	NA	-11.4538493452865	NA	NA	NA	NA	NA	NA	NA	NA	NA	NA	NA	NA	NA	NA	NA	NA	NA	-10.546958749678	NA	NA	NA	NA	NA	NA	-8.80999315551182	NA	NA	NA
NW049-3	-2.26441563623215	-1.71413766471194	-2.26607486015384	-6.27439972480478	-3.48239276708061	NA	-5.61989629083054	-3.70285773984594	-5.78135971352466	-7.27439972480478	NA	-6.743885008106	NA	-8.12239663135973	NA	-7.44432472624709	NA	-8.32884750882715	NA	-9.22193230491064	NA	-5.8198338613393	NA	NA	NA	NA	NA	NA	-8.02928722696825	NA	-7.07509091658137	NA	NA	NA	NA	NA	NA	NA	NA	-9.02928722696825	NA	NA	NA	NA	NA	NA	NA	NA	NA	NA	NA	NA	NA	NA	NA	NA	NA	-10.4443247262471	NA	NA	NA	NA	NA	NA	NA	NA	NA	NA
NW049-4	-1.43283740862558	-2.79399653920259	-2.53166743528501	-5.6226619675056	-3.96445048475381	NA	-4.13080887117593	-3.94083792753186	-4.85007246360867	-7.74819284958946	NA	-5.49337895056063	NA	-8.03769946678445	NA	-7.56376827845203	NA	-7.30073387261824	NA	-8.03769946678445	NA	-5.95969695478317	NA	NA	NA	-8.40026954616915	NA	NA	-10.2076244682268	NA	NA	-10.6226619675056	-10.6226619675056	NA	NA	NA	NA	NA	NA	NA	NA	NA	NA	NA	NA	NA	NA	NA	NA	NA	NA	NA	NA	NA	NA	NA	NA	NA	NA	NA	NA	NA	NA	NA	-7.95969695478317	NA	NA	NA
NW049-5	-4.63316951097748	-1.36935895592724	-3.95376731988687	-7.23958512136495	-2.52920431278971	NA	-6.72663386555918	-2.95876222980726	-5.20356589856397	-5.89513958991616	NA	-4.4579307096387	NA	-8.46739103888776	NA	-9.25588693369405	NA	-9.19175659627434	NA	-7.80842795672283	-7.93395883880669	-4.92415566377633	-6.89513958991616	NA	NA	-12.1303560516102	-8.07146236255663	NA	-7.13035605161019	NA	-5.4579307096387	-8.5058651867024	-9.39339045744399	NA	NA	NA	NA	NA	NA	-9.90796363027374	NA	NA	NA	NA	NA	-7.90796363027374	NA	NA	NA	NA	NA	NA	NA	NA	-10.9079636302737	NA	NA	-10.1303560516102	NA	NA	NA	NA	NA	NA	NA	NA	NA	NA
NW050-1	-3.45387406586236	-1.71402115577402	-4.69539315104136	-1.43097524413761	-5.12314170206975	-9.4578938373147	-3.5020363925579	NA	-5.69160157187898	NA	NA	-9.4578938373147	NA	-6.22085464001385	NA	-10.9433206644849	NA	-7.24288094634385	NA	-6.05092963857154	-10.09532375793	-6.57874823218909	-10.9433206644849	NA	NA	-9.80581714073501	-7.9614680111952	NA	-11.2652487593723	NA	-10.0173212459287	-10.805817140735	-10.9433206644849	NA	NA	NA	NA	NA	NA	NA	NA	-11.9433206644849	NA	NA	NA	NA	NA	NA	NA	NA	NA	NA	NA	NA	NA	NA	NA	NA	NA	NA	NA	NA	NA	NA	NA	NA	NA	NA
NW050-2	-4.64947309193989	-1.99973307316692	-4.25354441560875	-1.17791111842308	-4.96805515894726	-11.1775085245762	-3.27061792896769	NA	-5.81995651995813	NA	NA	-7.73693593319023	NA	-5.35186824949086	NA	NA	NA	-9.4613014905768	NA	-6.24339646023267	-11.3999009459127	-6.87633898985565	-9.66293535174646	NA	NA	-10.1775085245762	-7.85558042968885	NA	-10.5254318279965	NA	NA	-10.0779728510253	NA	NA	NA	NA	NA	NA	NA	NA	NA	-11.9848634466338	NA	NA	NA	NA	NA	NA	-9.89740060538348	NA	NA	NA	NA	NA	NA	NA	NA	NA	NA	NA	NA	NA	NA	NA	NA	NA	NA	NA
NW050-3	-4.419367708794	-2.98734786198151	-4.67958709902074	-0.637290924548702	-5.26962058928932	-10.0270502860152	-3.9650684151741	NA	-6.01422624565766	NA	NA	-8.48863037123111	NA	-6.25446078211831	NA	-9.83440520807284	NA	-9.46517139840713	NA	-6.65118338401707	-12.0974396139066	-8.1155869606169	-11.0974396139066	NA	NA	-10.0974396139066	-7.6914472542308	NA	-12.419367708794	NA	NA	-11.8344052080728	NA	NA	NA	NA	NA	NA	NA	NA	NA	NA	NA	NA	NA	NA	NA	NA	NA	NA	NA	NA	NA	NA	NA	NA	NA	NA	NA	NA	NA	NA	NA	NA	NA	NA	NA	NA
NW050-4	-2.18462004502715	-2.34858802273322	-4.64140106041661	-1.28000261362587	-6.24798894524078	-10.1975238782578	-4.67396192220077	NA	-5.44798961058853	NA	NA	-8.79153151858195	NA	-8.68656195898041	NA	NA	NA	-6.81901225500406	NA	-6.61256137753663	-9.51945197314515	-6.09738720697234	-11.5194519731452	NA	NA	-8.90474212902994	-6.81901225500406	NA	NA	NA	-10.0600203545079	-9.76456447098168	NA	NA	NA	NA	NA	NA	NA	NA	NA	-8.56525566275828	NA	NA	NA	NA	NA	NA	NA	NA	NA	NA	NA	NA	NA	NA	NA	NA	NA	NA	NA	NA	NA	NA	NA	NA	NA	NA
NW050-5	-3.03827579166935	-1.6912719293871	-4.33433342496062	-1.64911318108344	-4.89956952083776	-8.58406769510983	-3.34793957775141	NA	-6.11840412276102	NA	NA	-8.61883311327051	NA	-7.95401730486014	NA	NA	NA	-8.3039597759171	NA	-6.93199099853014	-8.88892227663825	-6.12463607647253	NA	NA	NA	-10.2759453997475	-6.97638511788859	NA	-10.8064601164463	NA	-7.3039597759171	-10.3914226171674	-11.3914226171674	NA	NA	NA	NA	NA	NA	NA	NA	-12.3914226171674	NA	NA	NA	-12.3914226171674	NA	NA	NA	NA	NA	NA	NA	NA	NA	NA	NA	NA	NA	NA	NA	NA	NA	NA	NA	NA	NA	NA
NW051-1	-2.04175230385942	-4.80338601985466	-3.95817616129942	-9.10047004376454	-3.57537899902078	-1.81551901960211	-3.97118702681958	-6.29311512170694	-4.93054504232223	-7.58765732879922	-8.78559670641113	-5.77152152119941	NA	NA	-6.95022740818393	-11.2880970469403	-4.773273427961	-6.63147356109171	-8.84331220426742	-6.77854194887718	-5.60939910795329	-7.71655506198148	-9.13609395349526	-7.91886323727459	-7.41362792902417	-7.09169983413681	-12.8730595476615	-5.96216702149546	-13.4580220483826	NA	NA	-11.650667126325	-7.8141658586079	-9.50382573799575	-11.8730595476615	-8.43565423535417	-12.1360939534953	NA	NA	NA	NA	NA	NA	-7.84331220426742	-8.28809704694031	-10.4580220483826	-8.06570462560387	-10.8730595476615	NA	NA	-12.1360939534953	-8.99859042974533	NA	NA	NA	-12.1360939534953	NA	NA	NA	NA	-11.2880970469403	NA	NA	NA	NA	NA	-12.1360939534953	NA
NW051-2	-2.65781572205069	-5.13371819353033	-4.0469438721694	-8.86456712968083	-3.87780615317002	-1.2669442801029	-4.48926030976101	-5.53599576116285	-4.48498881873274	-7.37914030251058	-8.39508184637961	-6.3751822889419	NA	NA	-7.69711038382926	-9.88693494270928	-4.81547258015266	-7.23588325153035	-9.63900742926569	-7.58315419453218	-5.26122609964482	-8.27222509859407	-9.56500684782192	-8.31707933437833	-8.84254082335083	-7.59231419381765	-11.427503324072	-5.88975546177166	NA	NA	NA	-11.3019724419881	-7.62954710001663	NA	-10.717009941267	-8.71700994126697	NA	NA	NA	NA	-10.717009941267	NA	NA	-8.25757832262967	-9.36337298665227	-11.0795800206517	-8.46067018800718	-11.427503324072	NA	NA	-10.5650068478219	-8.5293829380912	NA	NA	NA	NA	-11.427503324072	NA	NA	NA	-12.5650068478219	NA	NA	NA	NA	NA	-11.1864952245682	-11.0795800206517
NW051-3	-2.95545251683947	-5.18565792770691	-4.17096854220455	-8.30582989395212	-4.29668924009565	-1.12718614099321	-4.51075330167295	-4.7097033238382	-4.46140338529026	-7.44700595691282	-9.30582989395212	-6.48803322517287	NA	NA	-7.87558998802961	-9.43358544115049	-4.64834490473186	-7.88469219513686	-11.4880332251729	-7.80476865083991	-5.05533073091336	-8.55911632323435	-9.60351044259281	-9.4071132297893	-9.69661984698429	-7.20547936861965	-11.7290413246767	-6.81778553650674	NA	NA	NA	-11.3811180212564	-7.4071132297893	-12.3811180212564	-11.4880332251729	-8.81343351196704	-12.0185479418717	NA	NA	NA	-10.9405454298704	NA	NA	-8.01854794187165	-10.9405454298704	-10.1010101020636	-8.30582989395212	-10.5446167535392	NA	NA	-9.94054542987038	-8.77908200717626	NA	NA	NA	-11.6035104425928	-12.188472943314	NA	NA	NA	NA	NA	NA	NA	NA	NA	-11.4880332251729	NA
NW051-5	-2.20790309389462	-4.65564336731862	-4.20190963952045	-9.40557485278799	-3.88724954509712	-1.39196785099803	-4.65962047539453	-5.52565130477974	-4.9694031404198	-6.00311541958861	-8.62130354384343	-6.31811201153765	NA	NA	-6.88899932704708	-10.6369003988944	-5.1492350995282	-7.17177766817929	-9.51660616517673	-7.60587350327382	-6.39559076421537	-8.82061235206683	-8.87506013608921	-8.18318243145154	-8.40557485278799	-7.24159911767686	-10.9125348415079	-5.42406042363317	NA	NA	NA	-11.7010307363142	-8.35310743289385	-11.3531074328939	NA	-10.6369003988944	-12.3531074328939	NA	NA	NA	-11.8385342600641	NA	NA	-9.95100898932251	-9.63690039889445	-10.8385342600641	-9.70103073631416	-12.1604623549515	NA	NA	-11.2535717593429	-10.5166061651767	NA	NA	NA	-13.1604623549515	-10.5754998542303	NA	NA	NA	NA	NA	NA	NA	NA	NA	-11.0729995137011	-10.9905373535091
NW051-6	-1.75865407977807	-4.54342862968274	-4.34419725872839	-10.0376842162277	-3.81320011599573	-1.63413953802571	-4.69072732684884	-5.38663252504879	-5.51098937068574	-6.15993996627872	-7.69427639392991	-5.54583111989805	NA	NA	-6.9587328748329	-10.659172592974	-6.65570873767042	-6.71936737489274	-9.52672229695034	-8.82045350000705	-6.37947273347593	-8.59142798633816	-8.73025569103547	-7.12599263435538	-8.48924759153168	-7.84391247283104	-12.0376842162277	-5.91046366573965	-12.7746498103939	NA	-9.96729488833632	-11.1896873096728	-7.79736988689401	-11.2721494698647	NA	-11.9001806924778	NA	NA	NA	NA	-11.3596123111151	NA	NA	-9.90018069247779	-10.4527217155066	-11.0376842162277	-10.659172592974	-12.7746498103939	NA	NA	-11.1116847976715	-9.4288749735522	NA	NA	NA	-13.3596123111151	-11.1896873096728	NA	NA	NA	-12.3596123111151	NA	NA	NA	NA	NA	-10.7746498103939	-11.7746498103939
NW052-1	-2.32647634462694	-1.5336216124049	-4.46768052282095	-9.39557697654977	-3.76913783985245	-9.79150565288091	-3.25725397249329	NA	-4.37765506855251	-3.28204315695786	NA	-9.39557697654977	NA	-6.68188116170641	NA	-6.5316385261258	-14.0394331663245	-7.69958316343987	-6.82997980069555	-7.84960860744448	-7.3115127117613	-9.3389934481834	-7.32518764865837	-8.10869582876161	-8.5800015476872	-10.7175050714371	-8.01706535329604	NA	-8.3389934481834	NA	-7.28454566416103	-9.79150565288091	NA	NA	NA	NA	NA	NA	-10.2320782442669	-8.75403094746225	NA	NA	NA	NA	NA	NA	NA	NA	NA	NA	NA	NA	NA	NA	NA	NA	NA	NA	NA	NA	NA	NA	NA	NA	NA	NA	NA	NA
NW052-2	-3.13022667447837	-0.594268716493531	-7.14869933454985	NA	-4.42668408184962	-11.748612176737	-5.02409832361703	NA	-6.00041932714752	-4.91256182167891	NA	-7.68252298627921	NA	NA	NA	-7.46320995787473	-8.10475598696226	-7.96725246321232	-5.62449086490779	-9.04817245859589	-7.91572216257224	-8.13390233262177	-8.5006846632934	-7.13390233262177	-8.13390233262177	-8.25675908040731	-7.3910601721189	NA	-7.19402332505934	NA	-6.86596912737514	-10.2891805580997	NA	NA	NA	NA	NA	NA	NA	-8.32234742203488	NA	NA	NA	NA	NA	NA	NA	NA	NA	NA	NA	NA	NA	NA	NA	NA	NA	NA	NA	NA	NA	NA	NA	NA	NA	NA	NA	NA
NW052-4	-1.61982125793281	-1.78143944025458	-6.68395159535252	-6.05592037273948	-2.90497847466474	NA	-6.82145511910246	NA	-5.01410019704485	-3.73399227785212	NA	NA	NA	NA	NA	-3.99363609448514	NA	NA	NA	NA	NA	NA	-6.68395159535252	NA	NA	NA	-5.44294349584873	NA	NA	NA	-6.05592037273948	NA	NA	NA	NA	NA	NA	NA	NA	NA	NA	NA	NA	NA	NA	NA	NA	NA	NA	NA	NA	NA	NA	NA	NA	NA	NA	NA	NA	NA	NA	NA	NA	NA	NA	NA	NA	NA
NW053-1	-2.65338864403897	-1.97743340986007	-5.21355193384257	-1.74841212081731	-4.46534899374781	-7.67189922695653	-4.72502919337936	-9.50329962298078	-5.41085337421619	-3.28071778458362	NA	-11.4208374627888	NA	NA	NA	NA	-9.89032274609003	-8.59076246423112	NA	-6.31929943632675	-8.36194377373524	NA	NA	-7.73278146910355	NA	-9.03617361255349	-10.5032996229808	-8.44101534472644	-9.09890936790145	NA	-9.59076246423112	NA	-6.93255098147933	-7.66002512666824	NA	NA	NA	NA	-10.3428349507875	NA	NA	NA	NA	NA	NA	NA	NA	NA	NA	NA	NA	NA	NA	NA	NA	NA	NA	NA	NA	NA	NA	NA	NA	NA	NA	NA	NA	NA
NW053-2	-3.62485793584705	-3.0947832328889	-6.25042156945533	-1.34942554809766	-4.88246920624623	-8.09577375475472	-5.78338943253822	-8.33678185425851	-5.64067238961615	-1.83848953533673	NA	-10.0800064388964	NA	NA	NA	-10.5161055537031	-8.41374383607339	-10.1441367763161	NA	-6.73938225029913	-8.79621347289581	-10.281640300066	-10.0186058942323	-10.3556408815098	NA	-11.6035683949534	NA	-11.6035683949534	NA	NA	NA	-13.0186058942323	-6.30436037656613	-7.78338943253822	NA	NA	NA	NA	NA	NA	NA	NA	NA	NA	NA	NA	NA	NA	-11.6035683949534	NA	NA	NA	NA	NA	NA	NA	NA	NA	NA	NA	NA	NA	NA	NA	NA	NA	NA	NA
NW053-3	-2.48940732400601	-3.65294544781754	-4.16374192990182	-1.10635773095811	-5.3455020677811	-8.73307377890921	-5.18166383789908	NA	-6.07535493575274	-2.91818749760299	NA	-11.7836998519792	NA	NA	NA	-9.06749281797977	-12.0060922733156	-8.86313431947358	NA	-8.3622360835409	-10.8906150558957	-11.7836998519792	-10.5910547740368	-12.2691266791494	NA	-9.94719858426206	NA	-9.6368584636499	-13.5910547740368	NA	-10.6841641784283	NA	-7.42112977259447	-8.89061505589569	NA	-13.0060922733156	NA	NA	NA	NA	NA	NA	NA	NA	NA	NA	NA	NA	NA	NA	NA	NA	NA	NA	NA	NA	NA	NA	NA	NA	NA	NA	-11.7836998519792	NA	NA	NA	NA	NA
NW053-4	-2.37285687680158	-2.41819923234028	-5.41337203654029	-1.47596407063834	-4.76554426881968	-6.69725322727969	-5.74241954332783	-9.0797228641021	-6.65345810940001	-3.02676673124023	NA	-10.4276461675224	NA	NA	NA	-6.2723679420445	-9.7171527847174	-9.00443473679787	NA	-7.16597859745252	-9.7171527847174	-13.3021152854386	NA	-10.7171527847174	NA	-10.7996149449094	-11.5651496912723	-9.39522468983003	-9.75779476921474	NA	-9.60167556729746	NA	-7.86470997313125	-8.86470997313125	NA	NA	NA	NA	-12.3021152854386	NA	NA	NA	NA	NA	NA	NA	NA	NA	NA	NA	NA	NA	NA	NA	NA	NA	NA	NA	NA	NA	NA	NA	-12.0797228641021	NA	NA	NA	NA	NA
NW053-5	-1.48994277508419	-2.8622609525445	-4.36065258823909	-1.76097945192751	-5.10047621794767	-6.25566156107945	-4.70524249128343	-9.5196064718604	-6.80911308905538	-4.58457539588738	NA	-13.5640005912189	NA	NA	NA	-6.35698627104132	-11.1716831684401	-8.65710999561033	NA	-9.45547613444068	-10.6571099956103	-13.9790380904977	-12.3940755897765	-10.3940755897765	NA	-9.20644858660077	NA	NA	-11.7566456691612	NA	-12.5640005912189	NA	-8.39407558977654	-7.31607307777527	NA	NA	NA	NA	-12.5640005912189	NA	NA	NA	NA	NA	NA	NA	NA	NA	-12.1045689725816	NA	NA	NA	NA	NA	NA	NA	NA	NA	NA	NA	NA	NA	-12.3940755897765	NA	NA	NA	NA	NA
