feature	Bacteroidaceae	Lachnospiraceae	Tannerellaceae	Enterobacteriaceae	Ruminococcaceae	Marinifilaceae	Rikenellaceae	Akkermansiaceae	Oscillospiraceae	Streptococcaceae	Prevotellaceae	Bifidobacteriaceae	Fusobacteriaceae	Clostridiaceae	Barnesiellaceae	Peptostreptococcaceae	Coriobacteriaceae	Acidaminococcaceae	Veillonellaceae	[Eubacterium]_coprostanoligenes_group	Christensenellaceae	Erysipelotrichaceae	Unknown	Lactobacillaceae	Sutterellaceae	Desulfovibrionaceae	Erysipelatoclostridiaceae	Clostridia_UCG-014	Monoglobaceae	Muribaculaceae	Butyricicoccaceae	Eggerthellaceae	Anaerovoracaceae	Coriobacteriales_Incertae_Sedis	Porphyromonadaceae	Clostridia_vadinBB60_group	Pseudomonadaceae	uncultured	Peptococcaceae	Pasteurellaceae	UCG-010	Morganellaceae	Gastranaerophilales	Victivallaceae	RF39	Actinomycetaceae	Izemoplasmatales	Hungateiclostridiaceae	Enterococcaceae	Atopobiaceae	Oscillospirales	Puniceicoccaceae	Selenomonadaceae	Succinivibrionaceae	Carnobacteriaceae	Eubacteriaceae	Synergistaceae	Micrococcaceae	Family_XI	Oxalobacteraceae	DTU014	[Clostridium]_methylpentosum_group	Defluviitaleaceae	Anaerofustaceae	Staphylococcaceae	Campylobacteraceae	Corynebacteriaceae	Syntrophomonadaceae	Gemellaceae	Sedimentibacteraceae
NW001-1	0.420916162489196	0.100432152117545	0.0626620570440795	0.000864304235090752	0.0152981849611063	NA	0.0428694900605013	0.104494382022472	0.0228176318063959	0.00587726879861711	0.0020743301642178	NA	NA	NA	NA	0.0013828867761452	0.0375108038029386	0.139585133967156	0.00017286084701815	0.00700086430423509	0.000777873811581677	NA	0.0010371650821089	0.00363007778738116	0.0087294727744166	0.0199654278305964	NA	NA	0.0010371650821089	NA	NA	0.000345721694036301	NA	NA	NA	NA	NA	NA	0.000518582541054451	NA	NA	NA	NA	NA	NA	NA	NA	NA	NA	NA	NA	NA	NA	NA	NA	NA	NA	NA	NA	NA	NA	NA	NA	NA	NA	NA	NA	NA	NA	NA
NW001-3	0.263285894433435	0.105206269140695	0.0580075662042875	0.00180147721131328	0.00774635200864709	NA	0.0210772833723653	0.178886687083408	0.0336876238515583	0.00954782921996037	0.00189155107187894	0.000270221581696992	NA	NA	NA	NA	0.0359394703656999	0.22185191857323	0.000360295442262655	0.00432354530715186	0.00207169879301027	NA	0.0052242839128085	0.00585480093676815	0.00684561340299045	0.0301747432894974	NA	NA	0.00207169879301027	NA	NA	0.0032426589803639	0.000360295442262655	NA	NA	NA	NA	NA	NA	NA	NA	NA	NA	NA	NA	0.000270221581696992	NA	NA	NA	NA	NA	NA	NA	NA	NA	NA	NA	NA	NA	NA	NA	NA	NA	NA	NA	NA	NA	NA	NA	NA
NW001-4	0.0168298243261365	0.122569397881185	0.00187743060211881	0.331031245809307	0.00268204371731259	NA	0.00214563497385007	0.438245943408878	0.00167627732332037	0.00932010191766126	NA	NA	NA	0.000268204371731259	NA	NA	0.0193777658575835	NA	NA	NA	0.00113986857985785	0.00107281748692504	0.00529703634169237	0.0322515757006839	NA	0.00992356175405659	NA	NA	0.000469357650529704	NA	0.00154217513745474	0.000536408743462518	NA	0.000938715301059407	NA	NA	NA	NA	NA	NA	NA	NA	NA	NA	NA	NA	NA	NA	NA	NA	NA	NA	NA	NA	NA	NA	NA	0.000670510929328148	0.00013410218586563	NA	NA	NA	NA	NA	NA	NA	NA	NA	NA	NA
NW002-1	NA	0.21700143472023	0.310545193687231	0.0593974175035868	0.0710186513629842	0.00186513629842181	0.0321377331420373	0.0403873744619799	0.0279053084648494	0.0649928263988522	NA	0.00107604017216643	NA	NA	NA	0.00968436154949785	NA	NA	0.0144189383070301	0.0748206599713056	0.00932568149210904	0.00738880918220947	0.00494978479196557	0.00896700143472023	0.00609756097560976	NA	0.00322812051649928	NA	0.00437589670014347	0.0212338593974175	0.00796269727403156	0.000430416068866571	NA	NA	NA	0.00078909612625538	NA	NA	NA	NA	NA	NA	NA	NA	NA	NA	NA	NA	NA	NA	NA	NA	NA	NA	NA	NA	NA	NA	NA	NA	NA	NA	NA	NA	NA	NA	NA	NA	NA	NA
NW002-2	NA	0.287920072661217	0.243155572855845	0.0400934215648112	0.0442454911119761	0.0036330608537693	0.0656545997145452	0.0351628389775529	0.0503438432593746	0.0769430387958998	NA	0.00765537822758531	NA	NA	NA	0.0036330608537693	NA	NA	0.0182950564421954	0.0372388737511353	0.00778513040093422	0.00921240430777216	0.000389256520046711	0.00947190865446996	0.00882314778772544	NA	0.00311405216037369	NA	0.0035033086804204	0.0377578824445309	0.00324380433372259	0.00272479564032698	NA	NA	NA	NA	NA	NA	NA	NA	NA	NA	NA	NA	NA	NA	NA	NA	NA	NA	NA	NA	NA	NA	NA	NA	NA	NA	NA	NA	NA	NA	NA	NA	NA	NA	NA	NA	NA	NA
NW003-1	0.255790297339593	0.220500782472613	0.0784820031298905	0.0054773082942097	0.0334115805946792	0.197026604068858	0.0958528951486698	0.0440532081377152	0.0235524256651017	NA	NA	NA	NA	0.00477308294209703	NA	0.000704225352112676	NA	NA	0.0119718309859155	0.0013302034428795	NA	0.00140845070422535	NA	NA	NA	0.010093896713615	0.00273865414710485	0.000782472613458529	0.00211267605633803	NA	0.000782472613458529	NA	NA	0.000312989045383412	NA	0.000312989045383412	NA	0.000312989045383412	0.0013302034428795	NA	0.000625978090766823	NA	NA	NA	0.00156494522691706	NA	0.00383411580594679	NA	NA	NA	NA	NA	NA	NA	NA	NA	NA	NA	NA	NA	0.000860719874804382	NA	NA	NA	NA	NA	NA	NA	NA	NA
NW003-2	0.201433486238532	0.199082568807339	0.0849197247706422	0.0259747706422018	0.0223050458715596	0.232454128440367	0.0958715596330275	0.0696100917431193	0.0259174311926606	NA	NA	NA	NA	0.00797018348623853	NA	0.000344036697247706	NA	NA	0.00693807339449541	0.00126146788990826	0.00149082568807339	0.000745412844036697	0.000172018348623853	NA	NA	0.0102064220183486	0.00143348623853211	0.000860091743119266	0.00372706422018349	NA	NA	0.00126146788990826	0.00103211009174312	0.00131880733944954	NA	0.000401376146788991	NA	NA	0.00051605504587156	NA	0.000344036697247706	NA	NA	NA	0.00206422018348624	NA	NA	NA	NA	NA	NA	NA	NA	NA	NA	0.000172018348623853	NA	NA	NA	0.000172018348623853	NA	NA	NA	NA	NA	NA	NA	NA	NA	NA
NW003-3	0.118482309124767	0.115456238361266	0.0288640595903166	0.0175162942271881	0.0370111731843575	0.269320297951583	0.167364990689013	0.147462756052142	0.0323556797020484	NA	NA	NA	NA	0.02612895716946	NA	0.00273510242085661	NA	NA	0.00465549348230913	0.00238594040968343	0.00343342644320298	0.00354981378026071	NA	NA	NA	0.00587756052141527	0.00186219739292365	0.00523743016759777	0.000523743016759777	NA	NA	0.00378258845437616	0.00104748603351955	0.000640130353817505	NA	0.00029096834264432	NA	0.000523743016759777	NA	NA	0.000872905027932961	NA	NA	NA	NA	NA	0.00029096834264432	0.000581936685288641	NA	NA	NA	NA	NA	NA	NA	NA	NA	NA	NA	0.000407355679702048	0.00122206703910615	NA	NA	0.000116387337057728	NA	NA	NA	NA	NA	NA
NW003-4	0.212039295839652	0.132194896815455	0.102129623524758	0.0514274411551394	0.0341530955363618	0.166809520669875	0.116107338300257	0.104041669413859	0.0209006395463836	NA	NA	NA	NA	0.0112744774840113	NA	NA	NA	NA	0.00534054196611063	0.000527460934924507	0.0019779785059669	0.0019779785059669	0.000527460934924507	NA	NA	0.00771411617327092	0.00336256346014373	0.00909870112744775	0.00039559570119338	NA	NA	0.000593393551790071	0.0019779785059669	0.00105492186984901	NA	0.000857124019252324	NA	0.00039559570119338	NA	NA	NA	NA	NA	NA	0.0106810839322213	NA	0.000461528318058944	0.000791191402386761	NA	NA	NA	NA	NA	NA	NA	NA	NA	NA	NA	NA	0.00118678710358014	NA	NA	NA	NA	NA	NA	NA	NA	NA
NW003-5	0.248850838887612	0.198057917720064	0.0966444495518272	0.0182142036313491	0.0211445644679384	0.21276717995863	0.0876809928752011	0.0583199264536888	0.022236267524707	NA	NA	NA	NA	0.0027005286141117	NA	NA	NA	NA	0.00442427028269363	0.000861870834290968	0.00114916111238796	0.000287290278096989	NA	NA	NA	0.00775683750861871	0.00143645139048495	0.00815904389795449	0.000746954723052172	NA	NA	NA	0.000689496667432774	0.000344748333716387	0.000287290278096989	0.00143645139048495	NA	0.000287290278096989	NA	NA	NA	NA	NA	NA	0.00224086416915652	NA	0.00137899333486555	0.000632038611813376	NA	NA	NA	NA	NA	NA	NA	NA	NA	NA	NA	NA	0.00103424500114916	NA	0.000229832222477591	NA	NA	NA	NA	NA	NA	NA
NW005-1	0.3437354250583	0.374136103455586	0.113504345982616	0.000296798812804749	0.0388382446470214	0.00309518761924952	0.0252278990884036	0.000381598473606106	0.0153911384354463	0.00271358914564342	NA	0.00267118931524274	NA	NA	NA	0.000466398134407462	0.0146703413186347	0.0186559253762985	NA	0.00207759168963324	0.00144159423362307	0.000678397286410854	0.000466398134407462	0.00025439898240407	0.00152639389442442	0.00606317574729701	0.00364638541445834	8.47996608013568e-05	0.0031375874496502	0.0194191223235107	0.00203519185923256	0.00203519185923256	0.000466398134407462	0.000423998304006784	NA	NA	NA	0.000381598473606106	0.00195039219843121	0.000127199491202035	NA	NA	NA	NA	NA	NA	NA	NA	NA	NA	NA	NA	NA	NA	NA	NA	NA	NA	NA	NA	NA	NA	NA	NA	NA	NA	NA	NA	NA	NA
NW005-2	0.225591121119511	0.433408396332636	0.054930030561364	NA	0.0796203956892392	0.00482547852662056	0.0449573749396815	NA	0.0331349525494612	0.0151198327167444	NA	0.00442335531606884	NA	NA	NA	0.000723821778993084	0.0127875180955445	0.011983271674441	0.000804246421103426	0.00152806820009651	0.00715779314782049	0.000562972494772398	0.00402123210551713	0.00152806820009651	0.00032169856844137	0.00611227280038604	0.00136721891587582	0.00217146533697925	0.00820331349525495	0.0360302396654335	0.00329741032652405	0.000482547852662056	NA	0.000723821778993084	NA	NA	NA	NA	0.00329741032652405	NA	NA	NA	NA	NA	NA	0.000723821778993084	NA	NA	NA	NA	NA	NA	NA	NA	NA	NA	NA	0.000160849284220685	NA	NA	NA	NA	NA	NA	NA	NA	NA	NA	NA	NA
NW005-3	0.300569966267303	0.39443992090264	0.0721181807607305	NA	0.0501337675933465	0.00663021984413167	0.0601372571827382	NA	0.0347795742700942	0.0097708502966151	NA	0.00116319646388275	NA	NA	NA	NA	0.00686285913690822	0.0180295451901826	NA	0.00221007328137722	0.00535070373386065	NA	NA	0.000581598231941375	0.0032569500988717	0.00849133418634407	0.0013958357566593	NA	0.00732813772246132	0.00895661277189717	0.00162847504943585	0.0004652785855531	0.000814237524717925	0.00104687681749447	NA	NA	NA	0.0004652785855531	0.00337326974525997	NA	NA	NA	NA	NA	NA	NA	NA	NA	NA	NA	NA	NA	NA	NA	NA	NA	NA	NA	NA	NA	NA	NA	NA	NA	NA	NA	NA	NA	NA	NA
NW005-4	0.219604374396912	0.437359279511097	0.0738983596011579	0.00731746542296558	0.0468800257317465	0.00804117079446767	0.063927307816018	NA	0.0398842071405597	0.00771952396268897	NA	0.00353811514956578	NA	NA	NA	NA	0.00972981666130589	0.0126246381473142	NA	0.00289482148600836	0.00611128980379543	0.0013669990350595	0.00152782245094886	NA	NA	0.00981022836925056	0.00273399807011901	0.000723705371502091	0.0125442264393696	0.0243647475072371	0.00257317465422966	8.04117079446767e-05	0.000804117079446767	0.000884528787391444	NA	NA	NA	0.000321646831778707	0.00273399807011901	NA	NA	NA	NA	NA	NA	NA	NA	NA	NA	NA	NA	NA	NA	NA	NA	NA	NA	NA	NA	NA	NA	NA	NA	NA	NA	NA	NA	NA	NA	NA
NW005-5	0.205207609176515	0.423750236996777	0.0356443152373128	NA	0.0774821462428111	0.00486633381786008	0.0518864943436769	0.000315995702458447	0.0408266447576313	0.0307779814194527	NA	0.0105542564621121	NA	0.00461353725589332	NA	0.000189597421475068	0.0427858181128737	0.0139670100486633	NA	0.00423434241294318	0.00562472350376035	0.00170637679327561	0.00284396132212602	0.00170637679327561	NA	0.00309675788409278	0.00524552866081021	0.00189597421475068	0.00796309170195285	0.00739429943752765	0.00183277507425899	0.0023383681981925	0.00240156733868419	0.00139038109081716	0.000126398280983379	NA	NA	0.000315995702458447	0.00701510459457751	NA	NA	NA	NA	NA	NA	NA	NA	NA	NA	NA	NA	NA	NA	NA	NA	NA	NA	NA	NA	NA	NA	NA	NA	NA	NA	NA	NA	NA	NA	NA
NW006-1	0.143521071287909	0.200866482867271	0.068924773532887	0.00559275305238283	0.0477353288696337	0.00551398188263096	0.0248129184718393	0.046947617172115	0.0374950768018905	NA	0.0316660102402521	NA	NA	0.00181173690429303	NA	0.00409610082709728	0.0446632532493108	0.00401732965734541	NA	0.0882237101220953	0.110200866482867	0.0223710122095313	0.00370224497833793	NA	0.00220559275305238	0.0123670736510437	0.0100827097282395	0.0114218196140213	0.00291453328081922	NA	NA	0.02315872390705	0.00259944860181174	0.00299330445057109	0.000866482867270579	0.00181173690429303	NA	NA	0.000472627018511225	0.000157542339503742	0.00976762504923198	NA	NA	NA	0.014651437573848	0.0018905080740449	0.00228436392280425	0.00094525403702245	NA	0.00724694761717211	NA	NA	NA	NA	NA	NA	NA	NA	NA	NA	NA	NA	NA	NA	NA	NA	NA	NA	NA	NA
NW006-2	0.0292269472453602	0.336767499634663	0.00906035364606167	0.00270349262019582	0.145769399386234	0.00102294315358761	0.00986409469530907	0.000511471576793804	0.0604267134297823	0.000219202104340202	0.0619611281601637	NA	NA	0.00116907788981441	0.00146134736226801	0.00241122314774222	0.055823469238638	0.00796434312436066	NA	0.0850504164839982	0.0493204734765454	0.0412099956159579	0.00189975157094841	NA	0.000730673681134006	0.0159286862487213	0.0111793073213503	NA	0.0105217010083297	0.00284962735642262	0.00708753470699985	0.023527692532515	0.00241122314774222	0.00182668420283501	NA	NA	NA	NA	0.00102294315358761	0.000438404208680403	0.00489551366359784	NA	NA	NA	0.00672219786643285	NA	0.000365336840567003	NA	NA	0.00664913049831945	NA	NA	NA	NA	NA	NA	NA	NA	NA	NA	NA	NA	NA	NA	NA	NA	NA	NA	NA	NA
NW006-3	0.0844786415494826	0.188485009286283	0.00939241178031308	0.0260546564075352	0.0604934996020164	0.00334306182011144	0.0164499867338817	0.0153886972671796	0.0729636508357655	NA	0.00546564075351552	0.00260015919342001	NA	0.00106128946670204	0.00106128946670204	0.000424515786680817	0.0913239586097108	0.00281241708676041	NA	0.132024409657734	0.111966038737066	0.046219156274874	0.00795967100026532	0.000849031573361634	0.000849031573361634	0.0151233749005041	0.0101353144070045	0.00859644468028655	0.00668612364022287	NA	0.00201644998673388	0.0365614221278854	0.00445741576014858	0.00318386840010613	0.000530644733351021	0.00376757760679225	NA	NA	0.000477580260015919	NA	0.0108251525603608	NA	NA	NA	0.00159193420005306	0.000689838153356328	0.00228177235340939	0.00169806314672327	NA	0.00875563810029185	0.000583709206686124	NA	NA	NA	NA	NA	NA	NA	NA	0.000371451313345715	NA	NA	NA	NA	NA	NA	NA	NA	NA	NA
NW007-1	0.574574328749181	0.0906188605108055	0.0350360183366077	0.00188277668631303	0.00139161755075311	NA	0.0237393582187295	NA	0.0035199738048461	NA	0.00998690242305173	0.138998035363458	NA	NA	NA	0.00327439423706614	NA	0.0253765553372626	0.0525540275049116	NA	NA	NA	NA	NA	0.0322527832351015	0.00507531106745252	0.000409299279633268	NA	0.000573018991486575	NA	NA	0.000736738703339882	NA	NA	NA	NA	NA	NA	NA	NA	NA	NA	NA	NA	NA	NA	NA	NA	NA	NA	NA	NA	NA	NA	NA	NA	NA	NA	NA	NA	NA	NA	NA	NA	NA	NA	NA	NA	NA	NA
NW007-2	0.302904032309763	0.228219757676774	0.0207064555420219	0.00153856016411308	0.0132059747419706	NA	NA	NA	0.0172446951727675	NA	0.0569908327456888	0.178537085710622	NA	NA	NA	NA	NA	0.0160907750496827	0.0498108853131611	NA	NA	NA	NA	NA	0.0989165972177704	0.00532085390089108	0.00102570677607539	NA	0.00294890698121674	NA	0.00153856016411308	0.00352586704275915	NA	NA	NA	NA	NA	NA	NA	0.000384640041028271	NA	NA	0.0010898134495801	NA	NA	NA	NA	NA	NA	NA	NA	NA	NA	NA	NA	NA	NA	NA	NA	NA	NA	NA	NA	NA	NA	NA	NA	NA	NA	NA
NW007-4	0.399623785139513	0.160100323962797	0.0958302852962692	NA	0.0519385515727871	NA	0.0708537987250496	NA	0.0122269829658271	NA	NA	0.154875117567144	NA	NA	NA	0.00532971052356568	NA	0.0110774375587836	0.005956735291044	NA	NA	NA	NA	0.00261260319782631	0.0228864040129585	0.00365764447695684	0.00104504127913053	NA	NA	NA	NA	0.001985578430348	NA	NA	NA	NA	NA	NA	NA	NA	NA	NA	NA	NA	NA	NA	NA	NA	NA	NA	NA	NA	NA	NA	NA	NA	NA	NA	NA	NA	NA	NA	NA	NA	NA	NA	NA	NA	NA	NA
NW007-5	0.258145814581458	0.207500750075008	NA	NA	NA	NA	NA	NA	0.00504050405040504	0.0015001500150015	NA	0.293609360936094	NA	NA	NA	NA	NA	NA	NA	NA	NA	NA	NA	0.109150915091509	0.121092109210921	NA	NA	NA	NA	NA	0.00396039603960396	NA	NA	NA	NA	NA	NA	NA	NA	NA	NA	NA	NA	NA	NA	NA	NA	NA	NA	NA	NA	NA	NA	NA	NA	NA	NA	NA	NA	NA	NA	NA	NA	NA	NA	NA	NA	NA	NA	NA
NW007-6	0.106210889276744	0.114171384785663	0.00630028521561449	0.00557660380571283	0.000766250904601762	NA	0.00110680686220255	NA	0.00246903069260568	0.00123451534630284	NA	0.141032735941424	NA	0.000170277978800392	NA	0.000553403431101273	NA	NA	0.000170277978800392	NA	NA	NA	0.000723681409901664	0.609297177642501	0.000638542420501469	0.00225618321910519	0.00021284747350049	NA	NA	NA	0.00251160018730578	0.00255416968200587	NA	NA	NA	NA	NA	NA	NA	NA	NA	NA	NA	NA	NA	0.00170277978800392	NA	NA	0.000340555957600783	NA	NA	NA	NA	NA	NA	NA	NA	NA	NA	NA	NA	NA	NA	NA	NA	NA	NA	NA	NA	NA
NW008-1	0.14301822965608	0.390590741088768	0.0112134310593247	0.0257470400300695	0.0851343732381131	0.00350811251017979	0.0320115266553906	NA	0.00739209421787884	0.00131554219131742	0.0274384514189062	0.0385265927457245	NA	0.000375869197519263	NA	0.0137192257094531	0.0625822213869573	0.0446657896385391	0.0259349746288292	0.0159744408945687	0.00745473908413206	0.0207980955960659	0.00231786005136879	NA	NA	0.00194199085384953	0.00194199085384953	NA	0.00269372924888805	NA	0.0126542629831485	0.0137192257094531	0.00657771095658711	0.000751738395038527	NA	NA	NA	NA	NA	NA	NA	NA	NA	NA	NA	NA	NA	NA	NA	NA	NA	NA	NA	NA	NA	NA	NA	NA	NA	NA	NA	NA	NA	NA	NA	NA	NA	NA	NA	NA
NW010-1	0.335978639768597	0.336534895794704	0.00871467774234221	0.184343247051843	0.00259586145516576	NA	0.0101980271452941	NA	0.00522880664540533	0.0317436772231699	0.0390120892976341	0.000519172291033153	0.00022250241044278	0.00192835422383742	NA	0.00482088555959356	NA	NA	0.0121263813691315	0.000407921085811763	NA	0.00289253133575614	0.00697174219387377	0.00270711266038715	NA	0.006563821108062	0.00474671808944597	NA	NA	NA	NA	NA	NA	NA	NA	NA	NA	NA	NA	NA	NA	NA	NA	NA	NA	NA	NA	NA	NA	NA	NA	NA	0.000185418675368983	NA	0.000296669880590373	NA	NA	0.000667507231328339	NA	NA	NA	NA	NA	NA	0.000593339761180746	NA	NA	NA	NA	NA
NW010-2	0.426902907993008	0.117590974098204	0.0643572223105037	0.000635626887017321	0.0117590974098204	NA	0.0297155569680597	0.0927220721436517	0.0232798347370094	0.00635626887017321	0.000397266804385826	NA	NA	NA	NA	0.00150961385666614	0.0467185761957731	0.14293659621802	NA	0.00595900206578738	0.000397266804385826	NA	0.000397266804385826	0.00254250754806928	0.00444938820912125	0.0177180994756078	NA	NA	NA	NA	NA	0.0031781344350866	0.000476720165262991	NA	NA	NA	NA	NA	NA	NA	NA	NA	NA	NA	NA	NA	NA	NA	NA	NA	NA	NA	NA	NA	NA	NA	NA	NA	NA	NA	NA	NA	NA	NA	NA	NA	NA	NA	NA	NA
NW010-4	0.00867392963708278	0.244257858580251	0.000277565748386649	0.396919020192908	0.00832697245159947	NA	0.00381652904031643	NA	0.00978419263062938	0.0333772812434946	0.00305322323225314	0.000832697245159947	NA	0.00173478592741656	NA	0.068419956977309	NA	NA	0.177364513219069	NA	NA	0.0122822843661092	0.00804940670321282	0.00895149538546943	NA	0.00874332107417945	0.00201235167580321	NA	NA	NA	0.000485740059676636	NA	NA	NA	NA	NA	NA	NA	NA	NA	NA	NA	NA	NA	NA	0.00187356880160988	NA	NA	NA	NA	NA	NA	0.000763305808063285	NA	NA	NA	NA	NA	NA	NA	NA	NA	NA	NA	NA	NA	NA	NA	NA	NA
NW010-5	0.00176481515883336	0.46535389188185	NA	0.204997213449749	0.0167193015047371	NA	NA	NA	0.00873119078580717	0.0101244659112019	0.000835965075236857	0.00594464053501765	NA	NA	NA	NA	NA	NA	0.242522756827048	NA	NA	0.00761657068549136	0.00102173509195616	0.00919561582760542	NA	0.00241501021735092	0.0199702767973249	NA	NA	NA	0.00111462010031581	0.00139327512539476	NA	NA	NA	NA	NA	NA	NA	NA	NA	NA	NA	NA	NA	NA	NA	NA	NA	NA	NA	NA	NA	NA	NA	NA	NA	0.000278655025078952	NA	NA	NA	NA	NA	NA	NA	NA	NA	NA	NA	NA
NW011-1	0.308149658130547	0.260202998258802	0.0115088970994182	0.000467150804773432	0.101753938930649	NA	0.029090754660891	NA	0.0437847708837644	0.0073045398564573	NA	0.02276298466896	0.000169873019917612	0.0578842315369262	NA	0.0371597231069775	NA	NA	0.0323183420393256	0.0265426593621268	0.00335499214337283	0.00161379368921731	0.00301524610353761	0.00951288911538625	0.0141843971631206	NA	0.00242069053382597	NA	0.00993757166518028	NA	0.00670998428674566	0.00632776999193103	0.000934301609546864	NA	NA	NA	NA	NA	NA	0.00165626194419671	NA	NA	NA	NA	NA	NA	NA	NA	NA	NA	NA	NA	NA	NA	NA	NA	NA	NA	NA	NA	NA	0.00123157939440268	NA	NA	NA	NA	NA	NA	NA	NA
NW011-2	0.343852816759551	0.262136574229504	0.00916537970858793	0.000268582555563016	0.11750486805882	NA	0.0321627610286712	0.0024843886389579	0.0415967232928221	0.00188007788894111	NA	0.0209158665144699	NA	0.0272947022090915	NA	0.0402538105150071	NA	NA	0.0336735379037132	0.0184986235144027	0.00221580608339488	0.0024843886389579	0.00191365070838649	0.00369301013899147	0.00684885516685691	0.000235009736117639	0.00191365070838649	NA	0.0106090109447391	NA	0.0100718458336131	0.00198079634727724	0.000604310750016786	NA	NA	NA	NA	NA	NA	0.00543879675015108	NA	NA	NA	NA	NA	NA	NA	NA	NA	NA	NA	NA	NA	NA	NA	NA	NA	NA	NA	NA	NA	0.000302155375008393	NA	NA	NA	NA	NA	NA	NA	NA
NW011-4	0.451764600501612	0.176236116087424	0.0257524184879971	0.00936044428520244	0.0713901827302042	NA	0.0501164457183805	0.0214080974561089	0.0294249372984593	0.0076137585094948	NA	0.0419204586169832	NA	0.00582228591902544	NA	0.0199749193837334	NA	NA	0.0345754209960588	0.0152275170189896	0.00344858473665353	0.00179147259046937	0.00371730562522393	0.00841992117520602	0.00488176280902902	0.00429953421712648	0.0036725188104622	NA	0.00304550340379792	NA	0.00161232533142243	0.00309029021855966	0.000895736295234683	NA	0.000223934073808671	NA	NA	NA	NA	NA	NA	NA	NA	NA	NA	NA	NA	NA	NA	NA	NA	NA	NA	NA	NA	NA	NA	NA	NA	NA	NA	NA	NA	NA	NA	0.000313507703332139	NA	NA	NA	NA
NW011-5	0.381492379409528	0.153734254636823	0.0137534300922406	0.000661222600588488	0.0626177802757298	NA	0.0257215591628922	0.00165305650147122	0.0223823850299203	0.0148444473832116	NA	0.109994379607895	0.00029755017026482	0.0264489040235395	NA	0.0274407379244223	NA	NA	0.0364003041623963	0.0223162627698615	0.0025787681422951	0.00152081198135352	0.0115713955102985	0.0199358614077429	0.0320031738684828	NA	0.0043310080338546	NA	0.00320692961285417	NA	0.0125962905412107	0.00330611300294244	0.000595100340529639	NA	NA	NA	NA	NA	0.000462855820411942	0.00644692035573776	NA	NA	NA	NA	NA	0.000363672430323668	NA	NA	NA	NA	NA	NA	NA	NA	0.000793467120706186	NA	NA	NA	NA	NA	NA	9.91833900882732e-05	NA	NA	NA	0.000429794690382517	NA	NA	NA	NA
NW011-6	0.491265818168557	0.137121184493636	0.00897122643229641	0.000984646803544728	0.0808139746909303	NA	0.0295394041063419	0.00510557601838007	0.0328580285182889	0.00412092921483535	NA	0.0512016337843259	NA	0.0388388461398198	NA	0.0559789942015244	NA	NA	0.0167389956602604	0.0156449436563218	0.00277159840997775	0.00207869880748332	0.00382918201378506	0.00284453521024033	0.00733014842638853	0.000474089201706721	0.00127639400459502	NA	0.00164107800590788	NA	0.00058349440210058	0.00517851281864265	0.000182342000656431	NA	NA	NA	NA	NA	NA	0.0018598884066956	NA	NA	NA	NA	NA	NA	NA	NA	NA	0.000145873600525145	NA	NA	NA	NA	NA	NA	NA	NA	NA	NA	NA	0.000364684001312862	NA	NA	NA	0.000255278800919004	NA	NA	NA	NA
NW012-1	0.217838265284888	0.299496399883464	0.0612227910267616	0.00158155408498772	0.0682565447205227	0.00166479377367129	0.00778291089191326	NA	0.0118200357930661	0.000291338910392475	0.0684230240978899	0.000499438132101386	NA	0.0228909143879802	0.00849044824572356	0.0157739210055354	0.00137345486327881	NA	0.0740417030840305	0.0239730303408665	NA	0.00129021517459525	NA	NA	0.0826153910184376	NA	0.0139010280101552	0.000707537353810297	0.00432846381154535	NA	0.00516086069838099	0.000790777042493861	0.000291338910392475	0.000832396886835643	NA	NA	NA	0.000790777042493861	0.00220585175011445	NA	NA	NA	0.00166479377367129	NA	NA	NA	NA	NA	NA	NA	NA	NA	NA	NA	NA	NA	NA	NA	NA	NA	NA	NA	NA	NA	NA	NA	NA	NA	NA	NA
NW012-3	0.199376150542033	0.388474125588055	0.00966455307833913	0.00189200245448967	0.0860605440785437	0.0364593986500307	0.0290447944364901	NA	0.0433115156473717	NA	0.0134485579873185	0.00178973205154428	NA	0.0158519124565351	0.0202495397831867	0.0182552669257517	0.014368991613827	NA	0.0272039271834731	0.030732256085089	0.0156473716506443	0.00230108406627122	0.000767028022090407	NA	NA	NA	0.0206074861934956	0.00265903047658008	0.00501124974432399	NA	0.00373286970750665	0.00230108406627122	0.00572714256494171	0.00117610963387196	NA	0.00107383923092657	NA	0.000357946410308857	0.00219881366332583	NA	0.000255676007363469	NA	NA	NA	NA	NA	NA	NA	NA	NA	NA	NA	NA	NA	NA	NA	NA	NA	NA	NA	NA	NA	NA	NA	NA	NA	NA	NA	NA	NA
NW012-4	0.497853550840182	0.20722433460076	0.0683797375199313	0.0117748068195756	0.012633386483503	0.00233043051637434	0.00208512204096652	NA	0.00521280510241629	0.000245308475407825	0.107445112228628	0.000490616950815651	NA	0.0116521525818717	0.00582607629093585	0.0166809763277321	0.00128786949589108	NA	0.00876977799582976	0.00104256102048326	NA	0.000735925426223476	NA	NA	0.0288237458604195	NA	0.00502882374586042	NA	0.00171715932785478	NA	0.00202379492211456	0.000245308475407825	NA	NA	NA	NA	NA	0.000490616950815651	NA	NA	NA	NA	NA	NA	NA	NA	NA	NA	NA	NA	NA	NA	NA	NA	NA	NA	NA	NA	NA	NA	NA	NA	NA	NA	NA	NA	NA	NA	NA	NA
NW012-5	0.232432227775254	0.445138573375738	0.00995759503256096	0.00458125094653945	0.065765561108587	0.00408905043162199	0.0137437528396184	NA	0.0106012418597607	0.000795093139482054	0.0205966984703922	0.00147660154475239	NA	0.00571709828865667	0.0163940633045585	0.00791306981674996	0.00935180978343177	NA	0.0515296077540512	0.031197940330153	0.000454338936846888	0.00196880205966985	0.00037861578070574	NA	0.00651219142813872	NA	0.0331288808117522	0.000946539451764349	0.0120778434045131	NA	0.00393760411933969	0.00208238679388157	0.0036347114947751	0.00132515523247009	NA	0.00018930789035287	NA	0.000795093139482054	0.00128729365439952	NA	NA	NA	NA	NA	NA	NA	NA	NA	NA	NA	NA	NA	NA	NA	NA	NA	NA	NA	NA	NA	NA	NA	NA	NA	NA	NA	NA	NA	NA	NA
NW012-6	0.103683559950556	0.625463535228677	0.00613102595797281	0.00291718170580964	0.0460321384425216	NA	0.00608158220024722	0.00034610630407911	0.014487021013597	0.000791100123609394	0.00736711990111248	0.00301606922126082	NA	0.016761433868974	0.00449938195302843	0.00400494437577256	0.0173547589616811	NA	0.00983930778739184	0.0164153275648949	0.000988875154511743	0.00069221260815822	0.00034610630407911	NA	0.00380716934487021	NA	0.0707540173053152	0.00227441285537701	0.00647713226205192	NA	0.00553770086526576	0.00964153275648949	0.00800988875154512	0.00415327564894932	NA	NA	NA	0.00123609394313968	0.000593325092707046	NA	NA	NA	NA	NA	NA	NA	NA	NA	NA	NA	NA	NA	NA	NA	NA	NA	NA	NA	NA	NA	NA	NA	NA	0.000296662546353523	NA	NA	NA	NA	NA	NA
NW013-1	0.351474327519293	0.21149127894009	NA	0.00285497613418388	0.0648168800463934	0.00410402819288933	0.0716420573671767	0.0720881473881429	0.0457242271490387	0.000133827006289869	NA	NA	NA	NA	0.0437614310567873	NA	0.0121782575723781	NA	0.00686978632287996	0.0081188383815854	0.0193603069099344	0.0192710889057412	0.000624526029352723	NA	NA	0.00588838827675425	0.0272561002810367	0.00593299727885087	0.00767274836061917	NA	0.0059776062809475	0.0011598340545122	0.00374715617611634	0.00437168220546906	NA	NA	NA	0.000223045010483115	8.92180041932462e-05	NA	0.000981398046125708	NA	NA	NA	NA	NA	0.000312263014676362	0.0011598340545122	NA	NA	NA	NA	NA	NA	NA	NA	NA	NA	NA	NA	NA	0.000312263014676362	NA	0.000401481018869608	NA	NA	NA	NA	NA	NA
NW013-2	0.608365289021446	0.220600766936515	NA	0.0395895469393552	0.0326303081948587	NA	0.0170430336599915	0.000816645362874592	0.0196705013492402	NA	NA	NA	NA	NA	0.0170785399801165	0.0097997443544951	NA	NA	NA	NA	0.000284050560999858	0.00887658003124556	NA	NA	NA	0.0034086067319983	0.0187118307058656	NA	0.000674620082374663	NA	0.000497088481749751	0.00110069592387445	NA	NA	NA	NA	NA	NA	NA	NA	NA	0.000852151682999574	NA	NA	NA	NA	NA	NA	NA	NA	NA	NA	NA	NA	NA	NA	NA	NA	NA	NA	NA	NA	NA	NA	NA	NA	NA	NA	NA	NA
NW013-3	0.376379006867144	0.296849046780871	NA	0.0011403921957508	0.0622505392071795	0.00185933510176761	0.0617051342439943	4.95822693804695e-05	0.0475741874705605	NA	NA	0.00272702481592582	NA	NA	0.030195602052706	0.000371867020353522	0.000173537942831643	NA	NA	0.00790837196618489	0.00128913900389221	0.024072191784218	NA	NA	NA	0.00518134715025907	0.0367900438803084	NA	0.0358727718967697	NA	0.00153705035079456	0.00327242977911099	0.000768525175397278	NA	NA	7.43734040707043e-05	NA	NA	0.000594987232565635	NA	0.000223120212212113	NA	NA	NA	NA	NA	NA	0.0011403921957508	NA	NA	NA	NA	NA	NA	NA	NA	NA	NA	NA	NA	NA	NA	NA	NA	NA	NA	NA	NA	NA	NA
NW013-4	0.405014311459769	0.263012827308385	NA	NA	0.0584649634262695	0.00137814057033817	0.0929184776847238	NA	0.0392240008480865	NA	NA	0.00153715678999258	NA	NA	0.0495600551256228	NA	0.00604261634686738	NA	NA	0.00694370825824234	0.00238524329481607	0.0147885084278596	0.00090109191137496	NA	NA	0.00174917841619845	0.0213081734336902	0.00837485423513198	0.0107600975299481	NA	0.000795081098272024	0.00911692992685254	0.00212021626205873	0.00302130817343369	NA	0.000106010813102936	NA	NA	NA	NA	0.000159016219654405	NA	NA	NA	NA	NA	NA	NA	NA	NA	NA	NA	NA	NA	NA	NA	NA	NA	NA	NA	NA	NA	NA	0.000318032439308809	NA	NA	NA	NA	NA	NA
NW013-5	0.528904518739763	0.198622217940071	NA	0.00048174197899605	0.114461894209461	0.00231236149918104	0.0515463917525773	NA	0.013777820599287	0.00019269679159842	NA	NA	NA	NA	0.0283264283649677	NA	0.00568455535215339	NA	NA	0.00539551016475576	0.00419115521726563	0.0106464977358127	0.000240870989498025	NA	NA	0.00144522593698815	0.0176317564312554	0.00149340013488775	0.0108391945274111	NA	0.00057809037479526	0.000867135562192889	NA	0.00130070334328933	NA	9.63483957992099e-05	0.00048174197899605	NA	NA	NA	NA	NA	NA	NA	NA	NA	NA	0.00028904518739763	NA	NA	NA	NA	NA	NA	NA	NA	NA	NA	NA	NA	NA	0.00019269679159842	NA	NA	NA	NA	NA	NA	NA	NA
NW014-1	0.341254586755198	0.355233269264372	0.0480517211252839	0.00262100297047003	0.0744364843613489	0.00305783679888171	0.0137165822121265	0.00366940415865805	0.00777564214572777	NA	0.0537305608946357	NA	NA	NA	0.0126681810239385	NA	0.00358203739297571	0.00891141009959811	0.0175607199021492	0.00192206884501136	NA	NA	0.000611567359776341	NA	0.0239384937969596	0.0115324130700681	0.00838720950550411	NA	0.00174733531364669	NA	0.00340730386161104	0.00218416914205836	NA	NA	NA	NA	NA	NA	NA	NA	NA	NA	NA	NA	NA	NA	NA	NA	NA	NA	NA	NA	NA	NA	NA	NA	NA	NA	NA	NA	NA	NA	NA	NA	NA	NA	NA	NA	NA	NA
NW015-1	0.311470659261048	0.190678580053127	0.10837961844965	0.00743781695242695	0.0617242212026081	0.00854865974402318	0.0374788698382033	0.0883361506882396	0.0391209852692586	0.000531272639459068	NA	NA	NA	0.00236657812122676	0.0482975126780971	0.00082105771552765	NA	NA	NA	0.00729292441439266	0.00376720598889157	0.00106254527891814	0.000724462690171456	NA	0.00647186669886501	0.00623037913547452	0.00608548659744023	0.0364646220719633	0.00579570152137165	NA	0.00140062786766482	NA	0.000676165177493359	0.000241487563390485	NA	0.00135233035498672	0.0114948080173871	NA	0.000772760202849553	NA	0.00120743781695243	NA	0.000482975126780971	NA	0.00140062786766482	NA	NA	0.000386380101424777	NA	NA	NA	NA	NA	NA	NA	NA	NA	NA	NA	0.00111084279159623	0.000386380101424777	NA	NA	NA	NA	NA	NA	NA	NA	NA
NW015-2	0.198110106820049	0.319884963023829	0.109531635168447	0.000493015612161052	0.119391947411668	0.00402629416598192	0.0470829909613804	0.0312243221035333	0.0483155299917831	0.00147904683648316	NA	NA	NA	NA	0.0634346754313887	NA	NA	NA	NA	0.00706655710764174	0.000493015612161052	0.00197206244864421	0.000903861955628595	NA	0.0037797863599014	0.00550534100246508	0.00690221857025472	0.0112571898110107	0.0114215283483977	NA	0.00304026294165982	0.000821692686935086	NA	NA	NA	0.00164338537387017	NA	NA	NA	NA	NA	NA	0.00164338537387017	NA	0.00057518488085456	NA	NA	NA	NA	NA	NA	NA	NA	NA	NA	NA	NA	NA	NA	NA	NA	NA	NA	NA	NA	NA	NA	NA	NA	NA
NW015-3	0.290553017785985	0.263971231412188	0.115706093886675	NA	0.115851880649237	0.010934007192147	0.039653999416853	NA	0.0306638157255321	0.00131208086305763	NA	NA	NA	NA	0.0507337933715619	0.00136067645057829	NA	NA	NA	0.00646321314024687	0.000583147050247837	0.000631742637768491	0.00116629410049567	NA	0.0166196909320634	0.00719214695305666	0.00413062493925552	0.0186121100204101	0.0069491690154534	NA	0.00126348527553698	0.000437360287685878	0.000291573525123919	NA	NA	0.00145786762561959	0.000291573525123919	NA	0.0015550588006609	NA	NA	NA	0.00991349985421324	0.000631742637768491	0.000680338225289144	NA	NA	NA	NA	NA	NA	NA	NA	NA	NA	NA	NA	NA	NA	0.000388764700165225	NA	NA	NA	NA	NA	NA	NA	NA	NA	NA
NW015-5	0.316608996539792	0.159591526711115	0.103721833066082	0.00670942695586125	0.0851548653894843	0.0124905055278926	0.0746898472444932	NA	0.0602160519875095	0.00109713899907165	NA	NA	NA	0.000253185922862689	0.085028272428053	0.00367119588150899	NA	NA	NA	0.0107604017216643	0.00244746392100599	0.000928348383829859	0.000928348383829859	NA	0.00835513545446873	0.0107182040678538	0.00413537007342392	0.022786733057642	0.00502152080344333	NA	0.000759557768588066	NA	NA	0.000253185922862689	NA	0.0135876445269643	NA	NA	0.000801755422398515	NA	0.00607646214870453	NA	0.00126592961431344	NA	0.000548569499535826	NA	0.000210988269052241	0.000548569499535826	NA	NA	NA	NA	NA	NA	NA	NA	NA	NA	NA	0.000421976538104481	NA	NA	0.000210988269052241	NA	NA	NA	NA	NA	NA	NA
NW015-6	0.242769839903598	0.209932862799105	0.110518161473575	0.0003873300051644	0.0841366844551558	0.0118350834911344	0.0650284042003787	0.0130401101738681	0.0567223274229644	0.000817696677569289	NA	NA	NA	NA	0.0973489412979859	0.00129110001721467	NA	NA	NA	0.0117490101566535	0.00241005336546738	0.00137717335169564	0.00107591668101222	NA	0.00951110346014805	0.0119211568256154	0.00370115338268204	0.0355482871406438	0.00529351007058013	NA	0.000559476674126356	NA	0.000258220003442933	NA	NA	0.0108882768118437	NA	NA	0.00103288001377173	NA	0.00662764675503529	NA	0.00167843002237907	NA	0.00107591668101222	NA	0.000301256670683422	0.000215183336202444	NA	NA	NA	NA	NA	NA	NA	NA	NA	NA	NA	0.000473403339645378	0.000473403339645378	NA	NA	NA	NA	NA	NA	NA	NA	NA
NW016-1	0.361255937898274	0.103232533889468	0.101204958869192	0.0184219673270768	0.0212026416405978	0.078322326497509	0.0260688216892596	NA	0.0128026879851697	0.000347584289190129	0.00880546865948326	NA	NA	NA	0.0309929324527865	NA	0.00150619858649056	0.0130344108446298	NA	0.000579307148650214	NA	0.00260688216892596	NA	0.000347584289190129	0.00503997219325686	0.013439925848685	NA	0.00799443865137296	0.00144826787162554	NA	0.00167999073108562	0.000347584289190129	0.000695168578380257	NA	NA	NA	0.173618352450469	0.00335998146217124	NA	NA	NA	NA	0.0110068358243541	NA	NA	NA	NA	0.000463445718920171	NA	NA	NA	NA	NA	NA	NA	NA	NA	NA	NA	NA	NA	NA	0.000173792144595064	NA	NA	NA	NA	NA	NA	NA
NW016-2-1	0.420319565872777	0.203075067832379	0.102924329213144	0.000542659029243292	0.0182695206511908	0.0526379258365993	0.0191739523665963	NA	0.0108531805848658	0.000482363581549593	0.0579439252336449	NA	NA	NA	0.0534820621043111	NA	0.000301477238468496	0.0151341573711185	NA	0.00072354537232439	NA	0.00205004522158577	0.000602954476936991	NA	0.00608984021706361	0.0141091347603256	0.00120590895387398	0.00560747663551402	0.00186915887850467	NA	0.00180886343081097	NA	0.000241181790774797	NA	NA	NA	NA	0.00186915887850467	NA	NA	NA	NA	0.00850165812481158	NA	NA	NA	NA	0.000180886343081097	NA	NA	NA	NA	NA	NA	NA	NA	NA	NA	NA	NA	NA	NA	NA	NA	NA	NA	NA	NA	NA	NA
NW016-2-2	0.198682234387869	0.0468969526670219	0.136621287728308	0.00159875975001211	0.0331863766290393	0.0168112010077031	0.0482050288261228	0.133423768228284	0.0193789060607529	0.015212441257691	0.145051111864735	0.00455404292427692	NA	0.00857516593188314	0.00528075190155516	0.00901119131825008	0.00305217770456858	0.026742890363839	0.0428758296594157	0.015212441257691	NA	0.0243689743713967	0.00125962889394894	0.0327503512426724	0.00508696284094763	0.0162782810910324	0.00184099607577152	NA	NA	0.00203478513637905	NA	0.00150186521970835	0.00164720701516399	0.000581367181822586	NA	0.000193789060607529	NA	NA	0.00067826171212635	NA	NA	NA	NA	NA	NA	NA	NA	0.000872050772733879	NA	NA	NA	NA	NA	NA	NA	0.000532919916670704	NA	NA	NA	NA	NA	NA	NA	NA	NA	NA	NA	NA	NA	NA
NW016-2-3	0.576702919290212	0.173440183171151	0.0953062392673154	NA	0.00601030337721809	0.0137378362907842	0.0117344018317115	NA	0.00658271322266743	NA	0.066971951917573	NA	NA	NA	0.0131654264453349	NA	NA	0.0048654836863194	NA	0.0020034344590727	NA	NA	NA	NA	0.0148826559816829	0.00143102461362335	NA	0.00171722953634803	0.00858614768174013	NA	NA	NA	NA	NA	NA	NA	NA	NA	NA	NA	NA	NA	0.00286204922724671	NA	NA	NA	NA	NA	NA	NA	NA	NA	NA	NA	NA	NA	NA	NA	NA	NA	NA	NA	NA	NA	NA	NA	NA	NA	NA	NA
NW016-3	0.497328319810014	0.219077775578864	0.0653077379774391	0.00108846229962399	0.00712448050662973	0.0213734415198892	0.0201860281021176	0.0174153967939838	0.00573916485256283	NA	0.0594696220067287	NA	NA	NA	0.0371066693053632	NA	0.000989511181476351	0.0177122501484267	NA	0.00138531565406689	NA	0.00138531565406689	0.00108846229962399	NA	0.00969720957846824	0.00346328913516723	0.00019790223629527	0.000890560063328716	0.00385909360775777	NA	0.00079160894518108	NA	0.000494755590738175	NA	NA	NA	0.00435384919849594	NA	NA	NA	NA	NA	0.00247377795369088	NA	NA	NA	NA	NA	NA	NA	NA	NA	NA	NA	NA	NA	NA	NA	NA	NA	NA	NA	NA	NA	NA	NA	NA	NA	NA	NA
NW016-4-1	0.172745452814018	0.272545471859823	0.0273307304066279	NA	0.00742786401295115	0.00295209980001905	0.00485668031616037	0.415198552518808	0.00685648985810875	0.00123797733549186	0.0233311113227312	NA	NA	NA	0.0235215693743453	NA	0.00209503856775545	0.00571374154842396	NA	0.00238072564517665	NA	NA	0.00161889343872012	NA	0.00123797733549186	0.00904675745167127	NA	0.00171412246452719	0.0131416055613751	NA	0.00247595467098372	NA	NA	0.00047614512903533	NA	NA	NA	NA	NA	NA	NA	NA	0.00209503856775545	NA	NA	NA	NA	NA	NA	NA	NA	NA	NA	NA	NA	NA	NA	NA	NA	NA	NA	NA	NA	NA	NA	NA	NA	NA	NA	NA
NW016-4-2	0.42131395700878	0.195155918861641	0.0816833181955798	0.00139267332727823	0.00369361186799879	0.00587344838026037	0.0104753254617015	0.1301846805934	0.00254314259763851	0.000423857099606418	0.0501967907962458	NA	NA	0.00127157129881926	0.0510445049954587	0.000181653042688465	0.00151377535573721	0.0193763245534363	NA	0.0015743263699667	NA	NA	NA	NA	0.00411746896760521	0.00871934604904632	0.000302755071147442	0.00169542839842567	0.00248259158340902	NA	NA	NA	NA	NA	NA	NA	0.00254314259763851	NA	NA	NA	NA	NA	0.00224038752649107	NA	NA	NA	NA	NA	NA	NA	NA	NA	NA	NA	NA	NA	NA	NA	NA	NA	NA	NA	NA	NA	NA	NA	NA	NA	NA	NA
NW016-5	0.0081783707223466	0.204413578836752	0.00466030063508018	0.0025129072051903	0.0112852378124001	NA	0.000365513775300407	0.742678302188514	0.00456892219125508	0.00150774432311418	0.00214739342988989	NA	NA	NA	0.00443185452551743	0.000274135331475305	0.000593959884863161	0.000411202997212957	NA	0.00187325809841458	NA	0.000228446109562754	0.00127929821355142	NA	NA	0.000182756887650203	NA	0.000228446109562754	0.00452323296934253	NA	0.00191894732032713	NA	9.13784438251017e-05	NA	NA	NA	0.00164481198885183	NA	NA	NA	NA	NA	NA	NA	NA	NA	NA	NA	NA	NA	NA	NA	NA	NA	NA	NA	NA	NA	NA	NA	NA	NA	NA	NA	NA	NA	NA	NA	NA	NA
NW018-1	0.514043829092994	0.195731734203448	0.067816041271661	0.000308655584461396	0.0513250143304379	NA	0.0512368270205917	0.0403016005996737	0.00837779443538075	0.000617311168922792	NA	0.00520305128092068	NA	NA	NA	0.00696679747784294	0.00520305128092068	NA	0.0180343048635301	0.00291018122492173	0.00110234137307641	0.000308655584461396	NA	NA	0.00709907844261211	0.00626129899907403	0.00476211473169011	NA	0.00242515102076811	NA	0.00776048326645796	0.000396842894307509	NA	NA	NA	NA	NA	0.00180783985184532	NA	NA	NA	NA	NA	NA	NA	NA	NA	NA	NA	NA	NA	NA	NA	NA	NA	NA	NA	NA	NA	NA	NA	NA	NA	NA	NA	NA	NA	NA	NA	NA
NW018-2	0.451282647897155	0.214123669361875	0.0451980687569077	NA	0.095864114943866	NA	0.0482810773078937	0.0315862951544413	0.0157640625908906	NA	NA	0.0101215752428596	NA	NA	NA	0.00302483857832587	0.0239660287359665	NA	0.0155895526729102	0.00890000581699727	0.000988889535221918	NA	NA	NA	0.0111104647780816	NA	0.00395555814088767	NA	0.00639869699261241	NA	0.0101797452155197	0.000465359781280903	0.000290849863300564	NA	NA	NA	NA	0.00290849863300564	NA	NA	NA	NA	NA	NA	NA	NA	NA	NA	NA	NA	NA	NA	NA	NA	NA	NA	NA	NA	NA	NA	NA	NA	NA	NA	NA	NA	NA	NA	NA	NA
NW018-3-1	0.529219414210305	0.144999299294623	0.040967907693745	NA	0.0406876255430467	NA	0.084131358901294	0.0441444387349932	0.0322324473303125	0.000607277993179801	NA	0.0166300742747699	NA	NA	NA	0.00289624889054982	0.00948287943196151	NA	0.010650721726538	0.00668005792497781	0.000980987527444294	NA	NA	NA	0.00980987527444294	0.00471808287008922	0.00284953519876676	NA	0.00158826552062409	NA	0.0141075349184846	0.000233568458915308	NA	NA	NA	NA	NA	0.00238239828093614	NA	NA	NA	NA	NA	NA	NA	NA	NA	NA	NA	NA	NA	NA	NA	NA	NA	NA	NA	NA	NA	NA	NA	NA	NA	NA	NA	NA	NA	NA	NA	NA
NW018-3-2	0.494077388786523	0.145827849434062	0.0938404843379837	NA	0.0743616741247697	NA	0.0605422479599895	0.0423795735719926	0.0114503816793893	NA	NA	0.0107923137667807	NA	NA	NA	0.00829165569886812	0.00987101868912872	NA	0.00737036062121611	0.00447486180573835	NA	NA	NA	NA	0.0181626743879968	0.00105290866017373	0.00250065806791261	NA	0.00302711239799947	NA	0.00750197420373783	NA	NA	NA	NA	NA	NA	0.00447486180573835	NA	NA	NA	NA	NA	NA	NA	NA	NA	NA	NA	NA	NA	NA	NA	NA	NA	NA	NA	NA	NA	NA	NA	NA	NA	NA	NA	NA	NA	NA	NA	NA
NW018-4	0.479484425349087	0.196079484425349	0.0338882921589689	0.00037593984962406	0.043609022556391	NA	0.074812030075188	0.0764769065520945	0.0187432867883996	0.000537056928034372	NA	0.0112244897959184	NA	NA	NA	0.00166487647690655	0.00687432867883996	NA	0.0155209452201933	0.0104189044038668	0.00150375939849624	NA	NA	NA	0.00741138560687433	0.00316863587540279	0.00596133190118153	NA	0.00338345864661654	NA	0.00757250268528464	NA	NA	NA	NA	NA	NA	0.00128893662728249	NA	NA	NA	NA	NA	NA	NA	NA	NA	NA	NA	NA	NA	NA	NA	NA	NA	NA	NA	NA	NA	NA	NA	NA	NA	NA	NA	NA	NA	NA	NA	NA
NW018-5	0.493469834850017	0.160768452982811	0.0485338725985844	NA	0.0321873946747556	NA	0.0723373778227165	0.091927873272666	0.030165149983148	NA	NA	0.00863667003707449	NA	NA	NA	0.000631951466127401	0.00880519042804179	NA	0.0226659925851028	0.0135658914728682	0.00151668351870576	0.000210650488709134	NA	NA	0.00248567576676778	0.000421300977418268	0.00315975733063701	NA	0.0012639029322548	NA	0.00366531850353893	0.000547691270643748	0.000716211661611055	NA	0.00113751263902932	NA	NA	0.00117964273677115	NA	NA	NA	NA	NA	NA	NA	NA	NA	NA	NA	NA	NA	NA	NA	NA	NA	NA	NA	NA	NA	NA	NA	NA	NA	NA	NA	NA	NA	NA	NA	NA
NW019-1	0.196202235629765	0.0297460362003648	0.184837004817361	0.00364809877929002	0.0684720078574435	0.0182872643936205	0.0949908797530518	0.11182825873439	0.0301202001777279	0.016650296992657	0.0259576259295636	0.00570600065478696	NA	0.0201113137832655	0.0157616575464197	0.0270333473644825	0.00322716430475656	0.0246948225059632	0.0242738880314298	0.0167438379869978	0.000654786960385389	0.0324587250362471	0.00107572143491885	0.0220756746644217	0.00425611524250503	0.0108507553435293	0.00140311491511155	NA	NA	NA	NA	0.00130957392077078	0.00215144286983771	0.00215144286983771	NA	0.000561245966044619	NA	NA	0.00116926242925962	NA	0.000327393480192694	NA	NA	NA	NA	NA	NA	0.000654786960385389	NA	0.000608016463215004	NA	NA	NA	NA	NA	NA	NA	NA	NA	NA	NA	NA	NA	NA	NA	NA	NA	NA	NA	NA
NW019-2-1	0.222679546409072	0.026207475850483	0.188408231835363	NA	0.0430071398572029	0.021587568248635	0.0812263754724906	0.116673666526669	0.0184796304073919	0.0136077278454431	0.0509869802603948	0.00302393952120958	NA	0.0117597648047039	0.00680386392272155	0.0206635867282654	0.00562788744225115	0.0243595128097438	0.0302393952120958	0.0173876522469551	NA	0.0417471650566989	NA	0.0263754724905502	0.00310793784124318	0.0156236875262495	0.00293994120117598	NA	NA	NA	NA	0.000419991600167997	0.00268794624107518	0.000923981520369593	NA	0.000839983200335993	NA	NA	0.00125997480050399	NA	NA	NA	NA	NA	NA	NA	NA	0.000671986560268795	NA	NA	NA	NA	NA	NA	NA	0.000671986560268795	NA	NA	NA	NA	NA	NA	NA	NA	NA	NA	NA	NA	NA	NA
NW019-2-2	0.189452445557643	0.0511375495721144	0.133514228066514	0.00180894733180269	0.0400055659917902	0.0172545745495025	0.055312043414736	0.146663883670772	0.0173241494468796	0.0186460724970431	0.0953176094065261	0.0102970848117999	NA	0.0155152021150769	0.002643846100327	0.0125930564252418	0.00466151812426077	0.0173241494468796	0.0514158491616225	0.013288805399012	NA	0.0235858902108119	0.000904473665901343	0.0525986224170319	0.00556599179016211	0.013149655604258	0.00187852222917971	NA	NA	0.00180894733180269	NA	0.00173937243442566	0.00208724692131079	0.00076532387114729	NA	NA	NA	NA	0.000347874486885132	NA	NA	NA	NA	NA	NA	NA	NA	0.000487024281639185	NA	0.000347874486885132	NA	NA	NA	NA	NA	0.000556599179016211	NA	NA	NA	NA	NA	NA	NA	NA	NA	NA	NA	NA	NA	NA
NW019-3	0.258051707403159	0.0432365657813465	0.165931350922086	0.00141180622959499	0.0369716756375187	0.0251036795199859	0.0649872055060443	0.127900820612371	0.0149563222447719	0.0114268066707844	0.0545751345627813	0.00855907526691962	NA	0.0127503750110297	0.00741198270537369	0.0124415423983058	0.00185299567634342	0.0215300450013236	0.0270890320303538	0.0100591193858643	NA	0.026471366804906	NA	0.0440748257301685	0.00414718079943528	0.0106326656666373	0.00304420718256419	NA	NA	NA	NA	0.00119121150622077	0.00172063884231889	0.000794141004147181	NA	NA	NA	NA	0.000882378893496868	NA	NA	NA	NA	NA	NA	NA	NA	0.000573546280772964	NA	NA	NA	NA	NA	NA	NA	0.000220594723374217	NA	NA	NA	NA	NA	NA	NA	NA	NA	NA	NA	NA	NA	NA
NW019-4	0.295428855631415	0.0508658497987973	0.156169462404485	0.00131120857259122	0.0379798345164353	0.0216575484921101	0.0629832255730886	0.0918750282588054	0.0222001175566306	0.0169552832662658	0.0544377628068906	0.00384319754035357	NA	0.0166387846452955	0.00994709951620925	0.0189899172582177	0.00316498620970294	0.0228783288872813	0.023646968395352	0.0148302210968938	0.000135642266130126	0.0273093095808654	0.000361712709680336	0.0231043993308315	0.00217027625808202	0.0147397929194737	0.00176334945969164	NA	NA	NA	NA	0.00045214088710042	0.00126599448388118	0.000632997241940589	NA	NA	NA	NA	0.00108513812904101	NA	NA	NA	NA	NA	NA	NA	NA	0.000497354975810463	NA	NA	NA	NA	NA	NA	NA	0.000678211330650631	NA	NA	NA	NA	NA	NA	NA	NA	NA	NA	NA	NA	NA	NA
NW019-5	0.177964446180895	0.030474702090252	0.194608321937878	0.00410236374291854	0.0397343231099824	0.0275835124047666	0.106153545614378	0.15854659113108	0.0246923227192811	0.0130884938464544	0.00679820277397929	0.00336003125610471	NA	0.0277397929283063	0.0159406134010549	0.0454385622191834	0.00437585465911311	0.0175815588982223	0.022856026567689	0.0173862082437976	0.000468841570619262	0.0314905254932604	0.000625122094159015	0.00574330924008595	0.00257862863840594	0.00699355342840399	0.00179722602070717	NA	NA	0.000117210392654815	NA	0.00168001562805235	0.00359445204141434	0.000859542879468646	NA	0.000468841570619262	NA	NA	0.00207071693690174	NA	0.000429771439734323	NA	NA	NA	NA	NA	NA	0.000781402617698769	NA	0.000429771439734323	NA	NA	NA	NA	NA	0.00121117405743309	0.000234420785309631	NA	NA	NA	NA	NA	NA	NA	NA	NA	NA	NA	NA	NA
NW020-1	0.029722079258878	0.517498713329902	0.0805455481214617	NA	0.15452907874421	NA	0.0259049579687768	0.000514668039114771	0.00390289929662035	0.00917824669754675	NA	0.00394578829987991	NA	NA	NA	0.00806313261279808	0.0482930176702693	NA	0.060430605592726	0.00600446045633899	0.0112798078572654	0.0024017841825356	0.00102933607822954	0.000900669068450849	0.00917824669754675	NA	0.00355978727054383	0.0070766855378281	0.00591868244981987	NA	0.00553268142048379	0.00124378109452736	0.00205867215645908	NA	NA	NA	NA	NA	NA	NA	NA	NA	NA	NA	NA	0.000471779035855207	NA	NA	NA	NA	NA	NA	NA	NA	0.000386001029336078	NA	NA	NA	NA	NA	NA	NA	NA	0.000428890032595642	NA	NA	NA	NA	NA	NA
NW020-2	0.0741449830301976	0.466974153685493	0.0602210425550431	NA	0.151422852667305	NA	0.0549995648768602	0.000696197023757723	0.00748411800539553	0.00809329040118354	NA	0.00922461056478984	NA	NA	NA	0.00948568444869898	0.0605691410669219	NA	0.0324601862327039	0.0164476546862762	0.00435123139848577	0.000348098511878862	NA	NA	0.0211469845966408	NA	0.00356800974675833	0.00321991123487947	0.0061787485858498	NA	0.0079192411452441	0.00104429553563659	NA	NA	NA	NA	NA	NA	NA	NA	NA	NA	NA	NA	NA	NA	NA	NA	NA	NA	NA	NA	NA	NA	NA	NA	NA	NA	NA	NA	NA	NA	NA	NA	NA	NA	NA	NA	NA	NA
NW020-3	0.0638426018871713	0.397058823529412	0.155942581810881	0.000803051596065047	0.1425918490263	NA	0.0430636418389882	0.000953623770327244	0.0094358562537643	0.00777956233688014	NA	0.00963661915278057	NA	NA	NA	0.00577193334671753	0.0572174262196346	NA	0.045272033728167	0.0094358562537643	0.00883356755671552	0.000903433045573178	0.000451716522786589	0.000602288697048785	0.0190222846817908	NA	0.00115438666934351	0.0104396707488456	0.00511945392491468	NA	0.00366392290704678	0.000351335073278458	0.000401525798032524	NA	NA	NA	NA	NA	NA	NA	NA	NA	NA	NA	NA	0.000250953623770327	NA	NA	NA	NA	NA	NA	NA	NA	NA	NA	NA	NA	NA	NA	NA	NA	NA	NA	NA	NA	NA	NA	NA	NA
NW020-5	0.0783259035478761	0.518476218546218	0.00578418008326272	0.000147367645433445	0.18479902737354	NA	0.0197104225767233	0.0262314408871532	0.00357366540176104	0.00383155878126957	NA	0.0047526065652286	NA	NA	NA	0.00537891905832075	0.0393840032420882	NA	0.0510997310540471	0.00644733448771322	0.0063736506649965	0.00128946689754264	0.000405261024941974	0.00029473529086689	0.00508418376745386	NA	0.00806837858748112	0.00327893011089415	0.0113841506097336	NA	0.00991047415539918	0.00191577939063479	0.00357366540176104	NA	NA	NA	NA	NA	NA	NA	NA	NA	NA	NA	NA	0.000478944847658697	NA	NA	NA	NA	NA	NA	NA	NA	NA	NA	NA	NA	NA	NA	NA	NA	NA	NA	NA	NA	NA	NA	NA	NA
NW020-6	0.328314806997796	0.356596782514891	0.017259978425027	NA	0.12039772993762	NA	0.0249519253318325	0.0378969091506027	0.00422119037568594	0.00379907133811735	NA	0.00201679095727217	NA	0.00544064537310633	NA	0.00215749730312837	0.0145396557384738	NA	0.0339571314666291	0.00333005018526336	0.00211059518784297	NA	NA	0.000469021152853994	0.0188077482294451	NA	0.00454950518268374	0.00272032268655316	0.0074105342150931	NA	0.0072698278692369	0.000656629613995591	0.000891140190422588	NA	NA	NA	NA	NA	NA	NA	NA	NA	NA	NA	NA	0.000234510576426997	NA	NA	NA	NA	NA	NA	NA	NA	NA	NA	NA	NA	NA	NA	NA	NA	NA	NA	NA	NA	NA	NA	NA	NA
NW021-3	0.544536038892412	0.0410484041428873	0.20997674910167	0.132149651236525	0.0169097442401184	0.00198689494821391	0.0188966391883323	0.0153455928979074	0.00498837455083492	NA	NA	NA	NA	NA	0.00300147960262101	NA	NA	0.00329740012682308	NA	0.00173324878461213	0.00160642570281125	NA	0.000380469245402663	NA	NA	0.000338194884802367	0.000507292327203551	NA	0.0021137180300148	NA	0.00118368209680829	NA	NA	NA	NA	NA	NA	NA	NA	NA	NA	NA	NA	NA	NA	NA	NA	NA	NA	NA	NA	NA	NA	NA	NA	NA	NA	NA	NA	NA	NA	NA	NA	NA	NA	NA	NA	NA	NA	NA
NW021-5	0.44866272663528	0.0781328258038666	0.138335169788641	0.244465591505559	0.0329059400981669	0.00350596013222478	0.0170289492136632	0.00210357607933487	0.00811379344886307	NA	NA	NA	NA	NA	0.00731243113292597	0.00165280977662025	0.000200340578984273	0.00671140939597315	NA	0.00235400180306521	0.00210357607933487	NA	NA	NA	NA	0.00200340578984273	NA	NA	0.00255434238204948	NA	0.0011018731844135	NA	NA	NA	NA	NA	NA	NA	NA	NA	NA	NA	NA	NA	NA	NA	NA	0.00060102173695282	0.000150255434238205	NA	NA	NA	NA	NA	NA	NA	NA	NA	NA	NA	NA	NA	NA	NA	NA	NA	NA	NA	NA	NA
NW021-6	0.293524562532561	0.0983420673592596	0.0542122521528608	0.434372222732984	0.0389200453556434	0.00257423922037326	0.0258956207287549	0.00475008427568876	0.00741626061107536	0.000735496920106647	NA	NA	NA	0.000183874230026662	0.00692592933100426	0.0052710612607643	0.000275811345039993	0.00971468848640863	NA	NA	0.00128711961018663	0.000245165640035549	0.00165486807023996	NA	NA	0.00312586191045325	0.00162422236523551	NA	0.00597591247586651	NA	0.0021758450553155	NA	0.000306457050044436	NA	NA	NA	NA	NA	NA	0.000306457050044436	NA	NA	NA	NA	NA	NA	NA	NA	0.000183874230026662	NA	NA	NA	NA	NA	NA	NA	NA	NA	NA	NA	NA	NA	NA	NA	NA	NA	NA	NA	NA	NA
NW022-1	0.297485943255994	0.154850384540813	0.0791701673883539	0.239643249531442	0.0883474439345957	0.00109868803722614	0.015446261229238	0.000258514832288503	0.0110515090803335	NA	0.00155108899373102	0.0110515090803335	NA	NA	0.012344083241776	0.00135720286951464	0.0173204937633297	0.0155108899373102	0.0253990822723454	0.00840173204937633	NA	0.00135720286951464	NA	NA	NA	0.00937116267045822	0.000258514832288503	NA	0.00271440573902928	NA	0.00239126219866865	0.00109868803722614	NA	NA	NA	NA	NA	0.000387772248432754	0.00148646028565889	NA	NA	NA	NA	NA	NA	NA	NA	NA	NA	NA	NA	NA	NA	NA	NA	NA	NA	NA	NA	0.000646287080721256	NA	NA	NA	NA	NA	NA	NA	NA	NA	NA
NW022-4	0.140858549033904	0.255696317900109	0.0242435289828655	0.00442034269048487	0.0716824644549763	0.00446591323368575	0.0285727305869486	0.000956981407218374	0.0231498359460445	0.0034633612832665	0.000637987604812249	0.139035727305869	NA	0.00524061246810062	0.0264309150565075	0.0405122129055778	0.141633248268319	0.00341779074006562	0.0179547940211447	0.0182737878235509	0.00483047757929275	0.017134524243529	0.00150382792562887	NA	NA	0.00282537367845425	0.00296208530805687	NA	0.00268866204885162	NA	NA	0.011666059059424	0.00150382792562887	NA	NA	NA	NA	0.00191396281443675	0.000318993802406125	NA	NA	NA	NA	NA	NA	NA	NA	NA	NA	NA	NA	NA	NA	NA	NA	0.000546846518410499	NA	NA	NA	0.001458257382428	NA	NA	NA	NA	NA	NA	NA	NA	NA	NA
NW022-5-1	0.289475474522076	0.228246819511531	0.0757874685352745	0.0061908973399551	0.0626573236274577	0.0116334444520035	0.0542213756037826	0.00449010136743996	0.0261242261378325	0.000816382066807266	0.00925233009048235	0.0516361657255596	NA	0.00306143275052725	0.052588611470168	0.00898020273487992	0.0405469759847609	0.00932036192938295	0.03483230151711	0.0101367439961902	0.00231308252262059	0.00530648343424723	NA	NA	NA	0.00258520987822301	0.000680318389006055	NA	0.00156473229471393	NA	0.00176882781141574	6.80318389006055e-05	0.000476222872304238	NA	NA	0.00115654126131029	NA	0.00170079597251514	NA	NA	NA	NA	NA	NA	NA	NA	NA	NA	NA	NA	NA	NA	NA	NA	NA	NA	NA	NA	NA	0.00210898700591877	NA	NA	NA	0.000272127355602422	NA	NA	NA	NA	NA	NA
NW022-5-2	0.476312766101237	0.0969791173886599	0.122795161181321	0.030614313712239	0.0139217408934243	0.0169628978847064	0.0626478340204095	0.0127728593633845	0.0243968371967291	0.000270325065891735	0.0215584240048659	0.0202743799418801	0.00155436912887748	0.00277083192539028	0.0381834155572075	0.00858282084206258	0.0131107656957491	0.00432520105426776	0.00182469419476921	0.00263566939244441	0.0054065013178347	0.00702845171318511	NA	NA	0.00216260052713388	0.00790700817733324	0.000743393931202271	NA	0.000202743799418801	NA	0.000608231398256403	NA	0.000878556464148138	NA	NA	0.000810975197675204	0.00108130026356694	0.000270325065891735	NA	NA	NA	NA	NA	NA	NA	NA	NA	NA	NA	NA	NA	NA	NA	NA	NA	0.000405487598837602	NA	NA	NA	NA	NA	NA	NA	NA	NA	NA	NA	NA	NA	NA
NW022-6	0.230933207010895	0.163666508763619	0.0760303173851255	0.326480341070583	0.0385599242065372	0.0025106584557082	0.0186167693036476	0.00378967314069162	0.0024159166271909	0.000236854571293226	0.0439128375177641	0.0172903837044055	NA	NA	0.0113216485078162	0.00232117479867361	0.0326385599242065	0.00331596399810516	0.0100900047370914	0.00132638559924207	NA	0.00203694931312174	0.000426338228327807	NA	NA	0.00634770251065846	0.000236854571293226	NA	0.00132638559924207	NA	0.0019895783988631	0.00108953102794884	0.000189483657034581	NA	NA	NA	NA	0.000284225485551871	NA	NA	NA	NA	NA	NA	NA	NA	NA	NA	NA	NA	NA	NA	NA	NA	NA	NA	NA	NA	NA	0.000615821885362387	NA	NA	NA	NA	NA	NA	NA	NA	NA	NA
NW023-1	0.361954670024443	0.164284127101696	0.0558106806903192	9.25857343900452e-05	0.0507554995926228	0.173727872009481	0.030831049551885	0.00183319754092289	0.0088141619139323	NA	NA	NA	NA	0.000407377231316199	0.00235167765350715	9.25857343900452e-05	NA	0.0162210206651359	NA	0.0126472113176802	0.0378675653655285	0.00481445818828235	0.00986963928597882	NA	0.000370342937560181	0.00325901785052959	0.00912895341085846	0.00836975038886009	0.00487000962891638	0.00155544033775276	NA	0.00238871194726317	0.000796237315754389	NA	NA	0.0169987408340123	NA	0.00146285460336271	0.00216650618472706	NA	0.00864750759203022	NA	0.00157395748463077	0.000703651581364343	0.000888823050144434	NA	0.00177764610028887	NA	NA	NA	0.00131471742833864	NA	NA	NA	NA	NA	NA	NA	NA	NA	0.000425894378194208	0.000148137175024072	0.000518480112584253	0.000259240056292126	NA	NA	NA	NA	NA	NA
NW023-3	0.187351668295407	0.137186467494997	0.123923868025501	0.000698031551026106	0.0430452789799432	0.335753176043557	0.0192656708083205	NA	0.0260133091349062	NA	NA	NA	NA	0.000418818930615664	0.00190795290613802	0.000279212620410443	NA	0.0105635441388617	NA	0.00358322862860068	0.0474196100330402	0.00339708688166038	0.00623574852249988	NA	0.000791102424496254	0.00628228395923496	0.00414165386942156	0.00572385871841407	0.00362976406533575	0.00311787426124994	NA	0.00660803201638047	NA	NA	NA	0.00465354367350738	NA	0.00274559076736935	0.00139606310205221	NA	0.00600307133882451	NA	0.000651496114291033	NA	0.00279212620410443	NA	0.000698031551026106	NA	NA	NA	0.00344362231839546	NA	NA	NA	NA	NA	NA	NA	NA	NA	NA	NA	NA	0.000279212620410443	NA	NA	NA	NA	NA	NA
NW023-4	0.245045205540462	0.129425911904868	0.0934396294481806	0.00218233643611099	0.0347837705429119	0.281788625128045	0.0249409878412684	0.00124704939206342	0.0161671046185365	NA	NA	NA	NA	0.00191511156638311	0.00164788669665524	0.000534449739455752	NA	0.0202645526210306	NA	0.00342938582817441	0.0497038257693849	0.00601255956887721	0.00997639513650737	NA	0.000534449739455752	0.00570079722086135	0.00868480826615597	0.0163452545316884	0.00356299826303835	0.00191511156638311	NA	0.0116242818331626	0.00138066182692736	NA	NA	0.00391929808934218	NA	0.00396383556763016	0.00142519930521534	NA	0.00837304591814012	NA	0.00066806217431969	0.000489912261167773	0.00503273504654166	NA	0.00164788669665524	NA	NA	NA	0.00169242417494321	NA	NA	NA	NA	NA	NA	NA	NA	NA	NA	NA	NA	0.000534449739455752	NA	NA	NA	NA	NA	NA
NW023-6	0.227189823691718	0.153299349950896	0.0223542066127297	0.0448954777159426	0.0239910209044568	0.0219333115091428	0.115559088995931	0.258569891970257	0.0135154094374035	0.000280596735724641	NA	NA	NA	0.000841790207173923	0.0496656222232615	0.00182387878221017	0.00907262778843006	0.0102885469765702	NA	0.000561193471449282	0.00832436982649768	0.000841790207173923	NA	NA	NA	0.00116915306551934	0.00360099144179956	0.0186596829256886	0.00201094327269326	NA	0.00144974980124398	0.000233830613103868	0.00233830613103868	NA	NA	NA	NA	0.00640695879904597	0.000888556329794697	NA	NA	NA	NA	NA	NA	NA	NA	NA	NA	NA	NA	NA	NA	NA	NA	NA	NA	NA	NA	NA	NA	NA	NA	0.000233830613103868	NA	NA	NA	NA	NA	NA
NW025-1	0.360013110455588	0.115830875122911	0.0791871517535234	0.0163880694854146	0.0516551950180269	0.03992133726647	0.0803670927564733	0.108357915437561	0.0407735168797116	0.000786627335299902	NA	NA	NA	NA	0.0288430022943297	0.00163880694854146	0.0123893805309735	0.0114716486397902	NA	0.00222877745001639	0.0142903965912815	0.00229432972795805	NA	NA	NA	0.00137659783677483	0.00196656833824975	0.0179613241560144	0.00170435922648312	NA	0.000524418223533268	0.00150770239265814	0.00321206161914127	NA	NA	NA	0.000196656833824975	0.0019010160603081	0.00216322517207473	NA	NA	NA	0.000721075057358243	NA	NA	NA	NA	NA	NA	NA	NA	NA	NA	NA	NA	NA	NA	NA	NA	NA	0.000327761389708292	NA	NA	NA	NA	NA	NA	NA	NA	NA
NW025-2	0.242672279388837	0.178048019956346	0.0694574368568756	0.018163392578734	0.0914405986903648	0.0159806672903025	0.0700031181789835	0.116463985032741	0.0361708762082944	0.000545681322107889	NA	NA	NA	NA	0.0391331462425943	0.00116931711880262	0.0283754287496102	0.0229186155285313	NA	0.0035859058309947	0.0100561272217025	0.00288431555971313	NA	NA	NA	0.0026504521359526	0.00537885874649205	0.0190988462737761	0.00413158715310259	NA	0.00187090739008419	NA	0.00342999688182102	NA	NA	NA	NA	0.00553476769566573	0.00155908949173683	NA	NA	NA	0.00896476457748675	NA	NA	NA	NA	NA	NA	NA	NA	NA	NA	NA	NA	NA	NA	NA	NA	NA	0.000311817898347365	NA	NA	NA	NA	NA	NA	NA	NA	NA
NW025-3	0.432408740842778	0.16379688184835	0.0670590445181892	0.00607350823367353	0.0231669901696826	0.0323711727506105	0.0720681234737963	0.099618057729635	0.0125226973890176	0.000500907895560704	NA	NA	NA	NA	0.0569782731200301	0.000250453947780352	0.00544737336422265	0.01070690626761	NA	0.00118965625195667	0.00419510362532089	NA	NA	NA	NA	0.00137749671279194	0.00175317763446246	NA	0.00475862500782669	NA	0.00118965625195667	0.000688748356395968	0.00162795066057229	NA	NA	NA	NA	NA	NA	NA	NA	NA	NA	NA	NA	NA	NA	0.000250453947780352	NA	NA	NA	NA	NA	NA	NA	NA	NA	NA	NA	NA	NA	NA	NA	NA	NA	NA	NA	NA	NA	NA
NW025-4	0.398547397420378	0.150978837083107	0.0221229703218266	0.00283841883374379	0.0357306841424218	0.0119380556830989	0.0792252786242017	0.148265642609676	0.0234586968318237	0.000584380348123722	NA	NA	NA	NA	0.0364820303042952	0.00187836540468339	0.0112701924281003	0.0164043912009016	NA	0.00208707267187043	0.0146929916099679	0.00371498935592937	0.000250448720624452	NA	NA	0.000834829068748174	0.00129398505655967	0.0175731518971491	0.00208707267187043	NA	0.00200358976499562	0.000459155987811496	0.0110197437074759	NA	NA	0.000834829068748174	NA	0.00221229703218266	0.000751346161873356	NA	NA	NA	NA	NA	NA	0.000208707267187043	NA	NA	NA	NA	NA	NA	NA	NA	NA	NA	NA	NA	NA	NA	0.000250448720624452	NA	NA	NA	NA	NA	NA	NA	NA	NA
NW026-1	0.13109701625871	0.402358406289083	0.0437734500625335	0.0198320528854744	0.095050920135787	0.0319367518313382	0.060880829015544	0.000357334286224763	0.0169733785956763	0.0209487225299267	0.022958727889941	0.000134000357334286	NA	0.000268000714668572	0.0308200821868858	NA	0.0077720207253886	0.0271127389673039	NA	0.0207700553868144	0.00607468286582098	0.000759335358227622	0.00357334286224763	0.016839378238342	0.0120153653743077	0.00268000714668572	0.00107200285867429	0.00160800428801143	0.00884402358406289	NA	0.00379667679113811	0.00218867250312667	0.000446667857780954	NA	NA	NA	NA	0.000804002144005717	NA	0.00553868143648383	NA	NA	0.00049133464355905	NA	NA	NA	NA	NA	NA	NA	NA	NA	NA	NA	NA	NA	NA	0.000223333928890477	NA	NA	NA	NA	NA	NA	NA	NA	NA	NA	NA	NA
NW026-2	0.30285808417758	0.325590972737007	0.0509842681821926	0.0302281525409769	0.0855777942508854	0.00724816736677374	0.0366526645251627	NA	0.0306399802322708	0.00947203689976114	0.0264393377810724	0.000494193229552755	NA	NA	0.00914257474672597	NA	0.00897784367020838	0.0294044971583889	NA	0.00634214644592702	0.00172967630343464	NA	0.0011531175356231	0.00304752491557532	0.0213326744090273	0.00304752491557532	NA	NA	0.00271806276254015	NA	0.00172967630343464	0.00197677291821102	0.000247096614776378	NA	NA	NA	NA	0.000906020920846718	NA	0.00205913845646981	NA	NA	NA	NA	NA	NA	NA	NA	NA	NA	NA	NA	NA	NA	NA	NA	NA	NA	NA	NA	NA	NA	NA	NA	NA	NA	NA	NA	NA	NA
NW026-3	0.204122512277074	0.405466528818816	0.0272034117342983	0.0889118635306281	0.0779271129490824	0.00471698113207547	0.0200956319462393	NA	0.0133755492375291	0.0297234427500646	0.0153140346342724	0.000387697079348669	NA	NA	0.0118247609201344	NA	0.0136986301369863	0.0153786508141639	NA	0.0165417420522099	0.00109847505815456	NA	0.00672008270871026	0.00226156629620057	0.0162832773326441	0.00239079865598346	0.000646161798914448	NA	0.00988627552339106	NA	0.00613853708968726	0.00135693977772034	NA	NA	NA	NA	NA	NA	NA	0.00775394158697338	NA	NA	NA	NA	NA	NA	NA	NA	NA	NA	NA	NA	NA	NA	NA	NA	NA	0.000775394158697338	NA	NA	NA	NA	NA	NA	NA	NA	NA	NA	NA	NA
NW026-4	0.326328551222469	0.298141038593655	0.0495049504950495	0.043897757122651	0.0640533441099212	0.00722368155182865	0.0202566174984845	NA	0.0209133158213781	0.0177308547181249	0.0226813497676298	NA	NA	0.0220751667003435	0.00414225095978986	NA	0.00282885431400283	0.0291978177409578	0.00101030511214387	0.00757728834107901	0.00156597292382299	NA	0.00368761365932512	0.00287936956961002	0.0317235805213174	0.00207112547989493	0.00101030511214387	NA	0.00772883410790059	NA	0.0030814305920388	NA	NA	NA	NA	NA	NA	0.00353606789250354	NA	0.00515255607193372	NA	NA	NA	NA	NA	NA	NA	NA	NA	NA	NA	NA	NA	NA	NA	NA	NA	NA	NA	NA	NA	NA	NA	NA	NA	NA	NA	NA	NA	NA
NW026-5	0.428970848238148	0.273960774639201	0.0768882858435097	0.0187903457917026	0.0401299288680564	0.00571522552526623	0.0266847580280416	NA	0.0117182681633157	0.00838781300111015	0.01352740430081	0.000246700382385593	NA	0.0067842605156038	0.0170223263846059	NA	0.0122116689280868	0.0174746104189795	0.000164466921590395	0.011882735084906	0.00189136959828954	0.000287817112783191	0.00267258747584392	0.000904568068747173	0.0141852719871716	0.00119238518153036	0.00283705439743432	NA	0.00217918671107274	NA	0.00102791825993997	0.00111015172073517	NA	NA	NA	NA	NA	NA	NA	0.00115126845113277	NA	NA	NA	NA	NA	NA	NA	NA	NA	NA	NA	NA	NA	NA	NA	NA	NA	NA	NA	NA	NA	NA	NA	NA	NA	NA	NA	NA	NA	NA
NW027-1	0.000424226602271244	0.262367837096985	NA	0.196743245007179	0.00179480485576296	NA	NA	6.52656311186529e-05	NA	0.0579232476178045	NA	0.00238219553583083	0.000815820388983161	0.235902623678371	NA	0.0511356219814646	NA	NA	0.0208523691424096	NA	NA	0.0373645738154288	0.0188291345777314	0.000228429708915285	NA	NA	0.0617086542226863	NA	NA	NA	NA	NA	0.00114214854457643	NA	NA	NA	NA	NA	NA	NA	NA	0.0174585563242397	NA	NA	NA	0.00933298524996737	NA	NA	0.0106382978723404	0.00192533611800026	NA	NA	NA	NA	0.00636339903406866	NA	NA	0.00339381281816995	NA	NA	NA	NA	NA	NA	NA	NA	NA	NA	0.00120741417569508	NA
NW027-2	NA	0.519048705372419	NA	0.169214098323258	0.00159689745637048	NA	NA	NA	NA	0.00804151933386563	NA	0.00153986540435725	0.000342192312079389	0.209934983460705	NA	0.0403216607733546	NA	NA	0.00712900650165393	NA	NA	0.0161971027717577	NA	NA	NA	NA	0.0154556860955857	NA	NA	NA	NA	NA	NA	NA	NA	NA	NA	NA	NA	NA	NA	0.00638758982548192	NA	NA	NA	0.00153986540435725	NA	NA	0.00325082696475419	NA	NA	NA	NA	NA	NA	NA	NA	NA	NA	NA	NA	NA	NA	NA	NA	NA	NA	NA	NA	NA
NW027-3	NA	0.700535972549131	NA	0.167966423730255	NA	NA	NA	NA	NA	0.00570002552250234	NA	0.00144627513257522	NA	0.0633525224739812	NA	0.0147463346850807	NA	NA	0.0102090009358251	NA	NA	0.00592689220996512	0.00243881689022488	NA	NA	NA	0.00745824235033888	NA	NA	NA	NA	NA	NA	NA	NA	NA	NA	NA	NA	0.00192836684343363	NA	0.0135552845759011	NA	NA	NA	0.00102090009358251	NA	NA	0.00153135014037376	0.000397016703059864	NA	NA	NA	NA	0.00138955846070953	NA	NA	0.000397016703059864	NA	NA	NA	NA	NA	NA	NA	NA	NA	NA	NA	NA
NW027-5	0.000246974561620153	0.174011219701514	NA	0.365875172000141	NA	NA	NA	0.000211692481388703	NA	0.000635077444166108	NA	NA	0.00659774900328123	0.29943901492432	NA	0.0705994425431323	NA	NA	0.00836185301485376	NA	NA	0.0491479377624105	0.00342236178245069	NA	NA	NA	0.00109374448717496	NA	NA	NA	NA	NA	0.000352820802314504	NA	NA	NA	0.000987898246480612	NA	NA	0.00137600112902657	NA	0.0116078043961472	NA	NA	NA	0.000987898246480612	NA	NA	0.00127015488833222	0.000176410401157252	NA	NA	0.00204636065342413	NA	0.00077620576509191	NA	NA	0.000388102882545955	NA	NA	NA	NA	NA	NA	NA	0.000388102882545955	NA	NA	NA	NA
NW027-6	0.000267602283539486	0.735281874405328	NA	0.0970504281636537	0.000683872502378687	NA	NA	NA	NA	0.00407350142721218	NA	0.00050547098001903	0.000356803044719315	0.0502794957183635	NA	0.0485846812559467	NA	NA	0.0174536156041865	NA	NA	0.0138558515699334	0.00205161750713606	NA	NA	NA	0.00392483349191246	NA	NA	NA	NA	NA	0.000356803044719315	NA	NA	NA	NA	NA	NA	NA	NA	0.0121610371075167	NA	NA	NA	0.00532231208372978	NA	NA	0.0012488106565176	0.00133801141769743	NA	NA	0.00353829686013321	NA	0.0016650808753568	NA	NA	NA	NA	NA	NA	NA	NA	NA	NA	NA	NA	NA	NA	NA
NW028-1	0.496455834242094	0.181025081788441	0.0258996728462377	0.0420392584514722	0.0212104689203926	NA	NA	0.000817884405670665	0.0200109051254089	0.00572519083969466	NA	0.110959651035987	NA	NA	NA	0.0290076335877863	NA	NA	0.0130316248636859	0.00610687022900763	NA	NA	NA	0.0431842966194111	NA	NA	NA	NA	0.00343511450381679	NA	0.00109051254089422	NA	NA	NA	NA	NA	NA	NA	NA	NA	NA	NA	NA	NA	NA	NA	NA	NA	NA	NA	NA	NA	NA	NA	NA	NA	NA	NA	NA	NA	NA	NA	NA	NA	NA	NA	NA	NA	NA	NA
NW028-2	0.420633802816901	0.246971830985915	0.012887323943662	0.105140845070423	0.0416901408450704	NA	NA	0.000633802816901408	0.026056338028169	0.0152816901408451	NA	0.0422535211267606	NA	NA	NA	0.0434507042253521	NA	NA	0.0138028169014085	0.00619718309859155	NA	0.000563380281690141	NA	0.0182394366197183	NA	NA	0.000211267605633803	NA	0.00394366197183099	NA	0.000845070422535211	0.000985915492957746	NA	NA	0.000211267605633803	NA	NA	NA	NA	NA	NA	NA	NA	NA	NA	NA	NA	NA	NA	NA	NA	NA	NA	NA	NA	NA	NA	NA	NA	NA	NA	NA	NA	NA	NA	NA	NA	NA	NA	NA
NW028-3	0.350186947654657	0.235469068660775	0.0223487423521414	0.0590584636301835	0.048606390210741	NA	NA	NA	0.0129163834126445	0.0420632222977566	NA	0.125424881033311	NA	NA	NA	0.0180149558123725	NA	NA	0.0385791978246091	0.00577838205302515	NA	NA	NA	0.0332256968048946	NA	NA	NA	NA	0.00603331067301156	NA	0.00229435757987763	NA	NA	NA	NA	NA	NA	NA	NA	NA	NA	NA	NA	NA	NA	NA	NA	NA	NA	NA	NA	NA	NA	NA	NA	NA	NA	NA	NA	NA	NA	NA	NA	NA	NA	NA	NA	NA	NA	NA
NW028-4	0.342273869346734	0.26143216080402	0.00659547738693467	0.0714195979899497	0.0347361809045226	NA	NA	NA	0.0199120603015075	0.0150125628140704	NA	0.0971105527638191	NA	NA	NA	0.0302763819095477	NA	NA	0.0233040201005025	0.0113693467336683	NA	0.000314070351758794	NA	0.082286432160804	NA	NA	0.000314070351758794	NA	0.00244974874371859	NA	0.000879396984924623	0.000314070351758794	NA	NA	NA	NA	NA	NA	NA	NA	NA	NA	NA	NA	NA	NA	NA	NA	NA	NA	NA	NA	NA	NA	NA	NA	NA	NA	NA	NA	NA	NA	NA	NA	NA	NA	NA	NA	NA	NA
NW028-5	0.222549270540056	0.236562579984643	0.00243153314563604	0.266444842590223	0.035065267468646	NA	NA	NA	0.00729459943690811	0.0337215254671103	NA	0.0648195546455081	NA	NA	NA	0.0372408497568467	NA	NA	0.0284105451753263	0.015101100588687	NA	0.000703864857947274	NA	0.044471461479396	NA	NA	0.000703864857947274	NA	0.00249552085999488	NA	0.000447914000511902	0.00134374200153571	NA	NA	NA	NA	NA	NA	NA	NA	NA	NA	NA	NA	NA	NA	NA	NA	NA	NA	NA	NA	NA	NA	NA	0.000191963143076529	NA	NA	NA	NA	NA	NA	NA	NA	NA	NA	NA	NA	NA	NA
NW029-1	0.208447550287634	0.0713872051272152	0.102698737500483	0.0203080962125014	0.0145168140226246	0.341608432106868	0.0840894173970117	0.0132427319408517	0.0249025134164704	NA	0.00737423265510984	NA	NA	NA	0.00397668043704876	NA	0.00359059495772364	0.0135516003243118	NA	0.00216207868422069	0.0183004517200108	0.00548241380641674	NA	0.000154434191730049	NA	0.0146712482143547	0.001582950465233	0.000501911123122659	NA	NA	NA	0.000694953862785221	NA	NA	0.0262152040461758	0.00528937106675418	NA	NA	NA	NA	NA	NA	0.000733562410717733	0.00702675572371723	NA	NA	0.00401528898498128	0.000386085479325123	NA	0.000193042739662561	0.000463302575190147	0.00185321030076059	NA	NA	NA	0.000386085479325123	0.000193042739662561	NA	NA	NA	NA	NA	NA	NA	NA	NA	NA	NA	NA	NA
NW029-2	0.342911648980565	0.0637891975676642	0.112793609157029	0.0200906164301896	0.0137713127459163	0.19530225348754	0.0894837248122094	0.011148205556218	0.0264099201144629	NA	0.0189579110528198	NA	NA	NA	0.00697508048169787	NA	0.00101347323238345	0.012400143078574	NA	0.00137116966734232	0.00941933945391678	0.00262310718969834	NA	NA	NA	0.0178252056754501	0.00160963395731489	0.000655776797424586	NA	NA	NA	0.000417312507452009	NA	NA	0.0235483486347919	0.0103135805413139	NA	NA	NA	NA	NA	NA	0.000655776797424586	0.0107308930487659	NA	NA	0.00208656253726005	NA	NA	NA	0.00071539286991773	0.00250387504471205	NA	NA	NA	0.000298080362465721	0.000178848217479432	NA	NA	NA	NA	NA	NA	NA	NA	NA	NA	NA	NA	NA
NW029-3	0.179936450295052	0.0957784838856105	0.118837948252383	0.0685428960508398	0.0107580571947345	0.216068996822515	0.104312301407172	0.00290512936904221	0.0304130730821607	NA	0.0118928733545166	NA	NA	NA	0.00245120290512937	NA	NA	0.0125283704039946	NA	0.00349523377212891	0.0134816159782115	0.0172945982750794	NA	NA	NA	0.0224693599636859	0.00372219700408534	0.0017703132092601	NA	NA	NA	0.000181570585565138	0.000726282342260554	NA	0.0662278710848842	0.00186109850204267	NA	0.000226963231956423	0.000453926463912846	NA	0.000363141171130277	NA	NA	0.00113481615978212	0.000499319110304131	0.00208806173399909	0.000363141171130277	0.000544711756695415	NA	NA	NA	0.00190649114843395	NA	NA	NA	0.000862460281434408	0.0005901044030867	NA	0.0053109396277803	NA	NA	NA	NA	NA	NA	NA	NA	NA	NA	NA
NW029-5	0.330742240215924	0.0949527665317139	0.105802968960864	0.0553306342780027	0.013387314439946	0.146612685560054	0.103967611336032	NA	0.0165721997300945	NA	0.0383265856950067	NA	NA	NA	0.00491228070175439	NA	0.00550607287449393	0.0146828609986505	NA	0.00237516869095816	0.00917678812415654	0.0110121457489879	NA	NA	NA	0.0116599190283401	0.00097165991902834	0.00124156545209177	NA	NA	0.000323886639676113	0.000323886639676113	NA	NA	0.0229419703103914	0.00205128205128205	NA	NA	NA	NA	NA	0.000755735492577598	NA	0.00264507422402159	0.000269905533063428	NA	0.000755735492577598	NA	NA	NA	0.000161943319838057	0.00145748987854251	NA	NA	NA	0.000755735492577598	0.000323886639676113	NA	NA	NA	NA	NA	NA	NA	NA	NA	NA	NA	NA	NA
NW030-1	0.573391754630552	0.16178716059218	0.0363141472482241	0.0430857066985328	0.0600809931620527	0.00312022837416185	0.0414923985925778	0.0140078337648543	0.0268206864502423	NA	NA	NA	NA	NA	NA	0.00225718648343623	NA	NA	0.0169288986257718	0.00258912567217686	0.000464714864236872	0.00285467702316936	0.000531102701984996	NA	0.00199163513244374	0.00371771891389497	0.00073026621522937	NA	0.00318661621190998	NA	0.00126136891721437	0.00212441080793999	0.000863041890725619	NA	NA	NA	NA	NA	0.000398327026488747	NA	NA	NA	NA	NA	NA	NA	NA	NA	NA	NA	NA	NA	NA	NA	NA	NA	NA	NA	NA	NA	NA	NA	NA	NA	NA	NA	NA	NA	NA	NA
NW030-2	0.486960352422907	0.213656387665198	0.0429955947136564	0.0282819383259912	0.101938325991189	0.00493392070484582	0.0285462555066079	0.0153303964757709	0.020352422907489	NA	NA	NA	NA	NA	NA	0.00343612334801762	NA	NA	0.0221145374449339	0.00414096916299559	0.000352422907488987	0.0039647577092511	NA	NA	0.00246696035242291	0.00325991189427313	0.000969162995594714	0.000704845814977974	0.00414096916299559	NA	0.00422907488986784	0.00722466960352423	NA	NA	NA	NA	NA	NA	NA	NA	NA	NA	NA	NA	NA	NA	NA	NA	NA	NA	NA	NA	NA	NA	NA	NA	NA	NA	NA	NA	NA	NA	NA	NA	NA	NA	NA	NA	NA	NA
NW030-4	0.462776659959759	0.145659672319632	0.0363610232825525	0.0299655073296924	0.0300373670594999	0.00438344351825237	0.0577752227651624	0.163983903420523	0.0270911181373958	NA	NA	NA	NA	NA	NA	0.00459902270767462	NA	NA	0.0160247197470538	0.00323368784133372	0.00035929864903708	0.00553319919517103	NA	NA	0.00100603621730382	0.00416786432883012	0.000431158378844496	NA	0.00143719459614832	NA	0.00122161540672607	0.0031618281115263	0.000790457027881575	NA	NA	NA	NA	NA	NA	NA	NA	NA	NA	NA	NA	NA	NA	NA	NA	NA	NA	NA	NA	NA	NA	NA	NA	NA	NA	NA	NA	NA	NA	NA	NA	NA	NA	NA	NA	NA
NW030-5-1	0.581623955906586	0.12409796011137	0.0614807659526109	0.0418205579862492	0.0690380135234957	0.00590942667197	0.0492641627365191	0.00983010398318086	0.0218194215580431	NA	NA	NA	NA	NA	NA	0.00193192795045173	NA	NA	0.00818228308426615	0.0028978919256776	0.00187510654014433	0.00284107051537019	NA	NA	0.00653446218535144	0.00460253423489971	NA	NA	0.000965963975225865	NA	NA	0.00244332064321836	0.00113642820614808	NA	NA	0.000625035513381442	NA	NA	NA	NA	0.000454571282459231	NA	NA	NA	NA	NA	NA	0.000625035513381442	NA	NA	NA	NA	NA	NA	NA	NA	NA	NA	NA	NA	NA	NA	NA	NA	NA	NA	NA	NA	NA	NA
NW030-5-2	0.449647295935506	0.154853879744709	0.0457507557944239	0.00752435337588176	0.0176687940880081	0.00497144776620759	0.0489754786698018	0.143097077594894	0.0106818945246893	0.00141081625797783	0.011353711790393	0.000604635539133356	NA	NA	NA	0.0131004366812227	NA	NA	0.00382935841451125	0.0024857238831038	0.0024857238831038	0.0069197178367484	0.000201545179711119	NA	NA	0.0022169969768223	0.00282163251595566	NA	0.0024857238831038	NA	NA	0.00725562646960027	0.00349344978165939	NA	0.0493785690292241	NA	NA	NA	NA	NA	NA	NA	NA	NA	NA	NA	NA	0.000671817265703729	NA	NA	NA	NA	NA	NA	NA	NA	NA	NA	0.00517299294591871	NA	NA	NA	NA	NA	NA	0.00094054417198522	NA	NA	NA	NA
NW030-6	0.58131081534504	0.101890168884912	0.0280170003355329	0.0137009283077955	0.0935577675875182	0.00212504194161727	0.0323789285314842	0.0584945755508332	0.0302538865898669	0.000279610781791746	NA	NA	NA	NA	NA	0.000894754501733587	NA	NA	0.0277373895537412	0.00279610781791746	0.00206911978525892	0.00643104798121016	0.000726988032658539	NA	NA	0.00184543115982552	NA	NA	0.00106252097080863	NA	0.000503299407225143	0.0105133653953696	0.00290795213063416	NA	0.000335532938150095	NA	NA	NA	NA	NA	NA	NA	NA	NA	NA	NA	NA	NA	NA	NA	NA	NA	NA	NA	NA	NA	NA	NA	NA	NA	NA	NA	NA	0.000167766469075048	NA	NA	NA	NA	NA	NA
NW031-1	0.324916759156493	0.10865704772475	0.0682574916759156	0.00849056603773585	0.0320199778024417	0.0253607103218646	0.0190899001109878	0.0013873473917869	0.0262486126526082	0.304605993340733	0.00971143174250832	0.00133185349611543	NA	NA	0.00410654827968923	NA	0.00144284128745838	NA	0.0142064372918979	0.0107658157602664	0.00971143174250832	0.00105438401775805	0.0025527192008879	NA	0.00421753607103219	0.00183129855715871	0.00160932297447281	0.000332963374028857	0.00188679245283019	NA	0.000665926748057714	0.000887902330743618	0.00643729189789123	0.00133185349611543	NA	0.00366259711431742	NA	0.00194228634850166	0.000499445061043285	NA	0.000499445061043285	NA	NA	NA	NA	NA	NA	0.000277469478357381	NA	NA	NA	NA	NA	NA	NA	NA	NA	NA	NA	NA	NA	NA	NA	NA	NA	NA	NA	NA	NA	NA
NW031-2	0.24304164652255	0.119759651909662	0.0543545824987914	0.0075281442088542	0.0371572622418675	0.0577387941156157	0.0207887285033497	0.0539401892395884	0.0416465225498999	0.251882036052214	0.00973824159127012	0.00117411423440845	NA	NA	0.00552524345603978	NA	0.00283168727122039	NA	0.0194764831825402	0.0125699288624905	0.0238966779473721	0.00075972097520547	0.00455832585123282	0.000552524345603978	0.00787347192485669	0.00117411423440845	0.00310794944402238	NA	0.00296981835762138	NA	0.00227916292561641	0.00138131086400995	0.00635402997444575	0.000828786518405967	NA	0.00393673596242834	NA	0.00117411423440845	NA	NA	NA	NA	NA	NA	NA	NA	NA	NA	NA	NA	NA	NA	NA	NA	NA	NA	NA	NA	NA	NA	NA	NA	NA	NA	NA	NA	NA	NA	NA	NA
NW031-3	0.309032068255369	0.0957340394233598	0.100558987937629	0.00353045013239188	0.0240070609002648	0.0690203000882613	0.0464254192409532	0.0147102088849662	0.0367755222124154	0.157163871726979	0.000706090026478376	0.00135333921741689	NA	NA	0.0149455722271256	NA	0.00294204177699323	NA	0.00406001765225066	0.0128861429832304	0.0564283612827302	0.00123565754633716	0.00394233598117093	NA	0.00258899676375405	0.00235363342159459	0.00217711091497499	0.000117681671079729	0.000706090026478376	NA	NA	0.00105913503971756	0.00423654015887026	0.000529567519858782	NA	0.02606649014416	NA	NA	0.000588408355398647	NA	0.0010002942041777	NA	NA	NA	NA	NA	NA	0.000706090026478376	NA	NA	0.00241247425713445	NA	NA	NA	NA	NA	NA	NA	NA	NA	NA	NA	NA	NA	NA	NA	NA	NA	NA	NA
NW031-4	0.294828217329917	0.0850284997123882	0.122365737593474	0.00857606024159389	0.0252052502222455	0.0359776185744915	0.0429848873084767	0.05689483867594	0.0188254980913037	0.209590545416514	NA	0.00266694556293469	NA	NA	0.0160539664278617	NA	0.00575223552789834	NA	0.0066412173822099	0.00946504209590545	0.0210218062019558	0.00219630811065209	0.00209172201014485	NA	0.000941274904565183	NA	0.00141191235684777	0.000522930502536213	0.000627516603043456	NA	NA	0.00224860116090572	0.0137530722167024	0.00162108455786226	NA	0.00899440464362286	NA	0.000575223552789834	0.000627516603043456	NA	0.000261465251268106	NA	NA	NA	NA	NA	NA	NA	NA	NA	0.00151649845735502	NA	NA	NA	NA	0.000732102703550698	NA	NA	NA	NA	NA	NA	NA	NA	NA	NA	NA	NA	NA	NA
NW031-5	0.314832490216665	0.0359358595017658	0.083277655817505	0.00400878113963921	0.0214756132480672	0.0555025293500048	0.0466736661257994	0.221676052305049	0.0308771594922211	0.0729693614584328	0.000668130189939868	0.000668130189939868	NA	NA	0.0471031783907607	NA	0.00820845661926124	NA	0.00357926887467787	0.00272024434475518	0.0209506538131144	0.00205211415481531	0.00324520377970793	0.000334065094969934	0.000906748114918393	0.00396105755464351	0.00128853679488403	0.000620406604944163	NA	NA	NA	0.00286341509974229	0.0113582132289778	NA	NA	0.000477235849957049	NA	0.000238617924978524	0.000334065094969934	NA	NA	NA	NA	NA	NA	NA	NA	NA	NA	0.000477235849957049	NA	NA	NA	NA	NA	0.000715853774935573	NA	NA	NA	NA	NA	NA	NA	NA	NA	NA	NA	NA	NA	NA
NW032-1	NA	0.519785655399835	NA	0.0219153613630118	0.048090134652377	NA	NA	0.228634240175872	0.00370981038746909	0.0280983786754603	NA	NA	NA	0.00412201154163232	NA	0.0761198131354768	NA	0.001786205001374	NA	0.00309150865622424	0.000755702115965925	0.0122973344325364	0.00192360538609508	0.0116790327012916	NA	NA	0.00796922231382248	NA	0.0114729321242099	NA	0.00336630942566639	NA	0.000549601538884309	NA	NA	NA	NA	NA	NA	0.000412201154163232	NA	0.0124347348172575	NA	NA	NA	0.00137400384721077	NA	NA	NA	NA	NA	NA	NA	NA	NA	NA	NA	0.000412201154163232	NA	NA	NA	NA	NA	NA	NA	NA	NA	NA	NA	NA
NW032-2	0.732426920462271	0.151461590754589	NA	0.00584636301835486	0.00870156356220258	NA	NA	0.00190346702923182	NA	0.0345343303874915	NA	NA	NA	NA	NA	0.0296397008837525	NA	0.00217539089055065	0.00435078178110129	NA	NA	0.00598232494901428	0.00163154316791298	0.00557443915703603	NA	NA	NA	NA	0.012100611828688	NA	0.00367097212780421	NA	NA	NA	NA	NA	NA	NA	NA	NA	NA	NA	NA	NA	NA	NA	NA	NA	NA	NA	NA	NA	NA	NA	NA	NA	NA	NA	NA	NA	NA	NA	NA	NA	NA	NA	NA	NA	NA	NA
NW032-3	0.508716323296355	0.222809180019957	NA	0.000352174678640606	0.0454892293244116	NA	NA	0.073252333157246	0.0217174385161707	0.00909784586488232	NA	NA	NA	NA	0.0416153078593649	0.00980219522216353	NA	0.0133239420085696	NA	0.00446087926278101	0.0199565651229677	0.00146739449433586	0.00340435522685919	NA	NA	0.0132065504490227	0.000880436696601514	NA	0.00463696660210131	NA	0.00170217761342959	0.000997828256148383	0.00311087632799202	NA	NA	NA	NA	NA	NA	NA	NA	NA	NA	NA	NA	NA	NA	NA	NA	NA	NA	NA	NA	NA	NA	NA	NA	NA	NA	NA	NA	NA	NA	NA	NA	NA	NA	NA	NA	NA
NW032-4-1	0.532243976999782	0.212497270543708	NA	0.00312977654851154	0.052733095567363	NA	NA	0.0378848533372152	0.0097168644006114	0.014120387218866	NA	NA	NA	0.000363927505640876	0.0566271198777204	0.0171773782662494	NA	0.0117548584322003	NA	0.00360288230584468	0.0140476017177378	0.0056044835868695	0.00221995778440935	0.00171045927651212	NA	0.00968047165004731	0.00138292452143533	NA	0.00640512409927942	NA	0.00189242302933256	0.00178324477764029	0.00214717228328117	NA	NA	NA	NA	NA	NA	0.000727855011281753	NA	NA	NA	NA	NA	0.000545891258461314	NA	NA	NA	NA	NA	NA	NA	NA	NA	NA	NA	NA	NA	NA	NA	NA	NA	NA	NA	NA	NA	NA	NA	NA
NW032-4-2	0.543726988400174	0.16651490557821	NA	0.00585929767607585	0.0430341660398274	NA	NA	0.0659170988558534	0.0095411536482046	0.00958074349736728	NA	NA	NA	0.000356308642464072	0.0614830357496338	0.0185676392572944	NA	0.0151629122293044	0.000158359396650699	0.00364226612296607	0.0176570727265529	0.00510709054198503	0.00225662140227246	0.0089077160616018	NA	0.0126687517320559	0.000950156379904193	NA	0.00348390672631537	NA	0.000831386832416168	0.000435488340789422	0.00332554732966467	NA	NA	NA	NA	NA	0.000118769547488024	NA	NA	NA	NA	NA	NA	0.000316718793301398	NA	NA	NA	NA	NA	NA	NA	NA	NA	NA	NA	NA	NA	NA	NA	NA	0.000395898491626747	NA	NA	NA	NA	NA	NA	NA
NW032-4-3	0.562057877813505	0.152564691471444	NA	0.00425662226305313	0.0549992344204563	NA	NA	0.0529781044250498	0.0130454754248966	0.010075026795284	NA	NA	NA	0.000489970907977339	0.0560097994181595	0.0142091563313428	NA	0.0100137804317869	NA	0.00275608635737253	0.0331955290154647	0.00324605726534987	0.00171489817792069	0.00670647680293983	NA	0.0137498086051141	0.000520594089725923	NA	0.00330730362884704	NA	0.00110243454294901	0.00107181136120043	0.00107181136120043	NA	NA	NA	NA	NA	NA	NA	NA	NA	NA	NA	NA	0.000275608635737253	NA	NA	NA	NA	NA	NA	NA	NA	NA	NA	NA	NA	NA	NA	NA	NA	0.00058184045322309	NA	NA	NA	NA	NA	NA	NA
NW032-5	0.347532337058897	0.380560090418184	NA	0.00203440914228306	0.0436518899912093	NA	NA	0.0550295114906442	0.00874042446314203	0.0386286575411277	NA	0.000351626271505714	NA	0.000778601029762652	0.0278035916112018	0.0187617732010549	NA	0.010398091171669	0.000301393947004898	0.00200929298003265	0.00848926284063795	0.0128343589099586	0.00404370212231571	0.00590229812884591	NA	0.00929298003265101	0.00198417681778224	NA	0.00841391435388673	NA	0.00273766168529449	0.000979530327765917	0.00288835865879694	NA	NA	NA	NA	NA	NA	0.00434509606932061	NA	NA	NA	NA	NA	0.000527439407258571	NA	NA	NA	NA	NA	NA	NA	NA	0.000753484867512244	NA	NA	NA	NA	NA	NA	NA	0.000150696973502449	7.53484867512244e-05	NA	NA	NA	NA	NA	NA
NW033-1	0.595705425139358	0.158828609562691	0.0611211431263249	0.0207662714925022	0.0214728743032111	NA	0.003690036900369	NA	0.0154274947004789	0.00247310983748135	NA	0.0451048127502552	NA	0.000431812828766586	0.0221794771139201	0.0334851220852634	NA	NA	0.00204129700871477	0.00290492266624794	NA	0.00577058962078982	0.000667347099002905	0.00153097275653608	NA	NA	0.00349375834183874	NA	0.000510324252178692	NA	NA	0.000902881369239224	0.00105990421606344	NA	NA	NA	NA	NA	NA	NA	NA	NA	NA	NA	NA	0.000431812828766586	NA	NA	NA	NA	NA	NA	NA	NA	NA	NA	NA	NA	NA	NA	NA	NA	NA	NA	NA	NA	NA	NA	NA	NA
NW033-2	0.467162892025598	0.263740752507602	0.0840103481141923	0.0131620750692144	0.0109835247129306	NA	0.022057822357373	NA	0.0290927245495393	0.00163391276721282	NA	0.0442971905777697	NA	NA	0.0240094403848772	0.0207870013162075	NA	NA	0.00308627967140199	0.0031316661371579	0.000272318794535469	0.00485635183588254	0.000907729315118232	NA	NA	NA	0.0031316661371579	NA	0.000590024054826851	NA	NA	0.00177007216448055	0.00131620750692144	NA	NA	NA	NA	NA	NA	NA	NA	NA	NA	NA	NA	NA	NA	NA	NA	NA	NA	NA	NA	NA	NA	NA	NA	NA	NA	NA	NA	NA	NA	NA	NA	NA	NA	NA	NA	NA
NW033-3	0.193110844741657	0.369629676361113	0.0687653775787017	0.323828149643556	0.00346981263011797	NA	0.00126175004731563	NA	0.00605640022711501	NA	NA	0.000378525014194688	NA	NA	0.00346981263011797	0.00264967509936282	NA	NA	0.0235316383824364	NA	NA	NA	NA	NA	NA	NA	0.000757050028389376	NA	0.00239732508989969	NA	NA	0.000693962526023595	NA	NA	NA	NA	NA	NA	NA	NA	NA	NA	NA	NA	NA	NA	NA	NA	NA	NA	NA	NA	NA	NA	NA	NA	NA	NA	NA	NA	NA	NA	NA	NA	NA	NA	NA	NA	NA	NA
NW033-4	0.0173587214192858	0.432132752160281	0.0072646631490403	0.505773495450027	0.00114705207616426	NA	NA	NA	0.00321174581325992	0.00175881318345186	NA	0.00497055899671178	NA	NA	0.000535290968876654	0.00642349162651984	NA	NA	0.0162116693431215	NA	NA	0.00252351456756137	NA	NA	NA	NA	0.000688231245698555	NA	NA	NA	NA	NA	NA	NA	NA	NA	NA	NA	NA	NA	NA	NA	NA	NA	NA	NA	NA	NA	NA	NA	NA	NA	NA	NA	NA	NA	NA	NA	NA	NA	NA	NA	NA	NA	NA	NA	NA	NA	NA	NA
NW033-5	0.563115596108526	0.230376457792012	0.0736600398815638	0.0309686385884343	0.0367393800229621	NA	0.00223578463955526	NA	0.0151670795818478	0.00238685116925494	NA	0.00326303704151308	NA	0.00202429149797571	0.01413982717989	0.013656414284851	NA	NA	0.00114810562571757	0.00178258505045622	NA	0.0034443168771527	0.000785545954438335	NA	NA	NA	0.00353495679497251	NA	0.000241706447519488	NA	NA	0.000876185872258142	0.000453199589099039	NA	NA	NA	NA	NA	NA	NA	NA	NA	NA	NA	NA	NA	NA	NA	NA	NA	NA	NA	NA	NA	NA	NA	NA	NA	NA	NA	NA	NA	NA	NA	NA	NA	NA	NA	NA	NA
NW034-1	0.291313095967107	0.177528941766541	0.177587262706675	0.00265360277607675	0.0462193450558423	NA	0.0591374332954247	NA	0.0240865482751582	0.0179045286210014	0.00239115854547575	NA	NA	0.00239115854547575	NA	0.00930218995130202	NA	0.00364505875834718	8.74814102003324e-05	0.0196833172950748	0.00011664188026711	0.00390750298894818	0.108214504417811	0.00804828973843058	0.019916601055609	0.00489895897121862	0.000962295512203657	0.00285772606654419	0.00157466538360598	NA	0.00154550491353921	0.00469483568075117	0.000641530341469104	0.00644446388475782	NA	0.00011664188026711	NA	NA	0.000729011751669437	NA	NA	NA	NA	NA	NA	NA	NA	NA	NA	NA	NA	NA	NA	NA	NA	NA	NA	NA	NA	NA	NA	0.000903974572070102	0.000495727991135217	NA	NA	NA	NA	NA	NA	NA
NW034-2-1	0.199540913646504	0.149429375060619	0.215156315670363	0.00239242184216482	0.0439688338560021	NA	0.0585496750832498	NA	0.0126087097087065	0.02495877921826	0.0234069380233423	NA	NA	0.00135786104555301	NA	0.0189453945879538	NA	0.00494649380880023	0.000937570721929456	0.015453751899389	9.69900746823575e-05	0.00113155087129417	0.178720377614691	0.0025217419417413	0.027124890886166	0.00116388089618829	0.000193980149364715	0.00171349131938832	0.00662765510329443	NA	0.00290970224047073	0.00113155087129417	0.00038796029872943	0.00119621092108241	NA	NA	NA	NA	0.00122854094597653	0.00148718114512948	NA	NA	NA	NA	NA	NA	NA	NA	NA	NA	NA	NA	NA	NA	NA	NA	NA	NA	NA	NA	NA	0.000452620348517668	0.000258640199152953	NA	NA	NA	NA	NA	NA	NA
NW034-2-2	0.247316129892645	0.140228045609122	0.17623524704941	0.0029672601186904	0.0465426418617057	NA	0.0730812829232513	NA	0.0388744415549777	0.0110688804427552	0.00430086017203441	NA	NA	0.0028005601120224	NA	0.00353404014136161	NA	0.00506768020270721	NA	0.0205707808228312	0.000333400013336001	0.00580116023204641	0.144828965793159	0.000366740014669601	0.0425751817030073	0.00736814029472561	0.000500100020004001	0.000733480029339201	0.00423418016936721	NA	0.00320064012802561	0.00733480029339201	0.001166900046676	0.00563446022537841	NA	NA	NA	NA	0.0019003800760152	NA	NA	NA	NA	NA	NA	NA	NA	NA	NA	NA	NA	NA	NA	NA	NA	NA	NA	NA	NA	NA	NA	0.001000200040008	0.000433420017336801	NA	NA	NA	NA	NA	NA	NA
NW034-3	0.387076808813517	0.134430896824906	0.161632728848177	0.00136163891811599	0.0343194900043325	NA	0.0490808937302717	NA	0.0132140867735347	0.00229002908955871	0.00532277031627159	NA	NA	0.00160920963050071	NA	0.00671535557343566	NA	0.00337315095624188	NA	0.0142662623011698	0.000247570712384725	0.00182583400383735	0.133595345670607	0.000433248746673269	0.0347217924119577	0.00259949248003961	0.000433248746673269	0.000371356068577087	0.00284706319242434	NA	0.000866497493346537	0.00253759980194343	0.000123785356192362	0.00238286810670298	NA	NA	NA	NA	0.00139258525716408	0.000123785356192362	NA	NA	NA	NA	NA	NA	NA	NA	NA	NA	NA	NA	NA	NA	NA	NA	NA	NA	NA	NA	NA	0.000587980441913722	0.000216624373336634	NA	NA	NA	NA	NA	NA	NA
NW034-4	0.218037273556627	0.266095399452626	0.121758112863287	0.000325817802684739	0.0362309396585429	NA	0.042975368174117	NA	0.00899257135409879	0.00762413658282289	0.0602437117164082	NA	NA	0.00456144923758634	NA	0.0102632607845693	NA	0.0117946044571875	0.0029975237846996	0.0128046396455102	NA	0.0014987618923498	0.117685390329728	NA	0.0296494200443112	0.00553890264564056	0.000228072461879317	0.00765671836309136	0.00654893783396325	NA	0.00257396064120944	0.00351883226899518	0.000456144923758634	0.00404014075329076	NA	NA	NA	NA	0.000912289847517268	0.0147921282418871	NA	NA	NA	NA	NA	NA	NA	NA	NA	NA	NA	NA	NA	NA	NA	NA	NA	NA	NA	NA	NA	NA	0.000195490681610843	NA	NA	NA	NA	NA	NA	NA
NW034-5	0.243562032977212	0.156919656641759	0.181498178225159	0.00398320261841536	0.0419934539615883	NA	0.0400790465015748	NA	0.0151608719817205	0.0220774408695115	0.0135861174581609	NA	NA	0.00166738714259248	NA	0.00944852714135738	NA	0.00256283579324399	0.00108071388871735	0.00741060952263324	0.000216142777743469	0.00185265238065831	0.17442722163898	0.000679305872908047	0.0397085160254431	0.00194528499969122	NA	0.00771938491940962	0.00855307849070586	NA	0.00355091706292843	0.00348916198357315	NA	0.00632989563391589	NA	NA	NA	NA	0.000524918174519854	0.0093867720620021	NA	NA	NA	NA	NA	0.000277897857098746	NA	NA	NA	NA	NA	NA	NA	NA	0.000308775396776385	NA	NA	NA	NA	NA	NA	NA	NA	NA	NA	NA	NA	NA	NA	NA
NW035-1	0.0558246449388392	0.139807897545358	0.0339052622937361	0.00603398735735982	0.0380100155980626	0.0144897791642722	0.0581643543223052	0.112347097939414	0.0492980871849602	0.0309908874476644	0.00443313356867252	0.099786552828175	NA	0.00701912815039816	NA	0.0153517773581808	0.106189967982924	0.0159264428207865	NA	0.0150644446268779	0.0271734668746408	0.0541827436171086	0.00336589770954766	0.00693703308431163	NA	0.00513094163040801	0.0156391100894836	0.0433872424267302	NA	NA	0.0016008537886873	0.00463837123388884	0.00123142599129792	0.0177325342746901	NA	0.00233970938346605	NA	0.00529513176258107	0.00463837123388884	NA	0.00201132911911994	NA	NA	NA	NA	NA	NA	NA	NA	NA	NA	0.000574665462605697	NA	NA	NA	0.000492570396519169	0.000985140793038338	NA	NA	NA	NA	NA	NA	NA	NA	NA	NA	NA	NA	NA
NW035-2	0.115517013107375	0.151926386866146	0.0301866807890904	0.0109228121276314	0.0409108963325831	0.0368065669270489	0.0473321858864028	0.0815569972196478	0.0835429630610354	0.00913544287038263	0.020389249304912	0.0990334966238581	NA	0.00695088044485635	NA	0.0299218853435721	0.0628227194492255	0.0158877267311002	0.000529590891036674	0.0253541639083808	0.0323050443532371	0.0239639878194095	0.00198596584138753	0.000992982920693764	NA	0.0071494770289951	0.0168145107904144	0.0127101813848802	0.000330994306897921	NA	0.00119157950483252	0.00450152257381173	0.0012577783662121	0.014497550642129	NA	0.000860585197934596	NA	0.00595789752416258	0.00178736925724878	NA	0.00317754534622005	NA	NA	NA	NA	NA	NA	NA	NA	NA	NA	NA	NA	NA	NA	0.000397193168277506	0.00139017608897127	NA	NA	NA	NA	NA	NA	NA	NA	NA	NA	NA	NA	NA
NW035-4-1	0.0764974201749794	0.100164510581021	0.029649293352277	0.00665520077768638	0.0348089433934046	0.0558962087788828	0.0596724743886936	0.127682644133702	0.0710012712181261	0.0148433410603455	0.00467359605174606	0.0715247139759216	NA	0.0333507814252599	NA	0.0552979884842593	0.0611306363568384	0.0203768787856128	0.000261721378897779	0.00882374934569655	0.0262843041950198	0.0420249756973005	0.000897330441935243	0.0100949674717715	NA	0.00366409930456891	0.00785164136693337	0.0392582068346669	NA	NA	0.000635609063037464	0.00321543408360129	0.00179466088387049	0.0180213863755328	NA	0.00205638226276826	0.000112166305241905	0.00437448590443431	0.00254243625214985	NA	0.00239288117849398	NA	NA	0.000373887684139684	NA	NA	0.000448665220967621	NA	NA	NA	NA	NA	NA	NA	NA	0.000523442757795558	0.00112166305241905	NA	NA	NA	NA	NA	NA	NA	NA	NA	NA	NA	NA	NA
NW035-4-2	0.131055442991343	0.0993737336526064	0.0319580033155277	0.0105912691103334	0.0273070547062074	0.0391876957082336	0.0612451648554062	0.181018603794437	0.0369312948977712	0.00782832934242034	0.0434702523484988	0.066863142383496	0.000828881930373918	0.0257874378338552	NA	0.0601399889482409	0.0361945109596611	0.0199852643212378	0.000690734941978265	0.00612451648554062	0.0199852643212378	0.0315896113464726	0.000967028918769571	0.00506538957450728	0.000414440965186959	0.00663105544299134	0.00419045864800147	0.0144133357892798	NA	NA	0.00119727389942899	0.00285503776017683	0.0017498618530116	0.0119727389942899	0.000828881930373918	0.00115122490329711	0.00244059679498987	0.0032234297292319	0.000828881930373918	NA	0.00221035181433045	NA	NA	NA	NA	NA	NA	NA	NA	NA	0.000414440965186959	NA	NA	NA	NA	0.000230244980659422	0.00105912691103334	NA	NA	NA	NA	NA	NA	NA	NA	NA	NA	NA	NA	NA
NW035-5	0.035969966823817	0.105535184215121	0.0192771084337349	0.00663523659856819	0.0438274838484372	0.0503579535533438	0.0319539025667889	0.124812292648856	0.0787847040335254	0.0195215645189453	0.00565741225772656	0.111227518770735	NA	0.0335952505674873	NA	0.101030207787672	0.0518246900646063	0.0124323380478435	0.000977824340841627	0.0108957569408067	0.0209533787323206	0.0385891391653571	0.00150165880914964	0.00663523659856819	0.000384145276759211	0.00485419940632094	0.0070193818753274	0.0195564868168325	NA	NA	0.000488912170420814	0.00324777370350969	0.00240963855421687	0.0273092369477912	0.00970839881264187	0.000523834468308015	NA	0.00530818927885455	0.00237471625632967	NA	0.00240963855421687	NA	NA	0.000139689191548804	NA	NA	NA	NA	NA	NA	NA	NA	NA	NA	NA	0.000453989872533613	0.00181595949013445	NA	NA	NA	NA	NA	NA	NA	NA	NA	NA	NA	NA	NA
NW036-1	0.548550813256696	0.18643756879051	0.0879907056377645	NA	0.0454934572581631	NA	0.0328971505442094	0.0140638375932494	0.00813256695609637	0.0160205454323101	NA	NA	NA	NA	NA	0.00177326647914883	0.00122294239941299	0.0339977987036811	NA	0.00232359055888468	0.00183441359911948	0.00152867799926623	0.00415800415800416	NA	NA	0.00831600831600832	0.00177326647914883	NA	0.00122294239941299	NA	0.000611471199706494	NA	NA	NA	NA	NA	NA	NA	NA	0.00122294239941299	NA	NA	0.000428029839794546	NA	NA	NA	NA	NA	NA	NA	NA	NA	NA	NA	NA	NA	NA	NA	NA	NA	NA	NA	NA	NA	NA	NA	NA	NA	NA	NA
NW036-2	0.418671298306557	0.235084672166739	0.0897090751194095	NA	0.0816326530612245	NA	0.033608336951802	0.0356925749023013	0.0184976118106817	0.00694745983499783	NA	0.000781589231437256	NA	NA	NA	0.014502822405558	0.00165002171081198	0.0309161962657403	NA	0.00573165436387321	0.00199739470256188	0.00538428137212332	0.00338688666956144	NA	NA	0.00816326530612245	0.00277898393399913	NA	0.00234476769431177	NA	0.00225792444637429	NA	NA	NA	NA	NA	NA	NA	NA	NA	NA	NA	NA	NA	NA	NA	NA	NA	NA	NA	NA	NA	NA	NA	NA	NA	NA	0.000260529743812419	NA	NA	NA	NA	NA	NA	NA	NA	NA	NA	NA	NA
NW036-3	0.332867086289007	0.323808572284944	0.0497552203017284	NA	0.0588137343057915	NA	0.0509208379125454	0.0600126552769174	0.0187497918539981	0.01445365837413	NA	0.000366336963399607	NA	0.00502880740666733	NA	0.0183501515302894	0.00459586372264962	0.0361674492956339	NA	0.00759316615046458	0.00166516801545276	0.00366336963399607	0.00392979651646851	NA	NA	0.000266426882472441	0.00353015619275985	NA	0.00303060578812402	NA	0.00133213441236221	0.000599460485562993	0.000366336963399607	NA	NA	NA	NA	NA	NA	NA	NA	NA	NA	NA	NA	NA	NA	NA	NA	NA	NA	NA	0.000133213441236221	NA	NA	NA	NA	NA	NA	NA	NA	NA	NA	NA	NA	NA	NA	NA	NA	NA
NW036-4	0.390176600441501	0.28646983075791	0.050588668138337	NA	0.0877023546725533	NA	0.0414367181751288	0.025018395879323	0.0288815305371597	0.00533480500367918	NA	0.000275938189845475	NA	0.0011037527593819	NA	0.00694444444444444	0.00229948491537896	0.047645327446652	NA	0.00390912435614422	0.00165562913907285	0.00248344370860927	0.00574871228844739	NA	NA	0.00579470198675497	0.00193156732891832	NA	0.0011037527593819	NA	0.00206953642384106	0.000229948491537896	NA	NA	NA	NA	NA	NA	NA	NA	NA	NA	NA	NA	NA	NA	NA	NA	NA	NA	NA	NA	0.000321927888153054	NA	NA	NA	NA	0.000873804267844003	NA	NA	NA	NA	NA	NA	NA	NA	NA	NA	NA	NA
NW036-5	0.340149939160812	0.368960238646622	0.0446284884405542	0.00219806099619264	0.0493386191466813	NA	0.0247281862071672	0.0539309965851552	0.0107547984456569	0.0266514895788358	NA	0.000353259802959532	NA	NA	NA	0.00376810456490168	0.00294383169132943	0.0419201632845311	NA	0.00408211327864348	0.00478863288456255	0.00231581426384582	0.00655493189936021	NA	NA	0.000549515249048161	0.00408211327864348	NA	0.0034933469403776	NA	0.00188405228245084	0.000902775052007693	NA	NA	NA	NA	NA	NA	NA	NA	NA	NA	NA	NA	NA	NA	NA	NA	NA	NA	NA	NA	0.000196255446088629	NA	0.000510264159830435	NA	NA	0.000314008713741806	NA	NA	NA	NA	NA	NA	NA	NA	NA	NA	NA	NA
NW038-1	0.102751796123085	0.245899417107225	0.0504721883331074	NA	0.0686819393610772	0.02308978356152	0.0572951967827934	0.00813338755591704	0.0284668564457096	NA	0.246080159052912	NA	NA	NA	0.0222764448059283	NA	0.00176223397044869	0.0273372192851656	NA	0.00158149202476165	0.00777190366454295	0.0256653562875604	0.00067778229632642	NA	0.00804301658307352	0.00659708101757715	0.0170801138674258	0.0234060819664724	0.000903709728435227	NA	0.0025755727260404	0.000587411323482897	NA	0.000722967782748181	NA	0.00433780669648909	NA	0.00474447607428494	0.00347928245447562	NA	0.00131037910623108	NA	0.00253038723961863	0.000903709728435227	0.00122000813338756	NA	NA	NA	NA	NA	0.000361483891374091	NA	0.00289187113099273	0.000361483891374091	NA	NA	NA	NA	NA	NA	NA	NA	NA	NA	NA	NA	NA	NA	NA	NA
NW038-2	0.113185952653455	0.246430937895308	0.0386723691343895	NA	0.0863803385338233	0.0232516113487139	0.0986687548942835	0.022649237997711	0.0451177639901211	0.000240949340401181	0.0948135654478646	NA	NA	NA	0.0255406300825251	0.0012649840371062	0.00686705620143365	0.0216854406361063	NA	0.00403590145171978	0.0216854406361063	0.038973555809891	0.00168664538280826	NA	0.00289139208481417	0.0106017709776519	0.0325281609541594	0.0308415155713511	0.00277091741461358	NA	0.00427685079212096	0.00102403469670502	0.000903560026504427	0.00114450936690561	NA	0.0049996988133245	NA	0.00313234142521535	0.00445756279742184	NA	0.000602373351002952	NA	0.00355400277091741	0.00216854406361063	0.000481898680802361	NA	NA	NA	NA	NA	NA	NA	0.00174688271790856	0.000722848021203542	NA	NA	NA	NA	NA	NA	NA	NA	NA	NA	NA	NA	NA	NA	NA	NA
NW038-3	0.114767135543516	0.186241860927481	0.055966996371589	0.00830061136239376	0.0641184949550176	0.0610865351160594	0.136935235349669	0.0219692827675332	0.0414533525523137	NA	0.0984144341170038	NA	NA	0.000596451115860629	0.0248521298275262	NA	0.00497042596550524	0.0182911675530593	0.00039763407724042	0.00223669168447736	0.0115810924996272	0.0501515979919479	0.00248521298275262	NA	0.00288284705999304	0.0128734032506586	0.0155077290123764	0.0296237387544113	0.0019881703862021	NA	0.00447338336895472	0.0019881703862021	0.000248521298275262	0.00337988965654357	NA	0.000596451115860629	NA	0.00288284705999304	0.00243550872309757	NA	0.000695859635170734	NA	0.00506983448481535	0.00154083204930663	0.00228639594413241	NA	NA	0.000497042596550524	NA	NA	NA	NA	0.00571598986033103	0.000347929817585367	NA	NA	NA	NA	NA	0.000149112778965157	NA	NA	NA	NA	NA	NA	NA	NA	NA	NA
NW038-4	0.11340340514246	0.188585823488534	0.0857366226546213	0.000390896455872133	0.0749218207088256	0.0642373175816539	0.141547949965254	0.0199357192494788	0.0301424600416956	NA	0.0683200138985407	NA	NA	NA	0.038047255038221	NA	0.00794822793606671	0.0171994440583739	NA	0.00382209867963864	0.0191104933981932	0.0473853370396108	0.00282314107018763	NA	0.00156358582348853	0.00716643502432245	0.0154621264767199	0.027319318971508	0.00121612230715775	NA	0.0022585128561501	0.00130298818624044	0.000825225851285615	0.00295343988881167	NA	0.00516851980542043	NA	0.00182418346073662	0.0035180681028492	NA	0.00121612230715775	NA	NA	0.00152015288394719	0.000608061153578874	NA	NA	0.000651494093120222	NA	NA	NA	NA	0.00169388464211258	0.000173731758165393	NA	NA	NA	NA	NA	NA	NA	NA	NA	NA	NA	NA	NA	NA	NA	NA
NW038-5	0.144140566833772	0.357224400655184	0.0485432074254231	0.000148905544249764	0.0554424976423289	0.0285402293145381	0.103489353253586	0.0103241177346503	0.0359358713456098	0.000397081451332705	0.0228818186330471	NA	NA	0.00143942026108105	0.0333548419119472	0.000744527721248821	0.00804089938948727	0.00367300342482752	NA	0.00620439767707351	0.0136000397081451	0.0626395989477342	0.000446716632749293	NA	0.000347446269916117	0.00575768104432422	0.0257110239737926	0.00828907529657021	0.00193577207524694	NA	0.00481461259740904	0.00138978507966447	0.00218394798232988	0.00114160917258153	NA	NA	NA	NA	0.00377227378766069	0.00024817590708294	0.00213431280091329	NA	NA	NA	0.00372263860624411	0.00024817590708294	NA	0.000694892539832233	NA	NA	NA	NA	0.000397081451332705	NA	NA	NA	NA	NA	NA	NA	NA	NA	NA	NA	NA	NA	NA	NA	NA	NA
NW040-1	0.283317580340265	0.205281190926276	0.0770912098298677	0.087960775047259	0.0261696597353497	0.0105151228733459	0.0304820415879017	0.0486176748582231	0.0187854442344045	0.000354442344045369	0.0648038752362949	NA	0.000886105860113422	0.00124054820415879	NA	NA	0.00702977315689981	0.00277646502835539	0.00649810964083176	0.0173086011342155	0.0041351606805293	0.011578449905482	0.00177221172022684	0.000295368620037807	0.00466682419659735	0.0167769376181474	0.0170132325141777	0.0381616257088847	0.000708884688090737	0.00106332703213611	0.00212665406427221	NA	0.00395793950850662	0.000531663516068053	NA	0.000708884688090737	NA	0.00242202268431002	0.00129962192816635	NA	NA	NA	0.00194943289224953	0.0015359168241966	NA	NA	NA	NA	NA	NA	NA	NA	NA	0.000177221172022684	NA	NA	NA	NA	NA	NA	NA	NA	NA	NA	NA	NA	NA	NA	NA	NA
NW040-2-1	0.252755444332038	0.214312336936265	0.0626697193972632	0.0420637878707204	0.0599542090410521	0.0257174804323518	0.0359938235450721	0.00186358553857622	0.0431819391938661	NA	0.0559608114583888	NA	NA	0.00133113252755444	0.00154411373196315	NA	0.00713487034769182	0.00921143709067675	0.00734785155210053	0.0313082370480805	0.0167190245460838	0.00633619083115915	0.00170384963526969	0.00175709493637187	0.00670890793887439	0.01858261008466	0.0179969117725361	0.032958841382248	0.00165060433416751	0.000745434215430488	0.00314147276502849	0.00122464192535009	0.00532453011021777	0.000585698312123955	NA	0.00340769927053937	NA	0.00798679516532666	0.0028752462595176	NA	0.00175709493637187	NA	0.00271551035621106	0.00367392577605026	NA	NA	0.00633619083115915	NA	NA	NA	0.000425962408817422	NA	NA	0.00303498216282413	NA	NA	NA	NA	NA	NA	NA	NA	NA	NA	NA	NA	NA	NA	NA	NA
NW040-2-2	0.202629047771722	0.274492740347181	0.123482801264141	0.0680163055924518	0.0486419639994504	0.0169010213896395	0.0382448587001328	0.0213896395364815	0.0239545641918197	0.000778637841799111	0.0451609948243485	NA	0.000549626711858196	0.000274813355929098	0.00151147345761004	NA	0.0134658544405258	0.0045802225988183	0.00870242293775477	0.00938945632757752	0.00645811386433381	0.00476343150277103	0.000778637841799111	0.000961846745751844	0.00338936472312554	0.0123207987908212	0.016763614711675	0.0280767645307562	0.000961846745751844	0.00247332020336188	0.000961846745751844	0.00128246232766912	0.00444281592085375	NA	NA	0.000778637841799111	NA	0.00206110016946824	0.00100764897174003	NA	NA	NA	0.00613749828241653	0.00155727568359822	NA	NA	0.00192369349150369	0.000274813355929098	NA	NA	NA	NA	NA	0.00045802225988183	NA	NA	NA	NA	NA	NA	NA	NA	NA	NA	NA	NA	NA	NA	NA	NA
NW040-3	0.170368839756173	0.100475255708234	0.132916623618142	0.116747597892344	0.032493026139064	0.0252092158280814	0.0594586217584461	0.130953610910218	0.0230395702035334	NA	0.00661225333195578	NA	0.000309949374935427	0.00475255708234322	0.00191135447876847	NA	0.0244343423907428	0.00976340531046596	0.00149808864552123	0.0117264180183903	0.0233495195784689	0.00862692426903606	0.00387436718669284	0.000929848124806282	0.00253125322863932	0.0113131521851431	0.0137927471846265	0.0587870647794194	NA	NA	NA	0.000826531666494473	0.00785205083169749	NA	NA	0.00129145572889761	0.000619898749870854	0.00495918999896684	0.000516582291559045	NA	NA	NA	0.000929848124806282	0.00516582291559045	NA	0.000103316458311809	NA	0.000413265833247236	NA	NA	0.000671556979026759	NA	NA	NA	NA	NA	NA	NA	0.000516582291559045	NA	0.000258291145779523	NA	NA	NA	NA	NA	NA	NA	NA	NA
NW041-1	0.26492292554936	0.212282715644474	0.220113151853067	0.000122991144637586	0.0299278451951459	0.00303378156772712	0.10409150541161	NA	0.0193506067563135	0.000245982289275172	NA	0.0640783863561823	NA	NA	0.016439816333224	0.00159888488028862	0.0222204001311906	0.0147589373565103	NA	0.00692850114791735	NA	0.000655952771400459	0.000245982289275172	NA	0.00598556903902919	0.00721548048540505	NA	NA	0.000163988192850115	NA	0.000286979337487701	0.00176287307313873	0.00159888488028862	NA	NA	0.000696949819612988	NA	NA	NA	NA	NA	NA	0.000163988192850115	NA	NA	0.000204985241062643	NA	NA	NA	NA	NA	NA	NA	NA	NA	NA	NA	NA	NA	0.000901935060675631	NA	NA	NA	NA	NA	NA	NA	NA	NA	NA
NW041-2	0.399421558085209	0.274352033816604	0.0388965108087063	0.00326300567318032	0.0429381882902592	0.00170566205643517	0.0419370388223516	NA	0.0354481070859135	0.0051169861693055	NA	0.0529126033594127	NA	NA	0.0162037895361341	0.00315176684341281	0.0236197115206348	0.0240646668397048	NA	0.00418999592124291	0.00118654751752012	0.00211353776558271	0.000444955319070043	NA	0.00422707553116541	0.00630353368682561	0.00196521932589269	NA	0.00137194556713263	NA	0.000964069857985094	0.0092699024806259	0.00218769698542771	NA	NA	NA	NA	NA	0.000333716489302533	NA	NA	NA	NA	NA	NA	0.00133486595721013	NA	NA	NA	NA	NA	NA	NA	NA	NA	0.000889910638140087	NA	NA	NA	NA	NA	NA	NA	0.000185398049612518	NA	NA	NA	NA	NA	NA
NW042-1	0.0569151213728138	0.149863311485129	0.08099206218504	0.0212443595401996	0.068706564342413	0.420803003853628	0.0796745825236323	0.000164684957675966	0.0113303250881065	0.00352425809426567	NA	0.00233852639899872	NA	0.000263495932281545	NA	NA	NA	0.00658739830703864	NA	0.00342544711966009	0.00148216461908369	0.0183459042851026	0.0116596950034584	0.0033595731365897	0.00187740851750601	0.00546754059484207	0.00342544711966009	0.00237146339053391	0.00223971542439314	NA	0.00164684957675966	0.00279964428049142	0.0033925101281249	0.00787194097691117	0.0245709956852541	0.00108692072066137	NA	9.88109746055795e-05	NA	NA	0.000263495932281545	NA	NA	NA	NA	NA	NA	0.000263495932281545	NA	NA	NA	NA	NA	NA	NA	NA	NA	NA	0.000395243898422318	NA	0.000329369915351932	NA	0.000296432923816739	0.000131747966140773	NA	0.000790487796844636	NA	NA	NA	NA
NW042-3	0.0850900900900901	0.395900900900901	0.111261261261261	0.0213063063063063	0.0397297297297297	0.128108108108108	0.0804504504504504	0.000720720720720721	0.0123423423423423	0.00162162162162162	NA	0.00027027027027027	NA	0.0543693693693694	NA	NA	NA	0.00617117117117117	NA	0.00292792792792793	0.00162162162162162	0.0181081081081081	0.00472972972972973	0.00427927927927928	0.00238738738738739	0.00490990990990991	0.00310810810810811	0.00045045045045045	0.00436936936936937	NA	0.0022972972972973	0.00315315315315315	0.00198198198198198	0.00292792792792793	0.0045045045045045	NA	NA	NA	NA	NA	NA	NA	0.00045045045045045	NA	NA	NA	NA	0.000225225225225225	NA	NA	NA	NA	NA	NA	NA	NA	NA	NA	NA	NA	NA	NA	NA	0.000225225225225225	NA	NA	NA	NA	NA	NA
NW042-4	0.026910269102691	0.245522455224552	0.0504005040050401	0.0033750337503375	0.0512105121051211	0.291917919179192	0.0690306903069031	0.0003150031500315	0.024570245702457	0.001530015300153	NA	0.001260012600126	NA	0.0977859778597786	NA	NA	NA	0.00945009450094501	NA	0.00729007290072901	0.00576005760057601	0.0490504905049051	0.019980199801998	0.0026550265502655	0.000675006750067501	0.0045450454504545	0.00360003600036	0.000720007200072001	0.003420034200342	NA	0.000990009900099001	0.0041850418504185	0.0039150391503915	0.00792007920079201	0.00985509855098551	0.000360003600036	NA	0.000720007200072001	NA	NA	NA	NA	NA	NA	NA	NA	NA	NA	NA	NA	NA	NA	NA	NA	NA	NA	NA	NA	NA	NA	0.000675006750067501	NA	NA	0.0004050040500405	NA	NA	NA	NA	NA	NA
NW042-5	0.0356852917299072	0.14281176096855	0.112385725883308	0.0316614309413716	0.0376972221241749	0.426776322755992	0.0695704352123116	0.000635346440295083	0.0178955914016448	0.00180014824750274	NA	0.000282376195686704	NA	0.0287317779111221	NA	0.000141188097843352	NA	0.00885955313967033	NA	0.00257668278564117	0.0068829197698634	0.0321555892838234	0.00953019660442625	0.00035297024460838	0.00112950478274681	0.00963608767780876	0.00218841551657195	NA	0.00137658395397268	NA	0.000705940489216759	0.0010236137093643	0.00197663336980693	0.00360029649500547	0.00275316790794536	0.00123539585612933	NA	0.000423564293530055	0.00240019766333698	NA	NA	NA	0.00423564293530055	NA	NA	NA	NA	0.000670643464755921	NA	NA	NA	NA	NA	NA	NA	NA	NA	NA	NA	NA	NA	NA	NA	0.000211782146765028	NA	NA	NA	NA	NA	NA
NW043-1	0.0879858993902439	0.164919969512195	0.0391101371951219	0.077172256097561	0.0731230945121951	0.0101943597560976	0.0409203506097561	0.0779344512195122	0.0646436737804878	NA	0.139005335365854	NA	0.0020483993902439	NA	0.00138147865853659	0.00447789634146341	0.00504954268292683	0.0172923018292683	NA	0.0184355945121951	0.0221989329268293	0.0124333079268293	0.00219131097560976	NA	0.00385861280487805	0.0177210365853659	0.00147675304878049	NA	0.00166730182926829	0.091796875	0.000619283536585366	NA	0.00871760670731707	NA	0.000428734756097561	0.00423971036585366	NA	0.00128620426829268	0.00285823170731707	NA	0.001953125	NA	NA	NA	NA	NA	NA	NA	NA	0.000524009146341463	0.000238185975609756	NA	NA	0.00119092987804878	NA	0.000428734756097561	0.000476371951219512	NA	NA	NA	NA	NA	NA	NA	NA	NA	NA	NA	NA	NA
NW043-3	0.0612107838434232	0.132015734433464	0.0282068502350571	0.0657200422143337	0.0529598004413317	0.0101698167514151	0.0172695001439125	0.0191883334932361	0.0592919504940996	NA	0.310755060922959	NA	0.0172695001439125	0.00163100834692507	0.000959416674661806	0.00450925837091049	0.00211071668425597	0.020723400172695	NA	0.0119927084332726	0.0172695001439125	0.00748345006236208	0.000575650004797083	NA	0.00479708337330903	0.0139115417825962	0.00172695001439125	NA	0.00163100834692507	0.111484217595702	0.00134318334452653	NA	0.00364578336371486	NA	NA	0.00422143336851195	NA	0.00326201669385014	0.00211071668425597	NA	NA	NA	0.00105535834212799	0.00326201669385014	NA	NA	NA	NA	NA	NA	NA	NA	NA	0.00623620838530174	NA	NA	NA	NA	NA	NA	NA	NA	NA	NA	NA	NA	NA	NA	NA	NA
NW043-4-1	0.0590023490396573	0.235548800147391	0.0316429459720879	0.0535212565059187	0.0576666206070655	0.00700105937082585	0.0356961908709871	0.0894938049836488	0.069227580489153	NA	0.14292294228732	NA	0.00736953617981668	0.0016120860393349	0.000460596011238543	0.00396112569665147	0.0032241720786698	0.0227995025563079	NA	0.018976555663028	0.0251946018147483	0.00824466860116991	0.00216480125282115	NA	0.00603380774722491	0.0191147344663995	0.00280963566855511	0.000783013219105523	0.00119754962922021	0.0683985076689236	0.00198056284832573	NA	0.00598774814610106	NA	NA	0.00313205287642209	NA	0.00386900649440376	0.00345447008428907	NA	0.00138178803371563	NA	0.000598774814610105	NA	NA	NA	NA	NA	NA	0.000598774814610105	0.000368476808990834	NA	NA	0.00290175487080282	NA	0.000506655612362397	0.000598774814610105	NA	NA	0.000552715213486251	NA	NA	NA	NA	NA	NA	NA	NA	NA	NA
NW043-4-2	0.0913291925465839	0.182658385093168	0.0456645962732919	0.0552546583850932	0.0366211180124224	0.00765217391304348	0.0317515527950311	0.0479503105590062	0.0431304347826087	NA	0.172869565217391	NA	0.0411925465838509	0.00417391304347826	0.000298136645962733	0.00124223602484472	0.00149068322981366	0.016944099378882	NA	0.00884472049689441	0.0102360248447205	0.00437267080745342	0.000496894409937888	NA	0.00859627329192547	0.0136149068322981	0.00318012422360248	0.00114285714285714	0.00104347826086957	0.118062111801242	0.000645962732919255	NA	0.00303105590062112	0.000149068322981366	NA	0.00586335403726708	NA	0.0165465838509317	0.00149068322981366	NA	0.000347826086956522	NA	0.00775155279503106	0.00472049689440994	NA	NA	NA	NA	NA	0.000795031055900621	0.000298136645962733	NA	NA	0.00819875776397515	NA	NA	NA	NA	NA	0.000347826086956522	NA	NA	NA	NA	NA	NA	NA	NA	NA	NA
NW043-6	0.138294032723773	0.208974975938402	0.0235202117420597	0.0745909528392685	0.0411453320500481	0.0132940327237729	0.0360923965351299	0.0090832531280077	0.102502406159769	NA	0.103103946102021	NA	0.00595524542829644	NA	0.00192492781520693	0.0232795957651588	0.0069177093358999	0.00565447545717036	NA	0.0228585178055823	0.0303176130895091	0.0163618864292589	0.00126323387872955	NA	0.00294754571703561	0.0149783445620789	0.00775986525505294	NA	0.00150384985563041	0.0788618864292589	0.00360923965351299	0.000481231953801732	0.0144971126082772	NA	NA	0.00162415784408085	NA	0.0018046198267565	0.0025264677574591	NA	0.00132338787295476	NA	NA	NA	NA	NA	NA	NA	NA	0.000782001924927815	NA	NA	NA	0.00186477382098171	NA	NA	NA	NA	NA	0.000300769971126083	NA	NA	NA	NA	NA	NA	NA	NA	NA	NA
NW044-1	0.294626705128832	0.101745465212927	0.0558353297804723	0.0450789615215372	0.0494304014081064	0.0792548770351538	0.0474258055053048	0.132938933163839	0.0443455727766098	NA	0.00268909206473378	0.00337358822666601	NA	0.00376472889062729	0.00645382095536107	0.0032758030606757	0.00718720970028847	0.0102185498459884	NA	0.0162812301373882	0.0322691047768054	0.00156456265584511	0.00122231457487899	0.00190681073681123	0.00738278003226911	0.00664939128734171	0.000244462914975798	0.0161834449713978	NA	NA	NA	0.000635603578937075	0.00195570331980639	0.00220016623478218	0.000684496161932235	0.00528039896347724	0.00161345523884027	0.00151567007284995	0.00200459590280154	NA	0.00264019948173862	NA	NA	0.000488925829951596	0.00112452940888867	NA	0.0030313401456999	0.00195570331980639	NA	NA	NA	NA	NA	NA	NA	NA	NA	NA	NA	NA	0.000635603578937075	0.00185791815381607	NA	0.000391140663961277	NA	NA	NA	NA	NA	0.000635603578937075
NW045-1	0.222693613082382	0.136763344646714	0.0289262573279852	0.0387997531626041	0.029389077445233	NA	0.00867787719839556	NA	0.00852360382597964	0.00539956803455724	0.011647639617402	0.000192841715519901	0.433122493057698	0.00597809318111694	0.00601666152422092	0.0152344955260722	0.000887071891391546	0.00593952483801296	0.00381826596729405	0.0105677260104906	0.00208269052761493	0.00107991360691145	0.00204412218451095	NA	0.00690373341561247	0.00320117247763036	0.00192841715519901	NA	0.00281548904659056	NA	0.00146559703795125	0.000848503548287566	0.000424251774143783	0.00185128046899105	NA	NA	NA	NA	NA	0.00269978401727862	NA	NA	NA	NA	NA	7.71366862079605e-05	NA	NA	NA	NA	NA	NA	NA	NA	NA	NA	NA	NA	NA	NA	NA	NA	NA	NA	NA	NA	NA	NA	NA	NA
NW045-2	0.148099668084709	0.12883923145248	0.167500350614745	0.0782104623439764	0.0263194801552055	NA	0.00827450797064186	NA	0.00378663924080221	0.00953672105090926	0.00878874292926932	0.00266467205834229	0.352391192557618	0.012809125333084	0.00495535505586462	0.0090692347248843	0.0038333878734047	0.00495535505586462	0.0025711747931373	0.00528259548408209	NA	NA	0.00205693983450984	NA	0.00836800523584685	0.00191669393670235	NA	0.000327240428217475	0.00434762283203216	NA	0.00144920761067739	0.000981721284652424	NA	0.0013557103454724	NA	NA	NA	NA	NA	0.000747978121639942	NA	NA	NA	NA	NA	0.000560983591229957	NA	NA	NA	NA	NA	NA	NA	NA	NA	NA	NA	NA	NA	NA	NA	NA	NA	NA	NA	NA	NA	NA	NA	NA
NW045-3	0.247485442032822	0.226663137462502	0.0284542085759661	0.0146461972825128	0.0715987294865008	NA	0.0163225692606317	NA	0.0224104464443268	0.0154843832715723	0.0166754896770778	0.0017204870301747	0.193973883889183	0.0104993823892712	0.0123080995235574	0.0173372154579142	0.00785247926592553	0.00701429327686607	0.00092641609317099	0.0292482795129698	0.00229398270689959	0.00123522145756132	0.00414681489324157	NA	0.0129257102523381	0.00498500088230104	0.00202929239456503	NA	0.0121316393153344	NA	0.00622022233986236	0.00467619551791071	0.0013675666137286	0.00622022233986236	NA	NA	NA	NA	NA	NA	NA	NA	NA	NA	NA	0.000661725780836421	NA	NA	NA	NA	NA	NA	NA	NA	0.000485265572613376	NA	NA	NA	NA	NA	NA	NA	NA	NA	NA	NA	NA	NA	NA	NA
NW045-4-1	0.129893409301879	0.285298165871771	0.0500304087577222	0.05265516468743	0.0305047853781889	NA	0.0105950513747959	NA	0.00950673794052687	0.0269837713261419	0.00649787138695944	0.00505745654748568	0.249927979258026	0.0264716238276624	0.00336096795877213	0.00889856278608239	0.0087705259114625	0.00681796357350917	0.00470535514228098	0.00755417560257354	0.0019845715566083	0.000832239685029288	0.00822636919432797	0.00131237796485388	0.0234627572740949	0.00915463653532217	0.000416119842514644	NA	0.00781024935181332	NA	0.00809833231970808	0.0033929771774271	0.00137639640216382	0.00832239685029288	NA	NA	NA	NA	NA	0.000928267340994206	NA	NA	NA	NA	NA	0.000512147498479562	NA	NA	0.000640184373099453	NA	NA	NA	NA	NA	NA	NA	NA	NA	NA	NA	NA	NA	NA	NA	NA	NA	NA	NA	NA	NA
NW045-4-2	0.0632058811450162	0.242884718058236	0.0109655427327611	0.0543348802825578	0.0144564458499322	NA	0.00320341697810998	NA	0.00747463961558996	0.0170438211014826	0.0071050145796542	0.0016427779374923	0.46765780935562	0.00685859788903035	0.00242309745780114	0.00135529179843115	0.00665325064684381	0.00829602858433611	NA	0.00850137582652265	0.00168384738592961	0.00517475050310074	0.00583186167809766	0.00016427779374923	0.0410283789888702	0.00899420920777034	0.00229988911248922	NA	0.00160170848905499	NA	0.00464084767341575	0.000574972278122305	NA	0.00287486139061152	NA	NA	NA	NA	NA	0.000616041726559612	NA	NA	NA	NA	NA	0.000451763932810382	NA	NA	NA	NA	NA	NA	NA	NA	NA	NA	NA	NA	NA	NA	NA	NA	NA	NA	NA	NA	NA	NA	NA	NA
NW045-5	0.11631758402338	0.232732586458841	0.0256210423770093	0.0500730638090599	0.040867023867511	NA	0.0155382367267414	NA	0.00910862152946907	0.025864588407209	0.00642961519727228	0.00136385776911836	0.376814417924988	0.00628348757915246	0.00638090599123234	0.00155869459327813	0.00370189965903556	0.0031660983925962	0.000876765708718948	0.00418899171943497	0.00584510472479299	0.00360448124695567	0.00584510472479299	0.0014125669751583	0.00360448124695567	0.000974184120798831	0.00340964442279591	NA	0.0214807598636142	NA	0.0161714564052606	0.00321480759863614	0.00146127618119825	0.00608865075499269	NA	NA	NA	NA	NA	NA	NA	NA	NA	NA	NA	NA	NA	NA	NA	NA	NA	NA	NA	NA	NA	NA	NA	NA	NA	NA	NA	NA	NA	NA	NA	NA	NA	NA	NA	NA
NW046-1	0.162108009878384	0.173337682307441	0.0899771678859326	NA	0.0789338800615069	0.0524206700526536	0.014118633800848	0.0537253622850753	0.0303806905549602	NA	0.00768836494105587	0.0414705745305438	NA	0.0177531335911654	0.00796794184800335	0.0107637109174782	0.0312194212758026	0.00489259587158101	0.000186384604631657	0.00754857648758213	0.101253436466148	0.0442197474488607	0.00316853827873818	NA	0.000512557662737058	0.00507898047621267	0.00736219188295047	0.014677787614743	0.00284236522063278	NA	0.000465961511579144	0.00372769209263315	0.00806113415031918	0.00591771119705512	0.000372769209263315	0.00274917291831695	NA	0.00172405759284283	0.00279576906947486	NA	0.00158426913936909	NA	0.000186384604631657	NA	NA	NA	NA	0.00135128838357952	NA	NA	0.00214342295326406	0.00186384604631657	NA	NA	NA	0.00232980755789572	NA	NA	NA	NA	NA	NA	0.00111830762778994	NA	NA	NA	NA	NA	NA	NA
NW046-5	0.168415401883754	0.0822312234639598	0.0581230784246742	NA	0.0836464789419745	0.118003025718608	0.0121516763457128	0.086428187984969	0.037772680689083	0.000146405739104973	0.00570982382509394	0.0450441657312967	NA	0.02679225025621	0.00897955199843834	0.0138109413889024	0.0238641354741106	0.00156166121711971	0.000341613391244937	0.00419696452100922	0.128349031282026	0.0183007173881216	0.000536821043384901	NA	0.000439217217314919	0.00424576643404421	0.00351373773851935	0.0199599824313113	0.0124932897369577	NA	0.000780830608559856	0.00209848226050461	0.00527060660777902	0.00629544678151384	NA	0.00478258747742911	NA	0.0026841052169245	0.00204968034746962	NA	0.00175686886925968	NA	0.000976038260699819	NA	NA	NA	NA	0.00117124591283978	NA	NA	0.00390415304279928	0.00122004782587477	NA	NA	0.000195207652139964	0.00048801913034991	NA	NA	NA	NA	0.000976038260699819	NA	0.000292811478209946	NA	NA	NA	NA	NA	NA	NA
NW047-4	0.142925890279115	0.267511496096674	0.0218158485723452	0.157202438241899	0.065714896802481	0.000588172387979895	0.0152924820874773	0.215752325954443	0.0128328521013795	0.000160410651267244	NA	NA	NA	0.000213880868356326	0.0329911239439632	NA	0.0199443909742274	0.0138487862260721	NA	0.0014436958614052	NA	0.000213880868356326	NA	NA	0.000588172387979895	0.0102128114640145	NA	NA	0.0151855416532991	NA	0.00384985563041386	0.000267351085445407	NA	0.0014436958614052	NA	NA	NA	NA	NA	NA	NA	NA	NA	NA	NA	NA	NA	NA	NA	NA	NA	NA	NA	NA	NA	NA	NA	NA	NA	NA	NA	NA	NA	NA	NA	NA	NA	NA	NA	NA
NW047-5	0.467123625020522	0.153135774092924	0.0588983746511246	0.057051387292727	0.00238056148415695	0.00521260876703333	0.0225332457724512	0.116113938597931	0.00361188638975538	0.000779839106879002	0.0032014447545559	NA	NA	NA	0.057790182236086	NA	0.00229847315711706	0.0267607946150057	NA	0.000615662452799212	NA	NA	NA	NA	0.0116154982761451	0.00997373173534723	NA	NA	0.000902971597438844	NA	NA	NA	NA	NA	NA	NA	NA	NA	NA	NA	NA	NA	NA	NA	NA	NA	NA	NA	NA	NA	NA	NA	NA	NA	NA	NA	NA	NA	NA	NA	NA	NA	NA	NA	NA	NA	NA	NA	NA	NA
NW048-1	0.35960641623533	0.239686362937529	0.0350023061548711	0.000512478860247015	0.0299287654384257	0.00671347306923589	0.0719520319786809	0.0301337569825245	0.0191667093732384	0.00138369292266694	0.00937836314252037	NA	NA	0.000153743658074104	0.0159380925536822	0.000666222518321119	0.0148106390611387	0.0192179572592631	NA	0.00117870137856813	0.00409983088197612	0.00189617178291395	0.00389483933787731	0.000717470404345821	0.00589350689284067	0.0163993235279045	0.000256239430123507	NA	0.00174242812483985	0.101675805873008	0.00450981397017373	0.00215241121303746	0.000307487316148209	0.000204991544098806	NA	NA	NA	NA	0.000307487316148209	NA	NA	NA	NA	NA	NA	0.000153743658074104	NA	NA	NA	NA	NA	NA	NA	NA	NA	NA	NA	NA	NA	0.00035873520217291	NA	NA	NA	NA	NA	NA	NA	NA	NA	NA
NW048-5-1	0.247023634977421	0.472230367720368	0.0130197642367017	0.00216996070611694	0.00991144214415577	0.00398803589232303	0.0450413465485895	0.00369479795906398	0.0082106621312533	0.00492639727875198	0.0031669696791977	0.000469180693214474	NA	NA	0.0147791918362559	0.00152483725294704	0.0327253533517096	0.0137821828631752	NA	0.000762418626473521	0.00164213242625066	0.0031669696791977	0.000586475866518093	0.00498504486540379	0.0136062401032198	0.0520790569468066	0.00862119523781596	NA	0.00134889449299161	0.00832795730455692	0.02398686294059	0.00181807518620609	NA	NA	NA	NA	NA	NA	NA	NA	NA	0.000527828279866284	0.00146618966629523	NA	NA	NA	NA	NA	NA	NA	NA	NA	NA	NA	0.000410533106562665	NA	NA	NA	NA	NA	NA	NA	NA	NA	NA	NA	NA	NA	NA	NA
NW048-5-2	0.401573436686527	0.25481575750564	0.0780355180193209	NA	0.0393937641001909	0.0076357956846185	0.0646728755712385	0.025568346156071	0.00994967316480592	0.00335512234627177	0.00283449991322959	0.000462775496037485	NA	NA	0.00237172441719211	0.00543761207844045	0.0456990802337016	NA	NA	0.00109909180308903	0.00323942847226239	0.00196679585815931	0.00277665297622491	0.00318158153525771	0.00404928559032799	0.0101810609128247	0.00185110198414994	NA	0.00815641811766067	0.00468560189737953	0.00179325504714525	0.010296754786834	0.0016197142361312	0.00127263261410308	0.002024642795164	NA	NA	NA	NA	NA	NA	NA	NA	NA	NA	NA	NA	NA	NA	NA	NA	NA	NA	NA	NA	NA	NA	NA	NA	NA	NA	NA	NA	NA	NA	NA	NA	NA	NA	NA
NW049-1	0.32803607066302	0.214354349914997	0.191810185527386	0.0388055288639219	0.0709586813511716	NA	0.0239485549560204	0.0734718013156922	0.0073915293074137	0.000443491758444822	NA	0.00369576465370685	NA	NA	NA	0.00206962820607584	NA	0.00450883287752236	NA	0.00236528937837239	0.00073915293074137	0.0105698869096016	0.000886983516889645	NA	NA	0.00354793406755858	0.00125655998226033	NA	0.00118264468918619	NA	0.00487840934289304	0.000443491758444822	NA	NA	NA	NA	NA	NA	NA	0.0122699386503067	NA	NA	NA	NA	NA	NA	NA	NA	NA	NA	NA	NA	NA	NA	NA	NA	NA	0.000665237637667233	NA	NA	NA	NA	NA	NA	0.00170005174070515	NA	NA	NA	NA	NA
NW049-2	0.365714540350252	0.191702687046032	0.112873757853928	0.0649258054453901	0.0513346107570964	NA	0.0182255692705316	0.103248518336973	0.0198743371507509	0.00258455505547881	NA	0.0049908649347177	NA	0.000490174234659774	NA	0.00882313622387594	NA	0.0126999688070942	NA	0.00298560670201863	0.00213894211487902	0.015195401274453	0.00481261975847779	NA	NA	0.00147052270397932	0.00294104540795865	NA	0.00178245176239918	NA	0.00588209081591729	NA	0.00204981952675906	NA	NA	NA	NA	NA	NA	0.000356490352479836	NA	NA	NA	NA	NA	NA	NA	NA	NA	NA	NA	NA	NA	NA	NA	NA	NA	0.000668419410899692	NA	NA	NA	NA	NA	NA	0.00222806470299898	NA	NA	NA	NA	NA
NW049-3	0.208133971291866	0.304784688995215	0.207894736842105	0.0129186602870813	0.0894736842105263	NA	0.0203349282296651	0.0767942583732057	0.0181818181818182	0.00645933014354067	NA	0.00933014354066986	NA	0.00358851674641148	NA	0.00574162679425837	NA	0.00311004784688995	NA	0.00167464114832536	NA	0.0177033492822967	NA	NA	NA	NA	NA	NA	0.00382775119617225	NA	0.00741626794258373	NA	NA	NA	NA	NA	NA	NA	NA	0.00191387559808612	NA	NA	NA	NA	NA	NA	NA	NA	NA	NA	NA	NA	NA	NA	NA	NA	NA	0.000717703349282297	NA	NA	NA	NA	NA	NA	NA	NA	NA	NA	NA	NA
NW049-4	0.370401691331924	0.144186046511628	0.172938689217759	0.0202959830866808	0.0640591966173362	NA	0.0570824524312896	0.0651162790697674	0.0346723044397463	0.00465116279069767	NA	0.0221987315010571	NA	0.00380549682875264	NA	0.00528541226215645	NA	0.00634249471458774	NA	0.00380549682875264	NA	0.0160676532769556	NA	NA	NA	0.00295983086680761	NA	NA	0.000845665961945032	NA	NA	0.000634249471458774	0.000634249471458774	NA	NA	NA	NA	NA	NA	NA	NA	NA	NA	NA	NA	NA	NA	NA	NA	NA	NA	NA	NA	NA	NA	NA	NA	NA	NA	NA	NA	NA	NA	NA	0.0040169133192389	NA	NA	NA	NA	NA
NW049-5	0.0402973977695167	0.387063197026022	0.0645353159851301	0.00661710037174721	0.173234200743494	NA	0.00944237918215613	0.128624535315985	0.0271375464684015	0.0168029739776952	NA	0.0455018587360595	NA	0.00282527881040892	NA	0.00163568773234201	NA	0.00171003717472119	NA	0.00446096654275093	0.00408921933085502	0.0329368029739777	0.00840148698884758	NA	NA	0.000223048327137546	0.00371747211895911	NA	0.00713754646840149	NA	0.0227509293680297	0.00275092936802974	0.00148698884758364	NA	NA	NA	NA	NA	NA	0.00104089219330855	NA	NA	NA	NA	NA	0.0041635687732342	NA	NA	NA	NA	NA	NA	NA	NA	0.000520446096654275	NA	NA	0.000892193308550186	NA	NA	NA	NA	NA	NA	NA	NA	NA	NA	NA	NA
NW050-1	0.0912599664821492	0.304809303742827	0.0385963130364126	0.370880097506475	0.0286933116652278	0.00142196942765731	0.0882636737595856	NA	0.0193489411406226	NA	NA	0.00142196942765731	NA	0.0134071403179117	NA	0.000507846224163323	NA	0.0066020009141232	NA	0.0150830328576507	0.000914123203493982	0.0104616322177645	0.000507846224163323	NA	NA	0.00111726169315931	0.00401198517089025	NA	0.000406276979330659	NA	0.000964907825910314	0.000558630846579656	0.000507846224163323	NA	NA	NA	NA	NA	NA	NA	NA	0.000253923112081662	NA	NA	NA	NA	NA	NA	NA	NA	NA	NA	NA	NA	NA	NA	NA	NA	NA	NA	NA	NA	NA	NA	NA	NA	NA	NA	NA	NA
NW050-2	0.039844569172886	0.250046259174736	0.0524270647011657	0.441990994880651	0.0319496700178869	0.000431752297539012	0.103620551409363	NA	0.0177018441990995	NA	NA	0.0046875963732807	NA	0.0244865231604268	NA	NA	NA	0.0014186146919139	NA	0.0131992845247641	0.000370073397890582	0.00851168815148338	0.00123357799296861	NA	NA	0.000863504595078024	0.00431752297539012	NA	0.000678467896132733	NA	NA	0.000925183494726454	NA	NA	NA	NA	NA	NA	NA	NA	NA	0.000246715598593721	NA	NA	NA	NA	NA	NA	0.00104854129402331	NA	NA	NA	NA	NA	NA	NA	NA	NA	NA	NA	NA	NA	NA	NA	NA	NA	NA	NA	NA	NA
NW050-3	0.046734516909315	0.126101045137146	0.0390214960522112	0.642919081739765	0.0259230523481356	0.000958422710054311	0.0640317648669618	NA	0.0154716808908767	NA	NA	0.00278398977682443	NA	0.0130984437040756	NA	0.00109534024006207	NA	0.00141481447674684	NA	0.00994934051389713	0.000228195883346264	0.00360549495687098	0.000456391766692529	NA	NA	0.000912783533385058	0.00483775272694081	NA	0.000182556706677012	NA	NA	0.000273835060015517	NA	NA	NA	NA	NA	NA	NA	NA	NA	NA	NA	NA	NA	NA	NA	NA	NA	NA	NA	NA	NA	NA	NA	NA	NA	NA	NA	NA	NA	NA	NA	NA	NA	NA	NA	NA	NA	NA
NW050-4	0.219970193740686	0.196338088141367	0.0400681285927188	0.411794762614435	0.0131573344688099	0.000851607408984458	0.0391739408132851	NA	0.0229082393016819	NA	NA	0.00225675963380881	NA	0.00242708111560571	NA	NA	NA	0.00885671705343836	NA	0.0102192889078135	0.00136257185437513	0.0146050670640835	0.000340642963593783	NA	NA	0.00208643815201192	0.00885671705343836	NA	NA	NA	0.000936768149882904	0.00114967000212902	NA	NA	NA	NA	NA	NA	NA	NA	NA	0.00263998296785182	NA	NA	NA	NA	NA	NA	NA	NA	NA	NA	NA	NA	NA	NA	NA	NA	NA	NA	NA	NA	NA	NA	NA	NA	NA	NA	NA	NA
NW050-5	0.12172726144683	0.30965380320139	0.0495719071845142	0.318836083881375	0.0335029159945403	0.00260578235513091	0.0982131778136245	NA	0.0143938453902469	NA	NA	0.00254373991810398	NA	0.00403275840675022	NA	NA	NA	0.00316416428837325	NA	0.00818960168755429	0.0021094428589155	0.01433180295322	NA	NA	NA	0.000806551681350043	0.00794143193944658	NA	0.000558381933242338	NA	0.00632832857674649	0.000744509244323117	0.000372254622161559	NA	NA	NA	NA	NA	NA	NA	NA	0.000186127311080779	NA	NA	NA	0.000186127311080779	NA	NA	NA	NA	NA	NA	NA	NA	NA	NA	NA	NA	NA	NA	NA	NA	NA	NA	NA	NA	NA	NA	NA	NA
NW051-1	0.242868568381765	0.0358126721763085	0.0643383986492491	0.001821736425842	0.0838887407802364	0.284102017239847	0.0637607749044699	0.012752154980894	0.032791255665156	0.00519861370301253	0.00226606238336444	0.0183062294499245	NA	NA	0.00808673242690838	0.000399893361770195	0.0365680263040967	0.0100861992357594	0.00217719719185995	0.00910868212920999	0.0204834266417844	0.00475428774549009	0.00177730383008975	0.00413223140495868	0.00586510263929619	0.00733137829912024	0.000133297787256732	0.01604016706656	8.88651915044877e-05	NA	NA	0.000311028170265707	0.00444325957522438	0.00137741046831956	0.000266595574513463	0.00288811872389585	0.000222162978761219	NA	NA	NA	NA	NA	NA	0.0043543943837199	0.00319914689416156	0.000710921532035902	0.00373233804318848	0.000533191149026926	NA	NA	0.000222162978761219	0.00195503421309873	NA	NA	NA	0.000222162978761219	NA	NA	NA	NA	0.000399893361770195	NA	NA	NA	NA	NA	0.000222162978761219	NA	NA	NA
NW051-2	0.158459304244505	0.0284837282988976	0.0604990428411116	0.00214535612911743	0.0680242920324774	0.415538979470592	0.0445243910489141	0.0215525777279028	0.0446564129645521	0.00600699716152881	0.00297049310185491	0.0120469998019671	NA	NA	0.00481879992078685	0.00105617532510397	0.0355138953066209	0.00663410126080929	0.00125420819856096	0.00521486566770084	0.0260743283385042	0.0032345369331309	0.00132021915637996	0.0031355204964024	0.00217836160802693	0.00518186018879134	0.000363060268004489	0.016865799722754	NA	NA	NA	0.000396065746913988	0.00504983827315334	NA	0.000594098620370982	0.00237639448148393	NA	NA	NA	NA	0.000594098620370982	NA	NA	0.0032675424120404	0.00151825202983695	0.000462076704732986	0.00283847118621691	0.000363060268004489	NA	NA	0.000660109578189979	0.00270644927057892	NA	NA	NA	NA	0.000363060268004489	NA	NA	NA	0.000165027394547495	NA	NA	NA	NA	NA	0.000429071225823487	0.000462076704732986	NA	NA
NW051-3	0.128919953938031	0.0274765003615329	0.0555153852333896	0.00316006534372406	0.0508824080769128	0.457807771618328	0.0438659918052543	0.0382153664872392	0.0453924640475617	0.00573096596234702	0.00158003267186203	0.0111405693473662	NA	NA	0.00425805414959428	0.00144613159797542	0.0398757398034332	0.00423127393481696	0.000348142792105193	0.00447229586781286	0.0300741811949332	0.00265124126295493	0.00128545030931148	0.00147291181275274	0.00120510966497951	0.0067753943386626	0.000294582362550548	0.00886425109129375	NA	NA	NA	0.000374923006882515	0.00589164725101095	0.000187461503441258	0.000348142792105193	0.00222275782651777	0.000241021932995903	NA	NA	NA	0.000508824080769128	NA	NA	0.00385635092793444	0.000508824080769128	0.000910527302428966	0.00316006534372406	0.000669505369433063	NA	NA	0.00101764816153826	0.00227631825607241	NA	NA	NA	0.00032136257732787	0.00021424171821858	NA	NA	NA	NA	NA	NA	NA	NA	NA	0.000348142792105193	NA	NA	NA
NW051-5	0.216448679791388	0.0396745214755755	0.0543374382218824	0.00147448324823199	0.0675804822106327	0.381044698686618	0.0395653004942249	0.0217076700434153	0.0319198317996887	0.0155912950877864	0.00253938781639953	0.0125331076099719	NA	NA	0.00843732080932747	0.000628020642765475	0.0281790131884335	0.00693553231575786	0.00136526226688147	0.00513338612347432	0.0118777817218688	0.00221172487234798	0.00212980913633509	0.0034404609125413	0.00294896649646397	0.00660786937170631	0.000518799661414958	0.0232913742729978	NA	NA	NA	0.000300357698713923	0.00305818747781449	0.000382273434726811	NA	0.000628020642765475	0.000191136717363406	NA	NA	NA	0.000273052453376294	NA	NA	0.00101029407749229	0.00125604128553095	0.000546104906752587	0.00120143079485569	0.000218441962701035	NA	NA	0.00040957868006444	0.000682631133440734	NA	NA	NA	0.000109220981350517	0.000655325888103105	NA	NA	NA	NA	NA	NA	NA	NA	NA	0.000464189170739699	0.000491494416077328	NA	NA
NW051-6	0.295523737037389	0.0428836457045	0.0492341356673961	0.000951384264104272	0.0711397583483969	0.322162496432309	0.0387213395490439	0.0239035296356198	0.0219294072876035	0.0139853486823328	0.00482827514032918	0.0214061459423461	NA	NA	0.0080391970316811	0.000618399771667777	0.00991818095328703	0.00949005803444011	0.00135572257634859	0.00221196841404243	0.0120112263343164	0.00259252211968414	0.00235467605365807	0.00715916658738465	0.00278279897250499	0.00435258300827704	0.000237846066026068	0.0166254400152221	0.000142707639615641	NA	0.000998953477309485	0.000428122918846922	0.00449529064789268	0.000404338312244315	NA	0.000261630672628675	NA	NA	NA	NA	0.000380553705641709	NA	NA	0.0010465226905147	0.000713538198078204	0.000475692132052136	0.000618399771667777	0.000142707639615641	NA	NA	0.000451907525449529	0.00145086100275901	NA	NA	NA	9.51384264104272e-05	0.000428122918846922	NA	NA	NA	0.000190276852820854	NA	NA	NA	NA	NA	0.000570830558462563	0.000285415279231282	NA	NA
NW052-1	0.199370471552441	0.345409193490913	0.0451953913766481	0.0014847369046205	0.0733460030882528	0.00112840004751158	0.104584867561468	NA	0.0481054757097042	0.102803183275924	NA	0.0014847369046205	NA	0.00973987409431049	NA	0.0108088846656372	5.938947618482e-05	0.00481054757097042	0.00878964247535337	0.00433543176149186	0.00629528447559093	0.00154412638080532	0.00623589499940611	0.00362275804727402	0.00261313695213208	0.0005938947618482	0.0038603159520133	NA	0.00308825276161064	NA	0.00641406342796057	0.00112840004751158	NA	NA	NA	NA	NA	NA	0.000831452666587481	0.00231618957120798	NA	NA	NA	NA	NA	NA	NA	NA	NA	NA	NA	NA	NA	NA	NA	NA	NA	NA	NA	NA	NA	NA	NA	NA	NA	NA	NA	NA	NA	NA
NW052-2	0.114210985178727	0.662380122057541	0.00704736995059576	NA	0.04649811101424	0.000290613193839	0.0307323452484743	NA	0.0156204591688463	0.0332025573961058	NA	0.00486777099680325	NA	NA	NA	0.00566695727986051	0.0036326649229875	0.00399593141528625	0.0202702702702703	0.0018889857599535	0.00414123801220575	0.00356001162452775	0.0027608253414705	0.00712002324905551	0.00356001162452775	0.00326939843068875	0.00595757047369951	NA	0.00682941005521651	NA	0.00857308921825051	0.000799186283057251	NA	NA	NA	NA	NA	NA	NA	0.00312409183376925	NA	NA	NA	NA	NA	NA	NA	NA	NA	NA	NA	NA	NA	NA	NA	NA	NA	NA	NA	NA	NA	NA	NA	NA	NA	NA	NA	NA	NA	NA
NW052-4	0.325375773651636	0.290893015030946	0.00972590627763042	0.0150309460654288	0.133510167992927	NA	0.00884173297966401	NA	0.0309460654288241	0.0751547303271441	NA	NA	NA	NA	NA	0.0627763041556145	NA	NA	NA	NA	NA	NA	0.00972590627763042	NA	NA	NA	0.0229885057471264	NA	NA	NA	0.0150309460654288	NA	NA	NA	NA	NA	NA	NA	NA	NA	NA	NA	NA	NA	NA	NA	NA	NA	NA	NA	NA	NA	NA	NA	NA	NA	NA	NA	NA	NA	NA	NA	NA	NA	NA	NA	NA	NA	NA	NA
NW053-1	0.158946301925025	0.253941236068896	0.0269503546099291	0.297629179331307	0.0452684903748734	0.00490374873353597	0.0378115501519757	0.00137791286727457	0.0235055724417427	0.10289766970618	NA	0.000364741641337386	NA	NA	NA	NA	0.00105369807497467	0.00259371833839919	NA	0.0125227963525836	0.00303951367781155	NA	NA	0.00470111448834853	NA	0.0019047619047619	0.000688956433637285	0.0028774062816616	0.00182370820668693	NA	0.00129685916919959	NA	0.00818642350557244	0.00494427558257346	NA	NA	NA	NA	0.000770010131712259	NA	NA	NA	NA	NA	NA	NA	NA	NA	NA	NA	NA	NA	NA	NA	NA	NA	NA	NA	NA	NA	NA	NA	NA	NA	NA	NA	NA	NA	NA	NA
NW053-2	0.0810604539064069	0.11705161679052	0.0131351677043583	0.392448282787708	0.0339023900381603	0.00365535248041775	0.0181562562763607	0.00309299056035348	0.0200441855794336	0.27961438039767	NA	0.000923880297248443	NA	NA	NA	0.000682868045792328	0.00293231572604941	0.000883711588672424	NA	0.00935930909821249	0.00224944768025708	0.000803374171520386	0.000964049005824463	0.000763205462944366	NA	0.000321349668608154	NA	0.000321349668608154	NA	NA	NA	0.000120506125728058	0.0126531432014461	0.00453906406909018	NA	NA	NA	NA	NA	NA	NA	NA	NA	NA	NA	NA	NA	NA	0.000321349668608154	NA	NA	NA	NA	NA	NA	NA	NA	NA	NA	NA	NA	NA	NA	NA	NA	NA	NA	NA	NA	NA
NW053-3	0.178079416531605	0.0794975688816856	0.0557941653160454	0.464465153970827	0.0245948136142626	0.00235008103727715	0.0275526742301459	NA	0.0148298217179903	0.132293354943274	NA	0.000283630470016207	NA	NA	NA	0.00186385737439222	0.000243111831442464	0.00214748784440843	NA	0.00303889789303079	0.000526742301458671	0.000283630470016207	0.000648298217179903	0.00020259319286872	NA	0.0010129659643436	NA	0.00125607779578606	8.10372771474878e-05	NA	0.000607779578606159	NA	0.00583468395461912	0.00210696920583468	NA	0.000121555915721232	NA	NA	NA	NA	NA	NA	NA	NA	NA	NA	NA	NA	NA	NA	NA	NA	NA	NA	NA	NA	NA	NA	NA	NA	NA	NA	0.000283630470016207	NA	NA	NA	NA	NA	NA	NA
NW053-4	0.19306293521666	0.187089534998845	0.0234645721263325	0.359493086036764	0.0367644632190357	0.0096366456552589	0.0186792515098512	0.00184812382429623	0.00993366555559222	0.12270222104881	NA	0.000726048645259232	NA	NA	NA	0.0129368667700736	0.00118807960133329	0.00194713045774067	NA	0.006963466552259	0.00118807960133329	9.90066334444408e-05	NA	0.000594039800666645	NA	0.000561037589518498	0.000330022111481469	0.00148509950166661	0.00115507739018514	NA	0.00128708623477773	NA	0.0042902874492591	0.00214514372462955	NA	NA	NA	NA	0.000198013266888882	NA	NA	NA	NA	NA	NA	NA	NA	NA	NA	NA	NA	NA	NA	NA	NA	NA	NA	NA	NA	NA	NA	NA	0.000231015478037028	NA	NA	NA	NA	NA	NA	NA
NW053-5	0.356026670519993	0.137522449063848	0.0486757632681708	0.295047788122123	0.0291476580723737	0.0130875461883038	0.0383337117849844	0.00136242594389282	0.00891769708729847	0.0416778481927213	NA	8.25712693268377e-05	NA	NA	NA	0.0121999050430403	0.000433499163965898	0.00247713807980513	NA	0.00142435439588795	0.000619284519951283	6.19284519951283e-05	0.000185785355985385	0.00074314142394154	NA	0.00169271102120017	NA	NA	0.000288999442643932	NA	0.000165142538653675	NA	0.00297256569576616	0.00627541646883967	NA	NA	NA	NA	0.000165142538653675	NA	NA	NA	NA	NA	NA	NA	NA	NA	0.000227070990648804	NA	NA	NA	NA	NA	NA	NA	NA	NA	NA	NA	NA	NA	0.000185785355985385	NA	NA	NA	NA	NA	NA	NA
